Date,Open,High,Low,Close,Adj_Close,SMA50,SMA200,Regime
2022-10-21,15159.599609375,15181.900390625,15036.099609375,15081.099609375,15081.080078125,15124.838984375,14586.592485351563,MIXED
2022-10-24,15225.4501953125,15248.0498046875,15179.150390625,15198.75,15198.73046875,15129.09798828125,14586.563237304688,RISK_ON
2022-10-25,15251.75,15253.75,15143.4501953125,15158.099609375,15158.080078125,15130.35697265625,14585.759985351562,RISK_ON
2022-10-27,15246.5498046875,15273.2998046875,15172.150390625,15244.25,15244.23046875,15132.4309765625,14584.999233398437,RISK_ON
2022-10-28,15265.4501953125,15290.150390625,15191.599609375,15241.599609375,15241.580078125,15131.65296875,14584.756733398437,RISK_ON
2022-10-31,15333.150390625,15433.0498046875,15327.400390625,15424.0,15423.9794921875,15132.55197265625,14585.133984375,RISK_ON
2022-11-01,15507.9501953125,15545.849609375,15460.7001953125,15537.400390625,15537.3798828125,15135.20798828125,14585.343237304687,RISK_ON
2022-11-02,15560.4501953125,15561.099609375,15470.400390625,15497.5498046875,15497.529296875,15140.4259765625,14585.178237304688,RISK_ON
2022-11-03,15407.7998046875,15519.150390625,15401.2998046875,15484.7001953125,15484.6796875,15150.08498046875,14584.262236328124,RISK_ON
2022-11-04,15495.75,15542.150390625,15454.2998046875,15530.849609375,15530.8291015625,15158.89197265625,14583.311235351563,RISK_ON
2022-11-07,15610.9501953125,15647.25,15505.75,15615.150390625,15615.1298828125,15168.38697265625,14582.734985351562,RISK_ON
2022-11-09,15684.4501953125,15686.349609375,15534.849609375,15567.25,15567.2294921875,15177.71896484375,14581.664985351563,RISK_ON
2022-11-10,15490.25,15523.900390625,15384.349609375,15440.0,15439.9794921875,15183.56796875,14580.999487304687,RISK_ON
2022-11-11,15633.5,15662.0498046875,15612.4501953125,15649.099609375,15649.0791015625,15197.0949609375,14581.882485351562,RISK_ON
2022-11-14,15672.5,15684.25,15627.75,15650.2001953125,15650.1796875,15203.59796875,14583.32798828125,RISK_ON
2022-11-15,15678.5,15708.900390625,15609.5,15693.900390625,15693.8798828125,15213.25197265625,14585.893491210938,RISK_ON
2022-11-16,15696.5498046875,15711.2998046875,15607.25,15663.2998046875,15663.279296875,15222.4859765625,14590.649741210938,RISK_ON
2022-11-17,15630.5498046875,15661.099609375,15573.9501953125,15597.25,15597.2294921875,15228.54296875,14594.474990234376,RISK_ON
2022-11-18,15634.2998046875,15644.7998046875,15472.349609375,15550.849609375,15550.8291015625,15233.29896484375,14598.830737304688,RISK_ON
2022-11-21,15514.599609375,15523.150390625,15431.2001953125,15453.7998046875,15453.779296875,15235.986953125,14602.483486328125,RISK_ON
2022-11-22,15472.650390625,15518.099609375,15437.2998046875,15509.2001953125,15509.1796875,15237.356953125,14605.422236328124,RISK_ON
2022-11-23,15572.75,15572.900390625,15520.25,15538.150390625,15538.1298828125,15238.771953125,14607.531987304688,RISK_ON
2022-11-24,15588.4501953125,15706.5,15567.75,15680.7998046875,15680.779296875,15240.83994140625,14609.46923828125,RISK_ON
2022-11-25,15719.7998046875,15743.099609375,15668.349609375,15727.25,15727.2294921875,15241.98794921875,14612.425986328126,RISK_ON
2022-11-28,15683.75,15817.349609375,15642.7998046875,15784.4501953125,15784.4296875,15245.06294921875,14615.920986328125,RISK_ON
2022-11-29,15784.5498046875,15859.349609375,15782.400390625,15812.4501953125,15812.4296875,15249.7049609375,14620.630239257813,RISK_ON
2022-11-30,15827.4501953125,15991.599609375,15820.5498046875,15946.150390625,15946.1298828125,15263.74896484375,14626.0757421875,RISK_ON
2022-12-01,16041.150390625,16041.650390625,15972.75,16003.9501953125,16003.9296875,15277.95697265625,14631.013745117187,RISK_ON
2022-12-02,15977.5,15991.0498046875,15909.599609375,15963.5,15963.4794921875,15287.81998046875,14635.270244140625,RISK_ON
2022-12-05,15994.9501953125,15999.7998046875,15881.7998046875,15967.2001953125,15967.1796875,15299.938984375,14640.64974609375,RISK_ON
2022-12-06,15904.099609375,15936.7001953125,15881.599609375,15922.849609375,15922.8291015625,15311.68998046875,14648.2619921875,RISK_ON
2022-12-07,15932.25,15953.25,15836.0498046875,15862.0,15861.9794921875,15327.77697265625,14653.544243164062,RISK_ON
2022-12-08,15881.7998046875,15918.75,15860.2998046875,15911.099609375,15911.0791015625,15351.4849609375,14659.150239257813,RISK_ON
2022-12-09,15964.849609375,15967.2998046875,15727.349609375,15812.75,15812.7294921875,15373.19396484375,14664.353740234375,RISK_ON
2022-12-12,15759.650390625,15836.849609375,15687.9501953125,15828.0,15827.9794921875,15397.34197265625,14669.940239257812,RISK_ON
2022-12-13,15863.25,15913.7998046875,15830.650390625,15904.5,15904.4794921875,15423.38197265625,14676.477241210938,RISK_ON
2022-12-14,15958.150390625,15988.5498046875,15946.2998046875,15963.7998046875,15963.779296875,15446.0709765625,14683.850991210937,RISK_ON
2022-12-15,15938.0498046875,15968.2001953125,15758.849609375,15783.7998046875,15783.779296875,15468.97697265625,14690.235239257812,RISK_ON
2022-12-16,15710.900390625,15799.349609375,15625.25,15636.349609375,15636.3291015625,15482.38796875,14699.538486328125,RISK_ON
2022-12-19,15658.849609375,15764.0,15606.150390625,15755.2001953125,15755.1796875,15496.4309765625,14707.377485351562,RISK_ON
2022-12-20,15704.0498046875,15740.25,15580.7998046875,15726.2001953125,15726.1796875,15510.2209765625,14714.468735351562,RISK_ON
2022-12-21,15772.9501953125,15812.0498046875,15497.599609375,15527.5498046875,15527.529296875,15521.73896484375,14721.107485351562,RISK_ON
2022-12-22,15599.5498046875,15636.099609375,15369.599609375,15431.5,15431.4794921875,15535.93095703125,14727.585234375,MIXED
2022-12-23,15300.75,15349.349609375,15018.75,15046.0,15045.98046875,15540.251953125,14733.349482421874,MIXED
2022-12-27,15375.2001953125,15433.650390625,15278.599609375,15418.349609375,15418.3291015625,15554.01294921875,14742.61998046875,MIXED
2022-12-28,15390.5498046875,15468.150390625,15363.650390625,15432.7998046875,15432.779296875,15566.366953125,14751.250229492187,MIXED
2022-12-29,15370.0,15517.4501953125,15307.0,15485.2001953125,15485.1796875,15577.94794921875,14758.778232421875,MIXED
2022-12-30,15557.75,15581.9501953125,15425.650390625,15448.849609375,15448.8291015625,15585.7939453125,14765.07748046875,MIXED
2023-01-02,15479.9501953125,15536.349609375,15433.2998046875,15523.650390625,15523.650390625,15594.8949609375,14771.50998046875,MIXED
2023-01-03,15515.75,15575.7001953125,15500.75,15557.7998046875,15557.7998046875,15603.80896484375,14777.425981445313,MIXED
2023-01-04,15563.150390625,15574.5,15375.7998046875,15393.0,15393.0,15610.04697265625,14783.311733398437,MIXED
2023-01-05,15446.5,15462.150390625,15286.400390625,15386.2001953125,15386.2001953125,15613.7959765625,14787.833735351562,MIXED
2023-01-06,15401.349609375,15419.400390625,15219.849609375,15272.0,15272.0,15616.073984375,14790.585234375,MIXED
2023-01-09,15360.400390625,15472.150390625,15353.349609375,15450.099609375,15450.099609375,15620.1909765625,14794.823984375,MIXED
2023-01-10,15470.0,15472.4501953125,15262.099609375,15325.25,15325.25,15621.863984375,14797.829985351562,MIXED
2023-01-11,15342.75,15375.099609375,15257.0,15301.349609375,15301.349609375,15619.4109765625,14800.860981445312,MIXED
2023-01-12,15329.7001953125,15347.2001953125,15203.5498046875,15279.599609375,15279.599609375,15614.2549609375,14803.762231445313,MIXED
2023-01-13,15295.900390625,15370.0498046875,15215.0,15346.099609375,15346.099609375,15611.22595703125,14807.234228515625,MIXED
2023-01-16,15398.150390625,15421.25,15276.5,15305.4501953125,15305.4501953125,15607.64095703125,14810.382231445312,MIXED
2023-01-17,15328.849609375,15411.0,15291.599609375,15396.150390625,15396.150390625,15604.94697265625,14813.553481445313,MIXED
2023-01-18,15416.599609375,15479.650390625,15376.5,15466.349609375,15466.349609375,15601.97095703125,14816.400727539063,MIXED
2023-01-19,15427.150390625,15455.150390625,15387.25,15419.7001953125,15419.7001953125,15599.0199609375,14819.026728515624,MIXED
2023-01-20,15428.2001953125,15443.4501953125,15336.7001953125,15347.900390625,15347.900390625,15597.17796875,14820.329731445312,MIXED
2023-01-23,15411.5,15427.5,15364.25,15403.2001953125,15403.2001953125,15592.25998046875,14820.424731445313,MIXED
2023-01-24,15451.2001953125,15459.2998046875,15364.2001953125,15388.5498046875,15388.5498046875,15587.02697265625,14820.41498046875,MIXED
2023-01-25,15364.400390625,15368.7001953125,15146.400390625,15171.9501953125,15171.9501953125,15576.58796875,14819.635229492187,MIXED
2023-01-27,15160.150390625,15165.400390625,14779.099609375,14874.75,14874.75,15560.81697265625,14818.002729492187,MIXED
2023-01-30,14807.5,14955.150390625,14675.0498046875,14854.2001953125,14854.2001953125,15545.9559765625,14815.561728515626,MIXED
2023-01-31,14906.4501953125,14962.9501953125,14787.849609375,14935.5,14935.5,15533.648984375,14813.611728515625,MIXED
2023-02-01,15054.7998046875,15154.099609375,14622.650390625,14847.650390625,14847.650390625,15521.52599609375,14812.026479492188,MIXED
2023-02-02,14760.349609375,14887.4501953125,14698.400390625,14839.400390625,14839.400390625,15508.13,14810.530732421876,MIXED
2023-02-03,14904.099609375,14972.150390625,14746.4501953125,14962.349609375,14962.349609375,15496.613984375,14810.712231445312,MIXED
2023-02-06,14939.400390625,14954.2998046875,14870.5498046875,14934.150390625,14934.150390625,15481.68099609375,14811.749731445312,MIXED
2023-02-07,14950.150390625,14970.7998046875,14845.9501953125,14902.2001953125,14902.2001953125,15465.18,14812.009233398438,MIXED
2023-02-08,14927.5498046875,15046.7001953125,14924.0498046875,15028.2998046875,15028.2998046875,15450.0569921875,14811.880981445312,MIXED
2023-02-09,15036.849609375,15054.75,14956.900390625,15030.099609375,15030.099609375,15434.40998046875,14812.557231445313,MIXED
2023-02-10,14992.650390625,15031.099609375,14969.5498046875,15015.849609375,15015.849609375,15415.80396484375,14814.271479492187,MIXED
2023-02-13,15011.349609375,15022.5498046875,14875.849609375,14900.5,14900.5,15393.7349609375,14814.282231445313,MIXED
2023-02-14,14936.2001953125,14988.0,14879.349609375,14968.900390625,14968.900390625,15373.84296875,14815.346733398437,MIXED
2023-02-15,14939.0,15053.5498046875,14923.25,15039.650390625,15039.650390625,15355.29197265625,14815.975483398437,MIXED
2023-02-16,15098.4501953125,15135.349609375,15060.0,15083.75,15083.75,15338.50998046875,14817.477485351563,MIXED
2023-02-17,15036.25,15077.0,14966.2998046875,15003.9501953125,15003.9501953125,15321.348984375,14818.815737304687,MIXED
2023-02-20,15023.4501953125,15036.4501953125,14920.7001953125,14938.650390625,14938.650390625,15301.9,14821.542241210938,MIXED
2023-02-21,14982.0,14992.7001953125,14894.150390625,14913.9501953125,14913.9501953125,15283.92400390625,14824.1344921875,MIXED
2023-02-22,14854.150390625,14861.0498046875,14674.25,14701.900390625,14701.900390625,15261.40201171875,14826.915244140626,RISK_OFF
2023-02-23,14715.2001953125,14740.7998046875,14599.099609375,14666.75,14666.75,15236.64701171875,14830.290244140626,RISK_OFF
2023-02-24,14723.400390625,14741.9501953125,14598.9501953125,14630.4501953125,14630.4501953125,15209.98001953125,14834.162744140625,RISK_OFF
2023-02-27,14600.900390625,14609.400390625,14465.7001953125,14548.7001953125,14548.7001953125,15185.27802734375,14838.04724609375,RISK_OFF
2023-02-28,14550.0,14584.4501953125,14476.0,14518.75,14518.75,15162.92603515625,14843.31474609375,RISK_OFF
2023-03-01,14557.0,14675.0498046875,14550.099609375,14664.849609375,14664.849609375,15141.1190234375,14849.281494140625,RISK_OFF
2023-03-02,14654.7998046875,14668.400390625,14575.9501953125,14587.25,14587.25,15118.34001953125,14854.361743164063,RISK_OFF
2023-03-03,14686.25,14813.0498046875,14676.0498046875,14774.75,14774.75,15103.2840234375,14858.605244140625,RISK_OFF
2023-03-06,14848.349609375,14942.0498046875,14843.7001953125,14881.0,14881.0,15092.2740234375,14863.419243164062,MIXED
2023-03-08,14843.099609375,14932.400390625,14791.25,14921.9501953125,14921.9501953125,15089.79302734375,14870.2744921875,MIXED
2023-03-09,14947.0498046875,14952.849609375,14788.900390625,14803.9501953125,14803.9501953125,15077.5050390625,14874.818994140625,RISK_OFF
2023-03-10,14695.0498046875,14699.349609375,14593.400390625,14679.849609375,14679.849609375,15062.44603515625,14879.039243164063,RISK_OFF
2023-03-13,14681.5498046875,14752.849609375,14420.5,14454.4501953125,14454.4501953125,15041.83103515625,14882.575244140626,RISK_OFF
2023-03-14,14462.0,14499.2001953125,14306.7998046875,14358.5498046875,14358.5498046875,15020.0250390625,14886.429243164062,RISK_OFF
2023-03-15,14458.150390625,14494.349609375,14298.150390625,14320.2998046875,14320.2998046875,14995.95802734375,14889.417993164063,RISK_OFF
2023-03-16,14328.5,14387.650390625,14189.0,14330.349609375,14330.349609375,14971.4090234375,14891.703989257812,RISK_OFF
2023-03-17,14436.25,14464.900390625,14327.75,14420.849609375,14420.849609375,14951.966015625,14893.03423828125,RISK_OFF
2023-03-20,14389.849609375,14393.599609375,14196.5,14317.099609375,14317.099609375,14930.58400390625,14894.02173828125,RISK_OFF
2023-03-21,14379.0498046875,14428.150390625,14339.9501953125,14411.2998046875,14411.2998046875,14913.37,14895.663735351562,RISK_OFF
2023-03-22,14470.0498046875,14497.150390625,14432.2001953125,14460.0,14460.0,14893.5680078125,14897.123984375,RISK_OFF
2023-03-23,14422.9501953125,14490.650390625,14388.2998046875,14403.599609375,14403.599609375,14875.135,14898.75248046875,RISK_OFF
2023-03-24,14409.0,14434.099609375,14257.5,14279.0,14279.0,14854.6880078125,14899.876982421874,RISK_OFF
2023-03-27,14306.599609375,14348.9501953125,14238.900390625,14262.7001953125,14262.7001953125,14834.35001953125,14901.512485351563,RISK_OFF
2023-03-28,14289.9501953125,14300.2001953125,14177.5,14211.7998046875,14211.7998046875,14811.6640234375,14903.136982421875,RISK_OFF
2023-03-29,14218.599609375,14377.2998046875,14218.599609375,14345.599609375,14345.599609375,14792.46701171875,14904.979482421875,RISK_OFF
2023-03-31,14442.2998046875,14577.150390625,14438.7998046875,14557.849609375,14557.849609375,14775.70099609375,14908.85998046875,RISK_OFF
2023-04-03,14621.0498046875,14621.0498046875,14541.599609375,14601.9501953125,14601.9501953125,14758.4130078125,14914.785229492187,RISK_OFF
2023-04-05,14620.7001953125,14718.900390625,14611.25,14709.400390625,14709.400390625,14744.20701171875,14921.390732421874,RISK_OFF
2023-04-06,14701.099609375,14786.0,14673.7001953125,14759.2001953125,14759.2001953125,14732.4330078125,14928.282485351563,RISK_OFF
2023-04-10,14797.349609375,14833.4501953125,14767.0,14790.5498046875,14790.5498046875,14720.18,14936.789233398438,RISK_OFF
2023-04-11,14854.650390625,14893.599609375,14814.349609375,14867.25,14867.25,14709.75400390625,14946.151733398438,RISK_OFF
2023-04-12,14902.2001953125,14949.900390625,14871.900390625,14941.5498046875,14941.5498046875,14705.14599609375,14956.105732421875,RISK_OFF
2023-04-13,14946.4501953125,14965.7001953125,14885.25,14954.25,14954.25,14706.73599609375,14964.66748046875,RISK_OFF
2023-04-17,14970.349609375,14970.349609375,14794.4501953125,14904.2998046875,14904.2998046875,14707.73798828125,14973.950229492188,RISK_OFF
2023-04-18,14949.099609375,14949.099609375,14852.650390625,14897.0,14897.0,14706.96798828125,14982.54123046875,RISK_OFF
2023-04-19,14901.25,14905.599609375,14832.900390625,14856.900390625,14856.900390625,14707.15298828125,14990.213232421875,RISK_OFF
2023-04-20,14878.5498046875,14905.7998046875,14835.900390625,14861.75,14861.75,14707.59998046875,14997.299233398437,RISK_OFF
2023-04-21,14879.599609375,14888.650390625,14789.9501953125,14847.099609375,14847.099609375,14705.29498046875,15004.213481445313,RISK_OFF
2023-04-24,14903.9501953125,14937.2001953125,14841.599609375,14930.150390625,14930.150390625,14705.21498046875,15011.774985351563,RISK_OFF
2023-04-25,14945.7998046875,14981.2998046875,14916.349609375,14955.7001953125,14955.7001953125,14706.28498046875,15019.615737304688,RISK_OFF
2023-04-26,14954.2001953125,15003.099609375,14918.5498046875,14994.400390625,14994.400390625,14705.6069921875,15027.61548828125,RISK_OFF
2023-04-27,14999.900390625,15085.849609375,14989.2001953125,15075.0498046875,15075.0498046875,14706.50599609375,15035.627485351562,MIXED
2023-04-28,15111.0498046875,15235.4501953125,15077.4501953125,15219.5498046875,15219.5498046875,14710.58,15044.415986328126,MIXED
2023-05-02,15276.2001953125,15327.75,15261.150390625,15300.75,15300.75,14718.585,15052.763237304687,MIXED
2023-05-03,15277.75,15305.0498046875,15239.5,15276.400390625,15276.400390625,14724.735,15060.317241210938,MIXED
2023-05-04,15282.25,15414.7001953125,15272.7001953125,15405.5,15405.5,14732.0519921875,15068.203491210938,MIXED
2023-05-05,15330.349609375,15394.900390625,15265.849609375,15278.599609375,15278.599609375,14735.948984375,15075.162241210937,MIXED
2023-05-08,15321.900390625,15440.849609375,15310.75,15427.099609375,15427.099609375,14744.41197265625,15083.402739257812,MIXED
2023-05-09,15462.75,15502.7001953125,15393.9501953125,15420.599609375,15420.599609375,14754.05095703125,15091.870986328126,MIXED
2023-05-10,15458.0498046875,15476.099609375,15372.4501953125,15466.0498046875,15466.0498046875,14765.09294921875,15100.687983398437,MIXED
2023-05-11,15512.349609375,15526.75,15461.849609375,15484.0498046875,15484.0498046875,14780.7359375,15109.157231445313,MIXED
2023-05-12,15475.0498046875,15506.150390625,15401.650390625,15477.349609375,15477.349609375,14796.9479296875,15116.621977539062,MIXED
2023-05-15,15495.849609375,15591.9501953125,15464.650390625,15549.7001953125,15549.7001953125,14815.3329296875,15124.1122265625,MIXED
2023-05-16,15584.400390625,15592.25,15476.650390625,15492.400390625,15492.400390625,14834.20693359375,15130.7522265625,MIXED
2023-05-17,15508.25,15512.849609375,15367.0,15426.349609375,15426.349609375,14852.35892578125,15136.524975585937,MIXED
2023-05-18,15506.650390625,15514.900390625,15346.849609375,15361.599609375,15361.599609375,14866.29392578125,15141.649975585937,MIXED
2023-05-19,15399.5,15418.7998046875,15278.7001953125,15407.5498046875,15407.5498046875,14882.699921875,15147.290224609374,MIXED
2023-05-22,15409.0498046875,15517.650390625,15386.900390625,15504.0,15504.0,14897.284921875,15154.102973632813,MIXED
2023-05-23,15551.0498046875,15595.650390625,15528.75,15544.75,15544.75,14910.559921875,15160.513974609376,MIXED
2023-05-24,15517.2001953125,15591.400390625,15493.2998046875,15515.9501953125,15515.9501953125,14922.439921875,15165.748227539063,MIXED
2023-05-25,15510.2001953125,15568.5498046875,15474.150390625,15555.25,15555.25,14937.46591796875,15170.196225585938,MIXED
2023-05-26,15589.5,15704.0,15567.849609375,15696.75,15696.75,14957.80392578125,15174.445727539063,MIXED
2023-05-29,15791.75,15805.75,15758.150390625,15772.349609375,15772.349609375,14984.1619140625,15178.924477539062,MIXED
2023-05-30,15784.25,15823.900390625,15759.349609375,15799.4501953125,15799.4501953125,15012.979921875,15183.531479492187,MIXED
2023-05-31,15773.7998046875,15789.2001953125,15706.5,15766.400390625,15766.400390625,15041.90193359375,15187.90123046875,MIXED
2023-06-01,15801.9501953125,15823.9501953125,15743.400390625,15760.349609375,15760.349609375,15070.50193359375,15192.2009765625,MIXED
2023-06-02,15816.7998046875,15838.4501953125,15774.650390625,15811.2001953125,15811.2001953125,15098.3089453125,15196.290229492188,MIXED
2023-06-05,15877.4501953125,15899.150390625,15851.75,15859.5,15859.5,15129.156953125,15200.65873046875,MIXED
2023-06-06,15873.75,15895.7001953125,15816.7001953125,15878.400390625,15878.400390625,15158.49896484375,15204.57498046875,MIXED
2023-06-07,15938.2998046875,16016.0,15920.25,16006.7001953125,16006.7001953125,15189.43296875,15208.905732421876,MIXED
2023-06-08,16021.7001953125,16048.7998046875,15906.150390625,15921.0498046875,15921.0498046875,15219.78197265625,15212.108481445313,RISK_ON
2023-06-09,15947.9501953125,15961.7001953125,15866.7998046875,15877.400390625,15877.400390625,15251.74998046875,15214.600234375,RISK_ON
2023-06-12,15913.2001953125,15946.150390625,15874.400390625,15929.099609375,15929.099609375,15285.07796875,15217.222734375,RISK_ON
2023-06-13,15964.7998046875,16057.5,15964.2998046875,16048.2001953125,16048.2001953125,15321.8059765625,15221.280483398437,RISK_ON
2023-06-14,16082.150390625,16094.099609375,16035.150390625,16084.0498046875,16084.0498046875,15356.57498046875,15226.691982421875,RISK_ON
2023-06-15,16106.849609375,16138.7001953125,16039.0498046875,16058.25,16058.25,15386.58298828125,15231.530732421876,RISK_ON
2023-06-16,16100.900390625,16211.25,16091.7998046875,16181.4501953125,16181.4501953125,15418.17298828125,15236.735981445312,RISK_ON
2023-06-19,16231.0498046875,16244.9501953125,16117.849609375,16142.150390625,16142.150390625,15446.82798828125,15241.943481445312,RISK_ON
2023-06-20,16147.5498046875,16215.599609375,16080.9501953125,16199.9501953125,16199.9501953125,15475.64298828125,15247.205483398437,RISK_ON
2023-06-21,16244.5498046875,16277.349609375,16201.400390625,16240.9501953125,16240.9501953125,15504.65099609375,15253.546484375,RISK_ON
2023-06-22,16252.75,16264.150390625,16128.7998046875,16140.7998046875,16140.7998046875,15530.1219921875,15257.625234375,RISK_ON
2023-06-23,16126.7001953125,16133.9501953125,15999.400390625,16011.7998046875,16011.7998046875,15551.5269921875,15261.628232421876,RISK_ON
2023-06-26,16017.5,16079.0,15995.099609375,16066.150390625,16066.150390625,15573.765,15265.950986328126,RISK_ON
2023-06-27,16118.650390625,16171.2001953125,16104.2001953125,16163.5,16163.5,15598.94900390625,15270.296484375,RISK_ON
2023-06-28,16239.849609375,16296.0,16210.4501953125,16277.2001953125,16277.2001953125,15626.5530078125,15275.117236328126,RISK_ON
2023-06-30,16354.9501953125,16437.44921875,16326.0,16430.0,16430.0,15658.015,15280.670234375,RISK_ON
2023-07-03,16490.94921875,16541.900390625,16485.30078125,16527.94921875,16527.94921875,15691.338984375,15286.106479492188,RISK_ON
2023-07-04,16597.5,16599.25,16499.150390625,16556.05078125,16556.05078125,15725.5180078125,15291.549731445313,RISK_ON
2023-07-05,16580.19921875,16611.150390625,16540.19921875,16597.19921875,16597.19921875,15758.858984375,15296.648725585937,RISK_ON
2023-07-06,16600.75,16703.30078125,16590.69921875,16695.05078125,16695.05078125,15793.64599609375,15301.774731445312,RISK_ON
2023-07-07,16653.30078125,16718.19921875,16541.599609375,16564.900390625,16564.900390625,15825.05599609375,15306.445732421875,RISK_ON
2023-07-10,16620.900390625,16623.94921875,16530.75,16553.75,16553.75,15854.63,15311.312734375,RISK_ON
2023-07-11,16610.94921875,16698.80078125,16597.55078125,16648.0,16648.0,15883.19900390625,15318.332983398437,RISK_ON
2023-07-12,16697.099609375,16703.25,16627.30078125,16641.05078125,16641.05078125,15910.00501953125,15325.07048828125,RISK_ON
2023-07-13,16726.94921875,16774.5,16596.44921875,16623.900390625,16623.900390625,15936.95501953125,15330.8382421875,RISK_ON
2023-07-14,16695.69921875,16786.0,16655.05078125,16765.44921875,16765.44921875,15964.15400390625,15337.85923828125,RISK_ON
2023-07-17,16811.650390625,16884.94921875,16784.349609375,16872.05078125,16872.05078125,15996.02302734375,15345.542993164063,RISK_ON
2023-07-18,16932.94921875,16940.150390625,16818.30078125,16872.0,16872.0,16024.92103515625,15354.614741210937,RISK_ON
2023-07-19,16919.05078125,16964.25,16877.44921875,16953.5,16953.5,16055.57904296875,15365.753740234375,RISK_ON
2023-07-20,16965.44921875,17051.0,16912.69921875,17042.55078125,17042.55078125,16087.1090625,15377.329995117187,RISK_ON
2023-07-21,16931.94921875,16991.400390625,16874.94921875,16904.30078125,16904.30078125,16115.51408203125,15388.748500976562,RISK_ON
2023-07-24,16921.75,16948.400390625,16852.19921875,16865.150390625,16865.150390625,16143.27009765625,15400.061752929687,RISK_ON
2023-07-25,16918.80078125,16918.849609375,16832.44921875,16896.900390625,16896.900390625,16170.2141015625,15410.399506835938,RISK_ON
2023-07-26,16950.69921875,17011.0,16931.599609375,16975.0,16975.0,16199.86609375,15422.082006835937,RISK_ON
2023-07-27,17038.349609375,17056.19921875,16873.0,16919.19921875,16919.19921875,16229.7230859375,15431.84900390625,RISK_ON
2023-07-28,16935.05078125,16960.5,16880.599609375,16948.349609375,16948.349609375,16261.4580859375,15441.325502929687,RISK_ON
2023-07-31,16972.5,17072.80078125,16939.0,17059.0,17059.0,16294.48708984375,15451.437001953125,RISK_ON
2023-08-01,17096.599609375,17102.099609375,17026.30078125,17051.150390625,17051.150390625,16325.43009765625,15461.934501953125,RISK_ON
2023-08-02,17005.599609375,17018.849609375,16755.900390625,16858.94921875,16858.94921875,16351.71408203125,15472.61974609375,RISK_ON
2023-08-03,16818.349609375,16878.75,16691.650390625,16772.30078125,16772.30078125,16376.84109375,15482.331499023438,RISK_ON
2023-08-04,16847.400390625,16914.44921875,16836.55078125,16890.599609375,16890.599609375,16403.5480859375,15493.132998046874,RISK_ON
2023-08-07,16948.349609375,16970.05078125,16897.5,16956.349609375,16956.349609375,16428.740078125,15503.839248046876,RISK_ON
2023-08-08,16991.849609375,16998.150390625,16889.849609375,16949.25,16949.25,16452.2780859375,15514.05474609375,RISK_ON
2023-08-09,16966.849609375,17011.94921875,16881.75,17003.849609375,17003.849609375,16476.36607421875,15523.791245117187,RISK_ON
2023-08-10,16999.5,17013.44921875,16901.55078125,16939.849609375,16939.849609375,16499.83505859375,15533.147495117188,RISK_ON
2023-08-11,16970.05078125,16972.05078125,16845.80078125,16860.150390625,16860.150390625,16521.83107421875,15541.887749023437,RISK_ON
2023-08-14,16827.75,16854.099609375,16661.0,16825.55078125,16825.55078125,16542.1180859375,15550.610004882812,RISK_ON
2023-08-16,16779.599609375,16867.80078125,16732.75,16853.05078125,16853.05078125,16561.9891015625,15558.881508789062,RISK_ON
2023-08-17,16858.849609375,16869.400390625,16781.599609375,16802.25,16802.25,16580.46609375,15567.102260742187,RISK_ON
2023-08-18,16768.0,16803.25,16722.05078125,16757.69921875,16757.69921875,16595.48607421875,15574.669506835937,RISK_ON
2023-08-21,16780.75,16872.55078125,16766.69921875,16852.05078125,16852.05078125,16614.10609375,15582.721762695313,RISK_ON
2023-08-22,16886.94921875,16925.44921875,16874.80078125,16905.25,16905.25,16634.6630859375,15590.128012695313,RISK_ON
2023-08-23,16950.900390625,16981.849609375,16912.150390625,16950.25,16950.25,16655.08609375,15597.192260742188,RISK_ON
2023-08-24,17039.25,17074.25,16916.400390625,16930.150390625,16930.150390625,16672.72509765625,15604.355263671874,RISK_ON
2023-08-25,16871.0,16905.69921875,16785.25,16820.849609375,16820.849609375,16687.46109375,15611.036010742188,RISK_ON
2023-08-28,16866.400390625,16918.25,16823.400390625,16875.30078125,16875.30078125,16703.802109375,15617.758266601562,RISK_ON
2023-08-29,16933.849609375,16938.80078125,16898.05078125,16927.30078125,16927.30078125,16718.71912109375,15624.319018554688,RISK_ON
2023-08-30,17010.150390625,17035.599609375,16959.099609375,16968.94921875,16968.94921875,16735.25509765625,15631.327514648438,RISK_ON
2023-08-31,17001.349609375,17011.80078125,16904.69921875,16924.30078125,16924.30078125,16749.742109375,15638.749018554687,RISK_ON
2023-09-01,16940.19921875,17088.099609375,16931.5,17074.55078125,17074.55078125,16766.41412109375,15645.876274414062,RISK_ON
2023-09-04,17157.900390625,17191.19921875,17074.55078125,17180.94921875,17180.94921875,16787.217109375,15653.53001953125,RISK_ON
2023-09-05,17228.19921875,17264.900390625,17180.94921875,17252.099609375,17252.099609375,16812.02310546875,15661.321015625,RISK_ON
2023-09-06,17274.19921875,17298.80078125,17198.75,17284.599609375,17284.599609375,16836.39208984375,15669.427514648438,RISK_ON
2023-09-07,17292.349609375,17395.0,17269.099609375,17385.5,17385.5,16860.83208984375,15678.368764648438,RISK_ON
2023-09-08,17437.650390625,17519.599609375,17385.5,17487.44921875,17487.44921875,16885.0370703125,15688.051762695313,RISK_ON
2023-09-11,17567.19921875,17660.80078125,17550.19921875,17653.349609375,17653.349609375,16909.5040625,15699.04951171875,RISK_ON
2023-09-12,17753.94921875,17754.05078125,17422.05078125,17460.55078125,17460.55078125,16928.15609375,15708.806264648438,RISK_ON
2023-09-13,17458.400390625,17540.849609375,17364.349609375,17526.75,17526.75,16947.570078125,15718.749262695312,RISK_ON
2023-09-14,17593.25,17648.55078125,17546.0,17603.5,17603.5,16967.69609375,15728.362763671876,RISK_ON
2023-09-15,17662.80078125,17691.849609375,17620.900390625,17665.80078125,17665.80078125,16987.11109375,15738.055517578125,RISK_ON
2023-09-18,17666.849609375,17671.599609375,17601.55078125,17613.599609375,17613.599609375,17008.085078125,15747.201264648438,RISK_ON
2023-09-20,17513.19921875,17571.150390625,17419.75,17449.349609375,17449.349609375,17025.9970703125,15755.38576171875,RISK_ON
2023-09-21,17409.099609375,17422.75,17273.099609375,17303.5,17303.5,17039.1070703125,15762.172509765625,RISK_ON
2023-09-22,17314.400390625,17361.80078125,17226.05078125,17260.80078125,17260.80078125,17051.5020703125,15768.456762695312,RISK_ON
2023-09-25,17276.349609375,17308.19921875,17198.19921875,17272.55078125,17272.55078125,17064.475078125,15775.002016601562,RISK_ON
2023-09-26,17284.900390625,17312.349609375,17250.30078125,17276.75,17276.75,17074.70109375,15781.549765625,RISK_ON
2023-09-27,17270.400390625,17352.099609375,17217.44921875,17341.599609375,17341.599609375,17084.0920703125,15788.643515625,RISK_ON
2023-09-28,17384.05078125,17389.19921875,17147.0,17170.44921875,17170.44921875,17090.0610546875,15795.18576171875,RISK_ON
2023-09-29,17227.55078125,17357.150390625,17205.19921875,17292.599609375,17292.599609375,17096.843046875,15802.09326171875,RISK_ON
2023-10-03,17294.5,17295.44921875,17201.69921875,17254.400390625,17254.400390625,17101.0800390625,15809.301513671875,RISK_ON
2023-10-04,17195.55078125,17200.69921875,17032.599609375,17123.099609375,17123.099609375,17105.456015625,15815.77701171875,RISK_ON
2023-10-05,17202.25,17234.0,17154.30078125,17195.80078125,17195.80078125,17112.0690234375,15822.233515625,RISK_ON
2023-10-06,17263.349609375,17310.099609375,17237.099609375,17293.599609375,17293.599609375,17120.0030078125,15828.882514648438,RISK_ON
2023-10-09,17170.5,17206.849609375,17096.650390625,17127.69921875,17127.69921875,17123.0569921875,15835.60201171875,RISK_ON
2023-10-10,17184.55078125,17319.30078125,17184.55078125,17303.349609375,17303.349609375,17130.74,15843.93701171875,RISK_ON
2023-10-11,17380.650390625,17447.80078125,17375.5,17407.349609375,17407.349609375,17139.92,15852.197758789063,RISK_ON
2023-10-12,17438.30078125,17457.849609375,17402.44921875,17419.69921875,17419.69921875,17147.133984375,15860.66525390625,RISK_ON
2023-10-13,17323.05078125,17436.5,17306.55078125,17390.349609375,17390.349609375,17153.91796875,15869.979252929688,RISK_ON
2023-10-16,17390.349609375,17431.5,17353.150390625,17393.0,17393.0,17164.598984375,15879.786752929687,RISK_ON
2023-10-17,17490.05078125,17494.5,17437.94921875,17467.69921875,17467.69921875,17178.506953125,15891.895249023437,RISK_ON
2023-10-18,17484.349609375,17492.400390625,17332.30078125,17344.0,17344.0,17187.5749609375,15901.523500976562,RISK_ON
2023-10-19,17251.19921875,17344.599609375,17202.25,17310.5,17310.5,17194.65796875,15910.912001953126,RISK_ON
2023-10-20,17258.30078125,17295.05078125,17190.599609375,17208.75,17208.75,17199.84796875,15919.529750976562,RISK_ON
2023-10-23,17204.75,17224.80078125,16859.849609375,16888.69921875,16888.69921875,17197.5449609375,15926.728999023437,MIXED
2023-10-25,16912.400390625,16967.099609375,16677.150390625,16760.80078125,16760.80078125,17193.963984375,15932.914750976563,MIXED
2023-10-26,16678.69921875,16689.099609375,16466.25,16555.44921875,16555.44921875,17187.8699609375,15937.902998046875,MIXED
2023-10-27,16636.05078125,16793.099609375,16634.599609375,16765.44921875,16765.44921875,17186.6679296875,15944.765244140624,MIXED
2023-10-30,16784.94921875,16837.80078125,16661.94921875,16826.099609375,16826.099609375,17186.12890625,15951.964741210937,MIXED
2023-10-31,16909.69921875,16910.0,16785.55078125,16801.099609375,16801.099609375,17186.1058984375,15959.610239257812,MIXED
2023-11-01,16808.5,16834.099609375,16719.099609375,16732.94921875,16732.94921875,17185.6108984375,15966.024487304687,MIXED
2023-11-02,16849.94921875,16903.75,16823.0,16890.80078125,16890.80078125,17186.3858984375,15973.852241210938,MIXED
2023-11-03,16990.349609375,17027.44921875,16983.05078125,17000.94921875,17000.94921875,17188.2998828125,15982.350239257812,MIXED
2023-11-06,17105.349609375,17168.75,17080.94921875,17159.400390625,17159.400390625,17192.482890625,15991.749243164062,MIXED
2023-11-07,17170.349609375,17200.599609375,17120.75,17187.80078125,17187.80078125,17197.6358984375,16000.957749023437,MIXED
2023-11-08,17242.650390625,17269.25,17215.0,17259.69921875,17259.69921875,17206.412890625,16010.728994140625,RISK_ON
2023-11-09,17284.94921875,17288.599609375,17209.55078125,17218.900390625,17218.900390625,17213.2848828125,16019.842744140626,RISK_ON
2023-11-10,17189.69921875,17274.900390625,17156.849609375,17256.599609375,17256.599609375,17219.870859375,16028.793994140626,RISK_ON
2023-11-13,17335.0,17339.150390625,17278.650390625,17318.599609375,17318.599609375,17226.8638671875,16038.288491210937,RISK_ON
2023-11-15,17493.30078125,17518.900390625,17448.30078125,17508.05078125,17508.05078125,17238.5388671875,16049.089243164062,RISK_ON
2023-11-16,17518.099609375,17668.650390625,17486.5,17593.099609375,17593.099609375,17248.90984375,16060.038740234375,RISK_ON
2023-11-17,17537.44921875,17649.05078125,17528.849609375,17600.5,17600.5,17257.300859375,16071.098491210938,RISK_ON
2023-11-20,17618.55078125,17636.400390625,17556.099609375,17573.650390625,17573.650390625,17263.731875,16083.1069921875,RISK_ON
2023-11-21,17644.5,17665.0,17617.19921875,17627.599609375,17627.599609375,17270.591875,16096.871240234375,RISK_ON
2023-11-22,17637.44921875,17654.599609375,17533.75,17627.69921875,17627.69921875,17275.435859375,16110.738735351562,RISK_ON
2023-11-23,17654.150390625,17693.25,17627.349609375,17639.400390625,17639.400390625,17278.4748828125,16124.258237304688,RISK_ON
2023-11-24,17661.30078125,17684.150390625,17631.75,17643.5,17643.5,17278.277890625,16138.237485351563,RISK_ON
2023-11-28,17701.05078125,17760.0,17665.650390625,17741.80078125,17741.80078125,17283.902890625,16152.749487304687,RISK_ON
2023-11-29,17831.650390625,17911.349609375,17823.44921875,17904.099609375,17904.099609375,17291.4498828125,16167.458237304687,RISK_ON
2023-11-30,17926.900390625,18007.099609375,17845.900390625,17987.94921875,17987.94921875,17299.1388671875,16182.727231445313,RISK_ON
2023-12-01,18061.80078125,18141.650390625,18053.150390625,18115.349609375,18115.349609375,17308.12984375,16198.792978515625,RISK_ON
2023-12-04,18422.349609375,18460.0,18315.44921875,18448.5,18448.5,17324.8278515625,16215.893979492188,RISK_ON
2023-12-05,18541.30078125,18594.900390625,18453.650390625,18588.55078125,18588.55078125,17347.611875,16233.686235351563,RISK_ON
2023-12-06,18677.25,18698.80078125,18594.400390625,18680.0,18680.0,17375.141875,16252.006987304687,RISK_ON
2023-12-07,18696.75,18721.80078125,18619.75,18703.849609375,18703.849609375,17404.0028515625,16271.023735351562,RISK_ON
2023-12-08,18752.25,18785.69921875,18588.150390625,18703.5,18703.5,17432.6218359375,16289.696733398438,RISK_ON
2023-12-11,18726.349609375,18780.44921875,18710.150390625,18770.19921875,18770.19921875,17462.4908203125,16308.349477539063,RISK_ON
2023-12-12,18809.900390625,18819.69921875,18635.349609375,18686.80078125,18686.80078125,17489.39484375,16326.364731445312,RISK_ON
2023-12-13,18723.69921875,18770.44921875,18601.5,18751.44921875,18751.44921875,17521.01484375,16345.1022265625,RISK_ON
2023-12-14,18906.400390625,18996.25,18893.75,18973.849609375,18973.849609375,17554.63984375,16365.27822265625,RISK_ON
2023-12-15,19071.94921875,19165.099609375,19020.55078125,19145.05078125,19145.05078125,17592.4528515625,16386.43372558594,RISK_ON
2023-12-18,19149.150390625,19201.55078125,19073.099609375,19155.55078125,19155.55078125,17633.101875,16408.70197753906,RISK_ON
2023-12-19,19212.55078125,19213.55078125,19067.19921875,19169.25,19169.25,17672.570859375,16431.214477539062,RISK_ON
2023-12-20,19264.400390625,19303.599609375,18727.099609375,18779.44921875,18779.44921875,17702.2878515625,16451.95947265625,RISK_ON
2023-12-21,18647.849609375,18965.80078125,18582.94921875,18941.80078125,18941.80078125,17738.5698828125,16473.92497558594,RISK_ON
2023-12-22,19011.25,19089.94921875,18934.75,19054.69921875,19054.69921875,17773.596875,16496.604721679687,RISK_ON
2023-12-26,19095.0,19173.80078125,19059.400390625,19148.849609375,19148.849609375,17808.426875,16519.02472167969,RISK_ON
2023-12-27,19219.400390625,19312.30078125,19189.80078125,19296.94921875,19296.94921875,17845.971875,16542.57321777344,RISK_ON
2023-12-28,19358.349609375,19414.55078125,19313.099609375,19399.25,19399.25,17886.1498828125,16565.695717773437,RISK_ON
2023-12-29,19394.5,19450.099609375,19338.349609375,19429.150390625,19429.150390625,17926.872890625,16588.436469726563,RISK_ON
2024-01-02,19496.80078125,19499.80078125,19271.650390625,19418.400390625,19418.400390625,17965.8869140625,16610.918720703125,RISK_ON
2024-01-03,19434.30078125,19442.19921875,19343.150390625,19367.150390625,19367.150390625,18006.349921875,16633.734721679688,RISK_ON
2024-01-04,19451.80078125,19560.400390625,19433.5,19541.25,19541.25,18050.964921875,16658.041723632814,RISK_ON
2024-01-05,19602.099609375,19637.099609375,19490.94921875,19590.599609375,19590.599609375,18098.6019140625,16683.722470703124,RISK_ON
2024-01-08,19636.0,19641.849609375,19400.599609375,19417.69921875,19417.69921875,18149.1819140625,16709.01821777344,RISK_ON
2024-01-09,19549.5,19596.05078125,19439.099609375,19459.55078125,19459.55078125,18203.1569140625,16734.71447265625,RISK_ON
2024-01-10,19463.55078125,19532.30078125,19354.099609375,19517.849609375,19517.849609375,18262.404921875,16760.65197265625,RISK_ON
2024-01-11,19589.75,19626.5,19532.30078125,19584.349609375,19584.349609375,18318.7829296875,16786.46947265625,RISK_ON
2024-01-12,19691.25,19775.900390625,19635.75,19745.599609375,19745.599609375,18377.1729296875,16813.61197265625,RISK_ON
2024-01-15,19876.5,19896.900390625,19763.80078125,19885.55078125,19885.55078125,18438.861953125,16840.98322753906,RISK_ON
2024-01-16,19894.30078125,19923.30078125,19736.19921875,19827.55078125,19827.55078125,18500.753984375,16867.82098144531,RISK_ON
2024-01-17,19556.400390625,19707.69921875,19470.05078125,19487.599609375,19487.599609375,18552.6899609375,16893.240981445313,RISK_ON
2024-01-18,19388.400390625,19468.650390625,19143.5,19414.80078125,19414.80078125,18600.9669921875,16918.919985351564,RISK_ON
2024-01-19,19555.94921875,19618.94921875,19537.150390625,19606.400390625,19606.400390625,18649.9069921875,16945.638486328124,RISK_ON
2024-01-23,19743.5,19752.349609375,19158.75,19206.44921875,19206.44921875,18690.2799609375,16970.611733398437,RISK_ON
2024-01-24,19193.150390625,19470.650390625,19080.5,19451.0,19451.0,18734.1059765625,16996.138735351564,RISK_ON
2024-01-25,19479.650390625,19480.05078125,19289.80078125,19393.0,19393.0,18777.58796875,17020.314487304688,RISK_ON
2024-01-29,19475.400390625,19728.900390625,19470.05078125,19711.650390625,19711.650390625,18826.688984375,17045.86298828125,RISK_ON
2024-01-30,19770.25,19799.25,19558.80078125,19574.19921875,19574.19921875,18871.8009765625,17070.186982421874,RISK_ON
2024-01-31,19574.150390625,19813.30078125,19546.400390625,19802.099609375,19802.099609375,18917.681953125,17095.401479492186,RISK_ON
2024-02-01,19869.94921875,19871.25,19703.75,19777.349609375,19777.349609375,18961.366953125,17120.335478515626,RISK_ON
2024-02-02,19884.650390625,20101.150390625,19874.80078125,19910.80078125,19910.80078125,19007.57296875,17145.553232421877,RISK_ON
2024-02-05,19989.650390625,20044.0,19805.75,19853.5,19853.5,19053.1699609375,17170.112983398438,RISK_ON
2024-02-06,19923.19921875,20044.44921875,19824.849609375,20033.75,20033.75,19101.29296875,17195.510483398437,RISK_ON
2024-02-07,20157.19921875,20169.900390625,20011.44921875,20109.55078125,20109.55078125,19150.93,17221.53673828125,RISK_ON
2024-02-08,20207.55078125,20209.05078125,19949.349609375,19987.55078125,19987.55078125,19197.8930078125,17246.9894921875,RISK_ON
2024-02-09,20015.0,20040.650390625,19745.44921875,19961.5,19961.5,19244.2530078125,17272.512490234374,RISK_ON
2024-02-12,19999.94921875,20015.0,19634.599609375,19675.19921875,19675.19921875,19282.9209765625,17296.579736328124,RISK_ON
2024-02-13,19709.80078125,19796.05078125,19508.75,19782.900390625,19782.900390625,19320.4969921875,17321.258740234374,RISK_ON
2024-02-14,19618.099609375,19943.75,19579.19921875,19922.30078125,19922.30078125,19359.1840234375,17346.2194921875,RISK_ON
2024-02-15,20011.69921875,20065.75,19952.0,20037.0,20037.0,19397.61703125,17371.625991210938,RISK_ON
2024-02-16,20136.849609375,20191.44921875,20098.099609375,20164.900390625,20164.900390625,19431.9450390625,17397.47849121094,RISK_ON
2024-02-20,20242.650390625,20285.80078125,20190.69921875,20271.900390625,20271.900390625,19465.61203125,17423.462744140626,RISK_ON
2024-02-21,20329.099609375,20342.30078125,20077.80078125,20128.30078125,20128.30078125,19494.578046875,17448.00649902344,RISK_ON
2024-02-22,20179.25,20308.900390625,20004.099609375,20283.94921875,20283.94921875,19526.1800390625,17472.92249511719,RISK_ON
2024-02-23,20358.69921875,20365.650390625,20280.150390625,20313.5,20313.5,19558.3800390625,17498.107993164063,RISK_ON
2024-02-26,20299.5,20335.75,20210.349609375,20255.80078125,20255.80078125,19588.0920703125,17522.359497070312,RISK_ON
2024-02-27,20249.25,20329.099609375,20234.94921875,20292.849609375,20292.849609375,19620.213046875,17547.430747070313,RISK_ON
2024-02-28,20323.5,20335.650390625,19987.349609375,20020.400390625,20020.400390625,19645.5920703125,17570.397250976563,RISK_ON
2024-02-29,20009.25,20160.05078125,19901.30078125,20090.05078125,20090.05078125,19667.91609375,17593.744506835938,RISK_ON
2024-03-01,20171.900390625,20360.19921875,20171.0,20349.80078125,20349.80078125,19692.01109375,17618.16326171875,RISK_ON
2024-03-04,20456.75,20482.599609375,20383.150390625,20432.05078125,20432.05078125,19717.54109375,17642.903266601563,RISK_ON
2024-03-05,20422.30078125,20440.400390625,20328.0,20382.0,20382.0,19741.79609375,17667.426518554686,RISK_ON
2024-03-06,20368.75,20396.75,20139.349609375,20379.55078125,20379.55078125,19773.798125,17691.575771484375,RISK_ON
2024-03-07,20413.650390625,20471.349609375,20384.5,20434.80078125,20434.80078125,19803.658125,17716.2877734375,RISK_ON
2024-03-11,20478.75,20483.25,20264.30078125,20288.75,20288.75,19828.339140625,17740.599775390627,RISK_ON
2024-03-12,20299.80078125,20326.25,20135.30078125,20171.400390625,20171.400390625,19848.79015625,17764.648779296876,RISK_ON
2024-03-13,20236.80078125,20247.900390625,19549.5,19646.30078125,19646.30078125,19855.7771875,17785.842534179686,MIXED
2024-03-14,19598.400390625,19933.900390625,19514.69921875,19916.349609375,19916.349609375,19866.1191796875,17807.904282226562,RISK_ON
2024-03-15,19867.75,19942.400390625,19671.150390625,19825.19921875,19825.19921875,19874.04015625,17829.306528320314,MIXED
2024-03-18,19804.30078125,19894.44921875,19709.19921875,19843.099609375,19843.099609375,19882.534140625,17850.942275390626,MIXED
2024-03-19,19785.80078125,19798.94921875,19594.099609375,19610.55078125,19610.55078125,19887.4021484375,17871.218779296876,MIXED
2024-03-20,19651.69921875,19697.44921875,19465.849609375,19632.05078125,19632.05078125,19889.2181640625,17890.895283203125,MIXED
2024-03-21,19790.849609375,19916.44921875,19790.849609375,19897.400390625,19897.400390625,19895.3541796875,17911.520537109376,RISK_ON
2024-03-22,19855.0,20048.599609375,19806.69921875,19994.599609375,19994.599609375,19906.8921875,17932.496284179688,RISK_ON
2024-03-26,19895.55078125,20044.5,19895.30078125,20005.25,20005.25,19917.806171875,17953.690532226563,RISK_ON
2024-03-27,20063.0,20174.400390625,20063.0,20087.80078125,20087.80078125,19929.2051953125,17975.32778808594,RISK_ON
2024-03-28,20150.349609375,20380.5,20146.150390625,20255.150390625,20255.150390625,19942.6212109375,17997.5475390625,RISK_ON
2024-04-01,20392.25,20504.5,20387.05078125,20492.55078125,20492.55078125,19957.560234375,18020.71279296875,RISK_ON
2024-04-02,20524.150390625,20579.25,20481.849609375,20569.75,20569.75,19971.24421875,18044.169541015624,RISK_ON
2024-04-03,20528.19921875,20657.900390625,20496.55078125,20605.69921875,20605.69921875,19986.8071875,18067.164536132812,RISK_ON
2024-04-04,20755.349609375,20772.400390625,20537.5,20664.650390625,20664.650390625,20010.348203125,18090.8825390625,RISK_ON
2024-04-05,20654.75,20730.150390625,20609.900390625,20715.099609375,20715.099609375,20036.3541796875,18115.07103515625,RISK_ON
2024-04-08,20806.849609375,20866.099609375,20768.5,20819.099609375,20819.099609375,20060.6081640625,18139.52103515625,RISK_ON
2024-04-09,20912.75,20912.75,20741.5,20790.69921875,20790.69921875,20092.2931640625,18163.23353027344,RISK_ON
2024-04-10,20864.55078125,20933.849609375,20822.849609375,20915.19921875,20915.19921875,20121.5771484375,18187.38927734375,RISK_ON
2024-04-12,20873.19921875,20931.400390625,20735.150390625,20745.5,20745.5,20148.6271484375,18210.82552734375,RISK_ON
2024-04-15,20493.30078125,20623.80078125,20362.30078125,20478.75,20478.75,20163.969140625,18232.312026367188,RISK_ON
2024-04-16,20361.25,20495.19921875,20326.25,20423.0,20423.0,20180.94515625,18253.716274414062,RISK_ON
2024-04-18,20515.150390625,20617.099609375,20291.150390625,20324.69921875,20324.69921875,20191.3971484375,18274.34001953125,RISK_ON
2024-04-19,20178.25,20428.400390625,20038.349609375,20385.19921875,20385.19921875,20203.554140625,18295.061264648437,RISK_ON
2024-04-22,20566.19921875,20604.099609375,20468.099609375,20574.849609375,20574.849609375,20216.8351171875,18317.231513671875,RISK_ON
2024-04-23,20687.900390625,20689.75,20621.55078125,20652.650390625,20652.650390625,20232.818125,18340.435766601564,RISK_ON
2024-04-24,20723.19921875,20772.55078125,20710.19921875,20730.650390625,20730.650390625,20246.7561328125,18363.758266601562,RISK_ON
2024-04-25,20690.849609375,20894.0,20686.69921875,20867.900390625,20867.900390625,20261.923125,18387.28026855469,RISK_ON
2024-04-26,20926.400390625,20941.099609375,20814.5,20839.349609375,20839.349609375,20278.9591015625,18410.091015625,RISK_ON
2024-04-29,20911.099609375,21002.099609375,20847.849609375,20992.19921875,20992.19921875,20299.5730859375,18432.90201171875,RISK_ON
2024-04-30,21052.349609375,21146.5,20971.849609375,20997.19921875,20997.19921875,20326.0130859375,18455.24826171875,RISK_ON
2024-05-02,21010.44921875,21126.099609375,21009.349609375,21083.599609375,21083.599609375,20352.0270703125,18477.886005859375,RISK_ON
2024-05-03,21193.44921875,21208.69921875,20830.650390625,20959.55078125,20959.55078125,20372.7720703125,18499.697763671877,RISK_ON
2024-05-06,21044.099609375,21048.94921875,20805.05078125,20864.94921875,20864.94921875,20389.3310546875,18520.547255859376,RISK_ON
2024-05-07,20911.349609375,20914.900390625,20548.80078125,20636.05078125,20636.05078125,20398.7540625,18540.9030078125,RISK_ON
2024-05-08,20586.80078125,20768.75,20516.25,20704.900390625,20704.900390625,20407.4140625,18561.658759765625,RISK_ON
2024-05-09,20681.099609375,20736.25,20318.900390625,20344.80078125,20344.80078125,20411.7440625,18580.142763671876,MIXED
2024-05-10,20398.0,20482.05078125,20299.099609375,20469.099609375,20469.099609375,20415.4470703125,18599.2830078125,RISK_ON
2024-05-13,20471.650390625,20540.25,20184.099609375,20511.0,20511.0,20419.3970703125,18618.718505859375,RISK_ON
2024-05-14,20544.349609375,20709.75,20508.0,20683.80078125,20683.80078125,20427.9570703125,18638.310263671876,RISK_ON
2024-05-15,20744.5,20811.25,20681.900390625,20741.849609375,20741.849609375,20436.9370703125,18657.6592578125,RISK_ON
2024-05-16,20846.849609375,20950.55078125,20667.80078125,20929.05078125,20929.05078125,20455.110078125,18677.94451171875,RISK_ON
2024-05-17,20967.400390625,21078.650390625,20934.44921875,21064.55078125,21064.55078125,20474.600078125,18698.499765625,RISK_ON
2024-05-21,21114.650390625,21224.69921875,21068.849609375,21187.650390625,21187.650390625,20491.3570703125,18719.225263671877,RISK_ON
2024-05-22,21255.19921875,21261.75,21103.19921875,21237.75,21237.75,20507.4710546875,18740.892509765625,RISK_ON
2024-05-23,21280.05078125,21505.25,21249.150390625,21489.55078125,21489.55078125,20529.6220703125,18764.01451171875,RISK_ON
2024-05-24,21483.0,21567.44921875,21444.94921875,21483.75,21483.75,20551.7060546875,18786.948759765626,RISK_ON
2024-05-27,21573.80078125,21613.599609375,21439.150390625,21493.0,21493.0,20572.8700390625,18809.538759765626,RISK_ON
2024-05-28,21542.5,21558.150390625,21345.349609375,21387.349609375,21387.349609375,20594.84203125,18831.87951171875,RISK_ON
2024-05-29,21288.349609375,21356.150390625,21243.19921875,21256.30078125,21256.30078125,20616.5400390625,18853.419267578123,RISK_ON
2024-05-30,21201.80078125,21262.849609375,20983.94921875,21038.55078125,21038.55078125,20644.3850390625,18873.317021484374,RISK_ON
2024-05-31,21129.349609375,21177.25,21003.0,21103.30078125,21103.30078125,20668.1240625,18893.5777734375,RISK_ON
2024-06-03,21926.599609375,21926.599609375,21629.30078125,21797.400390625,21797.400390625,20707.5680859375,18918.270029296877,RISK_ON
2024-06-04,21753.349609375,21753.349609375,19624.25,20323.849609375,20323.849609375,20717.1830859375,18936.0277734375,MIXED
2024-06-05,20570.75,21092.150390625,20116.599609375,21054.400390625,21054.400390625,20746.060078125,18956.84677734375,RISK_ON
2024-06-06,21253.69921875,21462.80078125,21193.19921875,21365.0,21365.0,20780.7190625,18978.890029296876,RISK_ON
2024-06-07,21390.19921875,21781.349609375,21333.5,21764.150390625,21764.150390625,20818.0540625,19002.96453125,RISK_ON
2024-06-10,21844.30078125,21930.5,21758.30078125,21808.25,21808.25,20854.3270703125,19026.986533203126,RISK_ON
2024-06-11,21856.349609375,21961.44921875,21782.349609375,21852.0,21852.0,20891.2620703125,19051.54728515625,RISK_ON
2024-06-12,21935.19921875,22023.900390625,21904.69921875,21960.94921875,21960.94921875,20928.7250390625,19077.051279296877,RISK_ON
2024-06-13,22120.75,22120.80078125,21992.150390625,22074.30078125,22074.30078125,20965.108046875,19103.295029296874,RISK_ON
2024-06-14,22148.25,22229.400390625,22054.150390625,22214.30078125,22214.30078125,20999.543046875,19130.101279296876,RISK_ON
2024-06-18,22323.55078125,22338.150390625,22253.349609375,22329.599609375,22329.599609375,21034.7400390625,19157.73802734375,RISK_ON
2024-06-19,22406.30078125,22406.30078125,22127.25,22224.900390625,22224.900390625,21067.1240625,19185.074033203124,RISK_ON
2024-06-20,22293.55078125,22333.599609375,22182.19921875,22305.099609375,22305.099609375,21099.933046875,19212.33927734375,RISK_ON
2024-06-21,22392.599609375,22393.30078125,22186.19921875,22236.19921875,22236.19921875,21130.3550390625,19238.9940234375,RISK_ON
2024-06-24,22150.650390625,22309.099609375,22073.650390625,22289.099609375,22289.099609375,21159.7550390625,19265.688271484374,RISK_ON
2024-06-25,22349.75,22391.75,22287.099609375,22370.650390625,22370.650390625,21191.3540625,19292.890771484374,RISK_ON
2024-06-26,22379.5,22464.849609375,22309.5,22436.80078125,22436.80078125,21221.78609375,19320.97052734375,RISK_ON
2024-06-27,22459.900390625,22571.650390625,22395.900390625,22537.400390625,22537.400390625,21257.6241015625,19349.281025390625,RISK_ON
2024-06-28,22592.25,22673.650390625,22537.69921875,22559.69921875,22559.69921875,21299.2430859375,19377.443017578124,RISK_ON
2024-07-01,22580.400390625,22739.69921875,22570.400390625,22727.599609375,22727.599609375,21345.335078125,19406.23626953125,RISK_ON
2024-07-02,22806.30078125,22810.650390625,22592.19921875,22677.80078125,22677.80078125,21392.397109375,19435.00376953125,RISK_ON
2024-07-03,22820.55078125,22871.650390625,22764.099609375,22851.19921875,22851.19921875,21441.717109375,19463.88701171875,RISK_ON
2024-07-04,22937.599609375,22962.80078125,22866.69921875,22914.19921875,22914.19921875,21488.5041015625,19492.55326171875,RISK_ON
2024-07-05,22878.5,23011.80078125,22838.19921875,22987.650390625,22987.650390625,21535.2041015625,19521.231015625,RISK_ON
2024-07-08,23029.349609375,23040.75,22897.94921875,22971.150390625,22971.150390625,21580.0141015625,19549.66376953125,RISK_ON
2024-07-09,23035.05078125,23082.349609375,22974.94921875,23067.349609375,23067.349609375,21624.0030859375,19578.073017578125,RISK_ON
2024-07-10,23124.150390625,23125.30078125,22685.650390625,22977.650390625,22977.650390625,21666.7691015625,19605.5240234375,RISK_ON
2024-07-11,23059.94921875,23063.099609375,22904.30078125,23005.25,23005.25,21707.0301171875,19632.283525390623,RISK_ON
2024-07-12,23086.25,23189.400390625,23021.400390625,23095.44921875,23095.44921875,21748.9951171875,19660.458017578127,RISK_ON
2024-07-15,23188.80078125,23234.30078125,23081.30078125,23209.849609375,23209.849609375,21791.5201171875,19688.873515625,RISK_ON
2024-07-16,23258.19921875,23288.05078125,23181.349609375,23204.25,23204.25,21836.4141015625,19716.877265625,RISK_ON
2024-07-18,23167.650390625,23233.849609375,22993.55078125,23210.05078125,23210.05078125,21883.3161328125,19744.598515625,RISK_ON
2024-07-19,23232.5,23232.5,22833.0,22853.599609375,22853.599609375,21927.667109375,19770.798515625,RISK_ON
2024-07-22,22761.5,23001.05078125,22667.75,22942.650390625,22942.650390625,21972.422109375,19798.26501953125,RISK_ON
2024-07-23,23022.80078125,23031.94921875,22307.19921875,22865.19921875,22865.19921875,22022.830078125,19826.073515625,RISK_ON
2024-07-24,22856.849609375,22965.44921875,22816.75,22921.44921875,22921.44921875,22071.8770703125,19854.3767578125,RISK_ON
2024-07-25,22753.19921875,22938.650390625,22732.19921875,22917.25,22917.25,22120.0020703125,19882.60025390625,RISK_ON
2024-07-26,22970.400390625,23306.75,22965.5,23292.05078125,23292.05078125,22172.1670703125,19912.6767578125,RISK_ON
2024-07-29,23423.150390625,23496.400390625,23326.05078125,23394.19921875,23394.19921875,22225.2140625,19942.939755859374,RISK_ON
2024-07-30,23421.19921875,23530.0,23381.349609375,23440.900390625,23440.900390625,22275.4510546875,19974.29201171875,RISK_ON
2024-07-31,23495.849609375,23556.0,23459.599609375,23530.80078125,23530.80078125,22324.7760546875,20005.483017578124,RISK_ON
2024-08-01,23608.849609375,23637.75,23429.55078125,23506.599609375,23506.599609375,22371.1550390625,20036.744013671876,RISK_ON
2024-08-02,23296.099609375,23395.099609375,23225.650390625,23259.44921875,23259.44921875,22411.5890234375,20067.42576171875,RISK_ON
2024-08-05,22772.55078125,22868.349609375,22397.69921875,22542.44921875,22542.44921875,22432.6469921875,20094.15900390625,RISK_ON
2024-08-06,22696.94921875,22910.75,22406.05078125,22443.30078125,22443.30078125,22451.8380078125,20119.907509765624,MIXED
2024-08-07,22773.44921875,22870.849609375,22650.80078125,22848.900390625,22848.900390625,22478.956015625,20148.513515625,RISK_ON
2024-08-08,22842.0,22905.599609375,22676.0,22705.69921875,22705.69921875,22505.3230078125,20175.525263671876,RISK_ON
2024-08-09,22948.150390625,22982.44921875,22869.400390625,22923.5,22923.5,22538.6669921875,20203.106015625,RISK_ON
2024-08-12,22862.900390625,22993.25,22753.75,22915.849609375,22915.849609375,22576.21296875,20230.586767578126,RISK_ON
2024-08-13,22952.69921875,22962.75,22684.44921875,22705.80078125,22705.80078125,22608.26296875,20257.1640234375,RISK_ON
2024-08-14,22765.650390625,22778.94921875,22599.94921875,22672.650390625,22672.650390625,22625.76796875,20283.562275390625,RISK_ON
2024-08-16,22846.099609375,23071.75,22750.30078125,23056.5,23056.5,22680.4209765625,20311.506279296875,RISK_ON
2024-08-19,23174.19921875,23195.599609375,23104.099609375,23139.75,23139.75,22722.12796875,20340.485029296877,RISK_ON
2024-08-20,23223.599609375,23292.69921875,23175.400390625,23280.349609375,23280.349609375,22760.4349609375,20370.33427734375,RISK_ON
2024-08-21,23283.75,23383.19921875,23256.25,23368.650390625,23368.650390625,22792.5249609375,20401.133779296873,RISK_ON
2024-08-22,23467.150390625,23474.849609375,23408.94921875,23440.69921875,23440.69921875,22825.1739453125,20433.893779296875,RISK_ON
2024-08-23,23485.30078125,23496.849609375,23401.0,23418.650390625,23418.650390625,22856.506953125,20467.18302734375,RISK_ON
2024-08-26,23514.30078125,23579.75,23466.75,23561.75,23561.75,22888.52296875,20502.21453125,RISK_ON
2024-08-27,23592.0,23633.19921875,23555.55078125,23604.849609375,23604.849609375,22919.1339453125,20536.411533203125,RISK_ON
2024-08-28,23646.80078125,23679.349609375,23547.25,23615.94921875,23615.94921875,22947.1669140625,20570.36078125,RISK_ON
2024-08-29,23618.25,23664.349609375,23494.44921875,23631.400390625,23631.400390625,22973.2029296875,20604.51228515625,RISK_ON
2024-08-30,23728.55078125,23766.400390625,23673.94921875,23734.55078125,23734.55078125,23003.3959375,20639.52029296875,RISK_ON
2024-09-02,23835.19921875,23835.19921875,23693.650390625,23760.69921875,23760.69921875,23032.5079296875,20673.86978515625,RISK_ON
2024-09-03,23817.0,23817.55078125,23771.19921875,23788.44921875,23788.44921875,23063.5529296875,20707.80728515625,RISK_ON
2024-09-04,23611.80078125,23761.400390625,23605.349609375,23748.900390625,23748.900390625,23092.7489453125,20740.75478515625,RISK_ON
2024-09-05,23821.0,23836.349609375,23749.05078125,23762.80078125,23762.80078125,23120.591953125,20773.62978515625,RISK_ON
2024-09-06,23746.0,23794.349609375,23434.900390625,23477.69921875,23477.69921875,23141.409921875,20804.71978515625,RISK_ON
2024-09-09,23452.849609375,23526.55078125,23294.44921875,23502.150390625,23502.150390625,23160.704921875,20836.13603515625,RISK_ON
2024-09-10,23591.849609375,23712.94921875,23531.650390625,23643.650390625,23643.650390625,23182.3839453125,20868.0712890625,RISK_ON
2024-09-11,23665.099609375,23723.05078125,23498.150390625,23531.25,23531.25,23198.456953125,20899.134541015625,RISK_ON
2024-09-12,23680.0,23934.599609375,23593.599609375,23907.349609375,23907.349609375,23223.0479296875,20931.13103515625,RISK_ON
2024-09-13,23966.5,23966.55078125,23885.19921875,23928.19921875,23928.19921875,23244.5879296875,20962.806533203126,RISK_ON
2024-09-16,24006.150390625,24026.0,23917.5,23968.19921875,23968.19921875,23265.6679296875,20994.645029296877,RISK_ON
2024-09-17,24008.25,24008.25,23912.55078125,23969.900390625,23969.900390625,23285.3129296875,21026.626279296874,RISK_ON
2024-09-18,23972.55078125,24000.30078125,23800.849609375,23898.650390625,23898.650390625,23303.8629296875,21057.981533203125,RISK_ON
2024-09-19,24012.30078125,24078.0,23702.0,23853.94921875,23853.94921875,23319.594921875,21089.112783203123,RISK_ON
2024-09-20,23956.55078125,24243.150390625,23885.0,24193.80078125,24193.80078125,23343.9179296875,21121.88478515625,RISK_ON
2024-09-23,24294.80078125,24393.69921875,24262.30078125,24379.19921875,24379.19921875,23371.3969140625,21155.56328125,RISK_ON
2024-09-24,24390.05078125,24429.0,24353.75,24389.69921875,24389.69921875,23397.2819140625,21188.8027734375,RISK_ON
2024-09-25,24377.25,24394.349609375,24268.5,24371.25,24371.25,23420.509921875,21221.138525390626,RISK_ON
2024-09-26,24399.150390625,24512.650390625,24338.400390625,24496.900390625,24496.900390625,23446.3629296875,21253.68328125,RISK_ON
2024-09-27,24529.55078125,24573.400390625,24469.0,24489.55078125,24489.55078125,23471.9529296875,21285.554287109375,RISK_ON
2024-09-30,24410.0,24456.099609375,24217.400390625,24245.19921875,24245.19921875,23499.784921875,21314.537783203126,RISK_ON
2024-10-01,24248.5,24329.44921875,24191.05078125,24271.30078125,24271.30078125,23526.3579296875,21342.951533203126,RISK_ON
2024-10-03,23931.849609375,24122.0,23713.0,23755.44921875,23755.44921875,23544.1629296875,21368.328779296877,RISK_ON
2024-10-04,23704.94921875,23920.30078125,23483.400390625,23534.94921875,23534.94921875,23556.4329296875,21392.48427734375,MIXED
2024-10-07,23616.349609375,23659.650390625,23089.5,23181.94921875,23181.94921875,23561.7269140625,21414.8765234375,MIXED
2024-10-08,23175.19921875,23544.80078125,23106.5,23512.55078125,23512.55078125,23566.1369140625,21438.58828125,MIXED
2024-10-09,23600.099609375,23797.44921875,23570.69921875,23599.599609375,23599.599609375,23570.244921875,21463.152275390625,RISK_ON
2024-10-10,23695.55078125,23755.5,23580.599609375,23598.150390625,23598.150390625,23573.389921875,21487.38578125,RISK_ON
2024-10-11,23608.30078125,23654.0,23546.30078125,23611.25,23611.25,23574.99890625,21510.572783203126,RISK_ON
2024-10-14,23670.5,23740.19921875,23646.099609375,23727.05078125,23727.05078125,23579.4079296875,21533.482783203126,RISK_ON
2024-10-15,23800.400390625,23814.94921875,23662.30078125,23735.69921875,23735.69921875,23588.9329296875,21556.383525390625,RISK_ON
2024-10-16,23702.849609375,23768.150390625,23588.80078125,23673.150390625,23673.150390625,23611.546953125,21578.90302734375,RISK_ON
2024-10-17,23717.30078125,23720.150390625,23366.0,23377.0,23377.0,23630.2209375,21601.89078125,MIXED
2024-10-18,23285.650390625,23471.19921875,23120.94921875,23440.69921875,23440.69921875,23642.0569140625,21624.3852734375,MIXED
2024-10-21,23527.599609375,23559.05078125,23224.55078125,23263.25,23263.25,23653.2079296875,21645.42802734375,MIXED
2024-10-22,23277.099609375,23306.19921875,22789.69921875,22814.44921875,22814.44921875,23651.0269140625,21663.756025390627,MIXED
2024-10-23,22751.80078125,22989.05078125,22673.30078125,22841.099609375,22841.099609375,23649.5319140625,21681.47677734375,MIXED
2024-10-24,22841.849609375,22893.19921875,22747.55078125,22787.849609375,22787.849609375,23651.172890625,21698.419775390626,MIXED
2024-10-25,22819.80078125,22839.19921875,22362.80078125,22499.05078125,22499.05078125,23647.7008984375,21713.76927734375,MIXED
2024-10-28,22548.69921875,22756.05078125,22407.0,22649.94921875,22649.94921875,23639.5698828125,21729.927021484375,MIXED
2024-10-29,22670.80078125,22808.80078125,22450.0,22795.05078125,22795.05078125,23632.6758984375,21747.0665234375,MIXED
2024-10-30,22731.150390625,22896.55078125,22685.400390625,22749.80078125,22749.80078125,23622.064921875,21763.10927734375,MIXED
2024-10-31,22758.599609375,22779.5,22621.099609375,22689.349609375,22689.349609375,23608.47890625,21778.60302734375,MIXED
2024-11-01,22806.94921875,22881.5,22799.69921875,22823.55078125,22823.55078125,23596.1359375,21795.63228515625,MIXED
2024-11-04,22831.80078125,22832.650390625,22362.650390625,22518.30078125,22518.30078125,23578.1289453125,21810.92603515625,MIXED
2024-11-05,22458.30078125,22697.5,22343.94921875,22679.849609375,22679.849609375,23560.4909375,21826.73603515625,MIXED
2024-11-06,22782.19921875,23052.19921875,22720.30078125,23031.19921875,23031.19921875,23549.0179296875,21843.970283203125,MIXED
2024-11-07,23067.150390625,23073.55078125,22793.900390625,22806.25,22806.25,23532.8239453125,21859.27353515625,MIXED
2024-11-08,22821.900390625,22857.099609375,22600.25,22645.650390625,22645.650390625,23513.1089453125,21873.074033203124,MIXED
2024-11-11,22590.099609375,22770.55078125,22478.69921875,22591.400390625,22591.400390625,23490.2459375,21886.89328125,MIXED
2024-11-12,22664.19921875,22721.900390625,22286.849609375,22331.05078125,22331.05078125,23461.65296875,21901.110537109376,MIXED
2024-11-13,22263.0,22309.80078125,21867.69921875,21914.94921875,21914.94921875,23424.18296875,21913.611279296874,MIXED
2024-11-14,21924.099609375,22096.849609375,21907.55078125,21963.099609375,21963.099609375,23388.466953125,21925.394775390625,MIXED
2024-11-18,22045.900390625,22049.150390625,21787.349609375,21899.400390625,21899.400390625,23351.1989453125,21938.85953125,RISK_OFF
2024-11-19,21977.650390625,22233.400390625,21948.44921875,22004.349609375,22004.349609375,23321.731953125,21951.626279296874,MIXED
2024-11-21,21947.75,21954.19921875,21692.80078125,21820.849609375,21820.849609375,23288.1059375,21963.76552734375,RISK_OFF
2024-11-22,21864.650390625,22260.150390625,21819.19921875,22225.55078125,22225.55078125,23259.7439453125,21976.335029296875,MIXED
2024-11-25,22578.650390625,22676.25,22510.80078125,22553.5,22553.5,23240.1889453125,21991.231533203125,MIXED
2024-11-26,22649.30078125,22675.69921875,22523.0,22562.44921875,22562.44921875,23213.2909375,22005.03328125,MIXED
2024-11-27,22594.19921875,22732.099609375,22526.099609375,22691.69921875,22691.69921875,23188.5609375,22019.605029296876,MIXED
2024-11-28,22722.30078125,22821.75,22472.25,22514.349609375,22514.349609375,23159.4839453125,22032.6227734375,MIXED
2024-11-29,22537.80078125,22733.75,22531.900390625,22687.0,22687.0,23133.8259375,22046.7902734375,MIXED
2024-12-02,22695.400390625,22843.5,22603.099609375,22835.849609375,22835.849609375,23112.569921875,22060.800771484373,MIXED
2024-12-03,22922.599609375,23029.55078125,22876.80078125,23020.849609375,23020.849609375,23095.9079296875,22075.357265625,MIXED
2024-12-04,23075.94921875,23149.900390625,22978.849609375,23099.5,23099.5,23074.0219140625,22090.91701171875,RISK_ON
2024-12-05,23183.30078125,23357.099609375,22993.849609375,23277.94921875,23277.94921875,23051.9969140625,22107.4992578125,RISK_ON
2024-12-06,23315.80078125,23358.19921875,23221.69921875,23312.099609375,23312.099609375,23030.444921875,22125.683759765627,RISK_ON
2024-12-09,23289.400390625,23351.900390625,23243.30078125,23292.0,23292.0,23008.859921875,22143.2292578125,RISK_ON
2024-12-10,23328.80078125,23341.349609375,23216.25,23314.900390625,23314.900390625,22985.219921875,22160.192255859376,RISK_ON
2024-12-11,23326.69921875,23394.19921875,23301.150390625,23358.150390625,23358.150390625,22962.5919140625,22176.7980078125,RISK_ON
2024-12-12,23348.69921875,23386.25,23242.75,23256.400390625,23256.400390625,22942.8159375,22192.2555078125,RISK_ON
2024-12-13,23208.349609375,23378.55078125,22879.900390625,23358.94921875,23358.94921875,22924.56890625,22207.690751953123,RISK_ON
2024-12-16,23370.55078125,23417.650390625,23281.19921875,23352.44921875,23352.44921875,22916.50890625,22223.811494140624,RISK_ON
2024-12-17,23308.900390625,23349.099609375,23067.30078125,23095.75,23095.75,22907.724921875,22237.870498046876,RISK_ON
2024-12-18,23076.94921875,23125.55078125,22876.69921875,22934.400390625,22934.400390625,22902.7739453125,22250.975,RISK_ON
2024-12-19,22594.94921875,22782.25,22590.0,22752.150390625,22752.150390625,22887.5659375,22263.456748046876,MIXED
2024-12-20,22783.650390625,22855.0,22279.900390625,22319.400390625,22319.400390625,22861.961953125,22273.589501953124,MIXED
2024-12-23,22446.599609375,22535.19921875,22331.5,22412.30078125,22412.30078125,22838.2449609375,22285.54900390625,MIXED
2024-12-24,22431.599609375,22516.30078125,22340.099609375,22402.69921875,22402.69921875,22814.0739453125,22297.11224609375,MIXED
2024-12-26,22444.69921875,22492.30078125,22324.599609375,22430.349609375,22430.349609375,22788.139921875,22307.514990234376,MIXED
2024-12-27,22473.900390625,22555.44921875,22435.55078125,22445.19921875,22445.19921875,22762.329921875,22317.580732421877,MIXED
2024-12-30,22438.150390625,22522.400390625,22266.150390625,22357.150390625,22357.150390625,22736.009921875,22327.456484375,MIXED
2024-12-31,22273.69921875,22414.44921875,22160.150390625,22375.400390625,22375.400390625,22715.9779296875,22337.435732421876,MIXED
2025-01-02,22521.75,22833.349609375,22482.69921875,22819.75,22819.75,22703.5589453125,22349.360478515624,RISK_ON
2025-01-03,22850.099609375,22867.849609375,22681.30078125,22708.150390625,22708.150390625,22692.456953125,22361.45748046875,RISK_ON
2025-01-06,22753.650390625,22757.400390625,22163.55078125,22225.400390625,22225.400390625,22680.6759765625,22371.72748046875,RISK_OFF
2025-01-07,22278.150390625,22435.5,22247.75,22341.650390625,22341.650390625,22670.6869921875,22385.204228515624,RISK_OFF
2025-01-08,22378.150390625,22384.25,22065.19921875,22231.80078125,22231.80078125,22659.566015625,22396.781484375,RISK_OFF
2025-01-09,22231.05078125,22239.19921875,22028.5,22046.55078125,22046.55078125,22650.516015625,22407.8882421875,RISK_OFF
2025-01-10,22049.400390625,22075.400390625,21738.44921875,21799.0,21799.0,22633.49703125,22417.667744140625,RISK_OFF
2025-01-13,21557.0,21630.55078125,21194.44921875,21243.44921875,21243.44921875,22602.465,22425.832236328126,RISK_OFF
2025-01-14,21328.0,21528.69921875,21325.0,21481.05078125,21481.05078125,22577.09,22435.077236328125,RISK_OFF
2025-01-15,21572.44921875,21634.599609375,21445.400390625,21551.19921875,21551.19921875,22554.3269921875,22443.34623046875,RISK_OFF
2025-01-16,21734.400390625,21776.349609375,21687.44921875,21714.55078125,21714.55078125,22532.1469921875,22451.945986328126,RISK_OFF
2025-01-17,21699.44921875,21730.849609375,21563.80078125,21680.25,21680.25,22515.3859765625,22460.320986328126,RISK_OFF
2025-01-20,21769.94921875,21848.94921875,21628.5,21809.0,21809.0,22497.968984375,22468.926982421875,RISK_OFF
2025-01-21,21855.099609375,21863.05078125,21411.30078125,21433.19921875,21433.19921875,22466.008984375,22474.8172265625,RISK_OFF
2025-01-22,21484.44921875,21500.30078125,21178.80078125,21396.55078125,21396.55078125,22437.815,22479.3372265625,RISK_OFF
2025-01-23,21377.80078125,21595.0,21338.94921875,21538.05078125,21538.05078125,22415.6630078125,22484.17873046875,RISK_OFF
2025-01-24,21533.05078125,21611.19921875,21279.0,21318.900390625,21318.900390625,22390.2130078125,22487.744736328124,RISK_OFF
2025-01-27,21158.849609375,21163.0,20861.150390625,20910.94921875,20910.94921875,22361.8109765625,22488.97623046875,RISK_OFF
2025-01-28,21009.19921875,21100.44921875,20757.900390625,20924.75,20924.75,22342.0069921875,22490.024482421875,RISK_OFF
2025-01-29,20971.400390625,21259.849609375,20968.349609375,21245.5,21245.5,22327.655,22492.156484375,RISK_OFF
2025-01-30,21282.099609375,21404.19921875,21209.599609375,21297.5,21297.5,22315.6169921875,22494.69048828125,RISK_OFF
2025-01-31,21339.349609375,21613.0,21310.30078125,21580.900390625,21580.900390625,22307.1480078125,22498.018994140624,RISK_OFF
2025-02-03,21422.849609375,21445.94921875,21286.69921875,21402.55078125,21402.55078125,22298.78203125,22501.304248046876,RISK_OFF
2025-02-04,21551.400390625,21743.55078125,21474.44921875,21727.44921875,21727.44921875,22288.82,22507.547744140626,RISK_OFF
2025-02-05,21797.69921875,21870.400390625,21763.69921875,21784.25,21784.25,22273.435,22514.353994140623,RISK_OFF
2025-02-06,21860.099609375,21870.900390625,21620.150390625,21672.44921875,21672.44921875,22255.635,22521.092744140624,RISK_OFF
2025-02-07,21703.75,21765.150390625,21521.75,21646.150390625,21646.150390625,22234.7240234375,22527.3975,RISK_OFF
2025-02-10,21636.19921875,21659.25,21301.849609375,21371.30078125,21371.30078125,22211.863046875,22531.379755859376,RISK_OFF
2025-02-11,21366.25,21376.44921875,20860.599609375,20950.44921875,20950.44921875,22177.13203125,22532.86875,RISK_OFF
2025-02-12,20924.150390625,21002.0,20545.75,20907.849609375,20907.849609375,22138.57203125,22533.75474609375,RISK_OFF
2025-02-13,20926.0,21122.0,20866.5,20904.349609375,20904.349609375,22096.24203125,22533.9369921875,RISK_OFF
2025-02-14,20964.599609375,20984.69921875,20476.650390625,20633.099609375,20633.099609375,22046.9140234375,22532.9057421875,RISK_OFF
2025-02-17,20511.05078125,20667.55078125,20339.0,20652.349609375,20652.349609375,21994.40203125,22531.206494140624,RISK_OFF
2025-02-18,20663.599609375,20692.30078125,20466.75,20611.400390625,20611.400390625,21940.388046875,22529.2775,RISK_OFF
2025-02-19,20511.19921875,20802.55078125,20459.19921875,20731.44921875,20731.44921875,21889.17703125,22527.516748046874,RISK_OFF
2025-02-20,20645.69921875,20840.349609375,20630.19921875,20831.099609375,20831.099609375,21839.501015625,22526.8744921875,RISK_OFF
2025-02-21,20792.05078125,20903.349609375,20616.599609375,20690.25,20690.25,21786.1430078125,22526.00099609375,RISK_OFF
2025-02-24,20510.94921875,20546.05078125,20429.30078125,20468.44921875,20468.44921875,21730.383984375,22525.16298828125,RISK_OFF
2025-02-25,20445.55078125,20548.900390625,20388.75,20418.75,20418.75,21671.58,22523.732236328124,RISK_OFF
2025-02-27,20436.5,20471.849609375,20278.650390625,20315.55078125,20315.55078125,21610.84203125,22523.585986328126,RISK_OFF
2025-02-28,20185.400390625,20197.849609375,19816.0,19880.900390625,19880.900390625,21546.5450390625,22520.644990234374,RISK_OFF
2025-03-03,19935.55078125,19997.05078125,19658.30078125,19896.94921875,19896.94921875,21485.796015625,22517.574736328126,RISK_OFF
2025-03-04,19736.05078125,19957.5,19681.650390625,19917.849609375,19917.849609375,21429.11,22513.74498046875,RISK_OFF
2025-03-05,19901.599609375,20265.05078125,19901.599609375,20256.5,20256.5,21387.8519921875,22511.318232421876,RISK_OFF
2025-03-06,20411.44921875,20467.150390625,20262.75,20447.099609375,20447.099609375,21348.54796875,22508.9084765625,RISK_OFF
2025-03-07,20428.150390625,20549.19921875,20377.599609375,20443.400390625,20443.400390625,21309.3619921875,22505.802724609373,RISK_OFF
2025-03-10,20434.94921875,20543.69921875,20230.650390625,20266.5,20266.5,21266.085,22501.19697265625,RISK_OFF
2025-03-11,20122.55078125,20333.75,20073.400390625,20302.5,20302.5,21223.231015625,22496.52072265625,RISK_OFF
2025-03-12,20351.900390625,20397.94921875,20108.69921875,20264.349609375,20264.349609375,21181.375,22490.394716796876,RISK_OFF
2025-03-13,20337.849609375,20357.30078125,20157.5,20176.05078125,20176.05078125,21137.3880078125,22483.856220703125,RISK_OFF
2025-03-17,20166.599609375,20358.25,20166.5,20288.30078125,20288.30078125,21086.7590234375,22477.832724609376,RISK_OFF
2025-03-18,20418.55078125,20676.94921875,20370.19921875,20657.19921875,20657.19921875,21045.74,22474.18197265625,RISK_OFF
2025-03-19,20713.25,20895.25,20664.0,20864.5,20864.5,21018.5219921875,22472.22296875,RISK_OFF
2025-03-20,20989.349609375,21092.19921875,20873.55078125,21070.05078125,21070.05078125,20993.09,22472.38046875,RISK_OFF
2025-03-21,21065.25,21297.0,21031.44921875,21273.900390625,21273.900390625,20973.9319921875,22473.233466796875,RISK_OFF
2025-03-24,21427.19921875,21595.849609375,21346.80078125,21538.099609375,21538.099609375,20963.76296875,22471.936962890624,RISK_OFF
2025-03-25,21652.849609375,21674.05078125,21385.80078125,21437.75,21437.75,20956.53796875,22477.50646484375,RISK_OFF
2025-03-26,21464.94921875,21525.599609375,21255.69921875,21275.44921875,21275.44921875,20957.17796875,22478.611708984376,RISK_OFF
2025-03-27,21218.400390625,21447.900390625,21195.69921875,21407.94921875,21407.94921875,20955.7159375,22478.826455078124,RISK_OFF
2025-03-28,21439.19921875,21514.099609375,21277.900390625,21339.55078125,21339.55078125,20951.48296875,22476.70345703125,RISK_OFF
2025-04-01,21227.099609375,21398.349609375,21042.44921875,21070.75,21070.75,20938.606953125,22473.01595703125,RISK_OFF
2025-04-02,21101.849609375,21279.099609375,21007.150390625,21265.650390625,21265.650390625,20930.3149609375,22470.084208984375,RISK_OFF
2025-04-03,21100.55078125,21263.44921875,21096.75,21243.400390625,21243.400390625,20919.00296875,22466.49646484375,RISK_OFF
2025-04-04,21199.19921875,21212.099609375,20736.80078125,20805.349609375,20805.349609375,20906.4459765625,22460.151708984376,RISK_OFF
2025-04-07,19524.25,20189.349609375,19519.849609375,20105.69921875,20105.69921875,20880.6289453125,22449.608701171874,RISK_OFF
2025-04-08,20430.099609375,20588.400390625,20227.150390625,20480.80078125,20480.80078125,20859.4839453125,22440.36470703125,RISK_OFF
2025-04-09,20422.94921875,20423.25,20252.349609375,20356.75,20356.75,20840.2409375,22431.023955078126,RISK_OFF
2025-04-11,20684.849609375,20817.5,20629.0,20752.849609375,20752.849609375,20837.0789453125,22423.262705078127,RISK_OFF
2025-04-15,21199.05078125,21302.75,21067.599609375,21279.400390625,21279.400390625,20844.171953125,22418.4787109375,RISK_OFF
2025-04-16,21302.75,21414.849609375,21246.400390625,21404.349609375,21404.349609375,20847.3489453125,22414.0549609375,RISK_OFF
2025-04-17,21379.349609375,21704.099609375,21296.349609375,21681.55078125,21681.55078125,20855.0299609375,22410.609462890625,RISK_OFF
2025-04-21,21787.05078125,22033.75,21732.44921875,22005.75,22005.75,20863.526953125,22408.454208984374,RISK_OFF
2025-04-22,22072.0,22157.94921875,21953.400390625,22085.150390625,22085.150390625,20877.1789453125,22406.192958984375,RISK_OFF
2025-04-23,22238.599609375,22263.849609375,21988.349609375,22237.599609375,22237.599609375,20887.381953125,22404.5824609375,RISK_OFF
2025-04-24,22217.650390625,22270.150390625,22155.400390625,22180.650390625,22180.650390625,20895.3099609375,22401.84771484375,RISK_OFF
2025-04-25,22220.30078125,22271.849609375,21661.599609375,21848.150390625,21848.150390625,20898.823984375,22397.699462890625,RISK_OFF
2025-04-28,21843.44921875,22125.44921875,21841.400390625,22101.849609375,22101.849609375,20907.93796875,22393.95271484375,RISK_OFF
2025-04-29,22160.75,22255.900390625,22084.55078125,22112.400390625,22112.400390625,20922.7599609375,22389.943720703126,RISK_OFF
2025-04-30,22119.19921875,22175.0,21920.55078125,22030.05078125,22030.05078125,20944.3519921875,22385.15572265625,RISK_OFF
2025-05-02,22009.94921875,22238.900390625,21920.849609375,22006.0,22006.0,20966.315,22380.329970703126,RISK_OFF
2025-05-05,22086.25,22209.94921875,22070.94921875,22195.150390625,22195.150390625,20992.131015625,22375.968974609375,RISK_OFF
2025-05-06,22235.599609375,22244.5,21916.900390625,21956.599609375,21956.599609375,21018.601015625,22370.863720703124,RISK_OFF
2025-05-07,21756.80078125,22084.69921875,21752.900390625,22072.44921875,22072.44921875,21047.0030078125,22366.199716796877,RISK_OFF
2025-05-08,22109.349609375,22145.19921875,21730.55078125,21843.05078125,21843.05078125,21071.636015625,22359.937724609375,RISK_OFF
2025-05-09,21463.75,21716.05078125,21463.75,21675.55078125,21675.55078125,21090.518046875,22352.26623046875,RISK_OFF
2025-05-12,22149.400390625,22525.0,22126.400390625,22511.400390625,22511.400390625,21124.1240625,22348.801982421875,MIXED
2025-05-13,22491.5,22575.69921875,22317.5,22349.400390625,22349.400390625,21157.3070703125,22344.49873046875,MIXED
2025-05-14,22402.650390625,22544.900390625,22366.400390625,22499.5,22499.5,21197.9280859375,22342.728232421876,MIXED
2025-05-15,22547.05078125,22814.099609375,22408.650390625,22788.80078125,22788.80078125,21245.3291015625,22341.958984375,MIXED
2025-05-16,22825.55078125,22885.349609375,22750.349609375,22870.900390625,22870.900390625,21296.43609375,22341.987490234376,MIXED
2025-05-19,22896.25,22965.05078125,22827.650390625,22865.80078125,22865.80078125,21356.1341015625,22341.709248046875,MIXED
2025-05-20,22942.650390625,22958.599609375,22565.55078125,22585.599609375,22585.599609375,21409.907109375,22340.05099609375,MIXED
2025-05-21,22632.400390625,22811.94921875,22577.400390625,22730.650390625,22730.650390625,21466.163125,22337.243994140626,MIXED
2025-05-22,22674.0,22675.349609375,22464.44921875,22595.0,22595.0,21512.933125,22333.247998046874,MIXED
2025-05-23,22628.75,22813.25,22580.80078125,22781.05078125,22781.05078125,21559.6121484375,22329.94875,MIXED
2025-05-26,22852.69921875,22970.69921875,22845.400390625,22908.30078125,22908.30078125,21608.91015625,22326.83625,MIXED
2025-05-27,22895.05078125,22963.099609375,22721.80078125,22816.5,22816.5,21659.91015625,22323.385751953127,MIXED
2025-05-28,22843.25,22871.19921875,22765.69921875,22779.400390625,22779.400390625,21709.4481640625,22320.9855078125,MIXED
2025-05-29,22859.44921875,22899.150390625,22750.150390625,22861.349609375,22861.349609375,21761.3881640625,22322.580009765625,MIXED
2025-05-30,22868.25,22912.30078125,22759.150390625,22801.94921875,22801.94921875,21813.9061328125,22324.373251953126,MIXED
2025-06-02,22758.599609375,22863.349609375,22664.150390625,22834.5,22834.5,21864.8301171875,22324.30125,MIXED
2025-06-03,22906.19921875,22946.150390625,22691.25,22711.30078125,22711.30078125,21905.9121484375,22324.3292578125,MIXED
2025-06-04,22742.19921875,22823.94921875,22667.900390625,22807.849609375,22807.849609375,21944.779140625,22323.751005859376,MIXED
2025-06-05,22879.19921875,23026.30078125,22828.849609375,22934.5,22934.5,21982.068125,22323.8442578125,MIXED
2025-06-06,22962.0,23180.349609375,22891.599609375,23165.099609375,23165.099609375,22019.892109375,22326.140751953124,MIXED
2025-06-09,23308.650390625,23335.349609375,23254.55078125,23330.55078125,23330.55078125,22055.7411328125,22329.43025390625,MIXED
2025-06-10,23422.30078125,23423.80078125,23287.349609375,23339.94921875,23339.94921875,22093.7851171875,22330.8475,MIXED
2025-06-11,23376.599609375,23423.599609375,23271.400390625,23337.849609375,23337.849609375,22135.033125,22331.837998046874,MIXED
2025-06-12,23363.5,23370.30078125,23009.650390625,23046.44921875,23046.44921875,22167.803125,22330.66849609375,MIXED
2025-06-13,22631.69921875,22932.25,22631.69921875,22906.19921875,22906.19921875,22199.13609375,22328.356240234374,MIXED
2025-06-16,22914.849609375,23106.69921875,22789.400390625,23095.05078125,23095.05078125,22239.622109375,22326.627998046875,MIXED
2025-06-17,23126.80078125,23128.5,22959.150390625,22981.5,22981.5,22273.9391015625,22324.44224609375,MIXED
2025-06-18,22937.75,23066.849609375,22868.349609375,22925.19921875,22925.19921875,22307.575078125,22321.2594921875,MIXED
2025-06-19,22921.599609375,22973.150390625,22712.55078125,22763.5,22763.5,22346.7380859375,22317.052744140627,RISK_ON
2025-06-20,22760.650390625,23064.69921875,22760.599609375,23041.099609375,23041.099609375,22405.44609375,22314.17849609375,RISK_ON
2025-06-23,22880.349609375,23063.349609375,22837.80078125,23001.5,23001.5,22455.860078125,22311.028994140626,RISK_ON
2025-06-24,23212.30078125,23307.94921875,23074.25,23113.19921875,23113.19921875,22510.9890625,22307.922236328126,RISK_ON
2025-06-25,23216.150390625,23303.650390625,23190.849609375,23296.849609375,23296.849609375,22561.8690625,22305.60298828125,RISK_ON
2025-06-26,23341.19921875,23529.650390625,23319.849609375,23517.55078125,23517.55078125,22606.6320703125,22304.24849609375,RISK_ON
2025-06-27,23566.69921875,23644.349609375,23538.55078125,23620.150390625,23620.150390625,22650.9480859375,22303.60474609375,RISK_ON
2025-06-30,23672.349609375,23677.55078125,23563.0,23617.19921875,23617.19921875,22689.6610546875,22302.87673828125,RISK_ON
2025-07-01,23659.75,23669.94921875,23558.900390625,23615.44921875,23615.44921875,22721.8550390625,22303.56548828125,RISK_ON
2025-07-02,23653.05078125,23669.30078125,23463.849609375,23547.25,23547.25,22751.09703125,22303.790986328124,RISK_ON
2025-07-03,23591.80078125,23647.099609375,23503.55078125,23521.849609375,23521.849609375,22776.78203125,22303.181982421876,RISK_ON
2025-07-04,23553.44921875,23570.900390625,23448.900390625,23562.44921875,23562.44921875,22804.4180078125,22303.337978515625,RISK_ON
2025-07-07,23561.599609375,23595.30078125,23506.5,23551.19921875,23551.19921875,22838.478984375,22301.5572265625,RISK_ON
2025-07-08,23540.599609375,23600.349609375,23469.94921875,23572.55078125,23572.55078125,22867.8930078125,22299.778984375,RISK_ON
2025-07-09,23576.44921875,23613.900390625,23513.849609375,23557.44921875,23557.44921875,22896.793984375,22297.725234375,RISK_ON
2025-07-10,23595.849609375,23605.5,23444.94921875,23471.400390625,23471.400390625,22925.6209765625,22295.232734375,RISK_ON
2025-07-11,23408.80078125,23462.349609375,23256.30078125,23282.69921875,23282.69921875,22951.1549609375,22292.152978515624,RISK_ON
2025-07-14,23290.150390625,23329.19921875,23200.099609375,23309.05078125,23309.05078125,22973.43296875,22289.428486328125,RISK_ON
2025-07-15,23334.55078125,23469.44921875,23332.80078125,23449.150390625,23449.150390625,23003.283984375,22285.705234375,RISK_ON
2025-07-16,23458.900390625,23502.900390625,23403.5,23472.5,23472.5,23031.285,22281.17173828125,RISK_ON
2025-07-17,23507.650390625,23514.69921875,23409.05078125,23419.69921875,23419.69921875,23062.81796875,22276.32173828125,RISK_ON
2025-07-18,23430.0,23449.44921875,23240.849609375,23275.150390625,23275.150390625,23094.8099609375,22270.841240234375,RISK_ON
2025-07-21,23296.75,23394.5,23184.900390625,23378.44921875,23378.44921875,23112.1509375,22265.248984375,RISK_ON
2025-07-22,23449.75,23456.0,23306.400390625,23320.900390625,23320.900390625,23131.5809375,22259.405732421874,RISK_ON
2025-07-23,23382.400390625,23435.55078125,23296.0,23428.400390625,23428.400390625,23150.1589453125,22255.32173828125,RISK_ON
2025-07-24,23447.349609375,23449.400390625,23257.599609375,23301.099609375,23301.099609375,23160.404921875,22250.470732421876,RISK_ON
2025-07-25,23255.25,23255.25,22993.0,23014.80078125,23014.80078125,23163.2829296875,22246.767490234375,MIXED
2025-07-28,22967.400390625,23094.849609375,22818.150390625,22846.94921875,22846.94921875,23162.9058984375,22243.327490234376,MIXED
2025-07-29,22793.0,23024.150390625,22777.69921875,23007.349609375,23007.349609375,23171.3408984375,22242.4544921875,MIXED
2025-07-30,23064.25,23070.349609375,22959.44921875,23033.55078125,23033.55078125,23177.39890625,22240.0594921875,MIXED
2025-07-31,22804.19921875,23071.25,22802.150390625,22914.94921875,22914.94921875,23183.797890625,22236.636240234377,MIXED
2025-08-01,22901.599609375,22917.849609375,22646.75,22673.650390625,22673.650390625,23181.6498828125,22232.013740234375,MIXED
2025-08-04,22699.69921875,22871.599609375,22648.599609375,22860.400390625,22860.400390625,23180.691875,22228.2594921875,MIXED
2025-08-05,22869.5,22878.099609375,22736.05078125,22798.5,22798.5,23180.331875,22223.61673828125,MIXED
2025-08-06,22807.55078125,22818.19921875,22622.349609375,22666.849609375,22666.849609375,23178.080859375,22218.272490234376,MIXED
2025-08-07,22563.400390625,22726.900390625,22425.849609375,22694.099609375,22694.099609375,23174.735859375,22213.377236328124,MIXED
2025-08-08,22680.900390625,22690.349609375,22419.69921875,22443.150390625,22443.150390625,23167.5598828125,22208.70798828125,MIXED
2025-08-11,22447.55078125,22650.099609375,22406.0,22633.44921875,22633.44921875,23163.5388671875,22204.67173828125,MIXED
2025-08-12,22633.650390625,22730.25,22554.30078125,22568.599609375,22568.599609375,23160.68484375,22201.198486328125,MIXED
2025-08-13,22655.150390625,22733.80078125,22624.44921875,22698.099609375,22698.099609375,23158.48984375,22200.61673828125,MIXED
2025-08-14,22713.650390625,22754.150390625,22646.69921875,22680.25,22680.25,23153.40484375,22199.812490234373,MIXED
2025-08-18,22958.30078125,23040.849609375,22913.05078125,22931.5,22931.5,23148.7328515625,22200.5307421875,MIXED
2025-08-19,22959.5,23077.099609375,22908.150390625,23066.599609375,23066.599609375,23143.453828125,22203.368486328123,MIXED
2025-08-20,23067.69921875,23171.150390625,23025.849609375,23143.150390625,23143.150390625,23139.5178515625,22205.8344921875,RISK_ON
2025-08-21,23221.75,23230.94921875,23126.75,23137.150390625,23137.150390625,23135.5038671875,22207.544990234375,RISK_ON
2025-08-22,23133.849609375,23144.55078125,22980.849609375,22991.30078125,22991.30078125,23134.4008984375,22208.752490234376,MIXED
2025-08-25,23069.30078125,23106.900390625,23022.099609375,23052.0,23052.0,23137.3169140625,22210.5657421875,MIXED
2025-08-26,22994.849609375,23013.05078125,22746.75,22768.650390625,22768.650390625,23130.78890625,22210.291240234375,MIXED
2025-08-28,22762.25,22762.25,22529.599609375,22541.650390625,22541.650390625,23121.9919140625,22210.40798828125,MIXED
2025-08-29,22524.150390625,22624.69921875,22443.80078125,22462.94921875,22462.94921875,23112.7469140625,22209.323486328125,MIXED
2025-09-01,22491.900390625,22720.55078125,22491.900390625,22713.55078125,22713.55078125,23111.7479296875,22207.735244140626,MIXED
2025-09-02,22758.19921875,22858.19921875,22678.44921875,22724.400390625,22724.400390625,23105.4139453125,22207.32599609375,MIXED
2025-09-03,22764.0,22877.349609375,22709.19921875,22864.650390625,22864.650390625,23102.676953125,22208.42099609375,MIXED
2025-09-04,23116.900390625,23116.900390625,22795.0,22819.650390625,22819.650390625,23096.8059765625,22209.56224609375,MIXED
2025-09-05,22891.75,22916.0,22718.5,22829.150390625,22829.150390625,23087.4519921875,22212.052744140627,MIXED
2025-09-08,22892.80078125,22974.849609375,22835.900390625,22878.650390625,22878.650390625,23074.673984375,22216.87125,MIXED
2025-09-09,22949.55078125,22964.05078125,22893.05078125,22949.099609375,22949.099609375,23061.25296875,22221.80125,MIXED
2025-09-10,23056.80078125,23121.75,23027.05078125,23074.150390625,23074.150390625,23050.3919921875,22227.675,RISK_ON
2025-09-11,23073.44921875,23128.55078125,23065.69921875,23102.650390625,23102.650390625,23040.136015625,22233.16650390625,RISK_ON
2025-09-12,23171.55078125,23210.400390625,23129.900390625,23190.25,23190.25,23032.996015625,22240.013505859373,RISK_ON
2025-09-15,23213.150390625,23249.19921875,23182.05078125,23215.849609375,23215.849609375,23026.876015625,22244.965,RISK_ON
2025-09-16,23240.25,23386.650390625,23217.30078125,23369.30078125,23369.30078125,23023.013046875,22249.04400390625,RISK_ON
2025-09-17,23419.099609375,23464.400390625,23395.75,23445.19921875,23445.19921875,23020.893046875,22253.45775390625,RISK_ON
2025-09-18,23534.150390625,23538.900390625,23434.44921875,23518.900390625,23518.900390625,23019.8200390625,22257.593759765627,RISK_ON
2025-09-19,23530.599609375,23541.30078125,23451.599609375,23486.650390625,23486.650390625,23018.4040625,22262.455263671876,RISK_ON
2025-09-22,23434.75,23523.55078125,23335.099609375,23381.44921875,23381.44921875,23016.6050390625,22265.927509765625,RISK_ON
2025-09-23,23408.19921875,23434.30078125,23253.099609375,23325.25,23325.25,23017.4560546875,22268.37451171875,RISK_ON
2025-09-24,23293.400390625,23317.19921875,23165.94921875,23178.25,23178.25,23014.8400390625,22269.161513671876,RISK_ON
2025-09-25,23169.44921875,23235.55078125,23009.55078125,23022.400390625,23022.400390625,23006.3050390625,22268.776015625,RISK_ON
2025-09-26,22965.900390625,22994.150390625,22692.69921875,22713.150390625,22713.150390625,22991.118046875,22265.952021484376,MIXED
2025-09-29,22783.900390625,22865.099609375,22677.0,22739.099609375,22739.099609375,22977.5060546875,22263.087021484374,MIXED
2025-09-30,22793.650390625,22829.19921875,22669.30078125,22734.099609375,22734.099609375,22966.6850390625,22260.29751953125,MIXED
2025-10-01,22745.94921875,22943.19921875,22726.25,22928.30078125,22928.30078125,22957.6820703125,22258.364521484375,MIXED
2025-10-03,22905.099609375,23037.5,22874.150390625,23027.69921875,23027.69921875,22951.818046875,22256.712265625,RISK_ON
2025-10-06,23055.150390625,23177.25,23008.30078125,23169.650390625,23169.650390625,22946.643046875,22256.278515625,RISK_ON
2025-10-07,23191.349609375,23275.099609375,23170.849609375,23209.5,23209.5,22944.8110546875,22255.53126953125,RISK_ON
2025-10-08,23197.94921875,23265.19921875,23087.900390625,23109.349609375,23109.349609375,22946.70203125,22254.315771484376,RISK_ON
2025-10-09,23144.30078125,23251.650390625,23101.849609375,23241.75,23241.75,22954.598046875,22255.045771484376,RISK_ON
2025-10-10,23247.44921875,23374.25,23220.05078125,23337.55078125,23337.55078125,22961.2020703125,22257.0615234375,RISK_ON
2025-10-13,23245.05078125,23315.650390625,23201.55078125,23294.80078125,23294.80078125,22966.4270703125,22259.774775390626,RISK_ON
2025-10-14,23349.75,23374.0,23121.5,23184.05078125,23184.05078125,22971.8091015625,22264.09802734375,RISK_ON
2025-10-15,23227.55078125,23400.94921875,23224.150390625,23377.349609375,23377.349609375,22985.8830859375,22268.923271484375,RISK_ON
2025-10-16,23443.30078125,23592.849609375,23428.150390625,23563.80078125,23563.80078125,22999.95109375,22274.728779296875,RISK_ON
2025-10-17,23547.0,23679.05078125,23515.849609375,23598.05078125,23598.05078125,23015.942109375,22280.56728515625,RISK_ON
2025-10-20,23699.349609375,23766.55078125,23654.75,23716.099609375,23716.099609375,23036.927109375,22286.921787109375,RISK_ON
2025-10-21,23791.900390625,23818.349609375,23723.400390625,23759.19921875,23759.19921875,23058.2291015625,22293.93203125,RISK_ON
2025-10-23,23899.75,23926.099609375,23727.599609375,23755.900390625,23755.900390625,23084.4841015625,22300.83453125,RISK_ON
2025-10-24,23796.19921875,23802.75,23622.80078125,23686.599609375,23686.599609375,23105.547109375,22305.168779296873,RISK_ON
2025-10-27,23742.69921875,23856.30078125,23723.400390625,23840.900390625,23840.900390625,23130.993125,22310.832529296877,RISK_ON
2025-10-28,23844.75,23907.55078125,23717.05078125,23812.55078125,23812.55078125,23153.2821484375,22318.76828125,RISK_ON
2025-10-29,23851.55078125,23971.55078125,23821.30078125,23952.400390625,23952.400390625,23178.72515625,22326.82203125,RISK_ON
2025-10-30,23933.650390625,23949.75,23804.44921875,23841.30078125,23841.30078125,23196.921171875,22334.86953125,RISK_ON
2025-10-31,23847.599609375,23913.44921875,23698.05078125,23710.400390625,23710.400390625,23209.7971875,22343.188779296874,RISK_ON
2025-11-03,23711.94921875,23840.099609375,23695.150390625,23810.69921875,23810.69921875,23223.1481640625,22353.247275390626,RISK_ON
2025-11-04,23811.30078125,23829.69921875,23660.19921875,23675.44921875,23675.44921875,23233.914140625,22365.407275390626,RISK_ON
2025-11-06,23683.349609375,23713.400390625,23501.05078125,23513.150390625,23513.150390625,23244.3511328125,22375.5677734375,RISK_ON
2025-11-07,23441.05078125,23570.099609375,23291.19921875,23521.5,23521.5,23253.7411328125,22385.41927734375,RISK_ON
2025-11-10,23545.349609375,23658.849609375,23542.099609375,23596.900390625,23596.900390625,23270.3061328125,22394.831025390624,RISK_ON
2025-11-11,23634.650390625,23693.80078125,23476.30078125,23682.650390625,23682.650390625,23293.1261328125,22404.84302734375,RISK_ON
2025-11-12,23796.94921875,23874.849609375,23766.19921875,23836.900390625,23836.900390625,23320.60515625,22414.982529296874,RISK_ON
2025-11-13,23867.650390625,23935.099609375,23793.650390625,23816.0,23816.0,23342.654140625,22426.896533203126,RISK_ON
2025-11-14,23751.25,23858.30078125,23717.0,23836.349609375,23836.349609375,23364.893125,22439.09552734375,RISK_ON
2025-11-17,23889.55078125,23964.75,23863.55078125,23954.55078125,23954.55078125,23386.6911328125,22451.17802734375,RISK_ON
2025-11-18,23970.44921875,23973.05078125,23800.94921875,23824.650390625,23824.650390625,23406.7911328125,22463.70677734375,RISK_ON
2025-11-19,23832.55078125,23924.30078125,23766.599609375,23906.30078125,23906.30078125,23428.334140625,22478.68353515625,RISK_ON
2025-11-20,23984.400390625,24032.099609375,23918.80078125,23975.44921875,23975.44921875,23450.2701171875,22493.93703125,RISK_ON
2025-11-21,23917.5,23938.30078125,23776.30078125,23790.25,23790.25,23467.093125,22506.66078125,RISK_ON
2025-11-24,23827.25,23835.19921875,23642.55078125,23674.55078125,23674.55078125,23479.1011328125,22518.54603515625,RISK_ON
2025-11-25,23700.55078125,23745.5,23635.80078125,23655.05078125,23655.05078125,23490.149140625,22528.916787109374,RISK_ON
2025-11-26,23654.75,23965.349609375,23654.75,23955.19921875,23955.19921875,23505.448125,22541.680029296876,RISK_ON
2025-11-27,24011.900390625,24026.25,23879.599609375,23947.75,23947.75,23520.0861328125,22552.781533203124,RISK_ON
2025-11-28,23968.80078125,23979.69921875,23907.75,23933.19921875,23933.19921875,23531.3641015625,22563.526279296875,RISK_ON
2025-12-01,24034.94921875,24035.0,23871.75,23922.44921875,23922.44921875,23540.9091015625,22574.776279296875,RISK_ON
2025-12-02,23870.599609375,23925.849609375,23782.75,23822.25,23822.25,23546.97609375,22585.65677734375,RISK_ON
2025-12-03,23813.44921875,23845.80078125,23641.75,23716.30078125,23716.30078125,23551.5691015625,22597.38177734375,RISK_ON
2025-12-04,23718.099609375,23820.44921875,23680.25,23741.099609375,23741.099609375,23558.762109375,22611.335029296875,RISK_ON
2025-12-05,23720.69921875,23848.44921875,23672.349609375,23835.25,23835.25,23568.962109375,22625.97203125,RISK_ON
2025-12-08,23821.75,23833.150390625,23460.69921875,23526.19921875,23526.19921875,23575.92109375,22639.081279296875,MIXED
2025-12-09,23447.05078125,23556.349609375,23259.69921875,23516.25,23516.25,23585.7980859375,22653.49703125,MIXED
2025-12-10,23540.150390625,23628.30078125,23386.80078125,23408.80078125,23408.80078125,23599.71109375,22667.279287109373,MIXED
2025-12-11,23421.900390625,23562.150390625,23344.25,23550.849609375,23550.849609375,23615.94609375,22681.976533203124,MIXED
2025-12-12,23620.349609375,23737.69921875,23613.0,23726.19921875,23726.19921875,23635.7880859375,22696.950283203125,RISK_ON
2025-12-15,23654.0,23735.69921875,23591.30078125,23725.19921875,23725.19921875,23651.7260546875,22711.42078125,RISK_ON
2025-12-16,23676.80078125,23687.349609375,23542.55078125,23570.150390625,23570.150390625,23662.575078125,22725.820283203124,MIXED
2025-12-17,23597.599609375,23635.05078125,23449.5,23496.05078125,23496.05078125,23669.1030859375,22740.958291015624,MIXED
2025-12-18,23469.80078125,23553.25,23363.5,23491.5,23491.5,23674.7430859375,22756.322041015625,MIXED
2025-12-19,23562.650390625,23688.349609375,23548.94921875,23677.55078125,23677.55078125,23686.107109375,22773.132041015626,MIXED
2025-12-22,23760.94921875,23878.650390625,23743.25,23867.650390625,23867.650390625,23698.6251171875,22793.065791015626,RISK_ON
2025-12-23,23906.099609375,23929.25,23825.150390625,23895.150390625,23895.150390625,23709.777109375,22813.056796875,RISK_ON
2025-12-24,23903.099609375,23956.80078125,23836.55078125,23850.25,23850.25,23720.88609375,22832.718798828126,RISK_ON
2025-12-26,23841.94921875,23885.349609375,23752.55078125,23780.25,23780.25,23732.810078125,22850.337548828124,RISK_ON
2025-12-29,23804.400390625,23826.75,23660.30078125,23682.099609375,23682.099609375,23738.905078125,22866.512548828126,MIXED
2025-12-30,23675.30078125,23704.19921875,23599.900390625,23668.80078125,23668.80078125,23741.005078125,22882.63955078125,MIXED
2025-12-31,23710.44921875,23921.44921875,23709.55078125,23871.55078125,23871.55078125,23746.475078125,22900.6648046875,RISK_ON
2026-01-02,23935.94921875,24107.69921875,23921.44921875,24099.0,24099.0,23754.1330859375,22919.6473046875,RISK_ON
2026-01-05,24123.099609375,24144.19921875,23999.150390625,24058.44921875,24058.44921875,23760.1180859375,22938.617802734374,RISK_ON
2026-01-06,24042.900390625,24089.75,23941.400390625,24010.5,24010.5,23765.210078125,22957.790048828127,RISK_ON
2026-01-07,23995.849609375,24050.55078125,23942.25,24016.599609375,24016.599609375,23771.810078125,22976.43154296875,RISK_ON
2026-01-08,23996.19921875,24010.44921875,23657.349609375,23680.099609375,23680.099609375,23768.5940625,22991.546044921874,MIXED
2026-01-09,23646.75,23741.75,23407.69921875,23467.349609375,23467.349609375,23761.6900390625,23004.56029296875,MIXED
2026-01-12,23459.400390625,23533.44921875,23199.5,23510.44921875,23510.44921875,23752.851015625,23016.76228515625,MIXED
2026-01-13,23603.44921875,23627.05078125,23336.05078125,23480.650390625,23480.650390625,23745.6380078125,23027.79603515625,MIXED
2026-01-14,23422.099609375,23558.69921875,23399.900390625,23475.849609375,23475.849609375,23740.9469921875,23037.48478515625,MIXED
2026-01-16,23502.849609375,23652.69921875,23455.5,23485.30078125,23485.30078125,23734.4390234375,23047.7225390625,MIXED
2026-01-19,23443.30078125,23443.349609375,23324.849609375,23373.75,23373.75,23728.4050390625,23058.21404296875,MIXED
2026-01-20,23365.650390625,23368.150390625,22888.650390625,22946.650390625,22946.650390625,23717.0750390625,23065.907548828123,RISK_OFF
2026-01-21,22864.5,22981.80078125,22586.80078125,22835.150390625,22835.150390625,23703.348046875,23073.385546875,RISK_OFF
2026-01-22,23013.44921875,23144.55078125,22888.5,23008.75,23008.75,23691.5850390625,23083.075546875,RISK_OFF
2026-01-23,23072.30078125,23073.349609375,22679.69921875,22706.19921875,22706.19921875,23672.056015625,23090.278291015624,RISK_OFF
2026-01-27,22752.69921875,22886.94921875,22562.94921875,22819.25,22819.25,23651.7030078125,23098.1575390625,RISK_OFF
2026-01-28,22899.599609375,23101.75,22884.5,23082.099609375,23082.099609375,23637.025,23109.5412890625,RISK_OFF
2026-01-29,23107.5,23158.599609375,22922.599609375,23134.80078125,23134.80078125,23622.9940234375,23124.686796875,MIXED
2026-01-30,22994.30078125,23110.19921875,22916.0,23079.5,23079.5,23605.4930078125,23137.68029296875,RISK_OFF
2026-02-02,22595.44921875,22869.69921875,22408.5,22837.0,22837.0,23585.74,23150.08154296875,RISK_OFF
2026-02-03,23870.19921875,23912.349609375,23355.5,23446.30078125,23446.30078125,23576.54,23163.548798828124,MIXED
2026-02-04,23414.099609375,23562.69921875,23284.44921875,23534.94921875,23534.94921875,23567.73,23174.82654296875,MIXED
2026-02-05,23509.75,23509.94921875,23337.349609375,23411.69921875,23411.69921875,23560.158984375,23184.863291015627,MIXED
2026-02-06,23366.5,23447.0,23211.400390625,23434.0,23434.0,23555.34796875,23193.625537109376,MIXED
2026-02-09,23600.849609375,23693.05078125,23535.400390625,23683.400390625,23683.400390625,23555.9149609375,23202.0137890625,RISK_ON
2026-02-10,23752.599609375,23796.400390625,23691.5,23753.75,23753.75,23551.8859765625,23210.356787109376,RISK_ON
2026-02-11,23808.099609375,23811.150390625,23707.150390625,23783.05078125,23783.05078125,23548.5919921875,23218.08404296875,RISK_ON
2026-02-12,23753.80078125,23753.80078125,23589.05078125,23651.55078125,23651.55078125,23542.9590234375,23225.438544921875,RISK_ON
2026-02-13,23448.69921875,23464.05078125,23285.0,23313.150390625,23313.150390625,23530.773046875,23232.763544921876,MIXED
2026-02-16,23248.55078125,23487.349609375,23190.19921875,23472.44921875,23472.44921875,23523.77703125,23239.61654296875,MIXED
2026-02-17,23445.30078125,23563.25,23394.80078125,23540.05078125,23540.05078125,23520.25203125,23246.754794921875,RISK_ON
2026-02-18,23571.5,23657.75,23490.349609375,23645.80078125,23645.80078125,23518.3460546875,23254.833544921876,RISK_ON
2026-02-19,23691.599609375,23697.900390625,23235.349609375,23297.44921875,23297.44921875,23507.5900390625,23261.290791015625,MIXED
2026-02-20,23252.75,23467.400390625,23221.150390625,23395.0,23395.0,23504.9660546875,23267.2900390625,MIXED
2026-02-23,23493.30078125,23566.849609375,23394.25,23484.94921875,23484.94921875,23504.3400390625,23274.931787109374,MIXED
2026-02-24,23418.099609375,23418.099609375,23168.05078125,23304.599609375,23304.599609375,23502.256015625,23281.0925390625,MIXED
2026-02-25,23388.44921875,23500.099609375,23325.900390625,23403.80078125,23403.80078125,23499.3150390625,23288.8962890625,MIXED
2026-02-26,23462.05078125,23502.94921875,23340.75,23448.5,23448.5,23493.7610546875,23297.76103515625,MIXED
2026-02-27,23423.94921875,23433.55078125,23136.75,23166.849609375,23166.849609375,23482.5940625,23301.03828125,RISK_OFF
2026-03-02,22547.0,22992.349609375,22539.650390625,22835.94921875,22835.94921875,23467.9100390625,23303.471025390623,RISK_OFF
2026-03-04,22438.0,22517.400390625,22283.150390625,22409.80078125,22409.80078125,23446.1850390625,23303.022529296875,RISK_OFF
2026-03-05,22536.75,22760.849609375,22468.19921875,22697.80078125,22697.80078125,23430.3110546875,23302.567529296874,RISK_OFF
2026-03-06,22621.55078125,22701.599609375,22456.44921875,22481.30078125,22481.30078125,23406.3860546875,23300.61953125,RISK_OFF
2026-03-09,21995.150390625,22090.69921875,21743.150390625,22056.55078125,22056.55078125,23370.1640625,23296.57328125,RISK_OFF
2026-03-10,22310.80078125,22385.650390625,22141.849609375,22342.94921875,22342.94921875,23339.1200390625,23295.360029296877,RISK_OFF
2026-03-11,22351.849609375,22440.900390625,22009.30078125,22042.30078125,22042.30078125,23302.9610546875,23291.91828125,RISK_OFF
2026-03-12,21888.400390625,22059.599609375,21703.900390625,21897.5,21897.5,23265.3060546875,23288.43078125,RISK_OFF
2026-03-13,21763.25,21780.75,21351.099609375,21391.19921875,21391.19921875,23219.488046875,23281.4815234375,RISK_OFF
2026-03-16,21355.94921875,21593.25,21110.0,21498.80078125,21498.80078125,23176.088046875,23274.4340234375,RISK_OFF
2026-03-17,21585.05078125,21729.650390625,21446.150390625,21669.30078125,21669.30078125,23132.043046875,23268.69802734375,RISK_OFF
2026-03-18,21721.44921875,21990.400390625,21713.400390625,21917.400390625,21917.400390625,23088.4110546875,23264.38802734375,RISK_OFF
2026-03-19,21466.400390625,21562.80078125,21156.19921875,21225.80078125,21225.80078125,23031.7580859375,23256.210283203123,RISK_OFF
2026-03-20,21349.94921875,21558.0,21294.849609375,21327.900390625,21327.900390625,22978.10609375,23248.8400390625,RISK_OFF
2026-03-23,21079.599609375,21090.05078125,20611.80078125,20664.25,20664.25,22911.0591015625,23237.9887890625,RISK_OFF
2026-03-24,21045.44921875,21183.150390625,20743.900390625,21067.0,21067.0,22858.797109375,23229.76728515625,RISK_OFF
2026-03-25,21236.25,21612.44921875,21236.05078125,21478.19921875,21478.19921875,22819.0141015625,23223.119033203126,RISK_OFF
2026-03-27,21357.349609375,21364.349609375,21007.150390625,21020.150390625,21020.150390625,22769.208125,23213.54728515625,RISK_OFF
2026-03-30,20762.349609375,20889.25,20490.44921875,20528.05078125,20528.05078125,22710.1561328125,23200.362041015625,RISK_OFF
2026-04-01,21067.150390625,21153.25,20867.400390625,20935.150390625,20935.150390625,22659.3421484375,23188.3850390625,RISK_OFF
2026-04-02,20666.69921875,20990.05078125,20385.650390625,20938.349609375,20938.349609375,22608.403125,23176.377041015625,RISK_OFF
2026-04-06,20990.849609375,21217.94921875,20789.44921875,21194.05078125,21194.05078125,22564.809140625,23165.658046875,RISK_OFF
2026-04-07,21085.30078125,21313.099609375,20959.349609375,21296.44921875,21296.44921875,22531.8051171875,23156.908046875,RISK_OFF
2026-04-08,21998.599609375,22159.5,21952.400390625,22137.099609375,22137.099609375,22517.8441015625,23153.062548828126,RISK_OFF
2026-04-09,22090.69921875,22189.5,21943.19921875,22037.5,22037.5,22498.4191015625,23147.774794921876,RISK_OFF
2026-04-10,22151.05078125,22364.30078125,22133.150390625,22346.75,22346.75,22491.2301171875,23144.601044921874,RISK_OFF
2026-04-13,21906.150390625,22244.900390625,21816.349609375,22179.05078125,22179.05078125,22478.4261328125,23140.870302734376,RISK_OFF
2026-04-15,22506.94921875,22621.900390625,22496.75,22595.55078125,22595.55078125,22468.69515625,23140.030556640624,RISK_OFF
2026-04-16,22757.05078125,22792.25,22529.650390625,22656.30078125,22656.30078125,22459.12515625,23138.1065625,RISK_OFF
2026-04-17,22660.55078125,22882.150390625,22605.150390625,22869.400390625,22869.400390625,22454.9231640625,23137.446064453125,RISK_OFF
2026-04-20,22906.650390625,22987.599609375,22717.55078125,22865.80078125,22865.80078125,22455.4991796875,23136.209072265625,RISK_OFF
2026-04-21,22898.94921875,23064.349609375,22893.599609375,23042.349609375,23042.349609375,22447.42015625,23134.936572265626,RISK_OFF
2026-04-22,22975.849609375,23054.5,22923.55078125,22991.5,22991.5,22436.551171875,23132.306318359377,RISK_OFF
2026-04-23,22873.150390625,22957.599609375,22788.599609375,22810.849609375,22810.849609375,22424.5341796875,23128.259814453126,RISK_OFF
2026-04-24,22788.80078125,22872.05078125,22472.5,22570.05078125,22570.05078125,22407.2551953125,23123.024072265624,RISK_OFF
2026-04-27,22645.849609375,22853.849609375,22640.849609375,22821.400390625,22821.400390625,22390.0151953125,23119.053828125,RISK_OFF
2026-04-28,22808.150390625,22904.0,22733.900390625,22765.599609375,22765.599609375,22370.2521875,23115.145576171875,RISK_OFF
2026-04-29,22875.30078125,23026.94921875,22825.150390625,22871.0,22871.0,22352.011171875,23111.891328125,RISK_OFF
2026-04-30,22736.80078125,22759.0,22498.0,22683.55078125,22683.55078125,22332.651171875,23107.4968359375,RISK_OFF
2026-05-04,22783.80078125,22954.30078125,22709.75,22830.75,22830.75,22323.0031640625,23103.89458984375,RISK_OFF
2026-05-05,22796.650390625,22842.25,22672.80078125,22808.25,22808.25,22309.7191796875,23100.0730859375,RISK_OFF
2026-05-06,22978.94921875,23150.900390625,22849.94921875,23133.400390625,23133.400390625,22301.586171875,23097.952841796876,MIXED
2026-05-07,23219.349609375,23304.5,23142.44921875,23214.0,23214.0,22292.95015625,23096.66583984375,MIXED
2026-05-08,23166.05078125,23185.650390625,23080.30078125,23115.650390625,23115.650390625,22289.3141796875,23095.830595703126,MIXED
2026-05-11,22957.400390625,22962.150390625,22777.44921875,22795.75,22795.75,22277.3291796875,23093.264091796875,RISK_OFF
2026-05-12,22728.69921875,22768.099609375,22270.94921875,22299.900390625,22299.900390625,22253.628203125,23087.517841796875,RISK_OFF
2026-05-13,22292.150390625,22532.0,22208.5,22377.349609375,22377.349609375,22235.083203125,23082.04208984375,RISK_OFF
2026-05-14,22505.0,22675.80078125,22338.650390625,22613.099609375,22613.099609375,22219.2691796875,23078.009091796874,RISK_OFF
2026-05-15,22664.400390625,22710.849609375,22502.599609375,22531.150390625,22531.150390625,22200.9221875,23074.289091796876,RISK_OFF
2026-05-18,22382.0,22494.099609375,22150.5,22461.05078125,22461.05078125,22186.8062109375,23069.702099609374,RISK_OFF
2026-05-19,22501.150390625,22646.650390625,22485.44921875,22521.75,22521.75,22180.5222265625,23065.70634765625,RISK_OFF
2026-05-20,22379.849609375,22597.650390625,22316.44921875,22578.150390625,22578.150390625,22183.88921875,23061.45509765625,RISK_OFF
2026-05-21,22745.900390625,22781.0,22557.0,22602.849609375,22602.849609375,22181.9901953125,23057.96384765625,RISK_OFF
2026-05-22,22639.69921875,22727.900390625,22604.80078125,22651.30078125,22651.30078125,22185.3901953125,23056.14634765625,RISK_OFF
2026-05-25,22859.5,22949.94921875,22849.099609375,22929.44921875,22929.44921875,22202.8481640625,23056.55884765625,RISK_OFF
2026-05-26,22925.650390625,23015.0,22858.19921875,22897.19921875,22897.19921875,22213.9331640625,23056.008095703124,RISK_OFF
2026-05-27,22895.75,22999.44921875,22886.44921875,22967.400390625,22967.400390625,22232.43515625,23055.67734375,RISK_OFF
2026-05-29,23012.80078125,23075.25,22598.44921875,22657.0,22657.0,22247.62515625,23054.38759765625,RISK_OFF
2026-06-01,22760.80078125,22810.19921875,22414.80078125,22437.94921875,22437.94921875,22268.56015625,23053.209091796874,RISK_OFF
2026-06-02,22302.05078125,22563.25,22253.0,22521.099609375,22521.099609375,22289.0061328125,23051.512587890626,RISK_OFF
2026-06-03,22488.150390625,22505.0,22202.599609375,22451.849609375,22451.849609375,22304.657109375,23049.7793359375,RISK_OFF
2026-06-04,22362.400390625,22559.849609375,22328.349609375,22497.69921875,22497.69921875,22316.2630859375,23048.933583984373,RISK_OFF
2026-06-05,22569.44921875,22614.650390625,22379.05078125,22465.349609375,22465.349609375,22341.0540625,23047.789833984374,RISK_OFF
2026-06-08,22191.55078125,22357.69921875,22119.30078125,22173.69921875,22173.69921875,22357.9700390625,23046.442578125,RISK_OFF
2026-06-09,22298.849609375,22390.5,22233.44921875,22370.150390625,22370.150390625,22392.088046875,23045.126083984374,RISK_OFF
2026-06-10,22377.0,22455.900390625,22200.349609375,22233.849609375,22233.849609375,22415.4250390625,23043.452333984376,RISK_OFF
2026-06-11,22128.55078125,22258.900390625,22063.75,22114.44921875,22114.44921875,22428.1500390625,23040.53408203125,RISK_OFF
2026-06-12,22376.44921875,22618.69921875,22295.150390625,22599.80078125,22599.80078125,22459.743046875,23040.1318359375,RISK_OFF
2026-06-15,22955.80078125,23019.44921875,22859.650390625,22891.30078125,22891.30078125,22507.008046875,23039.93083984375,RISK_OFF
2026-06-16,22962.44921875,23009.400390625,22902.349609375,22997.25,22997.25,22548.2500390625,23039.584091796874,RISK_OFF
2026-06-17,23048.69921875,23120.900390625,22990.94921875,23109.69921875,23109.69921875,22591.67703125,23039.4168359375,MIXED
2026-06-18,23129.900390625,23221.349609375,23090.349609375,23206.44921875,23206.44921875,22631.925,23039.763330078124,MIXED
2026-06-19,23082.69921875,23174.650390625,23023.349609375,23144.19921875,23144.19921875,22668.88,23040.527822265623,MIXED
2026-06-22,23240.900390625,23289.75,23213.849609375,23261.849609375,23261.849609375,22691.375,23041.5770703125,MIXED
2026-06-23,23260.0,23302.25,22976.94921875,23010.94921875,23010.94921875,22710.843984375,23042.788564453123,RISK_OFF
2026-06-24,22992.900390625,23183.599609375,22941.05078125,23126.30078125,23126.30078125,22726.435,23045.71181640625,MIXED
2026-06-25,23224.400390625,23289.94921875,23093.900390625,23113.69921875,23113.69921875,22745.12796875,23048.96556640625,MIXED
2026-06-29,23112.599609375,23148.75,22943.849609375,23000.0,23000.0,22753.216953125,23050.3978125,RISK_OFF
2026-06-30,23074.150390625,23088.94921875,22932.05078125,22995.650390625,22995.650390625,22760.0039453125,23051.7540625,RISK_OFF
2026-07-01,23038.650390625,23144.099609375,23032.94921875,23111.650390625,23111.650390625,22764.8489453125,23052.9890625,MIXED
2026-07-02,23182.05078125,23276.19921875,23170.75,23264.80078125,23264.80078125,22772.8289453125,23055.214814453124,MIXED
2026-07-03,23416.650390625,23416.650390625,23284.30078125,23301.150390625,23301.150390625,22778.0049609375,23057.574814453124,MIXED
2026-07-06,23342.5,23447.30078125,23319.650390625,23433.94921875,23433.94921875,22786.8539453125,23060.35130859375,MIXED
2026-07-07,23472.400390625,23485.349609375,23332.900390625,23368.849609375,23368.849609375,22798.0139453125,23062.45005859375,MIXED
2026-07-08,23239.650390625,23307.0,22822.80078125,22908.05078125,22908.05078125,22804.7739453125,23061.619560546875,RISK_OFF
2026-07-09,22958.349609375,23175.25,22956.400390625,23081.150390625,23081.150390625,22809.9689453125,23061.512060546876,MIXED
2026-07-10,23239.69921875,23358.349609375,23234.44921875,23348.400390625,23348.400390625,22821.6249609375,23062.3028125,MIXED
2026-07-13,23194.80078125,23379.349609375,23135.30078125,23347.05078125,23347.05078125,22831.1459765625,23062.958818359373,MIXED
2026-07-14,23235.25,23287.44921875,23167.849609375,23199.44921875,23199.44921875,22841.4639453125,23062.109560546876,MIXED
2026-07-15,23250.849609375,23368.900390625,23203.94921875,23263.900390625,23263.900390625,22850.126953125,23061.20306640625,MIXED
2026-07-16,23332.80078125,23348.19921875,23212.900390625,23232.650390625,23232.650390625,22858.6149609375,23059.77181640625,MIXED
2026-07-17,23272.30078125,23357.900390625,23235.05078125,23336.30078125,23336.30078125,22862.67296875,23059.020068359376,MIXED
2026-07-20,23244.30078125,23363.30078125,23219.44921875,23338.05078125,23338.05078125,22865.153984375,23058.803076171876,MIXED
2026-07-21,23340.69921875,23383.099609375,23286.150390625,23352.150390625,23352.150390625,22869.883984375,23058.937578125,MIXED
2026-07-22,23334.30078125,23335.599609375,23118.05078125,23145.05078125,23145.05078125,22876.87,23058.77158203125,MIXED
2026-07-23,23069.099609375,23148.900390625,22937.75,22982.400390625,22982.400390625,22890.52,23058.57158203125,RISK_OFF
2026-07-24,22805.55078125,22956.94921875,22713.5,22913.30078125,22913.30078125,22901.2390234375,23059.572333984375,RISK_OFF
2026-07-27,23070.599609375,23160.599609375,23061.349609375,23153.099609375,23153.099609375,22912.0390234375,23061.642333984375,MIXED
2026-07-28,23146.650390625,23172.099609375,23087.099609375,23114.900390625,23114.900390625,22923.7140234375,23063.546337890624,MIXED
2026-07-29,23261.05078125,23377.80078125,23233.400390625,23352.599609375,23352.599609375,22941.545,23065.66783203125,MIXED
2026-07-30,23347.19921875,23384.650390625,23274.150390625,23353.55078125,23353.55078125,22958.181015625,23067.29708984375,MIXED
2026-07-31,23409.849609375,23506.55078125,23375.55078125,23460.69921875,23460.69921875,22975.8319921875,23068.752333984376,MIXED
2026-08-03,23619.150390625,23803.75,23578.55078125,23802.849609375,23802.849609375,22999.8319921875,23071.71908203125,MIXED
2026-08-04,23771.44921875,23771.44921875,23573.599609375,23690.150390625,23690.150390625,23020.608984375,23074.6230859375,MIXED
2026-08-05,23779.349609375,23782.69921875,23643.30078125,23735.55078125,23735.55078125,23036.731015625,23077.09208984375,MIXED
2026-08-06,23756.150390625,23783.849609375,23708.55078125,23729.44921875,23729.44921875,23053.376015625,23079.05158203125,MIXED
2026-08-07,23665.599609375,23754.5,23657.099609375,23712.099609375,23712.099609375,23068.27,23081.138076171876,MIXED
2026-08-10,23732.75,23777.400390625,23667.400390625,23743.19921875,23743.19921875,23089.993984375,23083.933818359375,RISK_ON
2026-08-11,23755.400390625,23756.05078125,23638.55078125,23681.150390625,23681.150390625,23114.8580078125,23085.452822265626,RISK_ON
2026-08-12,23689.55078125,23690.05078125,23526.19921875,23672.44921875,23672.44921875,23137.885,23085.996064453124,RISK_ON
2026-08-13,23678.69921875,23678.69921875,23585.599609375,23658.099609375,23658.099609375,23162.01,23086.29630859375,RISK_ON
2026-08-14,23635.650390625,23638.30078125,23564.30078125,23594.900390625,23594.900390625,23183.9540234375,23085.6903125,RISK_ON
2026-08-17,23581.75,23617.30078125,23488.44921875,23564.44921875,23564.44921875,23205.936015625,23084.7165625,RISK_ON
2026-08-18,23521.849609375,23555.30078125,23470.900390625,23472.400390625,23472.400390625,23231.9100390625,23083.2990625,RISK_ON
2026-08-19,23475.349609375,23488.25,23348.30078125,23386.19921875,23386.19921875,23252.231015625,23081.797060546876,RISK_ON
2026-08-20,23519.80078125,23565.900390625,23491.599609375,23512.94921875,23512.94921875,23277.8130078125,23080.1573046875,RISK_ON
2026-08-21,23554.150390625,23554.150390625,23477.0,23530.30078125,23530.30078125,23306.1300390625,23078.7460546875,RISK_ON
2026-08-24,23560.599609375,23587.849609375,23454.099609375,23511.75,23511.75,23324.3690234375,23076.542802734373,RISK_ON
2026-08-25,23483.94921875,23613.900390625,23423.349609375,23611.599609375,23611.599609375,23338.775,23075.394296875,RISK_ON
