Entry_ID,Symbol,Signal_Date,Entry_Date,Entry_Open,Exit_Date,Exit_Price,Holding_Sessions,Gross_Return,Exit_Reason
DLF-2023-08-01,DLF,2023-08-01,2023-08-02,483.0909580376504,2023-08-09,476.02325502255366,5,-0.014630170359234751,FIXED_HORIZON
EQUITASBNK-2023-08-01,EQUITASBNK,2023-08-01,2023-08-02,90.3407439224463,2023-08-09,90.340742397411,5,-1.688092465812474e-08,FIXED_HORIZON
HEROMOTOCO-2023-08-01,HEROMOTOCO,2023-08-01,2023-08-02,2762.2761806356016,2023-08-09,2779.286715727351,5,0.006158158699335781,FIXED_HORIZON
IRB-2023-08-01,IRB,2023-08-01,2023-08-02,12.43795671686566,2023-08-09,12.584861871954793,5,0.011811036043398726,FIXED_HORIZON
KEI-2023-08-01,KEI,2023-08-01,2023-08-02,2267.7270760490724,2023-08-09,2417.1946185651905,5,0.06591072801252906,FIXED_HORIZON
MAXHEALTH-2023-08-01,MAXHEALTH,2023-08-01,2023-08-02,569.3913740400346,2023-08-09,554.4858633613828,5,-0.02617797065117422,FIXED_HORIZON
POWERGRID-2023-08-01,POWERGRID,2023-08-01,2023-08-02,167.98097882111873,2023-08-09,164.55768442406995,5,-0.020379059707076763,FIXED_HORIZON
ABCAPITAL-2023-08-02,ABCAPITAL,2023-08-02,2023-08-03,189.0,2023-08-10,187.64999389648438,5,-0.007142889436590583,FIXED_HORIZON
AWL-2023-08-02,AWL,2023-08-02,2023-08-03,393.94211863592886,2023-08-10,374.1455444883859,5,-0.050252494493584376,FIXED_HORIZON
BEL-2023-08-02,BEL,2023-08-02,2023-08-03,122.0726373025684,2023-08-10,127.9550803546738,5,0.04818805575179974,FIXED_HORIZON
BHARATFORG-2023-08-02,BHARATFORG,2023-08-02,2023-08-03,885.5169194538565,2023-08-10,959.3345391816806,5,0.08336104946854217,FIXED_HORIZON
BOSCHLTD-2023-08-02,BOSCHLTD,2023-08-02,2023-08-03,17684.957063013735,2023-08-10,17721.562838266316,5,0.0020698820541180663,FIXED_HORIZON
CAMPUS-2023-08-02,CAMPUS,2023-08-02,2023-08-03,291.7578901368493,2023-08-10,286.9587677360586,5,-0.016448989257975888,FIXED_HORIZON
CARBORUNIV-2023-08-02,CARBORUNIV,2023-08-02,2023-08-03,1227.966051097852,2023-08-10,1114.0988366072118,5,-0.0927283082368916,FIXED_HORIZON
CHOLAFIN-2023-08-02,CHOLAFIN,2023-08-02,2023-08-03,1095.4072193840502,2023-08-10,1050.2445257495833,5,-0.04122913637529424,FIXED_HORIZON
FORTIS-2023-08-02,FORTIS,2023-08-02,2023-08-03,335.40572860728236,2023-08-10,329.1327100746408,5,-0.018702776958191114,FIXED_HORIZON
GAIL-2023-08-02,GAIL,2023-08-02,2023-08-03,104.8247928528119,2023-08-10,106.85192486900465,5,0.019338287832718404,FIXED_HORIZON
GNFC-2023-08-02,GNFC,2023-08-02,2023-08-03,525.7810378829544,2023-08-10,499.6248029791705,5,-0.049747391060547486,FIXED_HORIZON
MFSL-2023-08-02,MFSL,2023-08-02,2023-08-03,770.0,2023-08-10,821.0,5,0.0662337662337662,FIXED_HORIZON
NMDC-2023-08-02,NMDC,2023-08-02,2023-08-03,33.28852521023761,2023-08-10,32.87990219405727,5,-0.012275191333939506,FIXED_HORIZON
PETRONET-2023-08-02,PETRONET,2023-08-02,2023-08-03,198.8665516031515,2023-08-10,204.5131566178833,5,0.028393940404819462,FIXED_HORIZON
RAIN-2023-08-02,RAIN,2023-08-02,2023-08-03,161.2553285242061,2023-08-10,155.45760148366523,5,-0.03595370828115352,FIXED_HORIZON
REDINGTON-2023-08-02,REDINGTON,2023-08-02,2023-08-03,152.79736268363644,2023-08-10,145.58775593352433,5,-0.047184104643477554,FIXED_HORIZON
SAIL-2023-08-02,SAIL,2023-08-02,2023-08-03,89.6248315988438,2023-08-10,89.47972786139042,5,-0.0016190126649594516,FIXED_HORIZON
TATASTEEL-2023-08-02,TATASTEEL,2023-08-02,2023-08-03,111.40654126522053,2023-08-10,112.62665557861328,5,0.010951909102788537,FIXED_HORIZON
GODREJPROP-2023-08-03,GODREJPROP,2023-08-03,2023-08-04,1565.433103300063,2023-08-11,1529.6063360593923,5,-0.02288616943460886,FIXED_HORIZON
ICICIBANK-2023-08-03,ICICIBANK,2023-08-03,2023-08-04,937.3457361804816,2023-08-11,939.9391281743053,5,0.0027667400551596444,FIXED_HORIZON
INDIGO-2023-08-03,INDIGO,2023-08-03,2023-08-04,2460.9412385353935,2023-08-11,2552.4866645134766,5,0.0371993546796614,FIXED_HORIZON
LICHSGFIN-2023-08-03,LICHSGFIN,2023-08-03,2023-08-04,363.32539320753733,2023-08-11,400.5429357071932,5,0.10243584179759369,FIXED_HORIZON
TITAN-2023-08-03,TITAN,2023-08-03,2023-08-04,2892.204047203407,2023-08-11,2960.1027771142753,5,0.023476465976362437,FIXED_HORIZON
VEDL-2023-08-03,VEDL,2023-08-03,2023-08-04,207.03114071444483,2023-08-11,198.36755754370333,5,-0.04184676344266036,FIXED_HORIZON
ABBOTINDIA-2023-08-04,ABBOTINDIA,2023-08-04,2023-08-07,22799.78796983069,2023-08-14,22514.789878235617,5,-0.012500032542942519,FIXED_HORIZON
ABFRL-2023-08-04,ABFRL,2023-08-04,2023-08-07,209.0,2023-08-14,211.8000030517578,5,0.013397143788314914,FIXED_HORIZON
CUMMINSIND-2023-08-04,CUMMINSIND,2023-08-04,2023-08-07,1709.8265768132537,2023-08-14,1664.3207057177797,5,-0.026614319669943987,FIXED_HORIZON
DEVYANI-2023-08-04,DEVYANI,2023-08-04,2023-08-07,188.5,2023-08-14,198.25,5,0.051724137931034475,FIXED_HORIZON
HUDCO-2023-08-04,HUDCO,2023-08-04,2023-08-07,55.15667521567601,2023-08-14,60.27613213844937,5,0.09281663375747429,FIXED_HORIZON
KPIL-2023-08-04,KPIL,2023-08-04,2023-08-07,585.9350453163877,2023-08-14,627.242844789907,5,0.07049893977789701,FIXED_HORIZON
METROPOLIS-2023-08-04,METROPOLIS,2023-08-04,2023-08-07,339.99599086794916,2023-08-14,342.3307075297716,5,0.006866894682676428,FIXED_HORIZON
MGL-2023-08-04,MGL,2023-08-04,2023-08-07,984.7678638779151,2023-08-14,931.2142111507753,5,-0.05438200685819605,FIXED_HORIZON
SBIN-2023-08-04,SBIN,2023-08-04,2023-08-07,546.46297490863,2023-08-14,542.6272364301581,5,-0.007019210183660363,FIXED_HORIZON
BALKRISIND-2023-08-07,BALKRISIND,2023-08-07,2023-08-08,2322.6452575611174,2023-08-16,2321.330769995862,5,-0.0005659441797994935,FIXED_HORIZON
BRITANNIA-2023-08-07,BRITANNIA,2023-08-07,2023-08-08,4440.119987824114,2023-08-16,4301.963884520798,5,-0.03111539861133783,FIXED_HORIZON
GESHIP-2023-08-07,GESHIP,2023-08-07,2023-08-08,697.7394762115865,2023-08-16,666.1150192584143,5,-0.04532416185605381,FIXED_HORIZON
GSFC-2023-08-07,GSFC,2023-08-07,2023-08-08,143.70996459048854,2023-08-16,138.89235671138718,5,-0.03352313037463661,FIXED_HORIZON
INDIACEM-2023-08-07,INDIACEM,2023-08-07,2023-08-08,215.0,2023-08-16,250.60000610351562,5,0.1655814237372819,FIXED_HORIZON
MRF-2023-08-07,MRF,2023-08-07,2023-08-08,107695.95468150382,2023-08-16,104992.75846213433,5,-0.025100257733578046,FIXED_HORIZON
ADANIENT-2023-08-08,ADANIENT,2023-08-08,2023-08-09,2485.034020222413,2023-08-17,2451.678247910789,5,-0.013422662241315497,FIXED_HORIZON
BORORENEW-2023-08-08,BORORENEW,2023-08-08,2023-08-09,478.3999938964844,2023-08-17,464.79998779296875,5,-0.028428106766360872,FIXED_HORIZON
GODREJCP-2023-08-08,GODREJCP,2023-08-08,2023-08-09,958.2255917345445,2023-08-17,988.907972102296,5,0.03201999678615475,FIXED_HORIZON
GRAPHITE-2023-08-08,GRAPHITE,2023-08-08,2023-08-09,415.4124308693695,2023-08-17,410.3702462836181,5,-0.012137779736632215,FIXED_HORIZON
MEDPLUS-2023-08-08,MEDPLUS,2023-08-08,2023-08-09,905.0,2023-08-17,908.9000244140625,5,0.004309419242058077,FIXED_HORIZON
RAMCOCEM-2023-08-08,RAMCOCEM,2023-08-08,2023-08-09,843.5157008536918,2023-08-17,835.6259141669763,5,-0.009353455636605834,FIXED_HORIZON
BATAINDIA-2023-08-09,BATAINDIA,2023-08-09,2023-08-10,1558.5758458868852,2023-08-18,1629.5070349490857,5,0.04551025813045251,FIXED_HORIZON
DIVISLAB-2023-08-09,DIVISLAB,2023-08-09,2023-08-10,3659.3374242971645,2023-08-18,3608.037458493287,5,-0.014018921967473563,FIXED_HORIZON
EPL-2023-08-09,EPL,2023-08-09,2023-08-10,198.7263246164649,2023-08-18,181.40875262467512,5,-0.0871428182713695,FIXED_HORIZON
ASIANPAINT-2023-08-10,ASIANPAINT,2023-08-10,2023-08-11,3134.46112306324,2023-08-21,3058.9529056819197,5,-0.024089696575189223,FIXED_HORIZON
EQUITASBNK-2023-08-10,EQUITASBNK,2023-08-10,2023-08-11,86.39142519881433,2023-08-21,81.80033741693123,5,-0.05314286425206605,FIXED_HORIZON
GRANULES-2023-08-10,GRANULES,2023-08-10,2023-08-11,299.6557877620948,2023-08-21,290.7256792898069,5,-0.02980122139131769,FIXED_HORIZON
ICICIGI-2023-08-10,ICICIGI,2023-08-10,2023-08-11,1335.640771136315,2023-08-21,1292.6029969734238,5,-0.03222256694535919,FIXED_HORIZON
MOTHERSON-2023-08-10,MOTHERSON,2023-08-10,2023-08-11,64.92553289806226,2023-08-21,61.97138843601506,5,-0.04550050388782201,FIXED_HORIZON
PIDILITIND-2023-08-10,PIDILITIND,2023-08-10,2023-08-11,1250.9484034805585,2023-08-21,1215.3337794137838,5,-0.0284700983411329,FIXED_HORIZON
PRESTIGE-2023-08-10,PRESTIGE,2023-08-10,2023-08-11,558.5559314823638,2023-08-21,552.2426345857294,5,-0.01130289115340588,FIXED_HORIZON
ALKEM-2023-08-11,ALKEM,2023-08-11,2023-08-14,3728.5342609363843,2023-08-22,3732.477388275191,5,0.0010575542727657705,FIXED_HORIZON
APOLLOTYRE-2023-08-11,APOLLOTYRE,2023-08-11,2023-08-14,382.4920991938165,2023-08-22,385.14834160846806,5,0.006944568058399492,FIXED_HORIZON
CONCOR-2023-08-11,CONCOR,2023-08-11,2023-08-14,636.1658027093717,2023-08-22,632.482941980913,5,-0.005789152313396606,FIXED_HORIZON
MTARTECH-2023-08-11,MTARTECH,2023-08-11,2023-08-14,2222.199951171875,2023-08-22,2149.0,5,-0.03294030815421134,FIXED_HORIZON
TIINDIA-2023-08-11,TIINDIA,2023-08-11,2023-08-14,2839.007602020737,2023-08-22,2814.6932938771565,5,-0.00856436880488598,FIXED_HORIZON
TORNTPOWER-2023-08-11,TORNTPOWER,2023-08-11,2023-08-14,614.3770131709252,2023-08-22,611.0169265666344,5,-0.005469095575286409,FIXED_HORIZON
CHAMBLFERT-2023-08-14,CHAMBLFERT,2023-08-14,2023-08-16,234.76971114481924,2023-08-23,247.7673170270333,5,0.0553632145255587,FIXED_HORIZON
CUB-2023-08-14,CUB,2023-08-14,2023-08-16,88.6191668364168,2023-08-23,90.880236483353,5,0.025514453900361556,FIXED_HORIZON
ELGIEQUIP-2023-08-14,ELGIEQUIP,2023-08-14,2023-08-16,481.9147890219227,2023-08-23,463.5297980813868,5,-0.038149879105908835,FIXED_HORIZON
JINDALSTEL-2023-08-14,JINDALSTEL,2023-08-14,2023-08-16,656.3386025431581,2023-08-23,654.1543170122139,5,-0.0033279857721008055,FIXED_HORIZON
JKCEMENT-2023-08-14,JKCEMENT,2023-08-14,2023-08-16,3101.095251205948,2023-08-23,3106.0411945176024,5,0.0015949020945844605,FIXED_HORIZON
MUTHOOTFIN-2023-08-14,MUTHOOTFIN,2023-08-14,2023-08-16,1225.1782450005417,2023-08-23,1212.7706558731088,5,-0.010127170620326642,FIXED_HORIZON
NATIONALUM-2023-08-14,NATIONALUM,2023-08-14,2023-08-16,79.5977845744856,2023-08-23,78.63030880666145,5,-0.012154556474104017,FIXED_HORIZON
NYKAA-2023-08-14,NYKAA,2023-08-14,2023-08-16,134.0500030517578,2023-08-23,135.39999389648438,5,0.010070800551980064,FIXED_HORIZON
PNCINFRA-2023-08-14,PNCINFRA,2023-08-14,2023-08-16,330.4438936085343,2023-08-23,330.79225519150685,5,0.0010542230911527728,FIXED_HORIZON
RCF-2023-08-14,RCF,2023-08-14,2023-08-16,101.81335014746094,2023-08-23,107.10917840372296,5,0.052015067263692094,FIXED_HORIZON
SAIL-2023-08-14,SAIL,2023-08-14,2023-08-16,84.25605535097971,2023-08-23,83.53053365169615,5,-0.008610914625201804,FIXED_HORIZON
TIMKEN-2023-08-14,TIMKEN,2023-08-14,2023-08-16,3187.4121070485585,2023-08-23,3173.921464093547,5,-0.004232475281492065,FIXED_HORIZON
COFORGE-2023-08-16,COFORGE,2023-08-16,2023-08-17,985.8477245736283,2023-08-24,919.4353066544209,5,-0.06736579723600855,FIXED_HORIZON
CROMPTON-2023-08-16,CROMPTON,2023-08-16,2023-08-17,275.4197280019934,2023-08-24,303.03947920864687,5,0.10028239954711426,FIXED_HORIZON
INDUSTOWER-2023-08-16,INDUSTOWER,2023-08-16,2023-08-17,156.07615661621094,2023-08-24,157.81087671281185,5,0.011114574667971722,FIXED_HORIZON
BAJAJHLDNG-2023-08-17,BAJAJHLDNG,2023-08-17,2023-08-18,6849.6285858620295,2023-08-25,6851.305045213816,5,0.0002447518622026301,FIXED_HORIZON
EASEMYTRIP-2023-08-17,EASEMYTRIP,2023-08-17,2023-08-18,19.10164092497598,2023-08-25,19.774938178069387,5,0.03524813683483341,FIXED_HORIZON
TRITURBINE-2023-08-17,TRITURBINE,2023-08-17,2023-08-18,373.89779443623166,2023-08-25,380.76910248512365,5,0.018377503561508357,FIXED_HORIZON
PAGEIND-2023-08-18,PAGEIND,2023-08-18,2023-08-21,38403.446258615644,2023-08-28,37448.600470226454,5,-0.02486354432774307,FIXED_HORIZON
RAJESHEXPO-2023-08-21,RAJESHEXPO,2023-08-21,2023-08-22,532.0,2023-08-29,507.5,5,-0.046052631578947345,FIXED_HORIZON
ADANIPOWER-2023-08-23,ADANIPOWER,2023-08-23,2023-08-24,66.0,2023-08-31,62.79999923706055,5,-0.048484860044537115,FIXED_HORIZON
BORORENEW-2023-08-23,BORORENEW,2023-08-23,2023-08-24,432.0,2023-08-31,441.29998779296875,5,0.021527749520761086,FIXED_HORIZON
SONACOMS-2023-08-23,SONACOMS,2023-08-23,2023-08-24,580.7711095631831,2023-08-31,571.8776708629134,5,-0.015313156170868703,FIXED_HORIZON
CAMPUS-2023-08-24,CAMPUS,2023-08-24,2023-08-25,291.9063282885205,2023-09-01,298.7834335290294,5,0.02355928794291695,FIXED_HORIZON
CAMS-2023-08-24,CAMS,2023-08-24,2023-08-25,463.2156932393894,2023-09-01,452.3449864877085,5,-0.023467915509639004,FIXED_HORIZON
DRREDDY-2023-08-25,DRREDDY,2023-08-25,2023-08-28,1134.756172070122,2023-09-04,1096.4728530550146,5,-0.03373704409579681,FIXED_HORIZON
TVSMOTOR-2023-08-25,TVSMOTOR,2023-08-25,2023-08-28,1321.566335211733,2023-09-04,1444.1889362124737,5,0.09278580857698282,FIXED_HORIZON
RAJESHEXPO-2023-08-29,RAJESHEXPO,2023-08-29,2023-08-30,492.0,2023-09-06,516.0,5,0.04878048780487809,FIXED_HORIZON
UNIONBANK-2023-08-29,UNIONBANK,2023-08-29,2023-08-30,80.04326870349014,2023-09-06,82.65189231687691,5,0.03259016848812202,FIXED_HORIZON
HINDPETRO-2023-08-30,HINDPETRO,2023-08-30,2023-08-31,149.11621061849104,2023-09-07,147.93227668780986,5,-0.007939672861659752,FIXED_HORIZON
AMBUJACEM-2023-08-31,AMBUJACEM,2023-08-31,2023-09-01,422.61654579501936,2023-09-08,434.97227836624484,5,0.029236272678302422,FIXED_HORIZON
ASHOKLEY-2023-08-31,ASHOKLEY,2023-08-31,2023-09-01,85.3316432291711,2023-09-08,85.03126040419168,5,-0.0035201809506082427,FIXED_HORIZON
BPCL-2023-08-31,BPCL,2023-08-31,2023-09-01,145.22240959894935,2023-09-08,151.0560060880859,5,0.04017008466700678,FIXED_HORIZON
BRITANNIA-2023-08-31,BRITANNIA,2023-08-31,2023-09-01,4288.9293048121235,2023-09-08,4351.897437578097,5,0.014681550636734597,FIXED_HORIZON
EICHERMOT-2023-08-31,EICHERMOT,2023-08-31,2023-09-01,3236.9796593030546,2023-09-08,3288.191438441637,5,0.015820852933505547,FIXED_HORIZON
IOC-2023-08-31,IOC,2023-08-31,2023-09-01,75.85539487533102,2023-09-08,78.27494603248456,5,0.03189688961648818,FIXED_HORIZON
PFC-2023-08-31,PFC,2023-08-31,2023-09-01,180.7200184201241,2023-09-08,192.29652236047332,5,0.06405767353031733,FIXED_HORIZON
TATAELXSI-2023-08-31,TATAELXSI,2023-08-31,2023-09-01,7022.717348366254,2023-09-08,7128.443142852213,5,0.015054826962465517,FIXED_HORIZON
TORNTPHARM-2023-08-31,TORNTPHARM,2023-08-31,2023-09-01,1797.293122679909,2023-09-08,1844.1198970693213,5,0.026054055289317368,FIXED_HORIZON
HDFCAMC-2023-09-01,HDFCAMC,2023-09-01,2023-09-04,1152.8759919332467,2023-09-11,1197.2355239973408,5,0.038477279754701055,FIXED_HORIZON
EIHOTEL-2023-09-04,EIHOTEL,2023-09-04,2023-09-05,249.92885353346867,2023-09-12,250.769363905376,5,0.0033629985494842973,FIXED_HORIZON
ICICIPRULI-2023-09-05,ICICIPRULI,2023-09-05,2023-09-06,533.7322644662395,2023-09-13,550.7827375737131,5,0.03194574179345344,FIXED_HORIZON
PHOENIXLTD-2023-09-06,PHOENIXLTD,2023-09-06,2023-09-07,899.0799034189453,2023-09-14,904.1505296244322,5,0.005639794846047375,FIXED_HORIZON
KAJARIACER-2023-09-07,KAJARIACER,2023-09-07,2023-09-08,1402.0930722798203,2023-09-15,1356.3599479942293,5,-0.03261775212342244,FIXED_HORIZON
NATCOPHARM-2023-09-08,NATCOPHARM,2023-09-08,2023-09-11,850.1022528374444,2023-09-18,869.0646622812635,5,0.022306033633632927,FIXED_HORIZON
NHPC-2023-09-08,NHPC,2023-09-08,2023-09-11,50.032517196684246,2023-09-18,51.296193843845046,5,0.025257107136807067,FIXED_HORIZON
PVRINOX-2023-09-11,PVRINOX,2023-09-11,2023-09-12,1800.0,2023-09-20,1701.0,5,-0.05500000000000005,FIXED_HORIZON
SHYAMMETL-2023-09-11,SHYAMMETL,2023-09-11,2023-09-12,429.0491910750962,2023-09-20,431.95550276593025,5,0.006773842606605296,FIXED_HORIZON
AARTIIND-2023-09-12,AARTIIND,2023-09-12,2023-09-13,495.95701273211284,2023-09-21,503.9241993351645,5,0.01606426847190301,FIXED_HORIZON
ABB-2023-09-12,ABB,2023-09-12,2023-09-13,4293.954336351549,2023-09-21,4222.047276794778,5,-0.016746116498730257,FIXED_HORIZON
ABFRL-2023-09-12,ABFRL,2023-09-12,2023-09-13,224.35000610351562,2023-09-21,222.3000030517578,5,-0.009137521711552465,FIXED_HORIZON
ABREL-2023-09-12,ABREL,2023-09-12,2023-09-13,1013.8919285455485,2023-09-21,1022.3501235504642,5,0.008342304309542303,FIXED_HORIZON
AFFLE-2023-09-12,AFFLE,2023-09-12,2023-09-13,1106.0,2023-09-21,1092.5,5,-0.01220614828209765,FIXED_HORIZON
ATUL-2023-09-12,ATUL,2023-09-12,2023-09-13,7248.456307625614,2023-09-21,7069.470019149647,5,-0.024693021642093305,FIXED_HORIZON
BALKRISIND-2023-09-12,BALKRISIND,2023-09-12,2023-09-13,2355.341215366459,2023-09-21,2488.192115685569,5,0.056404099521707884,FIXED_HORIZON
BALRAMCHIN-2023-09-12,BALRAMCHIN,2023-09-12,2023-09-13,393.4963568057117,2023-09-21,431.322187545222,5,0.09612752465250085,FIXED_HORIZON
BDL-2023-09-12,BDL,2023-09-12,2023-09-13,532.249503324115,2023-09-21,514.5722359539435,5,-0.03321236987497367,FIXED_HORIZON
BEL-2023-09-12,BEL,2023-09-12,2023-09-13,131.86348332136367,2023-09-21,133.81702280661537,5,0.014814863342345719,FIXED_HORIZON
BEML-2023-09-12,BEML,2023-09-12,2023-09-13,1154.372735261244,2023-09-21,1154.3728329082871,5,8.458883349327095e-08,FIXED_HORIZON
BHEL-2023-09-12,BHEL,2023-09-12,2023-09-13,126.1704633148958,2023-09-21,122.24472088880941,5,-0.031114591505371103,FIXED_HORIZON
BIKAJI-2023-09-12,BIKAJI,2023-09-12,2023-09-13,493.4681217534168,2023-09-21,483.26530720818903,5,-0.020675731816220733,FIXED_HORIZON
BIOCON-2023-09-12,BIOCON,2023-09-12,2023-09-13,266.25523886395143,2023-09-21,273.9251526107502,5,0.02880662096837794,FIXED_HORIZON
BLS-2023-09-12,BLS,2023-09-12,2023-09-13,273.34819454354056,2023-09-21,266.3914462637195,5,-0.025450134365943122,FIXED_HORIZON
BOSCHLTD-2023-09-12,BOSCHLTD,2023-09-12,2023-09-13,18498.40170221705,2023-09-21,18777.055056712627,5,0.015063644901936568,FIXED_HORIZON
BPCL-2023-09-12,BPCL,2023-09-12,2023-09-13,149.28888964364958,2023-09-21,150.31084891526655,5,0.0068455145862251765,FIXED_HORIZON
BRIGADE-2023-09-12,BRIGADE,2023-09-12,2023-09-13,454.03950599886406,2023-09-21,435.43130992355555,5,-0.040983649725306215,FIXED_HORIZON
CANFINHOME-2023-09-12,CANFINHOME,2023-09-12,2023-09-13,728.8081562987111,2023-09-21,741.3165511308525,5,0.017162808516943517,FIXED_HORIZON
CASTROLIND-2023-09-12,CASTROLIND,2023-09-12,2023-09-13,126.14199822906305,2023-09-21,122.93607709833245,5,-0.025415176354737334,FIXED_HORIZON
CENTRALBK-2023-09-12,CENTRALBK,2023-09-12,2023-09-13,36.240015948502965,2023-09-21,47.420456816955664,5,0.30851092572200023,FIXED_HORIZON
CESC-2023-09-12,CESC,2023-09-12,2023-09-13,75.44103843853397,2023-09-21,78.55517532624991,5,0.04127908300537508,FIXED_HORIZON
CLEAN-2023-09-12,CLEAN,2023-09-12,2023-09-13,1415.4748971025372,2023-09-21,1418.838773461409,5,0.002376500187857511,FIXED_HORIZON
CRAFTSMAN-2023-09-12,CRAFTSMAN,2023-09-12,2023-09-13,4695.110558367272,2023-09-21,4760.557835233378,5,0.013939453832342963,FIXED_HORIZON
CREDITACC-2023-09-12,CREDITACC,2023-09-12,2023-09-13,1376.9811685571663,2023-09-21,1344.8856713885018,5,-0.023308595572367086,FIXED_HORIZON
DEEPAKFERT-2023-09-12,DEEPAKFERT,2023-09-12,2023-09-13,613.3230701241858,2023-09-21,612.4425398121894,5,-0.0014356712716158126,FIXED_HORIZON
DELTACORP-2023-09-12,DELTACORP,2023-09-12,2023-09-13,172.37043734570946,2023-09-21,171.1119130008103,5,-0.007301277204368017,FIXED_HORIZON
DEVYANI-2023-09-12,DEVYANI,2023-09-12,2023-09-13,207.0,2023-09-21,207.0,5,0.0,FIXED_HORIZON
EIDPARRY-2023-09-12,EIDPARRY,2023-09-12,2023-09-13,502.5521441574233,2023-09-21,538.6081177625503,5,0.07174573628688474,FIXED_HORIZON
ENGINERSIN-2023-09-12,ENGINERSIN,2023-09-12,2023-09-13,140.76676279182104,2023-09-21,140.0995859043718,5,-0.004739591038517621,FIXED_HORIZON
FINCABLES-2023-09-12,FINCABLES,2023-09-12,2023-09-13,1067.2574005885908,2023-09-21,1057.5190038161259,5,-0.009124693599776634,FIXED_HORIZON
FIVESTAR-2023-09-12,FIVESTAR,2023-09-12,2023-09-13,677.1864115108646,2023-09-21,693.1727425753373,5,0.02360698737118172,FIXED_HORIZON
FLUOROCHEM-2023-09-12,FLUOROCHEM,2023-09-12,2023-09-13,2998.9892945409088,2023-09-21,3003.4795831222687,5,0.0014972672925286368,FIXED_HORIZON
FSL-2023-09-12,FSL,2023-09-12,2023-09-13,150.64190684640107,2023-09-21,155.63478133388298,5,0.03314399420456615,FIXED_HORIZON
GAEL-2023-09-12,GAEL,2023-09-12,2023-09-13,135.56371449530593,2023-09-21,136.80535171855954,5,0.009159067585866376,FIXED_HORIZON
GAIL-2023-09-12,GAIL,2023-09-12,2023-09-13,110.90615893920352,2023-09-21,111.4917754873087,5,0.005280288792854249,FIXED_HORIZON
GICRE-2023-09-12,GICRE,2023-09-12,2023-09-13,197.59561985529177,2023-09-21,217.08958014500894,5,0.09865583206749973,FIXED_HORIZON
GNFC-2023-09-12,GNFC,2023-09-12,2023-09-13,563.6872829230268,2023-09-21,572.9439803689098,5,0.01642168934144106,FIXED_HORIZON
GPPL-2023-09-12,GPPL,2023-09-12,2023-09-13,111.15932948357677,2023-09-21,111.64571162883036,5,0.004375540474319317,FIXED_HORIZON
GRAPHITE-2023-09-12,GRAPHITE,2023-09-12,2023-09-13,459.508110939416,2023-09-21,475.6812881245485,5,0.03519671753359943,FIXED_HORIZON
GREENPANEL-2023-09-12,GREENPANEL,2023-09-12,2023-09-13,377.11884092488503,2023-09-21,380.1461166736091,5,0.008027378693940657,FIXED_HORIZON
HAPPSTMNDS-2023-09-12,HAPPSTMNDS,2023-09-12,2023-09-13,904.8657870933658,2023-09-21,896.2343054905845,5,-0.009538963375450016,FIXED_HORIZON
HEG-2023-09-12,HEG,2023-09-12,2023-09-13,336.3592763909467,2023-09-21,341.0862394879555,5,0.014053315691863633,FIXED_HORIZON
HINDPETRO-2023-09-12,HINDPETRO,2023-09-12,2023-09-13,145.6799517905811,2023-09-21,149.0006997207546,5,0.022794817607759477,FIXED_HORIZON
HINDUNILVR-2023-09-12,HINDUNILVR,2023-09-12,2023-09-13,2355.8577428337417,2023-09-21,2329.4083423668044,5,-0.011227078777312993,FIXED_HORIZON
IBREALEST-2023-09-12,IBREALEST,2023-09-12,2023-09-13,74.0999984741211,2023-09-21,79.30000305175781,5,0.07017550181803012,FIXED_HORIZON
IDBI-2023-09-12,IDBI,2023-09-12,2023-09-13,63.365464025889004,2023-09-21,67.98786214934381,5,0.07294822494421016,FIXED_HORIZON
IEX-2023-09-12,IEX,2023-09-12,2023-09-13,124.86365061763738,2023-09-21,124.58125840770983,5,-0.002261604626572211,FIXED_HORIZON
IIFL-2023-09-12,IIFL,2023-09-12,2023-09-13,574.0607860259091,2023-09-21,581.063893578006,5,0.012199243917317082,FIXED_HORIZON
INDIACEM-2023-09-12,INDIACEM,2023-09-12,2023-09-13,235.5,2023-09-21,237.0,5,0.006369426751592355,FIXED_HORIZON
INTELLECT-2023-09-12,INTELLECT,2023-09-12,2023-09-13,660.4316159308927,2023-09-21,710.6301325295702,5,0.0760086515966103,FIXED_HORIZON
IOB-2023-09-12,IOB,2023-09-12,2023-09-13,32.29999923706055,2023-09-21,44.400001525878906,5,0.3746130828057417,FIXED_HORIZON
IOC-2023-09-12,IOC,2023-09-12,2023-09-13,78.02027152350213,2023-09-21,78.02026745970511,5,-5.2086424950914534e-08,FIXED_HORIZON
IRCTC-2023-09-12,IRCTC,2023-09-12,2023-09-13,667.8003060803836,2023-09-21,657.089564595286,5,-0.01603883883786117,FIXED_HORIZON
JAMNAAUTO-2023-09-12,JAMNAAUTO,2023-09-12,2023-09-13,109.51068693047914,2023-09-21,114.84337827404833,5,0.04869562499370095,FIXED_HORIZON
KIMS-2023-09-12,KIMS,2023-09-12,2023-09-13,417.9800109863281,2023-09-21,393.20001220703125,5,-0.05928512878121206,FIXED_HORIZON
KRBL-2023-09-12,KRBL,2023-09-12,2023-09-13,405.048077602283,2023-09-21,404.852371096204,5,-0.0004831685839308264,FIXED_HORIZON
LAURUSLABS-2023-09-12,LAURUSLABS,2023-09-12,2023-09-13,377.211259405622,2023-09-21,393.2141308543045,5,0.04242416165916807,FIXED_HORIZON
LICI-2023-09-12,LICI,2023-09-12,2023-09-13,315.3104897115127,2023-09-21,313.1130228643467,5,-0.006969215801150508,FIXED_HORIZON
LINDEINDIA-2023-09-12,LINDEINDIA,2023-09-12,2023-09-13,6076.538086432729,2023-09-21,5910.129244996006,5,-0.027385468348872788,FIXED_HORIZON
LXCHEM-2023-09-12,LXCHEM,2023-09-12,2023-09-13,288.86159163540725,2023-09-21,286.6261943700532,5,-0.0077386448392055,FIXED_HORIZON
MAHABANK-2023-09-12,MAHABANK,2023-09-12,2023-09-13,37.745011174401576,2023-09-21,42.80836410465863,5,0.13414628245469928,FIXED_HORIZON
MAPMYINDIA-2023-09-12,MAPMYINDIA,2023-09-12,2023-09-13,1626.5547207178704,2023-09-21,1709.0251137540693,5,0.05070250141956545,FIXED_HORIZON
MAZDOCK-2023-09-12,MAZDOCK,2023-09-12,2023-09-13,1012.9229401522621,2023-09-21,1087.8045214034187,5,0.07392623691581157,FIXED_HORIZON
MGL-2023-09-12,MGL,2023-09-12,2023-09-13,946.3635260151551,2023-09-21,972.5474500331767,5,0.027667934465177346,FIXED_HORIZON
MOTHERSON-2023-09-12,MOTHERSON,2023-09-12,2023-09-13,63.80952047738269,2023-09-21,64.66293617159849,5,0.013374425757019859,FIXED_HORIZON
MRF-2023-09-12,MRF,2023-09-12,2023-09-13,107588.21138970023,2023-09-21,108493.44307687732,5,0.008413855714156426,FIXED_HORIZON
MRPL-2023-09-12,MRPL,2023-09-12,2023-09-13,87.84040037910462,2023-09-21,92.08296866812893,5,0.04829859917206747,FIXED_HORIZON
NATIONALUM-2023-09-12,NATIONALUM,2023-09-12,2023-09-13,83.90751268529216,2023-09-21,84.67224682089574,5,0.009114012692425177,FIXED_HORIZON
NBCC-2023-09-12,NBCC,2023-09-12,2023-09-13,35.78910476814179,2023-09-21,38.58971298136213,5,0.07825309493947863,FIXED_HORIZON
NCC-2023-09-12,NCC,2023-09-12,2023-09-13,147.62695680727109,2023-09-21,147.67537321242696,5,0.0003279645276377252,FIXED_HORIZON
NLCINDIA-2023-09-12,NLCINDIA,2023-09-12,2023-09-13,121.83706099953842,2023-09-21,127.80376986337183,5,0.048972856164480216,FIXED_HORIZON
NTPC-2023-09-12,NTPC,2023-09-12,2023-09-13,220.76713269617068,2023-09-21,224.46060654350828,5,0.016730179905994902,FIXED_HORIZON
OFSS-2023-09-12,OFSS,2023-09-12,2023-09-13,3775.9098069927504,2023-09-21,3776.85354695409,5,0.00024993710379184186,FIXED_HORIZON
OIL-2023-09-12,OIL,2023-09-12,2023-09-13,169.04577235038457,2023-09-21,172.48752949028113,5,0.020359912537550873,FIXED_HORIZON
PCBL-2023-09-12,PCBL,2023-09-12,2023-09-13,152.59654687611544,2023-09-21,153.72341280477096,5,0.007384609624032645,FIXED_HORIZON
PETRONET-2023-09-12,PETRONET,2023-09-12,2023-09-13,210.60130550788037,2023-09-21,213.9995742384544,5,0.01613602879801168,FIXED_HORIZON
PFC-2023-09-12,PFC,2023-09-12,2023-09-13,199.75612405181735,2023-09-21,201.97290807109886,5,0.011097452104679828,FIXED_HORIZON
POLYCAB-2023-09-12,POLYCAB,2023-09-12,2023-09-13,4877.742680597698,2023-09-21,5221.579013364909,5,0.07049087155312561,FIXED_HORIZON
POONAWALLA-2023-09-12,POONAWALLA,2023-09-12,2023-09-13,376.40522832822535,2023-09-21,371.5259328471578,5,-0.012962879136239946,FIXED_HORIZON
POWERGRID-2023-09-12,POWERGRID,2023-09-12,2023-09-13,174.44467163085938,2023-09-21,185.09916774510071,5,0.06107664977458982,FIXED_HORIZON
PPLPHARMA-2023-09-12,PPLPHARMA,2023-09-12,2023-09-13,98.86411018741941,2023-09-21,99.61308509028459,5,0.007575801789398762,FIXED_HORIZON
RAIN-2023-09-12,RAIN,2023-09-12,2023-09-13,164.30157209700934,2023-09-21,167.7900570800875,5,0.021232206962806366,FIXED_HORIZON
RCF-2023-09-12,RCF,2023-09-12,2023-09-13,118.51189603039136,2023-09-21,122.9012248064299,5,0.03703703107503187,FIXED_HORIZON
RECLTD-2023-09-12,RECLTD,2023-09-12,2023-09-13,217.47094380607402,2023-09-21,223.6092226568808,5,0.02822574245265841,FIXED_HORIZON
RHIM-2023-09-12,RHIM,2023-09-12,2023-09-13,715.7185404612912,2023-09-21,750.9239584434703,5,0.04918891434541939,FIXED_HORIZON
RITES-2023-09-12,RITES,2023-09-12,2023-09-13,240.43014885174998,2023-09-21,233.6102490153416,5,-0.028365410365459476,FIXED_HORIZON
RTNINDIA-2023-09-12,RTNINDIA,2023-09-12,2023-09-13,56.849998474121094,2023-09-21,57.04999923706055,5,0.003518043417898964,FIXED_HORIZON
RVNL-2023-09-12,RVNL,2023-09-12,2023-09-13,163.80413818359375,2023-09-21,160.81329536089237,5,-0.018258652411755394,FIXED_HORIZON
SAIL-2023-09-12,SAIL,2023-09-12,2023-09-13,91.36606250634334,2023-09-21,92.86093610853001,5,0.016361366148211598,FIXED_HORIZON
SAPPHIRE-2023-09-12,SAPPHIRE,2023-09-12,2023-09-13,293.79998779296875,2023-09-21,290.3999938964844,5,-0.011572478004594933,FIXED_HORIZON
SCHAEFFLER-2023-09-12,SCHAEFFLER,2023-09-12,2023-09-13,3386.923826908998,2023-09-21,3100.029535893501,5,-0.0847064491784939,FIXED_HORIZON
STLTECH-2023-09-12,STLTECH,2023-09-12,2023-09-13,163.10000610351562,2023-09-21,163.5500030517578,5,0.002759024717366332,FIXED_HORIZON
TIINDIA-2023-09-12,TIINDIA,2023-09-12,2023-09-13,3343.233207611283,2023-09-21,3364.8567555958766,5,0.00646785510964798,FIXED_HORIZON
UCOBANK-2023-09-12,UCOBANK,2023-09-12,2023-09-13,32.688508421996424,2023-09-21,42.39366795709509,5,0.2968982068502082,FIXED_HORIZON
UNITDSPR-2023-09-12,UNITDSPR,2023-09-12,2023-09-13,1007.5988587267934,2023-09-21,1008.6191287595499,5,0.0010125756137175923,FIXED_HORIZON
VEDL-2023-09-12,VEDL,2023-09-12,2023-09-13,188.56510128304404,2023-09-21,188.56511893708907,5,9.362307706872741e-08,FIXED_HORIZON
VOLTAS-2023-09-12,VOLTAS,2023-09-12,2023-09-13,864.6094655127531,2023-09-21,859.3251136232617,5,-0.006111836731231612,FIXED_HORIZON
WELCORP-2023-09-12,WELCORP,2023-09-12,2023-09-13,351.88869473789987,2023-09-21,390.34888702588626,5,0.10929647034166012,FIXED_HORIZON
WELSPUNLIV-2023-09-12,WELSPUNLIV,2023-09-12,2023-09-13,116.30343794840769,2023-09-21,121.43520267315483,5,0.044123929741643586,FIXED_HORIZON
YESBANK-2023-09-12,YESBANK,2023-09-12,2023-09-13,17.5,2023-09-21,18.049999237060547,5,0.031428527832031206,FIXED_HORIZON
MAXHEALTH-2023-09-13,MAXHEALTH,2023-09-13,2023-09-14,583.9736711981787,2023-09-22,553.2669485792195,5,-0.05258237508543173,FIXED_HORIZON
NAUKRI-2023-09-13,NAUKRI,2023-09-13,2023-09-14,869.4085716264065,2023-09-22,873.9111451555478,5,0.005178892497825771,FIXED_HORIZON
AJANTPHARM-2023-09-15,AJANTPHARM,2023-09-15,2023-09-18,1666.1950547410702,2023-09-26,1622.2782067262656,5,-0.026357567134676962,FIXED_HORIZON
INDIGO-2023-09-15,INDIGO,2023-09-15,2023-09-18,2400.94268810259,2023-09-26,2380.9764163065574,5,-0.008316013495437313,FIXED_HORIZON
JSL-2023-09-15,JSL,2023-09-15,2023-09-18,484.10530056355464,2023-09-26,436.0594501239404,5,-0.09924669360918648,FIXED_HORIZON
ZFCVINDIA-2023-09-15,ZFCVINDIA,2023-09-15,2023-09-18,2565.9633269894257,2023-09-26,2552.188495855996,5,-0.005368288388435949,FIXED_HORIZON
SYNGENE-2023-09-18,SYNGENE,2023-09-18,2023-09-20,794.8023275076205,2023-09-27,765.9410518408772,5,-0.03631252031841403,FIXED_HORIZON
CCL-2023-09-20,CCL,2023-09-20,2023-09-21,619.6145210954818,2023-09-28,623.5549268804489,5,0.006359447125287465,FIXED_HORIZON
HDFCBANK-2023-09-20,HDFCBANK,2023-09-20,2023-09-21,743.5254363384076,2023-09-28,734.4288841265327,5,-0.012234352407191507,FIXED_HORIZON
JSWSTEEL-2023-09-20,JSWSTEEL,2023-09-20,2023-09-21,777.2898601888292,2023-09-28,768.1395049603233,5,-0.011772127358361417,FIXED_HORIZON
PIIND-2023-09-20,PIIND,2023-09-20,2023-09-21,3453.9273279495364,2023-09-28,3416.4276294869737,5,-0.010857118549979727,FIXED_HORIZON
RELIANCE-2023-09-20,RELIANCE,2023-09-20,2023-09-21,1173.3256379048928,2023-09-28,1177.3025356797164,5,0.003389423742521158,FIXED_HORIZON
ANURAS-2023-09-21,ANURAS,2023-09-21,2023-09-22,875.9465989945014,2023-09-29,878.441153625354,5,0.002847838708108563,FIXED_HORIZON
APOLLOTYRE-2023-09-21,APOLLOTYRE,2023-09-21,2023-09-22,356.2199205264209,2023-09-29,357.33071635307755,5,0.003118286661271341,FIXED_HORIZON
BAJAJFINSV-2023-09-21,BAJAJFINSV,2023-09-21,2023-09-22,1524.9917249657797,2023-09-29,1544.9522709635205,5,0.013088953645429724,FIXED_HORIZON
KPITTECH-2023-09-21,KPITTECH,2023-09-21,2023-09-22,1061.567753682106,2023-09-29,1118.3465089891774,5,0.05348575737170913,FIXED_HORIZON
METROPOLIS-2023-09-21,METROPOLIS,2023-09-21,2023-09-22,351.4583149235456,2023-09-29,349.33474569981877,5,-0.006042165268415278,FIXED_HORIZON
SBIN-2023-09-21,SBIN,2023-09-21,2023-09-22,562.0896643296132,2023-09-29,561.4740302773386,5,-0.0010952595134602339,FIXED_HORIZON
SJVN-2023-09-21,SJVN,2023-09-21,2023-09-22,66.16122665288488,2023-09-29,69.72595084446736,5,0.05387935459970872,FIXED_HORIZON
STARHEALTH-2023-09-21,STARHEALTH,2023-09-21,2023-09-22,619.0,2023-09-29,606.5999755859375,5,-0.020032349618840928,FIXED_HORIZON
ALKEM-2023-09-22,ALKEM,2023-09-22,2023-09-25,3458.574011587923,2023-10-03,3533.87690574118,5,0.021772815588434913,FIXED_HORIZON
KEI-2023-09-22,KEI,2023-09-22,2023-09-25,2423.175212775872,2023-10-03,2651.338520666334,5,0.094158815543961,FIXED_HORIZON
LUPIN-2023-09-22,LUPIN,2023-09-22,2023-09-25,1079.6113596008454,2023-10-03,1150.341243507932,5,0.06551420868083202,FIXED_HORIZON
NAUKRI-2023-09-22,NAUKRI,2023-09-22,2023-09-25,847.378439331119,2023-10-03,816.1855381230489,5,-0.03681106310976279,FIXED_HORIZON
ZYDUSLIFE-2023-09-22,ZYDUSLIFE,2023-09-22,2023-09-25,582.4280692840509,2023-10-03,607.3568738526635,5,0.0428015164160207,FIXED_HORIZON
BERGEPAINT-2023-09-25,BERGEPAINT,2023-09-25,2023-09-26,600.996220350862,2023-10-04,550.0559443721065,5,-0.08475972768849782,FIXED_HORIZON
DELTACORP-2023-09-25,DELTACORP,2023-09-25,2023-09-26,134.8565146646624,2023-10-04,132.82350618721028,5,-0.015075344950946201,FIXED_HORIZON
VEDL-2023-09-27,VEDL,2023-09-27,2023-09-28,170.0176955809054,2023-10-06,181.1216922076133,5,0.06531082890382955,FIXED_HORIZON
ASIANPAINT-2023-09-28,ASIANPAINT,2023-09-28,2023-09-29,3092.9315375958636,2023-10-09,3039.7371489803686,5,-0.01719869579035138,FIXED_HORIZON
AUBANK-2023-09-28,AUBANK,2023-09-28,2023-09-29,721.4653945258742,2023-10-09,705.3265746555248,5,-0.022369499622300393,FIXED_HORIZON
COLPAL-2023-09-28,COLPAL,2023-09-28,2023-09-29,1860.0141313036559,2023-10-09,1847.8791861157213,5,-0.006524114512737267,FIXED_HORIZON
CUMMINSIND-2023-09-28,CUMMINSIND,2023-09-28,2023-09-29,1601.8704369865618,2023-10-09,1635.9036833805355,5,0.02124594199890284,FIXED_HORIZON
DABUR-2023-09-28,DABUR,2023-09-28,2023-09-29,525.9442147734408,2023-10-09,520.4346739722524,5,-0.010475523157074118,FIXED_HORIZON
FEDERALBNK-2023-09-28,FEDERALBNK,2023-09-28,2023-09-29,146.481858704025,2023-10-09,142.88752895258415,5,-0.024537712609883022,FIXED_HORIZON
HAPPSTMNDS-2023-09-28,HAPPSTMNDS,2023-09-28,2023-09-29,849.2937220362221,2023-10-09,819.5195144553352,5,-0.03505760940926517,FIXED_HORIZON
HONAUT-2023-09-28,HONAUT,2023-09-28,2023-09-29,38869.24470721074,2023-10-09,38695.79068181934,5,-0.0044625005373264415,FIXED_HORIZON
ICICIGI-2023-09-28,ICICIGI,2023-09-28,2023-09-29,1253.0413049200845,2023-10-09,1287.6577842239808,5,0.02762596824859176,FIXED_HORIZON
KOTAKBANK-2023-09-28,KOTAKBANK,2023-09-28,2023-09-29,347.4170635482368,2023-10-09,344.6281729460851,5,-0.008027500358411377,FIXED_HORIZON
LTM-2023-09-28,LTM,2023-09-28,2023-09-29,5046.694738023011,2023-10-09,4999.678851032618,5,-0.009316174135947763,FIXED_HORIZON
MUTHOOTFIN-2023-09-28,MUTHOOTFIN,2023-09-28,2023-09-29,1172.9404057755637,2023-10-09,1158.6497504173872,5,-0.01218361588347483,FIXED_HORIZON
PGHH-2023-09-28,PGHH,2023-09-28,2023-09-29,16918.469842315648,2023-10-09,16823.51732869278,5,-0.005612358239713733,FIXED_HORIZON
TECHM-2023-09-28,TECHM,2023-09-28,2023-09-29,1116.1933838052994,2023-10-09,1097.2710435765791,5,-0.016952564406187975,FIXED_HORIZON
WHIRLPOOL-2023-09-28,WHIRLPOOL,2023-09-28,2023-09-29,1605.2349853515625,2023-10-09,1606.1734212239585,5,0.000584609655881918,FIXED_HORIZON
FINCABLES-2023-09-29,FINCABLES,2023-09-29,2023-10-03,1113.0329185260728,2023-10-10,1026.30123448918,5,-0.0779237366597807,FIXED_HORIZON
NAVINFLUOR-2023-09-29,NAVINFLUOR,2023-09-29,2023-10-03,3764.8950285126284,2023-10-10,3704.4583341436855,5,-0.016052690423302263,FIXED_HORIZON
EICHERMOT-2023-10-03,EICHERMOT,2023-10-03,2023-10-04,3236.9796819631983,2023-10-11,3364.5262891956468,5,0.03940296812585875,FIXED_HORIZON
FLUOROCHEM-2023-10-03,FLUOROCHEM,2023-10-03,2023-10-04,2925.5805303644006,2023-10-11,2795.8766537602787,5,-0.04433440654185872,FIXED_HORIZON
ONGC-2023-10-03,ONGC,2023-10-03,2023-10-04,159.00974496749322,2023-10-11,158.96661591866038,5,-0.0002712352556860642,FIXED_HORIZON
SIEMENS-2023-10-03,SIEMENS,2023-10-03,2023-10-04,2069.7994988102987,2023-10-11,2102.267037199912,5,0.015686320538909948,FIXED_HORIZON
AXISBANK-2023-10-04,AXISBANK,2023-10-04,2023-10-05,997.606229461282,2023-10-12,1019.5535749269535,5,0.022000008437721208,FIXED_HORIZON
LTF-2023-10-04,LTF,2023-10-04,2023-10-05,126.34524536132812,2023-10-12,128.31489111490808,5,0.015589393553727016,FIXED_HORIZON
M&MFIN-2023-10-04,M&MFIN,2023-10-04,2023-10-05,271.14619903625896,2023-10-12,273.0161343671329,5,0.006896409898129896,FIXED_HORIZON
MANAPPURAM-2023-10-04,MANAPPURAM,2023-10-04,2023-10-05,138.65010200662817,2023-10-12,139.60630802290007,5,0.006896540301327692,FIXED_HORIZON
SBIN-2023-10-04,SBIN,2023-10-04,2023-10-05,558.7749204115613,2023-10-12,559.5326085412145,5,0.0013559809182113192,FIXED_HORIZON
MARICO-2023-10-05,MARICO,2023-10-05,2023-10-06,525.7230770396242,2023-10-13,517.9253934724354,5,-0.014832302228576233,FIXED_HORIZON
ADANIPORTS-2023-10-09,ADANIPORTS,2023-10-09,2023-10-10,789.9413062120726,2023-10-17,801.2396176171226,5,0.014302722640530785,FIXED_HORIZON
CARBORUNIV-2023-10-09,CARBORUNIV,2023-10-09,2023-10-10,1125.4210833826905,2023-10-17,1155.9274730107227,5,0.0271066448625068,FIXED_HORIZON
GMRAIRPORT-2023-10-09,GMRAIRPORT,2023-10-09,2023-10-10,58.0,2023-10-17,59.0,5,0.01724137931034475,FIXED_HORIZON
RAJESHEXPO-2023-10-09,RAJESHEXPO,2023-10-09,2023-10-10,481.79998779296875,2023-10-17,463.0,5,-0.03902031604252998,FIXED_HORIZON
HCLTECH-2023-10-12,HCLTECH,2023-10-12,2023-10-13,1075.82167431789,2023-10-20,1122.8770884998144,5,0.04373904644722759,FIXED_HORIZON
INFY-2023-10-12,INFY,2023-10-12,2023-10-13,1278.2234711912276,2023-10-20,1300.9675589324422,5,0.017793514400121557,FIXED_HORIZON
TCS-2023-10-12,TCS,2023-10-12,2023-10-13,3217.575179804026,2023-10-20,3153.158141056141,5,-0.020020367869635347,FIXED_HORIZON
CRISIL-2023-10-13,CRISIL,2023-10-13,2023-10-16,3767.2568310862894,2023-10-23,4038.737804437311,5,0.07206330375748227,FIXED_HORIZON
MPHASIS-2023-10-13,MPHASIS,2023-10-13,2023-10-16,2205.6972892164654,2023-10-23,2029.9892594924397,5,-0.07966099001120996,FIXED_HORIZON
GLAND-2023-10-16,GLAND,2023-10-16,2023-10-17,1540.1468638951587,2023-10-25,1479.3643448493262,5,-0.039465404547270544,FIXED_HORIZON
PHOENIXLTD-2023-10-16,PHOENIXLTD,2023-10-16,2023-10-17,964.5909886727577,2023-10-25,884.8336511638522,5,-0.08268513644176656,FIXED_HORIZON
ANURAS-2023-10-17,ANURAS,2023-10-17,2023-10-18,856.0897681431778,2023-10-26,843.1677503427247,5,-0.015094232265478902,FIXED_HORIZON
ABB-2023-10-18,ABB,2023-10-18,2023-10-19,3982.328369125397,2023-10-27,3877.044693763913,5,-0.02643771823984631,FIXED_HORIZON
BIOCON-2023-10-18,BIOCON,2023-10-18,2023-10-19,238.06587019761363,2023-10-27,223.2240964533506,5,-0.062343139451040086,FIXED_HORIZON
EIDPARRY-2023-10-18,EIDPARRY,2023-10-18,2023-10-19,493.4761496772271,2023-10-27,469.2238721464395,5,-0.0491457946785282,FIXED_HORIZON
HAPPSTMNDS-2023-10-18,HAPPSTMNDS,2023-10-18,2023-10-19,811.3727108628142,2023-10-27,790.8606268026141,5,-0.025280717216120685,FIXED_HORIZON
HAVELLS-2023-10-18,HAVELLS,2023-10-18,2023-10-19,1311.5652650243594,2023-10-27,1246.0849759726875,5,-0.04992529979089966,FIXED_HORIZON
HUDCO-2023-10-18,HUDCO,2023-10-18,2023-10-19,73.56486827530898,2023-10-27,69.16116541724661,5,-0.0598614931461845,FIXED_HORIZON
LTTS-2023-10-18,LTTS,2023-10-18,2023-10-19,4185.923466847667,2023-10-27,4018.6319994481446,5,-0.039965247507381396,FIXED_HORIZON
SIEMENS-2023-10-18,SIEMENS,2023-10-18,2023-10-19,2022.2288735974157,2023-10-27,1971.2376425631774,5,-0.025215360981137747,FIXED_HORIZON
SYNGENE-2023-10-18,SYNGENE,2023-10-18,2023-10-19,724.2636398728798,2023-10-27,678.5624270659598,5,-0.06310024456693886,FIXED_HORIZON
ZENSARTECH-2023-10-18,ZENSARTECH,2023-10-18,2023-10-19,490.0585741838762,2023-10-27,462.9066809250643,5,-0.055405403943864506,FIXED_HORIZON
ASTRAL-2023-10-19,ASTRAL,2023-10-19,2023-10-20,1841.761162673422,2023-10-30,1818.4213151589922,5,-0.0126725701396323,FIXED_HORIZON
BANDHANBNK-2023-10-19,BANDHANBNK,2023-10-19,2023-10-20,223.41053266228153,2023-10-30,210.39491733771993,5,-0.058258736369590225,FIXED_HORIZON
CIEINDIA-2023-10-19,CIEINDIA,2023-10-19,2023-10-20,447.9202332511249,2023-10-30,445.6133396250572,5,-0.005150233132635296,FIXED_HORIZON
IGL-2023-10-19,IGL,2023-10-19,2023-10-20,211.03176655482585,2023-10-30,181.29534882431574,5,-0.14090967542928956,FIXED_HORIZON
OFSS-2023-10-19,OFSS,2023-10-19,2023-10-20,3608.064418502319,2023-10-30,3551.1418584384037,5,-0.015776481088312533,FIXED_HORIZON
WIPRO-2023-10-19,WIPRO,2023-10-19,2023-10-20,182.67967680378476,2023-10-30,177.56990858147904,5,-0.027971191495998138,FIXED_HORIZON
ABFRL-2023-10-20,ABFRL,2023-10-20,2023-10-23,229.9499969482422,2023-10-31,217.0,5,-0.05631657803916823,FIXED_HORIZON
ABREL-2023-10-20,ABREL,2023-10-20,2023-10-23,1109.5195170528846,2023-10-31,1093.4986228980758,5,-0.014439488362821717,FIXED_HORIZON
ACC-2023-10-20,ACC,2023-10-20,2023-10-23,1945.2414921845339,2023-10-31,1871.1840697785524,5,-0.03807106865832577,FIXED_HORIZON
CROMPTON-2023-10-20,CROMPTON,2023-10-20,2023-10-23,278.0454887860156,2023-10-31,273.86368058122537,5,-0.015040014578364791,FIXED_HORIZON
EXIDEIND-2023-10-20,EXIDEIND,2023-10-20,2023-10-23,254.53477739433814,2023-10-31,251.52632284563398,5,-0.01181942436118777,FIXED_HORIZON
HFCL-2023-10-20,HFCL,2023-10-20,2023-10-23,68.61657455952044,2023-10-31,65.42510391478835,5,-0.04651165793716061,FIXED_HORIZON
HINDUNILVR-2023-10-20,HINDUNILVR,2023-10-20,2023-10-23,2355.8576151427546,2023-10-31,2333.3757120687364,5,-0.009542980411681556,FIXED_HORIZON
INDIGO-2023-10-20,INDIGO,2023-10-20,2023-10-23,2440.8751225706555,2023-10-31,2497.729158216362,5,0.023292480274791583,FIXED_HORIZON
ITC-2023-10-20,ITC,2023-10-20,2023-10-23,375.9590097457904,2023-10-31,369.09219117015067,5,-0.01826480652846396,FIXED_HORIZON
JMFINANCIL-2023-10-20,JMFINANCIL,2023-10-20,2023-10-23,81.06571632979967,2023-10-31,77.84733728955098,5,-0.03970086475465606,FIXED_HORIZON
MGL-2023-10-20,MGL,2023-10-20,2023-10-23,963.1960655914494,2023-10-31,953.8446483863107,5,-0.009708736922006023,FIXED_HORIZON
NSLNISP-2023-10-20,NSLNISP,2023-10-20,2023-10-23,43.900001525878906,2023-10-31,40.79999923706055,5,-0.07061508385121396,FIXED_HORIZON
PAGEIND-2023-10-20,PAGEIND,2023-10-20,2023-10-23,35925.81377620139,2023-10-31,35878.15119887433,5,-0.0013266944382657186,FIXED_HORIZON
PVRINOX-2023-10-20,PVRINOX,2023-10-20,2023-10-23,1695.550048828125,2023-10-31,1591.0999755859375,5,-0.061602471312703466,FIXED_HORIZON
SWANCORP-2023-10-20,SWANCORP,2023-10-20,2023-10-23,314.22703449019747,2023-10-31,394.2575081632592,5,0.25468996899933627,FIXED_HORIZON
TATACOMM-2023-10-20,TATACOMM,2023-10-20,2023-10-23,1638.1802486813663,2023-10-31,1603.9266011134298,5,-0.020909571822458783,FIXED_HORIZON
TATAELXSI-2023-10-20,TATAELXSI,2023-10-20,2023-10-23,7277.073987776643,2023-10-31,7360.336854589242,5,0.011441805724726306,FIXED_HORIZON
ALOKINDS-2023-10-23,ALOKINDS,2023-10-23,2023-10-25,17.700000762939453,2023-11-01,17.450000762939453,5,-0.014124293176498326,FIXED_HORIZON
AMBER-2023-10-23,AMBER,2023-10-23,2023-10-25,2895.25,2023-11-01,2920.0,5,0.008548484586823335,FIXED_HORIZON
ATGL-2023-10-23,ATGL,2023-10-23,2023-10-25,572.4357407762847,2023-11-01,569.438681180454,5,-0.0052356262587069935,FIXED_HORIZON
ATUL-2023-10-23,ATUL,2023-10-23,2023-10-25,6323.858256596455,2023-11-01,6172.263704942039,5,-0.023971845272826475,FIXED_HORIZON
BANKINDIA-2023-10-23,BANKINDIA,2023-10-23,2023-10-25,83.78251878516053,2023-11-01,87.75694868453888,5,0.04743746018867956,FIXED_HORIZON
BEML-2023-10-23,BEML,2023-10-23,2023-10-25,1054.3076527405933,2023-11-01,997.8945630925929,5,-0.05350723719149608,FIXED_HORIZON
BLUESTARCO-2023-10-23,BLUESTARCO,2023-10-23,2023-10-25,865.9484213990492,2023-11-01,876.2550149821373,5,0.011902087154840535,FIXED_HORIZON
CAMPUS-2023-10-23,CAMPUS,2023-10-23,2023-10-25,278.4984601214528,2023-11-01,264.3978576660156,5,-0.0506308094101775,FIXED_HORIZON
CEATLTD-2023-10-23,CEATLTD,2023-10-23,2023-10-25,2061.2096659340486,2023-11-01,2060.191546159277,5,-0.0004939428489969533,FIXED_HORIZON
CESC-2023-10-23,CESC,2023-10-23,2023-10-25,75.09015260638586,2023-11-01,74.47610234591318,5,-0.00817750715851473,FIXED_HORIZON
CSBBANK-2023-10-23,CSBBANK,2023-10-23,2023-10-25,333.0,2023-11-01,329.04998779296875,5,-0.01186189851961339,FIXED_HORIZON
DALBHARAT-2023-10-23,DALBHARAT,2023-10-23,2023-10-25,2049.962139370259,2023-11-01,2093.8771041191385,5,0.021422329664278594,FIXED_HORIZON
DEEPAKFERT-2023-10-23,DEEPAKFERT,2023-10-23,2023-10-25,603.6374475635185,2023-11-01,629.9549122598329,5,0.04359813129974022,FIXED_HORIZON
DEEPAKNTR-2023-10-23,DEEPAKNTR,2023-10-23,2023-10-25,1999.3625341081981,2023-11-01,1965.7432371348339,5,-0.01681500798371216,FIXED_HORIZON
DEVYANI-2023-10-23,DEVYANI,2023-10-23,2023-10-25,193.10000610351562,2023-11-01,180.60000610351562,5,-0.06473329676281359,FIXED_HORIZON
ENGINERSIN-2023-10-23,ENGINERSIN,2023-10-23,2023-10-25,121.99149032884908,2023-11-01,118.08395814399269,5,-0.03203118655508652,FIXED_HORIZON
EQUITASBNK-2023-10-23,EQUITASBNK,2023-10-23,2023-10-25,95.03056966172343,2023-11-01,91.72300748642765,5,-0.03480524411323205,FIXED_HORIZON
FINPIPE-2023-10-23,FINPIPE,2023-10-23,2023-10-25,199.80302941696104,2023-11-01,188.24215775111432,5,-0.057861343241802365,FIXED_HORIZON
FSL-2023-10-23,FSL,2023-10-23,2023-10-25,152.0684366592946,2023-11-01,148.6447914138991,5,-0.02251384521737465,FIXED_HORIZON
GMMPFAUDLR-2023-10-23,GMMPFAUDLR,2023-10-23,2023-10-25,1724.436001891307,2023-11-01,1736.4268841935689,5,0.006953509604943786,FIXED_HORIZON
GPIL-2023-10-23,GPIL,2023-10-23,2023-10-25,614.1981632531048,2023-11-01,610.3582345343212,5,-0.006251937808549157,FIXED_HORIZON
GPPL-2023-10-23,GPPL,2023-10-23,2023-10-25,110.14236175430051,2023-11-01,108.32949725064364,5,-0.016459284827221254,FIXED_HORIZON
GRAPHITE-2023-10-23,GRAPHITE,2023-10-23,2023-10-25,439.6246508611053,2023-11-01,444.57170059553204,5,0.011252894315040729,FIXED_HORIZON
GSFC-2023-10-23,GSFC,2023-10-23,2023-10-25,184.66101799446696,2023-11-01,193.01108344685989,5,0.045218344093841845,FIXED_HORIZON
HEG-2023-10-23,HEG,2023-10-23,2023-10-25,317.94184136524603,2023-11-01,320.43280405326897,5,0.007834648869512462,FIXED_HORIZON
HINDCOPPER-2023-10-23,HINDCOPPER,2023-10-23,2023-10-25,142.42294138869818,2023-11-01,141.82867099414455,5,-0.004172574929005024,FIXED_HORIZON
IDBI-2023-10-23,IDBI,2023-10-23,2023-10-25,60.62090659143229,2023-11-01,59.80235206872002,5,-0.013502841985341685,FIXED_HORIZON
IIFL-2023-10-23,IIFL,2023-10-23,2023-10-25,604.3419882320712,2023-11-01,612.3807858690411,5,0.013301736092318217,FIXED_HORIZON
INTELLECT-2023-10-23,INTELLECT,2023-10-23,2023-10-25,627.1131622745254,2023-11-01,669.8039704319177,5,0.06807512698753393,FIXED_HORIZON
IRB-2023-10-23,IRB,2023-10-23,2023-10-25,15.98816127142008,2023-11-01,16.42887603635891,5,0.02756506876914222,FIXED_HORIZON
IRFC-2023-10-23,IRFC,2023-10-23,2023-10-25,70.14600156111587,2023-11-01,69.71595001220703,5,-0.006130806308812131,FIXED_HORIZON
JAMNAAUTO-2023-10-23,JAMNAAUTO,2023-10-23,2023-10-25,105.3207126128094,2023-11-01,102.70197757102662,5,-0.024864387800052623,FIXED_HORIZON
JINDALSAW-2023-10-23,JINDALSAW,2023-10-23,2023-10-25,181.68623201286894,2023-11-01,217.7505746497656,5,0.1984979392073154,FIXED_HORIZON
JKPAPER-2023-10-23,JKPAPER,2023-10-23,2023-10-25,363.22919203611264,2023-11-01,365.86125895110257,5,0.007246297854629047,FIXED_HORIZON
LATENTVIEW-2023-10-23,LATENTVIEW,2023-10-23,2023-10-25,411.1000061035156,2023-11-01,401.5,5,-0.023351996986101575,FIXED_HORIZON
LAURUSLABS-2023-10-23,LAURUSLABS,2023-10-23,2023-10-25,360.8107945206464,2023-11-01,359.81678364788377,5,-0.0027549366256717223,FIXED_HORIZON
LICI-2023-10-23,LICI,2023-10-23,2023-10-25,296.1783151539693,2023-11-01,288.463366872184,5,-0.02604832253763978,FIXED_HORIZON
MANAPPURAM-2023-10-23,MANAPPURAM,2023-10-23,2023-10-25,130.23547531260297,2023-11-01,130.04422729107674,5,-0.0014684787003478306,FIXED_HORIZON
MANKIND-2023-10-23,MANKIND,2023-10-23,2023-10-25,1749.3103872822949,2023-11-01,1729.3183469315902,5,-0.011428526633151748,FIXED_HORIZON
MAZDOCK-2023-10-23,MAZDOCK,2023-10-23,2023-10-25,943.5289935545101,2023-11-01,961.5117009474336,5,0.019058987604798627,FIXED_HORIZON
MINDACORP-2023-10-23,MINDACORP,2023-10-23,2023-10-25,325.4201637660119,2023-11-01,323.13828595697004,5,-0.007012097168885401,FIXED_HORIZON
MOTILALOFS-2023-10-23,MOTILALOFS,2023-10-23,2023-10-25,944.9140443383691,2023-11-01,1024.299702307614,5,0.08401362901197107,FIXED_HORIZON
NATIONALUM-2023-10-23,NATIONALUM,2023-10-23,2023-10-25,80.4075361934225,2023-11-01,82.00679467700685,5,0.019889410362447846,FIXED_HORIZON
NAZARA-2023-10-23,NAZARA,2023-10-23,2023-10-25,195.25,2023-11-01,203.25,5,0.04097311139564663,FIXED_HORIZON
NBCC-2023-10-23,NBCC,2023-10-23,2023-10-25,41.064658087225375,2023-11-01,42.98599864406168,5,0.04678817860251483,FIXED_HORIZON
NCC-2023-10-23,NCC,2023-10-23,2023-10-25,143.31774711350977,2023-11-01,140.7999757768715,5,-0.0175677568713396,FIXED_HORIZON
NIACL-2023-10-23,NIACL,2023-10-23,2023-10-25,136.1934252562404,2023-11-01,135.70581926411526,5,-0.003580246191824177,FIXED_HORIZON
NYKAA-2023-10-23,NYKAA,2023-10-23,2023-10-25,140.0,2023-11-01,141.0,5,0.0071428571428571175,FIXED_HORIZON
OLECTRA-2023-10-23,OLECTRA,2023-10-23,2023-10-25,1079.8846849117901,2023-11-01,1143.4542846879738,5,0.05886702595599491,FIXED_HORIZON
PATANJALI-2023-10-23,PATANJALI,2023-10-23,2023-10-25,412.62825467347926,2023-11-01,455.942791169018,5,0.10497229892755255,FIXED_HORIZON
PAYTM-2023-10-23,PAYTM,2023-10-23,2023-10-25,927.0499877929688,2023-11-01,920.0,5,-0.007604754744404585,FIXED_HORIZON
POLICYBZR-2023-10-23,POLICYBZR,2023-10-23,2023-10-25,685.0,2023-11-01,704.0,5,0.027737226277372296,FIXED_HORIZON
POONAWALLA-2023-10-23,POONAWALLA,2023-10-23,2023-10-25,355.49382685522744,2023-11-01,352.50649545811643,5,-0.00840332847278269,FIXED_HORIZON
PPLPHARMA-2023-10-23,PPLPHARMA,2023-10-23,2023-10-25,94.76973965255559,2023-11-01,102.85861736903976,5,0.08535295914222818,FIXED_HORIZON
PRAJIND-2023-10-23,PRAJIND,2023-10-23,2023-10-25,521.2892862747311,2023-11-01,506.04553585423236,5,-0.029242401142433927,FIXED_HORIZON
RBLBANK-2023-10-23,RBLBANK,2023-10-23,2023-10-25,230.73858148023422,2023-11-01,218.59444459972082,5,-0.052631583338193066,FIXED_HORIZON
RCF-2023-10-23,RCF,2023-10-23,2023-10-25,120.13404138546127,2023-11-01,122.13786689978168,5,0.016679914295823606,FIXED_HORIZON
RENUKA-2023-10-23,RENUKA,2023-10-23,2023-10-25,49.0,2023-11-01,48.75,5,-0.005102040816326481,FIXED_HORIZON
RTNINDIA-2023-10-23,RTNINDIA,2023-10-23,2023-10-25,53.04999923706055,2023-11-01,54.29999923706055,5,0.023562677058942327,FIXED_HORIZON
SONACOMS-2023-10-23,SONACOMS,2023-10-23,2023-10-25,502.40138894113204,2023-11-01,533.5035851688046,5,0.06190706656528966,FIXED_HORIZON
STLTECH-2023-10-23,STLTECH,2023-10-23,2023-10-25,158.8000030517578,2023-11-01,139.5500030517578,5,-0.12122166013892222,FIXED_HORIZON
SUPREMEIND-2023-10-23,SUPREMEIND,2023-10-23,2023-10-25,4229.3098980587365,2023-11-01,4251.639068168451,5,0.005279624961973983,FIXED_HORIZON
TANLA-2023-10-23,TANLA,2023-10-23,2023-10-25,929.6557920942545,2023-11-01,904.6272145314819,5,-0.026922413408935197,FIXED_HORIZON
TATACHEM-2023-10-23,TATACHEM,2023-10-23,2023-10-25,941.2284890023336,2023-11-01,920.5791129899591,5,-0.021938749468008667,FIXED_HORIZON
TEJASNET-2023-10-23,TEJASNET,2023-10-23,2023-10-25,871.8660829477519,2023-11-01,853.8309277074826,5,-0.020685694274621858,FIXED_HORIZON
THERMAX-2023-10-23,THERMAX,2023-10-23,2023-10-25,2899.7121779220565,2023-11-01,2802.4762158041153,5,-0.0335329702231415,FIXED_HORIZON
TRIDENT-2023-10-23,TRIDENT,2023-10-23,2023-10-25,32.1583444383549,2023-11-01,33.40072172348838,5,0.038633123278936976,FIXED_HORIZON
TRIVENI-2023-10-23,TRIVENI,2023-10-23,2023-10-25,348.85155704455036,2023-11-01,349.63071252390085,5,0.002233487177043081,FIXED_HORIZON
TTML-2023-10-23,TTML,2023-10-23,2023-10-25,88.0,2023-11-01,86.9000015258789,5,-0.012499982660466924,FIXED_HORIZON
USHAMART-2023-10-23,USHAMART,2023-10-23,2023-10-25,278.6135433026253,2023-11-01,287.2102984811993,5,0.030855482029587877,FIXED_HORIZON
WELCORP-2023-10-23,WELCORP,2023-10-23,2023-10-25,407.6878653140899,2023-11-01,419.47640824822855,5,0.02891560906542212,FIXED_HORIZON
WELSPUNLIV-2023-10-23,WELSPUNLIV,2023-10-23,2023-10-25,123.50764611641698,2023-11-01,148.42628554422646,5,0.201757868531649,FIXED_HORIZON
YESBANK-2023-10-23,YESBANK,2023-10-23,2023-10-25,16.399999618530273,2023-11-01,16.0,5,-0.02439022120941492,FIXED_HORIZON
APOLLOHOSP-2023-10-25,APOLLOHOSP,2023-10-25,2023-10-26,4823.007092409549,2023-11-02,4801.074664811404,5,-0.004547459122061559,FIXED_HORIZON
BHARATFORG-2023-10-25,BHARATFORG,2023-10-25,2023-10-26,998.7990502117156,2023-11-02,1017.3271923389119,5,0.018550420250468713,FIXED_HORIZON
CERA-2023-10-25,CERA,2023-10-25,2023-10-26,7938.201272434214,2023-11-02,7996.37578455955,5,0.007328424932654398,FIXED_HORIZON
CGPOWER-2023-10-25,CGPOWER,2023-10-25,2023-10-26,372.3474406502511,2023-11-02,381.78026052005384,5,0.025333381782696618,FIXED_HORIZON
DATAPATTNS-2023-10-25,DATAPATTNS,2023-10-25,2023-10-26,1812.8797101735593,2023-11-02,1866.4915233270028,5,0.029572736046734605,FIXED_HORIZON
PIIND-2023-10-25,PIIND,2023-10-25,2023-10-26,3289.2246855822445,2023-11-02,3357.217719824269,5,0.020671447146818567,FIXED_HORIZON
TRITURBINE-2023-10-25,TRITURBINE,2023-10-25,2023-10-26,320.98867150801647,2023-11-02,358.1919508702177,5,0.11590215688117222,FIXED_HORIZON
VBL-2023-10-25,VBL,2023-10-25,2023-10-26,349.168849785259,2023-11-02,367.10750835740606,5,0.05137531192481637,FIXED_HORIZON
ADANIGREEN-2023-10-26,ADANIGREEN,2023-10-26,2023-10-27,852.8499755859375,2023-11-03,898.9500122070312,5,0.05405409854109622,FIXED_HORIZON
ASIANPAINT-2023-10-26,ASIANPAINT,2023-10-26,2023-10-27,2839.108037341854,2023-11-03,2867.531970914157,5,0.010011571662103869,FIXED_HORIZON
AUBANK-2023-10-26,AUBANK,2023-10-26,2023-10-27,687.3446824897122,2023-11-03,671.0563889614206,5,-0.023697416948497918,FIXED_HORIZON
BAJFINANCE-2023-10-26,BAJFINANCE,2023-10-26,2023-10-27,738.1237653873872,2023-11-03,739.8977433019043,5,0.0024033610590847854,FIXED_HORIZON
BERGEPAINT-2023-10-26,BERGEPAINT,2023-10-26,2023-10-27,528.9452254359546,2023-11-03,530.9533862014099,5,0.0037965382215146004,FIXED_HORIZON
COROMANDEL-2023-10-26,COROMANDEL,2023-10-26,2023-10-27,1058.366899402774,2023-11-03,1044.5836084029293,5,-0.013023169004645174,FIXED_HORIZON
DABUR-2023-10-26,DABUR,2023-10-26,2023-10-27,489.53332824333756,2023-11-03,511.7630800172812,5,0.04541008853005746,FIXED_HORIZON
FORTIS-2023-10-26,FORTIS,2023-10-26,2023-10-27,319.9223592823189,2023-11-03,331.5721908779937,5,0.03641455890050582,FIXED_HORIZON
HDFCBANK-2023-10-26,HDFCBANK,2023-10-26,2023-10-27,703.548416210113,2023-11-03,712.4055490469672,5,0.012589230012862274,FIXED_HORIZON
INDHOTEL-2023-10-26,INDHOTEL,2023-10-26,2023-10-27,374.0953127833906,2023-11-03,388.94037320303386,5,0.0396825619363983,FIXED_HORIZON
JUBLFOOD-2023-10-26,JUBLFOOD,2023-10-26,2023-10-27,506.72088455840355,2023-11-03,501.7043112868261,5,-0.009900072060280873,FIXED_HORIZON
M&M-2023-10-26,M&M,2023-10-26,2023-10-27,1470.01441841752,2023-11-03,1442.3848566999234,5,-0.018795435862010046,FIXED_HORIZON
NESTLEIND-2023-10-26,NESTLEIND,2023-10-26,2023-10-27,1138.504296391866,2023-11-03,1173.9243766475713,5,0.031111064198842353,FIXED_HORIZON
TITAN-2023-10-26,TITAN,2023-10-26,2023-10-27,3065.689788536253,2023-11-03,3174.693891376844,5,0.03555614245387684,FIXED_HORIZON
UPL-2023-10-26,UPL,2023-10-26,2023-10-27,553.5498406956816,2023-11-03,533.9062115977396,5,-0.03548664935618917,FIXED_HORIZON
WESTLIFE-2023-10-27,WESTLIFE,2023-10-27,2023-10-30,823.4706430708238,2023-11-06,823.5704922963338,5,0.0001212541410555712,FIXED_HORIZON
AAVAS-2023-10-30,AAVAS,2023-10-30,2023-10-31,1459.0999755859375,2023-11-07,1460.0,5,0.0006168353293962703,FIXED_HORIZON
DIXON-2023-10-30,DIXON,2023-10-30,2023-10-31,5150.865373120814,2023-11-07,5275.564970076482,5,0.024209445971233867,FIXED_HORIZON
GESHIP-2023-10-30,GESHIP,2023-10-30,2023-10-31,717.2142969118862,2023-11-07,714.0206190319675,5,-0.004452892104451545,FIXED_HORIZON
IDFCFIRSTB-2023-10-30,IDFCFIRSTB,2023-10-30,2023-10-31,83.77886619586755,2023-11-07,82.33782262615094,5,-0.017200561849901153,FIXED_HORIZON
INDIAMART-2023-10-30,INDIAMART,2023-10-30,2023-10-31,2502.980987696957,2023-11-07,2440.8787855993714,5,-0.02481129597181919,FIXED_HORIZON
M&MFIN-2023-10-30,M&MFIN,2023-10-30,2023-10-31,231.87672664994867,2023-11-07,245.62106133829639,5,0.05927431737940991,FIXED_HORIZON
PETRONET-2023-10-30,PETRONET,2023-10-30,2023-10-31,178.183916678758,2023-11-07,182.25286534634114,5,0.022835667457680175,FIXED_HORIZON
SBICARD-2023-10-30,SBICARD,2023-10-30,2023-10-31,752.265979657101,2023-11-07,748.4051736096706,5,-0.005132235342066416,FIXED_HORIZON
SCHAEFFLER-2023-10-30,SCHAEFFLER,2023-10-30,2023-10-31,2825.8678204669077,2023-11-07,2688.445121743793,5,-0.04863026420691141,FIXED_HORIZON
RAINBOW-2023-10-31,RAINBOW,2023-10-31,2023-11-01,1064.5647603944878,2023-11-08,1002.994820410228,5,-0.0578357862995994,FIXED_HORIZON
SIEMENS-2023-10-31,SIEMENS,2023-10-31,2023-11-01,1936.4511494956273,2023-11-08,1939.3500990212024,5,0.0014970424254339143,FIXED_HORIZON
SUNPHARMA-2023-10-31,SUNPHARMA,2023-10-31,2023-11-01,1062.6579434836956,2023-11-08,1143.4276358609334,5,0.07600723532207532,FIXED_HORIZON
AMBUJACEM-2023-11-01,AMBUJACEM,2023-11-01,2023-11-02,406.25752334263814,2023-11-09,417.5259631499209,5,0.027737184322317088,FIXED_HORIZON
JINDALSTEL-2023-11-01,JINDALSTEL,2023-11-01,2023-11-02,585.5576097328244,2023-11-09,626.1191189511577,5,0.06926988659039113,FIXED_HORIZON
NATCOPHARM-2023-11-01,NATCOPHARM,2023-11-01,2023-11-02,736.821106916192,2023-11-09,740.7612460568729,5,0.005347484082223852,FIXED_HORIZON
STARHEALTH-2023-11-01,STARHEALTH,2023-11-01,2023-11-02,551.0,2023-11-09,545.5,5,-0.009981851179673318,FIXED_HORIZON
DEEPAKFERT-2023-11-02,DEEPAKFERT,2023-11-02,2023-11-03,582.1628564321934,2023-11-10,614.3992331653033,5,0.055373468741499066,FIXED_HORIZON
SYRMA-2023-11-02,SYRMA,2023-11-02,2023-11-03,524.6197811351103,2023-11-10,527.6006578915647,5,0.005681975525216876,FIXED_HORIZON
CHOLAFIN-2023-11-03,CHOLAFIN,2023-11-03,2023-11-06,1137.2835896755219,2023-11-13,1143.2087579192475,5,0.005209930308953226,FIXED_HORIZON
GODFRYPHLP-2023-11-03,GODFRYPHLP,2023-11-03,2023-11-06,687.2013951647433,2023-11-13,668.3505445318416,5,-0.027431333471583774,FIXED_HORIZON
MRF-2023-11-03,MRF,2023-11-03,2023-11-06,108371.44490383749,2023-11-13,107978.3301359967,5,-0.0036274755604635,FIXED_HORIZON
ANGELONE-2023-11-06,ANGELONE,2023-11-06,2023-11-07,252.46844058549766,2023-11-15,272.5315093434752,5,0.07946763053413486,FIXED_HORIZON
BANKBARODA-2023-11-06,BANKBARODA,2023-11-06,2023-11-07,179.0963570300587,2023-11-15,181.10048981868928,5,0.011190248768121025,FIXED_HORIZON
RAIN-2023-11-08,RAIN,2023-11-08,2023-11-09,146.90840733698016,2023-11-17,140.61935800427864,5,-0.042809322125966776,FIXED_HORIZON
RBA-2023-11-08,RBA,2023-11-08,2023-11-09,115.0,2023-11-17,117.1500015258789,5,0.01869566544242529,FIXED_HORIZON
GESHIP-2023-11-09,GESHIP,2023-11-09,2023-11-10,678.0874161601096,2023-11-20,722.2015949363007,5,0.06505677251172415,FIXED_HORIZON
MCX-2023-11-09,MCX,2023-11-09,2023-11-10,486.6989150040004,2023-11-20,569.9359452316357,5,0.17102366095669463,FIXED_HORIZON
MOTHERSON-2023-11-09,MOTHERSON,2023-11-09,2023-11-10,59.08288940010435,2023-11-20,59.41112888455167,5,0.005555576035296994,FIXED_HORIZON
MTARTECH-2023-11-09,MTARTECH,2023-11-09,2023-11-10,2261.0,2023-11-20,2232.85009765625,5,-0.01245020006357811,FIXED_HORIZON
NIACL-2023-11-09,NIACL,2023-11-09,2023-11-10,135.16943096525148,2023-11-20,147.3600203449267,5,0.09018747280817596,FIXED_HORIZON
MUTHOOTFIN-2023-11-10,MUTHOOTFIN,2023-11-10,2023-11-13,1234.013457248951,2023-11-21,1281.1821149730727,5,0.038223779041500094,FIXED_HORIZON
RAMCOCEM-2023-11-10,RAMCOCEM,2023-11-10,2023-11-13,980.3221446899088,2023-11-21,977.8906795943668,5,-0.0024802715196350356,FIXED_HORIZON
UNITDSPR-2023-11-10,UNITDSPR,2023-11-10,2023-11-13,1022.1256022471886,2023-11-21,1036.8970322806492,5,0.014451677955219067,FIXED_HORIZON
ZEEL-2023-11-10,ZEEL,2023-11-10,2023-11-13,244.84375181958484,2023-11-21,236.43940782081242,5,-0.03432533579605179,FIXED_HORIZON
GLENMARK-2023-11-13,GLENMARK,2023-11-13,2023-11-15,727.2220919290686,2023-11-22,774.587910463115,5,0.06513253524573392,FIXED_HORIZON
PAGEIND-2023-11-13,PAGEIND,2023-11-13,2023-11-15,35667.42656526983,2023-11-22,36045.65428071595,5,0.010604289455926397,FIXED_HORIZON
RAJESHEXPO-2023-11-15,RAJESHEXPO,2023-11-15,2023-11-16,407.0,2023-11-23,349.79998779296875,5,-0.1405405705332463,FIXED_HORIZON
ABCAPITAL-2023-11-17,ABCAPITAL,2023-11-17,2023-11-20,171.8000030517578,2023-11-28,169.3000030517578,5,-0.014551804165258586,FIXED_HORIZON
AXISBANK-2023-11-17,AXISBANK,2023-11-17,2023-11-20,978.6517326742911,2023-11-28,1010.6249804344942,5,0.03267071082869499,FIXED_HORIZON
CHOLAHLDNG-2023-11-17,CHOLAHLDNG,2023-11-17,2023-11-20,1068.039954130403,2023-11-28,1035.1503030503168,5,-0.030794401419996453,FIXED_HORIZON
DELHIVERY-2023-11-17,DELHIVERY,2023-11-17,2023-11-20,400.54998779296875,2023-11-28,385.0,5,-0.038821590979565945,FIXED_HORIZON
IDBI-2023-11-17,IDBI,2023-11-17,2023-11-20,60.66905986017872,2023-11-28,58.74305445776701,5,-0.0317460894704894,FIXED_HORIZON
IDFCFIRSTB-2023-11-17,IDFCFIRSTB,2023-11-17,2023-11-20,84.47453178885705,2023-11-28,83.77886779330495,5,-0.008235192084768195,FIXED_HORIZON
LTF-2023-11-17,LTF,2023-11-17,2023-11-20,135.6169543540139,2023-11-28,134.51204975240177,5,-0.008147245356416866,FIXED_HORIZON
RBLBANK-2023-11-17,RBLBANK,2023-11-17,2023-11-20,232.8613491372526,2023-11-28,233.898023988748,5,0.004451897471762889,FIXED_HORIZON
SBICARD-2023-11-17,SBICARD,2023-11-17,2023-11-20,731.4769520260489,2023-11-28,737.2186692194598,5,0.00784948476846381,FIXED_HORIZON
SBIN-2023-11-17,SBIN,2023-11-17,2023-11-20,534.1509536100332,2023-11-28,533.7720990209981,5,-0.0007092650241933285,FIXED_HORIZON
BALKRISIND-2023-11-20,BALKRISIND,2023-11-20,2023-11-21,2457.6534324619975,2023-11-29,2580.7820962363367,5,0.05010009228640211,FIXED_HORIZON
KPITTECH-2023-11-21,KPITTECH,2023-11-21,2023-11-22,1454.5161892975764,2023-11-30,1455.7398602255294,5,0.0008412906896169137,FIXED_HORIZON
JSL-2023-11-22,JSL,2023-11-22,2023-11-23,498.2825334576766,2023-12-01,496.3564172963561,5,-0.0038655100911421103,FIXED_HORIZON
CIPLA-2023-11-23,CIPLA,2023-11-23,2023-11-24,1156.720230261047,2023-12-04,1178.3469987131418,5,0.018696628524612402,FIXED_HORIZON
JBCHEPHARM-2023-11-23,JBCHEPHARM,2023-11-23,2023-11-24,1412.0867835545962,2023-12-04,1435.4592399733558,5,0.016551713882573704,FIXED_HORIZON
TIINDIA-2023-11-23,TIINDIA,2023-11-23,2023-11-24,3417.9698796230346,2023-12-04,3293.159106204744,5,-0.03651605421170523,FIXED_HORIZON
ULTRACEMCO-2023-11-23,ULTRACEMCO,2023-11-23,2023-11-24,8362.300322465811,2023-12-04,8857.95858479951,5,0.059272956390011844,FIXED_HORIZON
KPRMILL-2023-11-24,KPRMILL,2023-11-24,2023-11-28,848.9602726955375,2023-12-05,856.1439105751417,5,0.008461689092700952,FIXED_HORIZON
FIVESTAR-2023-11-28,FIVESTAR,2023-11-28,2023-11-29,758.5083644484636,2023-12-06,745.6994599669005,5,-0.016886965367714724,FIXED_HORIZON
METROBRAND-2023-11-28,METROBRAND,2023-11-28,2023-11-29,1281.0334062691195,2023-12-06,1322.9865771776115,5,0.03274947452828436,FIXED_HORIZON
TEJASNET-2023-11-28,TEJASNET,2023-11-28,2023-11-29,803.8107144455764,2023-12-06,822.045159973648,5,0.02268499934172774,FIXED_HORIZON
LINDEINDIA-2023-11-29,LINDEINDIA,2023-11-29,2023-11-30,5714.86603481311,2023-12-07,5880.230503697072,5,0.028935843443506082,FIXED_HORIZON
CAMPUS-2023-11-30,CAMPUS,2023-11-30,2023-12-01,274.49090299511033,2023-12-08,274.8866427636482,5,0.0014417227100049779,FIXED_HORIZON
INDIANB-2023-11-30,INDIANB,2023-11-30,2023-12-01,372.13864321986506,2023-12-08,404.9084907796732,5,0.08805816906374653,FIXED_HORIZON
ASHOKLEY-2023-12-01,ASHOKLEY,2023-12-01,2023-12-04,82.95169805965403,2023-12-11,80.8028023042045,5,-0.02590538597418668,FIXED_HORIZON
TATACOMM-2023-12-01,TATACOMM,2023-12-01,2023-12-04,1644.9536916827674,2023-12-11,1640.1156462521794,5,-0.0029411438480305696,FIXED_HORIZON
KNRCON-2023-12-04,KNRCON,2023-12-04,2023-12-05,271.40661115814936,2023-12-12,265.6680959345474,5,-0.021143608842520423,FIXED_HORIZON
CYIENT-2023-12-05,CYIENT,2023-12-05,2023-12-06,1980.6179384458824,2023-12-13,1902.8610406598252,5,-0.03925890818047928,FIXED_HORIZON
ICICIPRULI-2023-12-05,ICICIPRULI,2023-12-05,2023-12-06,545.6129385626415,2023-12-13,548.4464041584979,5,0.005193178892203054,FIXED_HORIZON
M&MFIN-2023-12-05,M&MFIN,2023-12-05,2023-12-06,254.12938910426675,2023-12-13,254.6436701842025,5,0.002023697777531641,FIXED_HORIZON
BALRAMCHIN-2023-12-06,BALRAMCHIN,2023-12-06,2023-12-07,418.166194361171,2023-12-14,376.7245279728287,5,-0.09910333964621987,FIXED_HORIZON
CANFINHOME-2023-12-06,CANFINHOME,2023-12-06,2023-12-07,764.9382978221554,2023-12-14,752.4297995392502,5,-0.016352297065682198,FIXED_HORIZON
SAFARI-2023-12-06,SAFARI,2023-12-06,2023-12-07,2050.0187405402567,2023-12-14,2212.845234641616,5,0.07942683199981304,FIXED_HORIZON
TRIVENI-2023-12-06,TRIVENI,2023-12-06,2023-12-07,340.8655695565343,2023-12-14,340.67077710760753,5,-0.0005714641381356911,FIXED_HORIZON
ABCAPITAL-2023-12-07,ABCAPITAL,2023-12-07,2023-12-08,168.0,2023-12-15,167.5,5,-0.0029761904761904656,FIXED_HORIZON
BHARTIARTL-2023-12-07,BHARTIARTL,2023-12-07,2023-12-08,972.6897820796194,2023-12-15,973.6150739761094,5,0.000951271323640146,FIXED_HORIZON
EIDPARRY-2023-12-07,EIDPARRY,2023-12-07,2023-12-08,518.0,2023-12-15,545.5499877929688,5,0.05318530461963089,FIXED_HORIZON
HINDUNILVR-2023-12-07,HINDUNILVR,2023-12-07,2023-12-08,2396.924331120229,2023-12-15,2397.8758864843303,5,0.0003969901559872646,FIXED_HORIZON
IDFCFIRSTB-2023-12-07,IDFCFIRSTB,2023-12-07,2023-12-08,87.65475054330528,2023-12-15,88.25104775131653,5,0.006802793965133169,FIXED_HORIZON
IRCON-2023-12-07,IRCON,2023-12-07,2023-12-08,155.62513105082485,2023-12-15,168.63405783143398,5,0.08359142699362998,FIXED_HORIZON
NETWORK18-2023-12-07,NETWORK18,2023-12-07,2023-12-08,91.6500015258789,2023-12-15,87.0,5,-0.05073651334927587,FIXED_HORIZON
PAYTM-2023-12-07,PAYTM,2023-12-07,2023-12-08,669.7000122070312,2023-12-15,600.0,5,-0.10407646847329632,FIXED_HORIZON
PRAJIND-2023-12-07,PRAJIND,2023-12-07,2023-12-08,556.5194601985935,2023-12-15,517.805054891719,5,-0.06956523190232966,FIXED_HORIZON
ESCORTS-2023-12-08,ESCORTS,2023-12-08,2023-12-11,3072.4777804009586,2023-12-18,3039.655599214219,5,-0.010682642327345504,FIXED_HORIZON
RENUKA-2023-12-08,RENUKA,2023-12-08,2023-12-11,44.5,2023-12-18,51.0,5,0.146067415730337,FIXED_HORIZON
TATACHEM-2023-12-08,TATACHEM,2023-12-08,2023-12-11,965.1914277757013,2023-12-18,993.764337258778,5,0.029603360184127903,FIXED_HORIZON
DRREDDY-2023-12-11,DRREDDY,2023-12-11,2023-12-12,1079.7851433723365,2023-12-19,1103.3441651171809,5,0.021818249574416138,FIXED_HORIZON
CUMMINSIND-2023-12-12,CUMMINSIND,2023-12-12,2023-12-13,1862.4724789498853,2023-12-20,1900.8738831060614,5,0.02061850824116762,FIXED_HORIZON
MARUTI-2023-12-12,MARUTI,2023-12-12,2023-12-13,10052.214800194672,2023-12-20,9935.779789212647,5,-0.011583020587639048,FIXED_HORIZON
OFSS-2023-12-12,OFSS,2023-12-12,2023-12-13,3667.594644646551,2023-12-20,3942.046227409237,5,0.07483149294137315,FIXED_HORIZON
PIIND-2023-12-12,PIIND,2023-12-12,2023-12-13,3498.335357597238,2023-12-20,3367.08571609862,5,-0.03751774146340381,FIXED_HORIZON
PRESTIGE-2023-12-12,PRESTIGE,2023-12-12,2023-12-13,1109.4582786759966,2023-12-20,1134.1749217759932,5,0.022278118587292006,FIXED_HORIZON
SRF-2023-12-12,SRF,2023-12-12,2023-12-13,2372.91239648789,2023-12-20,2419.7764797526934,5,0.019749605309562268,FIXED_HORIZON
SUNPHARMA-2023-12-12,SUNPHARMA,2023-12-12,2023-12-13,1185.5644209318932,2023-12-20,1221.2782346105862,5,0.030123891243818424,FIXED_HORIZON
USHAMART-2023-12-12,USHAMART,2023-12-12,2023-12-13,279.98122010557387,2023-12-20,303.67116200410914,5,0.08461261040866375,FIXED_HORIZON
SUNTECK-2023-12-13,SUNTECK,2023-12-13,2023-12-14,479.1471702596997,2023-12-21,433.6679442274909,5,-0.09491702937024304,FIXED_HORIZON
TCS-2023-12-13,TCS,2023-12-13,2023-12-14,3317.285885226711,2023-12-21,3432.6598710163985,5,0.03477963304383769,FIXED_HORIZON
MFSL-2023-12-14,MFSL,2023-12-14,2023-12-15,1025.0,2023-12-22,942.9000244140625,5,-0.08009753715701218,FIXED_HORIZON
NAM-INDIA-2023-12-14,NAM-INDIA,2023-12-14,2023-12-15,421.32942059704396,2023-12-22,430.12081981489024,5,0.02086585647256345,FIXED_HORIZON
360ONE-2023-12-15,360ONE,2023-12-15,2023-12-18,642.5779011486751,2023-12-26,638.7974206158865,5,-0.005883303061046119,FIXED_HORIZON
DABUR-2023-12-15,DABUR,2023-12-15,2023-12-18,519.8016507513511,2023-12-26,510.4591935214848,5,-0.01797311958583081,FIXED_HORIZON
INDIGO-2023-12-15,INDIGO,2023-12-15,2023-12-18,2922.0618887510377,2023-12-26,2876.139671483731,5,-0.015715689473960848,FIXED_HORIZON
NESTLEIND-2023-12-15,NESTLEIND,2023-12-15,2023-12-18,1188.856773960526,2023-12-26,1239.2313533905776,5,0.04237228616045563,FIXED_HORIZON
UNIONBANK-2023-12-18,UNIONBANK,2023-12-18,2023-12-19,113.40608781867884,2023-12-27,107.82272881401101,5,-0.04923332699382832,FIXED_HORIZON
HONAUT-2023-12-19,HONAUT,2023-12-19,2023-12-20,35280.092197607766,2023-12-28,35275.12655960771,5,-0.00014074900859806228,FIXED_HORIZON
KFINTECH-2023-12-19,KFINTECH,2023-12-19,2023-12-20,480.39535487785093,2023-12-28,493.06427688869843,5,0.02637186617690923,FIXED_HORIZON
AARTIIND-2023-12-20,AARTIIND,2023-12-20,2023-12-21,564.7237324526969,2023-12-29,645.3416467428591,5,0.14275637742374325,FIXED_HORIZON
ABB-2023-12-20,ABB,2023-12-20,2023-12-21,4469.05439497697,2023-12-29,4536.879409778033,5,0.015176591915572857,FIXED_HORIZON
ABBOTINDIA-2023-12-20,ABBOTINDIA,2023-12-20,2023-12-21,21036.509192193396,2023-12-29,21517.298663913352,5,0.022855002573258565,FIXED_HORIZON
ABCAPITAL-2023-12-20,ABCAPITAL,2023-12-20,2023-12-21,156.89999389648438,2023-12-29,163.6999969482422,5,0.04333972795591157,FIXED_HORIZON
ABFRL-2023-12-20,ABFRL,2023-12-20,2023-12-21,217.10000610351562,2023-12-29,220.4499969482422,5,0.015430634502742624,FIXED_HORIZON
ACC-2023-12-20,ACC,2023-12-20,2023-12-21,2029.1731992108353,2023-12-29,2146.6284430599535,5,0.05788330138343922,FIXED_HORIZON
AFFLE-2023-12-20,AFFLE,2023-12-20,2023-12-21,1165.0,2023-12-29,1245.0,5,0.06866952789699576,FIXED_HORIZON
ALOKINDS-2023-12-20,ALOKINDS,2023-12-20,2023-12-21,20.850000381469727,2023-12-29,21.350000381469727,5,0.023980814908971082,FIXED_HORIZON
APOLLOTYRE-2023-12-20,APOLLOTYRE,2023-12-20,2023-12-21,413.3522886856871,2023-12-29,424.9429374387804,5,0.028040606210134822,FIXED_HORIZON
ASHOKLEY-2023-12-20,ASHOKLEY,2023-12-20,2023-12-21,77.72966638690961,2023-12-29,81.935010686179,5,0.054102178675728974,FIXED_HORIZON
BATAINDIA-2023-12-20,BATAINDIA,2023-12-20,2023-12-21,1516.623607443045,2023-12-29,1528.3367835423162,5,0.0077231925190845985,FIXED_HORIZON
BEML-2023-12-20,BEML,2023-12-20,2023-12-21,1237.1449775797564,2023-12-29,1386.9227692547454,5,0.12106729153765095,FIXED_HORIZON
BERGEPAINT-2023-12-20,BERGEPAINT,2023-12-20,2023-12-21,559.3133889047133,2023-12-29,587.5754115226658,5,0.050529851740716,FIXED_HORIZON
BHEL-2023-12-20,BHEL,2023-12-20,2023-12-21,167.91256484829955,2023-12-29,190.77132994812624,5,0.13613492903570634,FIXED_HORIZON
BIOCON-2023-12-20,BIOCON,2023-12-20,2023-12-21,241.40277251305602,2023-12-29,246.433019087044,5,0.020837567529245815,FIXED_HORIZON
BIRLACORPN-2023-12-20,BIRLACORPN,2023-12-20,2023-12-21,1326.906728365862,2023-12-29,1401.4454747895195,5,0.056174819849964086,FIXED_HORIZON
CARBORUNIV-2023-12-20,CARBORUNIV,2023-12-20,2023-12-21,1092.690168787398,2023-12-29,1096.4477292936383,5,0.0034388160647680355,FIXED_HORIZON
CASTROLIND-2023-12-20,CASTROLIND,2023-12-20,2023-12-21,123.96196980610475,2023-12-29,154.5677632791805,5,0.24689663709723098,FIXED_HORIZON
CDSL-2023-12-20,CDSL,2023-12-20,2023-12-21,866.8262084963939,2023-12-29,896.7754830639487,5,0.03455049498273155,FIXED_HORIZON
CENTRALBK-2023-12-20,CENTRALBK,2023-12-20,2023-12-21,45.78194353395255,2023-12-29,48.62524568688542,5,0.062105317805571936,FIXED_HORIZON
COALINDIA-2023-12-20,COALINDIA,2023-12-20,2023-12-21,301.1537294785863,2023-12-29,327.22915556075725,5,0.08658510099581895,FIXED_HORIZON
CUB-2023-12-20,CUB,2023-12-20,2023-12-21,110.2086894882016,2023-12-29,108.82287860745085,5,-0.012574424822455743,FIXED_HORIZON
CUMMINSIND-2023-12-20,CUMMINSIND,2023-12-20,2023-12-21,1824.3109221004204,2023-12-29,1861.6564757460537,5,0.020471046461003173,FIXED_HORIZON
DEEPAKFERT-2023-12-20,DEEPAKFERT,2023-12-20,2023-12-21,641.7928120010466,2023-12-29,661.1640264212666,5,0.030182971915535317,FIXED_HORIZON
DEEPAKNTR-2023-12-20,DEEPAKNTR,2023-12-20,2023-12-21,2190.2019569933354,2023-12-29,2417.6269569157516,5,0.10383745626573204,FIXED_HORIZON
DELTACORP-2023-12-20,DELTACORP,2023-12-20,2023-12-21,133.59797467601476,2023-12-29,139.11615979931815,5,0.04130440702177873,FIXED_HORIZON
EIHOTEL-2023-12-20,EIHOTEL,2023-12-20,2023-12-21,223.13134821823988,2023-12-29,240.4854350459327,5,0.07777520714265185,FIXED_HORIZON
ESCORTS-2023-12-20,ESCORTS,2023-12-20,2023-12-21,2871.514108074091,2023-12-29,2884.0896274570173,5,0.0043794036559203775,FIXED_HORIZON
EXIDEIND-2023-12-20,EXIDEIND,2023-12-20,2023-12-21,281.1176698956467,2023-12-29,304.49482177706574,5,0.08315788861688,FIXED_HORIZON
FSL-2023-12-20,FSL,2023-12-20,2023-12-21,166.42888455585856,2023-12-29,175.9391105409874,5,0.05714288124028677,FIXED_HORIZON
GLENMARK-2023-12-20,GLENMARK,2023-12-20,2023-12-21,777.9747082043673,2023-12-29,853.6803854903079,5,0.0973112319559537,FIXED_HORIZON
GODREJPROP-2023-12-20,GODREJPROP,2023-12-20,2023-12-21,1874.290154339947,2023-12-29,1981.422333456191,5,0.05715880162320519,FIXED_HORIZON
GRANULES-2023-12-20,GRANULES,2023-12-20,2023-12-21,371.0969083216255,2023-12-29,392.9261666566058,5,0.05882360603247361,FIXED_HORIZON
HAPPSTMNDS-2023-12-20,HAPPSTMNDS,2023-12-20,2023-12-21,848.3513793818066,2023-12-29,877.8262852894931,5,0.03474374725383811,FIXED_HORIZON
HAVELLS-2023-12-20,HAVELLS,2023-12-20,2023-12-21,1304.9976932744273,2023-12-29,1345.8737372890082,5,0.03132269445780933,FIXED_HORIZON
HEG-2023-12-20,HEG,2023-12-20,2023-12-21,336.7712255826374,2023-12-29,378.54886254520926,5,0.12405346356504676,FIXED_HORIZON
HFCL-2023-12-20,HFCL,2023-12-20,2023-12-21,73.80271274807622,2023-12-29,82.77871601145597,5,0.12162158990034855,FIXED_HORIZON
HINDCOPPER-2023-12-20,HINDCOPPER,2023-12-20,2023-12-21,193.97449289386685,2023-12-29,272.61410279043196,5,0.405412117456045,FIXED_HORIZON
HUDCO-2023-12-20,HUDCO,2023-12-20,2023-12-21,91.78225708007812,2023-12-29,118.66796232102725,5,0.29292922288337175,FIXED_HORIZON
IDBI-2023-12-20,IDBI,2023-12-20,2023-12-21,62.113558730417836,2023-12-29,63.9432643123593,5,0.029457426354890792,FIXED_HORIZON
IDEA-2023-12-20,IDEA,2023-12-20,2023-12-21,13.25,2023-12-29,13.449999809265137,5,0.015094325227557492,FIXED_HORIZON
IEX-2023-12-20,IEX,2023-12-20,2023-12-21,133.80600026324973,2023-12-29,152.96152773357574,5,0.14315895724137517,FIXED_HORIZON
IGL-2023-12-20,IGL,2023-12-20,2023-12-21,188.42766814646225,2023-12-29,197.21888111495167,5,0.046655637438850706,FIXED_HORIZON
IIFL-2023-12-20,IIFL,2023-12-20,2023-12-21,575.3429859972164,2023-12-29,585.8970052315846,5,0.018343873986879977,FIXED_HORIZON
INDIACEM-2023-12-20,INDIACEM,2023-12-20,2023-12-21,245.6999969482422,2023-12-29,258.20001220703125,5,0.050875113610287404,FIXED_HORIZON
INDIAMART-2023-12-20,INDIAMART,2023-12-20,2023-12-21,2517.148859891462,2023-12-29,2621.046256393679,5,0.04127582526314977,FIXED_HORIZON
INDUSTOWER-2023-12-20,INDUSTOWER,2023-12-20,2023-12-21,171.78497880728384,2023-12-29,179.78393468901956,5,0.0465637678991091,FIXED_HORIZON
IOB-2023-12-20,IOB,2023-12-20,2023-12-21,41.75,2023-12-29,43.45000076293945,5,0.04071858114825044,FIXED_HORIZON
IPCALAB-2023-12-20,IPCALAB,2023-12-20,2023-12-21,1046.9183040099642,2023-12-29,1087.6041550950358,5,0.03886248901106648,FIXED_HORIZON
IRCTC-2023-12-20,IRCTC,2023-12-20,2023-12-21,785.1143338735873,2023-12-29,842.5141690966109,5,0.07311016083456923,FIXED_HORIZON
IRFC-2023-12-20,IRFC,2023-12-20,2023-12-21,87.81186316442245,2023-12-29,93.41481172367155,5,0.06380628262901,FIXED_HORIZON
JAMNAAUTO-2023-12-20,JAMNAAUTO,2023-12-20,2023-12-21,101.1779729162437,2023-12-29,107.62183186384235,5,0.06368835786948357,FIXED_HORIZON
JMFINANCIL-2023-12-20,JMFINANCIL,2023-12-20,2023-12-21,87.68903727199633,2023-12-29,91.74698673540394,5,0.04627658815343749,FIXED_HORIZON
KARURVYSYA-2023-12-20,KARURVYSYA,2023-12-20,2023-12-21,129.22306970642646,2023-12-29,136.51464917247728,5,0.056426298203688274,FIXED_HORIZON
LEMONTREE-2023-12-20,LEMONTREE,2023-12-20,2023-12-21,114.0999984741211,2023-12-29,120.55000305175781,5,0.056529401085834596,FIXED_HORIZON
LXCHEM-2023-12-20,LXCHEM,2023-12-20,2023-12-21,269.23987369220225,2023-12-29,289.1099859659082,5,0.07380077847021149,FIXED_HORIZON
MAHABANK-2023-12-20,MAHABANK,2023-12-20,2023-12-21,40.82905256541187,2023-12-29,41.887752388896,5,0.0259300609973252,FIXED_HORIZON
MANAPPURAM-2023-12-20,MANAPPURAM,2023-12-20,2023-12-21,156.83217888208765,2023-12-29,166.3036411615389,5,0.060392340060341,FIXED_HORIZON
MARICO-2023-12-20,MARICO,2023-12-20,2023-12-21,512.6224493294706,2023-12-29,526.708614797575,5,0.027478635566057896,FIXED_HORIZON
MARUTI-2023-12-20,MARUTI,2023-12-20,2023-12-21,9702.910069268415,2023-12-29,9975.028538872019,5,0.028045036763297615,FIXED_HORIZON
MASTEK-2023-12-20,MASTEK,2023-12-20,2023-12-21,2568.1481541417247,2023-12-29,2737.2342988712307,5,0.06583971585004389,FIXED_HORIZON
METROPOLIS-2023-12-20,METROPOLIS,2023-12-20,2023-12-21,397.6394266294227,2023-12-29,415.31779263068194,5,0.04445828259815521,FIXED_HORIZON
MGL-2023-12-20,MGL,2023-12-20,2023-12-21,1066.0616667163013,2023-12-29,1122.170246446793,5,0.05263164550632249,FIXED_HORIZON
MMTC-2023-12-20,MMTC,2023-12-20,2023-12-21,56.0,2023-12-29,60.20000076293945,5,0.07500001362391884,FIXED_HORIZON
MRPL-2023-12-20,MRPL,2023-12-20,2023-12-21,118.59900111115915,2023-12-29,128.2412066854929,5,0.08130090037854876,FIXED_HORIZON
MSUMI-2023-12-20,MSUMI,2023-12-20,2023-12-21,38.31921067727796,2023-12-29,39.2468091739809,5,0.02420713997778079,FIXED_HORIZON
MTARTECH-2023-12-20,MTARTECH,2023-12-20,2023-12-21,2211.0,2023-12-29,2205.0,5,-0.0027137042062415073,FIXED_HORIZON
NATIONALUM-2023-12-20,NATIONALUM,2023-12-20,2023-12-21,93.66822567020114,2023-12-29,117.19754835949222,5,0.2511985523472611,FIXED_HORIZON
NAVINFLUOR-2023-12-20,NAVINFLUOR,2023-12-20,2023-12-21,3660.3858759317836,2023-12-29,3824.920789063625,5,0.04495015517727552,FIXED_HORIZON
NCC-2023-12-20,NCC,2023-12-20,2023-12-21,152.95295894984918,2023-12-29,162.00715100472007,5,0.059195926100649165,FIXED_HORIZON
NSLNISP-2023-12-20,NSLNISP,2023-12-20,2023-12-21,47.099998474121094,2023-12-29,50.900001525878906,5,0.08067947292706834,FIXED_HORIZON
NTPC-2023-12-20,NTPC,2023-12-20,2023-12-21,279.26106908980387,2023-12-29,296.7738373528837,5,0.06271109797065244,FIXED_HORIZON
OFSS-2023-12-20,OFSS,2023-12-20,2023-12-21,3713.9059556584316,2023-12-29,3772.267510388749,5,0.015714332949491983,FIXED_HORIZON
OLECTRA-2023-12-20,OLECTRA,2023-12-20,2023-12-21,1190.4819130836179,2023-12-29,1256.4504056846476,5,0.05541326741382946,FIXED_HORIZON
PFC-2023-12-20,PFC,2023-12-20,2023-12-21,335.4634236805886,2023-12-29,346.1697496784926,5,0.031915032287090694,FIXED_HORIZON
PIDILITIND-2023-12-20,PIDILITIND,2023-12-20,2023-12-21,1258.3311362146028,2023-12-29,1329.4131435431007,5,0.05648911107956178,FIXED_HORIZON
PNB-2023-12-20,PNB,2023-12-20,2023-12-21,80.3150844378885,2023-12-29,89.97529550845974,5,0.12027891321015716,FIXED_HORIZON
PPLPHARMA-2023-12-20,PPLPHARMA,2023-12-20,2023-12-21,123.18067603040568,2023-12-29,138.25994850124502,5,0.12241589311555012,FIXED_HORIZON
PRINCEPIPE-2023-12-20,PRINCEPIPE,2023-12-20,2023-12-21,696.4028660218854,2023-12-29,735.9253237371902,5,0.05675229043940022,FIXED_HORIZON
PVRINOX-2023-12-20,PVRINOX,2023-12-20,2023-12-21,1740.0,2023-12-29,1657.9000244140625,5,-0.047183894014906635,FIXED_HORIZON
QUESS-2023-12-20,QUESS,2023-12-20,2023-12-21,441.6575375673083,2023-12-29,478.37084986918006,5,0.0831261988736618,FIXED_HORIZON
RAJESHEXPO-2023-12-20,RAJESHEXPO,2023-12-20,2023-12-21,358.95001220703125,2023-12-29,364.3999938964844,5,0.015183121616136663,FIXED_HORIZON
RAMCOCEM-2023-12-20,RAMCOCEM,2023-12-20,2023-12-21,984.4903772072615,2023-12-29,1010.492044674203,5,0.026411296716481125,FIXED_HORIZON
RITES-2023-12-20,RITES,2023-12-20,2023-12-21,224.18133511946598,2023-12-29,231.6540458297006,5,0.03333333127957516,FIXED_HORIZON
RVNL-2023-12-20,RVNL,2023-12-20,2023-12-21,168.1991052310914,2023-12-29,174.6985866424655,5,0.03864159326201144,FIXED_HORIZON
SAMMAANCAP-2023-12-20,SAMMAANCAP,2023-12-20,2023-12-21,176.02303959171292,2023-12-29,193.40532122610117,5,0.09875003678329053,FIXED_HORIZON
SBIN-2023-12-20,SBIN,2023-12-20,2023-12-21,598.6941772244857,2023-12-29,611.3376144926107,5,0.021118356832430463,FIXED_HORIZON
SONACOMS-2023-12-20,SONACOMS,2023-12-20,2023-12-21,528.6883733479972,2023-12-29,627.9894085424389,5,0.18782526758741303,FIXED_HORIZON
SRF-2023-12-20,SRF,2023-12-20,2023-12-21,2338.235323847037,2023-12-29,2447.220561519991,5,0.04661003816059184,FIXED_HORIZON
SUNTV-2023-12-20,SUNTV,2023-12-20,2023-12-21,629.6858552021026,2023-12-29,672.4951473521354,5,0.06798515767245994,FIXED_HORIZON
TATACHEM-2023-12-20,TATACHEM,2023-12-20,2023-12-21,949.4881943398151,2023-12-29,1048.797434367443,5,0.10459239053169922,FIXED_HORIZON
TRIDENT-2023-12-20,TRIDENT,2023-12-20,2023-12-21,33.73520405981239,2023-12-29,34.35638865000114,5,0.018413541803019573,FIXED_HORIZON
TTML-2023-12-20,TTML,2023-12-20,2023-12-21,88.19999694824219,2023-12-29,91.1500015258789,5,0.03344676507605615,FIXED_HORIZON
UCOBANK-2023-12-20,UCOBANK,2023-12-20,2023-12-21,36.40640935117351,2023-12-29,38.53091716209028,5,0.05835532393277054,FIXED_HORIZON
UJJIVANSFB-2023-12-20,UJJIVANSFB,2023-12-20,2023-12-21,53.664681913550766,2023-12-29,54.87334568517525,5,0.022522518135326797,FIXED_HORIZON
UNITDSPR-2023-12-20,UNITDSPR,2023-12-20,2023-12-21,1024.2162698344098,2023-12-29,1066.9407743916793,5,0.04171433887120046,FIXED_HORIZON
UPL-2023-12-20,UPL,2023-12-20,2023-12-21,560.5549428463416,2023-12-29,580.0026141443168,5,0.034693604161663893,FIXED_HORIZON
VEDL-2023-12-20,VEDL,2023-12-20,2023-12-21,204.18394540483305,2023-12-29,217.38882831143772,5,0.0646715043164805,FIXED_HORIZON
WESTLIFE-2023-12-20,WESTLIFE,2023-12-20,2023-12-21,801.608566522088,2023-12-29,822.5223042714459,5,0.02608971338729038,FIXED_HORIZON
YESBANK-2023-12-20,YESBANK,2023-12-20,2023-12-21,20.149999618530273,2023-12-29,20.899999618530273,5,0.037220844377102935,FIXED_HORIZON
POLYCAB-2023-12-22,POLYCAB,2023-12-22,2023-12-26,5280.001585229808,2024-01-03,5261.036397769529,5,-0.0035918904860431367,FIXED_HORIZON
KAYNES-2023-12-26,KAYNES,2023-12-26,2023-12-27,2633.14990234375,2024-01-04,2625.0,5,-0.003095115221695477,FIXED_HORIZON
BATAINDIA-2024-01-02,BATAINDIA,2024-01-02,2024-01-03,1490.4911552587191,2024-01-10,1467.1584642279588,5,-0.015654363964816786,FIXED_HORIZON
JAMNAAUTO-2024-01-02,JAMNAAUTO,2024-01-02,2024-01-03,105.93874229461714,2024-01-10,104.83269863664061,5,-0.010440407673527052,FIXED_HORIZON
KPRMILL-2024-01-02,KPRMILL,2024-01-02,2024-01-03,778.5005302540311,2024-01-10,772.4977149720074,5,-0.007710740132784388,FIXED_HORIZON
DMART-2024-01-03,DMART,2024-01-03,2024-01-04,3965.0,2024-01-11,3845.0,5,-0.030264817150063017,FIXED_HORIZON
ICICIGI-2024-01-03,ICICIGI,2024-01-03,2024-01-04,1356.409465039335,2024-01-11,1364.2232345123812,5,0.005760627358066817,FIXED_HORIZON
JSWSTEEL-2024-01-03,JSWSTEEL,2024-01-03,2024-01-04,826.7314245245695,2024-01-11,821.3690250148861,5,-0.006486265491561727,FIXED_HORIZON
FLUOROCHEM-2024-01-05,FLUOROCHEM,2024-01-05,2024-01-08,3594.569792675226,2024-01-15,3480.5918948491576,5,-0.0317083557699519,FIXED_HORIZON
GNFC-2024-01-05,GNFC,2024-01-05,2024-01-08,722.0793077350542,2024-01-15,722.9760370285995,5,0.0012418709190797905,FIXED_HORIZON
SHREECEM-2024-01-05,SHREECEM,2024-01-05,2024-01-08,26636.67770756444,2024-01-15,26605.038293304773,5,-0.0011878138335051913,FIXED_HORIZON
AARTIIND-2024-01-08,AARTIIND,2024-01-08,2024-01-09,602.0201406403789,2024-01-16,609.489333464572,5,0.01240688196286599,FIXED_HORIZON
BANDHANBNK-2024-01-08,BANDHANBNK,2024-01-08,2024-01-09,233.9887774818983,2024-01-16,225.21420550424205,5,-0.037499969323678606,FIXED_HORIZON
BANKBARODA-2024-01-08,BANKBARODA,2024-01-08,2024-01-09,206.78979185630487,2024-01-16,210.52476779353375,5,0.01806170364456028,FIXED_HORIZON
COROMANDEL-2024-01-08,COROMANDEL,2024-01-08,2024-01-09,1189.998390301201,2024-01-16,1186.4540444089855,5,-0.0029784459551397413,FIXED_HORIZON
GODREJCP-2024-01-08,GODREJCP,2024-01-08,2024-01-09,1126.8743344220686,2024-01-16,1082.532452241134,5,-0.03934944725107781,FIXED_HORIZON
MARICO-2024-01-08,MARICO,2024-01-08,2024-01-09,508.2659132748759,2024-01-16,513.0580786264892,5,0.00942846102099626,FIXED_HORIZON
NAVINFLUOR-2024-01-08,NAVINFLUOR,2024-01-08,2024-01-09,3584.6220923461533,2024-01-16,3500.219233349116,5,-0.02354581789172505,FIXED_HORIZON
PAGEIND-2024-01-08,PAGEIND,2024-01-08,2024-01-09,36093.400042306595,2024-01-16,35955.89630990885,5,-0.003809664155678627,FIXED_HORIZON
PVRINOX-2024-01-08,PVRINOX,2024-01-08,2024-01-09,1600.0,2024-01-16,1520.0,5,-0.050000000000000044,FIXED_HORIZON
UPL-2024-01-08,UPL,2024-01-08,2024-01-09,554.5295738638538,2024-01-16,556.4890061032994,5,0.003533503588983855,FIXED_HORIZON
ALLCARGO-2024-01-09,ALLCARGO,2024-01-09,2024-01-10,80.27856916366271,2024-01-17,78.97361110905712,5,-0.01625537261314658,FIXED_HORIZON
CSBBANK-2024-01-09,CSBBANK,2024-01-09,2024-01-10,397.29998779296875,2024-01-17,382.0,5,-0.0385099125674816,FIXED_HORIZON
POLYCAB-2024-01-09,POLYCAB,2024-01-09,2024-01-10,4922.027585001629,2024-01-17,4275.783252963201,5,-0.13129636534497668,FIXED_HORIZON
SRF-2024-01-09,SRF,2024-01-09,2024-01-10,2289.687458922479,2024-01-17,2327.188069748997,5,0.01637804787740138,FIXED_HORIZON
ZEEL-2024-01-09,ZEEL,2024-01-09,2024-01-10,252.4708391117961,2024-01-17,241.54031426881778,5,-0.04329420728917599,FIXED_HORIZON
ANURAS-2024-01-10,ANURAS,2024-01-10,2024-01-11,956.4860417181728,2024-01-18,939.613665837059,5,-0.017639960381236053,FIXED_HORIZON
IGL-2024-01-10,IGL,2024-01-10,2024-01-11,199.6728193331525,2024-01-18,206.24835402539773,5,0.032931546287599645,FIXED_HORIZON
MANAPPURAM-2024-01-10,MANAPPURAM,2024-01-10,2024-01-11,163.322775563789,2024-01-18,165.39017199207083,5,0.012658347380793522,FIXED_HORIZON
HINDUNILVR-2024-01-11,HINDUNILVR,2024-01-11,2024-01-12,2410.7214975896873,2024-01-19,2440.6951612875596,5,0.01243348256023813,FIXED_HORIZON
KEI-2024-01-11,KEI,2024-01-11,2024-01-12,3030.1650606023977,2024-01-19,3136.870548258173,5,0.03521441423872873,FIXED_HORIZON
ICICIPRULI-2024-01-12,ICICIPRULI,2024-01-12,2024-01-15,529.9046880305293,2024-01-23,493.11955621351115,5,-0.06941839286935858,FIXED_HORIZON
MCX-2024-01-12,MCX,2024-01-12,2024-01-15,612.1449304219716,2024-01-23,641.124610246076,5,0.04734120693301791,FIXED_HORIZON
METROPOLIS-2024-01-12,METROPOLIS,2024-01-12,2024-01-15,375.98964238198266,2024-01-23,394.4025332850124,5,0.048971803548575776,FIXED_HORIZON
DIXON-2024-01-15,DIXON,2024-01-15,2024-01-16,6334.814979463998,2024-01-24,5907.208684833459,5,-0.06750099190216907,FIXED_HORIZON
HDFCLIFE-2024-01-15,HDFCLIFE,2024-01-15,2024-01-16,609.7981164475891,2024-01-24,584.2969734580766,5,-0.04181899271527878,FIXED_HORIZON
AAVAS-2024-01-16,AAVAS,2024-01-16,2024-01-17,1568.8499755859375,2024-01-25,1493.5,5,-0.048028796098107285,FIXED_HORIZON
ANGELONE-2024-01-16,ANGELONE,2024-01-16,2024-01-17,325.4251286835945,2024-01-25,285.23223739441806,5,-0.12350887422788825,FIXED_HORIZON
NYKAA-2024-01-16,NYKAA,2024-01-16,2024-01-17,172.5500030517578,2024-01-25,163.39999389648438,5,-0.0530281599156438,FIXED_HORIZON
ASIANPAINT-2024-01-17,ASIANPAINT,2024-01-17,2024-01-18,3159.3760189708214,2024-01-29,2851.0950852842175,5,-0.09757652518582693,FIXED_HORIZON
AXISBANK-2024-01-17,AXISBANK,2024-01-17,2024-01-18,1063.4482074850514,2024-01-29,1033.5200378202296,5,-0.028142573803005333,FIXED_HORIZON
ETERNAL-2024-01-17,ETERNAL,2024-01-17,2024-01-18,128.0500030517578,2024-01-29,136.89999389648438,5,0.06911355434446498,FIXED_HORIZON
HDFCBANK-2024-01-17,HDFCBANK,2024-01-17,2024-01-18,715.2781469954391,2024-01-29,693.2788081065851,5,-0.030756341405456467,FIXED_HORIZON
ICICIBANK-2024-01-17,ICICIBANK,2024-01-17,2024-01-18,950.2322029973618,2024-01-29,995.1608069755424,5,0.04728171055081076,FIXED_HORIZON
IDFCFIRSTB-2024-01-17,IDFCFIRSTB,2024-01-17,2024-01-18,84.67329663868193,2024-01-29,80.54895913984325,5,-0.0487088333933432,FIXED_HORIZON
IEX-2024-01-17,IEX,2024-01-17,2024-01-18,136.5828671441708,2024-01-29,130.41731309733825,5,-0.0451414893811275,FIXED_HORIZON
JINDALSTEL-2024-01-17,JINDALSTEL,2024-01-17,2024-01-18,717.7802588545286,2024-01-29,718.7744812993126,5,0.0013851348410871545,FIXED_HORIZON
KOTAKBANK-2024-01-17,KOTAKBANK,2024-01-17,2024-01-18,352.5964776989446,2024-01-29,355.64431738862004,5,0.008643987908120154,FIXED_HORIZON
MANYAVAR-2024-01-17,MANYAVAR,2024-01-17,2024-01-18,1148.8984377859736,2024-01-29,1124.587582301959,5,-0.02116014321584747,FIXED_HORIZON
RBA-2024-01-17,RBA,2024-01-17,2024-01-18,121.0,2024-01-29,118.25,5,-0.022727272727272707,FIXED_HORIZON
SHREECEM-2024-01-17,SHREECEM,2024-01-17,2024-01-18,25911.95145830373,2024-01-29,27639.33999260933,5,0.0666637762534108,FIXED_HORIZON
TATASTEEL-2024-01-17,TATASTEEL,2024-01-17,2024-01-18,123.56083051605107,2024-01-29,126.42340945875426,5,0.023167365667158935,FIXED_HORIZON
BERGEPAINT-2024-01-18,BERGEPAINT,2024-01-18,2024-01-19,569.6973487913137,2024-01-30,551.721343810996,5,-0.03155360476655922,FIXED_HORIZON
HAPPSTMNDS-2024-01-18,HAPPSTMNDS,2024-01-18,2024-01-19,872.5733889455834,2024-01-30,837.8940846748031,5,-0.039743710626663376,FIXED_HORIZON
INDIAMART-2024-01-18,INDIAMART,2024-01-18,2024-01-19,2369.8508716825518,2024-01-30,2415.61272862788,5,0.019310015449553797,FIXED_HORIZON
IPCALAB-2024-01-18,IPCALAB,2024-01-18,2024-01-19,1072.520838751055,2024-01-30,1126.2061839503606,5,0.05005529334219916,FIXED_HORIZON
KSB-2024-01-18,KSB,2024-01-18,2024-01-19,648.4435168466016,2024-01-30,701.6062005523294,5,0.08198506473510503,FIXED_HORIZON
LTM-2024-01-18,LTM,2024-01-18,2024-01-19,5474.28891151502,2024-01-30,5287.611699083442,5,-0.03410072348189519,FIXED_HORIZON
PIIND-2024-01-18,PIIND,2024-01-18,2024-01-19,3333.4349936725034,2024-01-30,3247.7279213660618,5,-0.025711337544943924,FIXED_HORIZON
TATAELXSI-2024-01-18,TATAELXSI,2024-01-18,2024-01-19,8089.593575221812,2024-01-30,7427.72594979475,5,-0.08181716661938909,FIXED_HORIZON
TITAN-2024-01-18,TITAN,2024-01-18,2024-01-19,3706.640677117774,2024-01-30,3845.112248418992,5,0.03735770023677909,FIXED_HORIZON
INDUSINDBK-2024-01-19,INDUSINDBK,2024-01-19,2024-01-23,1515.690987676461,2024-01-31,1500.0896343483853,5,-0.010293228273391297,FIXED_HORIZON
ABCAPITAL-2024-01-23,ABCAPITAL,2024-01-23,2024-01-24,163.39999389648438,2024-02-01,170.9499969482422,5,0.046205650757495276,FIXED_HORIZON
ASTRAL-2024-01-23,ASTRAL,2024-01-23,2024-01-24,1768.5391228470746,2024-02-01,1822.3960111721606,5,0.030452754835519125,FIXED_HORIZON
ATUL-2024-01-23,ATUL,2024-01-23,2024-01-24,6105.464466469092,2024-02-01,6423.734397955132,5,0.052128700974997555,FIXED_HORIZON
BAJAJHLDNG-2024-01-23,BAJAJHLDNG,2024-01-23,2024-01-24,7974.986910327791,2024-02-01,8225.08534517132,5,0.031360356782485166,FIXED_HORIZON
BAJFINANCE-2024-01-23,BAJFINANCE,2024-01-23,2024-01-24,698.2245782719611,2024-02-01,674.8226532293942,5,-0.033516329517480625,FIXED_HORIZON
BANKBARODA-2024-01-23,BANKBARODA,2024-01-23,2024-01-24,203.14592721453985,2024-02-01,227.74206463967707,5,0.12107620252293594,FIXED_HORIZON
BCG-2024-01-23,BCG,2024-01-23,2024-01-24,17.700000762939453,2024-02-01,20.600000381469727,5,0.163841779295419,FIXED_HORIZON
BEML-2024-01-23,BEML,2024-01-23,2024-01-24,1496.8418836298977,2024-02-01,1741.5366375038573,5,0.16347401589309185,FIXED_HORIZON
BSE-2024-01-23,BSE,2024-01-23,2024-01-24,692.1503352143947,2024-02-01,772.1431457431117,5,0.11557143940982018,FIXED_HORIZON
CANFINHOME-2024-01-23,CANFINHOME,2024-01-23,2024-01-24,705.5594263213142,2024-02-01,753.4070425639878,5,0.0678151470417514,FIXED_HORIZON
CROMPTON-2024-01-23,CROMPTON,2024-01-23,2024-01-24,292.6334400391275,2024-02-01,295.8914045234472,5,0.011133261065051414,FIXED_HORIZON
CYIENT-2024-01-23,CYIENT,2024-01-23,2024-01-24,2046.800404819739,2024-02-01,1870.5382535688104,5,-0.08611594507987796,FIXED_HORIZON
DLF-2024-01-23,DLF,2024-01-23,2024-01-24,721.3463640615322,2024-02-01,782.3724482710118,5,0.08460025204240718,FIXED_HORIZON
FSL-2024-01-23,FSL,2024-01-23,2024-01-24,182.596265810831,2024-02-01,195.57771643515133,5,0.07109373549713816,FIXED_HORIZON
HAVELLS-2024-01-23,HAVELLS,2024-01-23,2024-01-24,1273.335717674998,2024-02-01,1279.14313457776,5,0.004560790074565668,FIXED_HORIZON
HDFCAMC-2024-01-23,HDFCAMC,2024-01-23,2024-01-24,1582.5972673976246,2024-02-01,1690.145412980719,5,0.0679567365612499,FIXED_HORIZON
HINDUNILVR-2024-01-23,HINDUNILVR,2024-01-23,2024-01-24,2272.273069947619,2024-02-01,2355.151916447557,5,0.03647398175688821,FIXED_HORIZON
INDIGO-2024-01-23,INDIGO,2024-01-23,2024-01-24,2934.9900080110874,2024-02-01,2976.969142715023,5,0.014302990670957305,FIXED_HORIZON
IOC-2024-01-23,IOC,2024-01-23,2024-01-24,123.98590509083459,2024-02-01,132.50745067055118,5,0.06872995421111394,FIXED_HORIZON
IRCTC-2024-01-23,IRCTC,2024-01-23,2024-01-24,915.966676728098,2024-02-01,961.6920061305073,5,0.04992029793675856,FIXED_HORIZON
JKCEMENT-2024-01-23,JKCEMENT,2024-01-23,2024-01-24,4006.199755882975,2024-02-01,4356.222924721315,5,0.08737037346286658,FIXED_HORIZON
JKPAPER-2024-01-23,JKPAPER,2024-01-23,2024-01-24,389.55012213302814,2024-02-01,421.1352439369073,5,0.08108102143809126,FIXED_HORIZON
JSL-2024-01-23,JSL,2024-01-23,2024-01-24,513.8893925293859,2024-02-01,561.2531659193584,5,0.09216725248374158,FIXED_HORIZON
KPITTECH-2024-01-23,KPITTECH,2024-01-23,2024-01-24,1469.8853833091146,2024-02-01,1518.1476482715548,5,0.032834032850771466,FIXED_HORIZON
LICHSGFIN-2024-01-23,LICHSGFIN,2024-01-23,2024-01-24,534.0726654074277,2024-02-01,594.486213075296,5,0.11311859149687153,FIXED_HORIZON
LTF-2024-01-23,LTF,2024-01-23,2024-01-24,156.51437665867772,2024-02-01,168.28416346320924,5,0.07519939737036907,FIXED_HORIZON
MCX-2024-01-23,MCX,2024-01-23,2024-01-24,601.8730651890577,2024-02-01,675.2748164819327,5,0.12195553437803097,FIXED_HORIZON
MFSL-2024-01-23,MFSL,2024-01-23,2024-01-24,869.5999755859375,2024-02-01,890.3499755859375,5,0.023861546208092443,FIXED_HORIZON
MUTHOOTFIN-2024-01-23,MUTHOOTFIN,2024-01-23,2024-01-24,1321.4950826219651,2024-02-01,1358.5734601186589,5,0.028057900467648222,FIXED_HORIZON
NIACL-2024-01-23,NIACL,2024-01-23,2024-01-24,219.38211838086784,2024-02-01,237.22916862027088,5,0.08135143543658785,FIXED_HORIZON
OBEROIRLTY-2024-01-23,OBEROIRLTY,2024-01-23,2024-01-24,1345.8343280167348,2024-02-01,1306.0523773999223,5,-0.029559322264751886,FIXED_HORIZON
PHOENIXLTD-2024-01-23,PHOENIXLTD,2024-01-23,2024-01-24,1190.3541741478818,2024-02-01,1207.8760034926925,5,0.014719845341285565,FIXED_HORIZON
PIDILITIND-2024-01-23,PIDILITIND,2024-01-23,2024-01-24,1290.1684226964642,2024-02-01,1246.9748052107539,5,-0.033479053374624757,FIXED_HORIZON
PNCINFRA-2024-01-23,PNCINFRA,2024-01-23,2024-01-24,385.4107438266863,2024-02-01,460.50951658575167,5,0.1948538642525135,FIXED_HORIZON
POLICYBZR-2024-01-23,POLICYBZR,2024-01-23,2024-01-24,859.2999877929688,2024-02-01,1030.0,5,0.19865008103335158,FIXED_HORIZON
POONAWALLA-2024-01-23,POONAWALLA,2024-01-23,2024-01-24,480.96225074304573,2024-02-01,480.5,5,-0.0009610956833547846,FIXED_HORIZON
PRESTIGE-2024-01-23,PRESTIGE,2024-01-23,2024-01-24,1141.151258737235,2024-02-01,1261.14653128451,5,0.105152819688477,FIXED_HORIZON
RELIANCE-2024-01-23,RELIANCE,2024-01-23,2024-01-24,1319.314984194113,2024-02-01,1417.9011153905622,5,0.07472524179407336,FIXED_HORIZON
SBICARD-2024-01-23,SBICARD,2024-01-23,2024-01-24,727.6161443153959,2024-02-01,711.6779215554951,5,-0.021904712923730973,FIXED_HORIZON
SBILIFE-2024-01-23,SBILIFE,2024-01-23,2024-01-24,1373.3981703411991,2024-02-01,1400.161804562858,5,0.0194871631545932,FIXED_HORIZON
SBIN-2024-01-23,SBIN,2024-01-23,2024-01-24,577.6691462358584,2024-02-01,608.7332050368398,5,0.05377482769055164,FIXED_HORIZON
SUNTV-2024-01-23,SUNTV,2024-01-23,2024-01-24,582.6943767566149,2024-02-01,624.0468168313288,5,0.07096763195980915,FIXED_HORIZON
TATAINVEST-2024-01-23,TATAINVEST,2024-01-23,2024-01-24,437.9871004148493,2024-02-01,562.0153156470327,5,0.28317778106868285,FIXED_HORIZON
TEJASNET-2024-01-23,TEJASNET,2024-01-23,2024-01-24,740.3388677728085,2024-02-01,790.1597656528781,5,0.06729472144282767,FIXED_HORIZON
TRIVENI-2024-01-23,TRIVENI,2024-01-23,2024-01-24,316.27455181694694,2024-02-01,333.3665082690938,5,0.054041516631535114,FIXED_HORIZON
ZEEL-2024-01-23,ZEEL,2024-01-23,2024-01-24,153.51315301148037,2024-02-01,172.11933800452005,5,0.12120254602319469,FIXED_HORIZON
QUESS-2024-01-24,QUESS,2024-01-24,2024-01-25,436.1710450786598,2024-02-02,462.0030114714336,5,0.05922439530142398,FIXED_HORIZON
ROUTE-2024-01-24,ROUTE,2024-01-24,2024-01-25,1519.464041595798,2024-02-02,1526.4388229845072,5,0.0045902905220343015,FIXED_HORIZON
TANLA-2024-01-24,TANLA,2024-01-24,2024-01-25,1007.9117455465822,2024-02-02,968.8784177412474,5,-0.038726930187887976,FIXED_HORIZON
UJJIVANSFB-2024-01-24,UJJIVANSFB,2024-01-24,2024-01-25,53.56799092410023,2024-02-02,54.14814900549748,5,0.010830312494251926,FIXED_HORIZON
WELSPUNLIV-2024-01-24,WELSPUNLIV,2024-01-24,2024-01-25,135.20213332095454,2024-02-02,161.847804296875,5,0.19708025547693597,FIXED_HORIZON
AARTIDRUGS-2024-01-25,AARTIDRUGS,2024-01-25,2024-01-29,500.15511504089665,2024-02-05,507.08794772843805,5,0.013861365162634698,FIXED_HORIZON
AUBANK-2024-01-25,AUBANK,2024-01-25,2024-01-29,667.470064171938,2024-02-05,626.5751438286569,5,-0.06126854601938625,FIXED_HORIZON
BALKRISIND-2024-01-25,BALKRISIND,2024-01-25,2024-01-29,2506.8065379901095,2024-02-05,2421.224797270315,5,-0.03413974689423449,FIXED_HORIZON
IGL-2024-01-25,IGL,2024-01-25,2024-01-29,195.31293326427414,2024-02-05,213.94366085513587,5,0.0953891136622933,FIXED_HORIZON
JUBLFOOD-2024-01-25,JUBLFOOD,2024-01-25,2024-01-29,505.3798251104675,2024-02-05,491.82022154607233,5,-0.026830520117084755,FIXED_HORIZON
LAURUSLABS-2024-01-25,LAURUSLABS,2024-01-25,2024-01-29,376.93558092244484,2024-02-05,390.0705972277604,5,0.03484684643771563,FIXED_HORIZON
PNBHOUSING-2024-01-25,PNBHOUSING,2024-01-25,2024-01-29,816.2381317396347,2024-02-05,796.197475209142,5,-0.02455246300216385,FIXED_HORIZON
RATNAMANI-2024-01-25,RATNAMANI,2024-01-25,2024-01-29,3158.1488589550995,2024-02-05,3318.59203852552,5,0.05080291865137232,FIXED_HORIZON
STLTECH-2024-01-25,STLTECH,2024-01-25,2024-01-29,136.10000610351562,2024-02-05,140.5,5,0.03232912343249872,FIXED_HORIZON
TECHM-2024-01-25,TECHM,2024-01-25,2024-01-29,1233.3065798718417,2024-02-05,1240.4965861517412,5,0.005829861282866666,FIXED_HORIZON
UCOBANK-2024-01-25,UCOBANK,2024-01-25,2024-01-29,40.269154255020645,2024-02-05,49.58803341639313,5,0.23141482193435037,FIXED_HORIZON
DEVYANI-2024-01-29,DEVYANI,2024-01-29,2024-01-30,172.9499969482422,2024-02-06,163.4499969482422,5,-0.05492917124967056,FIXED_HORIZON
BAJAJFINSV-2024-01-30,BAJAJFINSV,2024-01-30,2024-01-31,1590.8617043094503,2024-02-07,1605.832221301966,5,0.009410319546923729,FIXED_HORIZON
COROMANDEL-2024-01-30,COROMANDEL,2024-01-30,2024-01-31,1038.9227160300907,2024-02-07,1092.8255756626384,5,0.05188341615873049,FIXED_HORIZON
ITC-2024-01-30,ITC,2024-01-30,2024-01-31,377.6757423653789,2024-02-07,373.3839706946024,5,-0.011363641318071327,FIXED_HORIZON
JUBLINGREA-2024-01-30,JUBLINGREA,2024-01-30,2024-01-31,419.91781628416413,2024-02-07,429.63561798246343,5,0.02314215144356524,FIXED_HORIZON
MANYAVAR-2024-01-30,MANYAVAR,2024-01-30,2024-01-31,1016.6373022789378,2024-02-07,958.242027912239,5,-0.057439633816108726,FIXED_HORIZON
SIEMENS-2024-01-30,SIEMENS,2024-01-30,2024-01-31,2395.2546211562344,2024-02-07,2497.0895267437063,5,0.04251527361141849,FIXED_HORIZON
TRENT-2024-01-30,TRENT,2024-01-30,2024-01-31,3046.341176830671,2024-02-07,3072.2759875259876,5,0.008513429451883825,FIXED_HORIZON
JYOTHYLAB-2024-01-31,JYOTHYLAB,2024-01-31,2024-02-01,499.02906388099746,2024-02-08,479.96372916716024,5,-0.03820485838152243,FIXED_HORIZON
LT-2024-01-31,LT,2024-01-31,2024-02-01,3387.8621385741612,2024-02-08,3322.6358179439226,5,-0.019252944176084474,FIXED_HORIZON
AUROPHARMA-2024-02-01,AUROPHARMA,2024-02-01,2024-02-02,1065.5565886333086,2024-02-09,1007.3593568000624,5,-0.05461674438885544,FIXED_HORIZON
DEEPAKFERT-2024-02-01,DEEPAKFERT,2024-02-01,2024-02-02,562.546991117181,2024-02-09,517.4943546184107,5,-0.08008688555830468,FIXED_HORIZON
INDIACEM-2024-02-01,INDIACEM,2024-02-01,2024-02-02,243.89999389648438,2024-02-09,238.5,5,-0.022140196931600742,FIXED_HORIZON
MAPMYINDIA-2024-02-01,MAPMYINDIA,2024-02-01,2024-02-02,1841.1765192009086,2024-02-09,1889.36694270729,5,0.026173711756489526,FIXED_HORIZON
MTARTECH-2024-02-01,MTARTECH,2024-02-01,2024-02-02,2039.8499755859375,2024-02-09,2006.0,5,-0.016594345658294873,FIXED_HORIZON
ZFCVINDIA-2024-02-01,ZFCVINDIA,2024-02-01,2024-02-02,2571.7554891831924,2024-02-09,2414.786966981283,5,-0.06103555445380371,FIXED_HORIZON
AEGISLOG-2024-02-02,AEGISLOG,2024-02-02,2024-02-05,367.57425377256544,2024-02-12,365.5754965598909,5,-0.00543769644408032,FIXED_HORIZON
BAYERCROP-2024-02-02,BAYERCROP,2024-02-02,2024-02-05,5384.7274704741,2024-02-12,5488.402922256696,5,0.019253611691784966,FIXED_HORIZON
BIKAJI-2024-02-02,BIKAJI,2024-02-02,2024-02-05,545.4776461258957,2024-02-12,549.1606084785406,5,0.0067518116989799815,FIXED_HORIZON
CUB-2024-02-02,CUB,2024-02-02,2024-02-05,100.65386338155714,2024-02-12,98.10105111826628,5,-0.025362287919478033,FIXED_HORIZON
PAYTM-2024-02-02,PAYTM,2024-02-02,2024-02-05,438.5,2024-02-12,430.04998779296875,5,-0.019270267290835252,FIXED_HORIZON
PRAJIND-2024-02-02,PRAJIND,2024-02-02,2024-02-05,466.46006727738376,2024-02-12,487.3174560228818,5,0.04471420001124127,FIXED_HORIZON
BANKINDIA-2024-02-05,BANKINDIA,2024-02-05,2024-02-06,126.99859172900572,2024-02-13,117.45086834756728,5,-0.07517975791268405,FIXED_HORIZON
BHARTIARTL-2024-02-05,BHARTIARTL,2024-02-05,2024-02-06,1095.7004217806023,2024-02-13,1082.065119492626,5,-0.012444370757672685,FIXED_HORIZON
CENTURYPLY-2024-02-05,CENTURYPLY,2024-02-05,2024-02-06,747.9667966081938,2024-02-13,731.0094939251647,5,-0.022671197117205444,FIXED_HORIZON
CLEAN-2024-02-05,CLEAN,2024-02-05,2024-02-06,1394.9941971564178,2024-02-13,1387.024554638539,5,-0.005713029153902038,FIXED_HORIZON
FINEORG-2024-02-05,FINEORG,2024-02-05,2024-02-06,4497.6253994685285,2024-02-13,4283.545544540854,5,-0.047598418257103314,FIXED_HORIZON
KIMS-2024-02-05,KIMS,2024-02-05,2024-02-06,425.9700012207031,2024-02-13,424.7799987792969,5,-0.002793629687527388,FIXED_HORIZON
SHREECEM-2024-02-05,SHREECEM,2024-02-05,2024-02-06,26901.186822771768,2024-02-13,26997.5189588362,5,0.0035809623084319675,FIXED_HORIZON
TRITURBINE-2024-02-05,TRITURBINE,2024-02-05,2024-02-06,368.1062545519541,2024-02-13,420.67182986405373,5,0.14280000587352304,FIXED_HORIZON
UPL-2024-02-05,UPL,2024-02-05,2024-02-06,466.54943816775034,2024-02-13,452.68616967032654,5,-0.029714468314157916,FIXED_HORIZON
CROMPTON-2024-02-06,CROMPTON,2024-02-06,2024-02-07,284.41558833406447,2024-02-14,274.3985223194111,5,-0.035219820662177215,FIXED_HORIZON
KANSAINER-2024-02-06,KANSAINER,2024-02-06,2024-02-07,320.6019836904643,2024-02-14,300.4923564606695,5,-0.0627245876594772,FIXED_HORIZON
AIAENG-2024-02-07,AIAENG,2024-02-07,2024-02-08,3998.44621675071,2024-02-15,3897.528831972265,5,-0.025239150236827324,FIXED_HORIZON
CAMS-2024-02-07,CAMS,2024-02-07,2024-02-08,545.4582049215994,2024-02-15,544.1209388496446,5,-0.002451638017154756,FIXED_HORIZON
EIDPARRY-2024-02-07,EIDPARRY,2024-02-07,2024-02-08,614.0,2024-02-15,593.8499755859375,5,-0.03281762933886401,FIXED_HORIZON
ENDURANCE-2024-02-07,ENDURANCE,2024-02-07,2024-02-08,1982.1708371757722,2024-02-15,1804.4453977880537,5,-0.08966201906236526,FIXED_HORIZON
GSFC-2024-02-07,GSFC,2024-02-07,2024-02-08,257.9399476442245,2024-02-15,230.34638841920528,5,-0.10697667994830684,FIXED_HORIZON
LEMONTREE-2024-02-07,LEMONTREE,2024-02-07,2024-02-08,137.1999969482422,2024-02-15,136.14999389648438,5,-0.00765308363785111,FIXED_HORIZON
NAVINFLUOR-2024-02-07,NAVINFLUOR,2024-02-07,2024-02-08,3078.2072909191347,2024-02-15,3093.995290817974,5,0.005128959295696012,FIXED_HORIZON
NLCINDIA-2024-02-07,NLCINDIA,2024-02-07,2024-02-08,251.1805671584832,2024-02-15,229.04589633146136,5,-0.08812254497799543,FIXED_HORIZON
REDINGTON-2024-02-07,REDINGTON,2024-02-07,2024-02-08,181.86840567863712,2024-02-15,185.17088959106064,5,0.01815864553329316,FIXED_HORIZON
SYRMA-2024-02-07,SYRMA,2024-02-07,2024-02-08,522.6325722601376,2024-02-15,504.64847491762185,5,-0.03441059416703229,FIXED_HORIZON
BALRAMCHIN-2024-02-08,BALRAMCHIN,2024-02-08,2024-02-09,386.7889449417812,2024-02-16,370.0149559120299,5,-0.043367291772716254,FIXED_HORIZON
BORORENEW-2024-02-08,BORORENEW,2024-02-08,2024-02-09,552.0,2024-02-16,543.0,5,-0.016304347826086918,FIXED_HORIZON
BRITANNIA-2024-02-08,BRITANNIA,2024-02-08,2024-02-09,4672.824088764565,2024-02-16,4748.012811755398,5,0.0160906384581474,FIXED_HORIZON
ITC-2024-02-08,ITC,2024-02-08,2024-02-09,357.3830233416138,2024-02-16,352.9386658929373,5,-0.012435838185934855,FIXED_HORIZON
MUTHOOTFIN-2024-02-08,MUTHOOTFIN,2024-02-08,2024-02-09,1322.8470498004717,2024-02-16,1301.6525240864223,5,-0.016021901940399097,FIXED_HORIZON
NESTLEIND-2024-02-08,NESTLEIND,2024-02-08,2024-02-09,1187.8115516355974,2024-02-16,1198.0881640349294,5,0.008651719530073043,FIXED_HORIZON
VARROC-2024-02-08,VARROC,2024-02-08,2024-02-09,561.8375461975572,2024-02-16,501.51973941226436,5,-0.10735809166460286,FIXED_HORIZON
APOLLOTYRE-2024-02-09,APOLLOTYRE,2024-02-09,2024-02-12,500.3305692002794,2024-02-20,512.8871738897685,5,0.025096617041727942,FIXED_HORIZON
ESCORTS-2024-02-09,ESCORTS,2024-02-09,2024-02-12,2725.998482208976,2024-02-20,2865.687557507462,5,0.05124326965336046,FIXED_HORIZON
HAL-2024-02-09,HAL,2024-02-09,2024-02-12,2884.375386288271,2024-02-20,2948.3067098260053,5,0.02216470291684325,FIXED_HORIZON
KNRCON-2024-02-09,KNRCON,2024-02-09,2024-02-12,272.4046171850757,2024-02-20,277.19501965999336,5,0.01758561409281456,FIXED_HORIZON
MRF-2024-02-09,MRF,2024-02-09,2024-02-12,136942.1095910892,2024-02-20,147644.70715291204,5,0.07815417473690855,FIXED_HORIZON
PFC-2024-02-09,PFC,2024-02-09,2024-02-12,382.7495517337172,2024-02-20,383.63335089234016,5,0.002309079539400294,FIXED_HORIZON
RAMCOCEM-2024-02-09,RAMCOCEM,2024-02-09,2024-02-12,894.9235595637189,2024-02-20,878.2011197591427,5,-0.01868588621438072,FIXED_HORIZON
RATNAMANI-2024-02-09,RATNAMANI,2024-02-09,2024-02-12,3165.6900129750984,2024-02-20,3031.4206517961725,5,-0.04241393207439803,FIXED_HORIZON
SKFINDIA-2024-02-09,SKFINDIA,2024-02-09,2024-02-12,4330.838988111442,2024-02-20,4226.788151849238,5,-0.02402556099357034,FIXED_HORIZON
TATAPOWER-2024-02-09,TATAPOWER,2024-02-09,2024-02-12,373.62100456030925,2024-02-20,374.7028120302472,5,0.0028954674837167182,FIXED_HORIZON
AMBER-2024-02-12,AMBER,2024-02-12,2024-02-13,3750.0,2024-02-21,4050.0,5,0.08000000000000007,FIXED_HORIZON
BANDHANBNK-2024-02-12,BANDHANBNK,2024-02-12,2024-02-13,195.67310469914065,2024-02-21,198.79295507991,5,0.01594419624284238,FIXED_HORIZON
BDL-2024-02-12,BDL,2024-02-12,2024-02-13,805.3531309468891,2024-02-21,865.0637437431831,5,0.07414215019700676,FIXED_HORIZON
BEML-2024-02-12,BEML,2024-02-12,2024-02-13,1425.7466267249467,2024-02-21,1487.8544173069645,5,0.043561590410130746,FIXED_HORIZON
BHARATFORG-2024-02-12,BHARATFORG,2024-02-12,2024-02-13,1141.126620651946,2024-02-21,1106.6750873905057,5,-0.03019080673252328,FIXED_HORIZON
CDSL-2024-02-12,CDSL,2024-02-12,2024-02-13,900.8417529128205,2024-02-21,897.0189774026793,5,-0.0042435594240392005,FIXED_HORIZON
GICRE-2024-02-12,GICRE,2024-02-12,2024-02-13,330.11652936364356,2024-02-21,388.93040915802925,5,0.1781609660920631,FIXED_HORIZON
HEROMOTOCO-2024-02-12,HEROMOTOCO,2024-02-12,2024-02-13,4266.593597637216,2024-02-21,4237.116690839914,5,-0.006908768347101524,FIXED_HORIZON
IDEA-2024-02-12,IDEA,2024-02-12,2024-02-13,14.550000190734863,2024-02-21,16.149999618530273,5,0.10996559497052494,FIXED_HORIZON
MCX-2024-02-12,MCX,2024-02-12,2024-02-13,692.5038760733987,2024-02-21,741.0745525341653,5,0.07013776837780261,FIXED_HORIZON
NHPC-2024-02-12,NHPC,2024-02-12,2024-02-13,75.77421850054748,2024-02-21,89.62793355979144,5,0.18282887416574112,FIXED_HORIZON
NIACL-2024-02-12,NIACL,2024-02-12,2024-02-13,243.6658187849583,2024-02-21,277.84825114150186,5,0.1402840682660973,FIXED_HORIZON
RENUKA-2024-02-12,RENUKA,2024-02-12,2024-02-13,46.599998474121094,2024-02-21,50.45000076293945,5,0.0826180775726082,FIXED_HORIZON
RTNINDIA-2024-02-12,RTNINDIA,2024-02-12,2024-02-13,78.5,2024-02-21,83.69999694824219,5,0.06624199934066488,FIXED_HORIZON
SJVN-2024-02-12,SJVN,2024-02-12,2024-02-13,101.95102219776363,2024-02-21,118.02499176113832,5,0.15766364296176016,FIXED_HORIZON
TTML-2024-02-12,TTML,2024-02-12,2024-02-13,89.25,2024-02-21,91.5999984741211,5,0.02633051511620277,FIXED_HORIZON
ELGIEQUIP-2024-02-13,ELGIEQUIP,2024-02-13,2024-02-14,605.91483844388,2024-02-22,641.992972952625,5,0.05954324307587755,FIXED_HORIZON
GLAXO-2024-02-13,GLAXO,2024-02-13,2024-02-14,2040.987925528013,2024-02-22,2137.001663634083,5,0.047042776150295396,FIXED_HORIZON
HEG-2024-02-13,HEG,2024-02-13,2024-02-14,318.530215908684,2024-02-22,325.1990011568973,5,0.020936115053289184,FIXED_HORIZON
HINDALCO-2024-02-13,HINDALCO,2024-02-13,2024-02-14,505.6985737028376,2024-02-22,506.9751388123711,5,0.0025243597192416978,FIXED_HORIZON
ORIENTELEC-2024-02-13,ORIENTELEC,2024-02-13,2024-02-14,186.64213573658202,2024-02-22,199.46151096019486,5,0.06868425060086913,FIXED_HORIZON
ERIS-2024-02-14,ERIS,2024-02-14,2024-02-15,856.514784660888,2024-02-23,862.201839845702,5,0.006639763010122035,FIXED_HORIZON
GLENMARK-2024-02-14,GLENMARK,2024-02-14,2024-02-15,768.013487319452,2024-02-23,909.0151280414225,5,0.18359266217328996,FIXED_HORIZON
LTTS-2024-02-14,LTTS,2024-02-14,2024-02-15,5313.406436295638,2024-02-23,5241.71030015825,5,-0.01349344097745564,FIXED_HORIZON
MTARTECH-2024-02-14,MTARTECH,2024-02-14,2024-02-15,1750.0,2024-02-23,2070.0,5,0.18285714285714283,FIXED_HORIZON
NAUKRI-2024-02-14,NAUKRI,2024-02-14,2024-02-15,1009.5424248943056,2024-02-23,1058.4046895454192,5,0.04840040739865814,FIXED_HORIZON
RHIM-2024-02-14,RHIM,2024-02-14,2024-02-15,641.9507978882333,2024-02-23,604.3055649975405,5,-0.058641928656418596,FIXED_HORIZON
NH-2024-02-15,NH,2024-02-15,2024-02-16,1342.485696766402,2024-02-26,1384.012125862117,5,0.030932492760063157,FIXED_HORIZON
RAJESHEXPO-2024-02-15,RAJESHEXPO,2024-02-15,2024-02-16,313.95001220703125,2024-02-26,332.95001220703125,5,0.06051918860086114,FIXED_HORIZON
POONAWALLA-2024-02-16,POONAWALLA,2024-02-16,2024-02-20,469.79998779296875,2024-02-27,474.79998779296875,5,0.010642827011318357,FIXED_HORIZON
FEDERALBNK-2024-02-20,FEDERALBNK,2024-02-20,2024-02-21,153.7197821751782,2024-02-28,151.84875117000342,5,-0.012171699560714733,FIXED_HORIZON
HONAUT-2024-02-20,HONAUT,2024-02-20,2024-02-21,37023.05339350986,2024-02-28,38082.23401777375,5,0.028608678301222046,FIXED_HORIZON
SCHAEFFLER-2024-02-20,SCHAEFFLER,2024-02-20,2024-02-21,2858.698988019132,2024-02-28,2858.6986012712828,5,-1.3528806308560348e-07,FIXED_HORIZON
BOSCHLTD-2024-02-21,BOSCHLTD,2024-02-21,2024-02-22,27356.98143954092,2024-02-29,27701.888613701594,5,0.012607647335760364,FIXED_HORIZON
ALKEM-2024-02-26,ALKEM,2024-02-26,2024-02-27,4909.759882031485,2024-03-05,5036.766439694689,5,0.025868181075008767,FIXED_HORIZON
ASIANPAINT-2024-02-26,ASIANPAINT,2024-02-26,2024-02-27,2768.618136594609,2024-03-05,2748.2535499678943,5,-0.0073555057512421085,FIXED_HORIZON
BSOFT-2024-02-26,BSOFT,2024-02-26,2024-02-27,750.0674597515513,2024-03-05,750.0194694407373,5,-6.398132619944707e-05,FIXED_HORIZON
TIMKEN-2024-02-26,TIMKEN,2024-02-26,2024-02-27,2740.630761316442,2024-03-05,2682.3678867692506,5,-0.021258928918686415,FIXED_HORIZON
FDC-2024-02-27,FDC,2024-02-27,2024-02-28,445.86562156668685,2024-03-06,448.5530192855913,5,0.006027371452101304,FIXED_HORIZON
GPIL-2024-02-27,GPIL,2024-02-27,2024-02-28,147.69114414382545,2024-03-06,149.55205122251735,5,0.012599990943801487,FIXED_HORIZON
SHRIRAMFIN-2024-02-27,SHRIRAMFIN,2024-02-27,2024-02-28,462.8269327175222,2024-03-06,472.88841513877287,5,0.021739189554449423,FIXED_HORIZON
VBL-2024-02-27,VBL,2024-02-27,2024-02-28,586.1615242992324,2024-03-06,544.1129131515404,5,-0.07173553603328353,FIXED_HORIZON
BAJAJ-AUTO-2024-02-28,BAJAJ-AUTO,2024-02-28,2024-02-29,7629.473124100807,2024-03-07,8240.601421204474,5,0.08010098301194213,FIXED_HORIZON
BALRAMCHIN-2024-02-28,BALRAMCHIN,2024-02-28,2024-02-29,369.02821724161686,2024-03-07,369.42291839127984,5,0.001069569022697614,FIXED_HORIZON
BATAINDIA-2024-02-28,BATAINDIA,2024-02-28,2024-02-29,1312.2295614614109,2024-03-07,1348.5351808127791,5,0.0276671250348417,FIXED_HORIZON
IIFL-2024-02-28,IIFL,2024-02-28,2024-02-29,575.740019896004,2024-03-07,390.11347702725317,5,-0.3224138264737626,FIXED_HORIZON
PAGEIND-2024-02-28,PAGEIND,2024-02-28,2024-02-29,32986.80007280463,2024-03-07,34144.064212492674,5,0.03508264327348698,FIXED_HORIZON
PNCINFRA-2024-02-28,PNCINFRA,2024-02-28,2024-02-29,429.4633533854773,2024-03-07,444.5130406505154,5,0.03504300692108142,FIXED_HORIZON
WELCORP-2024-02-28,WELCORP,2024-02-28,2024-02-29,515.749692940233,2024-03-07,533.0888128217458,5,0.03361925391106757,FIXED_HORIZON
APOLLOHOSP-2024-02-29,APOLLOHOSP,2024-02-29,2024-03-01,6061.14079830062,2024-03-11,6008.29636777837,5,-0.008718561782472767,FIXED_HORIZON
CIEINDIA-2024-02-29,CIEINDIA,2024-02-29,2024-03-01,427.4466006382682,2024-03-11,428.69614733914403,5,0.0029232814087420955,FIXED_HORIZON
KSB-2024-02-29,KSB,2024-02-29,2024-03-01,721.6013422826586,2024-03-11,753.1519851936705,5,0.043723093434398175,FIXED_HORIZON
MAXHEALTH-2024-02-29,MAXHEALTH,2024-02-29,2024-03-01,782.944745075553,2024-03-11,777.3707591686272,5,-0.007119258341005796,FIXED_HORIZON
PRESTIGE-2024-02-29,PRESTIGE,2024-02-29,2024-03-01,1150.4200557637228,2024-03-11,1177.1798946621118,5,0.02326092870540597,FIXED_HORIZON
APTUS-2024-03-01,APTUS,2024-03-01,2024-03-04,328.6327243793025,2024-03-12,326.0814700161647,5,-0.007763238940846184,FIXED_HORIZON
DRREDDY-2024-03-01,DRREDDY,2024-03-01,2024-03-04,1225.0653535050294,2024-03-12,1254.1508332204903,5,0.023741982117316818,FIXED_HORIZON
ICICIGI-2024-03-01,ICICIGI,2024-03-01,2024-03-04,1623.6516590914903,2024-03-12,1626.0106483050697,5,0.0014528912038309638,FIXED_HORIZON
NH-2024-03-01,NH,2024-03-01,2024-03-04,1312.7673855090832,2024-03-12,1258.2920613818962,5,-0.04149655508547068,FIXED_HORIZON
RAINBOW-2024-03-04,RAINBOW,2024-03-04,2024-03-05,1190.683853773873,2024-03-13,1083.433027954919,5,-0.0900749812630971,FIXED_HORIZON
AAVAS-2024-03-05,AAVAS,2024-03-05,2024-03-06,1375.949951171875,2024-03-14,1339.6500244140625,5,-0.026381720299416767,FIXED_HORIZON
BAJAJFINSV-2024-03-05,BAJAJFINSV,2024-03-05,2024-03-06,1554.9325148094472,2024-03-14,1562.517621535628,5,0.004878093842619391,FIXED_HORIZON
BAJFINANCE-2024-03-05,BAJFINANCE,2024-03-05,2024-03-06,622.3968074297665,2024-03-14,634.5497846856646,5,0.019526091893184327,FIXED_HORIZON
RADICO-2024-03-05,RADICO,2024-03-05,2024-03-06,1511.7963189924312,2024-03-14,1493.893579208226,5,-0.011842031601278835,FIXED_HORIZON
RBLBANK-2024-03-05,RBLBANK,2024-03-05,2024-03-06,253.59523286033547,2024-03-14,223.97538553357143,5,-0.11679970081723434,FIXED_HORIZON
VOLTAS-2024-03-05,VOLTAS,2024-03-05,2024-03-06,1063.0938214185699,2024-03-14,1024.3747393199121,5,-0.036421133599470856,FIXED_HORIZON
ABCAPITAL-2024-03-06,ABCAPITAL,2024-03-06,2024-03-07,182.0,2024-03-15,173.75,5,-0.04532967032967028,FIXED_HORIZON
CGCL-2024-03-06,CGCL,2024-03-06,2024-03-07,247.66170229187983,2024-03-15,211.17626758649212,5,-0.14731964759891736,FIXED_HORIZON
IGL-2024-03-06,IGL,2024-03-06,2024-03-07,200.12548961341585,2024-03-15,195.78941825119705,5,-0.021666762043130228,FIXED_HORIZON
INDIGO-2024-03-06,INDIGO,2024-03-06,2024-03-07,3077.7987942249897,2024-03-15,3171.2409960411674,5,0.030360074866332187,FIXED_HORIZON
JMFINANCIL-2024-03-06,JMFINANCIL,2024-03-06,2024-03-07,80.31942594776307,2024-03-15,70.94416814618226,5,-0.11672466144962412,FIXED_HORIZON
LAURUSLABS-2024-03-06,LAURUSLABS,2024-03-06,2024-03-07,407.0864421598309,2024-03-15,400.76771947364824,5,-0.015521820507354955,FIXED_HORIZON
LTF-2024-03-06,LTF,2024-03-06,2024-03-07,154.30453160403496,2024-03-15,144.26415625931907,5,-0.06506857083420448,FIXED_HORIZON
MANAPPURAM-2024-03-06,MANAPPURAM,2024-03-06,2024-03-07,169.09218875653787,2024-03-15,160.39599443668692,5,-0.05142871698450768,FIXED_HORIZON
MGL-2024-03-06,MGL,2024-03-06,2024-03-07,1253.926589168241,2024-03-15,1201.082455403967,5,-0.04214292465025937,FIXED_HORIZON
NAZARA-2024-03-06,NAZARA,2024-03-06,2024-03-07,177.39999389648438,2024-03-15,161.5,5,-0.08962792809205089,FIXED_HORIZON
SOLARINDS-2024-03-06,SOLARINDS,2024-03-06,2024-03-07,7204.381893556787,2024-03-15,8254.054679118908,5,0.145699214876559,FIXED_HORIZON
SUNTV-2024-03-06,SUNTV,2024-03-06,2024-03-07,582.2993288202852,2024-03-15,560.2190034830242,5,-0.03791920107824076,FIXED_HORIZON
AVANTIFEED-2024-03-11,AVANTIFEED,2024-03-11,2024-03-12,502.38036391805934,2024-03-19,488.9030456281748,5,-0.026826920910632435,FIXED_HORIZON
BRIGADE-2024-03-11,BRIGADE,2024-03-11,2024-03-12,651.8816859003621,2024-03-19,637.5532765944765,5,-0.02198007647061828,FIXED_HORIZON
CREDITACC-2024-03-11,CREDITACC,2024-03-11,2024-03-12,1322.711341620143,2024-03-19,1389.1842642932413,5,0.050255048536650415,FIXED_HORIZON
GMMPFAUDLR-2024-03-11,GMMPFAUDLR,2024-03-11,2024-03-12,1251.553526873672,2024-03-19,1224.7192272998814,5,-0.021440792581058465,FIXED_HORIZON
MAPMYINDIA-2024-03-11,MAPMYINDIA,2024-03-11,2024-03-12,1689.1526504253452,2024-03-19,1715.0365957939503,5,0.015323627122798555,FIXED_HORIZON
PCBL-2024-03-11,PCBL,2024-03-11,2024-03-12,241.41915172699504,2024-03-19,236.6901277764477,5,-0.019588437440518747,FIXED_HORIZON
SHYAMMETL-2024-03-11,SHYAMMETL,2024-03-11,2024-03-12,588.0092178733552,2024-03-19,570.4236186489411,5,-0.0299070128322404,FIXED_HORIZON
SKFINDIA-2024-03-11,SKFINDIA,2024-03-11,2024-03-12,3989.6463836791195,2024-03-19,4008.482140969895,5,0.004721159591443813,FIXED_HORIZON
SUNDARMFIN-2024-03-11,SUNDARMFIN,2024-03-11,2024-03-12,3911.054597322508,2024-03-19,3806.513424321996,5,-0.026729663419191474,FIXED_HORIZON
TATACHEM-2024-03-11,TATACHEM,2024-03-11,2024-03-12,1118.909363982358,2024-03-19,1089.8080401173818,5,-0.02600865164037991,FIXED_HORIZON
TATACONSUM-2024-03-11,TATACONSUM,2024-03-11,2024-03-12,1199.9236506690115,2024-03-19,1158.3279528937917,5,-0.034665287038911474,FIXED_HORIZON
ANGELONE-2024-03-12,ANGELONE,2024-03-12,2024-03-13,244.6444280220348,2024-03-20,239.73960115874314,5,-0.020048798588823247,FIXED_HORIZON
ARE&M-2024-03-12,ARE&M,2024-03-12,2024-03-13,820.7284010159041,2024-03-20,751.8871160400446,5,-0.08387827799141245,FIXED_HORIZON
CIPLA-2024-03-12,CIPLA,2024-03-12,2024-03-13,1428.8295645377548,2024-03-20,1395.5874518611677,5,-0.023265274950649117,FIXED_HORIZON
DLF-2024-03-12,DLF,2024-03-12,2024-03-13,838.3780581358467,2024-03-20,806.2077933901428,5,-0.03837202612057289,FIXED_HORIZON
ELGIEQUIP-2024-03-12,ELGIEQUIP,2024-03-12,2024-03-13,620.8402760794278,2024-03-20,622.5700676057738,5,0.002786210226678021,FIXED_HORIZON
EQUITASBNK-2024-03-12,EQUITASBNK,2024-03-12,2024-03-13,92.11794245185843,2024-03-20,91.7723705585512,5,-0.0037514069909651004,FIXED_HORIZON
FINPIPE-2024-03-12,FINPIPE,2024-03-12,2024-03-13,210.4858422472361,2024-03-20,215.60775695231672,5,0.02433377300058237,FIXED_HORIZON
GODFRYPHLP-2024-03-12,GODFRYPHLP,2024-03-12,2024-03-13,1038.108958572342,2024-03-20,981.7162597399532,5,-0.054322524015150475,FIXED_HORIZON
INDIANB-2024-03-12,INDIANB,2024-03-12,2024-03-13,487.15985813521945,2024-03-20,455.60371304770996,5,-0.06477574980890677,FIXED_HORIZON
KAYNES-2024-03-12,KAYNES,2024-03-12,2024-03-13,2839.0,2024-03-20,2620.050048828125,5,-0.07712220893690558,FIXED_HORIZON
LODHA-2024-03-12,LODHA,2024-03-12,2024-03-13,1108.8270623843073,2024-03-20,1072.8363138882214,5,-0.032458396549859714,FIXED_HORIZON
PATANJALI-2024-03-12,PATANJALI,2024-03-12,2024-03-13,450.73200264885793,2024-03-20,439.00776036107425,5,-0.026011559460794365,FIXED_HORIZON
POLYMED-2024-03-12,POLYMED,2024-03-12,2024-03-13,1417.8933475656893,2024-03-20,1471.8229925036667,5,0.03803505040105204,FIXED_HORIZON
SWANCORP-2024-03-12,SWANCORP,2024-03-12,2024-03-13,550.521730557279,2024-03-20,580.9453453887629,5,0.05526324056397702,FIXED_HORIZON
TANLA-2024-03-12,TANLA,2024-03-12,2024-03-13,852.882253109617,2024-03-20,788.5792829845219,5,-0.07539489758480233,FIXED_HORIZON
AARTIIND-2024-03-13,AARTIIND,2024-03-13,2024-03-14,613.4729416487297,2024-03-21,637.3745301657672,5,0.0389611128614753,FIXED_HORIZON
ABREL-2024-03-13,ABREL,2024-03-13,2024-03-14,1338.190006306485,2024-03-21,1399.2385846293275,5,0.04562026172302813,FIXED_HORIZON
ACC-2024-03-13,ACC,2024-03-13,2024-03-14,2357.000620556441,2024-03-21,2398.4729147417347,5,0.01759536837775766,FIXED_HORIZON
ADANIENT-2024-03-13,ADANIENT,2024-03-13,2024-03-14,2923.5486738289983,2024-03-21,3085.4326605168017,5,0.055372427398577395,FIXED_HORIZON
ADANIGREEN-2024-03-13,ADANIGREEN,2024-03-13,2024-03-14,1716.0,2024-03-21,1861.0,5,0.08449883449883444,FIXED_HORIZON
ADANIPORTS-2024-03-13,ADANIPORTS,2024-03-13,2024-03-14,1193.9654621452044,2024-03-21,1243.3028517722412,5,0.04132229213598193,FIXED_HORIZON
AEGISLOG-2024-03-13,AEGISLOG,2024-03-13,2024-03-14,355.4638412564207,2024-03-21,390.62330357707987,5,0.09891150164918239,FIXED_HORIZON
AMBUJACEM-2024-03-13,AMBUJACEM,2024-03-13,2024-03-14,549.0901479650599,2024-03-21,573.3074453638177,5,0.04410441070288296,FIXED_HORIZON
APARINDS-2024-03-13,APARINDS,2024-03-13,2024-03-14,5581.397331602852,2024-03-21,6125.857801935882,5,0.09754913294744294,FIXED_HORIZON
APLAPOLLO-2024-03-13,APLAPOLLO,2024-03-13,2024-03-14,1481.1214631460857,2024-03-21,1503.9041353444807,5,0.015382041760438447,FIXED_HORIZON
BANDHANBNK-2024-03-13,BANDHANBNK,2024-03-13,2024-03-14,174.22412706133244,2024-03-21,175.49157189714063,5,0.007274795157171443,FIXED_HORIZON
BCG-2024-03-13,BCG,2024-03-13,2024-03-14,15.800000190734863,2024-03-21,14.800000190734863,5,-0.06329113847646661,FIXED_HORIZON
BDL-2024-03-13,BDL,2024-03-13,2024-03-14,780.6793039492898,2024-03-21,817.6899870246583,5,0.04740830567448051,FIXED_HORIZON
BEL-2024-03-13,BEL,2024-03-13,2024-03-14,185.31080930272688,2024-03-21,186.29130124251574,5,0.005291067172380259,FIXED_HORIZON
BHEL-2024-03-13,BHEL,2024-03-13,2024-03-14,223.4196318128539,2024-03-21,228.488306679188,5,0.02268679267442275,FIXED_HORIZON
BLS-2024-03-13,BLS,2024-03-13,2024-03-14,286.42820383468865,2024-03-21,319.9075025157728,5,0.1168854820610008,FIXED_HORIZON
BSE-2024-03-13,BSE,2024-03-13,2024-03-14,663.1459520817078,2024-03-21,687.5359050894937,5,0.0367791629146228,FIXED_HORIZON
BSOFT-2024-03-13,BSOFT,2024-03-13,2024-03-14,690.6191025505631,2024-03-21,696.7176675886927,5,0.008830576819562008,FIXED_HORIZON
CAMPUS-2024-03-13,CAMPUS,2024-03-13,2024-03-14,221.55195184568052,2024-03-21,222.64040839236807,5,0.004912872748896957,FIXED_HORIZON
CAMS-2024-03-13,CAMS,2024-03-13,2024-03-14,525.578418652708,2024-03-21,550.4031220956558,5,0.04723311034456956,FIXED_HORIZON
CDSL-2024-03-13,CDSL,2024-03-13,2024-03-14,817.981960950612,2024-03-21,818.6150578546659,5,0.0007739741635843789,FIXED_HORIZON
CEATLTD-2024-03-13,CEATLTD,2024-03-13,2024-03-14,2418.6652351525727,2024-03-21,2423.7064776566363,5,0.002084307671353036,FIXED_HORIZON
CENTRALBK-2024-03-13,CENTRALBK,2024-03-13,2024-03-14,52.04684360231818,2024-03-21,56.191316117882366,5,0.07962966106516389,FIXED_HORIZON
CESC-2024-03-13,CESC,2024-03-13,2024-03-14,99.80842796835199,2024-03-21,102.97838830402249,5,0.03176044749122431,FIXED_HORIZON
CHAMBLFERT-2024-03-13,CHAMBLFERT,2024-03-13,2024-03-14,318.7278283295015,2024-03-21,322.437216818225,5,0.011638106745071264,FIXED_HORIZON
CIEINDIA-2024-03-13,CIEINDIA,2024-03-13,2024-03-14,391.01702746268217,2024-03-21,421.0545894937599,5,0.07681906393179894,FIXED_HORIZON
COALINDIA-2024-03-13,COALINDIA,2024-03-13,2024-03-14,363.5345445132079,2024-03-21,367.872690874195,5,0.01193324383187866,FIXED_HORIZON
COCHINSHIP-2024-03-13,COCHINSHIP,2024-03-13,2024-03-14,730.4316491452665,2024-03-21,876.0343222399651,5,0.1993378480588559,FIXED_HORIZON
CONCOR-2024-03-13,CONCOR,2024-03-13,2024-03-14,834.399889018911,2024-03-21,823.3222484255244,5,-0.013276176973623155,FIXED_HORIZON
CRAFTSMAN-2024-03-13,CRAFTSMAN,2024-03-13,2024-03-14,3807.3704505088253,2024-03-21,3845.643753973641,5,0.010052424360151413,FIXED_HORIZON
CROMPTON-2024-03-13,CROMPTON,2024-03-13,2024-03-14,269.53590351309333,2024-03-21,260.6372803413172,5,-0.03301461161868502,FIXED_HORIZON
DABUR-2024-03-13,DABUR,2024-03-13,2024-03-14,497.9385060889955,2024-03-21,502.99489907386624,5,0.010154653482385978,FIXED_HORIZON
DEEPAKFERT-2024-03-13,DEEPAKFERT,2024-03-13,2024-03-14,451.0159802843072,2024-03-21,473.5178713894864,5,0.04989156058504762,FIXED_HORIZON
DELTACORP-2024-03-13,DELTACORP,2024-03-13,2024-03-14,114.47798124792725,2024-03-21,117.52750201516744,5,0.0266384918217224,FIXED_HORIZON
ENGINERSIN-2024-03-13,ENGINERSIN,2024-03-13,2024-03-14,180.2430767433292,2024-03-21,172.1179435887458,5,-0.04507875310048004,FIXED_HORIZON
EXIDEIND-2024-03-13,EXIDEIND,2024-03-13,2024-03-14,293.1514831816725,2024-03-21,299.5629386406767,5,0.021870793179752823,FIXED_HORIZON
FACT-2024-03-13,FACT,2024-03-13,2024-03-14,591.0283310652146,2024-03-21,641.1087693260623,5,0.08473441225835554,FIXED_HORIZON
FINCABLES-2024-03-13,FINCABLES,2024-03-13,2024-03-14,831.4625212775884,2024-03-21,878.3991376043142,5,0.05645066990464587,FIXED_HORIZON
FORTIS-2024-03-13,FORTIS,2024-03-13,2024-03-14,380.46170165315425,2024-03-21,399.47980257860894,5,0.04998689971373893,FIXED_HORIZON
GAEL-2024-03-13,GAEL,2024-03-13,2024-03-14,180.63571529717,2024-03-21,165.78554247820938,5,-0.08221061263842588,FIXED_HORIZON
GAIL-2024-03-13,GAIL,2024-03-13,2024-03-14,156.08580274138302,2024-03-21,162.68229068322444,5,0.042261934307831206,FIXED_HORIZON
GNFC-2024-03-13,GNFC,2024-03-13,2024-03-14,564.448922087866,2024-03-21,579.5512780711144,5,0.026755930239685144,FIXED_HORIZON
GODREJIND-2024-03-13,GODREJIND,2024-03-13,2024-03-14,756.0499877929688,2024-03-21,742.7999877929688,5,-0.017525296228995235,FIXED_HORIZON
GODREJPROP-2024-03-13,GODREJPROP,2024-03-13,2024-03-14,2162.5469203613056,2024-03-21,2159.561311076466,5,-0.001380598615793538,FIXED_HORIZON
GSFC-2024-03-13,GSFC,2024-03-13,2024-03-14,182.35755262036008,2024-03-21,188.69208764512092,5,0.034736894270281926,FIXED_HORIZON
HAL-2024-03-13,HAL,2024-03-13,2024-03-14,2982.6358674309254,2024-03-21,2953.3850864877336,5,-0.009807023801529868,FIXED_HORIZON
HINDCOPPER-2024-03-13,HINDCOPPER,2024-03-13,2024-03-14,240.17775471953684,2024-03-21,259.4910058533698,5,0.08041232276646793,FIXED_HORIZON
HINDUNILVR-2024-03-13,HINDUNILVR,2024-03-13,2024-03-14,2193.152679071941,2024-03-21,2125.735961002828,5,-0.030739637377932616,FIXED_HORIZON
IEX-2024-03-13,IEX,2024-03-13,2024-03-14,125.1069477650044,2024-03-21,128.18720407685223,5,0.024620985220050517,FIXED_HORIZON
INDHOTEL-2024-03-13,INDHOTEL,2024-03-13,2024-03-14,537.3908468745702,2024-03-21,544.3185957017992,5,0.01289145296671923,FIXED_HORIZON
INDIACEM-2024-03-13,INDIACEM,2024-03-13,2024-03-14,196.0500030517578,2024-03-21,198.35000610351562,5,0.011731716480262389,FIXED_HORIZON
IRB-2024-03-13,IRB,2024-03-13,2024-03-14,24.591032096317836,2024-03-21,27.00095610865757,5,0.09800011658317453,FIXED_HORIZON
IRCON-2024-03-13,IRCON,2024-03-13,2024-03-14,173.93498662458086,2024-03-21,207.63426899834872,5,0.19374642806340026,FIXED_HORIZON
IRCTC-2024-03-13,IRCTC,2024-03-13,2024-03-14,851.3187660932333,2024-03-21,888.2395759984497,5,0.043368960459604144,FIXED_HORIZON
IRFC-2024-03-13,IRFC,2024-03-13,2024-03-14,116.79266903023178,2024-03-21,132.34571406845686,5,0.13316799048576566,FIXED_HORIZON
JAMNAAUTO-2024-03-13,JAMNAAUTO,2024-03-13,2024-03-14,104.78461425271507,2024-03-21,121.85598547423125,5,0.16291868174791535,FIXED_HORIZON
JINDALSAW-2024-03-13,JINDALSAW,2024-03-13,2024-03-14,190.0687673168789,2024-03-21,200.76622194169371,5,0.0562820224270737,FIXED_HORIZON
JKPAPER-2024-03-13,JKPAPER,2024-03-13,2024-03-14,329.92485968089125,2024-03-21,323.55045826500844,5,-0.019320767225750157,FIXED_HORIZON
JSWENERGY-2024-03-13,JSWENERGY,2024-03-13,2024-03-14,455.1366724774968,2024-03-21,489.27190282714173,5,0.07499995586783359,FIXED_HORIZON
JSWSTEEL-2024-03-13,JSWSTEEL,2024-03-13,2024-03-14,779.2576555429005,2024-03-21,791.0646385878642,5,0.015151577865138766,FIXED_HORIZON
KEC-2024-03-13,KEC,2024-03-13,2024-03-14,685.3072398937556,2024-03-21,643.120160633147,5,-0.061559366083961176,FIXED_HORIZON
KEI-2024-03-13,KEI,2024-03-13,2024-03-14,2993.832582924587,2024-03-21,3432.700850129308,5,0.1465907845708605,FIXED_HORIZON
KNRCON-2024-03-13,KNRCON,2024-03-13,2024-03-14,241.11725208542063,2024-03-21,252.4445539827707,5,0.04697839660737824,FIXED_HORIZON
LALPATHLAB-2024-03-13,LALPATHLAB,2024-03-13,2024-03-14,983.7803417325908,2024-03-21,1015.0401756867436,5,0.03177521711716591,FIXED_HORIZON
LATENTVIEW-2024-03-13,LATENTVIEW,2024-03-13,2024-03-14,443.54998779296875,2024-03-21,452.79998779296875,5,0.020854470194050734,FIXED_HORIZON
LEMONTREE-2024-03-13,LEMONTREE,2024-03-13,2024-03-14,125.0,2024-03-21,129.60000610351562,5,0.03680004882812504,FIXED_HORIZON
LICHSGFIN-2024-03-13,LICHSGFIN,2024-03-13,2024-03-14,557.5536310607278,2024-03-21,546.8113541633697,5,-0.01926680466042552,FIXED_HORIZON
LICI-2024-03-13,LICI,2024-03-13,2024-03-14,436.38830432682903,2024-03-21,422.96098744840214,5,-0.030769195107416603,FIXED_HORIZON
LXCHEM-2024-03-13,LXCHEM,2024-03-13,2024-03-14,227.51265488946123,2024-03-21,225.92303006394056,5,-0.006986973213832903,FIXED_HORIZON
M&MFIN-2024-03-13,M&MFIN,2024-03-13,2024-03-14,246.83651759322984,2024-03-21,246.7430281272952,5,-0.00037875054650027273,FIXED_HORIZON
MANYAVAR-2024-03-13,MANYAVAR,2024-03-13,2024-03-14,894.0515333779612,2024-03-21,891.497557316751,5,-0.002856631822508726,FIXED_HORIZON
MAZDOCK-2024-03-13,MAZDOCK,2024-03-13,2024-03-14,912.4310526656092,2024-03-21,909.1156598185444,5,-0.0036335817784577396,FIXED_HORIZON
MOTHERSON-2024-03-13,MOTHERSON,2024-03-13,2024-03-14,71.22770364900741,2024-03-21,74.54291974533503,5,0.046543913765129785,FIXED_HORIZON
MOTILALOFS-2024-03-13,MOTILALOFS,2024-03-13,2024-03-14,342.663839441563,2024-03-21,393.2329219776272,5,0.14757636118966122,FIXED_HORIZON
MSUMI-2024-03-13,MSUMI,2024-03-13,2024-03-14,39.08687575457184,2024-03-21,39.91851193090233,5,0.02127660909898177,FIXED_HORIZON
NAM-INDIA-2024-03-13,NAM-INDIA,2024-03-13,2024-03-14,414.65358479817706,2024-03-21,420.24807961340406,5,0.013491972625655713,FIXED_HORIZON
NATIONALUM-2024-03-13,NATIONALUM,2024-03-13,2024-03-14,124.57676131143388,2024-03-21,127.66844532534314,5,0.024817501927026697,FIXED_HORIZON
NAVINFLUOR-2024-03-13,NAVINFLUOR,2024-03-13,2024-03-14,2897.536273751891,2024-03-21,2952.7454824834167,5,0.019053845583109075,FIXED_HORIZON
NCC-2024-03-13,NCC,2024-03-13,2024-03-14,199.4827864311783,2024-03-21,214.87976641315313,5,0.07718450427444168,FIXED_HORIZON
NHPC-2024-03-13,NHPC,2024-03-13,2024-03-14,74.65576643014566,2024-03-21,79.93061828613281,5,0.07065565204427648,FIXED_HORIZON
NSLNISP-2024-03-13,NSLNISP,2024-03-13,2024-03-14,52.0,2024-03-21,55.5,5,0.06730769230769229,FIXED_HORIZON
NTPC-2024-03-13,NTPC,2024-03-13,2024-03-14,306.0586883189086,2024-03-21,302.4361623441256,5,-0.01183605012058464,FIXED_HORIZON
NYKAA-2024-03-13,NYKAA,2024-03-13,2024-03-14,147.6999969482422,2024-03-21,155.0,5,0.049424530823219515,FIXED_HORIZON
OLECTRA-2024-03-13,OLECTRA,2024-03-13,2024-03-14,1582.1948518491033,2024-03-21,1719.1794698125352,5,0.08657885455975212,FIXED_HORIZON
PAGEIND-2024-03-13,PAGEIND,2024-03-13,2024-03-14,32602.456637883355,2024-03-21,32190.78877193143,5,-0.012626897123868108,FIXED_HORIZON
PFC-2024-03-13,PFC,2024-03-13,2024-03-14,357.09832691147295,2024-03-21,331.55276530492705,5,-0.07153649200064394,FIXED_HORIZON
PHOENIXLTD-2024-03-13,PHOENIXLTD,2024-03-13,2024-03-14,1271.6321453917162,2024-03-21,1287.134874039486,5,0.012191205376452796,FIXED_HORIZON
POLYPLEX-2024-03-13,POLYPLEX,2024-03-13,2024-03-14,755.3230540444719,2024-03-21,802.8016301473232,5,0.06285863492266164,FIXED_HORIZON
POWERGRID-2024-03-13,POWERGRID,2024-03-13,2024-03-14,247.10634380305163,2024-03-21,250.61568951627163,5,0.014201762930121431,FIXED_HORIZON
PPLPHARMA-2024-03-13,PPLPHARMA,2024-03-13,2024-03-14,117.58837770773255,2024-03-21,121.33322770585897,5,0.031847109987640954,FIXED_HORIZON
PRAJIND-2024-03-13,PRAJIND,2024-03-13,2024-03-14,435.5369510911184,2024-03-21,498.4478455748006,5,0.14444444799936318,FIXED_HORIZON
PVRINOX-2024-03-13,PVRINOX,2024-03-13,2024-03-14,1299.050048828125,2024-03-21,1289.5999755859375,5,-0.007274602892099802,FIXED_HORIZON
RCF-2024-03-13,RCF,2024-03-13,2024-03-14,118.20216616229388,2024-03-21,123.37962361060242,5,0.04380171376216402,FIXED_HORIZON
RECLTD-2024-03-13,RECLTD,2024-03-13,2024-03-14,397.11818565073037,2024-03-21,381.1625729846266,5,-0.040178499103380005,FIXED_HORIZON
RENUKA-2024-03-13,RENUKA,2024-03-13,2024-03-14,40.0,2024-03-21,41.0,5,0.02499999999999991,FIXED_HORIZON
RITES-2024-03-13,RITES,2024-03-13,2024-03-14,276.70411253246505,2024-03-21,299.51417194233477,5,0.08243484059960782,FIXED_HORIZON
RTNINDIA-2024-03-13,RTNINDIA,2024-03-13,2024-03-14,65.55000305175781,2024-03-21,67.94999694824219,5,0.036613177494276394,FIXED_HORIZON
RVNL-2024-03-13,RVNL,2024-03-13,2024-03-14,219.21030437097036,2024-03-21,243.238755676644,5,0.10961369436817248,FIXED_HORIZON
SIEMENS-2024-03-13,SIEMENS,2024-03-13,2024-03-14,2707.2198582023366,2024-03-21,2764.8747009837666,5,0.021296697646017604,FIXED_HORIZON
SJVN-2024-03-13,SJVN,2024-03-13,2024-03-14,96.33910540609237,2024-03-21,114.85847841758562,5,0.19223110836902269,FIXED_HORIZON
SOBHA-2024-03-13,SOBHA,2024-03-13,2024-03-14,1258.305150739647,2024-03-21,1255.3281240830906,5,-0.002365901987134378,FIXED_HORIZON
SONACOMS-2024-03-13,SONACOMS,2024-03-13,2024-03-14,619.9128550051656,2024-03-21,635.2308791076726,5,0.02470996363251632,FIXED_HORIZON
STLTECH-2024-03-13,STLTECH,2024-03-13,2024-03-14,116.5,2024-03-21,119.0,5,0.02145922746781115,FIXED_HORIZON
SUPREMEIND-2024-03-13,SUPREMEIND,2024-03-13,2024-03-14,3641.0116002187137,2024-03-21,3806.263366280201,5,0.04538622344723109,FIXED_HORIZON
SYNGENE-2024-03-13,SYNGENE,2024-03-13,2024-03-14,665.6469262070468,2024-03-21,674.5387955182488,5,0.013358236868709294,FIXED_HORIZON
SYRMA-2024-03-13,SYRMA,2024-03-13,2024-03-14,453.080747680969,2024-03-21,484.57782195008355,5,0.06951757370033484,FIXED_HORIZON
TATAELXSI-2024-03-13,TATAELXSI,2024-03-13,2024-03-14,7173.513234568589,2024-03-21,7336.382892957324,5,0.022704308622988112,FIXED_HORIZON
TATAPOWER-2024-03-13,TATAPOWER,2024-03-13,2024-03-14,365.80239557926706,2024-03-21,378.73505284437636,5,0.03535421697998942,FIXED_HORIZON
TATASTEEL-2024-03-13,TATASTEEL,2024-03-13,2024-03-14,134.7765825816387,2024-03-21,138.90620978811123,5,0.030640539531198385,FIXED_HORIZON
TEJASNET-2024-03-13,TEJASNET,2024-03-13,2024-03-14,677.5146485235024,2024-03-21,687.478839664522,5,0.014706975211140172,FIXED_HORIZON
TMPV-2024-03-13,TMPV,2024-03-13,2024-03-14,943.015003620816,2024-03-21,929.3820734266385,5,-0.014456747922177549,FIXED_HORIZON
TRIDENT-2024-03-13,TRIDENT,2024-03-13,2024-03-14,34.02190113496633,2024-03-21,35.26427851949513,5,0.03651698885374555,FIXED_HORIZON
TTML-2024-03-13,TTML,2024-03-13,2024-03-14,74.25,2024-03-21,79.19999694824219,5,0.06666662556555125,FIXED_HORIZON
UJJIVANSFB-2024-03-13,UJJIVANSFB,2024-03-13,2024-03-14,43.415213518198165,2024-03-21,42.690013195132714,5,-0.01670382947123994,FIXED_HORIZON
VAIBHAVGBL-2024-03-13,VAIBHAVGBL,2024-03-13,2024-03-14,338.90989355942577,2024-03-21,342.2093581387609,5,0.009735521570887862,FIXED_HORIZON
VEDL-2024-03-13,VEDL,2024-03-13,2024-03-14,213.82226879884468,2024-03-21,230.1264593659108,5,0.07625113445225118,FIXED_HORIZON
VIPIND-2024-03-13,VIPIND,2024-03-13,2024-03-14,469.75,2024-03-21,468.8999938964844,5,-0.001809486117116843,FIXED_HORIZON
WELCORP-2024-03-13,WELCORP,2024-03-13,2024-03-14,471.6408244281122,2024-03-21,505.13997659703136,5,0.07102682896362622,FIXED_HORIZON
WELSPUNLIV-2024-03-13,WELSPUNLIV,2024-03-13,2024-03-14,132.04412162267303,2024-03-21,140.6299585664792,5,0.06502248519885567,FIXED_HORIZON
YESBANK-2024-03-13,YESBANK,2024-03-13,2024-03-14,20.950000762939453,2024-03-21,23.350000381469727,5,0.1145584501732273,FIXED_HORIZON
ZENSARTECH-2024-03-13,ZENSARTECH,2024-03-13,2024-03-14,497.4435495705542,2024-03-21,558.0634243160166,5,0.12186282201828913,FIXED_HORIZON
APOLLOTYRE-2024-03-15,APOLLOTYRE,2024-03-15,2024-03-18,458.7973679471903,2024-03-26,453.48497353201356,5,-0.011578955735832008,FIXED_HORIZON
BIOCON-2024-03-15,BIOCON,2024-03-15,2024-03-18,251.811924364014,2024-03-26,253.20644425713232,5,0.005537942242570093,FIXED_HORIZON
HINDPETRO-2024-03-15,HINDPETRO,2024-03-15,2024-03-18,278.5996596575817,2024-03-26,278.59968130502483,5,7.770089593961416e-08,FIXED_HORIZON
IOC-2024-03-15,IOC,2024-03-15,2024-03-18,145.04433879925296,2024-03-26,146.6505007258205,5,0.011073592667346643,FIXED_HORIZON
M&M-2024-03-15,M&M,2024-03-15,2024-03-18,1761.99995502718,2024-03-26,1830.4644887382094,5,0.03885614952241778,FIXED_HORIZON
TORNTPHARM-2024-03-15,TORNTPHARM,2024-03-15,2024-03-18,2548.971568468543,2024-03-26,2508.0719327987854,5,-0.016045544083620578,FIXED_HORIZON
COFORGE-2024-03-18,COFORGE,2024-03-18,2024-03-19,1111.767912545069,2024-03-27,1080.8995654893963,5,-0.02776509980847408,FIXED_HORIZON
KPITTECH-2024-03-18,KPITTECH,2024-03-18,2024-03-19,1363.3365776410474,2024-03-27,1411.3150199542824,5,0.035191927730899186,FIXED_HORIZON
MRF-2024-03-18,MRF,2024-03-18,2024-03-19,136337.7914254059,2024-03-27,131371.57700002915,5,-0.0364258095532809,FIXED_HORIZON
AMBER-2024-03-19,AMBER,2024-03-19,2024-03-20,3178.0,2024-03-28,3621.0,5,0.13939584644430458,FIXED_HORIZON
COLPAL-2024-03-19,COLPAL,2024-03-19,2024-03-20,2488.4100433226004,2024-03-28,2535.9471915474483,5,0.019103422425258643,FIXED_HORIZON
ECLERX-2024-03-19,ECLERX,2024-03-19,2024-03-20,1166.1598014539097,2024-03-28,1193.3534975071573,5,0.023319013414236922,FIXED_HORIZON
GODREJCP-2024-03-19,GODREJCP,2024-03-19,2024-03-20,1146.9688306322564,2024-03-28,1179.855235395944,5,0.028672448531630312,FIXED_HORIZON
LTTS-2024-03-19,LTTS,2024-03-19,2024-03-20,5053.291661687516,2024-03-28,5290.216195585737,5,0.04688518885511961,FIXED_HORIZON
NESTLEIND-2024-03-19,NESTLEIND,2024-03-19,2024-03-20,1225.8577395138957,2024-03-28,1251.72567904655,5,0.021101909869992053,FIXED_HORIZON
TCS-2024-03-19,TCS,2024-03-19,2024-03-20,3667.994768950826,2024-03-28,3542.937169152786,5,-0.03409426885137323,FIXED_HORIZON
UBL-2024-03-19,UBL,2024-03-19,2024-03-20,1671.0241856902371,2024-03-28,1664.1928768122182,5,-0.0040880969506716935,FIXED_HORIZON
INFY-2024-03-22,INFY,2024-03-22,2024-03-26,1374.9424783172167,2024-04-03,1362.9623414349414,5,-0.008713191330693038,FIXED_HORIZON
LTM-2024-03-22,LTM,2024-03-22,2024-03-26,4816.104317704709,2024-04-03,4715.78861009959,5,-0.02082922233148965,FIXED_HORIZON
RBA-2024-03-26,RBA,2024-03-26,2024-03-27,102.44999694824219,2024-04-04,106.94999694824219,5,0.04392386660854086,FIXED_HORIZON
ASTERDM-2024-03-27,ASTERDM,2024-03-27,2024-03-28,310.02913959067223,2024-04-05,348.92440059267244,5,0.12545679110471086,FIXED_HORIZON
BAJAJHLDNG-2024-03-27,BAJAJHLDNG,2024-03-27,2024-03-28,7843.932619169348,2024-04-05,7953.979292306002,5,0.014029528105292233,FIXED_HORIZON
CDSL-2024-03-27,CDSL,2024-03-27,2024-03-28,830.3025786895226,2024-04-05,910.6544933626838,5,0.09677425644032267,FIXED_HORIZON
IDFCFIRSTB-2024-03-28,IDFCFIRSTB,2024-03-28,2024-04-01,75.72893044666327,2024-04-08,81.79122965457765,5,0.08005261888894788,FIXED_HORIZON
ANANDRATHI-2024-04-02,ANANDRATHI,2024-04-02,2024-04-03,852.0245300728723,2024-04-10,1012.8445706195434,5,0.18875048178826082,FIXED_HORIZON
DABUR-2024-04-04,DABUR,2024-04-04,2024-04-05,491.196560664698,2024-04-15,477.6164344926242,5,-0.027647030251386262,FIXED_HORIZON
BANDHANBNK-2024-04-08,BANDHANBNK,2024-04-08,2024-04-09,180.51257951465533,2024-04-18,171.34802878108692,5,-0.050769595992751104,FIXED_HORIZON
GESHIP-2024-04-08,GESHIP,2024-04-08,2024-04-09,917.8350422447568,2024-04-18,927.003161054019,5,0.00998885244873593,FIXED_HORIZON
BOSCHLTD-2024-04-09,BOSCHLTD,2024-04-09,2024-04-10,29530.7974789819,2024-04-19,29068.450782784334,5,-0.015656424332144647,FIXED_HORIZON
HDFCLIFE-2024-04-10,HDFCLIFE,2024-04-10,2024-04-12,614.9973802743848,2024-04-22,596.0324898669597,5,-0.03083735153304845,FIXED_HORIZON
MARUTI-2024-04-12,MARUTI,2024-04-12,2024-04-15,11837.065178769779,2024-04-23,12463.388016074348,5,0.052912003764911564,FIXED_HORIZON
PAGEIND-2024-04-12,PAGEIND,2024-04-12,2024-04-15,34278.207524534344,2024-04-23,34201.51280498408,5,-0.002237419196886914,FIXED_HORIZON
SUNPHARMA-2024-04-12,SUNPHARMA,2024-04-12,2024-04-15,1485.240658885407,2024-04-23,1528.6940802826582,5,0.029256821874147132,FIXED_HORIZON
ATUL-2024-04-15,ATUL,2024-04-15,2024-04-16,5766.231249182995,2024-04-24,5905.563686227366,5,0.024163518773915316,FIXED_HORIZON
BATAINDIA-2024-04-15,BATAINDIA,2024-04-15,2024-04-16,1251.564611934921,2024-04-24,1268.1774047901877,5,0.013273619833005013,FIXED_HORIZON
KEC-2024-04-15,KEC,2024-04-15,2024-04-16,688.3868545989254,2024-04-24,719.5750511807815,5,0.04530620591241141,FIXED_HORIZON
BERGEPAINT-2024-04-16,BERGEPAINT,2024-04-16,2024-04-18,521.2061841331937,2024-04-25,496.66674202019965,5,-0.047082024081899654,FIXED_HORIZON
HONASA-2024-04-16,HONASA,2024-04-16,2024-04-18,379.5369840588114,2024-04-25,423.3641394893281,5,0.11547532196157584,FIXED_HORIZON
INFY-2024-04-16,INFY,2024-04-16,2024-04-18,1309.6049788534715,2024-04-25,1308.5913232271268,5,-0.0007740163199685401,FIXED_HORIZON
LTM-2024-04-16,LTM,2024-04-16,2024-04-18,4544.651697648403,2024-04-25,4484.077303916018,5,-0.01332872082666503,FIXED_HORIZON
ADANIENT-2024-04-18,ADANIENT,2024-04-18,2024-04-19,2996.0022219019297,2024-04-26,3115.7420363964934,5,0.03996653060509092,FIXED_HORIZON
AXISBANK-2024-04-18,AXISBANK,2024-04-18,2024-04-19,1012.5702521129814,2024-04-26,1127.2950297740094,5,0.11330056104416064,FIXED_HORIZON
IGL-2024-04-18,IGL,2024-04-18,2024-04-19,208.36871570618138,2024-04-26,215.87343772725364,5,0.036016548816544036,FIXED_HORIZON
MAXHEALTH-2024-04-18,MAXHEALTH,2024-04-18,2024-04-19,775.3800517185798,2024-04-26,799.7164896513063,5,0.031386463810600285,FIXED_HORIZON
MGL-2024-04-18,MGL,2024-04-18,2024-04-19,1316.1513856145398,2024-04-26,1365.1771142993266,5,0.03724930826395445,FIXED_HORIZON
NESTLEIND-2024-04-18,NESTLEIND,2024-04-18,2024-04-19,1184.8982400181717,2024-04-26,1255.577719460176,5,0.05965025270095792,FIXED_HORIZON
STLTECH-2024-04-18,STLTECH,2024-04-18,2024-04-19,128.89999389648438,2024-04-26,135.8000030517578,5,0.053529941675673154,FIXED_HORIZON
TITAN-2024-04-18,TITAN,2024-04-18,2024-04-19,3491.6037733604626,2024-04-26,3553.906116870813,5,0.017843474676506155,FIXED_HORIZON
LUPIN-2024-04-19,LUPIN,2024-04-19,2024-04-22,1558.3145114697193,2024-04-29,1596.331702945954,5,0.02439635336539281,FIXED_HORIZON
TATACOMM-2024-04-19,TATACOMM,2024-04-19,2024-04-22,1704.9461236980146,2024-04-29,1699.769357040415,5,-0.0030363227234250223,FIXED_HORIZON
PERSISTENT-2024-04-22,PERSISTENT,2024-04-22,2024-04-23,3496.3400698540827,2024-04-30,3290.4992196574144,5,-0.058873234892525494,FIXED_HORIZON
THERMAX-2024-04-22,THERMAX,2024-04-22,2024-04-23,4555.149150315889,2024-04-30,4445.641469858703,5,-0.02404041598716722,FIXED_HORIZON
M&MFIN-2024-04-23,M&MFIN,2024-04-23,2024-04-24,248.0519854677486,2024-05-02,245.8548160207959,5,-0.00885769748147558,FIXED_HORIZON
SUNPHARMA-2024-04-23,SUNPHARMA,2024-04-23,2024-04-24,1452.9931810832416,2024-05-02,1470.9520028210377,5,0.012359880260695677,FIXED_HORIZON
EQUITASBNK-2024-04-24,EQUITASBNK,2024-04-24,2024-04-25,96.75839695785984,2024-05-03,95.72169068094519,5,-0.010714380451819161,FIXED_HORIZON
TATACONSUM-2024-04-24,TATACONSUM,2024-04-24,2024-04-25,1090.9728773834745,2024-05-03,1070.4440200051179,5,-0.018817019014800707,FIXED_HORIZON
TATAELXSI-2024-04-24,TATAELXSI,2024-04-24,2024-04-25,6817.952192217636,2024-05-03,6921.70600631767,5,0.015217738578229278,FIXED_HORIZON
DALBHARAT-2024-04-25,DALBHARAT,2024-04-25,2024-04-26,1802.528239090553,2024-05-06,1789.1908309135142,5,-0.007399278351260641,FIXED_HORIZON
INDHOTEL-2024-04-25,INDHOTEL,2024-04-25,2024-04-26,578.759124585139,2024-05-06,567.4768419235785,5,-0.019493917559654572,FIXED_HORIZON
JKCEMENT-2024-04-25,JKCEMENT,2024-04-25,2024-04-26,3968.6107049960524,2024-05-06,3936.9569149167055,5,-0.007976038072844527,FIXED_HORIZON
KOTAKBANK-2024-04-25,KOTAKBANK,2024-04-25,2024-04-26,327.1875870257657,2024-05-06,319.72730956057165,5,-0.022801224010391863,FIXED_HORIZON
BAJAJFINSV-2024-04-26,BAJAJFINSV,2024-04-26,2024-04-29,1599.844050042975,2024-05-07,1617.8086733519715,5,0.011228984042859658,FIXED_HORIZON
BAJFINANCE-2024-04-26,BAJFINANCE,2024-04-26,2024-04-29,667.3577357399369,2024-05-07,677.1863037802098,5,0.014727585392226628,FIXED_HORIZON
CSBBANK-2024-04-26,CSBBANK,2024-04-26,2024-04-29,388.0,2024-05-07,356.6000061035156,5,-0.08092781932083604,FIXED_HORIZON
INDUSINDBK-2024-04-26,INDUSINDBK,2024-04-26,2024-04-29,1440.4000126564076,2024-05-07,1478.6625912134252,5,0.02656385602666944,FIXED_HORIZON
KSB-2024-04-26,KSB,2024-04-26,2024-04-29,936.6580559575654,2024-05-07,899.9805282294769,5,-0.03915786288795886,FIXED_HORIZON
LTTS-2024-04-26,LTTS,2024-04-26,2024-04-29,4662.154649611391,2024-05-07,4396.435863293386,5,-0.05699484600755422,FIXED_HORIZON
AIAENG-2024-04-29,AIAENG,2024-04-29,2024-04-30,3750.2163192566272,2024-05-08,3791.0097573409616,5,0.010877622678688637,FIXED_HORIZON
APOLLOHOSP-2024-04-29,APOLLOHOSP,2024-04-29,2024-04-30,5959.823512329284,2024-05-08,5852.546892371504,5,-0.017999965894267334,FIXED_HORIZON
BSE-2024-04-29,BSE,2024-04-29,2024-04-30,931.0410123673406,2024-05-08,914.6272072233205,5,-0.017629518921282616,FIXED_HORIZON
CRAFTSMAN-2024-04-29,CRAFTSMAN,2024-04-29,2024-04-30,4397.886683260405,2024-05-08,4280.182027169181,5,-0.026763912890079955,FIXED_HORIZON
HCLTECH-2024-04-29,HCLTECH,2024-04-29,2024-04-30,1243.970054722854,2024-05-08,1219.0414874180217,5,-0.0200395236285541,FIXED_HORIZON
HDFCLIFE-2024-04-29,HDFCLIFE,2024-04-29,2024-04-30,570.9770156762322,2024-05-08,546.7633482423735,5,-0.04240742931689023,FIXED_HORIZON
IDFCFIRSTB-2024-04-29,IDFCFIRSTB,2024-04-29,2024-04-30,81.5427782146533,2024-05-08,77.31904798534588,5,-0.05179772288588047,FIXED_HORIZON
RAYMOND-2024-04-29,RAYMOND,2024-04-29,2024-04-30,1994.4394265262001,2024-05-08,2159.438979944204,5,0.0827297892447858,FIXED_HORIZON
SBICARD-2024-04-29,SBICARD,2024-04-29,2024-04-30,721.8071592823177,2024-05-08,708.7917632738455,5,-0.018031680402578965,FIXED_HORIZON
IOC-2024-04-30,IOC,2024-04-30,2024-05-02,153.4766375963552,2024-05-09,145.44587553778462,5,-0.05232563199417728,FIXED_HORIZON
PIIND-2024-04-30,PIIND,2024-04-30,2024-05-02,3611.882648502667,2024-05-09,3491.193421242425,5,-0.033414492940482154,FIXED_HORIZON
SBFC-2024-04-30,SBFC,2024-04-30,2024-05-02,87.94999694824219,2024-05-09,83.5,5,-0.050596897130774976,FIXED_HORIZON
3MINDIA-2024-05-02,3MINDIA,2024-05-02,2024-05-03,28459.932938641196,2024-05-10,27487.64967244285,5,-0.034163231104393676,FIXED_HORIZON
GODREJIND-2024-05-02,GODREJIND,2024-05-02,2024-05-03,895.9500122070312,2024-05-10,835.0,5,-0.06802836249412014,FIXED_HORIZON
KIMS-2024-05-02,KIMS,2024-05-02,2024-05-03,400.0199890136719,2024-05-10,400.7900085449219,5,0.0019249526333637856,FIXED_HORIZON
CEATLTD-2024-05-03,CEATLTD,2024-05-03,2024-05-06,2472.2300139497743,2024-05-13,2187.729885999119,5,-0.11507834074715484,FIXED_HORIZON
COFORGE-2024-05-03,COFORGE,2024-05-03,2024-05-06,884.7372078301701,2024-05-13,872.265106785228,5,-0.01409695549657064,FIXED_HORIZON
JYOTHYLAB-2024-05-03,JYOTHYLAB,2024-05-03,2024-05-06,412.2938702937159,2024-05-13,450.8589160294677,5,0.09353776156865568,FIXED_HORIZON
LT-2024-05-03,LT,2024-05-03,2024-05-06,3429.5291491495896,2024-05-13,3180.5501464486542,5,-0.07259859644659206,FIXED_HORIZON
MRF-2024-05-03,MRF,2024-05-03,2024-05-06,128833.71399006131,2024-05-13,126988.25602506433,5,-0.014324340328645269,FIXED_HORIZON
RELIANCE-2024-05-03,RELIANCE,2024-05-03,2024-05-06,1418.3952205864964,2024-05-13,1383.2195197456997,5,-0.02479964704495541,FIXED_HORIZON
SRF-2024-05-03,SRF,2024-05-03,2024-05-06,2558.8031931138294,2024-05-13,2261.4480867796524,5,-0.1162086662758628,FIXED_HORIZON
ADANIENT-2024-05-06,ADANIENT,2024-05-06,2024-05-07,2886.0984430135436,2024-05-14,2891.0918964008524,5,0.0017301743117585922,FIXED_HORIZON
BANKBARODA-2024-05-06,BANKBARODA,2024-05-06,2024-05-07,242.864155503268,2024-05-14,236.57847540342146,5,-0.025881464832968937,FIXED_HORIZON
BHEL-2024-05-06,BHEL,2024-05-06,2024-05-07,288.21927508746376,2024-05-14,282.2560778946227,5,-0.02068979318274755,FIXED_HORIZON
CANBK-2024-05-06,CANBK,2024-05-06,2024-05-07,108.3414608945893,2024-05-14,101.07138175765388,5,-0.06710338846186348,FIXED_HORIZON
FSL-2024-05-06,FSL,2024-05-06,2024-05-07,192.6132354852463,2024-05-14,179.59490203587922,5,-0.06758794854657979,FIXED_HORIZON
LICI-2024-05-06,LICI,2024-05-06,2024-05-07,449.8156588664315,2024-05-14,429.98638283757833,5,-0.04408311635665241,FIXED_HORIZON
MRPL-2024-05-06,MRPL,2024-05-06,2024-05-07,224.13393565941408,2024-05-14,199.74731968228286,5,-0.10880376461237107,FIXED_HORIZON
PAYTM-2024-05-06,PAYTM,2024-05-06,2024-05-07,351.3500061035156,2024-05-14,342.70001220703125,5,-0.024619307659655698,FIXED_HORIZON
PFC-2024-05-06,PFC,2024-05-06,2024-05-07,398.8705187373085,2024-05-14,380.4681008053062,5,-0.04613632010271951,FIXED_HORIZON
PNB-2024-05-06,PNB,2024-05-06,2024-05-07,119.37593369811971,2024-05-14,115.3158418172415,5,-0.03401097486822968,FIXED_HORIZON
RECLTD-2024-05-06,RECLTD,2024-05-06,2024-05-07,467.38927101528253,2024-05-14,464.747655720323,5,-0.005651852660676804,FIXED_HORIZON
SWANCORP-2024-05-06,SWANCORP,2024-05-06,2024-05-07,569.505202848836,2024-05-14,539.4314380414249,5,-0.05280683066102476,FIXED_HORIZON
TATATECH-2024-05-06,TATATECH,2024-05-06,2024-05-07,1008.3984690154306,2024-05-14,989.0467993393083,5,-0.019190498866005434,FIXED_HORIZON
TITAN-2024-05-06,TITAN,2024-05-06,2024-05-07,3298.3576073217855,2024-05-14,3219.1179247727064,5,-0.02402398162442443,FIXED_HORIZON
ZEEL-2024-05-06,ZEEL,2024-05-06,2024-05-07,132.76942148174152,2024-05-14,126.69692844346031,5,-0.045737135633420634,FIXED_HORIZON
ADANIENSOL-2024-05-07,ADANIENSOL,2024-05-07,2024-05-08,1018.0999755859375,2024-05-15,1025.0,5,0.006777354463731733,FIXED_HORIZON
BAJAJ-AUTO-2024-05-07,BAJAJ-AUTO,2024-05-07,2024-05-08,8253.003554261419,2024-05-15,8651.77327405393,5,0.048318132564793004,FIXED_HORIZON
GMRAIRPORT-2024-05-07,GMRAIRPORT,2024-05-07,2024-05-08,79.5999984741211,2024-05-15,83.55000305175781,5,0.04962317403713157,FIXED_HORIZON
GRAPHITE-2024-05-07,GRAPHITE,2024-05-07,2024-05-08,580.2360203781116,2024-05-15,570.6272279117685,5,-0.016560144715044522,FIXED_HORIZON
INOXWIND-2024-05-07,INOXWIND,2024-05-07,2024-05-08,142.5,2024-05-15,143.25,5,0.0052631578947368585,FIXED_HORIZON
J&KBANK-2024-05-07,J&KBANK,2024-05-07,2024-05-08,124.39324131477731,2024-05-15,125.16228904931293,5,0.00618239163484402,FIXED_HORIZON
KARURVYSYA-2024-05-07,KARURVYSYA,2024-05-07,2024-05-08,151.9890154978382,2024-05-15,157.90329739257345,5,0.03891256138059118,FIXED_HORIZON
KNRCON-2024-05-07,KNRCON,2024-05-07,2024-05-08,247.60425527718743,2024-05-15,255.1890614523803,5,0.030632777965394098,FIXED_HORIZON
LUPIN-2024-05-07,LUPIN,2024-05-07,2024-05-08,1582.5786499808414,2024-05-15,1610.035605714211,5,0.01734950470468055,FIXED_HORIZON
MAHSEAMLES-2024-05-07,MAHSEAMLES,2024-05-07,2024-05-08,804.0527402464049,2024-05-15,777.0733907517947,5,-0.0335542037781531,FIXED_HORIZON
MGL-2024-05-07,MGL,2024-05-07,2024-05-08,1258.6405634006348,2024-05-15,1243.9799495553623,5,-0.011647975022878732,FIXED_HORIZON
NHPC-2024-05-07,NHPC,2024-05-07,2024-05-08,92.57125250192608,2024-05-15,94.42457385138252,5,0.02002048475489593,FIXED_HORIZON
PRESTIGE-2024-05-07,PRESTIGE,2024-05-07,2024-05-08,1465.0590432648805,2024-05-15,1487.4333959143185,5,0.015271980165097565,FIXED_HORIZON
RAINBOW-2024-05-07,RAINBOW,2024-05-07,2024-05-08,1436.7155885231548,2024-05-15,1356.525699227143,5,-0.05581472765840978,FIXED_HORIZON
RRKABEL-2024-05-07,RRKABEL,2024-05-07,2024-05-08,1583.793329415511,2024-05-15,1684.832003028139,5,0.0637953650492491,FIXED_HORIZON
VBL-2024-05-07,VBL,2024-05-07,2024-05-08,572.7759231450568,2024-05-15,595.8935804687122,5,0.04036073513132088,FIXED_HORIZON
YESBANK-2024-05-07,YESBANK,2024-05-07,2024-05-08,23.0,2024-05-15,22.700000762939453,5,-0.01304344508958899,FIXED_HORIZON
ASIANPAINT-2024-05-08,ASIANPAINT,2024-05-08,2024-05-09,2742.4349736995487,2024-05-16,2735.6954322640627,5,-0.0024575027302814467,FIXED_HORIZON
DRREDDY-2024-05-08,DRREDDY,2024-05-08,2024-05-09,1192.5736051356653,2024-05-16,1163.8120769662848,5,-0.024117193308255902,FIXED_HORIZON
JINDALSAW-2024-05-08,JINDALSAW,2024-05-08,2024-05-09,264.1468241147243,2024-05-16,269.75141308737085,5,0.02121770341714324,FIXED_HORIZON
KAJARIACER-2024-05-08,KAJARIACER,2024-05-08,2024-05-09,1143.5925476635073,2024-05-16,1189.0022860806773,5,0.039707969862122106,FIXED_HORIZON
PIDILITIND-2024-05-08,PIDILITIND,2024-05-08,2024-05-09,1380.94626734455,2024-05-16,1466.8921013096601,5,0.0622369139172787,FIXED_HORIZON
SONATSOFTW-2024-05-08,SONATSOFTW,2024-05-08,2024-05-09,521.339535675019,2024-05-16,511.35149776525736,5,-0.01915841256280193,FIXED_HORIZON
VOLTAS-2024-05-08,VOLTAS,2024-05-08,2024-05-09,1305.7295294816818,2024-05-16,1288.987676037623,5,-0.012821838723908296,FIXED_HORIZON
AARTIIND-2024-05-09,AARTIIND,2024-05-09,2024-05-10,667.2514109360405,2024-05-17,627.2163195999701,5,-0.06000001001108113,FIXED_HORIZON
ANGELONE-2024-05-09,ANGELONE,2024-05-09,2024-05-10,238.3905331868599,2024-05-17,263.55067718544296,5,0.10554170781128103,FIXED_HORIZON
BEL-2024-05-09,BEL,2024-05-09,2024-05-10,224.24894841449625,2024-05-17,237.13905970324052,5,0.05748125634425949,FIXED_HORIZON
BEML-2024-05-09,BEML,2024-05-09,2024-05-10,1599.554595580394,2024-05-17,1831.8128269602043,5,0.14520181556887457,FIXED_HORIZON
BERGEPAINT-2024-05-09,BERGEPAINT,2024-05-09,2024-05-10,477.0743565693125,2024-05-17,480.01323017810887,5,0.006160200330049381,FIXED_HORIZON
COALINDIA-2024-05-09,COALINDIA,2024-05-09,2024-05-10,388.0016122275223,2024-05-17,406.95914548054805,5,0.0488594187642426,FIXED_HORIZON
FINCABLES-2024-05-09,FINCABLES,2024-05-09,2024-05-10,1003.7440666155966,2024-05-17,1029.3548004663978,5,0.025515203230196848,FIXED_HORIZON
HDFCBANK-2024-05-09,HDFCBANK,2024-05-09,2024-05-10,698.353892008822,2024-05-17,701.8480628860959,5,0.005003438682389172,FIXED_HORIZON
HOMEFIRST-2024-05-09,HOMEFIRST,2024-05-09,2024-05-10,853.9649910350649,2024-05-17,830.7873646726156,5,-0.027141190336569254,FIXED_HORIZON
ITC-2024-05-09,ITC,2024-05-09,2024-05-10,371.6748846058545,2024-05-17,376.8164487683138,5,0.013833499048265585,FIXED_HORIZON
MANAPPURAM-2024-05-09,MANAPPURAM,2024-05-09,2024-05-10,161.89368256155726,2024-05-17,179.5275919203968,5,0.10892277623084246,FIXED_HORIZON
MOTILALOFS-2024-05-09,MOTILALOFS,2024-05-09,2024-05-10,535.2200657988233,2024-05-17,577.9145946429652,5,0.07977004520639519,FIXED_HORIZON
MUTHOOTFIN-2024-05-09,MUTHOOTFIN,2024-05-09,2024-05-10,1543.7720899231251,2024-05-17,1650.0827214893156,5,0.06886420104374635,FIXED_HORIZON
PCBL-2024-05-09,PCBL,2024-05-09,2024-05-10,240.75040458910883,2024-05-17,251.45041401227707,5,0.044444408894888765,FIXED_HORIZON
TATAPOWER-2024-05-09,TATAPOWER,2024-05-09,2024-05-10,408.1408619588114,2024-05-17,426.77767104606556,5,0.04566268860659917,FIXED_HORIZON
UBL-2024-05-09,UBL,2024-05-09,2024-05-10,1880.0989455298773,2024-05-17,1873.6605080460768,5,-0.0034245205546806767,FIXED_HORIZON
VGUARD-2024-05-09,VGUARD,2024-05-09,2024-05-10,340.82035003218294,2024-05-17,370.67181041340706,5,0.08758708327834674,FIXED_HORIZON
BSOFT-2024-05-10,BSOFT,2024-05-10,2024-05-13,560.8699914765382,2024-05-21,589.8257653781596,5,0.05162653438703835,FIXED_HORIZON
INTELLECT-2024-05-10,INTELLECT,2024-05-10,2024-05-13,863.6301456709384,2024-05-21,884.9264612266444,5,0.024659069235200448,FIXED_HORIZON
BANKINDIA-2024-05-13,BANKINDIA,2024-05-13,2024-05-14,115.48648814951001,2024-05-22,113.47644034958127,5,-0.017405047396770068,FIXED_HORIZON
PRAJIND-2024-05-13,PRAJIND,2024-05-13,2024-05-14,489.5919067484318,2024-05-22,508.12640380859375,5,0.03785703318352751,FIXED_HORIZON
SYRMA-2024-05-13,SYRMA,2024-05-13,2024-05-14,392.5706256180133,2024-05-22,418.5531901448952,5,0.06618570731311912,FIXED_HORIZON
TMPV-2024-05-13,TMPV,2024-05-13,2024-05-14,943.1615857973543,2024-05-22,930.3593157363126,5,-0.01357378232301365,FIXED_HORIZON
CIPLA-2024-05-14,CIPLA,2024-05-14,2024-05-15,1355.9300986680826,2024-05-23,1440.4935858882245,5,0.06236566863085935,FIXED_HORIZON
TIINDIA-2024-05-14,TIINDIA,2024-05-14,2024-05-15,3732.0564750218828,2024-05-23,3714.059521570793,5,-0.004822261820404017,FIXED_HORIZON
ACI-2024-05-15,ACI,2024-05-15,2024-05-16,610.5147787678852,2024-05-24,606.8551590067225,5,-0.005994318054918235,FIXED_HORIZON
COLPAL-2024-05-15,COLPAL,2024-05-15,2024-05-16,2556.7803756855465,2024-05-24,2610.3767386877557,5,0.020962443044345802,FIXED_HORIZON
DEVYANI-2024-05-15,DEVYANI,2024-05-15,2024-05-16,151.3000030517578,2024-05-24,152.5500030517578,5,0.008261731492314572,FIXED_HORIZON
BANDHANBNK-2024-05-16,BANDHANBNK,2024-05-16,2024-05-17,176.46652542494232,2024-05-27,182.41375506774315,5,0.03370174387737013,FIXED_HORIZON
MANKIND-2024-05-16,MANKIND,2024-05-16,2024-05-17,2119.214734499056,2024-05-27,2096.073527401836,5,-0.010919708475266798,FIXED_HORIZON
AMBER-2024-05-21,AMBER,2024-05-21,2024-05-22,3852.10009765625,2024-05-29,3558.949951171875,5,-0.07610138341491635,FIXED_HORIZON
ASTRAL-2024-05-21,ASTRAL,2024-05-21,2024-05-22,2073.0501900063346,2024-05-29,2129.341635018669,5,0.027153922892799054,FIXED_HORIZON
CUB-2024-05-21,CUB,2024-05-21,2024-05-22,106.48887783821598,2024-05-29,104.66542763869248,5,-0.017123386371802995,FIXED_HORIZON
DELHIVERY-2024-05-21,DELHIVERY,2024-05-21,2024-05-22,396.04998779296875,2024-05-29,418.25,5,0.056053561144499,FIXED_HORIZON
MEDANTA-2024-05-21,MEDANTA,2024-05-21,2024-05-22,1334.04645935563,2024-05-29,1234.1178554197768,5,-0.0749063896801021,FIXED_HORIZON
TRIDENT-2024-05-21,TRIDENT,2024-05-21,2024-05-22,37.08005012550296,2024-05-29,35.99067969696113,5,-0.02937888230611041,FIXED_HORIZON
TRITURBINE-2024-05-21,TRITURBINE,2024-05-21,2024-05-22,596.818964680263,2024-05-29,567.6167658237429,5,-0.04892974349795465,FIXED_HORIZON
GSFC-2024-05-22,GSFC,2024-05-22,2024-05-23,214.98995755413387,2024-05-30,209.2313086792052,5,-0.02678566450471831,FIXED_HORIZON
JBCHEPHARM-2024-05-22,JBCHEPHARM,2024-05-22,2024-05-23,1669.833125562075,2024-05-30,1728.409179619861,5,0.0350789867329222,FIXED_HORIZON
MAHSEAMLES-2024-05-22,MAHSEAMLES,2024-05-22,2024-05-23,729.9926923360763,2024-05-30,674.2418153821496,5,-0.07637182884052751,FIXED_HORIZON
DEEPAKNTR-2024-05-23,DEEPAKNTR,2024-05-23,2024-05-24,2296.992955512668,2024-05-31,2175.468616683945,5,-0.052905838712770215,FIXED_HORIZON
HEG-2024-05-23,HEG,2024-05-23,2024-05-24,441.3134648890404,2024-05-31,440.9211752951326,5,-0.0008889137203335062,FIXED_HORIZON
LUPIN-2024-05-23,LUPIN,2024-05-23,2024-05-24,1606.7937787977094,2024-05-31,1552.0763886416687,5,-0.034053772723082854,FIXED_HORIZON
SUNPHARMA-2024-05-23,SUNPHARMA,2024-05-23,2024-05-24,1471.93080049127,2024-05-31,1433.76216961033,5,-0.02593099544367239,FIXED_HORIZON
EIDPARRY-2024-05-24,EIDPARRY,2024-05-24,2024-05-27,630.9500122070312,2024-06-03,699.0,5,0.10785321574831785,FIXED_HORIZON
NYKAA-2024-05-24,NYKAA,2024-05-24,2024-05-27,169.0,2024-06-03,167.5,5,-0.00887573964497046,FIXED_HORIZON
SUZLON-2024-05-24,SUZLON,2024-05-24,2024-05-27,45.25,2024-06-03,50.0,5,0.1049723756906078,FIXED_HORIZON
CELLO-2024-05-27,CELLO,2024-05-27,2024-05-28,866.5602637404568,2024-06-04,841.029465119735,5,-0.029462230948046897,FIXED_HORIZON
EIHOTEL-2024-05-27,EIHOTEL,2024-05-27,2024-05-28,438.05531000203996,2024-06-04,419.66291132395315,5,-0.041986475812840096,FIXED_HORIZON
KIMS-2024-05-27,KIMS,2024-05-27,2024-05-28,365.07000732421875,2024-06-04,370.0,5,0.013504239123656392,FIXED_HORIZON
SUNTV-2024-05-27,SUNTV,2024-05-27,2024-05-28,603.9857042678142,2024-06-04,635.2281183574127,5,0.05172707544042332,FIXED_HORIZON
WIPRO-2024-05-27,WIPRO,2024-05-27,2024-05-28,210.3871625149242,2024-06-04,206.63357110843538,5,-0.017841351922898596,FIXED_HORIZON
AFFLE-2024-05-28,AFFLE,2024-05-28,2024-05-29,1184.800048828125,2024-06-05,1100.949951171875,5,-0.07077151772502488,FIXED_HORIZON
BORORENEW-2024-05-28,BORORENEW,2024-05-28,2024-05-29,480.1000061035156,2024-06-05,453.95001220703125,5,-0.05446780579887367,FIXED_HORIZON
INOXWIND-2024-05-28,INOXWIND,2024-05-28,2024-05-29,138.0,2024-06-05,137.3000030517578,5,-0.00507244165392895,FIXED_HORIZON
NH-2024-05-28,NH,2024-05-28,2024-05-29,1176.0332477297923,2024-06-05,1173.8006444250593,5,-0.0018984185260431108,FIXED_HORIZON
BAJAJFINSV-2024-05-29,BAJAJFINSV,2024-05-29,2024-05-30,1563.665421334809,2024-06-06,1518.5046180317477,5,-0.028881372374731096,FIXED_HORIZON
CANFINHOME-2024-05-29,CANFINHOME,2024-05-29,2024-05-30,696.4914894644169,2024-06-06,727.3608763176646,5,0.04432126927636326,FIXED_HORIZON
ICICIPRULI-2024-05-29,ICICIPRULI,2024-05-29,2024-05-30,552.7711312334216,2024-06-06,559.8298689963284,5,0.012769729394435547,FIXED_HORIZON
INDIGO-2024-05-29,INDIGO,2024-05-29,2024-05-30,4033.23415347434,2024-06-06,4342.711197466608,5,0.07673173245487752,FIXED_HORIZON
MTARTECH-2024-05-29,MTARTECH,2024-05-29,2024-05-30,1841.5999755859375,2024-06-06,1705.0,5,-0.07417461848221185,FIXED_HORIZON
PNBHOUSING-2024-05-29,PNBHOUSING,2024-05-29,2024-05-30,720.6747520641329,2024-06-06,706.8535471627403,5,-0.019178145011749637,FIXED_HORIZON
RRKABEL-2024-05-29,RRKABEL,2024-05-29,2024-05-30,1749.884016951336,2024-06-06,1629.764943520997,5,-0.06864401998459968,FIXED_HORIZON
UJJIVANSFB-2024-05-29,UJJIVANSFB,2024-05-29,2024-05-30,48.83002568096236,2024-06-06,47.041206174393714,5,-0.036633597497083836,FIXED_HORIZON
ALKEM-2024-05-30,ALKEM,2024-05-30,2024-05-31,4847.824161094482,2024-06-07,4759.134987258206,5,-0.018294635054637243,FIXED_HORIZON
ATUL-2024-05-30,ATUL,2024-05-30,2024-05-31,5676.144566549742,2024-06-07,5759.853294998418,5,0.014747462378245757,FIXED_HORIZON
BAJFINANCE-2024-05-30,BAJFINANCE,2024-05-30,2024-05-31,655.0719994789935,2024-06-07,687.5113515594035,5,0.0495202849552574,FIXED_HORIZON
CUMMINSIND-2024-05-30,CUMMINSIND,2024-05-30,2024-05-31,3472.9498841615896,2024-06-07,3364.1528357551792,5,-0.03132698485013563,FIXED_HORIZON
GMRAIRPORT-2024-05-30,GMRAIRPORT,2024-05-30,2024-05-31,82.5,2024-06-07,83.9000015258789,5,0.016969715465198876,FIXED_HORIZON
HINDCOPPER-2024-05-30,HINDCOPPER,2024-05-30,2024-05-31,355.56207952045816,2024-06-07,334.4660908098832,5,-0.0593313795976973,FIXED_HORIZON
INDIACEM-2024-05-30,INDIACEM,2024-05-30,2024-05-31,206.89999389648438,2024-06-07,207.0,5,0.00048335479200467546,FIXED_HORIZON
IPCALAB-2024-05-30,IPCALAB,2024-05-30,2024-05-31,1222.6615994060846,2024-06-07,1161.4342123065394,5,-0.050077132650020895,FIXED_HORIZON
IRB-2024-05-30,IRB,2024-05-30,2024-05-31,32.50952837528866,2024-06-07,35.12014709111188,5,0.08030318636697364,FIXED_HORIZON
KFINTECH-2024-05-30,KFINTECH,2024-05-30,2024-05-31,661.7069366066066,2024-06-07,685.9727953921071,5,0.03667161010876141,FIXED_HORIZON
LTF-2024-05-30,LTF,2024-05-30,2024-05-31,147.96325001139795,2024-06-07,153.82414284135658,5,0.03961046293256709,FIXED_HORIZON
MFSL-2024-05-30,MFSL,2024-05-30,2024-05-31,925.0,2024-06-07,932.0999755859375,5,0.007675649282094632,FIXED_HORIZON
NESTLEIND-2024-05-30,NESTLEIND,2024-05-30,2024-05-31,1182.7527357779582,2024-06-07,1207.5479055637209,5,0.02096395048239197,FIXED_HORIZON
NUVAMA-2024-05-30,NUVAMA,2024-05-30,2024-05-31,922.7170885764716,2024-06-07,931.9624293311039,5,0.010019691700839273,FIXED_HORIZON
SAMMAANCAP-2024-05-30,SAMMAANCAP,2024-05-30,2024-05-31,155.90354242200652,2024-06-07,156.7921609600081,5,0.005699796965460857,FIXED_HORIZON
TATASTEEL-2024-05-30,TATASTEEL,2024-05-30,2024-05-31,155.84713485979879,2024-06-07,161.4315354572818,5,0.035832552215392166,FIXED_HORIZON
TECHM-2024-05-30,TECHM,2024-05-30,2024-05-31,1148.4593076685296,2024-06-07,1225.9326438758956,5,0.06745849477648758,FIXED_HORIZON
WHIRLPOOL-2024-05-30,WHIRLPOOL,2024-05-30,2024-05-31,1451.0877407805606,2024-06-07,1524.5311758884798,5,0.05061267698975458,FIXED_HORIZON
BERGEPAINT-2024-05-31,BERGEPAINT,2024-05-31,2024-06-03,453.5635094879399,2024-06-10,475.996780609003,5,0.049460043966917944,FIXED_HORIZON
DMART-2024-05-31,DMART,2024-05-31,2024-06-03,4392.9501953125,2024-06-10,4769.0498046875,5,0.08561435769891435,FIXED_HORIZON
PAGEIND-2024-05-31,PAGEIND,2024-05-31,2024-06-03,35059.07012290308,2024-06-10,36874.563403274995,5,0.05178384007355352,FIXED_HORIZON
TATAELXSI-2024-05-31,TATAELXSI,2024-05-31,2024-06-03,6876.491056763151,2024-06-10,6915.933052301689,5,0.005735773552667522,FIXED_HORIZON
WELCORP-2024-05-31,WELCORP,2024-05-31,2024-06-03,565.7528994424507,2024-06-10,525.5734688135085,5,-0.07101939851928118,FIXED_HORIZON
DOMS-2024-06-03,DOMS,2024-06-03,2024-06-04,1880.862738585443,2024-06-11,1882.9050548693488,5,0.001085840153036255,FIXED_HORIZON
ABB-2024-06-04,ABB,2024-06-04,2024-06-05,7655.129234188374,2024-06-12,7918.573065240174,5,0.03441402790108894,FIXED_HORIZON
ABCAPITAL-2024-06-04,ABCAPITAL,2024-06-04,2024-06-05,207.9499969482422,2024-06-12,234.6999969482422,5,0.1286366934001828,FIXED_HORIZON
ABFRL-2024-06-04,ABFRL,2024-06-04,2024-06-05,271.95001220703125,2024-06-12,325.0,5,0.1950725700007787,FIXED_HORIZON
ABREL-2024-06-04,ABREL,2024-06-04,2024-06-05,1847.8724487517395,2024-06-12,2099.6289538833116,5,0.13624127861294588,FIXED_HORIZON
ACC-2024-06-04,ACC,2024-06-04,2024-06-05,2320.416219234791,2024-06-12,2532.8127966227166,5,0.09153382726223502,FIXED_HORIZON
ACE-2024-06-04,ACE,2024-06-04,2024-06-05,1342.2053723951828,2024-06-12,1434.6612965230474,5,0.06888358967217956,FIXED_HORIZON
ADANIENSOL-2024-06-04,ADANIENSOL,2024-06-04,2024-06-05,997.0,2024-06-12,1019.9500122070312,5,0.023019069415276983,FIXED_HORIZON
ADANIENT-2024-06-04,ADANIENT,2024-06-04,2024-06-05,3025.96212883628,2024-06-12,3220.602311745659,5,0.06432340347373522,FIXED_HORIZON
ADANIGREEN-2024-06-04,ADANIGREEN,2024-06-04,2024-06-05,1704.0,2024-06-12,1859.9000244140625,5,0.09149062465614,FIXED_HORIZON
ADANIPORTS-2024-06-04,ADANIPORTS,2024-06-04,2024-06-05,1264.0245220211837,2024-06-12,1393.0419516170869,5,0.10206877109441148,FIXED_HORIZON
ADANIPOWER-2024-06-04,ADANIPOWER,2024-06-04,2024-06-05,148.39999389648438,2024-06-12,152.80999755859375,5,0.029717007031587528,FIXED_HORIZON
ALOKINDS-2024-06-04,ALOKINDS,2024-06-04,2024-06-05,24.5,2024-06-12,27.440000534057617,5,0.12000002179827018,FIXED_HORIZON
AMBUJACEM-2024-06-04,AMBUJACEM,2024-06-04,2024-06-05,568.3651939417744,2024-06-12,637.3102924101456,5,0.12130422341702074,FIXED_HORIZON
ANANDRATHI-2024-06-04,ANANDRATHI,2024-06-04,2024-06-05,949.169299245349,2024-06-12,972.5147964287758,5,0.024595714591683526,FIXED_HORIZON
ANGELONE-2024-06-04,ANGELONE,2024-06-04,2024-06-05,224.04219670145048,2024-06-12,259.31560631373554,5,0.15744092019990763,FIXED_HORIZON
APARINDS-2024-06-04,APARINDS,2024-06-04,2024-06-05,7410.311893143575,2024-06-12,8033.667361203713,5,0.08412000426552901,FIXED_HORIZON
APLAPOLLO-2024-06-04,APLAPOLLO,2024-06-04,2024-06-05,1451.3402262801985,2024-06-12,1652.8602027918532,5,0.1388509550432242,FIXED_HORIZON
ARE&M-2024-06-04,ARE&M,2024-06-04,2024-06-05,1092.824497320728,2024-06-12,1339.7456674562509,5,0.22594768944226473,FIXED_HORIZON
ASHOKLEY-2024-06-04,ASHOKLEY,2024-06-04,2024-06-05,102.39050446040126,2024-06-12,113.63514127937809,5,0.10982109013170849,FIXED_HORIZON
ASTERDM-2024-06-04,ASTERDM,2024-06-04,2024-06-05,326.3657280965275,2024-06-12,352.89275209427797,5,0.08128005398258198,FIXED_HORIZON
ATGL-2024-06-04,ATGL,2024-06-04,2024-06-05,926.1370506791868,2024-06-12,958.8548164476845,5,0.03532713192340586,FIXED_HORIZON
AVANTIFEED-2024-06-04,AVANTIFEED,2024-06-04,2024-06-05,482.86482858650976,2024-06-12,591.5528974267046,5,0.2250900508913798,FIXED_HORIZON
AWL-2024-06-04,AWL,2024-06-04,2024-06-05,333.25911787948314,2024-06-12,343.15740530460977,5,0.029701475200766048,FIXED_HORIZON
AXISBANK-2024-06-04,AXISBANK,2024-06-04,2024-06-05,1135.2758622111123,2024-06-12,1189.2462936969855,5,0.04753948646521744,FIXED_HORIZON
BALRAMCHIN-2024-06-04,BALRAMCHIN,2024-06-04,2024-06-05,360.64122041264824,2024-06-12,403.66165199751345,5,0.11928872560835102,FIXED_HORIZON
BANDHANBNK-2024-06-04,BANDHANBNK,2024-06-04,2024-06-05,174.61413395704014,2024-06-12,193.04073421747896,5,0.10552754145877019,FIXED_HORIZON
BANKBARODA-2024-06-04,BANKBARODA,2024-06-04,2024-06-05,234.11884084848256,2024-06-12,250.42519548817032,5,0.06964990335929833,FIXED_HORIZON
BANKINDIA-2024-06-04,BANKINDIA,2024-06-04,2024-06-05,108.72541296259934,2024-06-12,113.01960822453111,5,0.03949578249391372,FIXED_HORIZON
BATAINDIA-2024-06-04,BATAINDIA,2024-06-04,2024-06-05,1255.157747627007,2024-06-12,1390.6272139938835,5,0.10793023157686288,FIXED_HORIZON
BEL-2024-06-04,BEL,2024-06-04,2024-06-05,260.2625862002879,2024-06-12,283.28771641015646,5,0.08846884427771462,FIXED_HORIZON
BEML-2024-06-04,BEML,2024-06-04,2024-06-05,1923.5269026722103,2024-06-12,1994.7365995017385,5,0.03702037997524332,FIXED_HORIZON
BHARATFORG-2024-06-04,BHARATFORG,2024-06-04,2024-06-05,1467.7964666604712,2024-06-12,1581.5260321218987,5,0.07748319882536903,FIXED_HORIZON
BHARTIARTL-2024-06-04,BHARTIARTL,2024-06-04,2024-06-05,1291.1247179304962,2024-06-12,1387.8871991916067,5,0.07494433335317763,FIXED_HORIZON
BHEL-2024-06-04,BHEL,2024-06-04,2024-06-05,253.43418654671413,2024-06-12,293.6854728466961,5,0.15882342807986816,FIXED_HORIZON
BIOCON-2024-06-04,BIOCON,2024-06-04,2024-06-05,293.6477474655398,2024-06-12,344.59784121495363,5,0.17350752453973084,FIXED_HORIZON
BLUEDART-2024-06-04,BLUEDART,2024-06-04,2024-06-05,6852.565802664258,2024-06-12,7746.776066133869,5,0.13049276566186996,FIXED_HORIZON
BPCL-2024-06-04,BPCL,2024-06-04,2024-06-05,268.470160395524,2024-06-12,277.1434381706429,5,0.0323063008653961,FIXED_HORIZON
CANBK-2024-06-04,CANBK,2024-06-04,2024-06-05,104.82015991210938,2024-06-12,111.00746057726785,5,0.05902777357281708,FIXED_HORIZON
CASTROLIND-2024-06-04,CASTROLIND,2024-06-04,2024-06-05,159.25565016668173,2024-06-12,176.4499864050046,5,0.10796688356316886,FIXED_HORIZON
CDSL-2024-06-04,CDSL,2024-06-04,2024-06-05,975.5446609994755,2024-06-12,1019.713824847923,5,0.04527641389907755,FIXED_HORIZON
CENTRALBK-2024-06-04,CENTRALBK,2024-06-04,2024-06-05,59.757479030593686,2024-06-12,61.66587504881893,5,0.03193568485792753,FIXED_HORIZON
CESC-2024-06-04,CESC,2024-06-04,2024-06-05,120.00560834788648,2024-06-12,133.8628429812648,5,0.1154715585725572,FIXED_HORIZON
CGPOWER-2024-06-04,CGPOWER,2024-06-04,2024-06-05,646.2846358088332,2024-06-12,664.0101590320041,5,0.02742680583917534,FIXED_HORIZON
CHALET-2024-06-04,CHALET,2024-06-04,2024-06-05,762.0057971437274,2024-06-12,838.8706232105684,5,0.10087170774153975,FIXED_HORIZON
CHAMBLFERT-2024-06-04,CHAMBLFERT,2024-06-04,2024-06-05,340.4613851860107,2024-06-12,405.37683845352797,5,0.19066906290136476,FIXED_HORIZON
CHENNPETRO-2024-06-04,CHENNPETRO,2024-06-04,2024-06-05,793.0338707812075,2024-06-12,874.3198371496849,5,0.10249999320760872,FIXED_HORIZON
COALINDIA-2024-06-04,COALINDIA,2024-06-04,2024-06-05,392.1661736011909,2024-06-12,417.32727806814677,5,0.0641592930769781,FIXED_HORIZON
CONCOR-2024-06-04,CONCOR,2024-06-04,2024-06-05,947.1591436778332,2024-06-12,1060.3539792077788,5,0.11950983769254275,FIXED_HORIZON
CRAFTSMAN-2024-06-04,CRAFTSMAN,2024-06-04,2024-06-05,4149.584214288075,2024-06-12,4405.905548501295,5,0.06177036565028393,FIXED_HORIZON
CREDITACC-2024-06-04,CREDITACC,2024-06-04,2024-06-05,1267.8464708398967,2024-06-12,1484.6770341276504,5,0.17102272891457604,FIXED_HORIZON
CUB-2024-06-04,CUB,2024-06-04,2024-06-05,100.65386922533098,2024-06-12,109.5522530166477,5,0.08840577972612418,FIXED_HORIZON
DALBHARAT-2024-06-04,DALBHARAT,2024-06-04,2024-06-05,1694.1986894017548,2024-06-12,1872.1793367163875,5,0.10505299551227965,FIXED_HORIZON
DATAPATTNS-2024-06-04,DATAPATTNS,2024-06-04,2024-06-05,2616.066660835599,2024-06-12,2672.0612656958424,5,0.021404120047291864,FIXED_HORIZON
DEEPAKFERT-2024-06-04,DEEPAKFERT,2024-06-04,2024-06-05,521.4566265850656,2024-06-12,595.8107397076532,5,0.1425892573453722,FIXED_HORIZON
DELHIVERY-2024-06-04,DELHIVERY,2024-06-04,2024-06-05,365.8500061035156,2024-06-12,390.0,5,0.06601064232222864,FIXED_HORIZON
DIXON-2024-06-04,DIXON,2024-06-04,2024-06-05,9092.701297755824,2024-06-12,10181.826873712746,5,0.11978019955694896,FIXED_HORIZON
DLF-2024-06-04,DLF,2024-06-04,2024-06-05,757.4648511330242,2024-06-12,835.453539165864,5,0.1029601412081147,FIXED_HORIZON
EIDPARRY-2024-06-04,EIDPARRY,2024-06-04,2024-06-05,650.0,2024-06-12,713.2000122070312,5,0.09723078801081741,FIXED_HORIZON
ELECON-2024-06-04,ELECON,2024-06-04,2024-06-05,511.65682666563225,2024-06-12,588.2565846735545,5,0.14970924654149131,FIXED_HORIZON
ENGINERSIN-2024-06-04,ENGINERSIN,2024-06-04,2024-06-05,213.4647169012553,2024-06-12,238.27277181715542,5,0.11621618446375792,FIXED_HORIZON
EQUITASBNK-2024-06-04,EQUITASBNK,2024-06-04,2024-06-05,91.32807464799333,2024-06-12,96.94599101767398,5,0.061513575002361875,FIXED_HORIZON
EXIDEIND-2024-06-04,EXIDEIND,2024-06-04,2024-06-05,456.6435883032445,2024-06-12,523.1747936588221,5,0.1456961338333651,FIXED_HORIZON
FACT-2024-06-04,FACT,2024-06-04,2024-06-05,643.7051045546816,2024-06-12,777.4192577204911,5,0.2077257927887859,FIXED_HORIZON
FEDERALBNK-2024-06-04,FEDERALBNK,2024-06-04,2024-06-05,153.62132051147864,2024-06-12,165.24138962244342,5,0.07564099222865694,FIXED_HORIZON
FLUOROCHEM-2024-06-04,FLUOROCHEM,2024-06-04,2024-06-05,2893.5786931178873,2024-06-12,3179.2472464684893,5,0.09872499891917186,FIXED_HORIZON
FSL-2024-06-04,FSL,2024-06-04,2024-06-05,178.82057463806336,2024-06-12,191.16138068968385,5,0.06901222678989005,FIXED_HORIZON
GAIL-2024-06-04,GAIL,2024-06-04,2024-06-05,184.05118275941712,2024-06-12,200.6817299493974,5,0.0903582739357831,FIXED_HORIZON
GMDCLTD-2024-06-04,GMDCLTD,2024-06-04,2024-06-05,352.8103637011207,2024-06-12,373.89575592593127,5,0.059764095372982995,FIXED_HORIZON
GNFC-2024-06-04,GNFC,2024-06-04,2024-06-05,582.6660626213386,2024-06-12,650.3432948427029,5,0.11615097662783591,FIXED_HORIZON
GODREJPROP-2024-06-04,GODREJPROP,2024-06-04,2024-06-05,2602.420709881748,2024-06-12,2816.3864477188295,5,0.08221796615152366,FIXED_HORIZON
GPPL-2024-06-04,GPPL,2024-06-04,2024-06-05,172.0728407026508,2024-06-12,179.42794980108377,5,0.04274416037068218,FIXED_HORIZON
GRANULES-2024-06-04,GRANULES,2024-06-04,2024-06-05,416.690279297089,2024-06-12,470.7175900714838,5,0.12965819808787726,FIXED_HORIZON
GRASIM-2024-06-04,GRASIM,2024-06-04,2024-06-05,2234.638379173679,2024-06-12,2404.433194955586,5,0.07598312879808922,FIXED_HORIZON
GSFC-2024-06-04,GSFC,2024-06-04,2024-06-05,191.81136125502738,2024-06-12,214.030172229673,5,0.11583678270811126,FIXED_HORIZON
HAL-2024-06-04,HAL,2024-06-04,2024-06-05,4317.909625262716,2024-06-12,4767.80241276916,5,0.10419226583026742,FIXED_HORIZON
HAPPSTMNDS-2024-06-04,HAPPSTMNDS,2024-06-04,2024-06-05,754.0414250532227,2024-06-12,875.4915964640683,5,0.1610656488829818,FIXED_HORIZON
HBLENGINE-2024-06-04,HBLENGINE,2024-06-04,2024-06-05,428.03861300496465,2024-06-12,477.81053100394166,5,0.11627903765401593,FIXED_HORIZON
HDFCAMC-2024-06-04,HDFCAMC,2024-06-04,2024-06-05,1655.460017112378,2024-06-12,1806.376841780643,5,0.09116307437706017,FIXED_HORIZON
HDFCBANK-2024-06-04,HDFCBANK,2024-06-04,2024-06-05,725.06989130594,2024-06-12,764.3553074238586,5,0.05418155765254662,FIXED_HORIZON
HFCL-2024-06-04,HFCL,2024-06-04,2024-06-05,86.46885005005554,2024-06-12,107.71206308005571,5,0.2456747489726392,FIXED_HORIZON
HINDALCO-2024-06-04,HINDALCO,2024-06-04,2024-06-05,615.6757759826726,2024-06-12,661.8268686547758,5,0.07496005929166549,FIXED_HORIZON
HINDPETRO-2024-06-04,HINDPETRO,2024-06-04,2024-06-05,303.6136437821904,2024-06-12,314.6054705522487,5,0.0362033360330265,FIXED_HORIZON
HSCL-2024-06-04,HSCL,2024-06-04,2024-06-05,306.4401065854578,2024-06-12,352.8741031900367,5,0.1515271519840362,FIXED_HORIZON
HUDCO-2024-06-04,HUDCO,2024-06-04,2024-06-05,214.95622289158797,2024-06-12,263.9755962431976,5,0.228043518313644,FIXED_HORIZON
ICICIBANK-2024-06-04,ICICIBANK,2024-06-04,2024-06-05,1058.5778828175676,2024-06-12,1093.701262866966,5,0.033179778851899266,FIXED_HORIZON
ICICIGI-2024-06-04,ICICIGI,2024-06-04,2024-06-05,1504.2330394016576,2024-06-12,1632.5063577258336,5,0.08527489754858708,FIXED_HORIZON
IDBI-2024-06-04,IDBI,2024-06-04,2024-06-05,76.17336725276796,2024-06-12,83.81960213612535,5,0.10037937351495452,FIXED_HORIZON
IDFCFIRSTB-2024-06-04,IDFCFIRSTB,2024-06-04,2024-06-05,73.44315667057856,2024-06-12,77.03083942309716,5,0.0488497896217992,FIXED_HORIZON
IEX-2024-06-04,IEX,2024-06-04,2024-06-05,138.92073127607227,2024-06-12,162.4171457308948,5,0.16913540721383713,FIXED_HORIZON
IGL-2024-06-04,IGL,2024-06-04,2024-06-05,211.15620125430678,2024-06-12,226.8088681317065,5,0.07412837882297563,FIXED_HORIZON
INDHOTEL-2024-06-04,INDHOTEL,2024-06-04,2024-06-05,524.8221273370345,2024-06-12,577.7702728255347,5,0.1008877917498654,FIXED_HORIZON
INDIAMART-2024-06-04,INDIAMART,2024-06-04,2024-06-05,2266.850851702149,2024-06-12,2448.4431184485734,5,0.08010772592738902,FIXED_HORIZON
INDIANB-2024-06-04,INDIANB,2024-06-04,2024-06-05,499.48357426444517,2024-06-12,513.9792434347399,5,0.02902131304646316,FIXED_HORIZON
INDUSINDBK-2024-06-04,INDUSINDBK,2024-06-04,2024-06-05,1382.8828418965138,2024-06-12,1472.2444362091019,5,0.06461978672758395,FIXED_HORIZON
INDUSTOWER-2024-06-04,INDUSTOWER,2024-06-04,2024-06-05,307.7191652903085,2024-06-12,336.72746430022306,5,0.09426874332818214,FIXED_HORIZON
IOB-2024-06-04,IOB,2024-06-04,2024-06-05,62.099998474121094,2024-06-12,66.75,5,0.07487925346434099,FIXED_HORIZON
IOC-2024-06-04,IOC,2024-06-04,2024-06-05,141.43050194086047,2024-06-12,150.7997241416208,5,0.06624612139662833,FIXED_HORIZON
IRCON-2024-06-04,IRCON,2024-06-04,2024-06-05,230.45656543428808,2024-06-12,264.15586939694697,5,0.14622843961574117,FIXED_HORIZON
IRCTC-2024-06-04,IRCTC,2024-06-04,2024-06-05,919.3717002392121,2024-06-12,999.1478736383505,5,0.08677249188590563,FIXED_HORIZON
IRFC-2024-06-04,IRFC,2024-06-04,2024-06-05,162.29254138092915,2024-06-12,170.93848549838248,5,0.0532738229612153,FIXED_HORIZON
J&KBANK-2024-06-04,J&KBANK,2024-06-04,2024-06-05,107.66648935661851,2024-06-12,117.51989221678762,5,0.0915178243393091,FIXED_HORIZON
JBMA-2024-06-04,JBMA,2024-06-04,2024-06-05,972.9375808709287,2024-06-12,1037.7999966381367,5,0.06666657454956781,FIXED_HORIZON
JINDALSAW-2024-06-04,JINDALSAW,2024-06-04,2024-06-05,241.24111807307543,2024-06-12,271.69853603784776,5,0.12625301278676027,FIXED_HORIZON
JINDALSTEL-2024-06-04,JINDALSTEL,2024-06-04,2024-06-05,973.1788292560888,2024-06-12,1006.9800539735268,5,0.0347327990512043,FIXED_HORIZON
JIOFIN-2024-06-04,JIOFIN,2024-06-04,2024-06-05,337.68140302443675,2024-06-12,350.58099816179225,5,0.03820049023079308,FIXED_HORIZON
JMFINANCIL-2024-06-04,JMFINANCIL,2024-06-04,2024-06-05,70.43108280939853,2024-06-12,75.61827531388035,5,0.07364919432687778,FIXED_HORIZON
JSWENERGY-2024-06-04,JSWENERGY,2024-06-04,2024-06-05,571.4902726698404,2024-06-12,635.3200692041523,5,0.11169008395561542,FIXED_HORIZON
JSWINFRA-2024-06-04,JSWINFRA,2024-06-04,2024-06-05,264.93356975593343,2024-06-12,281.9603627477974,5,0.06426815977888212,FIXED_HORIZON
JSWSTEEL-2024-06-04,JSWSTEEL,2024-06-04,2024-06-05,843.2119745914765,2024-06-12,895.408426260916,5,0.06190193360895746,FIXED_HORIZON
JUBLPHARMA-2024-06-04,JUBLPHARMA,2024-06-04,2024-06-05,632.3046015200408,2024-06-12,729.0707991436283,5,0.15303731364751183,FIXED_HORIZON
JWL-2024-06-04,JWL,2024-06-04,2024-06-05,523.3526825289005,2024-06-12,658.2701384335058,5,0.2577945244355464,FIXED_HORIZON
KARURVYSYA-2024-06-04,KARURVYSYA,2024-06-04,2024-06-05,147.7355863346277,2024-06-12,171.35221738473655,5,0.15985742931710534,FIXED_HORIZON
KAYNES-2024-06-04,KAYNES,2024-06-04,2024-06-05,2850.0,2024-06-12,3653.949951171875,5,0.2820877021655701,FIXED_HORIZON
KEC-2024-06-04,KEC,2024-06-04,2024-06-05,713.708929716905,2024-06-12,799.745025433712,5,0.12054787622025898,FIXED_HORIZON
KNRCON-2024-06-04,KNRCON,2024-06-04,2024-06-05,305.38858047968864,2024-06-12,370.25868728684713,5,0.21241824663274533,FIXED_HORIZON
KOTAKBANK-2024-06-04,KOTAKBANK,2024-06-04,2024-06-05,331.19169230394675,2024-06-12,342.6560355496027,5,0.03461543122022115,FIXED_HORIZON
KPIL-2024-06-04,KPIL,2024-06-04,2024-06-05,1044.9648592643402,2024-06-12,1202.5700246841097,5,0.1508234119286309,FIXED_HORIZON
KPITTECH-2024-06-04,KPITTECH,2024-06-04,2024-06-05,1347.703244919575,2024-06-12,1457.479637757429,5,0.08145442496460342,FIXED_HORIZON
KSB-2024-06-04,KSB,2024-06-04,2024-06-05,887.3602613223438,2024-06-12,942.5738731303244,5,0.062222317377274905,FIXED_HORIZON
LAURUSLABS-2024-06-04,LAURUSLABS,2024-06-04,2024-06-05,405.3743122265887,2024-06-12,440.1349149005352,5,0.08574939660832936,FIXED_HORIZON
LEMONTREE-2024-06-04,LEMONTREE,2024-06-04,2024-06-05,134.0500030517578,2024-06-12,143.39999389648438,5,0.0697500233634194,FIXED_HORIZON
LICHSGFIN-2024-06-04,LICHSGFIN,2024-06-04,2024-06-05,563.7328853171656,2024-06-12,650.1940433962482,5,0.15337256408314381,FIXED_HORIZON
LICI-2024-06-04,LICI,2024-06-04,2024-06-05,453.65204379593274,2024-06-12,484.34309037965033,5,0.06765327524353326,FIXED_HORIZON
LLOYDSME-2024-06-04,LLOYDSME,2024-06-04,2024-06-05,655.3530783981483,2024-06-12,721.0779013307939,5,0.10028918013675003,FIXED_HORIZON
LT-2024-06-04,LT,2024-06-04,2024-06-05,3350.3814602731854,2024-06-12,3519.2879023389096,5,0.05041409286330989,FIXED_HORIZON
M&MFIN-2024-06-04,M&MFIN,2024-06-04,2024-06-05,245.90151889208394,2024-06-12,271.84740524325974,5,0.10551332284597392,FIXED_HORIZON
MAHABANK-2024-06-04,MAHABANK,2024-06-04,2024-06-05,60.48159341189511,2024-06-12,62.8820316725686,5,0.0396887404127384,FIXED_HORIZON
MAHLIFE-2024-06-04,MAHLIFE,2024-06-04,2024-06-05,535.5785118807142,2024-06-12,595.3048251458456,5,0.11151738156073332,FIXED_HORIZON
MAHSEAMLES-2024-06-04,MAHSEAMLES,2024-06-04,2024-06-05,600.61770727045,2024-06-12,659.4685428554449,5,0.09798385041367941,FIXED_HORIZON
MANAPPURAM-2024-06-04,MANAPPURAM,2024-06-04,2024-06-05,159.46077920704283,2024-06-12,177.78907146202943,5,0.11493918658950775,FIXED_HORIZON
MAZDOCK-2024-06-04,MAZDOCK,2024-06-04,2024-06-05,1323.6560889801326,2024-06-12,1571.6190644867654,5,0.18733187386890382,FIXED_HORIZON
MCX-2024-06-04,MCX,2024-06-04,2024-06-05,653.0240407902231,2024-06-12,736.7176367977831,5,0.12816311617912657,FIXED_HORIZON
MEDANTA-2024-06-04,MEDANTA,2024-06-04,2024-06-05,1115.4027436194656,2024-06-12,1234.5675470558092,5,0.10683567358786972,FIXED_HORIZON
MGL-2024-06-04,MGL,2024-06-04,2024-06-05,1226.7265696672014,2024-06-12,1346.3211364041974,5,0.09749080984643621,FIXED_HORIZON
MINDACORP-2024-06-04,MINDACORP,2024-06-04,2024-06-05,420.19139187703314,2024-06-12,438.07189787507866,5,0.042553242031379224,FIXED_HORIZON
MMTC-2024-06-04,MMTC,2024-06-04,2024-06-05,68.05000305175781,2024-06-12,73.95999908447266,5,0.08684784375718224,FIXED_HORIZON
MOTHERSON-2024-06-04,MOTHERSON,2024-06-04,2024-06-05,93.54791487974258,2024-06-12,107.3339192332907,5,0.14736837663640356,FIXED_HORIZON
MOTILALOFS-2024-06-04,MOTILALOFS,2024-06-04,2024-06-05,528.5759541761646,2024-06-12,654.7156670367185,5,0.2386406567759114,FIXED_HORIZON
MRF-2024-06-04,MRF,2024-06-04,2024-06-05,122563.70290097433,2024-06-12,125798.22219897812,5,0.026390515474366216,FIXED_HORIZON
MSUMI-2024-06-04,MSUMI,2024-06-04,2024-06-05,41.32589423862026,2024-06-12,44.26221127158416,5,0.07105271614957154,FIXED_HORIZON
NAM-INDIA-2024-06-04,NAM-INDIA,2024-06-04,2024-06-05,531.1514469656458,2024-06-12,575.39064487867,5,0.08328923542570221,FIXED_HORIZON
NATCOPHARM-2024-06-04,NATCOPHARM,2024-06-04,2024-06-05,973.0015387448486,2024-06-12,1160.6871700020959,5,0.19289345780414457,FIXED_HORIZON
NATIONALUM-2024-06-04,NATIONALUM,2024-06-04,2024-06-05,149.49210237702385,2024-06-12,166.86012481494532,5,0.11618020057085521,FIXED_HORIZON
NAVINFLUOR-2024-06-04,NAVINFLUOR,2024-06-04,2024-06-05,3065.2987059644843,2024-06-12,3460.5006072512065,5,0.12892769651379643,FIXED_HORIZON
NBCC-2024-06-04,NBCC,2024-06-04,2024-06-05,88.25156475050522,2024-06-12,102.90588732092719,5,0.1660517024468744,FIXED_HORIZON
NCC-2024-06-04,NCC,2024-06-04,2024-06-05,261.45802087265423,2024-06-12,315.2022017301868,5,0.20555567841504163,FIXED_HORIZON
NHPC-2024-06-04,NHPC,2024-06-04,2024-06-05,95.04234333623907,2024-06-12,97.64650864380367,5,0.0274000536618888,FIXED_HORIZON
NIACL-2024-06-04,NIACL,2024-06-04,2024-06-05,199.92592217092147,2024-06-12,234.93734002507063,5,0.17512195254108698,FIXED_HORIZON
NLCINDIA-2024-06-04,NLCINDIA,2024-06-04,2024-06-05,201.3594943515026,2024-06-12,226.51974159447852,5,0.12495187934399055,FIXED_HORIZON
NMDC-2024-06-04,NMDC,2024-06-04,2024-06-05,73.50330864220616,2024-06-12,78.55665721677242,5,0.0687499470148285,FIXED_HORIZON
NSLNISP-2024-06-04,NSLNISP,2024-06-04,2024-06-05,56.900001525878906,2024-06-12,59.880001068115234,5,0.05237257403026585,FIXED_HORIZON
NTPC-2024-06-04,NTPC,2024-06-04,2024-06-05,324.12384301686217,2024-06-12,352.2939958380932,5,0.08691169572417268,FIXED_HORIZON
NYKAA-2024-06-04,NYKAA,2024-06-04,2024-06-05,156.8000030517578,2024-06-12,171.9499969482422,5,0.0966198571532142,FIXED_HORIZON
OFSS-2024-06-04,OFSS,2024-06-04,2024-06-05,6790.753973853462,2024-06-12,8000.261399080735,5,0.17811091815198377,FIXED_HORIZON
OIL-2024-06-04,OIL,2024-06-04,2024-06-05,382.58826913759685,2024-06-12,412.7976201113698,5,0.07896047372771964,FIXED_HORIZON
OLECTRA-2024-06-04,OLECTRA,2024-06-04,2024-06-05,1652.9611983954408,2024-06-12,1792.0946072914858,5,0.08417221712832967,FIXED_HORIZON
ONGC-2024-06-04,ONGC,2024-06-04,2024-06-05,222.51584115076548,2024-06-12,250.44295018467844,5,0.1255061612219821,FIXED_HORIZON
PATANJALI-2024-06-04,PATANJALI,2024-06-04,2024-06-05,421.33678503670023,2024-06-12,483.8994122010882,5,0.1484860315695875,FIXED_HORIZON
PCBL-2024-06-04,PCBL,2024-06-04,2024-06-05,210.65660009482687,2024-06-12,236.92895179727103,5,0.12471648973076399,FIXED_HORIZON
PETRONET-2024-06-04,PETRONET,2024-06-04,2024-06-05,258.549125823842,2024-06-12,294.69042925552435,5,0.13978505367798677,FIXED_HORIZON
PFC-2024-06-04,PFC,2024-06-04,2024-06-05,403.13120580510815,2024-06-12,441.4771494937759,5,0.09512025647353606,FIXED_HORIZON
PNB-2024-06-04,PNB,2024-06-04,2024-06-05,111.06907729656831,2024-06-12,117.88256728841343,5,0.06134461686084092,FIXED_HORIZON
PNCINFRA-2024-06-04,PNCINFRA,2024-06-04,2024-06-05,482.7849885843669,2024-06-12,482.08734277731827,5,-0.0014450445302665038,FIXED_HORIZON
POLYCAB-2024-06-04,POLYCAB,2024-06-04,2024-06-05,6500.3726840726285,2024-06-12,6906.276647659821,5,0.0624431833857384,FIXED_HORIZON
POONAWALLA-2024-06-04,POONAWALLA,2024-06-04,2024-06-05,432.20001220703125,2024-06-12,442.0,5,0.022674658760246436,FIXED_HORIZON
POWERGRID-2024-06-04,POWERGRID,2024-06-04,2024-06-05,277.2869161546258,2024-06-12,299.3725485460228,5,0.07964902454712708,FIXED_HORIZON
PRAJIND-2024-06-04,PRAJIND,2024-06-04,2024-06-05,503.2871226026348,2024-06-12,603.9446069665855,5,0.20000011890513614,FIXED_HORIZON
PRESTIGE-2024-06-04,PRESTIGE,2024-06-04,2024-06-05,1500.9878771890515,2024-06-12,1861.3223153378706,5,0.24006485570265168,FIXED_HORIZON
RAILTEL-2024-06-04,RAILTEL,2024-06-04,2024-06-05,356.50509792410793,2024-06-12,410.56244964294325,5,0.15163135684063334,FIXED_HORIZON
RAMCOCEM-2024-06-04,RAMCOCEM,2024-06-04,2024-06-05,719.5611658186313,2024-06-12,852.3980359917257,5,0.18460817020602893,FIXED_HORIZON
RAYMOND-2024-06-04,RAYMOND,2024-06-04,2024-06-05,2137.6250639305154,2024-06-12,2529.0323878692707,5,0.18310382421277516,FIXED_HORIZON
RBLBANK-2024-06-04,RBLBANK,2024-06-04,2024-06-05,226.29560762310203,2024-06-12,250.46540012545205,5,0.10680628208482545,FIXED_HORIZON
RCF-2024-06-04,RCF,2024-06-04,2024-06-05,136.1767009730893,2024-06-12,160.54980626082516,5,0.17898146388898328,FIXED_HORIZON
RECLTD-2024-06-04,RECLTD,2024-06-04,2024-06-05,422.6607221036793,2024-06-12,458.4793615612898,5,0.0847456070186341,FIXED_HORIZON
RELIANCE-2024-06-04,RELIANCE,2024-06-04,2024-06-05,1405.0560283617258,2024-06-12,1440.1330064471847,5,0.02496482515815268,FIXED_HORIZON
RENUKA-2024-06-04,RENUKA,2024-06-04,2024-06-05,39.349998474121094,2024-06-12,44.75,5,0.13723003139200296,FIXED_HORIZON
RITES-2024-06-04,RITES,2024-06-04,2024-06-05,295.05082632325815,2024-06-12,319.03546844414615,5,0.08128986595214749,FIXED_HORIZON
RKFORGE-2024-06-04,RKFORGE,2024-06-04,2024-06-05,637.2053912084824,2024-06-12,719.843002644993,5,0.12968755848061098,FIXED_HORIZON
RTNINDIA-2024-06-04,RTNINDIA,2024-06-04,2024-06-05,67.9000015258789,2024-06-12,75.30000305175781,5,0.10898381972875981,FIXED_HORIZON
RVNL-2024-06-04,RVNL,2024-06-04,2024-06-05,350.5297146004303,2024-06-12,384.061183657055,5,0.09565941961538793,FIXED_HORIZON
SAIL-2024-06-04,SAIL,2024-06-04,2024-06-05,135.9265829981215,2024-06-12,148.27464233876964,5,0.09084359415419718,FIXED_HORIZON
SBICARD-2024-06-04,SBICARD,2024-06-04,2024-06-05,677.6938719403498,2024-06-12,708.2452296637557,5,0.045081354559002085,FIXED_HORIZON
SBILIFE-2024-06-04,SBILIFE,2024-06-04,2024-06-05,1336.594531344743,2024-06-12,1423.4083313528454,5,0.06495148526513828,FIXED_HORIZON
SBIN-2024-06-04,SBIN,2024-06-04,2024-06-05,761.4592351040986,2024-06-12,805.9960606828112,5,0.058488785118777864,FIXED_HORIZON
SCHAEFFLER-2024-06-04,SCHAEFFLER,2024-06-04,2024-06-05,4125.844902833868,2024-06-12,4347.086854013457,5,0.05362342899211425,FIXED_HORIZON
SHRIRAMFIN-2024-06-04,SHRIRAMFIN,2024-06-04,2024-06-05,433.78417711964846,2024-06-12,490.44758296087247,5,0.13062580156213222,FIXED_HORIZON
SHYAMMETL-2024-06-04,SHYAMMETL,2024-06-04,2024-06-05,546.7790809199556,2024-06-12,629.4855526968969,5,0.15126122169448708,FIXED_HORIZON
SIEMENS-2024-06-04,SIEMENS,2024-06-04,2024-06-05,3853.333204567849,2024-06-12,4027.3751520423543,5,0.04516659687467239,FIXED_HORIZON
SJVN-2024-06-04,SJVN,2024-06-04,2024-06-05,121.81523112337207,2024-06-12,128.86795621888822,5,0.05789690690134863,FIXED_HORIZON
SYRMA-2024-06-04,SYRMA,2024-06-04,2024-06-05,450.0999390623543,2024-06-12,468.23311086305904,5,0.040286990125969924,FIXED_HORIZON
TANLA-2024-06-04,TANLA,2024-06-04,2024-06-05,828.179560529974,2024-06-12,881.3925709308721,5,0.06425298683638814,FIXED_HORIZON
TATACHEM-2024-06-04,TATACHEM,2024-06-04,2024-06-05,975.8042062825663,2024-06-12,1081.5468726958766,5,0.10836463476228353,FIXED_HORIZON
TATACOMM-2024-06-04,TATACOMM,2024-06-04,2024-06-05,1615.9250217531344,2024-06-12,1833.6395894293416,5,0.13473061233992545,FIXED_HORIZON
TATAPOWER-2024-06-04,TATAPOWER,2024-06-04,2024-06-05,410.10779497499334,2024-06-12,443.5458327335355,5,0.08153475298020396,FIXED_HORIZON
TEJASNET-2024-06-04,TEJASNET,2024-06-04,2024-06-05,1059.4916526198897,2024-06-12,1360.111010260652,5,0.28373924126480543,FIXED_HORIZON
THERMAX-2024-06-04,THERMAX,2024-06-04,2024-06-05,5406.719966554929,2024-06-12,5145.345216312181,5,-0.04834257218046589,FIXED_HORIZON
TITAGARH-2024-06-04,TITAGARH,2024-06-04,2024-06-05,1212.895433005237,2024-06-12,1359.6407818219623,5,0.12098763407256685,FIXED_HORIZON
TMPV-2024-06-04,TMPV,2024-06-04,2024-06-05,903.9242667306272,2024-06-12,977.9102666539333,5,0.081849777294843,FIXED_HORIZON
TRENT-2024-06-04,TRENT,2024-06-04,2024-06-05,4674.389924028541,2024-06-12,4934.854473138291,5,0.055721613588725516,FIXED_HORIZON
TRIDENT-2024-06-04,TRIDENT,2024-06-04,2024-06-05,34.5915772026907,2024-06-12,36.907334071268686,5,0.06694568608446838,FIXED_HORIZON
TRIVENI-2024-06-04,TRIVENI,2024-06-04,2024-06-05,310.6831712793451,2024-06-12,366.80335284085857,5,0.18063476476829843,FIXED_HORIZON
TTML-2024-06-04,TTML,2024-06-04,2024-06-05,70.75,2024-06-12,76.54000091552734,5,0.08183746877070441,FIXED_HORIZON
UCOBANK-2024-06-04,UCOBANK,2024-06-04,2024-06-05,52.47823808955749,2024-06-12,54.56571726373863,5,0.03977799655961611,FIXED_HORIZON
ULTRACEMCO-2024-06-04,ULTRACEMCO,2024-06-04,2024-06-05,9671.100264737704,2024-06-12,10524.513642767935,5,0.08824366976546671,FIXED_HORIZON
UNIONBANK-2024-06-04,UNIONBANK,2024-06-04,2024-06-05,130.01883259407307,2024-06-12,134.54958019177744,5,0.03484685646924435,FIXED_HORIZON
USHAMART-2024-06-04,USHAMART,2024-06-04,2024-06-05,327.2634358316657,2024-06-12,366.2908104618239,5,0.11925369704372568,FIXED_HORIZON
VARROC-2024-06-04,VARROC,2024-06-04,2024-06-05,521.9909353433096,2024-06-12,662.9483490420731,5,0.2700380488524323,FIXED_HORIZON
VEDL-2024-06-04,VEDL,2024-06-04,2024-06-05,364.2813580051822,2024-06-12,388.8421065502779,5,0.06742246893882031,FIXED_HORIZON
VIPIND-2024-06-04,VIPIND,2024-06-04,2024-06-05,474.70001220703125,2024-06-12,485.5,5,0.022751184991035123,FIXED_HORIZON
WELSPUNLIV-2024-06-04,WELSPUNLIV,2024-06-04,2024-06-05,128.6394040113709,2024-06-12,139.5147874963622,5,0.08454161902079371,FIXED_HORIZON
YESBANK-2024-06-04,YESBANK,2024-06-04,2024-06-05,22.299999237060547,2024-06-12,23.75,5,0.06502245796177819,FIXED_HORIZON
ZEEL-2024-06-04,ZEEL,2024-06-04,2024-06-05,139.66782748536517,2024-06-12,161.0916454941199,5,0.15339121682120793,FIXED_HORIZON
PIDILITIND-2024-06-12,PIDILITIND,2024-06-12,2024-06-13,1520.730810425358,2024-06-21,1545.2587555252787,5,0.016129051198127575,FIXED_HORIZON
COROMANDEL-2024-06-21,COROMANDEL,2024-06-21,2024-06-24,1491.6577224939597,2024-07-01,1572.1920185408594,5,0.05398979593807307,FIXED_HORIZON
TIINDIA-2024-06-21,TIINDIA,2024-06-21,2024-06-24,3978.2809696188774,2024-07-01,4237.517272468909,5,0.06516289443348855,FIXED_HORIZON
HAPPSTMNDS-2024-06-25,HAPPSTMNDS,2024-06-25,2024-06-26,814.2475079889884,2024-07-03,816.2001710684416,5,0.0023981198103704138,FIXED_HORIZON
UBL-2024-06-25,UBL,2024-06-25,2024-06-26,1949.6921627328238,2024-07-03,2015.0586270873766,5,0.033526556450291345,FIXED_HORIZON
ACI-2024-06-27,ACI,2024-06-27,2024-06-28,653.8373072273328,2024-07-05,728.5219942666741,5,0.11422518448213026,FIXED_HORIZON
EQUITASBNK-2024-06-27,EQUITASBNK,2024-06-27,2024-06-28,97.10395722326737,2024-07-05,92.61161009744646,5,-0.04626327550680387,FIXED_HORIZON
ANGELONE-2024-07-02,ANGELONE,2024-07-02,2024-07-03,227.1305915772567,2024-07-10,214.88777510848897,5,-0.0539021026791251,FIXED_HORIZON
HDFCBANK-2024-07-05,HDFCBANK,2024-07-05,2024-07-08,798.4723137874327,2024-07-15,787.8926346206944,5,-0.013249901072405645,FIXED_HORIZON
AUBANK-2024-07-08,AUBANK,2024-07-08,2024-07-09,640.2731354263982,2024-07-16,642.5827430157822,5,0.003607222389310216,FIXED_HORIZON
BANKBARODA-2024-07-08,BANKBARODA,2024-07-08,2024-07-09,247.4900940176696,2024-07-16,243.27630609067518,5,-0.017026087220661013,FIXED_HORIZON
DIVISLAB-2024-07-08,DIVISLAB,2024-07-08,2024-07-09,4425.518061300988,2024-07-16,4508.285550712586,5,0.01870232778741987,FIXED_HORIZON
J&KBANK-2024-07-08,J&KBANK,2024-07-08,2024-07-09,102.61962357210129,2024-07-16,109.54103222663684,5,0.06744722318799501,FIXED_HORIZON
RADICO-2024-07-08,RADICO,2024-07-08,2024-07-09,1630.203766805076,2024-07-16,1674.9111852885146,5,0.027424435763056643,FIXED_HORIZON
TITAN-2024-07-08,TITAN,2024-07-08,2024-07-09,3150.151835479823,2024-07-16,3207.739121645585,5,0.01828079698164453,FIXED_HORIZON
RITES-2024-07-09,RITES,2024-07-09,2024-07-10,350.678273854358,2024-07-18,350.02054497341487,5,-0.0018755906196125105,FIXED_HORIZON
BANDHANBNK-2024-07-10,BANDHANBNK,2024-07-10,2024-07-11,188.9946898892466,2024-07-19,190.99333113983923,5,0.01057511854837756,FIXED_HORIZON
BLUESTARCO-2024-07-10,BLUESTARCO,2024-07-10,2024-07-11,1704.2810744380438,2024-07-19,1665.8885627144052,5,-0.022527100898716346,FIXED_HORIZON
BSE-2024-07-10,BSE,2024-07-10,2024-07-11,752.9684975843674,2024-07-19,757.608302807628,5,0.006162017718066348,FIXED_HORIZON
HINDCOPPER-2024-07-10,HINDCOPPER,2024-07-10,2024-07-11,334.2680039089563,2024-07-19,314.85567135497087,5,-0.0580741570445753,FIXED_HORIZON
IEX-2024-07-10,IEX,2024-07-10,2024-07-11,170.55236596152045,2024-07-19,165.52766959638905,5,-0.029461311408984225,FIXED_HORIZON
M&M-2024-07-10,M&M,2024-07-10,2024-07-11,2707.535667641539,2024-07-19,2768.4023957439463,5,0.022480489852762187,FIXED_HORIZON
MCX-2024-07-10,MCX,2024-07-10,2024-07-11,739.3774244443575,2024-07-19,798.9246179966044,5,0.08053693767698777,FIXED_HORIZON
DELHIVERY-2024-07-11,DELHIVERY,2024-07-11,2024-07-12,378.95001220703125,2024-07-22,374.29998779296875,5,-0.012270812150078636,FIXED_HORIZON
TATAELXSI-2024-07-11,TATAELXSI,2024-07-11,2024-07-12,6760.903133229387,2024-07-22,6779.311422073187,5,0.002722755892378359,FIXED_HORIZON
TIINDIA-2024-07-11,TIINDIA,2024-07-11,2024-07-12,4236.220967209912,2024-07-22,3978.2810369303284,5,-0.060889158586425074,FIXED_HORIZON
SUNDARMFIN-2024-07-15,SUNDARMFIN,2024-07-15,2024-07-16,4179.5951110901815,2024-07-24,4484.829953407696,5,0.0730297634590491,FIXED_HORIZON
JIOFIN-2024-07-16,JIOFIN,2024-07-16,2024-07-18,344.25570201820165,2024-07-25,331.70470128279504,5,-0.03645836702725991,FIXED_HORIZON
JWL-2024-07-16,JWL,2024-07-16,2024-07-18,662.051155595756,2024-07-25,626.8292388447866,5,-0.05320120122632288,FIXED_HORIZON
LTTS-2024-07-16,LTTS,2024-07-16,2024-07-18,4732.838529511455,2024-07-25,5000.210720366255,5,0.056492988127021526,FIXED_HORIZON
ABB-2024-07-18,ABB,2024-07-18,2024-07-19,7703.887770856571,2024-07-26,7507.829556054436,5,-0.02544925635389106,FIXED_HORIZON
APARINDS-2024-07-18,APARINDS,2024-07-18,2024-07-19,8487.277521149743,2024-07-26,7938.864639489602,5,-0.06461587715183481,FIXED_HORIZON
AWL-2024-07-18,AWL,2024-07-18,2024-07-19,323.31106744084053,2024-07-26,323.7587558452092,5,0.0013846986677947815,FIXED_HORIZON
CGPOWER-2024-07-18,CGPOWER,2024-07-18,2024-07-19,687.1131180639304,2024-07-26,729.9331934418228,5,0.062318815129808636,FIXED_HORIZON
DIXON-2024-07-18,DIXON,2024-07-18,2024-07-19,11936.268174091536,2024-07-26,10961.200729402792,5,-0.08168947199135435,FIXED_HORIZON
FINCABLES-2024-07-18,FINCABLES,2024-07-18,2024-07-19,1549.6960095653574,2024-07-26,1516.845438920262,5,-0.02119807397213913,FIXED_HORIZON
HAL-2024-07-18,HAL,2024-07-18,2024-07-19,4893.009260992266,2024-07-26,4736.745329778975,5,-0.03193616093454954,FIXED_HORIZON
INDIANB-2024-07-18,INDIANB,2024-07-18,2024-07-19,543.2418055833216,2024-07-26,544.196495724495,5,0.0017573944629467597,FIXED_HORIZON
ITI-2024-07-18,ITI,2024-07-18,2024-07-19,304.29998779296875,2024-07-26,305.0,5,0.002300401692777898,FIXED_HORIZON
KEI-2024-07-18,KEI,2024-07-18,2024-07-19,4255.001969922728,2024-07-26,4240.9818849253315,5,-0.0032949655714614723,FIXED_HORIZON
NATIONALUM-2024-07-18,NATIONALUM,2024-07-18,2024-07-19,173.86186801489916,2024-07-26,167.45119013913262,5,-0.03687224777325626,FIXED_HORIZON
RATNAMANI-2024-07-18,RATNAMANI,2024-07-18,2024-07-19,3475.042892582859,2024-07-26,3487.4150608248947,5,0.0035602922393973557,FIXED_HORIZON
SIEMENS-2024-07-18,SIEMENS,2024-07-18,2024-07-19,4147.748624670893,2024-07-26,4005.051925102219,5,-0.034403410737071094,FIXED_HORIZON
TRENT-2024-07-18,TRENT,2024-07-18,2024-07-19,5297.608746928956,2024-07-26,5349.002994048027,5,0.00970140483644899,FIXED_HORIZON
ZEEL-2024-07-18,ZEEL,2024-07-18,2024-07-19,138.93910642661075,2024-07-26,136.51010860038534,5,-0.017482463279756555,FIXED_HORIZON
APOLLOTYRE-2024-07-19,APOLLOTYRE,2024-07-19,2024-07-22,511.9378672825788,2024-07-29,544.1782206650714,5,0.06297708265580715,FIXED_HORIZON
ASTERDM-2024-07-19,ASTERDM,2024-07-19,2024-07-22,310.8712195473293,2024-07-29,325.728279628859,5,0.04779168719176896,FIXED_HORIZON
BORORENEW-2024-07-19,BORORENEW,2024-07-19,2024-07-22,470.1499938964844,2024-07-29,543.0,5,0.15495056269118113,FIXED_HORIZON
BPCL-2024-07-19,BPCL,2024-07-19,2024-07-22,271.61394979875456,2024-07-29,297.34395895349905,5,0.09473007249373055,FIXED_HORIZON
CHENNPETRO-2024-07-19,CHENNPETRO,2024-07-19,2024-07-22,976.7025135348807,2024-07-29,962.5939583284348,5,-0.014445089483167362,FIXED_HORIZON
CUMMINSIND-2024-07-19,CUMMINSIND,2024-07-19,2024-07-22,3444.9383459910127,2024-07-29,3624.7165208674623,5,0.05218618065709757,FIXED_HORIZON
DALBHARAT-2024-07-19,DALBHARAT,2024-07-19,2024-07-22,1785.0240718669268,2024-07-29,1804.8357220994842,5,0.011098814041110794,FIXED_HORIZON
DLF-2024-07-19,DLF,2024-07-19,2024-07-22,794.558221580067,2024-07-29,812.9830211613328,5,0.023188734419770984,FIXED_HORIZON
EIHOTEL-2024-07-19,EIHOTEL,2024-07-19,2024-07-22,393.26096732928806,2024-07-29,420.6517746203261,5,0.06965046004197761,FIXED_HORIZON
EXIDEIND-2024-07-19,EXIDEIND,2024-07-19,2024-07-22,532.6421014216984,2024-07-29,551.4529333700495,5,0.03531608165810085,FIXED_HORIZON
FINPIPE-2024-07-19,FINPIPE,2024-07-19,2024-07-22,308.2898044087204,2024-07-29,319.99700325554915,5,0.03797465462499616,FIXED_HORIZON
HAVELLS-2024-07-19,HAVELLS,2024-07-19,2024-07-22,1742.715576509108,2024-07-29,1828.4714977840213,5,0.04920821414053922,FIXED_HORIZON
HINDPETRO-2024-07-19,HINDPETRO,2024-07-19,2024-07-22,304.66826403030865,2024-07-29,344.01620134666575,5,0.12915010180529585,FIXED_HORIZON
IOB-2024-07-19,IOB,2024-07-19,2024-07-22,64.0999984741211,2024-07-29,68.91000366210938,5,0.07503908428219708,FIXED_HORIZON
JINDALSAW-2024-07-19,JINDALSAW,2024-07-19,2024-07-22,267.52614448796083,2024-07-29,285.19758132408407,5,0.06605499013917293,FIXED_HORIZON
JINDALSTEL-2024-07-19,JINDALSTEL,2024-07-19,2024-07-22,936.4944470564536,2024-07-29,973.7752354073334,5,0.039808872832144404,FIXED_HORIZON
JSL-2024-07-19,JSL,2024-07-19,2024-07-22,735.6940417676229,2024-07-29,756.2890489183208,5,0.027993983886582807,FIXED_HORIZON
JSWINFRA-2024-07-19,JSWINFRA,2024-07-19,2024-07-22,318.62039468784013,2024-07-29,345.0726402214284,5,0.08302119379239414,FIXED_HORIZON
JSWSTEEL-2024-07-19,JSWSTEEL,2024-07-19,2024-07-22,868.1621111425791,2024-07-29,902.2738288275162,5,0.03929187561530778,FIXED_HORIZON
LAURUSLABS-2024-07-19,LAURUSLABS,2024-07-19,2024-07-22,438.9397797629423,2024-07-29,448.20260261484896,5,0.021102719049317376,FIXED_HORIZON
MCX-2024-07-19,MCX,2024-07-19,2024-07-22,757.3210196002219,2024-07-29,828.6981255635131,5,0.09424947164541941,FIXED_HORIZON
MRF-2024-07-19,MRF,2024-07-19,2024-07-22,127513.56525084391,2024-07-29,138414.91037975185,5,0.0854916502998162,FIXED_HORIZON
MRPL-2024-07-19,MRPL,2024-07-19,2024-07-22,208.47413673642987,2024-07-29,209.45349237449324,5,0.004697732070724658,FIXED_HORIZON
PERSISTENT-2024-07-19,PERSISTENT,2024-07-19,2024-07-22,4524.033518688998,2024-07-29,4761.1196204452,5,0.052405911843223185,FIXED_HORIZON
PIDILITIND-2024-07-19,PIDILITIND,2024-07-19,2024-07-22,1540.3532151762026,2024-07-29,1549.3346767285268,5,0.0058307805403559065,FIXED_HORIZON
RRKABEL-2024-07-19,RRKABEL,2024-07-19,2024-07-22,1705.395439933549,2024-07-29,1754.248809759494,5,0.02864635889248568,FIXED_HORIZON
SWSOLAR-2024-07-19,SWSOLAR,2024-07-19,2024-07-22,630.2000122070312,2024-07-29,694.0,5,0.101237680985651,FIXED_HORIZON
SYNGENE-2024-07-19,SYNGENE,2024-07-19,2024-07-22,746.2863261683423,2024-07-29,782.2645937070741,5,0.04820973703679532,FIXED_HORIZON
TATACOMM-2024-07-19,TATACOMM,2024-07-19,2024-07-22,1742.9456272605485,2024-07-29,1850.2533042002576,5,0.061566852838873976,FIXED_HORIZON
TATAPOWER-2024-07-19,TATAPOWER,2024-07-19,2024-07-22,410.03105769085454,2024-07-29,441.5985101267923,5,0.07698795455572105,FIXED_HORIZON
TATASTEEL-2024-07-19,TATASTEEL,2024-07-19,2024-07-22,151.66249305680057,2024-07-29,157.69451536236318,5,0.0397726701176111,FIXED_HORIZON
UCOBANK-2024-07-19,UCOBANK,2024-07-19,2024-07-22,53.40061169838643,2024-07-29,56.31337265607178,5,0.05454546053024645,FIXED_HORIZON
ZENSARTECH-2024-07-19,ZENSARTECH,2024-07-19,2024-07-22,710.757905563352,2024-07-29,780.684225345068,5,0.09838275344442615,FIXED_HORIZON
BLUEDART-2024-07-22,BLUEDART,2024-07-22,2024-07-23,7781.827516095272,2024-07-30,7693.95832692225,5,-0.011291587868181407,FIXED_HORIZON
JUBLPHARMA-2024-07-22,JUBLPHARMA,2024-07-22,2024-07-23,707.2552916890575,2024-07-30,713.9526044380352,5,0.009469441696199121,FIXED_HORIZON
KOTAKBANK-2024-07-22,KOTAKBANK,2024-07-22,2024-07-23,352.78348138771736,2024-07-30,357.74918004595776,5,0.014075768623596607,FIXED_HORIZON
PHOENIXLTD-2024-07-22,PHOENIXLTD,2024-07-22,2024-07-23,1853.362638343126,2024-07-30,1808.9476111173035,5,-0.023964563818729356,FIXED_HORIZON
RELIANCE-2024-07-22,RELIANCE,2024-07-22,2024-07-23,1483.1146576505776,2024-07-30,1498.9488223237445,5,0.010676291675419058,FIXED_HORIZON
TEJASNET-2024-07-22,TEJASNET,2024-07-22,2024-07-23,1317.1654401102514,2024-07-30,1288.319114238065,5,-0.02190030575792512,FIXED_HORIZON
WIPRO-2024-07-22,WIPRO,2024-07-22,2024-07-23,235.41119552211305,2024-07-30,243.0110999561439,5,0.032283530174404884,FIXED_HORIZON
BEL-2024-07-23,BEL,2024-07-23,2024-07-24,297.653811743054,2024-07-31,314.77505212781585,5,0.05752064885210184,FIXED_HORIZON
HINDALCO-2024-07-23,HINDALCO,2024-07-23,2024-07-24,641.206159455382,2024-07-31,654.9532693643064,5,0.021439453920094387,FIXED_HORIZON
IRCON-2024-07-23,IRCON,2024-07-23,2024-07-24,286.2497640471403,2024-07-31,286.92961350944523,5,0.0023750219133560346,FIXED_HORIZON
IRCTC-2024-07-23,IRCTC,2024-07-23,2024-07-24,948.2663473288775,2024-07-31,963.1513569252298,5,0.015697076710864177,FIXED_HORIZON
LICI-2024-07-23,LICI,2024-07-23,2024-07-24,525.5485427610536,2024-07-31,572.847928560643,5,0.0900000322540988,FIXED_HORIZON
LT-2024-07-23,LT,2024-07-23,2024-07-24,3482.1949818901894,2024-07-31,3705.952149876589,5,0.06425750687428211,FIXED_HORIZON
MANAPPURAM-2024-07-23,MANAPPURAM,2024-07-23,2024-07-24,196.99241067404614,2024-07-31,208.0865763970727,5,0.056317731658117154,FIXED_HORIZON
MUTHOOTFIN-2024-07-23,MUTHOOTFIN,2024-07-23,2024-07-24,1699.7500119097272,2024-07-31,1771.5567494357756,5,0.04224546964136877,FIXED_HORIZON
BAJAJFINSV-2024-07-24,BAJAJFINSV,2024-07-24,2024-07-25,1563.5033767207476,2024-08-01,1652.7837406649592,5,0.05710276375063916,FIXED_HORIZON
DABUR-2024-07-24,DABUR,2024-07-24,2024-07-25,605.018248660432,2024-08-01,617.9794819031979,5,0.021422879841167086,FIXED_HORIZON
NESTLEIND-2024-07-24,NESTLEIND,2024-07-24,2024-07-25,1246.258120653827,2024-08-01,1207.1778469116407,5,-0.03135808954382868,FIXED_HORIZON
AXISBANK-2024-07-25,AXISBANK,2024-07-25,2024-07-26,1163.1081895407196,2024-08-02,1162.109875166186,5,-0.000858316004917814,FIXED_HORIZON
M&MFIN-2024-07-25,M&MFIN,2024-07-25,2024-07-26,276.69622793174085,2024-08-02,291.0582900205875,5,0.05190552179261965,FIXED_HORIZON
POONAWALLA-2024-07-25,POONAWALLA,2024-07-25,2024-07-26,370.0,2024-08-02,357.8999938964844,5,-0.03270271919869083,FIXED_HORIZON
SAPPHIRE-2024-07-25,SAPPHIRE,2024-07-25,2024-07-26,319.79998779296875,2024-08-02,337.989990234375,5,0.05687930936752261,FIXED_HORIZON
CYIENT-2024-07-26,CYIENT,2024-07-26,2024-07-29,1736.0044624679601,2024-08-05,1648.811444253639,5,-0.05022626387167506,FIXED_HORIZON
FEDERALBNK-2024-07-26,FEDERALBNK,2024-07-26,2024-07-29,196.17246562679293,2024-08-05,190.10638649193191,5,-0.030922174095529775,FIXED_HORIZON
MANKIND-2024-07-26,MANKIND,2024-07-26,2024-07-29,2084.1783419455132,2024-08-05,1900.3009547381446,5,-0.08822536128828828,FIXED_HORIZON
UBL-2024-07-26,UBL,2024-07-26,2024-07-29,2019.1573175228343,2024-08-05,1940.8210616719275,5,-0.038796509400769286,FIXED_HORIZON
CSBBANK-2024-07-29,CSBBANK,2024-07-29,2024-07-30,352.0,2024-08-06,331.0,5,-0.05965909090909094,FIXED_HORIZON
EQUITASBNK-2024-07-29,EQUITASBNK,2024-07-29,2024-07-30,81.52388715742417,2024-08-06,79.6282145438549,5,-0.02325297136419291,FIXED_HORIZON
LXCHEM-2024-07-29,LXCHEM,2024-07-29,2024-07-30,257.86172213638775,2024-08-06,240.18629820222267,5,-0.06854613312795699,FIXED_HORIZON
EXIDEIND-2024-07-30,EXIDEIND,2024-07-30,2024-07-31,532.3451798516695,2024-08-07,485.02115499660636,5,-0.08889725434961082,FIXED_HORIZON
VBL-2024-07-30,VBL,2024-07-30,2024-07-31,635.1378439891637,2024-08-07,595.4168273184712,5,-0.0625392063260054,FIXED_HORIZON
BSOFT-2024-07-31,BSOFT,2024-07-31,2024-08-01,652.4959390738147,2024-08-08,558.1231081373895,5,-0.14463359123795116,FIXED_HORIZON
FINEORG-2024-07-31,FINEORG,2024-07-31,2024-08-01,5565.6917052828085,2024-08-08,5289.543602482819,5,-0.049616133523507466,FIXED_HORIZON
INDIAMART-2024-07-31,INDIAMART,2024-07-31,2024-08-01,2814.1530725414777,2024-08-08,2617.9940120856763,5,-0.06970447427674897,FIXED_HORIZON
POLYMED-2024-07-31,POLYMED,2024-07-31,2024-08-01,1865.4997982999444,2024-08-08,1869.8778879616634,5,0.0023468722246493545,FIXED_HORIZON
ABCAPITAL-2024-08-01,ABCAPITAL,2024-08-01,2024-08-02,217.0,2024-08-09,212.5500030517578,5,-0.02050689837899622,FIXED_HORIZON
ACC-2024-08-01,ACC,2024-08-01,2024-08-02,2460.7212264734244,2024-08-09,2352.4378740635902,5,-0.044004721560849114,FIXED_HORIZON
AMBUJACEM-2024-08-01,AMBUJACEM,2024-08-01,2024-08-02,655.3452555403103,2024-08-09,639.4821094561227,5,-0.02420578458465983,FIXED_HORIZON
CLEAN-2024-08-01,CLEAN,2024-08-01,2024-08-02,1545.057408362933,2024-08-09,1596.8269381333305,5,0.03350654123929919,FIXED_HORIZON
KRBL-2024-08-01,KRBL,2024-08-01,2024-08-02,285.6860851659262,2024-08-09,276.88068339644195,5,-0.03082194837865515,FIXED_HORIZON
REDINGTON-2024-08-01,REDINGTON,2024-08-01,2024-08-02,194.31309358256902,2024-08-09,181.86940995869736,5,-0.06403934698607427,FIXED_HORIZON
RRKABEL-2024-08-01,RRKABEL,2024-08-01,2024-08-02,1723.2015772013478,2024-08-09,1667.6432429140832,5,-0.032241343683944934,FIXED_HORIZON
SONATSOFTW-2024-08-01,SONATSOFTW,2024-08-01,2024-08-02,640.0268500380037,2024-08-09,602.2311839455771,5,-0.05905325079749757,FIXED_HORIZON
CUMMINSIND-2024-08-02,CUMMINSIND,2024-08-02,2024-08-05,3334.739306834855,2024-08-12,3580.9866101202583,5,0.07384304457643709,FIXED_HORIZON
EICHERMOT-2024-08-02,EICHERMOT,2024-08-02,2024-08-05,4456.547562828282,2024-08-12,4688.472772592401,5,0.05204145282742845,FIXED_HORIZON
EMAMILTD-2024-08-02,EMAMILTD,2024-08-02,2024-08-05,739.555723047651,2024-08-12,769.659189705698,5,0.0407047984619644,FIXED_HORIZON
ESCORTS-2024-08-02,ESCORTS,2024-08-02,2024-08-05,3725.8850964010553,2024-08-12,3594.164158446923,5,-0.03535292542471735,FIXED_HORIZON
GODREJPROP-2024-08-02,GODREJPROP,2024-08-02,2024-08-05,2910.9293433222106,2024-08-12,2912.9197466661603,5,0.0006837690335961266,FIXED_HORIZON
GRAPHITE-2024-08-02,GRAPHITE,2024-08-02,2024-08-05,487.5860659470351,2024-08-12,519.2765284432926,5,0.06499460240871602,FIXED_HORIZON
JSWSTEEL-2024-08-02,JSWSTEEL,2024-08-02,2024-08-05,876.5908895665705,2024-08-12,897.2165143544057,5,0.023529362480636307,FIXED_HORIZON
MARUTI-2024-08-02,MARUTI,2024-08-02,2024-08-05,12233.40239737403,2024-08-12,11949.360333957997,5,-0.023218566200111646,FIXED_HORIZON
TECHM-2024-08-02,TECHM,2024-08-02,2024-08-05,1380.0811756904766,2024-08-12,1414.5363029690222,5,0.02496601496017603,FIXED_HORIZON
TMPV-2024-08-02,TMPV,2024-08-02,2024-08-05,1042.268437039737,2024-08-12,1047.2342167564427,5,0.004764396138493554,FIXED_HORIZON
UPL-2024-08-02,UPL,2024-08-02,2024-08-05,509.46178497855794,2024-08-12,542.2410396260859,5,0.06434094884841568,FIXED_HORIZON
VIPIND-2024-08-02,VIPIND,2024-08-02,2024-08-05,451.95001220703125,2024-08-12,449.5,5,-0.005420980508589857,FIXED_HORIZON
AARTIIND-2024-08-05,AARTIIND,2024-08-05,2024-08-06,711.403406957559,2024-08-13,714.0962570018715,5,0.0037852644757900844,FIXED_HORIZON
AAVAS-2024-08-05,AAVAS,2024-08-05,2024-08-06,1660.0,2024-08-13,1730.949951171875,5,0.042740934440888445,FIXED_HORIZON
ADANIENSOL-2024-08-05,ADANIENSOL,2024-08-05,2024-08-06,1171.0,2024-08-13,1092.0,5,-0.06746370623398801,FIXED_HORIZON
ADANIENT-2024-08-05,ADANIENT,2024-08-05,2024-08-06,3081.0943338509283,2024-08-13,3167.063121643512,5,0.02790203040785677,FIXED_HORIZON
ADANIGREEN-2024-08-05,ADANIGREEN,2024-08-05,2024-08-06,1800.0,2024-08-13,1816.199951171875,5,0.008999972873263928,FIXED_HORIZON
ADANIPORTS-2024-08-05,ADANIPORTS,2024-08-05,2024-08-06,1511.148390901911,2024-08-13,1492.2700397900596,5,-0.012492718270099235,FIXED_HORIZON
ADANIPOWER-2024-08-05,ADANIPOWER,2024-08-05,2024-08-06,139.38999938964844,2024-08-13,138.5,5,-0.006384958702528976,FIXED_HORIZON
ARE&M-2024-08-05,ARE&M,2024-08-05,2024-08-06,1504.466267590797,2024-08-13,1579.748085000542,5,0.050038886900600765,FIXED_HORIZON
BALAMINES-2024-08-05,BALAMINES,2024-08-05,2024-08-06,2274.326056037228,2024-08-13,2175.5371496100647,5,-0.043436562741268836,FIXED_HORIZON
BHARATFORG-2024-08-05,BHARATFORG,2024-08-05,2024-08-06,1550.6686803502548,2024-08-13,1577.3207275060115,5,0.017187454350168885,FIXED_HORIZON
BIKAJI-2024-08-05,BIKAJI,2024-08-05,2024-08-06,714.6000041621143,2024-08-13,860.8791946720896,5,0.2047007971704271,FIXED_HORIZON
BORORENEW-2024-08-05,BORORENEW,2024-08-05,2024-08-06,515.0499877929688,2024-08-13,507.0,5,-0.015629527198832927,FIXED_HORIZON
BOSCHLTD-2024-08-05,BOSCHLTD,2024-08-05,2024-08-06,31713.243319563087,2024-08-13,31155.335993809615,5,-0.017592250661076836,FIXED_HORIZON
BSE-2024-08-05,BSE,2024-08-05,2024-08-06,807.104664875838,2024-08-13,857.6947921706353,5,0.06268099974689134,FIXED_HORIZON
CAMS-2024-08-05,CAMS,2024-08-05,2024-08-06,771.5280461158837,2024-08-13,823.8934717981872,5,0.06787235531608671,FIXED_HORIZON
CANBK-2024-08-05,CANBK,2024-08-05,2024-08-06,99.76642978472657,2024-08-13,101.86923551308946,5,0.021077287549532198,FIXED_HORIZON
CANFINHOME-2024-08-05,CANFINHOME,2024-08-05,2024-08-06,767.9127454461656,2024-08-13,787.8264641633876,5,0.025932267481316496,FIXED_HORIZON
CAPLIPOINT-2024-08-05,CAPLIPOINT,2024-08-05,2024-08-06,1544.1097818242927,2024-08-13,1559.9643777069994,5,0.010267790586738768,FIXED_HORIZON
CDSL-2024-08-05,CDSL,2024-08-05,2024-08-06,1157.6896102933833,2024-08-13,1272.9154842274486,5,0.09953088713032887,FIXED_HORIZON
CENTRALBK-2024-08-05,CENTRALBK,2024-08-05,2024-08-06,57.82982584652256,2024-08-13,57.14550763316071,5,-0.011833309254259072,FIXED_HORIZON
CHOLAHLDNG-2024-08-05,CHOLAHLDNG,2024-08-05,2024-08-06,1467.8288227630806,2024-08-13,1532.8327063717275,5,0.044285738636935745,FIXED_HORIZON
CONCOR-2024-08-05,CONCOR,2024-08-05,2024-08-06,961.6712634681138,2024-08-13,952.8674155806231,5,-0.009154737405525748,FIXED_HORIZON
ENDURANCE-2024-08-05,ENDURANCE,2024-08-05,2024-08-06,2429.5247471762236,2024-08-13,2534.600307073816,5,0.043249429757700186,FIXED_HORIZON
ERIS-2024-08-05,ERIS,2024-08-05,2024-08-06,1068.4677394108855,2024-08-13,1178.053961984699,5,0.10256390392679093,FIXED_HORIZON
FINPIPE-2024-08-05,FINPIPE,2024-08-05,2024-08-06,283.02175056392167,2024-08-13,283.8022395181917,5,0.0027576995503522106,FIXED_HORIZON
FLUOROCHEM-2024-08-05,FLUOROCHEM,2024-08-05,2024-08-06,3209.9008857025024,2024-08-13,3394.821607254131,5,0.0576094802102145,FIXED_HORIZON
GILLETTE-2024-08-05,GILLETTE,2024-08-05,2024-08-06,7267.313104569282,2024-08-13,7542.208653040924,5,0.037826297631074146,FIXED_HORIZON
GMRAIRPORT-2024-08-05,GMRAIRPORT,2024-08-05,2024-08-06,93.29000091552734,2024-08-13,97.5,5,0.045128084930396106,FIXED_HORIZON
HAPPSTMNDS-2024-08-05,HAPPSTMNDS,2024-08-05,2024-08-06,762.4051429062073,2024-08-13,746.881701714937,5,-0.020361144380659058,FIXED_HORIZON
HINDALCO-2024-08-05,HINDALCO,2024-08-05,2024-08-06,613.7118586520561,2024-08-13,626.5131892183986,5,0.020858861346526814,FIXED_HORIZON
HINDCOPPER-2024-08-05,HINDCOPPER,2024-08-05,2024-08-06,292.1750006966378,2024-08-13,310.94354875111,5,0.06423735093598704,FIXED_HORIZON
HINDZINC-2024-08-05,HINDZINC,2024-08-05,2024-08-06,571.0548974470018,2024-08-13,573.8405406031115,5,0.004878065433924883,FIXED_HORIZON
HOMEFIRST-2024-08-05,HOMEFIRST,2024-08-05,2024-08-06,999.4714735783896,2024-08-13,1020.9045618966495,5,0.02144442226202159,FIXED_HORIZON
IDFCFIRSTB-2024-08-05,IDFCFIRSTB,2024-08-05,2024-08-06,72.14125427498931,2024-08-13,71.55489748422409,5,-0.0081278984772033,FIXED_HORIZON
INFY-2024-08-05,INFY,2024-08-05,2024-08-06,1654.5551502330297,2024-08-13,1701.366147109179,5,0.02829219495618296,FIXED_HORIZON
J&KBANK-2024-08-05,J&KBANK,2024-08-05,2024-08-06,108.14714603181359,2024-08-13,109.43331772054232,5,0.01189279362351714,FIXED_HORIZON
JINDALSTEL-2024-08-05,JINDALSTEL,2024-08-05,2024-08-06,913.728300553468,2024-08-13,916.1142733962669,5,0.0026112498007926366,FIXED_HORIZON
JSL-2024-08-05,JSL,2024-08-05,2024-08-06,682.551774297654,2024-08-13,682.9469532361982,5,0.0005789728390213078,FIXED_HORIZON
KEC-2024-08-05,KEC,2024-08-05,2024-08-06,822.7694929562164,2024-08-13,821.1939528562538,5,-0.0019149228471047053,FIXED_HORIZON
KNRCON-2024-08-05,KNRCON,2024-08-05,2024-08-06,367.2646577187582,2024-08-13,361.27667700714744,5,-0.016304266108273846,FIXED_HORIZON
LATENTVIEW-2024-08-05,LATENTVIEW,2024-08-05,2024-08-06,486.1000061035156,2024-08-13,494.29998779296875,5,0.01686891912465205,FIXED_HORIZON
LICHSGFIN-2024-08-05,LICHSGFIN,2024-08-05,2024-08-06,655.4701121545032,2024-08-13,622.1024454306711,5,-0.05090646561161116,FIXED_HORIZON
LLOYDSME-2024-08-05,LLOYDSME,2024-08-05,2024-08-06,731.2507752226805,2024-08-13,767.9667535744757,5,0.05020983169640325,FIXED_HORIZON
M&MFIN-2024-08-05,M&MFIN,2024-08-05,2024-08-06,280.51338797799735,2024-08-13,286.09595150677166,5,0.019901237402659033,FIXED_HORIZON
MOTHERSON-2024-08-05,MOTHERSON,2024-08-05,2024-08-06,119.83323489914149,2024-08-13,124.1725536084725,5,0.03621131243751563,FIXED_HORIZON
MOTILALOFS-2024-08-05,MOTILALOFS,2024-08-05,2024-08-06,610.2739278117729,2024-08-13,591.6703476573795,5,-0.030483983186205044,FIXED_HORIZON
NATIONALUM-2024-08-05,NATIONALUM,2024-08-05,2024-08-06,160.90407550375184,2024-08-13,159.58555996556623,5,-0.008194419774997352,FIXED_HORIZON
NCC-2024-08-05,NCC,2024-08-05,2024-08-06,316.6063060236356,2024-08-13,312.8296852704003,5,-0.011928444510998948,FIXED_HORIZON
NSLNISP-2024-08-05,NSLNISP,2024-08-05,2024-08-06,54.04999923706055,2024-08-13,54.81999969482422,5,0.014246077125486867,FIXED_HORIZON
NUVAMA-2024-08-05,NUVAMA,2024-08-05,2024-08-06,1172.5331234860848,2024-08-13,1200.7701065373915,5,0.02408203443102286,FIXED_HORIZON
OLECTRA-2024-08-05,OLECTRA,2024-08-05,2024-08-06,1583.2444154270481,2024-08-13,1614.229621091068,5,0.019570702642056848,FIXED_HORIZON
PFC-2024-08-05,PFC,2024-08-05,2024-08-06,460.89565981509844,2024-08-13,447.2327083442009,5,-0.029644348302995227,FIXED_HORIZON
PGHH-2024-08-05,PGHH,2024-08-05,2024-08-06,16333.824263385799,2024-08-13,16603.53439157816,5,0.01651236868006145,FIXED_HORIZON
PNB-2024-08-05,PNB,2024-08-05,2024-08-06,109.54788908237038,2024-08-13,108.90570655482465,5,-0.005862116859804201,FIXED_HORIZON
PNBHOUSING-2024-08-05,PNBHOUSING,2024-08-05,2024-08-06,772.9976782946676,2024-08-13,827.2951212431972,5,0.0702426986175646,FIXED_HORIZON
RATNAMANI-2024-08-05,RATNAMANI,2024-08-05,2024-08-06,3448.4254957136313,2024-08-13,3575.597283739805,5,0.03687821824315107,FIXED_HORIZON
RELIANCE-2024-08-05,RELIANCE,2024-08-05,2024-08-06,1437.8110173129378,2024-08-13,1443.3444377180147,5,0.003848503272299242,FIXED_HORIZON
RKFORGE-2024-08-05,RKFORGE,2024-08-05,2024-08-06,856.2447393202831,2024-08-13,923.6988662074721,5,0.07877902635727296,FIXED_HORIZON
RTNINDIA-2024-08-05,RTNINDIA,2024-08-05,2024-08-06,72.69999694824219,2024-08-13,89.4800033569336,5,0.23081165217431465,FIXED_HORIZON
SAIL-2024-08-05,SAIL,2024-08-05,2024-08-06,136.5047761549944,2024-08-13,129.55655050677694,5,-0.05090097096916302,FIXED_HORIZON
SAREGAMA-2024-08-05,SAREGAMA,2024-08-05,2024-08-06,487.1984579004524,2024-08-13,483.47191050441637,5,-0.007648931016931648,FIXED_HORIZON
SBIN-2024-08-05,SBIN,2024-08-05,2024-08-06,792.1776770526977,2024-08-13,783.3665819906377,5,-0.011122624781402357,FIXED_HORIZON
SHYAMMETL-2024-08-05,SHYAMMETL,2024-08-05,2024-08-06,688.0058257200448,2024-08-13,736.6248048575555,5,0.07066652246240457,FIXED_HORIZON
SONACOMS-2024-08-05,SONACOMS,2024-08-05,2024-08-06,647.2905276799212,2024-08-13,656.6214384898893,5,0.014415336562104253,FIXED_HORIZON
SPARC-2024-08-05,SPARC,2024-08-05,2024-08-06,221.0,2024-08-13,215.8000030517578,5,-0.023529397955846965,FIXED_HORIZON
SUZLON-2024-08-05,SUZLON,2024-08-05,2024-08-06,68.75,2024-08-13,81.97000122070312,5,0.19229092684659088,FIXED_HORIZON
TANLA-2024-08-05,TANLA,2024-08-05,2024-08-06,881.0463913067091,2024-08-13,880.9506966210372,5,-0.00010861480918156197,FIXED_HORIZON
TATAINVEST-2024-08-05,TATAINVEST,2024-08-05,2024-08-06,594.5878821301447,2024-08-13,603.4918342196534,5,0.014974997569088933,FIXED_HORIZON
TATAPOWER-2024-08-05,TATAPOWER,2024-08-05,2024-08-06,432.7556444240326,2024-08-13,414.97119050922385,5,-0.04109583351241697,FIXED_HORIZON
TATASTEEL-2024-08-05,TATASTEEL,2024-08-05,2024-08-06,144.7783367837013,2024-08-13,145.63047903238453,5,0.005885840848940838,FIXED_HORIZON
TATATECH-2024-08-05,TATATECH,2024-08-05,2024-08-06,946.5546190150171,2024-08-13,962.7951437510023,5,0.017157514642826444,FIXED_HORIZON
TITAGARH-2024-08-05,TITAGARH,2024-08-05,2024-08-06,1422.5315013462962,2024-08-13,1460.9647858182013,5,0.027017527861795454,FIXED_HORIZON
TRIDENT-2024-08-05,TRIDENT,2024-08-05,2024-08-06,35.70121127515692,2024-08-13,36.231903611310806,5,0.014864827192100583,FIXED_HORIZON
TVSMOTOR-2024-08-05,TVSMOTOR,2024-08-05,2024-08-06,2495.7906395999635,2024-08-13,2569.2284358328843,5,0.029424662096133147,FIXED_HORIZON
UNIONBANK-2024-08-05,UNIONBANK,2024-08-05,2024-08-06,119.3160283112507,2024-08-13,114.61854721938072,5,-0.03937007590980168,FIXED_HORIZON
UTIAMC-2024-08-05,UTIAMC,2024-08-05,2024-08-06,920.1732598282184,2024-08-13,960.3828965130336,5,0.043697897385457374,FIXED_HORIZON
VARROC-2024-08-05,VARROC,2024-08-05,2024-08-06,625.5423547136504,2024-08-13,549.4850954046057,5,-0.12158610641778345,FIXED_HORIZON
YESBANK-2024-08-05,YESBANK,2024-08-05,2024-08-06,24.010000228881836,2024-08-13,25.0,5,0.04123280973264154,FIXED_HORIZON
BEML-2024-08-06,BEML,2024-08-06,2024-08-07,1952.0009701977513,2024-08-14,1899.9383384310381,5,-0.02667141695192843,FIXED_HORIZON
HONAUT-2024-08-06,HONAUT,2024-08-06,2024-08-07,51709.56940123039,2024-08-14,51263.069273658075,5,-0.008634767853272551,FIXED_HORIZON
MARICO-2024-08-06,MARICO,2024-08-06,2024-08-07,618.15240310945,2024-08-14,647.8589417697752,5,0.048056981596924064,FIXED_HORIZON
SYRMA-2024-08-06,SYRMA,2024-08-06,2024-08-07,432.2151728186776,2024-08-14,403.3014966943125,5,-0.06689648569208129,FIXED_HORIZON
BATAINDIA-2024-08-07,BATAINDIA,2024-08-07,2024-08-08,1378.494463612414,2024-08-16,1317.4581896903778,5,-0.044277489343038434,FIXED_HORIZON
EIHOTEL-2024-08-07,EIHOTEL,2024-08-07,2024-08-08,372.42343668682037,2024-08-16,379.1659270558464,5,0.01810436644108404,FIXED_HORIZON
INDUSINDBK-2024-08-07,INDUSINDBK,2024-08-07,2024-08-08,1345.7701892811401,2024-08-16,1344.9216141729148,5,-0.0006305497885032985,FIXED_HORIZON
SHREECEM-2024-08-07,SHREECEM,2024-08-07,2024-08-08,24821.39031184198,2024-08-16,24152.549906520013,5,-0.0269461298065512,FIXED_HORIZON
ABBOTINDIA-2024-08-08,ABBOTINDIA,2024-08-08,2024-08-09,26309.35748917399,2024-08-19,26935.72223986631,5,0.023807679490085,FIXED_HORIZON
CARBORUNIV-2024-08-08,CARBORUNIV,2024-08-08,2024-08-09,1534.0221781687524,2024-08-19,1580.0330101288337,5,0.02999358980259781,FIXED_HORIZON
GMMPFAUDLR-2024-08-08,GMMPFAUDLR,2024-08-08,2024-08-09,1352.1051499267678,2024-08-19,1270.8991485495103,5,-0.06005893948533203,FIXED_HORIZON
GRASIM-2024-08-08,GRASIM,2024-08-08,2024-08-09,2538.925591848066,2024-08-19,2602.1977664090036,5,0.024920846347010306,FIXED_HORIZON
LALPATHLAB-2024-08-08,LALPATHLAB,2024-08-08,2024-08-09,1578.5827767757478,2024-08-19,1622.7299647839914,5,0.02796634339214954,FIXED_HORIZON
LEMONTREE-2024-08-08,LEMONTREE,2024-08-08,2024-08-09,129.0,2024-08-19,120.9000015258789,5,-0.06279068584589997,FIXED_HORIZON
MAHSEAMLES-2024-08-08,MAHSEAMLES,2024-08-08,2024-08-09,564.9681839170696,2024-08-19,591.1442708039016,5,0.04633196635135528,FIXED_HORIZON
ASTRAL-2024-08-09,ASTRAL,2024-08-09,2024-08-12,2017.1560464740237,2024-08-20,1873.1497476158902,5,-0.07139075784932736,FIXED_HORIZON
BAYERCROP-2024-08-09,BAYERCROP,2024-08-09,2024-08-12,6243.4736780859985,2024-08-20,5867.777122423675,5,-0.060174283585271326,FIXED_HORIZON
BIRLACORPN-2024-08-09,BIRLACORPN,2024-08-09,2024-08-12,1329.1699459640138,2024-08-20,1279.217713495729,5,-0.03758152418354277,FIXED_HORIZON
ATGL-2024-08-12,ATGL,2024-08-12,2024-08-13,867.1246559311893,2024-08-21,856.4323495152689,5,-0.012330760453856615,FIXED_HORIZON
BALKRISIND-2024-08-12,BALKRISIND,2024-08-12,2024-08-13,2826.4169690988456,2024-08-21,2805.5762022406934,5,-0.007373564157731827,FIXED_HORIZON
BDL-2024-08-12,BDL,2024-08-12,2024-08-13,1346.9518379244614,2024-08-21,1298.398401501574,5,-0.036046898675830996,FIXED_HORIZON
GODREJCP-2024-08-12,GODREJCP,2024-08-12,2024-08-13,1343.6357562539386,2024-08-21,1345.6576849239104,5,0.0015048190408455397,FIXED_HORIZON
MEDANTA-2024-08-12,MEDANTA,2024-08-12,2024-08-13,1097.0159685764165,2024-08-21,1081.7269328544294,5,-0.013936930874240194,FIXED_HORIZON
PIDILITIND-2024-08-12,PIDILITIND,2024-08-12,2024-08-13,1494.163357362541,2024-08-21,1512.9236310714987,5,0.012555704579767513,FIXED_HORIZON
SUNTV-2024-08-12,SUNTV,2024-08-12,2024-08-13,763.3261702957986,2024-08-21,756.5467001185805,5,-0.00888148532178723,FIXED_HORIZON
ZYDUSLIFE-2024-08-12,ZYDUSLIFE,2024-08-12,2024-08-13,1242.6357154621849,2024-08-21,1178.4295230636596,5,-0.05166936021522961,FIXED_HORIZON
AARTIIND-2024-08-13,AARTIIND,2024-08-13,2024-08-14,622.2910224908406,2024-08-22,625.3827765657861,5,0.004968341118871011,FIXED_HORIZON
AIAENG-2024-08-13,AIAENG,2024-08-13,2024-08-14,4560.136188063604,2024-08-22,4440.774800744392,5,-0.026174961096917748,FIXED_HORIZON
DOMS-2024-08-13,DOMS,2024-08-13,2024-08-14,2335.1509908250714,2024-08-22,2365.885107603123,5,0.013161511567691964,FIXED_HORIZON
HAPPSTMNDS-2024-08-13,HAPPSTMNDS,2024-08-13,2024-08-14,736.9232592414352,2024-08-22,787.7893545640449,5,0.06902495569887379,FIXED_HORIZON
HINDZINC-2024-08-13,HINDZINC,2024-08-13,2024-08-14,521.8420757098546,2024-08-22,476.2505595823692,5,-0.08736650080480368,FIXED_HORIZON
NAVINFLUOR-2024-08-13,NAVINFLUOR,2024-08-13,2024-08-14,3260.2496569619507,2024-08-22,3295.169538537782,5,0.010710799861987086,FIXED_HORIZON
DIVISLAB-2024-08-14,DIVISLAB,2024-08-14,2024-08-16,4624.783647956998,2024-08-23,4884.524691839687,5,0.056162852936359586,FIXED_HORIZON
HEG-2024-08-14,HEG,2024-08-14,2024-08-16,400.3031608171061,2024-08-23,402.5821016444347,5,0.005693037303719395,FIXED_HORIZON
HEROMOTOCO-2024-08-14,HEROMOTOCO,2024-08-14,2024-08-16,4756.250762567498,2024-08-23,4951.331018676991,5,0.04101555318420291,FIXED_HORIZON
IPCALAB-2024-08-14,IPCALAB,2024-08-14,2024-08-16,1361.4282671506658,2024-08-23,1395.4192321018118,5,0.02496713618432911,FIXED_HORIZON
NMDC-2024-08-14,NMDC,2024-08-14,2024-08-16,65.84670822583313,2024-08-23,69.49124884295968,5,0.05534886580247789,FIXED_HORIZON
PNCINFRA-2024-08-14,PNCINFRA,2024-08-14,2024-08-16,477.1040411239184,2024-08-23,468.23368024952094,5,-0.01859208916676014,FIXED_HORIZON
PRAJIND-2024-08-14,PRAJIND,2024-08-14,2024-08-16,691.7078493911453,2024-08-23,762.2743230999371,5,0.10201774314243472,FIXED_HORIZON
RBLBANK-2024-08-14,RBLBANK,2024-08-14,2024-08-16,208.2019118464741,2024-08-23,228.57490022340653,5,0.09785207156001174,FIXED_HORIZON
APLAPOLLO-2024-08-19,APLAPOLLO,2024-08-19,2024-08-20,1359.365853088781,2024-08-27,1424.537247360639,5,0.047942497690208974,FIXED_HORIZON
VGUARD-2024-08-19,VGUARD,2024-08-19,2024-08-20,482.52762102821106,2024-08-27,474.89359332727145,5,-0.015820913390765856,FIXED_HORIZON
GRSE-2024-08-20,GRSE,2024-08-20,2024-08-21,1716.3026969722616,2024-08-28,1764.438233821786,5,0.028046064912932156,FIXED_HORIZON
MAZDOCK-2024-08-20,MAZDOCK,2024-08-20,2024-08-21,2073.1692865968353,2024-08-28,2123.365498696295,5,0.02421230741936098,FIXED_HORIZON
GLAXO-2024-08-22,GLAXO,2024-08-22,2024-08-23,2796.1235427856445,2024-08-30,2669.637193579113,5,-0.04523632352829421,FIXED_HORIZON
TATATECH-2024-08-22,TATATECH,2024-08-22,2024-08-23,982.138289777221,2024-08-30,1036.48337072615,5,0.05533343065288321,FIXED_HORIZON
DMART-2024-08-23,DMART,2024-08-23,2024-08-26,4903.0,2024-09-02,4977.0,5,0.015092800326330869,FIXED_HORIZON
LODHA-2024-08-23,LODHA,2024-08-23,2024-08-26,1153.8795230462272,2024-09-02,1245.4052301554586,5,0.07931998556279485,FIXED_HORIZON
ZYDUSLIFE-2024-08-26,ZYDUSLIFE,2024-08-26,2024-08-27,1121.1379319486903,2024-09-03,1101.9749660658879,5,-0.017092424880758905,FIXED_HORIZON
HONAUT-2024-08-28,HONAUT,2024-08-28,2024-08-29,50936.89459385128,2024-09-05,50069.74491411119,5,-0.01702399972857327,FIXED_HORIZON
EASEMYTRIP-2024-08-29,EASEMYTRIP,2024-08-29,2024-08-30,20.0,2024-09-06,21.600000381469727,5,0.08000001907348642,FIXED_HORIZON
INDIACEM-2024-08-29,INDIACEM,2024-08-29,2024-08-30,365.0,2024-09-06,364.0,5,-0.002739726027397249,FIXED_HORIZON
WELSPUNLIV-2024-08-29,WELSPUNLIV,2024-08-29,2024-08-30,195.5363719188004,2024-09-06,187.14213979699198,5,-0.04292926190373547,FIXED_HORIZON
INDUSTOWER-2024-09-02,INDUSTOWER,2024-09-02,2024-09-03,423.800506004821,2024-09-10,408.38082822799976,5,-0.036384283544592666,FIXED_HORIZON
JSL-2024-09-02,JSL,2024-09-02,2024-09-03,737.5991492704912,2024-09-10,715.115588146002,5,-0.030482086573345724,FIXED_HORIZON
SIGNATURE-2024-09-03,SIGNATURE,2024-09-03,2024-09-04,1413.0,2024-09-11,1459.5,5,0.03290870488322728,FIXED_HORIZON
BANKBARODA-2024-09-04,BANKBARODA,2024-09-04,2024-09-05,229.41761173957448,2024-09-12,220.05363808521574,5,-0.0408162807700585,FIXED_HORIZON
FEDERALBNK-2024-09-04,FEDERALBNK,2024-09-04,2024-09-05,186.49008819506926,2024-09-12,182.4385450138436,5,-0.021725246743342974,FIXED_HORIZON
GICRE-2024-09-04,GICRE,2024-09-04,2024-09-05,376.5984608272428,2024-09-12,376.6107509646747,5,3.263459283653347e-05,FIXED_HORIZON
WIPRO-2024-09-04,WIPRO,2024-09-04,2024-09-05,241.52816761764348,2024-09-12,241.1806293001536,5,-0.0014389142306583391,FIXED_HORIZON
AXISBANK-2024-09-06,AXISBANK,2024-09-06,2024-09-09,1156.1195001502876,2024-09-16,1220.0155511850453,5,0.05526768731645104,FIXED_HORIZON
BANDHANBNK-2024-09-06,BANDHANBNK,2024-09-06,2024-09-09,191.57420436204114,2024-09-16,203.95283278955563,5,0.06461531952454869,FIXED_HORIZON
BHEL-2024-09-06,BHEL,2024-09-06,2024-09-09,262.30093809256186,2024-09-16,262.8977365210749,5,0.0022752432105386244,FIXED_HORIZON
BOSCHLTD-2024-09-06,BOSCHLTD,2024-09-06,2024-09-09,31633.655928648994,2024-09-16,33668.46558409782,5,0.06432420141505069,FIXED_HORIZON
CANBK-2024-09-06,CANBK,2024-09-06,2024-09-09,96.8224972938823,2024-09-16,99.90661864026956,5,0.03185335467051753,FIXED_HORIZON
CHENNPETRO-2024-09-06,CHENNPETRO,2024-09-06,2024-09-09,872.893465565664,2024-09-16,841.7978893999187,5,-0.035623563919789714,FIXED_HORIZON
CUB-2024-09-06,CUB,2024-09-06,2024-09-09,122.50236180040736,2024-09-16,126.93370260876061,5,0.03617351325497897,FIXED_HORIZON
EASEMYTRIP-2024-09-06,EASEMYTRIP,2024-09-06,2024-09-09,20.450000762939453,2024-09-16,21.125,5,0.033007296424351074,FIXED_HORIZON
GMRAIRPORT-2024-09-06,GMRAIRPORT,2024-09-06,2024-09-09,90.5999984741211,2024-09-16,97.0,5,0.07064019463208937,FIXED_HORIZON
IDBI-2024-09-06,IDBI,2024-09-06,2024-09-09,86.54841737003466,2024-09-16,92.9318432558526,5,0.07375554723925037,FIXED_HORIZON
IDEA-2024-09-06,IDEA,2024-09-06,2024-09-09,13.350000381469727,2024-09-16,13.5,5,0.011235926160607423,FIXED_HORIZON
INDIANB-2024-09-06,INDIANB,2024-09-06,2024-09-09,502.1883805167379,2024-09-16,501.85423419734406,5,-0.0006653804276594011,FIXED_HORIZON
ITC-2024-09-06,ITC,2024-09-06,2024-09-09,445.5332646679885,2024-09-16,457.8697459360179,5,0.027689248472215766,FIXED_HORIZON
JKPAPER-2024-09-06,JKPAPER,2024-09-06,2024-09-09,438.2496330529724,2024-09-16,448.5436046102829,5,0.023488830978818598,FIXED_HORIZON
NLCINDIA-2024-09-06,NLCINDIA,2024-09-06,2024-09-09,261.283293641386,2024-09-16,263.3162437169944,5,0.0077806355212233225,FIXED_HORIZON
PNB-2024-09-06,PNB,2024-09-06,2024-09-09,103.31499305897246,2024-09-16,105.10931123927534,5,0.017367451975520032,FIXED_HORIZON
RELIANCE-2024-09-06,RELIANCE,2024-09-06,2024-09-09,1453.943839140462,2024-09-16,1464.8993077290233,5,0.007535001210939418,FIXED_HORIZON
SBIN-2024-09-06,SBIN,2024-09-06,2024-09-09,755.9222919924988,2024-09-16,761.5555716904744,5,0.007452194170814996,FIXED_HORIZON
SRF-2024-09-06,SRF,2024-09-06,2024-09-09,2483.663316455771,2024-09-16,2444.4104373583473,5,-0.0158044284172294,FIXED_HORIZON
TIINDIA-2024-09-06,TIINDIA,2024-09-06,2024-09-09,3922.5774022235278,2024-09-16,4089.247413944116,5,0.04248992298433962,FIXED_HORIZON
CERA-2024-09-09,CERA,2024-09-09,2024-09-10,8763.214438751547,2024-09-17,8220.715272047792,5,-0.06190641236676653,FIXED_HORIZON
ENGINERSIN-2024-09-09,ENGINERSIN,2024-09-09,2024-09-10,199.7024722189528,2024-09-17,206.8795429932448,5,0.03593881785510944,FIXED_HORIZON
JWL-2024-09-09,JWL,2024-09-09,2024-09-10,509.0011455453905,2024-09-17,546.3325566168586,5,0.07334248930121334,FIXED_HORIZON
PETRONET-2024-09-09,PETRONET,2024-09-09,2024-09-10,321.04770488430876,2024-09-17,314.12933663104013,5,-0.02154934655509122,FIXED_HORIZON
PFC-2024-09-09,PFC,2024-09-09,2024-09-10,484.22838124608035,2024-09-17,448.9534251608048,5,-0.07284776657349445,FIXED_HORIZON
RRKABEL-2024-09-09,RRKABEL,2024-09-09,2024-09-10,1515.9716756994226,2024-09-17,1639.517323633544,5,0.08149601335864087,FIXED_HORIZON
HDFCLIFE-2024-09-10,HDFCLIFE,2024-09-10,2024-09-11,696.5849787355494,2024-09-18,694.4982713249918,5,-0.0029956250482825464,FIXED_HORIZON
ICICIGI-2024-09-10,ICICIGI,2024-09-10,2024-09-11,2142.2144754092656,2024-09-18,2078.4887665882347,5,-0.029747585758823747,FIXED_HORIZON
IOC-2024-09-11,IOC,2024-09-11,2024-09-12,159.4187945426894,2024-09-19,157.0017938233788,5,-0.015161328538733754,FIXED_HORIZON
IRB-2024-09-11,IRB,2024-09-11,2024-09-12,29.698460458352688,2024-09-19,30.093122154289738,5,0.013288961442647906,FIXED_HORIZON
ONGC-2024-09-11,ONGC,2024-09-11,2024-09-12,261.4669535246481,2024-09-19,260.92225503408264,5,-0.0020832402841841624,FIXED_HORIZON
TMPV-2024-09-11,TMPV,2024-09-11,2024-09-12,960.013861504205,2024-09-19,954.2123255636446,5,-0.00604317934687959,FIXED_HORIZON
GRANULES-2024-09-12,GRANULES,2024-09-12,2024-09-13,562.1070617125915,2024-09-20,541.2146029459212,5,-0.03716811296235367,FIXED_HORIZON
HONASA-2024-09-12,HONASA,2024-09-12,2024-09-13,495.86276136327734,2024-09-20,467.14156419915304,5,-0.05792166583584746,FIXED_HORIZON
ERIS-2024-09-13,ERIS,2024-09-13,2024-09-16,1364.8849985073412,2024-09-23,1330.4167635753793,5,-0.025253581781363943,FIXED_HORIZON
NH-2024-09-13,NH,2024-09-13,2024-09-16,1308.1628287060269,2024-09-23,1256.7980367191296,5,-0.03926483069214315,FIXED_HORIZON
PATANJALI-2024-09-13,PATANJALI,2024-09-13,2024-09-16,609.0410465699729,2024-09-23,574.1040814472271,5,-0.05736389249871654,FIXED_HORIZON
BAJFINANCE-2024-09-16,BAJFINANCE,2024-09-16,2024-09-17,724.7946715532911,2024-09-24,750.4279874937021,5,0.03536631400100765,FIXED_HORIZON
EMAMILTD-2024-09-16,EMAMILTD,2024-09-16,2024-09-17,727.0526734535256,2024-09-24,735.3238721351955,5,0.011376340372123872,FIXED_HORIZON
GODREJPROP-2024-09-16,GODREJPROP,2024-09-16,2024-09-17,2841.2164622352525,2024-09-24,3176.9933990957084,5,0.11818069524920749,FIXED_HORIZON
LICHSGFIN-2024-09-16,LICHSGFIN,2024-09-16,2024-09-17,655.561007209365,2024-09-24,657.0060273494797,5,0.0022042496796232935,FIXED_HORIZON
PNBHOUSING-2024-09-16,PNBHOUSING,2024-09-16,2024-09-17,1053.8633331550634,2024-09-24,1002.9718479373254,5,-0.04829040314494926,FIXED_HORIZON
SCHNEIDER-2024-09-16,SCHNEIDER,2024-09-16,2024-09-17,792.9000244140625,2024-09-24,784.0,5,-0.011224648934321069,FIXED_HORIZON
BIOCON-2024-09-17,BIOCON,2024-09-17,2024-09-18,374.05196405563805,2024-09-25,376.84484709298243,5,0.007466564289791977,FIXED_HORIZON
HAL-2024-09-17,HAL,2024-09-17,2024-09-18,4361.917089148887,2024-09-25,4309.032805149109,5,-0.01212409198041331,FIXED_HORIZON
TRITURBINE-2024-09-17,TRITURBINE,2024-09-17,2024-09-18,732.4951787106384,2024-09-25,725.0338544960696,5,-0.010186175187804514,FIXED_HORIZON
ABBOTINDIA-2024-09-18,ABBOTINDIA,2024-09-18,2024-09-19,27032.14139006368,2024-09-26,27754.926483175648,5,0.026737988777228106,FIXED_HORIZON
GLENMARK-2024-09-18,GLENMARK,2024-09-18,2024-09-19,1642.0223593994117,2024-09-26,1690.5035741688025,5,0.02952530730892322,FIXED_HORIZON
LTTS-2024-09-18,LTTS,2024-09-18,2024-09-19,5393.171364532384,2024-09-26,5316.125875282237,5,-0.014285748410819865,FIXED_HORIZON
MPHASIS-2024-09-18,MPHASIS,2024-09-18,2024-09-19,2897.8530355821895,2024-09-26,2902.5315616914836,5,0.0016144801174688972,FIXED_HORIZON
OFSS-2024-09-18,OFSS,2024-09-18,2024-09-19,10711.228649768655,2024-09-26,10417.513591694122,5,-0.02742122941058467,FIXED_HORIZON
RITES-2024-09-18,RITES,2024-09-18,2024-09-19,324.7809974997709,2024-09-26,336.0093790104102,5,0.03457216277146036,FIXED_HORIZON
TCS-2024-09-18,TCS,2024-09-18,2024-09-19,4078.62174424568,2024-09-26,3957.7977213162494,5,-0.02962373823949105,FIXED_HORIZON
TECHM-2024-09-18,TECHM,2024-09-18,2024-09-19,1520.9057497195486,2024-09-26,1511.5176547124179,5,-0.006172700056437996,FIXED_HORIZON
ABB-2024-09-19,ABB,2024-09-19,2024-09-20,7382.340986197739,2024-09-27,7899.886306945433,5,0.07010585418843607,FIXED_HORIZON
BDL-2024-09-19,BDL,2024-09-19,2024-09-20,1117.822813751822,2024-09-27,1115.721690703799,5,-0.0018796566165714124,FIXED_HORIZON
BEL-2024-09-19,BEL,2024-09-19,2024-09-20,270.3406690320036,2024-09-27,288.44562946141485,5,0.06697090931319694,FIXED_HORIZON
BEML-2024-09-19,BEML,2024-09-19,2024-09-20,1790.4958686178766,2024-09-27,1864.8109276422604,5,0.04150529488892318,FIXED_HORIZON
CHAMBLFERT-2024-09-19,CHAMBLFERT,2024-09-19,2024-09-20,460.1264953613281,2024-09-27,488.585420807335,5,0.061850221043364684,FIXED_HORIZON
COROMANDEL-2024-09-19,COROMANDEL,2024-09-19,2024-09-20,1671.1972222715176,2024-09-27,1614.8220172653498,5,-0.033733424310950944,FIXED_HORIZON
DATAPATTNS-2024-09-19,DATAPATTNS,2024-09-19,2024-09-20,2526.8935515826784,2024-09-27,2480.882451541947,5,-0.01820856284662764,FIXED_HORIZON
GAIL-2024-09-19,GAIL,2024-09-19,2024-09-20,196.89108988476013,2024-09-27,217.40522825694958,5,0.10419028298434596,FIXED_HORIZON
IIFL-2024-09-19,IIFL,2024-09-19,2024-09-20,544.967694234741,2024-09-27,487.44329964351994,5,-0.10555560485470317,FIXED_HORIZON
INDUSTOWER-2024-09-19,INDUSTOWER,2024-09-19,2024-09-20,378.746116230431,2024-09-27,378.312430903454,5,-0.0011450555091980785,FIXED_HORIZON
IRCTC-2024-09-19,IRCTC,2024-09-19,2024-09-20,867.7096220490602,2024-09-27,881.3393238775842,5,0.015707676257338266,FIXED_HORIZON
KEI-2024-09-19,KEI,2024-09-19,2024-09-20,4375.495929813659,2024-09-27,4219.826520206901,5,-0.035577546432179696,FIXED_HORIZON
LEMONTREE-2024-09-19,LEMONTREE,2024-09-19,2024-09-20,126.87999725341797,2024-09-27,122.0,5,-0.038461517647034094,FIXED_HORIZON
NSLNISP-2024-09-19,NSLNISP,2024-09-19,2024-09-20,50.68000030517578,2024-09-27,51.95000076293945,5,0.02505920383023308,FIXED_HORIZON
POLYCAB-2024-09-19,POLYCAB,2024-09-19,2024-09-20,6433.204742156448,2024-09-27,6684.400612245532,5,0.0390467706465194,FIXED_HORIZON
RADICO-2024-09-19,RADICO,2024-09-19,2024-09-20,2124.846994873709,2024-09-27,2126.1921212102584,5,0.0006330462098187439,FIXED_HORIZON
AUROPHARMA-2024-09-20,AUROPHARMA,2024-09-20,2024-09-23,1492.3979076062183,2024-09-30,1506.3953660325217,5,0.00937917317825443,FIXED_HORIZON
CONCOR-2024-09-20,CONCOR,2024-09-20,2024-09-23,872.0902574769527,2024-09-30,884.9579887297316,5,0.014755045297726976,FIXED_HORIZON
ENDURANCE-2024-09-20,ENDURANCE,2024-09-20,2024-09-23,2418.5366040625136,2024-09-30,2336.15108529317,5,-0.0340642017288294,FIXED_HORIZON
FINPIPE-2024-09-20,FINPIPE,2024-09-20,2024-09-23,292.98166842931425,2024-09-30,278.86859480816753,5,-0.04817050055318284,FIXED_HORIZON
INDIACEM-2024-09-20,INDIACEM,2024-09-20,2024-09-23,364.0,2024-09-30,359.20001220703125,5,-0.013186779651013003,FIXED_HORIZON
RAJESHEXPO-2024-09-20,RAJESHEXPO,2024-09-20,2024-09-23,286.0,2024-09-30,287.8999938964844,5,0.0066433353023929165,FIXED_HORIZON
CONCORDBIO-2024-09-23,CONCORDBIO,2024-09-23,2024-09-24,2340.9652921917145,2024-10-01,2010.4151682095844,5,-0.14120248817215675,FIXED_HORIZON
IEX-2024-09-24,IEX,2024-09-24,2024-09-25,200.03055939373516,2024-10-03,196.20221060048834,5,-0.01913881961261321,FIXED_HORIZON
PNB-2024-09-24,PNB,2024-09-24,2024-09-25,101.5017869770747,2024-10-03,97.50706241870257,5,-0.03935619930784451,FIXED_HORIZON
POLICYBZR-2024-09-24,POLICYBZR,2024-09-24,2024-09-25,1830.0,2024-10-03,1724.0,5,-0.05792349726775958,FIXED_HORIZON
SBILIFE-2024-09-24,SBILIFE,2024-09-24,2024-09-25,1867.5444561932532,2024-10-03,1801.0635959571812,5,-0.035598006792076364,FIXED_HORIZON
CIEINDIA-2024-09-25,CIEINDIA,2024-09-25,2024-09-26,550.7020739744523,2024-10-04,538.097972288193,5,-0.022887332882723266,FIXED_HORIZON
DABUR-2024-09-25,DABUR,2024-09-25,2024-09-26,606.5175521842514,2024-10-04,565.6026132951403,5,-0.06745878786485926,FIXED_HORIZON
EASEMYTRIP-2024-09-25,EASEMYTRIP,2024-09-25,2024-09-26,17.25,2024-10-04,16.729999542236328,5,-0.030144954073256347,FIXED_HORIZON
SUPREMEIND-2024-09-25,SUPREMEIND,2024-09-25,2024-09-26,5188.540269596654,2024-10-04,5114.558980613224,5,-0.014258593966580357,FIXED_HORIZON
ARE&M-2024-09-26,ARE&M,2024-09-26,2024-09-27,1296.1435662242943,2024-10-07,1352.923250458432,5,0.04380663200723878,FIXED_HORIZON
CROMPTON-2024-09-26,CROMPTON,2024-09-26,2024-09-27,412.8651082850216,2024-10-07,416.24403443398967,5,0.008184092288649802,FIXED_HORIZON
KFINTECH-2024-09-26,KFINTECH,2024-09-26,2024-09-27,1018.8409795008275,2024-10-07,1002.4735921486528,5,-0.016064712434509465,FIXED_HORIZON
3MINDIA-2024-09-27,3MINDIA,2024-09-27,2024-09-30,33627.0027006857,2024-10-08,32893.40928238166,5,-0.02181560529892479,FIXED_HORIZON
APOLLOTYRE-2024-09-27,APOLLOTYRE,2024-09-27,2024-09-30,534.896972183743,2024-10-08,481.9934394372167,5,-0.09890415444033085,FIXED_HORIZON
AVANTIFEED-2024-09-27,AVANTIFEED,2024-09-27,2024-09-30,608.6951493511336,2024-10-08,565.5304301741523,5,-0.07091352579857868,FIXED_HORIZON
CYIENT-2024-09-27,CYIENT,2024-09-27,2024-09-30,1847.6388304382185,2024-10-08,1773.9272473872795,5,-0.03989501727101952,FIXED_HORIZON
EQUITASBNK-2024-09-27,EQUITASBNK,2024-09-27,2024-09-30,78.94000244140625,2024-10-08,73.48999786376953,5,-0.06903983289944815,FIXED_HORIZON
GLAND-2024-09-27,GLAND,2024-09-27,2024-09-30,1755.2638578418873,2024-10-08,1681.5133285915208,5,-0.042016776521020316,FIXED_HORIZON
INTELLECT-2024-09-27,INTELLECT,2024-09-27,2024-09-30,972.8544924629415,2024-10-08,860.9960107878978,5,-0.11497966298316153,FIXED_HORIZON
ITI-2024-09-27,ITI,2024-09-27,2024-09-30,264.95001220703125,2024-10-08,231.60000610351562,5,-0.12587282342699424,FIXED_HORIZON
JSWENERGY-2024-09-27,JSWENERGY,2024-09-27,2024-09-30,729.6253891766653,2024-10-08,679.9910109248327,5,-0.06802720819219532,FIXED_HORIZON
LODHA-2024-09-27,LODHA,2024-09-27,2024-09-30,1271.3284036468801,2024-10-08,1172.9990814128103,5,-0.07734376259667164,FIXED_HORIZON
MAHLIFE-2024-09-27,MAHLIFE,2024-09-27,2024-09-30,533.4721485258552,2024-10-08,481.7125753992533,5,-0.09702394636651468,FIXED_HORIZON
MEDPLUS-2024-09-27,MEDPLUS,2024-09-27,2024-09-30,670.7000122070312,2024-10-08,642.75,5,-0.041672896523526015,FIXED_HORIZON
POWERGRID-2024-09-27,POWERGRID,2024-09-27,2024-09-30,334.2747260488477,2024-10-08,308.8443864696968,5,-0.07607616609170365,FIXED_HORIZON
UNITDSPR-2024-09-27,UNITDSPR,2024-09-27,2024-09-30,1562.9902839446647,2024-10-08,1464.0853854916238,5,-0.06327927912861064,FIXED_HORIZON
AUROPHARMA-2024-09-30,AUROPHARMA,2024-09-30,2024-10-01,1449.5587633207538,2024-10-09,1486.4701503853353,5,0.025463877697529336,FIXED_HORIZON
HEROMOTOCO-2024-09-30,HEROMOTOCO,2024-09-30,2024-10-01,5306.562686169535,2024-10-09,5147.386507256078,5,-0.02999609885478527,FIXED_HORIZON
INDHOTEL-2024-09-30,INDHOTEL,2024-09-30,2024-10-01,684.9265818799992,2024-10-09,680.0626220399581,5,-0.007101432428991639,FIXED_HORIZON
MSUMI-2024-09-30,MSUMI,2024-09-30,2024-10-01,46.26950980567949,2024-10-09,43.2927304225544,5,-0.06433565852819334,FIXED_HORIZON
RELIANCE-2024-09-30,RELIANCE,2024-09-30,2024-10-01,1467.9726595996829,2024-10-09,1385.5594536683957,5,-0.05614083163766914,FIXED_HORIZON
TRENT-2024-09-30,TRENT,2024-09-30,2024-10-01,7584.407404105367,2024-10-09,8072.4033358873385,5,0.06434199875890423,FIXED_HORIZON
TVSMOTOR-2024-09-30,TVSMOTOR,2024-09-30,2024-10-01,2835.2912317850264,2024-10-09,2739.0285211661508,5,-0.03395161299118865,FIXED_HORIZON
JUBLFOOD-2024-10-01,JUBLFOOD,2024-10-01,2024-10-03,647.0286119040604,2024-10-10,631.0520511344766,5,-0.024692201358095023,FIXED_HORIZON
MUTHOOTFIN-2024-10-01,MUTHOOTFIN,2024-10-01,2024-10-03,1900.4755772989313,2024-10-10,1902.777740700444,5,0.0012113617396676268,FIXED_HORIZON
PHOENIXLTD-2024-10-01,PHOENIXLTD,2024-10-01,2024-10-03,1689.138775329216,2024-10-10,1712.2517087648241,5,0.013683264970992814,FIXED_HORIZON
360ONE-2024-10-03,360ONE,2024-10-03,2024-10-04,946.6897117296465,2024-10-11,1006.7119952138287,5,0.06340227715638602,FIXED_HORIZON
ABCAPITAL-2024-10-03,ABCAPITAL,2024-10-03,2024-10-04,234.24000549316406,2024-10-11,224.0,5,-0.0437158694203621,FIXED_HORIZON
ADANIPORTS-2024-10-03,ADANIPORTS,2024-10-03,2024-10-04,1411.9510455616141,2024-10-11,1402.4376916180872,5,-0.006737736392087856,FIXED_HORIZON
APOLLOHOSP-2024-10-03,APOLLOHOSP,2024-10-03,2024-10-04,6866.420698949268,2024-10-11,6945.908115387754,5,0.011576252013024702,FIXED_HORIZON
ASIANPAINT-2024-10-03,ASIANPAINT,2024-10-03,2024-10-04,3069.5613688879425,2024-10-11,2995.3435157552335,5,-0.024178651023223252,FIXED_HORIZON
AXISBANK-2024-10-03,AXISBANK,2024-10-03,2024-10-04,1173.5911350580977,2024-10-11,1180.5797491543212,5,0.005954896801327214,FIXED_HORIZON
BALAMINES-2024-10-03,BALAMINES,2024-10-03,2024-10-04,2239.121946584392,2024-10-11,2211.1861939503597,5,-0.012476208665922028,FIXED_HORIZON
BALKRISIND-2024-10-03,BALKRISIND,2024-10-03,2024-10-04,2927.216770540943,2024-10-11,3027.0368043861017,5,0.03410066341848417,FIXED_HORIZON
BATAINDIA-2024-10-03,BATAINDIA,2024-10-03,2024-10-04,1289.0906454004037,2024-10-11,1323.5673345326097,5,0.026744968831495353,FIXED_HORIZON
BPCL-2024-10-03,BPCL,2024-10-03,2024-10-04,315.2442262805095,2024-10-11,308.75527229806204,5,-0.020583894775834777,FIXED_HORIZON
COROMANDEL-2024-10-03,COROMANDEL,2024-10-03,2024-10-04,1634.5360506469244,2024-10-11,1603.9026763699487,5,-0.018741326791080204,FIXED_HORIZON
CRISIL-2024-10-03,CRISIL,2024-10-03,2024-10-04,4358.919214594226,2024-10-11,4402.702360519091,5,0.01004449584160061,FIXED_HORIZON
DLF-2024-10-03,DLF,2024-10-03,2024-10-04,847.0910437795865,2024-10-11,845.1302549101003,5,-0.002314732145835663,FIXED_HORIZON
EICHERMOT-2024-10-03,EICHERMOT,2024-10-03,2024-10-04,4671.8642317059985,2024-10-11,4595.660831519338,5,-0.016311133287970958,FIXED_HORIZON
FINPIPE-2024-10-03,FINPIPE,2024-10-03,2024-10-04,266.32909702387855,2024-10-11,288.359290785826,5,0.08271793810036554,FIXED_HORIZON
GMRAIRPORT-2024-10-03,GMRAIRPORT,2024-10-03,2024-10-04,88.69999694824219,2024-10-11,89.0,5,0.0033822216694423535,FIXED_HORIZON
GODREJCP-2024-10-03,GODREJCP,2024-10-03,2024-10-04,1301.2528778877024,2024-10-11,1279.0506548673093,5,-0.017062189369704606,FIXED_HORIZON
GODREJIND-2024-10-03,GODREJIND,2024-10-03,2024-10-04,1115.0,2024-10-11,1080.0,5,-0.03139013452914796,FIXED_HORIZON
HDFCBANK-2024-10-03,HDFCBANK,2024-10-03,2024-10-04,812.6431974622866,2024-10-11,807.7658537028776,5,-0.00600182684681283,FIXED_HORIZON
HINDPETRO-2024-10-03,HINDPETRO,2024-10-03,2024-10-04,373.28364653038983,2024-10-11,359.52624187638276,5,-0.036855096069382864,FIXED_HORIZON
IOC-2024-10-03,IOC,2024-10-03,2024-10-04,157.56886052443912,2024-10-11,152.81855377288812,5,-0.030147497010135527,FIXED_HORIZON
IRCTC-2024-10-03,IRCTC,2024-10-03,2024-10-04,866.0487238588988,2024-10-11,859.7955185012644,5,-0.007220385164672605,FIXED_HORIZON
JBCHEPHARM-2024-10-03,JBCHEPHARM,2024-10-03,2024-10-04,1720.9941329527635,2024-10-11,1786.4413986150091,5,0.038028755827282046,FIXED_HORIZON
KANSAINER-2024-10-03,KANSAINER,2024-10-03,2024-10-04,293.04887746299363,2024-10-11,283.56429501488094,5,-0.032365189487239765,FIXED_HORIZON
KOTAKBANK-2024-10-03,KOTAKBANK,2024-10-03,2024-10-04,362.05678126690464,2024-10-11,373.3641985526254,5,0.031231060625777962,FIXED_HORIZON
LICI-2024-10-03,LICI,2024-10-03,2024-10-04,469.1364811798793,2024-10-11,466.46052586135164,5,-0.005704001768947142,FIXED_HORIZON
LT-2024-10-03,LT,2024-10-03,2024-10-04,3448.8347173640486,2024-10-11,3404.0932364871355,5,-0.012972926957517172,FIXED_HORIZON
LTTS-2024-10-03,LTTS,2024-10-03,2024-10-04,4961.251288554708,2024-10-11,5048.802109249544,5,0.017646923246321,FIXED_HORIZON
MANAPPURAM-2024-10-03,MANAPPURAM,2024-10-03,2024-10-04,187.05963725524853,2024-10-11,184.627256410738,5,-0.013003237257385836,FIXED_HORIZON
MARUTI-2024-10-03,MARUTI,2024-10-03,2024-10-04,12429.195998649067,2024-10-11,12678.173167508661,5,0.02003163912506123,FIXED_HORIZON
NAVINFLUOR-2024-10-03,NAVINFLUOR,2024-10-03,2024-10-04,3415.3997464453296,2024-10-11,3380.579519632023,5,-0.01019506628749578,FIXED_HORIZON
NETWEB-2024-10-03,NETWEB,2024-10-03,2024-10-04,2391.8092068589576,2024-10-11,2444.512603522399,5,0.02203495015919521,FIXED_HORIZON
NUVAMA-2024-10-03,NUVAMA,2024-10-03,2024-10-04,1194.987653526046,2024-10-11,1224.8625659557863,5,0.025000185015793708,FIXED_HORIZON
PFC-2024-10-03,PFC,2024-10-03,2024-10-04,428.38401356009604,2024-10-11,430.26234075670857,5,0.00438468088713817,FIXED_HORIZON
SHRIRAMFIN-2024-10-03,SHRIRAMFIN,2024-10-03,2024-10-04,662.7348638918478,2024-10-11,651.647101633803,5,-0.016730313828569376,FIXED_HORIZON
SONATSOFTW-2024-10-03,SONATSOFTW,2024-10-03,2024-10-04,590.2096467537141,2024-10-11,551.3559645178696,5,-0.06583030699269066,FIXED_HORIZON
SUZLON-2024-10-03,SUZLON,2024-10-03,2024-10-04,74.8499984741211,2024-10-11,75.75,5,0.012024068727136683,FIXED_HORIZON
TITAGARH-2024-10-03,TITAGARH,2024-10-03,2024-10-04,1150.478616378478,2024-10-11,1074.7190045909865,5,-0.06585051708824496,FIXED_HORIZON
TITAN-2024-10-03,TITAN,2024-10-03,2024-10-04,3602.303132897351,2024-10-11,3442.3112095993424,5,-0.04441378679015451,FIXED_HORIZON
TMPV-2024-10-03,TMPV,2024-10-03,2024-10-04,914.4862659586523,2024-10-11,916.4529237426493,5,0.00215056021856741,FIXED_HORIZON
TRIDENT-2024-10-03,TRIDENT,2024-10-03,2024-10-04,34.668771204154524,2024-10-11,33.87755715424246,5,-0.02282209672944069,FIXED_HORIZON
ADANIENSOL-2024-10-04,ADANIENSOL,2024-10-04,2024-10-07,976.0,2024-10-14,994.0,5,0.018442622950819665,FIXED_HORIZON
CASTROLIND-2024-10-04,CASTROLIND,2024-10-04,2024-10-07,204.5676029594725,2024-10-14,202.78297627226416,5,-0.008723896948442555,FIXED_HORIZON
CHAMBLFERT-2024-10-04,CHAMBLFERT,2024-10-04,2024-10-07,479.1150919560665,2024-10-14,478.01499319009383,5,-0.0022961054336263498,FIXED_HORIZON
DMART-2024-10-04,DMART,2024-10-04,2024-10-07,4741.0,2024-10-14,4204.0,5,-0.11326724319763759,FIXED_HORIZON
GAIL-2024-10-04,GAIL,2024-10-04,2024-10-07,215.54705449637547,2024-10-14,213.13143258812545,5,-0.011206935366823267,FIXED_HORIZON
GNFC-2024-10-04,GNFC,2024-10-04,2024-10-07,626.6357888412256,2024-10-14,627.2640176134057,5,0.0010025421199479911,FIXED_HORIZON
GODREJPROP-2024-10-04,GODREJPROP,2024-10-04,2024-10-07,2911.9245144459096,2024-10-14,3010.448311216254,5,0.03383459848686754,FIXED_HORIZON
M&MFIN-2024-10-04,M&MFIN,2024-10-04,2024-10-07,289.1496834095393,2024-10-14,273.3084653595599,5,-0.054785527907850406,FIXED_HORIZON
RAYMOND-2024-10-04,RAYMOND,2024-10-04,2024-10-07,1660.0,2024-10-14,1605.050048828125,5,-0.03310238022402112,FIXED_HORIZON
SIGNATURE-2024-10-04,SIGNATURE,2024-10-04,2024-10-07,1555.0,2024-10-14,1496.300048828125,5,-0.037749164740755625,FIXED_HORIZON
ABSLAMC-2024-10-07,ABSLAMC,2024-10-07,2024-10-08,645.1604115268368,2024-10-15,662.7254874967955,5,0.027225904838750425,FIXED_HORIZON
ACC-2024-10-07,ACC,2024-10-07,2024-10-08,2317.184834956418,2024-10-15,2294.4090367137574,5,-0.009829081348656787,FIXED_HORIZON
ACI-2024-10-07,ACI,2024-10-07,2024-10-08,670.5769971268676,2024-10-15,663.2967674478432,5,-0.010856664797953108,FIXED_HORIZON
ADANIENT-2024-10-07,ADANIENT,2024-10-07,2024-10-08,3015.655954163325,2024-10-15,3121.0565222475284,5,0.03495112495796815,FIXED_HORIZON
ALOKINDS-2024-10-07,ALOKINDS,2024-10-07,2024-10-08,24.510000228881836,2024-10-15,24.299999237060547,5,-0.008567971842522892,FIXED_HORIZON
AMBUJACEM-2024-10-07,AMBUJACEM,2024-10-07,2024-10-08,583.6637506889573,2024-10-15,585.1509411169599,5,0.0025480260273951227,FIXED_HORIZON
ANANTRAJ-2024-10-07,ANANTRAJ,2024-10-07,2024-10-08,662.6622126101298,2024-10-15,765.8681559444733,5,0.15574442207566097,FIXED_HORIZON
ANGELONE-2024-10-07,ANGELONE,2024-10-07,2024-10-08,243.3146346603503,2024-10-15,283.3049349316997,5,0.16435632952030588,FIXED_HORIZON
ARE&M-2024-10-07,ARE&M,2024-10-07,2024-10-08,1299.0314129841636,2024-10-15,1370.201887140134,5,0.0547873388161384,FIXED_HORIZON
BANKBARODA-2024-10-07,BANKBARODA,2024-10-07,2024-10-08,227.5448175076888,2024-10-15,229.47379698778772,5,0.008477360641420573,FIXED_HORIZON
BBTC-2024-10-07,BBTC,2024-10-07,2024-10-08,2454.676068310177,2024-10-15,2608.756005396215,5,0.06276996752247976,FIXED_HORIZON
CARBORUNIV-2024-10-07,CARBORUNIV,2024-10-07,2024-10-08,1390.2386505002448,2024-10-15,1456.8252575211166,5,0.047895810548003404,FIXED_HORIZON
CIEINDIA-2024-10-07,CIEINDIA,2024-10-07,2024-10-08,511.8233418421429,2024-10-15,526.4149823074882,5,0.028509134446325524,FIXED_HORIZON
CLEAN-2024-10-07,CLEAN,2024-10-07,2024-10-08,1471.2844787044216,2024-10-15,1576.2201854531636,5,0.07132251326483496,FIXED_HORIZON
DBREALTY-2024-10-07,DBREALTY,2024-10-07,2024-10-08,171.6999969482422,2024-10-15,193.99000549316406,5,0.1298195046074524,FIXED_HORIZON
EIDPARRY-2024-10-07,EIDPARRY,2024-10-07,2024-10-08,805.0,2024-10-15,812.0499877929688,5,0.00875774881114122,FIXED_HORIZON
ELECON-2024-10-07,ELECON,2024-10-07,2024-10-08,621.6248886888005,2024-10-15,693.1273855944669,5,0.11502515135210767,FIXED_HORIZON
ENDURANCE-2024-10-07,ENDURANCE,2024-10-07,2024-10-08,2164.039851370365,2024-10-15,2333.27449571964,5,0.07820310898716043,FIXED_HORIZON
ENGINERSIN-2024-10-07,ENGINERSIN,2024-10-07,2024-10-08,183.3874372242186,2024-10-15,189.4729494783363,5,0.03318391022977907,FIXED_HORIZON
EXIDEIND-2024-10-07,EXIDEIND,2024-10-07,2024-10-08,475.7147588709559,2024-10-15,525.7118522401064,5,0.10509889053644628,FIXED_HORIZON
FEDERALBNK-2024-10-07,FEDERALBNK,2024-10-07,2024-10-08,182.28996748230892,2024-10-15,196.13851926285804,5,0.07596990647273616,FIXED_HORIZON
GLAXO-2024-10-07,GLAXO,2024-10-07,2024-10-08,2528.776806703392,2024-10-15,2606.202120710491,5,0.03061769382013324,FIXED_HORIZON
GMDCLTD-2024-10-07,GMDCLTD,2024-10-07,2024-10-08,305.2649475113686,2024-10-15,333.533821238001,5,0.09260438827677597,FIXED_HORIZON
GPIL-2024-10-07,GPIL,2024-10-07,2024-10-08,186.31083602428723,2024-10-15,188.59017439783773,5,0.012234062291757164,FIXED_HORIZON
GPPL-2024-10-07,GPPL,2024-10-07,2024-10-08,187.97178786618906,2024-10-15,195.64597844513736,5,0.04082628923235698,FIXED_HORIZON
GRSE-2024-10-07,GRSE,2024-10-07,2024-10-08,1512.37955864697,2024-10-15,1677.191308673951,5,0.1089751240584258,FIXED_HORIZON
HBLENGINE-2024-10-07,HBLENGINE,2024-10-07,2024-10-08,578.8253025770837,2024-10-15,601.7889766124274,5,0.03967289255169626,FIXED_HORIZON
IOB-2024-10-07,IOB,2024-10-07,2024-10-08,52.689998626708984,2024-10-15,54.31999969482422,5,0.030935682493811623,FIXED_HORIZON
IRCON-2024-10-07,IRCON,2024-10-07,2024-10-08,199.61496198854346,2024-10-15,218.1610921848782,5,0.09290951946477422,FIXED_HORIZON
IRFC-2024-10-07,IRFC,2024-10-07,2024-10-08,139.9888110319622,2024-10-15,147.2816072330129,5,0.05209556497615808,FIXED_HORIZON
JPPOWER-2024-10-07,JPPOWER,2024-10-07,2024-10-08,17.649999618530273,2024-10-15,21.399999618530273,5,0.21246459382712812,FIXED_HORIZON
JUBLINGREA-2024-10-07,JUBLINGREA,2024-10-07,2024-10-08,722.8225842188708,2024-10-15,721.9842644009028,5,-0.0011597864209983433,FIXED_HORIZON
JUSTDIAL-2024-10-07,JUSTDIAL,2024-10-07,2024-10-08,1148.0,2024-10-15,1256.050048828125,5,0.0941202515924433,FIXED_HORIZON
KARURVYSYA-2024-10-07,KARURVYSYA,2024-10-07,2024-10-08,161.93686906802355,2024-10-15,167.83142962676217,5,0.03640036140418723,FIXED_HORIZON
KIRLOSBROS-2024-10-07,KIRLOSBROS,2024-10-07,2024-10-08,1656.476639433722,2024-10-15,1718.4765882886825,5,0.037428809666857354,FIXED_HORIZON
NETWORK18-2024-10-07,NETWORK18,2024-10-07,2024-10-08,73.94000244140625,2024-10-15,79.30000305175781,5,0.072491214949568,FIXED_HORIZON
NHPC-2024-10-07,NHPC,2024-10-07,2024-10-08,85.547919620968,2024-10-15,86.9904280881095,5,0.016861993529857067,FIXED_HORIZON
NIACL-2024-10-07,NIACL,2024-10-07,2024-10-08,201.64294689510294,2024-10-15,213.77200263177403,5,0.06015115293360984,FIXED_HORIZON
RAILTEL-2024-10-07,RAILTEL,2024-10-07,2024-10-08,385.4321198722288,2024-10-15,403.34205358844764,5,0.04646715411822977,FIXED_HORIZON
RECLTD-2024-10-07,RECLTD,2024-10-07,2024-10-08,453.85826187242935,2024-10-15,495.51491862320034,5,0.09178340519551864,FIXED_HORIZON
RENUKA-2024-10-07,RENUKA,2024-10-07,2024-10-08,47.29999923706055,2024-10-15,47.0,5,-0.006342478687092479,FIXED_HORIZON
RKFORGE-2024-10-07,RKFORGE,2024-10-07,2024-10-08,884.222110314375,2024-10-15,1053.6789532485202,5,0.19164510925190137,FIXED_HORIZON
RVNL-2024-10-07,RVNL,2024-10-07,2024-10-08,438.10030686128835,2024-10-15,465.5835424998519,5,0.06273274683476848,FIXED_HORIZON
SAMMAANCAP-2024-10-07,SAMMAANCAP,2024-10-07,2024-10-08,148.8000030517578,2024-10-15,151.39999389648438,5,0.01747305639383745,FIXED_HORIZON
SJVN-2024-10-07,SJVN,2024-10-07,2024-10-08,114.2704369698658,2024-10-15,115.52404009494067,5,0.010970493841775175,FIXED_HORIZON
TATACHEM-2024-10-07,TATACHEM,2024-10-07,2024-10-08,1049.1754703313627,2024-10-15,1078.6261642433574,5,0.028070322595984187,FIXED_HORIZON
TEJASNET-2024-10-07,TEJASNET,2024-10-07,2024-10-08,1112.9494408359812,2024-10-15,1201.6805517399855,5,0.07972609325123936,FIXED_HORIZON
TRIVENI-2024-10-07,TRIVENI,2024-10-07,2024-10-08,428.69355273870843,2024-10-15,430.2758094605231,5,0.00369088061088485,FIXED_HORIZON
UCOBANK-2024-10-07,UCOBANK,2024-10-07,2024-10-08,43.419553326482315,2024-10-15,44.011816122285516,5,0.013640462658605301,FIXED_HORIZON
UJJIVANSFB-2024-10-07,UJJIVANSFB,2024-10-07,2024-10-08,39.79999923706055,2024-10-15,40.099998474121094,5,0.0075376694173701075,FIXED_HORIZON
UPL-2024-10-07,UPL,2024-10-07,2024-10-08,566.9730951901859,2024-10-15,569.1322934544046,5,0.0038082905212537543,FIXED_HORIZON
VBL-2024-10-07,VBL,2024-10-07,2024-10-08,536.9812423369642,2024-10-15,591.2458087429183,5,0.1010548639833162,FIXED_HORIZON
VINATIORGA-2024-10-07,VINATIORGA,2024-10-07,2024-10-08,1916.6978135402699,2024-10-15,1951.4454827754598,5,0.018128924126546986,FIXED_HORIZON
YESBANK-2024-10-07,YESBANK,2024-10-07,2024-10-08,21.260000228881836,2024-10-15,21.18000030517578,5,-0.003762931460243979,FIXED_HORIZON
SBILIFE-2024-10-08,SBILIFE,2024-10-08,2024-10-09,1742.3074201645452,2024-10-16,1719.3828295544058,5,-0.013157603729871292,FIXED_HORIZON
AUBANK-2024-10-09,AUBANK,2024-10-09,2024-10-10,709.9342382935583,2024-10-17,697.4617016507079,5,-0.0175685802572787,FIXED_HORIZON
ITC-2024-10-09,ITC,2024-10-09,2024-10-10,439.6313117780773,2024-10-17,439.3206155181232,5,-0.0007067200438874988,FIXED_HORIZON
CIPLA-2024-10-10,CIPLA,2024-10-10,2024-10-11,1570.4335712030934,2024-10-18,1518.4322595266622,5,-0.03311271016487094,FIXED_HORIZON
LUPIN-2024-10-10,LUPIN,2024-10-10,2024-10-11,2141.062465538253,2024-10-18,2151.57058420104,5,0.004907899153771433,FIXED_HORIZON
CREDITACC-2024-10-11,CREDITACC,2024-10-11,2024-10-14,1085.300048828125,2024-10-21,1026.0,5,-0.05463931278005141,FIXED_HORIZON
CUMMINSIND-2024-10-11,CUMMINSIND,2024-10-11,2024-10-14,3512.1364067757054,2024-10-21,3606.98166542674,5,0.02700500426693475,FIXED_HORIZON
STARHEALTH-2024-10-11,STARHEALTH,2024-10-11,2024-10-14,547.5999755859375,2024-10-21,556.4000244140625,5,0.016070214062206434,FIXED_HORIZON
COLPAL-2024-10-14,COLPAL,2024-10-14,2024-10-15,3381.013373708711,2024-10-22,3209.22758881811,5,-0.05080896343872343,FIXED_HORIZON
DMART-2024-10-14,DMART,2024-10-14,2024-10-15,4230.0,2024-10-22,3999.89990234375,5,-0.05439718620715128,FIXED_HORIZON
GODREJIND-2024-10-15,GODREJIND,2024-10-15,2024-10-16,1045.5,2024-10-23,998.0,5,-0.04543280726924914,FIXED_HORIZON
HDFCLIFE-2024-10-15,HDFCLIFE,2024-10-15,2024-10-16,718.8935962963126,2024-10-23,720.4338387339432,5,0.0021425179547651663,FIXED_HORIZON
WIPRO-2024-10-15,WIPRO,2024-10-15,2024-10-16,246.99639391949256,2024-10-23,253.7157836581496,5,0.027204404210237954,FIXED_HORIZON
COFORGE-2024-10-16,COFORGE,2024-10-16,2024-10-17,1422.851893286263,2024-10-24,1482.8753343474348,5,0.04218530498106854,FIXED_HORIZON
HONASA-2024-10-16,HONASA,2024-10-16,2024-10-17,411.1899080653014,2024-10-24,398.36974967218435,5,-0.03117819319408255,FIXED_HORIZON
KEI-2024-10-16,KEI,2024-10-16,2024-10-17,4410.571382097035,2024-10-24,4080.3237770105206,5,-0.07487637688554905,FIXED_HORIZON
ZYDUSLIFE-2024-10-16,ZYDUSLIFE,2024-10-16,2024-10-17,1007.6412400152896,2024-10-24,992.7256514973337,5,-0.014802479221403764,FIXED_HORIZON
BAJAJ-AUTO-2024-10-17,BAJAJ-AUTO,2024-10-17,2024-10-18,9665.129951715431,2024-10-25,9905.999877906957,5,0.024921540361573236,FIXED_HORIZON
BHEL-2024-10-17,BHEL,2024-10-17,2024-10-18,252.45345132946142,2024-10-25,226.79033024142026,5,-0.10165486331398887,FIXED_HORIZON
DEEPAKNTR-2024-10-17,DEEPAKNTR,2024-10-17,2024-10-18,2825.399339620675,2024-10-25,2696.523795290984,5,-0.04561321386413064,FIXED_HORIZON
HAVELLS-2024-10-17,HAVELLS,2024-10-17,2024-10-18,1779.7286825611416,2024-10-25,1698.8520792897098,5,-0.0454432206795955,FIXED_HORIZON
HEROMOTOCO-2024-10-17,HEROMOTOCO,2024-10-17,2024-10-18,4846.776916518932,2024-10-25,4756.250563801739,5,-0.018677639651343947,FIXED_HORIZON
NESTLEIND-2024-10-17,NESTLEIND,2024-10-17,2024-10-18,1165.5510779272151,2024-10-25,1111.1913477973185,5,-0.04663865115767263,FIXED_HORIZON
OBEROIRLTY-2024-10-17,OBEROIRLTY,2024-10-17,2024-10-18,1892.1740767111319,2024-10-25,1981.2867960335743,5,0.04709541284770857,FIXED_HORIZON
RAMCOCEM-2024-10-17,RAMCOCEM,2024-10-17,2024-10-18,845.1313211740699,2024-10-25,847.719710860566,5,0.003062707086634031,FIXED_HORIZON
SHRIRAMFIN-2024-10-17,SHRIRAMFIN,2024-10-17,2024-10-18,620.085953531301,2024-10-25,633.0313343797576,5,0.020876752286895783,FIXED_HORIZON
TATACOMM-2024-10-17,TATACOMM,2024-10-17,2024-10-18,1776.0947574548268,2024-10-25,1745.093671437751,5,-0.017454635169072197,FIXED_HORIZON
ELECON-2024-10-18,ELECON,2024-10-18,2024-10-21,631.7543838443853,2024-10-28,542.4799564442736,5,-0.14131192387910974,FIXED_HORIZON
ETERNAL-2024-10-18,ETERNAL,2024-10-18,2024-10-21,258.0,2024-10-28,252.0,5,-0.023255813953488413,FIXED_HORIZON
IGL-2024-10-18,IGL,2024-10-18,2024-10-21,219.17667655667117,2024-10-28,200.05403505886835,5,-0.08724761137099546,FIXED_HORIZON
INFY-2024-10-18,INFY,2024-10-18,2024-10-21,1777.5986762175419,2024-10-28,1748.0833692337449,5,-0.016604032945502167,FIXED_HORIZON
LTM-2024-10-18,LTM,2024-10-18,2024-10-21,5853.208742675186,2024-10-28,5756.768731900055,5,-0.01647643455323844,FIXED_HORIZON
MANAPPURAM-2024-10-18,MANAPPURAM,2024-10-18,2024-10-21,151.41386813123347,2024-10-28,143.25707615388734,5,-0.0538708381076195,FIXED_HORIZON
MGL-2024-10-18,MGL,2024-10-18,2024-10-21,1512.4193016513366,2024-10-28,1409.5151074196367,5,-0.06803946109345727,FIXED_HORIZON
TANLA-2024-10-18,TANLA,2024-10-18,2024-10-21,791.6488534291761,2024-10-28,705.7468260629724,5,-0.10851026562358157,FIXED_HORIZON
TIMKEN-2024-10-18,TIMKEN,2024-10-18,2024-10-21,3624.3300285635764,2024-10-28,3303.710107304246,5,-0.08846322457737144,FIXED_HORIZON
AFFLE-2024-10-21,AFFLE,2024-10-21,2024-10-22,1497.0,2024-10-29,1460.4000244140625,5,-0.02444888148693225,FIXED_HORIZON
CGPOWER-2024-10-21,CGPOWER,2024-10-21,2024-10-22,772.8528646302053,2024-10-29,713.0043830360266,5,-0.07743839006511932,FIXED_HORIZON
INDIAMART-2024-10-21,INDIAMART,2024-10-21,2024-10-22,2403.69943673935,2024-10-29,2395.2265929534965,5,-0.0035249181558851816,FIXED_HORIZON
INDUSINDBK-2024-10-21,INDUSINDBK,2024-10-21,2024-10-22,1306.9831146625802,2024-10-29,1057.087946356619,5,-0.19119999753820516,FIXED_HORIZON
JINDALSAW-2024-10-21,JINDALSAW,2024-10-21,2024-10-22,341.30446801314486,2024-10-29,300.56191274420024,5,-0.11937304983471675,FIXED_HORIZON
JSL-2024-10-21,JSL,2024-10-21,2024-10-22,696.4454042822601,2024-10-29,665.5923212326262,5,-0.044300792079216,FIXED_HORIZON
KOTAKBANK-2024-10-21,KOTAKBANK,2024-10-21,2024-10-22,357.3603122953124,2024-10-29,347.69816423919923,5,-0.027037552083088112,FIXED_HORIZON
LTF-2024-10-21,LTF,2024-10-21,2024-10-22,154.0099405824259,2024-10-29,138.822303686055,5,-0.09861465330702157,FIXED_HORIZON
MASTEK-2024-10-21,MASTEK,2024-10-21,2024-10-22,2842.9619360218467,2024-10-29,2742.2736596603704,5,-0.03541668113304719,FIXED_HORIZON
MRPL-2024-10-21,MRPL,2024-10-21,2024-10-22,155.08809739616413,2024-10-29,141.91598915086954,5,-0.08493307008369033,FIXED_HORIZON
PIIND-2024-10-21,PIIND,2024-10-21,2024-10-22,4344.072964345672,2024-10-29,4321.687569434101,5,-0.005153089069935279,FIXED_HORIZON
PNCINFRA-2024-10-21,PNCINFRA,2024-10-21,2024-10-22,324.3640811391375,2024-10-29,320.2222234321387,5,-0.012769162641106724,FIXED_HORIZON
RBLBANK-2024-10-21,RBLBANK,2024-10-21,2024-10-22,177.27473644525153,2024-10-29,166.21369376318134,5,-0.062394918214904393,FIXED_HORIZON
TATACONSUM-2024-10-21,TATACONSUM,2024-10-21,2024-10-22,1007.2486715510491,2024-10-29,966.5964854750108,5,-0.040359632357160224,FIXED_HORIZON
360ONE-2024-10-22,360ONE,2024-10-22,2024-10-23,998.1093189909255,2024-10-30,1008.2359714024107,5,0.010145834948944277,FIXED_HORIZON
AARTIIND-2024-10-22,AARTIIND,2024-10-22,2024-10-23,488.6971746276509,2024-10-30,513.4810672971853,5,0.050714213128851826,FIXED_HORIZON
ABREL-2024-10-22,ABREL,2024-10-22,2024-10-23,2730.2870498530815,2024-10-30,2742.754179807068,5,0.004566234145474635,FIXED_HORIZON
ARE&M-2024-10-22,ARE&M,2024-10-22,2024-10-23,1247.6849712585813,2024-10-30,1309.6533156939477,5,0.04966665934338921,FIXED_HORIZON
ASTERDM-2024-10-22,ASTERDM,2024-10-22,2024-10-23,401.1310863589766,2024-10-30,424.44003986126324,5,0.05810807064059653,FIXED_HORIZON
BANKINDIA-2024-10-22,BANKINDIA,2024-10-22,2024-10-23,93.24085881721783,2024-10-30,95.78260770212069,5,0.027260032963504877,FIXED_HORIZON
BDL-2024-10-22,BDL,2024-10-22,2024-10-23,1042.2668035404545,2024-10-30,1037.303624106274,5,-0.004761908771651613,FIXED_HORIZON
BEML-2024-10-22,BEML,2024-10-22,2024-10-23,1884.6281272431988,2024-10-30,1887.0063436142552,5,0.001261902195280884,FIXED_HORIZON
BIRLACORPN-2024-10-22,BIRLACORPN,2024-10-22,2024-10-23,1135.874348243006,2024-10-30,1119.517475659825,5,-0.014400248239148983,FIXED_HORIZON
CANBK-2024-10-22,CANBK,2024-10-22,2024-10-23,90.65427074267457,2024-10-30,96.72904621792107,5,0.06701036173452835,FIXED_HORIZON
CENTRALBK-2024-10-22,CENTRALBK,2024-10-22,2024-10-23,50.69748017965079,2024-10-30,51.87335478857424,5,0.02319394582840495,FIXED_HORIZON
EQUITASBNK-2024-10-22,EQUITASBNK,2024-10-22,2024-10-23,66.88999938964844,2024-10-30,70.4000015258789,5,0.05247424380711929,FIXED_HORIZON
FINPIPE-2024-10-22,FINPIPE,2024-10-22,2024-10-23,295.93214860616155,2024-10-30,286.19561726198356,5,-0.03290122884599389,FIXED_HORIZON
GMDCLTD-2024-10-22,GMDCLTD,2024-10-22,2024-10-23,331.7670479518284,2024-10-30,355.6189262987355,5,0.0718934520295409,FIXED_HORIZON
GRSE-2024-10-22,GRSE,2024-10-22,2024-10-23,1571.561707037505,2024-10-30,1544.9569437901139,5,-0.016928869625833953,FIXED_HORIZON
HFCL-2024-10-22,HFCL,2024-10-22,2024-10-23,115.73405204388891,2024-10-30,116.64274691278297,5,0.007851577412579136,FIXED_HORIZON
IDBI-2024-10-22,IDBI,2024-10-22,2024-10-23,76.19001352888166,2024-10-30,81.2615213830334,5,0.06656394479086503,FIXED_HORIZON
IRB-2024-10-22,IRB,2024-10-22,2024-10-23,26.01328708488837,2024-10-30,25.667951872931273,5,-0.013275339284503862,FIXED_HORIZON
IRCON-2024-10-22,IRCON,2024-10-22,2024-10-23,196.10094707097778,2024-10-30,199.0780846029818,5,0.015181658102479512,FIXED_HORIZON
J&KBANK-2024-10-22,J&KBANK,2024-10-22,2024-10-23,89.32972545840222,2024-10-30,94.61034553470321,5,0.05911380617373552,FIXED_HORIZON
JWL-2024-10-22,JWL,2024-10-22,2024-10-23,472.432339073415,2024-10-30,466.54690403383665,5,-0.012457731092502033,FIXED_HORIZON
KAJARIACER-2024-10-22,KAJARIACER,2024-10-22,2024-10-23,1268.9959609558828,2024-10-30,1190.3462324722946,5,-0.06197791868805047,FIXED_HORIZON
MAHABANK-2024-10-22,MAHABANK,2024-10-22,2024-10-23,46.49316633410419,2024-10-30,48.91242845994355,5,0.05203478955281993,FIXED_HORIZON
MAHSEAMLES-2024-10-22,MAHSEAMLES,2024-10-22,2024-10-23,567.8394557265204,2024-10-30,601.0968720078002,5,0.0585683434743518,FIXED_HORIZON
MAZDOCK-2024-10-22,MAZDOCK,2024-10-22,2024-10-23,2091.830458453783,2024-10-30,1997.1707754834838,5,-0.04525208177734874,FIXED_HORIZON
NBCC-2024-10-22,NBCC,2024-10-22,2024-10-23,94.74991975582392,2024-10-30,91.71088116225356,5,-0.03207431311184372,FIXED_HORIZON
NHPC-2024-10-22,NHPC,2024-10-22,2024-10-23,75.07773094514732,2024-10-30,77.06477004882164,5,0.02646642457969417,FIXED_HORIZON
NSLNISP-2024-10-22,NSLNISP,2024-10-22,2024-10-23,45.0,2024-10-30,45.25,5,0.005555555555555536,FIXED_HORIZON
PNB-2024-10-22,PNB,2024-10-22,2024-10-23,90.6603203067288,2024-10-30,95.75996200262381,5,0.05624998542517301,FIXED_HORIZON
POONAWALLA-2024-10-22,POONAWALLA,2024-10-22,2024-10-23,361.54998779296875,2024-10-30,336.5,5,-0.06928499139464195,FIXED_HORIZON
RAYMOND-2024-10-22,RAYMOND,2024-10-22,2024-10-23,1585.25,2024-10-30,1589.0,5,0.0023655574830467874,FIXED_HORIZON
SHYAMMETL-2024-10-22,SHYAMMETL,2024-10-22,2024-10-23,810.6585209656685,2024-10-30,825.5864435752143,5,0.018414563251322402,FIXED_HORIZON
SJVN-2024-10-22,SJVN,2024-10-22,2024-10-23,106.98027812147888,2024-10-30,106.3823977090436,5,-0.005588697495779171,FIXED_HORIZON
SRF-2024-10-22,SRF,2024-10-22,2024-10-23,2153.7405184319937,2024-10-30,2238.258546629499,5,0.03924243773759617,FIXED_HORIZON
SUPREMEIND-2024-10-22,SUPREMEIND,2024-10-22,2024-10-23,4518.480400817991,2024-10-30,4287.658293460925,5,-0.051084012075227614,FIXED_HORIZON
SWANCORP-2024-10-22,SWANCORP,2024-10-22,2024-10-23,489.7077279695043,2024-10-30,488.1588272523565,5,-0.003162908462911229,FIXED_HORIZON
UCOBANK-2024-10-22,UCOBANK,2024-10-22,2024-10-23,42.71078341390885,2024-10-30,43.68170282375713,5,0.022732418659689113,FIXED_HORIZON
ABB-2024-10-23,ABB,2024-10-23,2024-10-24,7592.28837437862,2024-10-31,7284.69077416642,5,-0.040514477986668185,FIXED_HORIZON
CHENNPETRO-2024-10-23,CHENNPETRO,2024-10-23,2024-10-24,746.859675558877,2024-10-31,606.8117119373486,5,-0.18751576528312386,FIXED_HORIZON
FLUOROCHEM-2024-10-23,FLUOROCHEM,2024-10-23,2024-10-24,4384.137124042352,2024-10-31,4250.842830142946,5,-0.030403769345723308,FIXED_HORIZON
IDFCFIRSTB-2024-10-23,IDFCFIRSTB,2024-10-23,2024-10-24,66.16840455757209,2024-10-31,68.57344382859749,5,0.03634724589638272,FIXED_HORIZON
M&MFIN-2024-10-23,M&MFIN,2024-10-23,2024-10-24,257.6104503576789,2024-10-31,261.47529096863536,5,0.015002654611217414,FIXED_HORIZON
BSOFT-2024-10-24,BSOFT,2024-10-24,2024-10-25,549.6227793473668,2024-11-01,537.4698236489425,5,-0.02211144835164036,FIXED_HORIZON
COLPAL-2024-10-24,COLPAL,2024-10-24,2024-10-25,3109.4190297410055,2024-11-01,2955.819369820466,5,-0.04939818610852631,FIXED_HORIZON
CRAFTSMAN-2024-10-24,CRAFTSMAN,2024-10-24,2024-10-25,5308.492605221748,2024-11-01,5153.412265608775,5,-0.029213630148119063,FIXED_HORIZON
EMAMILTD-2024-10-24,EMAMILTD,2024-10-24,2024-10-25,615.5350140395043,2024-11-01,687.6680387827317,5,0.11718752483282469,FIXED_HORIZON
ESCORTS-2024-10-24,ESCORTS,2024-10-24,2024-10-25,3402.9956089699017,2024-11-01,3706.329648296277,5,0.08913735842821002,FIXED_HORIZON
GODREJCP-2024-10-24,GODREJCP,2024-10-24,2024-10-25,1243.3336534970958,2024-11-01,1247.8917838186517,5,0.003666055614866659,FIXED_HORIZON
HINDALCO-2024-10-24,HINDALCO,2024-10-24,2024-10-25,685.8660257413243,2024-11-01,678.9529747945751,5,-0.010079302206691398,FIXED_HORIZON
HINDUNILVR-2024-10-24,HINDUNILVR,2024-10-24,2024-10-25,2404.230863823927,2024-11-01,2444.248681442397,5,0.016644748314569746,FIXED_HORIZON
KPITTECH-2024-10-24,KPITTECH,2024-10-24,2024-10-25,1410.3097787511094,2024-11-01,1400.4817245507504,5,-0.006968720169452602,FIXED_HORIZON
LALPATHLAB-2024-10-24,LALPATHLAB,2024-10-24,2024-10-25,1509.4719171074928,2024-11-01,1530.3945787783623,5,0.013860914823087489,FIXED_HORIZON
SBILIFE-2024-10-24,SBILIFE,2024-10-24,2024-10-25,1639.4462592357625,2024-11-01,1634.0142913285433,5,-0.0033132942764170226,FIXED_HORIZON
SCHAEFFLER-2024-10-24,SCHAEFFLER,2024-10-24,2024-10-25,3640.972170488904,2024-11-01,3408.6661497103996,5,-0.06380329480719726,FIXED_HORIZON
UJJIVANSFB-2024-10-24,UJJIVANSFB,2024-10-24,2024-10-25,35.720001220703125,2024-11-01,38.400001525878906,5,0.07502800150024824,FIXED_HORIZON
VIPIND-2024-10-24,VIPIND,2024-10-24,2024-10-25,472.79998779296875,2024-11-01,484.0,5,0.023688689712774602,FIXED_HORIZON
ABCAPITAL-2024-10-25,ABCAPITAL,2024-10-25,2024-10-28,204.11000061035156,2024-11-04,206.1999969482422,5,0.010239558726377496,FIXED_HORIZON
ADANIENT-2024-10-25,ADANIENT,2024-10-25,2024-10-28,2698.555048804152,2024-11-04,2932.234839375619,5,0.08659441306376925,FIXED_HORIZON
AUBANK-2024-10-25,AUBANK,2024-10-25,2024-10-28,608.6575661936114,2024-11-04,618.5856515386636,5,0.01631144652836558,FIXED_HORIZON
AWL-2024-10-25,AWL,2024-10-25,2024-10-28,323.4105495139958,2024-11-04,340.91910589633795,5,0.05413724570411538,FIXED_HORIZON
COALINDIA-2024-10-25,COALINDIA,2024-10-25,2024-10-28,396.0901858189895,2024-11-04,401.34801316310677,5,0.013274318658630158,FIXED_HORIZON
DIXON-2024-10-25,DIXON,2024-10-25,2024-10-28,14093.727735204013,2024-11-04,14113.71904393672,5,0.0014184543016799722,FIXED_HORIZON
GNFC-2024-10-25,GNFC,2024-10-25,2024-10-28,575.072533857912,2024-11-04,605.7108635200904,5,0.05327733087274922,FIXED_HORIZON
GODIGIT-2024-10-25,GODIGIT,2024-10-25,2024-10-28,320.70001220703125,2024-11-04,334.70001220703125,5,0.04365450410697891,FIXED_HORIZON
HINDCOPPER-2024-10-25,HINDCOPPER,2024-10-25,2024-10-28,272.8532264115056,2024-11-04,292.96710047147036,5,0.073716826898099,FIXED_HORIZON
HINDZINC-2024-10-25,HINDZINC,2024-10-25,2024-10-28,496.3809434958071,2024-11-04,538.2676166062769,5,0.08438412807606821,FIXED_HORIZON
ICICIPRULI-2024-10-25,ICICIPRULI,2024-10-25,2024-10-28,736.9623634851869,2024-11-04,740.4456276538535,5,0.004726515682828003,FIXED_HORIZON
IDEA-2024-10-25,IDEA,2024-10-25,2024-10-28,7.78000020980835,2024-11-04,8.489999771118164,5,0.09125958125485756,FIXED_HORIZON
INDUSTOWER-2024-10-25,INDUSTOWER,2024-10-25,2024-10-28,328.58395114514155,2024-11-04,334.2699548814276,5,0.017304569247736712,FIXED_HORIZON
KIRLOSENG-2024-10-25,KIRLOSENG,2024-10-25,2024-10-28,988.6118597865006,2024-11-04,1137.2492650508923,5,0.15034960767766958,FIXED_HORIZON
LT-2024-10-25,LT,2024-10-25,2024-10-28,3253.5808406321084,2024-11-04,3556.7151773732153,5,0.09316944978143327,FIXED_HORIZON
REDINGTON-2024-10-25,REDINGTON,2024-10-25,2024-10-28,154.8091365557983,2024-11-04,181.86939810305827,5,0.1747975742859762,FIXED_HORIZON
RRKABEL-2024-10-25,RRKABEL,2024-10-25,2024-10-28,1475.6152117680542,2024-11-04,1530.2389264788535,5,0.037017587156308984,FIXED_HORIZON
SBICARD-2024-10-25,SBICARD,2024-10-25,2024-10-28,688.8712465119839,2024-11-04,690.3615521342205,5,0.002163402275508597,FIXED_HORIZON
SHRIRAMFIN-2024-10-25,SHRIRAMFIN,2024-10-25,2024-10-28,615.4660690552524,2024-11-04,613.7932620839939,5,-0.0027179515742050686,FIXED_HORIZON
SYRMA-2024-10-25,SYRMA,2024-10-25,2024-10-28,388.4329196813696,2024-11-04,499.56333293357585,5,0.2860993690837692,FIXED_HORIZON
YESBANK-2024-10-25,YESBANK,2024-10-25,2024-10-28,20.350000381469727,2024-11-04,20.700000762939453,5,0.017199035622054826,FIXED_HORIZON
CHOLAFIN-2024-10-28,CHOLAFIN,2024-10-28,2024-10-29,1286.6388888793242,2024-11-05,1239.0095298952617,5,-0.03701843570541241,FIXED_HORIZON
CHOLAHLDNG-2024-10-28,CHOLAHLDNG,2024-10-28,2024-10-29,1679.5158316837865,2024-11-05,1737.4301221766873,5,0.03448272972505362,FIXED_HORIZON
INDIGO-2024-10-28,INDIGO,2024-10-28,2024-10-29,4020.9051356934197,2024-11-05,3964.2007691198833,5,-0.014102388556788803,FIXED_HORIZON
JBMA-2024-10-28,JBMA,2024-10-28,2024-10-29,759.1351691617756,2024-11-05,793.9135932875733,5,0.04581321685333006,FIXED_HORIZON
KSB-2024-10-29,KSB,2024-10-29,2024-10-30,754.4615002659236,2024-11-06,790.2374303984102,5,0.047419159387028564,FIXED_HORIZON
MARUTI-2024-10-29,MARUTI,2024-10-29,2024-10-30,10753.445112416015,2024-11-06,10988.513962540872,5,0.021859864226529968,FIXED_HORIZON
SAPPHIRE-2024-10-29,SAPPHIRE,2024-10-29,2024-10-30,321.3500061035156,2024-11-06,322.0,5,0.0020226976322974544,FIXED_HORIZON
TMPV-2024-10-29,TMPV,2024-10-29,2024-10-30,831.8875007745625,2024-11-06,829.8225156687083,5,-0.002482288895952256,FIXED_HORIZON
CIPLA-2024-10-30,CIPLA,2024-10-30,2024-10-31,1529.2148514853711,2024-11-07,1568.375150182147,5,0.02560810775460265,FIXED_HORIZON
FIVESTAR-2024-10-30,FIVESTAR,2024-10-30,2024-10-31,759.848847175692,2024-11-07,655.3417007953037,5,-0.13753675717063252,FIXED_HORIZON
GODREJAGRO-2024-10-30,GODREJAGRO,2024-10-30,2024-10-31,693.1423493483547,2024-11-07,722.3782638088866,5,0.042178802792842474,FIXED_HORIZON
HONAUT-2024-10-30,HONAUT,2024-10-30,2024-10-31,45271.8539074362,2024-11-07,44948.41186619718,5,-0.007144439940549696,FIXED_HORIZON
MCX-2024-10-30,MCX,2024-10-30,2024-10-31,1273.1063992153977,2024-11-07,1284.932072849895,5,0.009288833707681743,FIXED_HORIZON
STARHEALTH-2024-10-30,STARHEALTH,2024-10-30,2024-10-31,517.9500122070312,2024-11-07,481.3999938964844,5,-0.07056669070206989,FIXED_HORIZON
VOLTAS-2024-10-30,VOLTAS,2024-10-30,2024-10-31,1690.1263818804352,2024-11-07,1723.9309174379237,5,0.02000118802942863,FIXED_HORIZON
HCLTECH-2024-10-31,HCLTECH,2024-10-31,2024-11-01,1650.8111638140645,2024-11-08,1708.362123710801,5,0.034862230858537346,FIXED_HORIZON
IDFCFIRSTB-2024-10-31,IDFCFIRSTB,2024-10-31,2024-11-01,66.28766348020199,2024-11-08,66.10877110958924,5,-0.002698727956615521,FIXED_HORIZON
LTTS-2024-10-31,LTTS,2024-10-31,2024-11-01,4832.043322351393,2024-11-08,5050.262274695299,5,0.045160802125779664,FIXED_HORIZON
TCS-2024-10-31,TCS,2024-10-31,2024-11-01,3715.8558850555814,2024-11-08,3869.664484727288,5,0.04139250940551631,FIXED_HORIZON
TECHM-2024-10-31,TECHM,2024-10-31,2024-11-01,1533.619819319346,2024-11-08,1572.4575857659488,5,0.02532424656838339,FIXED_HORIZON
BRIGADE-2024-11-04,BRIGADE,2024-11-04,2024-11-05,883.115351663954,2024-11-12,823.2891957001341,5,-0.06774444114361311,FIXED_HORIZON
EMAMILTD-2024-11-04,EMAMILTD,2024-11-04,2024-11-05,649.8222472134762,2024-11-12,655.496738641004,5,0.008732374817668642,FIXED_HORIZON
HEROMOTOCO-2024-11-04,HEROMOTOCO,2024-11-04,2024-11-05,4475.705507073277,2024-11-12,4419.504339048794,5,-0.01255694056180967,FIXED_HORIZON
IOC-2024-11-04,IOC,2024-11-04,2024-11-05,128.27686721679203,2024-11-12,129.77353418574862,5,0.011667473656237437,FIXED_HORIZON
MRF-2024-11-04,MRF,2024-11-04,2024-11-05,120396.02868026431,2024-11-12,123285.31949037526,5,0.02399822354426684,FIXED_HORIZON
POLYMED-2024-11-04,POLYMED,2024-11-04,2024-11-05,2868.0799185255582,2024-11-12,2721.4878972746196,5,-0.05111155386712507,FIXED_HORIZON
PVRINOX-2024-11-04,PVRINOX,2024-11-04,2024-11-05,1481.550048828125,2024-11-12,1465.0,5,-0.011170765942882466,FIXED_HORIZON
SOLARINDS-2024-11-04,SOLARINDS,2024-11-04,2024-11-05,9874.351462164037,2024-11-12,10273.826053170975,5,0.04045578006187256,FIXED_HORIZON
SUNPHARMA-2024-11-04,SUNPHARMA,2024-11-04,2024-11-05,1772.1143852853427,2024-11-12,1769.070834763287,5,-0.0017174684361955794,FIXED_HORIZON
JKCEMENT-2024-11-05,JKCEMENT,2024-11-05,2024-11-06,4099.287952009402,2024-11-13,3999.6491245980474,5,-0.024306374321060642,FIXED_HORIZON
KPRMILL-2024-11-05,KPRMILL,2024-11-05,2024-11-06,891.790676437267,2024-11-13,906.5457926950115,5,0.016545492846697707,FIXED_HORIZON
POLICYBZR-2024-11-05,POLICYBZR,2024-11-05,2024-11-06,1695.0,2024-11-13,1685.0999755859375,5,-0.005840722368178453,FIXED_HORIZON
TORNTPOWER-2024-11-05,TORNTPOWER,2024-11-05,2024-11-06,1662.342485757792,2024-11-13,1611.2585524720928,5,-0.030730089451099007,FIXED_HORIZON
HINDZINC-2024-11-06,HINDZINC,2024-11-06,2024-11-07,488.87025334036,2024-11-14,468.98608749674423,5,-0.040673707814601,FIXED_HORIZON
ABBOTINDIA-2024-11-07,ABBOTINDIA,2024-11-07,2024-11-08,27286.563164290812,2024-11-18,26449.191766653115,5,-0.030688049374189452,FIXED_HORIZON
ADANIENSOL-2024-11-07,ADANIENSOL,2024-11-07,2024-11-08,965.0,2024-11-18,888.0,5,-0.07979274611398968,FIXED_HORIZON
ADANIGREEN-2024-11-07,ADANIGREEN,2024-11-07,2024-11-08,1640.050048828125,2024-11-18,1512.449951171875,5,-0.0778025632494721,FIXED_HORIZON
APLLTD-2024-11-07,APLLTD,2024-11-07,2024-11-08,1063.5323331318723,2024-11-18,976.8008929507173,5,-0.08155035580888237,FIXED_HORIZON
BLUESTARCO-2024-11-07,BLUESTARCO,2024-11-07,2024-11-08,1763.7858990249704,2024-11-18,1782.6522207412738,5,0.010696491976000422,FIXED_HORIZON
CLEAN-2024-11-07,CLEAN,2024-11-07,2024-11-08,1474.8087707216584,2024-11-18,1301.5208556873774,5,-0.11749856555944349,FIXED_HORIZON
GLENMARK-2024-11-07,GLENMARK,2024-11-07,2024-11-08,1664.816515251462,2024-11-18,1546.207415269277,5,-0.0712445479099959,FIXED_HORIZON
GPPL-2024-11-07,GPPL,2024-11-07,2024-11-08,174.63417706205107,2024-11-18,163.2520061000204,5,-0.06517722449017727,FIXED_HORIZON
HINDALCO-2024-11-07,HINDALCO,2024-11-07,2024-11-08,646.610178002703,2024-11-18,633.9199049501942,5,-0.019625847974907296,FIXED_HORIZON
MUTHOOTFIN-2024-11-07,MUTHOOTFIN,2024-11-07,2024-11-08,1792.7167281544848,2024-11-18,1827.9832236751602,5,0.019672095968547465,FIXED_HORIZON
TRENT-2024-11-07,TRENT,2024-11-07,2024-11-08,6536.561082149571,2024-11-18,6398.445311805211,5,-0.021129729931161356,FIXED_HORIZON
AARTIIND-2024-11-08,AARTIIND,2024-11-08,2024-11-11,453.74037800590764,2024-11-19,431.8487102796944,5,-0.04824712277629439,FIXED_HORIZON
AAVAS-2024-11-08,AAVAS,2024-11-08,2024-11-11,1665.0,2024-11-19,1640.25,5,-0.014864864864864824,FIXED_HORIZON
ASIANPAINT-2024-11-08,ASIANPAINT,2024-11-08,2024-11-11,2511.508133350377,2024-11-19,2440.2421664298527,5,-0.028375765928918217,FIXED_HORIZON
CAPLIPOINT-2024-11-08,CAPLIPOINT,2024-11-08,2024-11-11,1990.604674537195,2024-11-19,1980.6516615513008,5,-0.004999994782092121,FIXED_HORIZON
CHAMBLFERT-2024-11-08,CHAMBLFERT,2024-11-08,2024-11-11,461.7048731354281,2024-11-19,446.6170733861521,5,-0.032678450298380235,FIXED_HORIZON
EMCURE-2024-11-08,EMCURE,2024-11-08,2024-11-11,1414.0759261285878,2024-11-19,1325.2596283864636,5,-0.06280871917909148,FIXED_HORIZON
GESHIP-2024-11-08,GESHIP,2024-11-08,2024-11-11,1140.599286250939,2024-11-19,1015.9897026578036,5,-0.10924922108509938,FIXED_HORIZON
INDUSTOWER-2024-11-08,INDUSTOWER,2024-11-08,2024-11-11,306.5145059096184,2024-11-19,316.82641314803124,5,0.033642477075631616,FIXED_HORIZON
PETRONET-2024-11-08,PETRONET,2024-11-08,2024-11-11,312.01489065476096,2024-11-19,296.8435256285032,5,-0.04862384931187347,FIXED_HORIZON
RVNL-2024-11-08,RVNL,2024-11-08,2024-11-11,439.9292248024624,2024-11-19,415.7083750009092,5,-0.05505624185896918,FIXED_HORIZON
SIGNATURE-2024-11-08,SIGNATURE,2024-11-08,2024-11-11,1280.0,2024-11-19,1290.800048828125,5,0.008437538146972567,FIXED_HORIZON
SUZLON-2024-11-08,SUZLON,2024-11-08,2024-11-11,61.5,2024-11-19,60.5,5,-0.016260162601625994,FIXED_HORIZON
AADHARHFC-2024-11-11,AADHARHFC,2024-11-11,2024-11-12,436.75,2024-11-21,423.70001220703125,5,-0.0298797659827561,FIXED_HORIZON
APOLLOHOSP-2024-11-11,APOLLOHOSP,2024-11-11,2024-11-12,7124.231376892577,2024-11-21,6589.310690002173,5,-0.07508468753912423,FIXED_HORIZON
AUROPHARMA-2024-11-11,AUROPHARMA,2024-11-11,2024-11-12,1284.229337280162,2024-11-21,1249.3103483606558,5,-0.02719061767694886,FIXED_HORIZON
BRITANNIA-2024-11-11,BRITANNIA,2024-11-11,2024-11-12,5262.249511529345,2024-11-21,4733.112372437816,5,-0.10055341122313077,FIXED_HORIZON
EQUITASBNK-2024-11-11,EQUITASBNK,2024-11-11,2024-11-12,64.81999969482422,2024-11-21,65.77999877929688,5,0.01481022969750656,FIXED_HORIZON
MAPMYINDIA-2024-11-11,MAPMYINDIA,2024-11-11,2024-11-12,1881.2441830375913,2024-11-21,1627.0382175935445,5,-0.13512651240924378,FIXED_HORIZON
SONATSOFTW-2024-11-11,SONATSOFTW,2024-11-11,2024-11-12,569.1959170043145,2024-11-21,526.0626355784716,5,-0.07577932331780235,FIXED_HORIZON
SUNDARMFIN-2024-11-11,SUNDARMFIN,2024-11-11,2024-11-12,4214.843239469742,2024-11-21,4022.860768175862,5,-0.045549136797323087,FIXED_HORIZON
TATAELXSI-2024-11-11,TATAELXSI,2024-11-11,2024-11-12,6372.345775092306,2024-11-21,6367.488456302621,5,-0.000762249721079411,FIXED_HORIZON
TIINDIA-2024-11-11,TIINDIA,2024-11-11,2024-11-12,3615.520336856414,2024-11-21,3577.168890591044,5,-0.010607448635931438,FIXED_HORIZON
UPL-2024-11-11,UPL,2024-11-11,2024-11-12,520.1587827710505,2024-11-21,512.1389117878113,5,-0.01541812086785277,FIXED_HORIZON
BASF-2024-11-12,BASF,2024-11-12,2024-11-13,6628.8778975341,2024-11-22,5771.774047334172,5,-0.12929848210339878,FIXED_HORIZON
BOSCHLTD-2024-11-12,BOSCHLTD,2024-11-12,2024-11-13,33325.41031385493,2024-11-22,33529.23318589579,5,0.006116139910095075,FIXED_HORIZON
FINCABLES-2024-11-12,FINCABLES,2024-11-12,2024-11-13,1133.368589443078,2024-11-22,1088.739208842274,5,-0.039377640263291935,FIXED_HORIZON
GODREJCP-2024-11-12,GODREJCP,2024-11-12,2024-11-13,1139.6488568399889,2024-11-22,1147.8859952511496,5,0.007227786314813356,FIXED_HORIZON
JYOTHYLAB-2024-11-12,JYOTHYLAB,2024-11-12,2024-11-13,427.8846182241233,2024-11-22,398.4189311530517,5,-0.06886362775405419,FIXED_HORIZON
LINDEINDIA-2024-11-12,LINDEINDIA,2024-11-12,2024-11-13,6893.466528657926,2024-11-22,6413.823271615542,5,-0.06957939884793563,FIXED_HORIZON
MARICO-2024-11-12,MARICO,2024-11-12,2024-11-13,582.8574418788853,2024-11-22,578.4455497972083,5,-0.007569418805831729,FIXED_HORIZON
MOTHERSON-2024-11-12,MOTHERSON,2024-11-12,2024-11-13,110.11911936941301,2024-11-22,107.4815230882803,5,-0.023952210081561343,FIXED_HORIZON
3MINDIA-2024-11-13,3MINDIA,2024-11-13,2024-11-14,32644.356171879524,2024-11-25,30138.32298281201,5,-0.07676773209655952,FIXED_HORIZON
ANANTRAJ-2024-11-13,ANANTRAJ,2024-11-13,2024-11-14,672.2848254250413,2024-11-25,688.0897697959707,5,0.02350929810283464,FIXED_HORIZON
BALKRISIND-2024-11-13,BALKRISIND,2024-11-13,2024-11-14,2644.8075967342725,2024-11-25,2754.9496292295994,5,0.04164462951154824,FIXED_HORIZON
CUMMINSIND-2024-11-13,CUMMINSIND,2024-11-13,2024-11-14,3241.886330948937,2024-11-25,3304.03129441031,5,0.019169383845479393,FIXED_HORIZON
EMAMILTD-2024-11-13,EMAMILTD,2024-11-13,2024-11-14,623.325372813361,2024-11-25,635.8415522152512,5,0.02007968863099352,FIXED_HORIZON
GNFC-2024-11-13,GNFC,2024-11-13,2024-11-14,506.4504687383157,2024-11-25,551.3930843014117,5,0.08874039681522738,FIXED_HORIZON
HBLENGINE-2024-11-13,HBLENGINE,2024-11-13,2024-11-14,519.00002945971,2024-11-25,567.5676142551283,5,0.09357915614374468,FIXED_HORIZON
HEROMOTOCO-2024-11-13,HEROMOTOCO,2024-11-13,2024-11-14,4198.5059411421635,2024-11-25,4505.431944447516,5,0.07310362486276634,FIXED_HORIZON
INOXWIND-2024-11-13,INOXWIND,2024-11-13,2024-11-14,185.91000366210938,2024-11-25,190.0,5,0.02199987228941258,FIXED_HORIZON
JIOFIN-2024-11-13,JIOFIN,2024-11-13,2024-11-14,301.5723978600597,2024-11-25,317.60976614882884,5,0.05317916494536434,FIXED_HORIZON
KPIL-2024-11-13,KPIL,2024-11-13,2024-11-14,1189.1531122429753,2024-11-25,1120.6911026427435,5,-0.057572072843587896,FIXED_HORIZON
LICI-2024-11-13,LICI,2024-11-13,2024-11-14,436.3499565267682,2024-11-25,436.80800490532425,5,0.0010497271094100924,FIXED_HORIZON
METROPOLIS-2024-11-13,METROPOLIS,2024-11-13,2024-11-14,509.1875914761498,2024-11-25,514.9144176553049,5,0.011246986916065405,FIXED_HORIZON
OLECTRA-2024-11-13,OLECTRA,2024-11-13,2024-11-14,1429.0064413138632,2024-11-25,1434.655164753813,5,0.0039529027138298645,FIXED_HORIZON
POWERINDIA-2024-11-13,POWERINDIA,2024-11-13,2024-11-14,12114.843335763753,2024-11-25,11993.65731033677,5,-0.01000310297610163,FIXED_HORIZON
PRESTIGE-2024-11-13,PRESTIGE,2024-11-13,2024-11-14,1520.9324179614728,2024-11-25,1660.9947420043397,5,0.09208977492280335,FIXED_HORIZON
PTCIL-2024-11-13,PTCIL,2024-11-13,2024-11-14,11145.9501953125,2024-11-25,12200.0,5,0.09456796291183744,FIXED_HORIZON
QUESS-2024-11-13,QUESS,2024-11-13,2024-11-14,597.0307926088806,2024-11-25,603.6241773250977,5,0.011043625886372865,FIXED_HORIZON
RTNINDIA-2024-11-13,RTNINDIA,2024-11-13,2024-11-14,62.54999923706055,2024-11-25,63.4900016784668,5,0.01502801683248145,FIXED_HORIZON
TATASTEEL-2024-11-13,TATASTEEL,2024-11-13,2024-11-14,133.76747889794598,2024-11-25,138.7750212620927,5,0.03743467698877012,FIXED_HORIZON
TATATECH-2024-11-13,TATATECH,2024-11-13,2024-11-14,932.253337731315,2024-11-25,925.9510741578908,5,-0.006760247797836794,FIXED_HORIZON
TECHNOE-2024-11-13,TECHNOE,2024-11-13,2024-11-14,1393.430309790838,2024-11-25,1518.6058238036408,5,0.08983263327434887,FIXED_HORIZON
ASTRAZEN-2024-11-14,ASTRAZEN,2024-11-14,2024-11-18,6682.2555887437,2024-11-26,6425.285680028628,5,-0.03845556418822704,FIXED_HORIZON
HINDUNILVR-2024-11-14,HINDUNILVR,2024-11-14,2024-11-18,2333.8892867149557,2024-11-26,2416.6054934792924,5,0.03544135843768448,FIXED_HORIZON
PIIND-2024-11-14,PIIND,2024-11-14,2024-11-18,4219.565520038523,2024-11-26,4112.541263505331,5,-0.025363809620904898,FIXED_HORIZON
SKFINDIA-2024-11-14,SKFINDIA,2024-11-14,2024-11-18,4369.710629625409,2024-11-26,4696.363310328842,5,0.0747538471972995,FIXED_HORIZON
TORNTPOWER-2024-11-14,TORNTPOWER,2024-11-14,2024-11-18,1534.4624382217105,2024-11-26,1567.0277968992318,5,0.02122264961745257,FIXED_HORIZON
ADANIPOWER-2024-11-18,ADANIPOWER,2024-11-18,2024-11-19,106.4000015258789,2024-11-27,87.3499984741211,5,-0.17904137949776644,FIXED_HORIZON
DRREDDY-2024-11-18,DRREDDY,2024-11-18,2024-11-19,1178.0108446366621,2024-11-27,1196.772290904363,5,0.01592637822743259,FIXED_HORIZON
ECLERX-2024-11-18,ECLERX,2024-11-18,2024-11-19,1563.1671593020262,2024-11-27,1705.377749239028,5,0.09097593247832858,FIXED_HORIZON
HONASA-2024-11-18,HONASA,2024-11-18,2024-11-19,253.37248808080167,2024-11-27,226.48986673493644,5,-0.10609921207109207,FIXED_HORIZON
IGL-2024-11-18,IGL,2024-11-18,2024-11-19,160.27197408391558,2024-11-27,156.35041468160253,5,-0.024468154365277828,FIXED_HORIZON
MGL-2024-11-18,MGL,2024-11-18,2024-11-19,1059.6124825890158,2024-11-27,1123.8025872237831,5,0.06057884905048283,FIXED_HORIZON
NEWGEN-2024-11-18,NEWGEN,2024-11-18,2024-11-19,1041.1858371377307,2024-11-27,1131.5270535933728,5,0.08676761941364308,FIXED_HORIZON
TCS-2024-11-18,TCS,2024-11-18,2024-11-19,3743.8418634756777,2024-11-27,4059.6083950341376,5,0.08434291379639403,FIXED_HORIZON
THERMAX-2024-11-19,THERMAX,2024-11-19,2024-11-21,4513.28297679721,2024-11-28,4607.516670402152,5,0.020879190179166285,FIXED_HORIZON
ACC-2024-11-21,ACC,2024-11-21,2024-11-22,1981.4898454282404,2024-11-29,2158.8931435375093,5,0.08953025851663066,FIXED_HORIZON
ADANIENSOL-2024-11-21,ADANIENSOL,2024-11-21,2024-11-22,658.1500244140625,2024-11-29,748.0,5,0.1365189884569693,FIXED_HORIZON
ADANIENT-2024-11-21,ADANIENT,2024-11-21,2024-11-22,2099.020532577213,2024-11-29,2461.728399921204,5,0.17279862760496778,FIXED_HORIZON
ADANIGREEN-2024-11-21,ADANIGREEN,2024-11-21,2024-11-22,1085.0,2024-11-29,1149.0,5,0.05898617511520743,FIXED_HORIZON
ADANIPORTS-2024-11-21,ADANIPORTS,2024-11-21,2024-11-22,1062.927260322337,2024-11-29,1164.4037885338741,5,0.09546893000068901,FIXED_HORIZON
AEGISLOG-2024-11-21,AEGISLOG,2024-11-21,2024-11-22,787.6477723693806,2024-11-29,867.1262449286102,5,0.10090610974515246,FIXED_HORIZON
AMBUJACEM-2024-11-21,AMBUJACEM,2024-11-21,2024-11-22,473.06803606460494,2024-11-29,511.0899425660902,5,0.08037301952967457,FIXED_HORIZON
ATGL-2024-11-21,ATGL,2024-11-21,2024-11-22,570.1887568383323,2024-11-29,808.8167619972073,5,0.41850703349896823,FIXED_HORIZON
AWL-2024-11-21,AWL,2024-11-21,2024-11-22,279.63921243732466,2024-11-29,312.36823727682594,5,0.11704018386490356,FIXED_HORIZON
DMART-2024-11-21,DMART,2024-11-21,2024-11-22,3615.85009765625,2024-11-29,3714.699951171875,5,0.02733792907501842,FIXED_HORIZON
GMRAIRPORT-2024-11-21,GMRAIRPORT,2024-11-21,2024-11-22,77.98999786376953,2024-11-29,82.62000274658203,5,0.05936664969397798,FIXED_HORIZON
ITC-2024-11-21,ITC,2024-11-21,2024-11-22,404.8849760938828,2024-11-29,419.97274538658377,5,0.037264334770481744,FIXED_HORIZON
JKTYRE-2024-11-21,JKTYRE,2024-11-21,2024-11-22,354.80533039208046,2024-11-29,371.9298049367535,5,0.04826442298865552,FIXED_HORIZON
JSL-2024-11-21,JSL,2024-11-21,2024-11-22,649.5468458689061,2024-11-29,689.1653788680329,5,0.06099411189677739,FIXED_HORIZON
RECLTD-2024-11-21,RECLTD,2024-11-21,2024-11-22,456.2187387282282,2024-11-29,483.8503559483589,5,0.06056659859513358,FIXED_HORIZON
ZFCVINDIA-2024-11-26,ZFCVINDIA,2024-11-26,2024-11-27,2284.4439631466635,2024-12-04,2064.9712397439766,5,-0.09607271044651866,FIXED_HORIZON
AMBER-2024-11-28,AMBER,2024-11-28,2024-11-29,6020.0,2024-12-06,5868.10009765625,5,-0.02523254191756641,FIXED_HORIZON
BAJFINANCE-2024-11-28,BAJFINANCE,2024-11-28,2024-11-29,643.9437129378866,2024-12-06,679.2030093595938,5,0.05475524601497006,FIXED_HORIZON
HDFCLIFE-2024-11-28,HDFCLIFE,2024-11-28,2024-11-29,665.7802079250404,2024-12-06,640.9376764409859,5,-0.037313412427020465,FIXED_HORIZON
INFY-2024-11-28,INFY,2024-11-28,2024-11-29,1759.811276019277,2024-12-06,1837.4821076532628,5,0.04413588700811055,FIXED_HORIZON
MFSL-2024-11-28,MFSL,2024-11-28,2024-11-29,1147.1500244140625,2024-12-06,1168.0999755859375,5,0.01826260796409418,FIXED_HORIZON
SBILIFE-2024-11-28,SBILIFE,2024-11-28,2024-11-29,1437.2627713862262,2024-12-06,1430.2857256742961,5,-0.004854398131526549,FIXED_HORIZON
CREDITACC-2024-11-29,CREDITACC,2024-11-29,2024-12-02,908.9500122070312,2024-12-09,933.0,5,0.02645908737552327,FIXED_HORIZON
AEGISLOG-2024-12-02,AEGISLOG,2024-12-02,2024-12-03,821.8998251968579,2024-12-10,769.0947345697659,5,-0.06424759929160995,FIXED_HORIZON
EMAMILTD-2024-12-02,EMAMILTD,2024-12-02,2024-12-03,608.7916818777519,2024-12-10,600.2750570638024,5,-0.013989390899167509,FIXED_HORIZON
GRANULES-2024-12-03,GRANULES,2024-12-03,2024-12-04,533.3550433711201,2024-12-11,579.6169131392186,5,0.08673747505169538,FIXED_HORIZON
INDGN-2024-12-03,INDGN,2024-12-03,2024-12-04,625.0023145446895,2024-12-11,586.6497907276582,5,-0.061363810860397994,FIXED_HORIZON
MAPMYINDIA-2024-12-03,MAPMYINDIA,2024-12-03,2024-12-04,1530.5105467721248,2024-12-11,1798.200604838024,5,0.17490245894120915,FIXED_HORIZON
GRAPHITE-2024-12-05,GRAPHITE,2024-12-05,2024-12-06,553.2478629768183,2024-12-13,538.1063535146511,5,-0.027368401173203605,FIXED_HORIZON
CANFINHOME-2024-12-06,CANFINHOME,2024-12-06,2024-12-09,783.7706615194318,2024-12-16,781.8185262226648,5,-0.002490697078380788,FIXED_HORIZON
INDIACEM-2024-12-06,INDIACEM,2024-12-06,2024-12-09,358.0,2024-12-16,342.20001220703125,5,-0.04413404411443789,FIXED_HORIZON
DABUR-2024-12-09,DABUR,2024-12-09,2024-12-10,493.8583050523924,2024-12-17,494.87919265727976,5,0.0020671670283627375,FIXED_HORIZON
GODREJCP-2024-12-09,GODREJCP,2024-12-09,2024-12-10,1095.0245588657544,2024-12-17,1078.21110577194,5,-0.01535440731231641,FIXED_HORIZON
HINDUNILVR-2024-12-09,HINDUNILVR,2024-12-09,2024-12-10,2341.2279687941573,2024-12-17,2287.428194383181,5,-0.022979297671164245,FIXED_HORIZON
MARICO-2024-12-09,MARICO,2024-12-09,2024-12-10,595.6028151035509,2024-12-17,632.5154975208566,5,0.061975332354478496,FIXED_HORIZON
PVRINOX-2024-12-09,PVRINOX,2024-12-09,2024-12-10,1489.0,2024-12-17,1481.449951171875,5,-0.005070549918149814,FIXED_HORIZON
STARHEALTH-2024-12-09,STARHEALTH,2024-12-09,2024-12-10,465.5,2024-12-17,476.5,5,0.023630504833512367,FIXED_HORIZON
SYNGENE-2024-12-09,SYNGENE,2024-12-09,2024-12-10,856.9081524972112,2024-12-17,855.9128768213072,5,-0.001161472992179502,FIXED_HORIZON
TATACONSUM-2024-12-09,TATACONSUM,2024-12-09,2024-12-10,923.7788259806194,2024-12-17,905.9135387572643,5,-0.019339355612952747,FIXED_HORIZON
JUSTDIAL-2024-12-10,JUSTDIAL,2024-12-10,2024-12-11,1084.25,2024-12-18,1018.0,5,-0.061102144339405084,FIXED_HORIZON
LICI-2024-12-10,LICI,2024-12-10,2024-12-11,457.1790551324279,2024-12-18,443.5822926203585,5,-0.029740563045109192,FIXED_HORIZON
NH-2024-12-10,NH,2024-12-10,2024-12-11,1281.6342716168058,2024-12-18,1283.32645253982,5,0.0013203305814220023,FIXED_HORIZON
VIPIND-2024-12-10,VIPIND,2024-12-10,2024-12-11,482.54998779296875,2024-12-18,475.79998779296875,5,-0.013988188106422661,FIXED_HORIZON
ATUL-2024-12-12,ATUL,2024-12-12,2024-12-13,7207.452521332195,2024-12-20,7324.283818699194,5,0.016209790771595012,FIXED_HORIZON
CONCOR-2024-12-12,CONCOR,2024-12-12,2024-12-13,801.8854288293693,2024-12-20,769.780790441657,5,-0.040036440660332406,FIXED_HORIZON
INDUSTOWER-2024-12-12,INDUSTOWER,2024-12-12,2024-12-13,329.5958501325335,2024-12-20,333.93265809005953,5,0.013157956800069481,FIXED_HORIZON
JUBLFOOD-2024-12-12,JUBLFOOD,2024-12-12,2024-12-13,663.055018802446,2024-12-20,678.285119503055,5,0.022969588146872333,FIXED_HORIZON
NATIONALUM-2024-12-12,NATIONALUM,2024-12-12,2024-12-13,215.75790429010524,2024-12-20,206.4884277229045,5,-0.04296239619910802,FIXED_HORIZON
NMDC-2024-12-13,NMDC,2024-12-13,2024-12-16,72.08264815081289,2024-12-23,66.45480522877428,5,-0.07807486359635285,FIXED_HORIZON
SAIL-2024-12-13,SAIL,2024-12-13,2024-12-16,123.01817087686014,2024-12-23,115.55175762511351,5,-0.060693580456666285,FIXED_HORIZON
ANGELONE-2024-12-16,ANGELONE,2024-12-16,2024-12-17,312.2136661091893,2024-12-24,277.04140485232006,5,-0.11265445774743443,FIXED_HORIZON
BANDHANBNK-2024-12-17,BANDHANBNK,2024-12-17,2024-12-18,160.93214704045567,2024-12-26,164.06610135343672,5,0.019473761896640962,FIXED_HORIZON
GRASIM-2024-12-17,GRASIM,2024-12-17,2024-12-18,2589.483729353475,2024-12-26,2483.4509577162275,5,-0.04094745621889706,FIXED_HORIZON
JYOTHYLAB-2024-12-17,JYOTHYLAB,2024-12-17,2024-12-18,380.08795480314893,2024-12-26,369.53672751402246,5,-0.027759962281864614,FIXED_HORIZON
LICHSGFIN-2024-12-17,LICHSGFIN,2024-12-17,2024-12-18,586.4886885487024,2024-12-26,564.0907095945123,5,-0.038189958973659066,FIXED_HORIZON
PIDILITIND-2024-12-17,PIDILITIND,2024-12-17,2024-12-18,1519.5550562617743,2024-12-26,1464.2849499469273,5,-0.0363725592482419,FIXED_HORIZON
SBFC-2024-12-17,SBFC,2024-12-17,2024-12-18,88.44999694824219,2024-12-26,85.62999725341797,5,-0.03188241709577877,FIXED_HORIZON
SCHAEFFLER-2024-12-17,SCHAEFFLER,2024-12-17,2024-12-18,3333.181190089791,2024-12-26,3275.1046437097525,5,-0.017423759186182775,FIXED_HORIZON
SHRIRAMFIN-2024-12-17,SHRIRAMFIN,2024-12-17,2024-12-18,583.0966196630419,2024-12-26,566.5257623815277,5,-0.028418716080175765,FIXED_HORIZON
TVSMOTOR-2024-12-17,TVSMOTOR,2024-12-17,2024-12-18,2419.524724390402,2024-12-26,2412.627895946317,5,-0.0028504889305573933,FIXED_HORIZON
BAYERCROP-2024-12-18,BAYERCROP,2024-12-18,2024-12-19,5351.245316424286,2024-12-27,5573.213384611162,5,0.04147970333290485,FIXED_HORIZON
DEEPAKFERT-2024-12-18,DEEPAKFERT,2024-12-18,2024-12-19,1173.534134429408,2024-12-27,1180.437350685691,5,0.005882416244875177,FIXED_HORIZON
FEDERALBNK-2024-12-18,FEDERALBNK,2024-12-18,2024-12-19,195.1479145043088,2024-12-27,195.59369486345136,5,0.002284320384744465,FIXED_HORIZON
PVRINOX-2024-12-18,PVRINOX,2024-12-18,2024-12-19,1395.0,2024-12-27,1336.8499755859375,5,-0.041684605314740164,FIXED_HORIZON
RKFORGE-2024-12-18,RKFORGE,2024-12-18,2024-12-19,897.0566921706193,2024-12-27,895.8107723414498,5,-0.0013888975357340128,FIXED_HORIZON
TMPV-2024-12-18,TMPV,2024-12-18,2024-12-19,732.0315350358567,2024-12-27,736.5056129572472,5,0.006111865004792882,FIXED_HORIZON
ASIANPAINT-2024-12-19,ASIANPAINT,2024-12-19,2024-12-20,2252.9082428785946,2024-12-30,2236.47997820152,5,-0.007292025642413047,FIXED_HORIZON
CUMMINSIND-2024-12-19,CUMMINSIND,2024-12-19,2024-12-20,3262.8765303277905,2024-12-30,3182.267756169764,5,-0.02470481901744792,FIXED_HORIZON
JIOFIN-2024-12-19,JIOFIN,2024-12-19,2024-12-20,313.52572871125557,2024-12-30,303.813608597736,5,-0.03097710721681801,FIXED_HORIZON
LTM-2024-12-19,LTM,2024-12-19,2024-12-20,6125.175855533868,2024-12-30,5533.358136910126,5,-0.09662052691745293,FIXED_HORIZON
AARTIIND-2024-12-20,AARTIIND,2024-12-20,2024-12-23,404.8706450010849,2024-12-31,409.0096021150676,5,0.010222912342710444,FIXED_HORIZON
ABB-2024-12-20,ABB,2024-12-20,2024-12-23,6802.299677907828,2024-12-31,6544.455676164923,5,-0.03790541639621048,FIXED_HORIZON
AIAENG-2024-12-20,AIAENG,2024-12-20,2024-12-23,3345.254332524944,2024-12-31,3381.067165203418,5,0.010705563499395554,FIXED_HORIZON
ATUL-2024-12-20,ATUL,2024-12-20,2024-12-23,6932.531645332329,2024-12-31,6843.271204712117,5,-0.012875590792335134,FIXED_HORIZON
AXISBANK-2024-12-20,AXISBANK,2024-12-20,2024-12-23,1073.3541110903145,2024-12-31,1060.2755024007047,5,-0.012184803276455103,FIXED_HORIZON
BRIGADE-2024-12-20,BRIGADE,2024-12-20,2024-12-23,934.1445155191701,2024-12-31,913.9416500279781,5,-0.02162713065864752,FIXED_HORIZON
COFORGE-2024-12-20,COFORGE,2024-12-20,2024-12-23,1859.6656048157358,2024-12-31,1908.953727399154,5,0.02650375554389095,FIXED_HORIZON
CUB-2024-12-20,CUB,2024-12-20,2024-12-23,130.45226129103995,2024-12-31,126.52884241928514,5,-0.0300755144673317,FIXED_HORIZON
DBREALTY-2024-12-20,DBREALTY,2024-12-20,2024-12-23,183.0,2024-12-31,171.25,5,-0.06420765027322406,FIXED_HORIZON
DOMS-2024-12-20,DOMS,2024-12-20,2024-12-23,2759.116705513807,2024-12-31,2602.5170588308706,5,-0.05675716665771635,FIXED_HORIZON
ESCORTS-2024-12-20,ESCORTS,2024-12-20,2024-12-23,3102.344261744122,2024-12-31,3179.6404223404547,5,0.024915403989651752,FIXED_HORIZON
GODFRYPHLP-2024-12-20,GODFRYPHLP,2024-12-20,2024-12-23,1760.8522376253736,2024-12-31,1576.4245988581465,5,-0.10473771440126067,FIXED_HORIZON
HAPPSTMNDS-2024-12-20,HAPPSTMNDS,2024-12-20,2024-12-23,692.2451396717482,2024-12-31,724.9666476825663,5,0.047268671364502524,FIXED_HORIZON
IDFCFIRSTB-2024-12-20,IDFCFIRSTB,2024-12-20,2024-12-23,62.31239157213652,2024-12-31,63.107447045548966,5,0.012759187271636607,FIXED_HORIZON
INDIAMART-2024-12-20,INDIAMART,2024-12-20,2024-12-23,2156.274973547457,2024-12-31,2159.892739950891,5,0.0016777852768388168,FIXED_HORIZON
LEMONTREE-2024-12-20,LEMONTREE,2024-12-20,2024-12-23,153.99000549316406,2024-12-31,152.5,5,-0.00967598831100902,FIXED_HORIZON
LTF-2024-12-20,LTF,2024-12-20,2024-12-23,134.438448128435,2024-12-31,132.490054280471,5,-0.014492832036432035,FIXED_HORIZON
LTTS-2024-12-20,LTTS,2024-12-20,2024-12-23,4722.983024233293,2024-12-31,4640.077235099892,5,-0.017553691958666073,FIXED_HORIZON
M&M-2024-12-20,M&M,2024-12-20,2024-12-23,2864.660059968986,2024-12-31,2939.663550632152,5,0.026182335457973327,FIXED_HORIZON
MASTEK-2024-12-20,MASTEK,2024-12-20,2024-12-23,3010.775742043864,2024-12-31,2931.508110007217,5,-0.026327976185578028,FIXED_HORIZON
MPHASIS-2024-12-20,MPHASIS,2024-12-20,2024-12-23,2842.4261609670402,2024-12-31,2783.3711485590175,5,-0.020776269659694924,FIXED_HORIZON
MSUMI-2024-12-20,MSUMI,2024-12-20,2024-12-23,38.704611232672555,2024-12-31,37.856873204614814,5,-0.02190276561522786,FIXED_HORIZON
PERSISTENT-2024-12-20,PERSISTENT,2024-12-20,2024-12-23,6330.014410115168,2024-12-31,6405.868889112366,5,0.011983302735612211,FIXED_HORIZON
PFC-2024-12-20,PFC,2024-12-20,2024-12-23,424.52951297742953,2024-12-31,407.7771649459458,5,-0.039460973900239504,FIXED_HORIZON
RBLBANK-2024-12-20,RBLBANK,2024-12-20,2024-12-23,152.0718700639271,2024-12-31,154.9340171612699,5,0.018821015985005296,FIXED_HORIZON
SIEMENS-2024-12-20,SIEMENS,2024-12-20,2024-12-23,3993.09055685541,2024-12-31,3764.7989634045575,5,-0.057171654436666164,FIXED_HORIZON
SUNDARMFIN-2024-12-20,SUNDARMFIN,2024-12-20,2024-12-23,4238.96988869388,2024-12-31,4155.953558718686,5,-0.019584081075125104,FIXED_HORIZON
TATACHEM-2024-12-20,TATACHEM,2024-12-20,2024-12-23,1012.5201874848924,2024-12-31,1007.4575598047202,5,-0.005000026412063763,FIXED_HORIZON
TATAELXSI-2024-12-20,TATAELXSI,2024-12-20,2024-12-23,6836.38026441158,2024-12-31,6708.738921046699,5,-0.018670895770580342,FIXED_HORIZON
TATASTEEL-2024-12-20,TATASTEEL,2024-12-20,2024-12-23,136.39091848123633,2024-12-31,131.04826869538877,5,-0.039171594746482796,FIXED_HORIZON
TECHM-2024-12-20,TECHM,2024-12-20,2024-12-23,1601.7279500106838,2024-12-31,1637.818725151479,5,0.022532400174795297,FIXED_HORIZON
TORNTPOWER-2024-12-20,TORNTPOWER,2024-12-20,2024-12-23,1437.9327850068228,2024-12-31,1370.663312659545,5,-0.04678207010000024,FIXED_HORIZON
UTIAMC-2024-12-20,UTIAMC,2024-12-20,2024-12-23,1125.2656575751555,2024-12-31,1237.480903615692,5,0.0997233366939767,FIXED_HORIZON
WIPRO-2024-12-20,WIPRO,2024-12-20,2024-12-23,284.1617279306133,2024-12-31,278.92517943837373,5,-0.018428056903983414,FIXED_HORIZON
COHANCE-2024-12-23,COHANCE,2024-12-23,2024-12-24,1120.0,2025-01-02,1103.300048828125,5,-0.014910670689174066,FIXED_HORIZON
GESHIP-2024-12-23,GESHIP,2024-12-23,2024-12-24,905.7839292453498,2025-01-02,924.7522328284006,5,0.02094131168661173,FIXED_HORIZON
KIRLOSBROS-2024-12-23,KIRLOSBROS,2024-12-23,2024-12-24,1985.985020588368,2025-01-02,2114.601381147489,5,0.06476199932314564,FIXED_HORIZON
KPRMILL-2024-12-23,KPRMILL,2024-12-23,2024-12-24,1073.2584134737392,2025-01-02,986.5103629788325,5,-0.080826806858318,FIXED_HORIZON
NIACL-2024-12-23,NIACL,2024-12-23,2024-12-24,197.56389114312847,2025-01-02,203.26473644461683,5,0.028855704696352014,FIXED_HORIZON
SAREGAMA-2024-12-23,SAREGAMA,2024-12-23,2024-12-24,467.78113811567425,2025-01-02,470.8212400494125,5,0.006498983575918604,FIXED_HORIZON
SHYAMMETL-2024-12-23,SHYAMMETL,2024-12-23,2024-12-24,733.2505393692351,2025-01-02,737.4026729055325,5,0.005662639593650098,FIXED_HORIZON
ZENSARTECH-2024-12-23,ZENSARTECH,2024-12-23,2024-12-24,712.1947712496371,2025-01-02,718.2773511093438,5,0.008540612912720569,FIXED_HORIZON
HINDCOPPER-2024-12-26,HINDCOPPER,2024-12-26,2024-12-27,263.2184447647303,2025-01-06,247.55444888337195,5,-0.05950949180388598,FIXED_HORIZON
SBICARD-2024-12-26,SBICARD,2024-12-26,2024-12-27,675.4584632141707,2025-01-06,736.2134240246406,5,0.08994625742250273,FIXED_HORIZON
APTUS-2024-12-30,APTUS,2024-12-30,2024-12-31,285.77365712331874,2025-01-08,287.5313773755843,5,0.006150742759004846,FIXED_HORIZON
BAYERCROP-2024-12-30,BAYERCROP,2024-12-30,2024-12-31,5274.420873440134,2025-01-08,5345.720128500654,5,0.01351793055035766,FIXED_HORIZON
BEL-2024-12-30,BEL,2024-12-30,2024-12-31,280.70042298832004,2025-01-08,283.16707329724954,5,0.008787483405509944,FIXED_HORIZON
BHEL-2024-12-30,BHEL,2024-12-30,2024-12-31,224.40306522561502,2025-01-08,223.62720344541341,5,-0.003457447336655428,FIXED_HORIZON
CYIENT-2024-12-30,CYIENT,2024-12-30,2024-12-31,1800.892290924613,2025-01-08,1781.4670006459892,5,-0.010786480888676842,FIXED_HORIZON
DEVYANI-2024-12-30,DEVYANI,2024-12-30,2024-12-31,182.75,2025-01-08,193.0800018310547,5,0.05652531781698866,FIXED_HORIZON
ECLERX-2024-12-30,ECLERX,2024-12-30,2024-12-31,1754.8379106022244,2025-01-08,1677.1504141570674,5,-0.04427046850070393,FIXED_HORIZON
FLUOROCHEM-2024-12-30,FLUOROCHEM,2024-12-30,2024-12-31,4112.7515480036745,2025-01-08,3882.9329519212138,5,-0.05587952333128765,FIXED_HORIZON
GLAXO-2024-12-30,GLAXO,2024-12-30,2024-12-31,2108.247060151243,2025-01-08,2147.7145333653452,5,0.018720516186215175,FIXED_HORIZON
GMDCLTD-2024-12-30,GMDCLTD,2024-12-30,2024-12-31,309.19116228732764,2025-01-08,310.1727194899517,5,0.00317459656790553,FIXED_HORIZON
GMRAIRPORT-2024-12-30,GMRAIRPORT,2024-12-30,2024-12-31,77.05000305175781,2025-01-08,76.48999786376953,5,-0.007268074832029514,FIXED_HORIZON
GNFC-2024-12-30,GNFC,2024-12-30,2024-12-31,537.7653607375694,2025-01-08,535.8806671523894,5,-0.0035046764309903944,FIXED_HORIZON
GSFC-2024-12-30,GSFC,2024-12-30,2024-12-31,188.95498848642708,2025-01-08,198.8871498587188,5,0.0525636367256066,FIXED_HORIZON
HAL-2024-12-30,HAL,2024-12-30,2024-12-31,3996.722207164322,2025-01-08,4084.8135292573133,5,0.022040891892632253,FIXED_HORIZON
HINDALCO-2024-12-30,HINDALCO,2024-12-30,2024-12-31,593.9233928499087,2025-01-08,575.5052720785162,5,-0.03101093675232114,FIXED_HORIZON
HINDZINC-2024-12-30,HINDZINC,2024-12-30,2024-12-31,416.55555912784536,2025-01-08,432.58805970154384,5,0.0384882645841198,FIXED_HORIZON
JSL-2024-12-30,JSL,2024-12-30,2024-12-31,674.2093612762311,2025-01-08,661.3333745428138,5,-0.01909790559573954,FIXED_HORIZON
LINDEINDIA-2024-12-30,LINDEINDIA,2024-12-30,2024-12-31,5800.357103757275,2025-01-08,6447.0551629218135,5,0.11149280080456259,FIXED_HORIZON
NBCC-2024-12-30,NBCC,2024-12-30,2024-12-31,87.0542501802132,2025-01-08,88.23065910731245,5,0.013513515131816423,FIXED_HORIZON
PCBL-2024-12-30,PCBL,2024-12-30,2024-12-31,417.30066118946917,2025-01-08,420.9310702374745,5,0.008699744298648504,FIXED_HORIZON
REDINGTON-2024-12-30,REDINGTON,2024-12-30,2024-12-31,179.85925744045025,2025-01-08,197.82604149962197,5,0.09989357409151078,FIXED_HORIZON
RITES-2024-12-30,RITES,2024-12-30,2024-12-31,255.44634382616215,2025-01-08,272.5143766058975,5,0.06681650840675402,FIXED_HORIZON
SJVN-2024-12-30,SJVN,2024-12-30,2024-12-31,99.70939697436314,2025-01-08,100.51941475832464,5,0.008123785806966266,FIXED_HORIZON
SOLARINDS-2024-12-30,SOLARINDS,2024-12-30,2024-12-31,9518.025414325659,2025-01-08,9766.179930244987,5,0.026072058553849642,FIXED_HORIZON
THERMAX-2024-12-30,THERMAX,2024-12-30,2024-12-31,3928.0439499659633,2025-01-08,4100.044584783115,5,0.04378785904843108,FIXED_HORIZON
TIMKEN-2024-12-30,TIMKEN,2024-12-30,2024-12-31,2987.6392527879916,2025-01-08,2902.589162738688,5,-0.028467322475408174,FIXED_HORIZON
TRIVENI-2024-12-30,TRIVENI,2024-12-30,2024-12-31,447.38401260042207,2025-01-08,426.2212865287829,5,-0.047303268502221774,FIXED_HORIZON
WHIRLPOOL-2024-12-30,WHIRLPOOL,2024-12-30,2024-12-31,1772.1779598782944,2025-01-08,1744.5503142565562,5,-0.015589656483277481,FIXED_HORIZON
AWL-2024-12-31,AWL,2024-12-31,2025-01-02,324.30587154347216,2025-01-09,318.3370510462967,5,-0.018404910366771943,FIXED_HORIZON
EASEMYTRIP-2024-12-31,EASEMYTRIP,2024-12-31,2025-01-02,15.670000076293945,2025-01-09,15.40999984741211,5,-0.016592228948050347,FIXED_HORIZON
PETRONET-2025-01-02,PETRONET,2025-01-02,2025-01-03,316.356372685981,2025-01-10,311.8240520552749,5,-0.014326629782182243,FIXED_HORIZON
DEEPAKNTR-2025-01-03,DEEPAKNTR,2025-01-03,2025-01-06,2423.8527220923365,2025-01-13,2359.4151616476524,5,-0.026584767241575546,FIXED_HORIZON
MRF-2025-01-03,MRF,2025-01-03,2025-01-06,126378.05502438618,2025-01-13,116610.66290222826,5,-0.07728709007488033,FIXED_HORIZON
ABFRL-2025-01-06,ABFRL,2025-01-06,2025-01-07,266.25,2025-01-14,263.0,5,-0.012206572769953072,FIXED_HORIZON
ABREL-2025-01-06,ABREL,2025-01-06,2025-01-07,2266.013540368643,2025-01-14,1874.6475197376044,5,-0.17271124539148597,FIXED_HORIZON
ACC-2025-01-06,ACC,2025-01-06,2025-01-07,1965.943085237686,2025-01-14,1850.4798781705654,5,-0.058731714022718484,FIXED_HORIZON
ADANIENSOL-2025-01-06,ADANIENSOL,2025-01-06,2025-01-07,777.0,2025-01-14,702.9500122070312,5,-0.09530242959198032,FIXED_HORIZON
AMBUJACEM-2025-01-06,AMBUJACEM,2025-01-06,2025-01-07,528.09323155339,2025-01-14,489.8730736640691,5,-0.07237388325712102,FIXED_HORIZON
ASTRAL-2025-01-06,ASTRAL,2025-01-06,2025-01-07,1553.3510031677354,2025-01-14,1469.7088673313526,5,-0.053846256039885465,FIXED_HORIZON
BANDHANBNK-2025-01-06,BANDHANBNK,2025-01-06,2025-01-07,149.34928866572017,2025-01-14,136.15521464705208,5,-0.08834373525674843,FIXED_HORIZON
BANKBARODA-2025-01-06,BANKBARODA,2025-01-06,2025-01-07,215.74619338187134,2025-01-14,203.99440412604034,5,-0.05447043617140579,FIXED_HORIZON
BANKINDIA-2025-01-06,BANKINDIA,2025-01-06,2025-01-07,93.60529787534627,2025-01-14,84.57837975816773,5,-0.0964359744808424,FIXED_HORIZON
CANBK-2025-01-06,CANBK,2025-01-06,2025-01-07,91.22436861577194,2025-01-14,83.61688372461188,5,-0.08339312188831949,FIXED_HORIZON
DABUR-2025-01-06,DABUR,2025-01-06,2025-01-07,493.90691242177866,2025-01-14,497.9904085313947,5,0.008267744400646926,FIXED_HORIZON
ELECON-2025-01-06,ELECON,2025-01-06,2025-01-07,607.8359152624107,2025-01-14,548.3445679760927,5,-0.09787402453939376,FIXED_HORIZON
GAIL-2025-01-06,GAIL,2025-01-06,2025-01-07,173.09730656631433,2025-01-14,160.90773133545244,5,-0.07042036339364999,FIXED_HORIZON
HDFCLIFE-2025-01-06,HDFCLIFE,2025-01-06,2025-01-07,602.1832990633169,2025-01-14,601.1896051067655,5,-0.0016501519688392197,FIXED_HORIZON
HINDCOPPER-2025-01-06,HINDCOPPER,2025-01-06,2025-01-07,234.81070293774883,2025-01-14,217.5276854081554,5,-0.07360404493220807,FIXED_HORIZON
HSCL-2025-01-06,HSCL,2025-01-06,2025-01-07,560.5292624375737,2025-01-14,553.5476236863134,5,-0.012455440276033514,FIXED_HORIZON
IDFCFIRSTB-2025-01-06,IDFCFIRSTB,2025-01-06,2025-01-07,62.53103308798343,2025-01-14,59.639021553833274,5,-0.0462492204483651,FIXED_HORIZON
INDHOTEL-2025-01-06,INDHOTEL,2025-01-06,2025-01-07,838.7372663991191,2025-01-14,754.9578700917496,5,-0.09988753291844621,FIXED_HORIZON
INDIAMART-2025-01-06,INDIAMART,2025-01-06,2025-01-07,2111.531109926242,2025-01-14,2137.5684420745893,5,0.01233101990586194,FIXED_HORIZON
IOC-2025-01-06,IOC,2025-01-06,2025-01-07,124.0936124043643,2025-01-14,114.34200311646585,5,-0.07858268527248946,FIXED_HORIZON
IRB-2025-01-06,IRB,2025-01-06,2025-01-07,28.282538386808866,2025-01-14,24.49143354057711,5,-0.13404400957164264,FIXED_HORIZON
IRCTC-2025-01-06,IRCTC,2025-01-06,2025-01-07,756.0950134892886,2025-01-14,734.4922928566274,5,-0.028571436456070853,FIXED_HORIZON
IREDA-2025-01-06,IREDA,2025-01-06,2025-01-07,214.56234543511727,2025-01-14,203.1230017163418,5,-0.05331477755603986,FIXED_HORIZON
ITC-2025-01-06,ITC,2025-01-06,2025-01-07,410.61619292699265,2025-01-14,406.468548826272,5,-0.010101024197694208,FIXED_HORIZON
JINDALSAW-2025-01-06,JINDALSAW,2025-01-06,2025-01-07,263.55008875315514,2025-01-14,239.54633174532705,5,-0.09107853888947215,FIXED_HORIZON
JSWENERGY-2025-01-06,JSWENERGY,2025-01-06,2025-01-07,599.285495342195,2025-01-14,523.1463600496169,5,-0.1270498550095932,FIXED_HORIZON
JUBLPHARMA-2025-01-06,JUBLPHARMA,2025-01-06,2025-01-07,1014.8367733564128,2025-01-14,914.8836392699804,5,-0.09849183308154386,FIXED_HORIZON
KIRLOSENG-2025-01-06,KIRLOSENG,2025-01-06,2025-01-07,1002.3892982149862,2025-01-14,888.8618443066142,5,-0.11325684951997894,FIXED_HORIZON
KNRCON-2025-01-06,KNRCON,2025-01-06,2025-01-07,332.1257805995908,2025-01-14,317.04508369774766,5,-0.045406583236681564,FIXED_HORIZON
LICHSGFIN-2025-01-06,LICHSGFIN,2025-01-06,2025-01-07,573.146282143052,2025-01-14,518.2351922387601,5,-0.09580641385123145,FIXED_HORIZON
MAHABANK-2025-01-06,MAHABANK,2025-01-06,2025-01-07,49.89143051519627,2025-01-14,44.431615255847376,5,-0.1094339288925762,FIXED_HORIZON
NCC-2025-01-06,NCC,2025-01-06,2025-01-07,255.4680091568392,2025-01-14,234.01651440479208,5,-0.08396939727540376,FIXED_HORIZON
NESTLEIND-2025-01-06,NESTLEIND,2025-01-06,2025-01-07,1072.6008593257118,2025-01-14,1102.4740547140054,5,0.027851176072218875,FIXED_HORIZON
NHPC-2025-01-06,NHPC,2025-01-06,2025-01-07,75.88975194095258,2025-01-14,69.45095891368561,5,-0.08484403839238785,FIXED_HORIZON
OLECTRA-2025-01-06,OLECTRA,2025-01-06,2025-01-07,1414.6599326090723,2025-01-14,1267.6952695765185,5,-0.10388691984900233,FIXED_HORIZON
PNB-2025-01-06,PNB,2025-01-06,2025-01-07,96.3265869192326,2025-01-14,90.1409055678911,5,-0.06421572225462568,FIXED_HORIZON
PRAJIND-2025-01-06,PRAJIND,2025-01-06,2025-01-07,780.8187975891132,2025-01-14,680.2395378480765,5,-0.1288125491491614,FIXED_HORIZON
QUESS-2025-01-06,QUESS,2025-01-06,2025-01-07,604.5528628356957,2025-01-14,559.7917007215735,5,-0.07404011272755695,FIXED_HORIZON
RECLTD-2025-01-06,RECLTD,2025-01-06,2025-01-07,472.89848697468705,2025-01-14,414.24442276271026,5,-0.124030983028111,FIXED_HORIZON
RTNINDIA-2025-01-06,RTNINDIA,2025-01-06,2025-01-07,60.790000915527344,2025-01-14,55.9900016784668,5,-0.07896034158200682,FIXED_HORIZON
SUZLON-2025-01-06,SUZLON,2025-01-06,2025-01-07,58.060001373291016,2025-01-14,55.20000076293945,5,-0.04925939618849595,FIXED_HORIZON
SYRMA-2025-01-06,SYRMA,2025-01-06,2025-01-07,600.7722471961663,2025-01-14,531.4217249690963,5,-0.11543562897709125,FIXED_HORIZON
TATACHEM-2025-01-06,TATACHEM,2025-01-06,2025-01-07,974.5506973185113,2025-01-14,927.3322059477258,5,-0.04845154951990471,FIXED_HORIZON
TATASTEEL-2025-01-06,TATASTEEL,2025-01-06,2025-01-07,127.13224105173092,2025-01-14,117.71078251633102,5,-0.07410754705068279,FIXED_HORIZON
UNIONBANK-2025-01-06,UNIONBANK,2025-01-06,2025-01-07,107.7978014766926,2025-01-14,95.59374779632331,5,-0.11321245436538863,FIXED_HORIZON
YESBANK-2025-01-06,YESBANK,2025-01-06,2025-01-07,19.010000228881836,2025-01-14,17.190000534057617,5,-0.0957390674861276,FIXED_HORIZON
ETERNAL-2025-01-07,ETERNAL,2025-01-07,2025-01-08,251.6999969482422,2025-01-15,235.0,5,-0.06634881664967307,FIXED_HORIZON
KEC-2025-01-07,KEC,2025-01-07,2025-01-08,1129.632870112142,2025-01-15,938.3810479570062,5,-0.16930440607323127,FIXED_HORIZON
NAUKRI-2025-01-07,NAUKRI,2025-01-07,2025-01-08,1673.8061501179013,2025-01-15,1485.6046148498892,5,-0.11243926619265643,FIXED_HORIZON
APARINDS-2025-01-08,APARINDS,2025-01-08,2025-01-09,10770.084656644984,2025-01-16,10267.758771512234,5,-0.04664084834494053,FIXED_HORIZON
APOLLOHOSP-2025-01-08,APOLLOHOSP,2025-01-08,2025-01-09,7103.090852655704,2025-01-16,6725.055126487546,5,-0.05322129957366639,FIXED_HORIZON
DIXON-2025-01-08,DIXON,2025-01-08,2025-01-09,16893.58198709352,2025-01-16,17291.30465585352,5,0.023542826445206,FIXED_HORIZON
PAYTM-2025-01-08,PAYTM,2025-01-08,2025-01-09,900.0,2025-01-16,879.0,5,-0.023333333333333317,FIXED_HORIZON
SOBHA-2025-01-08,SOBHA,2025-01-08,2025-01-09,1417.380117349133,2025-01-16,1313.9095559661314,5,-0.07300127899107134,FIXED_HORIZON
UBL-2025-01-08,UBL,2025-01-08,2025-01-09,1966.9002598396528,2025-01-16,1924.175889749491,5,-0.02172167596014496,FIXED_HORIZON
UNITDSPR-2025-01-08,UNITDSPR,2025-01-08,2025-01-09,1528.618484459556,2025-01-16,1401.3151345863691,5,-0.0832800016272176,FIXED_HORIZON
KALYANKJIL-2025-01-09,KALYANKJIL,2025-01-09,2025-01-10,658.0743118486987,2025-01-17,535.433195348038,5,-0.18636362838131537,FIXED_HORIZON
ABCAPITAL-2025-01-10,ABCAPITAL,2025-01-10,2025-01-13,171.0,2025-01-20,178.4499969482422,5,0.04356723361545134,FIXED_HORIZON
APOLLOTYRE-2025-01-10,APOLLOTYRE,2025-01-10,2025-01-13,441.5952905622624,2025-01-20,442.3768479996988,5,0.0017698500281586593,FIXED_HORIZON
AUROPHARMA-2025-01-10,AUROPHARMA,2025-01-10,2025-01-13,1187.1936374462766,2025-01-20,1175.6369619022307,5,-0.009734448685982722,FIXED_HORIZON
AWL-2025-01-10,AWL,2025-01-10,2025-01-13,270.4870046102868,2025-01-20,268.49739716178124,5,-0.007355648939113224,FIXED_HORIZON
BAYERCROP-2025-01-10,BAYERCROP,2025-01-10,2025-01-13,5065.905801450257,2025-01-20,4911.153549719947,5,-0.03054779496413229,FIXED_HORIZON
BHEL-2025-01-10,BHEL,2025-01-10,2025-01-13,198.93887317116187,2025-01-20,214.00849069404197,5,0.07574998934428767,FIXED_HORIZON
BOSCHLTD-2025-01-10,BOSCHLTD,2025-01-10,2025-01-13,30875.0117579326,2025-01-20,30875.011541827582,5,-6.999350099512469e-09,FIXED_HORIZON
CESC-2025-01-10,CESC,2025-01-10,2025-01-13,145.8181433842331,2025-01-20,142.62913062535853,5,-0.021869794010965338,FIXED_HORIZON
DALBHARAT-2025-01-10,DALBHARAT,2025-01-10,2025-01-13,1712.527909751877,2025-01-20,1718.087460512811,5,0.003246400090343382,FIXED_HORIZON
DLF-2025-01-10,DLF,2025-01-10,2025-01-13,728.4591243481419,2025-01-20,739.0967614584671,5,0.014602929326809067,FIXED_HORIZON
FSL-2025-01-10,FSL,2025-01-10,2025-01-13,362.52908484591313,2025-01-20,380.1449632782415,5,0.0485916280063865,FIXED_HORIZON
GMDCLTD-2025-01-10,GMDCLTD,2025-01-10,2025-01-13,292.06293603781864,2025-01-20,319.00676379919685,5,0.09225349894410884,FIXED_HORIZON
GNFC-2025-01-10,GNFC,2025-01-10,2025-01-13,527.6653445466495,2025-01-20,547.7203989973051,5,0.03800714725331478,FIXED_HORIZON
HBLENGINE-2025-01-10,HBLENGINE,2025-01-10,2025-01-13,550.0832990644956,2025-01-20,559.896389322588,5,0.017839280477667918,FIXED_HORIZON
IDBI-2025-01-10,IDBI,2025-01-10,2025-01-13,67.21208666141443,2025-01-20,82.37763793386893,5,0.22563726296509756,FIXED_HORIZON
IFCI-2025-01-10,IFCI,2025-01-10,2025-01-13,54.0,2025-01-20,56.400001525878906,5,0.044444472701461235,FIXED_HORIZON
INOXWIND-2025-01-10,INOXWIND,2025-01-10,2025-01-13,152.0,2025-01-20,167.25999450683594,5,0.10039470070286804,FIXED_HORIZON
IRCON-2025-01-10,IRCON,2025-01-10,2025-01-13,185.46131724133124,2025-01-20,216.06245122120123,5,0.1650000896955257,FIXED_HORIZON
J&KBANK-2025-01-10,J&KBANK,2025-01-10,2025-01-13,88.76148716404684,2025-01-20,93.51306974728877,5,0.05353202988206096,FIXED_HORIZON
JKCEMENT-2025-01-10,JKCEMENT,2025-01-10,2025-01-13,4515.234617341348,2025-01-20,4513.495220205902,5,-0.00038522851697797567,FIXED_HORIZON
KPITTECH-2025-01-10,KPITTECH,2025-01-10,2025-01-13,1328.7378301894,2025-01-20,1307.0671319242101,5,-0.016309235556348223,FIXED_HORIZON
LAURUSLABS-2025-01-10,LAURUSLABS,2025-01-10,2025-01-13,575.2153550553371,2025-01-20,568.6862319208487,5,-0.01135074555487181,FIXED_HORIZON
MMTC-2025-01-10,MMTC,2025-01-10,2025-01-13,69.45999908447266,2025-01-20,73.0,5,0.050964597785586374,FIXED_HORIZON
NETWORK18-2025-01-10,NETWORK18,2025-01-10,2025-01-13,62.09000015258789,2025-01-20,56.650001525878906,5,-0.08761473044516088,FIXED_HORIZON
PPLPHARMA-2025-01-10,PPLPHARMA,2025-01-10,2025-01-13,214.91076381832903,2025-01-20,231.8997548493954,5,0.07905137336642531,FIXED_HORIZON
RVNL-2025-01-10,RVNL,2025-01-10,2025-01-13,377.5976736431347,2025-01-20,424.3092693658295,5,0.12370731861775619,FIXED_HORIZON
SUMICHEM-2025-01-10,SUMICHEM,2025-01-10,2025-01-13,469.9087094632553,2025-01-20,488.9738979562867,5,0.04057211136777661,FIXED_HORIZON
TATAELXSI-2025-01-10,TATAELXSI,2025-01-10,2025-01-13,5804.080212866164,2025-01-20,6040.128781880086,5,0.04066941881517461,FIXED_HORIZON
TATATECH-2025-01-10,TATATECH,2025-01-10,2025-01-13,804.753260263143,2025-01-20,785.4100396240265,5,-0.024036212829745662,FIXED_HORIZON
TITAGARH-2025-01-10,TITAGARH,2025-01-10,2025-01-13,1033.8178079115758,2025-01-20,1091.0994949424469,5,0.05540791287643443,FIXED_HORIZON
AADHARHFC-2025-01-13,AADHARHFC,2025-01-13,2025-01-14,409.79998779296875,2025-01-21,398.3999938964844,5,-0.027818433958186617,FIXED_HORIZON
AAVAS-2025-01-13,AAVAS,2025-01-13,2025-01-14,1632.300048828125,2025-01-21,1685.800048828125,5,0.03277583679447238,FIXED_HORIZON
ABB-2025-01-13,ABB,2025-01-13,2025-01-14,5990.78011798336,2025-01-21,6371.907945379387,5,0.06361906461095823,FIXED_HORIZON
ACE-2025-01-13,ACE,2025-01-13,2025-01-14,1252.2786946955505,2025-01-21,1327.169003730293,5,0.059803228587985924,FIXED_HORIZON
AFFLE-2025-01-13,AFFLE,2025-01-13,2025-01-14,1548.0,2025-01-21,1579.25,5,0.020187338501292063,FIXED_HORIZON
APLAPOLLO-2025-01-13,APLAPOLLO,2025-01-13,2025-01-14,1432.4503312084669,2025-01-21,1612.0236718660199,5,0.1253609544046519,FIXED_HORIZON
ARE&M-2025-01-13,ARE&M,2025-01-13,2025-01-14,1018.8288932688843,2025-01-21,1095.218929496725,5,0.07497827822957137,FIXED_HORIZON
ASTERDM-2025-01-13,ASTERDM,2025-01-13,2025-01-14,482.88492618978233,2025-01-21,487.86211150648364,5,0.01030718717184631,FIXED_HORIZON
ATGL-2025-01-13,ATGL,2025-01-13,2025-01-14,637.2904295952899,2025-01-21,675.0132065130916,5,0.05919244219901043,FIXED_HORIZON
BALRAMCHIN-2025-01-13,BALRAMCHIN,2025-01-13,2025-01-14,463.48874595227613,2025-01-21,503.1879939939001,5,0.0856531002927774,FIXED_HORIZON
BATAINDIA-2025-01-13,BATAINDIA,2025-01-13,2025-01-14,1292.8791257274656,2025-01-21,1234.060390216847,5,-0.045494380982849414,FIXED_HORIZON
BHARATFORG-2025-01-13,BHARATFORG,2025-01-13,2025-01-14,1156.919524251016,2025-01-21,1209.7787660793174,5,0.04568964454335944,FIXED_HORIZON
BLUESTARCO-2025-01-13,BLUESTARCO,2025-01-13,2025-01-14,1832.1702926554144,2025-01-21,1917.4405156863015,5,0.046540555412730056,FIXED_HORIZON
BRIGADE-2025-01-13,BRIGADE,2025-01-13,2025-01-14,792.4629237039379,2025-01-21,849.754334937017,5,0.07229538382098877,FIXED_HORIZON
BSOFT-2025-01-13,BSOFT,2025-01-13,2025-01-14,513.8949198571314,2025-01-21,519.0367344049052,5,0.010005575749227669,FIXED_HORIZON
CAMPUS-2025-01-13,CAMPUS,2025-01-13,2025-01-14,270.5823584499763,2025-01-21,274.5898575588589,5,0.014810644462704303,FIXED_HORIZON
CAMS-2025-01-13,CAMS,2025-01-13,2025-01-14,839.0169081243398,2025-01-21,873.8593338398056,5,0.0415276800480191,FIXED_HORIZON
CASTROLIND-2025-01-13,CASTROLIND,2025-01-13,2025-01-14,159.07261459154017,2025-01-21,165.58965647464584,5,0.04096897445132108,FIXED_HORIZON
CGPOWER-2025-01-13,CGPOWER,2025-01-13,2025-01-14,603.4645944620908,2025-01-21,680.142376040568,5,0.127062601985499,FIXED_HORIZON
COCHINSHIP-2025-01-13,COCHINSHIP,2025-01-13,2025-01-14,1358.152108187851,2025-01-21,1538.5354156340786,5,0.13281524680391565,FIXED_HORIZON
COFORGE-2025-01-13,COFORGE,2025-01-13,2025-01-14,1722.7726484578393,2025-01-21,1708.0127275867335,5,-0.008567538429588129,FIXED_HORIZON
COROMANDEL-2025-01-13,COROMANDEL,2025-01-13,2025-01-14,1780.6868254389922,2025-01-21,1842.941713171534,5,0.03496116601929389,FIXED_HORIZON
DATAPATTNS-2025-01-13,DATAPATTNS,2025-01-13,2025-01-14,2105.5292969831403,2025-01-21,2347.0762309560378,5,0.1147202911491152,FIXED_HORIZON
DELHIVERY-2025-01-13,DELHIVERY,2025-01-13,2025-01-14,319.54998779296875,2025-01-21,343.79998779296875,5,0.0758879703532056,FIXED_HORIZON
ENGINERSIN-2025-01-13,ENGINERSIN,2025-01-13,2025-01-14,159.38331541162202,2025-01-21,175.3216603470953,5,0.10000008403835148,FIXED_HORIZON
GLAND-2025-01-13,GLAND,2025-01-13,2025-01-14,1661.8957907558738,2025-01-21,1661.846525417656,5,-2.964405980920848e-05,FIXED_HORIZON
GMRAIRPORT-2025-01-13,GMRAIRPORT,2025-01-13,2025-01-14,70.98999786376953,2025-01-21,77.01000213623047,5,0.0848007388873766,FIXED_HORIZON
GODREJPROP-2025-01-13,GODREJPROP,2025-01-13,2025-01-14,2242.85862356396,2025-01-21,2428.262444479255,5,0.082664069401166,FIXED_HORIZON
HAL-2025-01-13,HAL,2025-01-13,2025-01-14,3726.3762880141867,2025-01-21,4123.007523410119,5,0.1064388576837203,FIXED_HORIZON
HAVELLS-2025-01-13,HAVELLS,2025-01-13,2025-01-14,1513.0477847240008,2025-01-21,1585.989543555922,5,0.0482084964984939,FIXED_HORIZON
HFCL-2025-01-13,HFCL,2025-01-13,2025-01-14,93.9752516268275,2025-01-21,105.54865097812757,5,0.12315369366881446,FIXED_HORIZON
HINDPETRO-2025-01-13,HINDPETRO,2025-01-13,2025-01-14,334.7629685603127,2025-01-21,332.92862252590675,5,-0.005479536886337066,FIXED_HORIZON
INDIGO-2025-01-13,INDIGO,2025-01-13,2025-01-14,3954.3675778409565,2025-01-21,4123.032570774934,5,0.04265283629147776,FIXED_HORIZON
IOB-2025-01-13,IOB,2025-01-13,2025-01-14,45.61000061035156,2025-01-21,52.38999938964844,5,0.1486515827355217,FIXED_HORIZON
IRFC-2025-01-13,IRFC,2025-01-13,2025-01-14,126.76034808724808,2025-01-21,142.94667490277286,5,0.12769235064252005,FIXED_HORIZON
JINDALSTEL-2025-01-13,JINDALSTEL,2025-01-13,2025-01-14,875.59196067201,2025-01-21,936.4619643183797,5,0.06951868722007504,FIXED_HORIZON
JIOFIN-2025-01-13,JIOFIN,2025-01-13,2025-01-14,266.40967693707387,2025-01-21,274.9264345695983,5,0.0319686496768512,FIXED_HORIZON
JUSTDIAL-2025-01-13,JUSTDIAL,2025-01-13,2025-01-14,908.0499877929688,2025-01-21,942.0,5,0.037387822987088315,FIXED_HORIZON
KAJARIACER-2025-01-13,KAJARIACER,2025-01-13,2025-01-14,1010.3632583015196,2025-01-21,1041.2594848648946,5,0.030579325118486045,FIXED_HORIZON
KAYNES-2025-01-13,KAYNES,2025-01-13,2025-01-14,6189.39990234375,2025-01-21,6647.0,5,0.07393286988662173,FIXED_HORIZON
KEI-2025-01-13,KEI,2025-01-13,2025-01-14,3966.515660193886,2025-01-21,4168.136948695766,5,0.05083083133271282,FIXED_HORIZON
KFINTECH-2025-01-13,KFINTECH,2025-01-13,2025-01-14,1244.700148771247,2025-01-21,1156.0030046899433,5,-0.07125984854172673,FIXED_HORIZON
KIMS-2025-01-13,KIMS,2025-01-13,2025-01-14,629.2999877929688,2025-01-21,627.2999877929688,5,-0.0031781344967354297,FIXED_HORIZON
LICI-2025-01-13,LICI,2025-01-13,2025-01-14,392.9560388643232,2025-01-21,414.6530221821677,5,0.05521478529901369,FIXED_HORIZON
LODHA-2025-01-13,LODHA,2025-01-13,2025-01-14,1157.4054196976524,2025-01-21,1193.9561249333667,5,0.031579863558321986,FIXED_HORIZON
LTF-2025-01-13,LTF,2025-01-13,2025-01-14,128.59329341227178,2025-01-21,137.66302423626357,5,0.07053035646978967,FIXED_HORIZON
M&MFIN-2025-01-13,M&MFIN,2025-01-13,2025-01-14,252.8867065171961,2025-01-21,255.9881429860999,5,0.012264134052822895,FIXED_HORIZON
MEDANTA-2025-01-13,MEDANTA,2025-01-13,2025-01-14,1039.2571538418315,2025-01-21,1000.3849394923768,5,-0.03740384581982947,FIXED_HORIZON
MRF-2025-01-13,MRF,2025-01-13,2025-01-14,112627.76723841456,2025-01-21,113411.33570683046,5,0.006957151754213742,FIXED_HORIZON
MRPL-2025-01-13,MRPL,2025-01-13,2025-01-14,132.2009485760621,2025-01-21,142.004130739837,5,0.07415364465508811,FIXED_HORIZON
NAM-INDIA-2025-01-13,NAM-INDIA,2025-01-13,2025-01-14,617.7134567853223,2025-01-21,666.8811175713488,5,0.0795962274189439,FIXED_HORIZON
NBCC-2025-01-13,NBCC,2025-01-13,2025-01-14,78.4272580640187,2025-01-21,96.7596172296475,5,0.2337498418045476,FIXED_HORIZON
NETWEB-2025-01-13,NETWEB,2025-01-13,2025-01-14,2425.4472366508503,2025-01-21,2206.100102585213,5,-0.09043574758134931,FIXED_HORIZON
NSLNISP-2025-01-13,NSLNISP,2025-01-13,2025-01-14,39.0,2025-01-21,42.34000015258789,5,0.0856410295535357,FIXED_HORIZON
NTPC-2025-01-13,NTPC,2025-01-13,2025-01-14,290.4589849327554,2025-01-21,326.56697830359525,5,0.1243135700525817,FIXED_HORIZON
NUVAMA-2025-01-13,NUVAMA,2025-01-13,2025-01-14,1199.399059763714,2025-01-21,1199.6809024095805,5,0.00023498654894904547,FIXED_HORIZON
PCBL-2025-01-13,PCBL,2025-01-13,2025-01-14,335.7130767820168,2025-01-21,356.33135694226473,5,0.061416374833785925,FIXED_HORIZON
PERSISTENT-2025-01-13,PERSISTENT,2025-01-13,2025-01-14,5969.104356507337,2025-01-21,6016.383677638501,5,0.007920672567840237,FIXED_HORIZON
PHOENIXLTD-2025-01-13,PHOENIXLTD,2025-01-13,2025-01-14,1531.5418420548287,2025-01-21,1602.4279969867907,5,0.046284177804019944,FIXED_HORIZON
PNBHOUSING-2025-01-13,PNBHOUSING,2025-01-13,2025-01-14,812.4866855250624,2025-01-21,911.6041587602117,5,0.12199273538999034,FIXED_HORIZON
POLICYBZR-2025-01-13,POLICYBZR,2025-01-13,2025-01-14,1680.0,2025-01-21,1752.949951171875,5,0.043422589983258986,FIXED_HORIZON
POWERGRID-2025-01-13,POWERGRID,2025-01-13,2025-01-14,275.4219873446416,2025-01-21,293.8472594993341,5,0.06689833419739477,FIXED_HORIZON
PRESTIGE-2025-01-13,PRESTIGE,2025-01-13,2025-01-14,1422.5695694631663,2025-01-21,1459.9794817904829,5,0.02629742202445251,FIXED_HORIZON
RAMCOCEM-2025-01-13,RAMCOCEM,2025-01-13,2025-01-14,877.8852108633193,2025-01-21,880.0755043537431,5,0.0024949657008912496,FIXED_HORIZON
RENUKA-2025-01-13,RENUKA,2025-01-13,2025-01-14,34.83000183105469,2025-01-21,39.400001525878906,5,0.13120871244828858,FIXED_HORIZON
RKFORGE-2025-01-13,RKFORGE,2025-01-13,2025-01-14,924.117911757096,2025-01-21,957.4584902265769,5,0.036078273178460574,FIXED_HORIZON
SAIL-2025-01-13,SAIL,2025-01-13,2025-01-14,100.43126661587179,2025-01-21,108.63839953240448,5,0.08171890281861338,FIXED_HORIZON
SAMMAANCAP-2025-01-13,SAMMAANCAP,2025-01-13,2025-01-14,142.0,2025-01-21,157.64999389648438,5,0.11021122462312949,FIXED_HORIZON
SCI-2025-01-13,SCI,2025-01-13,2025-01-14,175.56996158961977,2025-01-21,197.8119780893223,5,0.12668463499292337,FIXED_HORIZON
SJVN-2025-01-13,SJVN,2025-01-13,2025-01-14,87.66519944514654,2025-01-21,98.34007915306196,5,0.1217687266495624,FIXED_HORIZON
SOLARINDS-2025-01-13,SOLARINDS,2025-01-13,2025-01-14,8979.217455329033,2025-01-21,9738.413457491142,5,0.0845503526269471,FIXED_HORIZON
SUNTV-2025-01-13,SUNTV,2025-01-13,2025-01-14,618.2280381037472,2025-01-21,622.3096382221137,5,0.006602094804508907,FIXED_HORIZON
SWSOLAR-2025-01-13,SWSOLAR,2025-01-13,2025-01-14,421.20001220703125,2025-01-21,389.0,5,-0.07644826988087572,FIXED_HORIZON
SYNGENE-2025-01-13,SYNGENE,2025-01-13,2025-01-14,816.650399895449,2025-01-21,823.2190745128464,5,0.00804343525483886,FIXED_HORIZON
TATAINVEST-2025-01-13,TATAINVEST,2025-01-13,2025-01-14,609.4525568978848,2025-01-21,622.3055607298843,5,0.021089424741150165,FIXED_HORIZON
TBOTEK-2025-01-13,TBOTEK,2025-01-13,2025-01-14,1659.800048828125,2025-01-21,1655.0,5,-0.002891944021518711,FIXED_HORIZON
TEJASNET-2025-01-13,TEJASNET,2025-01-13,2025-01-14,1001.4004229815348,2025-01-21,1129.0914610055859,5,0.12751246663534266,FIXED_HORIZON
TRENT-2025-01-13,TRENT,2025-01-13,2025-01-14,6224.602837771344,2025-01-21,6078.104005901636,5,-0.023535450483803122,FIXED_HORIZON
UJJIVANSFB-2025-01-13,UJJIVANSFB,2025-01-13,2025-01-14,32.95000076293945,2025-01-21,34.72999954223633,5,0.054021206011592326,FIXED_HORIZON
UNOMINDA-2025-01-13,UNOMINDA,2025-01-13,2025-01-14,1029.3261025929903,2025-01-21,1035.2988918447293,5,0.005802620993184515,FIXED_HORIZON
WELCORP-2025-01-13,WELCORP,2025-01-13,2025-01-14,713.7668761804874,2025-01-21,791.5377405125115,5,0.10895835450951696,FIXED_HORIZON
WHIRLPOOL-2025-01-13,WHIRLPOOL,2025-01-13,2025-01-14,1579.5273371566275,2025-01-21,1638.297872027833,5,0.03720767187037155,FIXED_HORIZON
ZFCVINDIA-2025-01-13,ZFCVINDIA,2025-01-13,2025-01-14,1849.82649964401,2025-01-21,1828.3858665406094,5,-0.011590618421525867,FIXED_HORIZON
HCLTECH-2025-01-14,HCLTECH,2025-01-14,2025-01-15,1705.6215982017811,2025-01-22,1696.8373101535399,5,-0.005150197474927842,FIXED_HORIZON
HINDUNILVR-2025-01-14,HINDUNILVR,2025-01-14,2025-01-15,2307.40252642736,2025-01-22,2276.93063564134,5,-0.013206144327665648,FIXED_HORIZON
RAINBOW-2025-01-14,RAINBOW,2025-01-14,2025-01-15,1473.5934996855747,2025-01-22,1425.8011655976256,5,-0.03243250876048698,FIXED_HORIZON
AXISBANK-2025-01-15,AXISBANK,2025-01-15,2025-01-16,1032.2211352471902,2025-01-23,952.450837032954,5,-0.07728024111338627,FIXED_HORIZON
VIPIND-2025-01-15,VIPIND,2025-01-15,2025-01-16,400.6000061035156,2025-01-23,394.6000061035156,5,-0.014977533471254079,FIXED_HORIZON
MOTILALOFS-2025-01-16,MOTILALOFS,2025-01-16,2025-01-17,799.7540837370896,2025-01-24,719.4834014688086,5,-0.1003692058603719,FIXED_HORIZON
INFY-2025-01-17,INFY,2025-01-17,2025-01-20,1733.0494968108637,2025-01-27,1757.577160982871,5,0.014152893046126325,FIXED_HORIZON
SUPREMEIND-2025-01-20,SUPREMEIND,2025-01-20,2025-01-21,3940.1842062844216,2025-01-28,3492.2649907812042,5,-0.11367976522234824,FIXED_HORIZON
CDSL-2025-01-21,CDSL,2025-01-21,2025-01-22,1499.9761116332922,2025-01-29,1248.3417539749769,5,-0.16775891009645216,FIXED_HORIZON
DELHIVERY-2025-01-21,DELHIVERY,2025-01-21,2025-01-22,330.29998779296875,2025-01-29,312.0,5,-0.05540414311016906,FIXED_HORIZON
DIXON-2025-01-21,DIXON,2025-01-21,2025-01-22,15193.238121835604,2025-01-29,14594.055338892644,5,-0.03943746409672999,FIXED_HORIZON
ETERNAL-2025-01-21,ETERNAL,2025-01-21,2025-01-22,207.14999389648438,2025-01-29,211.0,5,0.018585596026807094,FIXED_HORIZON
GVT&D-2025-01-21,GVT&D,2025-01-21,2025-01-22,1819.2057674881473,2025-01-29,1553.3022721581588,5,-0.1461646066003477,FIXED_HORIZON
ICICIBANK-2025-01-21,ICICIBANK,2025-01-21,2025-01-22,1181.840346118592,2025-01-29,1232.0268875547777,5,0.04246473866035183,FIXED_HORIZON
JIOFIN-2025-01-21,JIOFIN,2025-01-21,2025-01-22,260.6820740006141,2025-01-29,234.08591050307325,5,-0.10202528731407201,FIXED_HORIZON
KAYNES-2025-01-21,KAYNES,2025-01-21,2025-01-22,5969.2998046875,2025-01-29,4719.0,5,-0.2094550191139134,FIXED_HORIZON
MCX-2025-01-21,MCX,2025-01-21,2025-01-22,1105.0416470022758,2025-01-29,1103.0740795887987,5,-0.0017805368863831328,FIXED_HORIZON
NEWGEN-2025-01-21,NEWGEN,2025-01-21,2025-01-22,1296.1190464326392,2025-01-29,981.1061533035942,5,-0.24304317878521087,FIXED_HORIZON
OBEROIRLTY-2025-01-21,OBEROIRLTY,2025-01-21,2025-01-22,1842.5752448208477,2025-01-29,1662.9199336967265,5,-0.09750229285295153,FIXED_HORIZON
PRESTIGE-2025-01-21,PRESTIGE,2025-01-21,2025-01-22,1386.6562182576024,2025-01-29,1268.042250563413,5,-0.08553956354317815,FIXED_HORIZON
TRENT-2025-01-21,TRENT,2025-01-21,2025-01-22,5724.231576709236,2025-01-29,5483.7256981462815,5,-0.042015399855855784,FIXED_HORIZON
AKUMS-2025-01-22,AKUMS,2025-01-22,2025-01-23,580.7539073568552,2025-01-30,584.237428885758,5,0.0059982748024154375,FIXED_HORIZON
COROMANDEL-2025-01-22,COROMANDEL,2025-01-22,2025-01-23,1755.6859345550881,2025-01-30,1776.7341153277794,5,0.011988579710314307,FIXED_HORIZON
DOMS-2025-01-22,DOMS,2025-01-22,2025-01-23,2334.238278831494,2025-01-30,2356.2252725137246,5,0.00941934415249035,FIXED_HORIZON
ELECON-2025-01-22,ELECON,2025-01-22,2025-01-23,555.7498833909406,2025-01-30,522.2021186569227,5,-0.06036486149007214,FIXED_HORIZON
GODREJPROP-2025-01-22,GODREJPROP,2025-01-22,2025-01-23,2229.7222660450084,2025-01-30,2219.770225511096,5,-0.00446335433137357,FIXED_HORIZON
GPPL-2025-01-22,GPPL,2025-01-22,2025-01-23,147.8107187236635,2025-01-30,141.5811378839534,5,-0.04214566368056494,FIXED_HORIZON
ICICIPRULI-2025-01-22,ICICIPRULI,2025-01-22,2025-01-23,592.1575024131312,2025-01-30,604.1001222100675,5,0.020167978533191633,FIXED_HORIZON
INDIACEM-2025-01-22,INDIACEM,2025-01-22,2025-01-23,317.0,2025-01-30,279.3999938964844,5,-0.11861200663569593,FIXED_HORIZON
INDIAMART-2025-01-22,INDIAMART,2025-01-22,2025-01-23,2030.3733664236472,2025-01-30,1977.2994228815667,5,-0.02613999199347572,FIXED_HORIZON
LODHA-2025-01-22,LODHA,2025-01-22,2025-01-23,1053.5637200686383,2025-01-30,1134.114209475076,5,0.07645526119786084,FIXED_HORIZON
NETWEB-2025-01-22,NETWEB,2025-01-22,2025-01-23,1935.4470346863952,2025-01-30,1666.9398674503677,5,-0.13873134341779303,FIXED_HORIZON
POLYCAB-2025-01-22,POLYCAB,2025-01-22,2025-01-23,6116.538069597003,2025-01-30,5809.768201697447,5,-0.050154166361588315,FIXED_HORIZON
SONACOMS-2025-01-22,SONACOMS,2025-01-22,2025-01-23,527.9631812493066,2025-01-30,509.30126184670354,5,-0.035347009157804865,FIXED_HORIZON
ALKEM-2025-01-24,ALKEM,2025-01-24,2025-01-27,4896.620687017909,2025-02-03,4926.487617713474,5,0.0060994985326816575,FIXED_HORIZON
ATUL-2025-01-24,ATUL,2025-01-24,2025-01-27,6400.243516808497,2025-02-03,6163.903374906441,5,-0.036926742128072565,FIXED_HORIZON
CIPLA-2025-01-24,CIPLA,2025-01-24,2025-01-27,1380.2681851760528,2025-02-03,1406.6365086422393,5,0.019103768201991222,FIXED_HORIZON
CYIENT-2025-01-24,CYIENT,2025-01-24,2025-01-27,1288.5130702090044,2025-02-03,1408.0422177050132,5,0.09276518047009064,FIXED_HORIZON
DRREDDY-2025-01-24,DRREDDY,2025-01-24,2025-01-27,1209.0164473621294,2025-02-03,1184.9230055063208,5,-0.019928134069951198,FIXED_HORIZON
IPCALAB-2025-01-24,IPCALAB,2025-01-24,2025-01-27,1494.828549608468,2025-02-03,1397.2035555393015,5,-0.06530848912053278,FIXED_HORIZON
JWL-2025-01-24,JWL,2025-01-24,2025-01-27,419.31365412412856,2025-02-03,369.0877765428912,5,-0.11978116402183525,FIXED_HORIZON
RKFORGE-2025-01-24,RKFORGE,2025-01-24,2025-01-27,807.3510363114647,2025-02-03,782.4327791341145,5,-0.03086421650140425,FIXED_HORIZON
SCHAEFFLER-2025-01-24,SCHAEFFLER,2025-01-24,2025-01-27,3117.742298171568,2025-02-03,3349.6060427367597,5,0.07436911790341694,FIXED_HORIZON
SOBHA-2025-01-24,SOBHA,2025-01-24,2025-01-27,1124.660388377843,2025-02-03,1376.5782369319927,5,0.22399459530845944,FIXED_HORIZON
SYNGENE-2025-01-24,SYNGENE,2025-01-24,2025-01-27,788.0867549586706,2025-02-03,736.4832464617949,5,-0.06547947693852796,FIXED_HORIZON
TEJASNET-2025-01-24,TEJASNET,2025-01-24,2025-01-27,966.525833240639,2025-02-03,865.140223310587,5,-0.10489694785510173,FIXED_HORIZON
UJJIVANSFB-2025-01-24,UJJIVANSFB,2025-01-24,2025-01-27,32.95000076293945,2025-02-03,35.93000030517578,5,0.09044004471126099,FIXED_HORIZON
UNOMINDA-2025-01-24,UNOMINDA,2025-01-24,2025-01-27,887.4701938614364,2025-02-03,985.0770130842154,5,0.109983208335241,FIXED_HORIZON
ZFCVINDIA-2025-01-24,ZFCVINDIA,2025-01-24,2025-01-27,1687.2488030033137,2025-02-03,1806.2808265762535,5,0.07054799704765657,FIXED_HORIZON
AADHARHFC-2025-01-27,AADHARHFC,2025-01-27,2025-01-28,365.45001220703125,2025-02-04,390.95001220703125,5,0.06977698494521878,FIXED_HORIZON
ABSLAMC-2025-01-27,ABSLAMC,2025-01-27,2025-01-28,598.4468501722208,2025-02-04,620.996556704075,5,0.03768038302042176,FIXED_HORIZON
ANANTRAJ-2025-01-27,ANANTRAJ,2025-01-27,2025-01-28,602.6830855529787,2025-02-04,603.4807621076128,5,0.001323542295702973,FIXED_HORIZON
AUBANK-2025-01-27,AUBANK,2025-01-27,2025-01-28,572.7368175936349,2025-02-04,607.5600399363328,5,0.060801438414607833,FIXED_HORIZON
BHARTIARTL-2025-01-27,BHARTIARTL,2025-01-27,2025-01-28,1574.5061166137216,2025-02-04,1627.8825396936547,5,0.033900422816222076,FIXED_HORIZON
BSE-2025-01-27,BSE,2025-01-27,2025-01-28,1803.26356955101,2025-02-04,1812.1618761431462,5,0.004934556845925586,FIXED_HORIZON
CAMS-2025-01-27,CAMS,2025-01-27,2025-01-28,745.7927739685491,2025-02-04,665.969582639136,5,-0.10703132842740493,FIXED_HORIZON
CANBK-2025-01-27,CANBK,2025-01-27,2025-01-28,87.57015660156925,2025-02-04,85.51408446768946,5,-0.02347914190943623,FIXED_HORIZON
CAPLIPOINT-2025-01-27,CAPLIPOINT,2025-01-27,2025-01-28,1890.2781224556463,2025-02-04,2080.1321150326057,5,0.10043706813382647,FIXED_HORIZON
EXIDEIND-2025-01-27,EXIDEIND,2025-01-27,2025-01-28,348.44502472579427,2025-02-04,372.2554901945677,5,0.06833349245698339,FIXED_HORIZON
GAIL-2025-01-27,GAIL,2025-01-27,2025-01-28,154.92444557499724,2025-02-04,163.51845319083566,5,0.05547225025683988,FIXED_HORIZON
GLAND-2025-01-27,GLAND,2025-01-27,2025-01-28,1457.3115229447014,2025-02-04,1484.8451747935003,5,0.01889345648839935,FIXED_HORIZON
GRANULES-2025-01-27,GRANULES,2025-01-27,2025-01-28,546.686415411589,2025-02-04,560.0675616007496,5,0.02447682219995584,FIXED_HORIZON
HONASA-2025-01-27,HONASA,2025-01-27,2025-01-28,236.52737699479246,2025-02-04,222.6239271846502,5,-0.058781566797015516,FIXED_HORIZON
HONAUT-2025-01-27,HONAUT,2025-01-27,2025-01-28,39925.5249194187,2025-02-04,38233.99434654822,5,-0.04236714673844555,FIXED_HORIZON
IDFCFIRSTB-2025-01-27,IDFCFIRSTB,2025-01-27,2025-01-28,57.44268289535744,2025-02-04,61.92480503162703,5,0.07802772973599814,FIXED_HORIZON
INDGN-2025-01-27,INDGN,2025-01-27,2025-01-28,608.9269706626429,2025-02-04,629.1203979492187,5,0.03316231380686108,FIXED_HORIZON
IRCTC-2025-01-27,IRCTC,2025-01-27,2025-01-28,743.3297547958026,2025-02-04,760.1210194633305,5,0.0225892540412842,FIXED_HORIZON
JINDALSAW-2025-01-27,JINDALSAW,2025-01-27,2025-01-28,226.7836268639196,2025-02-04,231.74144751895545,5,0.021861457652808225,FIXED_HORIZON
JINDALSTEL-2025-01-27,JINDALSTEL,2025-01-27,2025-01-28,846.750930540295,2025-02-04,810.4381204308339,5,-0.042884877712848324,FIXED_HORIZON
KEI-2025-01-27,KEI,2025-01-27,2025-01-28,3986.280251030116,2025-02-04,3895.3878391394765,5,-0.02280131003512642,FIXED_HORIZON
LATENTVIEW-2025-01-27,LATENTVIEW,2025-01-27,2025-01-28,413.0,2025-02-04,435.0,5,0.0532687651331718,FIXED_HORIZON
LAURUSLABS-2025-01-27,LAURUSLABS,2025-01-27,2025-01-28,533.9968796814817,2025-02-04,588.1242873039796,5,0.10136277885141176,FIXED_HORIZON
MASTEK-2025-01-27,MASTEK,2025-01-27,2025-01-28,2336.676937100297,2025-02-04,2524.4720613948666,5,0.08036845886261634,FIXED_HORIZON
NATCOPHARM-2025-01-27,NATCOPHARM,2025-01-27,2025-01-28,1166.503648727876,2025-02-04,1157.2889542591765,5,-0.00789941332695232,FIXED_HORIZON
NUVAMA-2025-01-27,NUVAMA,2025-01-27,2025-01-28,981.7276759397845,2025-02-04,1003.1118819962686,5,0.02178221779885492,FIXED_HORIZON
PNBHOUSING-2025-01-27,PNBHOUSING,2025-01-27,2025-01-28,806.5140130513456,2025-02-04,873.8428027617375,5,0.08348123978114375,FIXED_HORIZON
SAMMAANCAP-2025-01-27,SAMMAANCAP,2025-01-27,2025-01-28,145.5399932861328,2025-02-04,140.08999633789062,5,-0.03744673079328409,FIXED_HORIZON
TRIDENT-2025-01-27,TRIDENT,2025-01-27,2025-01-28,29.41972749392391,2025-02-04,29.9021776892344,5,0.016398866896714992,FIXED_HORIZON
WELCORP-2025-01-27,WELCORP,2025-01-27,2025-01-28,728.637036594815,2025-02-04,727.6456852926069,5,-0.001360555739577829,FIXED_HORIZON
ZEEL-2025-01-27,ZEEL,2025-01-27,2025-01-28,106.75933029433298,2025-02-04,104.78085635895577,5,-0.018532093915563208,FIXED_HORIZON
360ONE-2025-01-28,360ONE,2025-01-28,2025-01-29,981.002158947245,2025-02-05,964.9766209374607,5,-0.016335884547881152,FIXED_HORIZON
ABBOTINDIA-2025-01-28,ABBOTINDIA,2025-01-28,2025-01-29,24434.93619373656,2025-02-05,25345.64386612269,5,0.03727072029840506,FIXED_HORIZON
APARINDS-2025-01-28,APARINDS,2025-01-28,2025-01-29,7127.848849682191,2025-02-05,7096.882205142492,5,-0.004344458642817517,FIXED_HORIZON
CRAFTSMAN-2025-01-28,CRAFTSMAN,2025-01-28,2025-01-29,4420.375447952242,2025-02-05,4441.831665709386,5,0.004853935601122572,FIXED_HORIZON
FEDERALBNK-2025-01-28,FEDERALBNK,2025-01-28,2025-01-29,181.82437766102115,2025-02-05,180.2790574588314,5,-0.008498971491439522,FIXED_HORIZON
FLUOROCHEM-2025-01-28,FLUOROCHEM,2025-01-28,2025-01-29,3347.356007140677,2025-02-05,3709.120472506358,5,0.10807469076905907,FIXED_HORIZON
FSL-2025-01-28,FSL,2025-01-28,2025-01-29,310.64932578626326,2025-02-05,326.57138246643774,5,0.05125411632513677,FIXED_HORIZON
HSCL-2025-01-28,HSCL,2025-01-28,2025-01-29,463.7830938428193,2025-02-05,495.30038289258806,5,0.06795695976889204,FIXED_HORIZON
JSWENERGY-2025-01-28,JSWENERGY,2025-01-28,2025-01-29,460.3092266136271,2025-02-05,471.37767652317,5,0.02404568335718693,FIXED_HORIZON
PETRONET-2025-01-28,PETRONET,2025-01-28,2025-01-29,277.9985764792498,2025-02-05,295.3168343130998,5,0.06229621048128875,FIXED_HORIZON
POLYMED-2025-01-28,POLYMED,2025-01-28,2025-01-29,2258.401328137909,2025-02-05,2406.6365829594724,5,0.06563725099461659,FIXED_HORIZON
POWERINDIA-2025-01-28,POWERINDIA,2025-01-28,2025-01-29,9454.999476939523,2025-02-05,12248.523040221404,5,0.2954546502191995,FIXED_HORIZON
REDINGTON-2025-01-28,REDINGTON,2025-01-28,2025-01-29,193.7387725889646,2025-02-05,195.79677736445146,5,0.010622575687795344,FIXED_HORIZON
SCHNEIDER-2025-01-28,SCHNEIDER,2025-01-28,2025-01-29,623.5,2025-02-05,648.8499755859375,5,0.04065753903117475,FIXED_HORIZON
SONATSOFTW-2025-01-28,SONATSOFTW,2025-01-28,2025-01-29,491.6810243712239,2025-02-05,521.0616511799063,5,0.05975546208287219,FIXED_HORIZON
SUNPHARMA-2025-01-28,SUNPHARMA,2025-01-28,2025-01-29,1674.4272636152525,2025-02-05,1741.4829413381765,5,0.04004693376656099,FIXED_HORIZON
TRITURBINE-2025-01-28,TRITURBINE,2025-01-28,2025-01-29,591.9651701397923,2025-02-05,570.223553167304,5,-0.036727865200842924,FIXED_HORIZON
BERGEPAINT-2025-01-29,BERGEPAINT,2025-01-29,2025-01-30,453.55860380178586,2025-02-06,473.37500620245964,5,0.043690941445207354,FIXED_HORIZON
BOSCHLTD-2025-01-29,BOSCHLTD,2025-01-29,2025-01-30,27542.46911022497,2025-02-06,27850.241351378816,5,0.011174460790793317,FIXED_HORIZON
ABB-2025-01-30,ABB,2025-01-30,2025-01-31,5605.111025981186,2025-02-07,5578.549880590465,5,-0.004738736711476843,FIXED_HORIZON
DEEPAKFERT-2025-01-30,DEEPAKFERT,2025-01-30,2025-01-31,1122.2536977627767,2025-02-07,1150.7538017940014,5,0.025395420026719462,FIXED_HORIZON
ECLERX-2025-01-30,ECLERX,2025-01-30,2025-01-31,1501.0170728144385,2025-02-07,1577.230832693043,5,0.05077474551019079,FIXED_HORIZON
MANYAVAR-2025-01-30,MANYAVAR,2025-01-30,2025-01-31,1012.0059347252567,2025-02-07,944.9215026063388,5,-0.06628857580477554,FIXED_HORIZON
MPHASIS-2025-01-30,MPHASIS,2025-01-30,2025-01-31,2768.9535642046144,2025-02-07,2705.935954386003,5,-0.022758637282064176,FIXED_HORIZON
OFSS-2025-01-30,OFSS,2025-01-30,2025-01-31,8402.920389739504,2025-02-07,8657.909436737262,5,0.030345288919923163,FIXED_HORIZON
TMPV-2025-01-30,TMPV,2025-01-30,2025-01-31,694.2228650095947,2025-02-07,699.1394920389603,5,0.007082202671756743,FIXED_HORIZON
VOLTAS-2025-01-30,VOLTAS,2025-01-30,2025-01-31,1258.3010442338905,2025-02-07,1318.4751010979576,5,0.04782166965513701,FIXED_HORIZON
WELSPUNLIV-2025-01-30,WELSPUNLIV,2025-01-30,2025-01-31,139.23572332304886,2025-02-07,129.27126384137088,5,-0.0715653945974688,FIXED_HORIZON
WHIRLPOOL-2025-01-30,WHIRLPOOL,2025-01-30,2025-01-31,1064.5049469639964,2025-02-07,1097.5788579356242,5,0.031069757886946103,FIXED_HORIZON
BASF-2025-02-03,BASF,2025-02-03,2025-02-04,4365.165756338174,2025-02-11,4056.477388190598,5,-0.07071629930647283,FIXED_HORIZON
COLPAL-2025-02-03,COLPAL,2025-02-03,2025-02-04,2686.9759207730717,2025-02-11,2494.730952392768,5,-0.07154696359355273,FIXED_HORIZON
ELECON-2025-02-03,ELECON,2025-02-03,2025-02-04,477.12388095536693,2025-02-11,500.2345715990515,5,0.04843750557488136,FIXED_HORIZON
HAL-2025-02-03,HAL,2025-02-03,2025-02-04,3525.6124478433544,2025-02-11,3715.60370526193,5,0.05388886618402844,FIXED_HORIZON
HINDPETRO-2025-02-03,HINDPETRO,2025-02-03,2025-02-04,301.28667116245356,2025-02-11,310.2748216603629,5,0.029832552708788374,FIXED_HORIZON
HUDCO-2025-02-03,HUDCO,2025-02-03,2025-02-04,190.7058746934871,2025-02-11,190.70586119480336,5,-7.078273678295943e-08,FIXED_HORIZON
JPPOWER-2025-02-03,JPPOWER,2025-02-03,2025-02-04,15.020000457763672,2025-02-11,14.729999542236328,5,-0.0193076502456061,FIXED_HORIZON
JSL-2025-02-03,JSL,2025-02-03,2025-02-04,594.2788620901524,2025-02-11,617.138200269054,5,0.038465676027080065,FIXED_HORIZON
KNRCON-2025-02-03,KNRCON,2025-02-03,2025-02-04,281.6402827211357,2025-02-11,281.190841772084,5,-0.0015957978195068057,FIXED_HORIZON
LICHSGFIN-2025-02-03,LICHSGFIN,2025-02-03,2025-02-04,543.5232185012526,2025-02-11,542.3190240996189,5,-0.0022155344254735088,FIXED_HORIZON
LT-2025-02-03,LT,2025-02-03,2025-02-04,3253.5805888054583,2025-02-11,3297.6847117439966,5,0.013555564933687592,FIXED_HORIZON
MFSL-2025-02-03,MFSL,2025-02-03,2025-02-04,1083.449951171875,2025-02-11,1082.1500244140625,5,-0.001199803236325292,FIXED_HORIZON
MOTHERSON-2025-02-03,MOTHERSON,2025-02-03,2025-02-04,90.67352847271663,2025-02-11,89.02504249284033,5,-0.01818045473296348,FIXED_HORIZON
RITES-2025-02-03,RITES,2025-02-03,2025-02-04,228.29620979933694,2025-02-11,217.74836068915755,5,-0.046202471427145064,FIXED_HORIZON
SIEMENS-2025-02-03,SIEMENS,2025-02-03,2025-02-04,3092.9636485467954,2025-02-11,3130.961254131146,5,0.01228517690539399,FIXED_HORIZON
THERMAX-2025-02-03,THERMAX,2025-02-03,2025-02-04,3620.694317897707,2025-02-11,3219.8058082066514,5,-0.11072144580374976,FIXED_HORIZON
AJANTPHARM-2025-02-04,AJANTPHARM,2025-02-04,2025-02-05,2736.6024883995256,2025-02-12,2449.8259743953517,5,-0.10479290113190398,FIXED_HORIZON
ASIANPAINT-2025-02-05,ASIANPAINT,2025-02-05,2025-02-06,2243.296570015997,2025-02-13,2185.4782166380246,5,-0.025773833986453276,FIXED_HORIZON
TITAN-2025-02-05,TITAN,2025-02-05,2025-02-06,3469.0428470030197,2025-02-13,3229.8996932584396,5,-0.06893635054152791,FIXED_HORIZON
PAGEIND-2025-02-06,PAGEIND,2025-02-06,2025-02-07,43151.44906317997,2025-02-14,40726.80905983908,5,-0.05618907489736602,FIXED_HORIZON
TRENT-2025-02-06,TRENT,2025-02-06,2025-02-07,5310.481863539801,2025-02-14,5257.19189533386,5,-0.010034864928513243,FIXED_HORIZON
BIKAJI-2025-02-07,BIKAJI,2025-02-07,2025-02-10,657.8327262840428,2025-02-17,575.8964358600315,5,-0.12455490149730308,FIXED_HORIZON
NCC-2025-02-07,NCC,2025-02-07,2025-02-10,204.2769071448361,2025-02-17,182.92290429910366,5,-0.10453459054278735,FIXED_HORIZON
SONATSOFTW-2025-02-07,SONATSOFTW,2025-02-07,2025-02-10,473.21597140042707,2025-02-17,403.9718984317747,5,-0.14632657634891877,FIXED_HORIZON
ALKEM-2025-02-10,ALKEM,2025-02-10,2025-02-11,4709.033184566419,2025-02-18,4681.043511385577,5,-0.005943825852103957,FIXED_HORIZON
CROMPTON-2025-02-10,CROMPTON,2025-02-10,2025-02-11,337.89225249341774,2025-02-18,323.29920515045524,5,-0.04318846388242292,FIXED_HORIZON
DELHIVERY-2025-02-10,DELHIVERY,2025-02-10,2025-02-11,297.25,2025-02-18,267.0,5,-0.10176619007569387,FIXED_HORIZON
FIVESTAR-2025-02-10,FIVESTAR,2025-02-10,2025-02-11,721.8191767503504,2025-02-18,687.3640622492129,5,-0.047733720038106164,FIXED_HORIZON
JMFINANCIL-2025-02-10,JMFINANCIL,2025-02-10,2025-02-11,102.46137457744882,2025-02-18,94.93688683767314,5,-0.07343731011619448,FIXED_HORIZON
MAXHEALTH-2025-02-10,MAXHEALTH,2025-02-10,2025-02-11,1073.999764643295,2025-02-18,1042.8910311219959,5,-0.02896530757772675,FIXED_HORIZON
SCI-2025-02-10,SCI,2025-02-10,2025-02-11,170.30760705121273,2025-02-18,147.6964601007614,5,-0.13276651197178746,FIXED_HORIZON
SUNTV-2025-02-10,SUNTV,2025-02-10,2025-02-11,578.7094095211319,2025-02-18,565.0936035998841,5,-0.023527880655188516,FIXED_HORIZON
UJJIVANSFB-2025-02-10,UJJIVANSFB,2025-02-10,2025-02-11,37.439998626708984,2025-02-18,32.150001525878906,5,-0.141292662790225,FIXED_HORIZON
AIAENG-2025-02-11,AIAENG,2025-02-11,2025-02-12,3492.235605645312,2025-02-19,3354.456353740337,5,-0.039453023067014814,FIXED_HORIZON
APOLLOHOSP-2025-02-11,APOLLOHOSP,2025-02-11,2025-02-12,6316.776922475648,2025-02-19,6324.366336346124,5,0.0012014693511610552,FIXED_HORIZON
ASTERDM-2025-02-11,ASTERDM,2025-02-11,2025-02-12,432.0840787767361,2025-02-19,402.1652280570799,5,-0.06924312232091212,FIXED_HORIZON
BSE-2025-02-11,BSE,2025-02-11,2025-02-12,1721.3550433268756,2025-02-19,1708.429959566179,5,-0.0075086681337490635,FIXED_HORIZON
CAMPUS-2025-02-11,CAMPUS,2025-02-11,2025-02-12,270.13705190120027,2025-02-19,269.55316487633354,5,-0.0021614473866409245,FIXED_HORIZON
EICHERMOT-2025-02-11,EICHERMOT,2025-02-11,2025-02-12,4835.99524611863,2025-02-19,4591.752831804845,5,-0.05050509809946857,FIXED_HORIZON
EIHOTEL-2025-02-11,EIHOTEL,2025-02-11,2025-02-12,348.0314803844055,2025-02-19,311.3444190012506,5,-0.10541305442436844,FIXED_HORIZON
ELECON-2025-02-11,ELECON,2025-02-11,2025-02-12,463.75446253980806,2025-02-19,443.1785145030683,5,-0.04436819416044657,FIXED_HORIZON
EMAMILTD-2025-02-11,EMAMILTD,2025-02-11,2025-02-12,527.2524319565083,2025-02-19,522.0407868206693,5,-0.009884535034764719,FIXED_HORIZON
ESCORTS-2025-02-11,ESCORTS,2025-02-11,2025-02-12,3067.572980755376,2025-02-19,2921.377960974895,5,-0.04765820428646539,FIXED_HORIZON
FINCABLES-2025-02-11,FINCABLES,2025-02-11,2025-02-12,907.4477474309506,2025-02-19,881.6904688007545,5,-0.02838431050505863,FIXED_HORIZON
GSFC-2025-02-11,GSFC,2025-02-11,2025-02-12,190.14646178787024,2025-02-19,182.86094170660596,5,-0.0383153071204243,FIXED_HORIZON
HBLENGINE-2025-02-11,HBLENGINE,2025-02-11,2025-02-12,500.7187458878471,2025-02-19,453.29690728585865,5,-0.09470753590002434,FIXED_HORIZON
HDFCAMC-2025-02-11,HDFCAMC,2025-02-11,2025-02-12,1769.849498027376,2025-02-19,1791.9425717249,5,0.01248302396455081,FIXED_HORIZON
JBCHEPHARM-2025-02-11,JBCHEPHARM,2025-02-11,2025-02-12,1576.5813570756754,2025-02-19,1580.1285654354322,5,0.00224993676592522,FIXED_HORIZON
LATENTVIEW-2025-02-11,LATENTVIEW,2025-02-11,2025-02-12,426.0,2025-02-19,395.04998779296875,5,-0.07265261081462737,FIXED_HORIZON
LUPIN-2025-02-11,LUPIN,2025-02-11,2025-02-12,2051.276095242332,2025-02-19,1923.9963484732402,5,-0.062049056713672224,FIXED_HORIZON
MSUMI-2025-02-11,MSUMI,2025-02-11,2025-02-12,33.527602842064994,2025-02-19,31.236773150172308,5,-0.0683266770572254,FIXED_HORIZON
PNCINFRA-2025-02-11,PNCINFRA,2025-02-11,2025-02-12,286.58813145131404,2025-02-19,251.5069192933717,5,-0.12240985689214412,FIXED_HORIZON
POLICYBZR-2025-02-11,POLICYBZR,2025-02-11,2025-02-12,1537.0,2025-02-19,1516.0,5,-0.013662979830839306,FIXED_HORIZON
PPLPHARMA-2025-02-11,PPLPHARMA,2025-02-11,2025-02-12,203.86791809310628,2025-02-19,189.87697948922155,5,-0.06862746593358093,FIXED_HORIZON
RAINBOW-2025-02-11,RAINBOW,2025-02-11,2025-02-12,1304.5284123320419,2025-02-19,1259.573972819843,5,-0.03446029928304595,FIXED_HORIZON
SAIL-2025-02-11,SAIL,2025-02-11,2025-02-12,98.86094462161941,2025-02-19,102.12998168970009,5,0.0330670223776699,FIXED_HORIZON
UNOMINDA-2025-02-11,UNOMINDA,2025-02-11,2025-02-12,966.3500316806077,2025-02-19,862.1437337707375,5,-0.10783494023241447,FIXED_HORIZON
VBL-2025-02-11,VBL,2025-02-11,2025-02-12,521.7752711810834,2025-02-19,458.2180158116376,5,-0.1218096350667951,FIXED_HORIZON
ACI-2025-02-12,ACI,2025-02-12,2025-02-13,462.07411059583825,2025-02-20,412.05322531647766,5,-0.10825294932637397,FIXED_HORIZON
CRISIL-2025-02-12,CRISIL,2025-02-12,2025-02-13,4927.425182013528,2025-02-20,4594.975610711652,5,-0.067469227643559,FIXED_HORIZON
HONAUT-2025-02-12,HONAUT,2025-02-12,2025-02-13,34935.507681104515,2025-02-20,33412.97814899943,5,-0.04358114804006619,FIXED_HORIZON
METROBRAND-2025-02-12,METROBRAND,2025-02-12,2025-02-13,1119.3248288812924,2025-02-20,1134.6083762436829,5,0.013654255644150792,FIXED_HORIZON
PRESTIGE-2025-02-12,PRESTIGE,2025-02-12,2025-02-13,1189.2822933790094,2025-02-20,1225.0459540083054,5,0.03007163297427362,FIXED_HORIZON
RENUKA-2025-02-12,RENUKA,2025-02-12,2025-02-13,32.459999084472656,2025-02-20,30.0,5,-0.07578555618781291,FIXED_HORIZON
SAMMAANCAP-2025-02-12,SAMMAANCAP,2025-02-12,2025-02-13,126.25,2025-02-20,122.0,5,-0.03366336633663369,FIXED_HORIZON
TATAINVEST-2025-02-12,TATAINVEST,2025-02-12,2025-02-13,527.696739608061,2025-02-20,580.1592524366805,5,0.09941792111049486,FIXED_HORIZON
ADANIENT-2025-02-13,ADANIENT,2025-02-13,2025-02-14,2243.5839550585347,2025-02-21,2188.386151624922,5,-0.024602513005657745,FIXED_HORIZON
NATCOPHARM-2025-02-13,NATCOPHARM,2025-02-13,2025-02-14,941.2879813748791,2025-02-21,786.0915681074542,5,-0.16487665447585909,FIXED_HORIZON
PIIND-2025-02-13,PIIND,2025-02-13,2025-02-14,3203.218288975757,2025-02-21,3164.6655039368648,5,-0.012035640896399746,FIXED_HORIZON
SKFINDIA-2025-02-13,SKFINDIA,2025-02-13,2025-02-14,3562.422914826545,2025-02-21,3698.6903443659594,5,0.0382513342175852,FIXED_HORIZON
VIJAYA-2025-02-13,VIJAYA,2025-02-13,2025-02-14,946.0944746331286,2025-02-21,921.4940161329827,5,-0.026002116236526374,FIXED_HORIZON
ABFRL-2025-02-14,ABFRL,2025-02-14,2025-02-17,249.5,2025-02-24,248.89999389648438,5,-0.0024048340822269143,FIXED_HORIZON
CONCORDBIO-2025-02-14,CONCORDBIO,2025-02-14,2025-02-17,1647.960696549405,2025-02-24,1619.9085976840195,5,-0.017022310619496328,FIXED_HORIZON
DEEPAKNTR-2025-02-14,DEEPAKNTR,2025-02-14,2025-02-17,1869.6877042113838,2025-02-24,1904.930292865323,5,0.01884945200985011,FIXED_HORIZON
EMCURE-2025-02-14,EMCURE,2025-02-14,2025-02-17,996.938503074646,2025-02-24,977.9777177603744,5,-0.019019011960913157,FIXED_HORIZON
FACT-2025-02-14,FACT,2025-02-14,2025-02-17,729.7121256593904,2025-02-24,694.7259225401411,5,-0.047945212761312694,FIXED_HORIZON
FINPIPE-2025-02-14,FINPIPE,2025-02-14,2025-02-17,187.6794008945726,2025-02-24,183.13568194150972,5,-0.024210003502809996,FIXED_HORIZON
GILLETTE-2025-02-14,GILLETTE,2025-02-14,2025-02-17,7259.301955419956,2025-02-24,7896.028579111104,5,0.08771182513158204,FIXED_HORIZON
GLENMARK-2025-02-14,GLENMARK,2025-02-14,2025-02-17,1316.7701891832094,2025-02-24,1297.6171977103343,5,-0.014545432171999328,FIXED_HORIZON
GRAPHITE-2025-02-14,GRAPHITE,2025-02-14,2025-02-17,395.0383864206149,2025-02-24,407.1710215458649,5,0.030712547292383485,FIXED_HORIZON
IFCI-2025-02-14,IFCI,2025-02-14,2025-02-17,44.599998474121094,2025-02-24,45.709999084472656,5,0.024887906913172442,FIXED_HORIZON
IIFL-2025-02-14,IIFL,2025-02-14,2025-02-17,312.0411407507583,2025-02-24,314.5724177896787,5,0.008111997773211144,FIXED_HORIZON
JYOTICNC-2025-02-14,JYOTICNC,2025-02-14,2025-02-17,958.0999755859375,2025-02-24,893.0,5,-0.06794695464439904,FIXED_HORIZON
KIRLOSENG-2025-02-14,KIRLOSENG,2025-02-14,2025-02-17,666.6957944308759,2025-02-24,580.4984387599854,5,-0.12929038459658015,FIXED_HORIZON
KNRCON-2025-02-14,KNRCON,2025-02-14,2025-02-17,244.68747813757818,2025-02-24,231.7040669090934,5,-0.05306120005529957,FIXED_HORIZON
KPIL-2025-02-14,KPIL,2025-02-14,2025-02-17,867.1697822408291,2025-02-24,898.8168364705045,5,0.03649464600564967,FIXED_HORIZON
LAURUSLABS-2025-02-14,LAURUSLABS,2025-02-14,2025-02-17,542.270448919892,2025-02-24,511.36902611656524,5,-0.05698526051876329,FIXED_HORIZON
LICI-2025-02-14,LICI,2025-02-14,2025-02-17,366.00356474989115,2025-02-24,373.66985829989153,5,0.02094595323201065,FIXED_HORIZON
MANAPPURAM-2025-02-14,MANAPPURAM,2025-02-14,2025-02-17,181.88852723590134,2025-02-24,201.45126831762298,5,0.10755346353621098,FIXED_HORIZON
MASTEK-2025-02-14,MASTEK,2025-02-14,2025-02-17,2279.472003643604,2025-02-24,2390.1204968331945,5,0.04854128193402918,FIXED_HORIZON
SWANCORP-2025-02-14,SWANCORP,2025-02-14,2025-02-17,444.68918849913285,2025-02-24,424.7531212177565,5,-0.04483146385605297,FIXED_HORIZON
ZYDUSLIFE-2025-02-14,ZYDUSLIFE,2025-02-14,2025-02-17,893.2554945430892,2025-02-24,874.5369633360381,5,-0.020955405616201572,FIXED_HORIZON
KFINTECH-2025-02-17,KFINTECH,2025-02-17,2025-02-18,811.5052872903839,2025-02-25,900.1044824750461,5,0.10917882677079649,FIXED_HORIZON
PTCIL-2025-02-17,PTCIL,2025-02-17,2025-02-18,11949.9501953125,2025-02-25,10206.5,5,-0.14589602189274287,FIXED_HORIZON
TANLA-2025-02-17,TANLA,2025-02-17,2025-02-18,477.0631830241177,2025-02-25,464.1029268199051,5,-0.027166749951352598,FIXED_HORIZON
ZFCVINDIA-2025-02-18,ZFCVINDIA,2025-02-18,2025-02-19,1685.5043704448028,2025-02-27,1812.6523095185737,5,0.07543613727932175,FIXED_HORIZON
TCS-2025-02-19,TCS,2025-02-19,2025-02-20,3567.647585834546,2025-02-28,3400.196049414815,5,-0.04693612034008132,FIXED_HORIZON
CYIENT-2025-02-21,CYIENT,2025-02-21,2025-02-24,1331.4146250109118,2025-03-04,1190.8984395151929,5,-0.1055390130588113,FIXED_HORIZON
M&M-2025-02-21,M&M,2025-02-21,2025-02-24,2620.2116471805643,2025-03-04,2514.1859427843924,5,-0.04046455732316856,FIXED_HORIZON
HCLTECH-2025-02-24,HCLTECH,2025-02-24,2025-02-25,1535.2428515822398,2025-03-05,1437.647861963186,5,-0.06356974046058661,FIXED_HORIZON
INFY-2025-02-24,INFY,2025-02-24,2025-02-25,1659.0863139546623,2025-03-05,1608.9852468032536,5,-0.03019798712701438,FIXED_HORIZON
LTM-2025-02-24,LTM,2025-02-24,2025-02-25,4904.086177035244,2025-03-05,4548.099031538867,5,-0.0725899041422613,FIXED_HORIZON
NAUKRI-2025-02-24,NAUKRI,2025-02-24,2025-02-25,1412.2156373805676,2025-03-05,1331.4276533717739,5,-0.05720654967299643,FIXED_HORIZON
ATUL-2025-02-25,ATUL,2025-02-25,2025-02-27,5206.836631157489,2025-03-06,5625.7638263241115,5,0.0804571421849074,FIXED_HORIZON
CANFINHOME-2025-02-25,CANFINHOME,2025-02-25,2025-02-27,563.1826682026687,2025-03-06,600.0774436100228,5,0.06551120531656185,FIXED_HORIZON
DRREDDY-2025-02-25,DRREDDY,2025-02-25,2025-02-27,1114.321334751043,2025-03-06,1120.739614306628,5,0.005759810348618055,FIXED_HORIZON
HINDALCO-2025-02-25,HINDALCO,2025-02-25,2025-02-27,617.3287507657813,2025-03-06,656.6833889949494,5,0.06374988720410268,FIXED_HORIZON
INDGN-2025-02-25,INDGN,2025-02-25,2025-02-27,506.0747431454899,2025-03-06,524.5315532862315,5,0.036470522172325825,FIXED_HORIZON
LALPATHLAB-2025-02-25,LALPATHLAB,2025-02-25,2025-02-27,1183.0604565172364,2025-03-06,1208.6792578553777,5,0.021654684844728544,FIXED_HORIZON
PIDILITIND-2025-02-25,PIDILITIND,2025-02-25,2025-02-27,1330.8431919322247,2025-03-06,1334.7382011556872,5,0.0029267228829621406,FIXED_HORIZON
TBOTEK-2025-02-25,TBOTEK,2025-02-25,2025-02-27,1464.0,2025-03-06,1308.75,5,-0.10604508196721307,FIXED_HORIZON
TRIVENI-2025-02-25,TRIVENI,2025-02-25,2025-02-27,356.00846767128775,2025-03-06,358.9257996590033,5,0.008194557862059693,FIXED_HORIZON
GNFC-2025-02-27,GNFC,2025-02-27,2025-02-28,465.4705055067031,2025-03-07,483.35092195483804,5,0.038413640040781294,FIXED_HORIZON
HAVELLS-2025-02-27,HAVELLS,2025-02-27,2025-02-28,1421.04050831663,2025-03-07,1433.6401161412628,5,0.00886646633286925,FIXED_HORIZON
IEX-2025-02-27,IEX,2025-02-27,2025-02-28,150.7578721006399,2025-03-07,157.60216797219584,5,0.04539926025877428,FIXED_HORIZON
INOXWIND-2025-02-27,INOXWIND,2025-02-27,2025-02-28,154.47999572753906,2025-03-07,154.5,5,0.0001294942582483749,FIXED_HORIZON
KEI-2025-02-27,KEI,2025-02-27,2025-02-28,2970.4828506344247,2025-03-07,3273.17463498049,5,0.10189985923716649,FIXED_HORIZON
POLYCAB-2025-02-27,POLYCAB,2025-02-27,2025-02-28,4602.286289411536,2025-03-07,5022.925922179344,5,0.09139797185924126,FIXED_HORIZON
PVRINOX-2025-02-27,PVRINOX,2025-02-27,2025-02-28,907.0,2025-03-07,980.8499755859375,5,0.08142224430643608,FIXED_HORIZON
SUNTV-2025-02-27,SUNTV,2025-02-27,2025-02-28,556.0289755151645,2025-03-07,549.5680541992188,5,-0.011619756524306357,FIXED_HORIZON
ULTRACEMCO-2025-02-27,ULTRACEMCO,2025-02-27,2025-02-28,10215.41299921622,2025-03-07,10226.124884532452,5,0.001048600317682169,FIXED_HORIZON
AARTIIND-2025-02-28,AARTIIND,2025-02-28,2025-03-03,375.99762146876026,2025-03-10,405.2196955466381,5,0.07771877376172642,FIXED_HORIZON
ACE-2025-02-28,ACE,2025-02-28,2025-03-03,1050.3096639821138,2025-03-10,1142.812295011304,5,0.08807176988020693,FIXED_HORIZON
ADANIGREEN-2025-02-28,ADANIGREEN,2025-02-28,2025-03-03,775.0,2025-03-10,840.9000244140625,5,0.0850322895665323,FIXED_HORIZON
ADANIPOWER-2025-02-28,ADANIPOWER,2025-02-28,2025-03-03,97.5199966430664,2025-03-10,101.2300033569336,5,0.0380435484164976,FIXED_HORIZON
ASTRAL-2025-02-28,ASTRAL,2025-02-28,2025-03-03,1342.2047079170015,2025-03-10,1317.3612206443936,5,-0.018509462175231972,FIXED_HORIZON
ATGL-2025-02-28,ATGL,2025-02-28,2025-03-03,558.9969035509495,2025-03-10,607.4620128498188,5,0.08670013910810881,FIXED_HORIZON
BAJAJ-AUTO-2025-02-28,BAJAJ-AUTO,2025-02-28,2025-03-03,7631.418541730666,2025-03-10,7283.3142270492635,5,-0.04561462757911572,FIXED_HORIZON
BALKRISIND-2025-02-28,BALKRISIND,2025-02-28,2025-03-03,2602.140910500363,2025-03-10,2554.2662996082754,5,-0.018398162335829027,FIXED_HORIZON
BHARTIARTL-2025-02-28,BHARTIARTL,2025-02-28,2025-03-03,1546.4468191727033,2025-03-10,1606.1891532670866,5,0.03863200037253356,FIXED_HORIZON
BRITANNIA-2025-02-28,BRITANNIA,2025-02-28,2025-03-03,4461.698507247998,2025-03-10,4610.779515624855,5,0.03341351015418792,FIXED_HORIZON
BSE-2025-02-28,BSE,2025-02-28,2025-03-03,1529.4673040541809,2025-03-10,1381.9888955831514,5,-0.09642468856974351,FIXED_HORIZON
CHAMBLFERT-2025-02-28,CHAMBLFERT,2025-02-28,2025-03-03,519.7719723774355,2025-03-10,553.762665818194,5,0.06539539499462643,FIXED_HORIZON
CONCOR-2025-02-28,CONCOR,2025-02-28,2025-03-03,491.0043915333254,2025-03-10,517.4243573908257,5,0.053808003172833185,FIXED_HORIZON
DEEPAKFERT-2025-02-28,DEEPAKFERT,2025-02-28,2025-03-03,939.9614930532324,2025-03-10,1108.250267865707,5,0.17903794576289522,FIXED_HORIZON
EQUITASBNK-2025-02-28,EQUITASBNK,2025-02-28,2025-03-03,55.90999984741211,2025-03-10,59.09000015258789,5,0.056877129562771245,FIXED_HORIZON
FLUOROCHEM-2025-02-28,FLUOROCHEM,2025-02-28,2025-03-03,3582.0208615372426,2025-03-10,3727.6557048385757,5,0.040657173403181535,FIXED_HORIZON
GLAND-2025-02-28,GLAND,2025-02-28,2025-03-03,1530.078824989985,2025-03-10,1605.3537318979584,5,0.04919675096377207,FIXED_HORIZON
GRANULES-2025-02-28,GRANULES,2025-02-28,2025-03-03,457.6446832325773,2025-03-10,489.2321190835252,5,0.06902174767513913,FIXED_HORIZON
GSFC-2025-02-28,GSFC,2025-02-28,2025-03-03,165.9948429449529,2025-03-10,175.7316715498392,5,0.0586574162916329,FIXED_HORIZON
IIFL-2025-02-28,IIFL,2025-02-28,2025-03-03,302.66055890495966,2025-03-10,320.37945211756187,5,0.05854378012354844,FIXED_HORIZON
INDUSINDBK-2025-02-28,INDUSINDBK,2025-02-28,2025-03-03,977.3669918142032,2025-03-10,893.552717159087,5,-0.0857551721687867,FIXED_HORIZON
INDUSTOWER-2025-02-28,INDUSTOWER,2025-02-28,2025-03-03,313.21244577221796,2025-03-10,317.11553274987597,5,0.01246146834310835,FIXED_HORIZON
INTELLECT-2025-02-28,INTELLECT,2025-02-28,2025-03-03,660.6155068650876,2025-03-10,659.7292558202113,5,-0.0013415534992237133,FIXED_HORIZON
IREDA-2025-02-28,IREDA,2025-02-28,2025-03-03,155.82378557260597,2025-03-10,148.38323489060346,5,-0.04774977487975085,FIXED_HORIZON
IRFC-2025-02-28,IRFC,2025-02-28,2025-03-03,110.1742366379033,2025-03-10,121.00737219613185,5,0.09832730308658766,FIXED_HORIZON
JIOFIN-2025-02-28,JIOFIN,2025-02-28,2025-03-03,209.18315658113508,2025-03-10,221.73414598870377,5,0.060000000060715264,FIXED_HORIZON
JSWSTEEL-2025-02-28,JSWSTEEL,2025-02-28,2025-03-03,950.9622986513609,2025-03-10,1002.6752135659681,5,0.05437956371976638,FIXED_HORIZON
JUBLFOOD-2025-02-28,JUBLFOOD,2025-02-28,2025-03-03,624.0840050002806,2025-03-10,598.2525920655919,5,-0.04139092290095969,FIXED_HORIZON
KARURVYSYA-2025-02-28,KARURVYSYA,2025-02-28,2025-03-03,164.50755493048044,2025-03-10,166.62797087332603,5,0.012889474551741165,FIXED_HORIZON
KOTAKBANK-2025-02-28,KOTAKBANK,2025-02-28,2025-03-03,380.015027010229,2025-03-10,385.38954427375194,5,0.014142907205030752,FIXED_HORIZON
KPITTECH-2025-02-28,KPITTECH,2025-02-28,2025-03-03,1176.4705250511538,2025-03-10,1285.7539890861967,5,0.09289094941863607,FIXED_HORIZON
MARICO-2025-02-28,MARICO,2025-02-28,2025-03-03,588.2244342860998,2025-03-10,601.1854929355006,5,0.022034206493191766,FIXED_HORIZON
MARUTI-2025-02-28,MARUTI,2025-02-28,2025-03-03,11641.811007998365,2025-03-10,11361.687036917629,5,-0.024061889588164687,FIXED_HORIZON
MASTEK-2025-02-28,MASTEK,2025-02-28,2025-03-03,2192.5766498045064,2025-03-10,2389.279082366912,5,0.0897129104152159,FIXED_HORIZON
MCX-2025-02-28,MCX,2025-02-28,2025-03-03,993.7703206892973,2025-03-10,926.9895612309492,5,-0.06719939010859943,FIXED_HORIZON
MPHASIS-2025-02-28,MPHASIS,2025-02-28,2025-03-03,2157.87414008159,2025-03-10,2173.2942490590854,5,0.007145972367467168,FIXED_HORIZON
NESTLEIND-2025-02-28,NESTLEIND,2025-02-28,2025-03-03,1078.5085638420096,2025-03-10,1103.6199765294396,5,0.023283461559150398,FIXED_HORIZON
NETWORK18-2025-02-28,NETWORK18,2025-02-28,2025-03-03,41.689998626708984,2025-03-10,45.5,5,0.09138885821047049,FIXED_HORIZON
OFSS-2025-02-28,OFSS,2025-02-28,2025-03-03,7236.684098447292,2025-03-10,7018.70458380537,5,-0.03012146332167409,FIXED_HORIZON
OIL-2025-02-28,OIL,2025-02-28,2025-03-03,335.9185264267636,2025-03-10,361.1294190877965,5,0.07505061697312887,FIXED_HORIZON
PATANJALI-2025-02-28,PATANJALI,2025-02-28,2025-03-03,572.0511174964898,2025-03-10,570.2111591482586,5,-0.0032164229593389937,FIXED_HORIZON
PNB-2025-02-28,PNB,2025-02-28,2025-03-03,82.91642656731148,2025-03-10,85.93843026840916,5,0.036446381328848476,FIXED_HORIZON
SAREGAMA-2025-02-28,SAREGAMA,2025-02-28,2025-03-03,441.7535442190476,2025-03-10,484.78628956836246,5,0.09741346937100448,FIXED_HORIZON
SBILIFE-2025-02-28,SBILIFE,2025-02-28,2025-03-03,1427.8438424604938,2025-03-10,1417.0301656310462,5,-0.007573431006862141,FIXED_HORIZON
SBIN-2025-02-28,SBIN,2025-02-28,2025-03-03,664.5857216898627,2025-03-10,705.6076955415114,5,0.06172563224401029,FIXED_HORIZON
SHREECEM-2025-02-28,SHREECEM,2025-02-28,2025-03-03,27083.48231070923,2025-03-10,27779.52908322588,5,0.025700047155362338,FIXED_HORIZON
SUNPHARMA-2025-02-28,SUNPHARMA,2025-02-28,2025-03-03,1565.7972212573038,2025-03-10,1601.996074311174,5,0.023118480836747946,FIXED_HORIZON
TANLA-2025-02-28,TANLA,2025-02-28,2025-03-03,422.6590890239432,2025-03-10,459.1219209222233,5,0.08627007639297335,FIXED_HORIZON
TATACONSUM-2025-02-28,TATACONSUM,2025-02-28,2025-03-03,948.5835838076507,2025-03-10,944.941595800618,5,-0.0038393959891375173,FIXED_HORIZON
TATATECH-2025-02-28,TATATECH,2025-02-28,2025-03-03,654.5649713724572,2025-03-10,653.9347493168613,5,-0.0009628105431223055,FIXED_HORIZON
TCS-2025-02-28,TCS,2025-02-28,2025-03-03,3305.397045039141,2025-03-10,3420.636010676855,5,0.03486387991139184,FIXED_HORIZON
TECHM-2025-02-28,TECHM,2025-02-28,2025-03-03,1420.8953250681502,2025-03-10,1413.6487925077415,5,-0.005099976354740354,FIXED_HORIZON
TITAN-2025-02-28,TITAN,2025-02-28,2025-03-03,3070.653035772226,2025-03-10,3060.715488176788,5,-0.003236297777595931,FIXED_HORIZON
TMPV-2025-02-28,TMPV,2025-02-28,2025-03-03,610.2966708121899,2025-03-10,637.4853523853686,5,0.04454994246813726,FIXED_HORIZON
TVSMOTOR-2025-02-28,TVSMOTOR,2025-02-28,2025-03-03,2251.7096320436826,2025-03-10,2315.17372100062,5,0.028184845885007137,FIXED_HORIZON
VIPIND-2025-02-28,VIPIND,2025-02-28,2025-03-03,304.04998779296875,2025-03-10,315.20001220703125,5,0.03667168183428671,FIXED_HORIZON
WIPRO-2025-02-28,WIPRO,2025-02-28,2025-03-03,264.1451701244187,2025-03-10,268.87133904012046,5,0.017892316234575212,FIXED_HORIZON
YESBANK-2025-02-28,YESBANK,2025-02-28,2025-03-03,16.75,2025-03-10,16.8799991607666,5,0.007761143926364289,FIXED_HORIZON
ANGELONE-2025-03-03,ANGELONE,2025-03-03,2025-03-04,188.61180281446107,2025-03-11,194.90211180962612,5,0.03335055866759773,FIXED_HORIZON
CEATLTD-2025-03-03,CEATLTD,2025-03-03,2025-03-04,2335.894947588787,2025-03-11,2500.6433869647744,5,0.0705290447869018,FIXED_HORIZON
CENTRALBK-2025-03-03,CENTRALBK,2025-03-03,2025-03-04,40.43268847401726,2025-03-11,41.30013153249618,5,0.0214540039561395,FIXED_HORIZON
ECLERX-2025-03-03,ECLERX,2025-03-03,2025-03-04,1252.3421746092195,2025-03-11,1328.431030837235,5,0.06075724172729258,FIXED_HORIZON
FACT-2025-03-03,FACT,2025-03-03,2025-03-04,624.1537845675483,2025-03-11,616.6067508053095,5,-0.012091625411624896,FIXED_HORIZON
IOB-2025-03-03,IOB,2025-03-03,2025-03-04,41.15999984741211,2025-03-11,42.709999084472656,5,0.03765790191464258,FIXED_HORIZON
JKTYRE-2025-03-03,JKTYRE,2025-03-03,2025-03-04,246.31763079321328,2025-03-11,265.3557253034815,5,0.07729083155338956,FIXED_HORIZON
KIRLOSBROS-2025-03-03,KIRLOSBROS,2025-03-03,2025-03-04,1449.4790678033721,2025-03-11,1616.5166294116596,5,0.11523971978527858,FIXED_HORIZON
MAHABANK-2025-03-03,MAHABANK,2025-03-03,2025-03-04,41.41930092333148,2025-03-11,44.24334624878095,5,0.06818186841629403,FIXED_HORIZON
PFIZER-2025-03-03,PFIZER,2025-03-03,2025-03-04,3739.122117079527,2025-03-11,3876.444550742158,5,0.036725848839055164,FIXED_HORIZON
RELIANCE-2025-03-03,RELIANCE,2025-03-03,2025-03-04,1152.2491409974891,2025-03-11,1229.3830600118497,5,0.06694204948383531,FIXED_HORIZON
TTML-2025-03-03,TTML,2025-03-03,2025-03-04,55.79999923706055,2025-03-11,60.0,5,0.07526883190618316,FIXED_HORIZON
UCOBANK-2025-03-03,UCOBANK,2025-03-03,2025-03-04,33.496749033855195,2025-03-11,34.7686535757979,5,0.037970984606810365,FIXED_HORIZON
HEROMOTOCO-2025-03-04,HEROMOTOCO,2025-03-04,2025-03-05,3347.2053982034786,2025-03-12,3476.3795432463285,5,0.038591639793656096,FIXED_HORIZON
MRF-2025-03-04,MRF,2025-03-04,2025-03-05,102007.82513007808,2025-03-12,106646.85650741044,5,0.04547721090432777,FIXED_HORIZON
ANANDRATHI-2025-03-05,ANANDRATHI,2025-03-05,2025-03-06,938.9225827178957,2025-03-13,818.3736420691533,5,-0.12839071385394718,FIXED_HORIZON
BAJFINANCE-2025-03-05,BAJFINANCE,2025-03-05,2025-03-06,826.2906396991598,2025-03-13,839.6258715800483,5,0.016138669906443193,FIXED_HORIZON
GODIGIT-2025-03-05,GODIGIT,2025-03-05,2025-03-06,299.04998779296875,2025-03-13,301.0,5,0.006520689806485569,FIXED_HORIZON
360ONE-2025-03-10,360ONE,2025-03-10,2025-03-11,874.3287915189617,2025-03-19,899.399438734915,5,0.0286741640663557,FIXED_HORIZON
APARINDS-2025-03-10,APARINDS,2025-03-10,2025-03-11,5659.49237414221,2025-03-19,5715.212635195575,5,0.00984545209530574,FIXED_HORIZON
BSOFT-2025-03-10,BSOFT,2025-03-10,2025-03-11,391.9454834859644,2025-03-19,386.7066331482232,5,-0.013366273011100605,FIXED_HORIZON
DIXON-2025-03-10,DIXON,2025-03-10,2025-03-11,12919.34987902153,2025-03-19,13517.98451671641,5,0.04633628187955052,FIXED_HORIZON
INDGN-2025-03-10,INDGN,2025-03-10,2025-03-11,501.75824478606876,2025-03-19,526.3673649540749,5,0.049045771392353554,FIXED_HORIZON
INDUSINDBK-2025-03-10,INDUSINDBK,2025-03-10,2025-03-11,809.1394418745042,2025-03-19,683.89233396865,5,-0.15479051128158927,FIXED_HORIZON
JMFINANCIL-2025-03-10,JMFINANCIL,2025-03-10,2025-03-11,85.38289734611843,2025-03-19,84.77021404325362,5,-0.007175714597516647,FIXED_HORIZON
KNRCON-2025-03-10,KNRCON,2025-03-10,2025-03-11,206.73595537391574,2025-03-19,218.77058261088504,5,0.0582125504738773,FIXED_HORIZON
MANYAVAR-2025-03-10,MANYAVAR,2025-03-10,2025-03-11,780.6733469225392,2025-03-19,765.4358676089496,5,-0.019518380349036635,FIXED_HORIZON
ONGC-2025-03-10,ONGC,2025-03-10,2025-03-11,209.5577431131478,2025-03-19,220.56214254334225,5,0.052512492579445125,FIXED_HORIZON
TITAGARH-2025-03-10,TITAGARH,2025-03-10,2025-03-11,690.7266856989967,2025-03-19,711.1523395702301,5,0.02957125342647382,FIXED_HORIZON
BANDHANBNK-2025-03-11,BANDHANBNK,2025-03-11,2025-03-12,137.64851304505473,2025-03-20,139.21058296974383,5,0.01134825135508577,FIXED_HORIZON
NUVAMA-2025-03-11,NUVAMA,2025-03-11,2025-03-12,1001.1483601468809,2025-03-20,1098.3686630183522,5,0.09710878701055647,FIXED_HORIZON
DALBHARAT-2025-03-12,DALBHARAT,2025-03-12,2025-03-13,1628.1920602487064,2025-03-21,1692.672407897308,5,0.03960242112883927,FIXED_HORIZON
FSL-2025-03-12,FSL,2025-03-12,2025-03-13,300.5895221211227,2025-03-21,298.48543518546995,5,-0.00699986786234319,FIXED_HORIZON
INDUSTOWER-2025-03-12,INDUSTOWER,2025-03-12,2025-03-13,313.16425669781114,2025-03-21,328.53574834904725,5,0.04908443834977283,FIXED_HORIZON
INFY-2025-03-12,INFY,2025-03-12,2025-03-13,1520.381526929375,2025-03-21,1500.131882621123,5,-0.013318791335980684,FIXED_HORIZON
RAMCOCEM-2025-03-12,RAMCOCEM,2025-03-12,2025-03-13,805.4084540793347,2025-03-21,845.1810841651247,5,0.04938193767937826,FIXED_HORIZON
BHARATFORG-2025-03-13,BHARATFORG,2025-03-13,2025-03-17,1028.0105033226353,2025-03-24,1174.6144360385208,5,0.14260937241598848,FIXED_HORIZON
KEC-2025-03-13,KEC,2025-03-13,2025-03-17,671.8859754838012,2025-03-24,820.2116601014383,5,0.22076020341224267,FIXED_HORIZON
POLICYBZR-2025-03-13,POLICYBZR,2025-03-13,2025-03-17,1325.300048828125,2025-03-24,1603.0,5,0.20953741865279985,FIXED_HORIZON
CENTURYPLY-2025-03-17,CENTURYPLY,2025-03-17,2025-03-18,672.6975708007812,2025-03-25,724.0824753510385,5,0.0763863387957362,FIXED_HORIZON
KEI-2025-03-20,KEI,2025-03-20,2025-03-21,2888.579776662393,2025-03-28,2901.2148050798073,5,0.00437413171673362,FIXED_HORIZON
CRISIL-2025-03-21,CRISIL,2025-03-21,2025-03-24,4137.722486653859,2025-04-01,4111.3272462180485,5,-0.006379171276214901,FIXED_HORIZON
JSL-2025-03-24,JSL,2025-03-24,2025-03-25,589.2623009988325,2025-04-02,577.1100473444069,5,-0.020622825580097204,FIXED_HORIZON
DIXON-2025-03-25,DIXON,2025-03-25,2025-03-26,13644.977600100128,2025-04-03,13297.28237977967,5,-0.025481553030758164,FIXED_HORIZON
CHOLAHLDNG-2025-03-26,CHOLAHLDNG,2025-03-26,2025-03-27,1709.5214290248196,2025-04-04,1737.4301102880147,5,0.016325435171125946,FIXED_HORIZON
SOBHA-2025-03-26,SOBHA,2025-03-26,2025-03-27,1196.7221460417143,2025-04-04,1224.9008092964327,5,0.02354653780572402,FIXED_HORIZON
JBCHEPHARM-2025-03-27,JBCHEPHARM,2025-03-27,2025-03-28,1601.2154746385984,2025-04-07,1380.6419302081872,5,-0.13775381759921823,FIXED_HORIZON
SONACOMS-2025-03-27,SONACOMS,2025-03-27,2025-03-28,463.5303644824132,2025-04-07,376.41101878197037,5,-0.1879474407199233,FIXED_HORIZON
SUNDARMFIN-2025-03-27,SUNDARMFIN,2025-03-27,2025-03-28,4516.042485955851,2025-04-07,4296.665672952092,5,-0.048577225233372934,FIXED_HORIZON
TMPV-2025-03-27,TMPV,2025-03-27,2025-03-28,660.6425544685536,2025-04-07,551.1500367316361,5,-0.16573639859605704,FIXED_HORIZON
AEGISLOG-2025-03-28,AEGISLOG,2025-03-28,2025-04-01,792.3230048752398,2025-04-08,785.1872300232284,5,-0.009006143716772441,FIXED_HORIZON
ICICIPRULI-2025-03-28,ICICIPRULI,2025-03-28,2025-04-01,561.3055588060685,2025-04-08,540.3063748684617,5,-0.03741132366882893,FIXED_HORIZON
IDFCFIRSTB-2025-03-28,IDFCFIRSTB,2025-03-28,2025-04-01,54.70968096643394,2025-04-08,57.29361396087105,5,0.04722990426543383,FIXED_HORIZON
IOB-2025-03-28,IOB,2025-03-28,2025-04-01,39.0,2025-04-08,35.900001525878906,5,-0.07948714036207938,FIXED_HORIZON
COHANCE-2025-04-01,COHANCE,2025-04-01,2025-04-02,1097.699951171875,2025-04-09,1080.0,5,-0.01612458044931042,FIXED_HORIZON
IPCALAB-2025-04-01,IPCALAB,2025-04-01,2025-04-02,1399.143989334313,2025-04-09,1337.0461100765035,5,-0.044382765270180924,FIXED_HORIZON
LUPIN-2025-04-01,LUPIN,2025-04-01,2025-04-02,1933.1229568543968,2025-04-09,1909.1964842451907,5,-0.012377108514680102,FIXED_HORIZON
RADICO-2025-04-01,RADICO,2025-04-01,2025-04-02,2321.474964206922,2025-04-09,2314.7996910331203,5,-0.0028754448256916865,FIXED_HORIZON
SCHAEFFLER-2025-04-01,SCHAEFFLER,2025-04-01,2025-04-02,3235.3707025429317,2025-04-09,3017.423687856155,5,-0.06736384628675629,FIXED_HORIZON
UCOBANK-2025-04-01,UCOBANK,2025-04-01,2025-04-02,30.58398743410314,2025-04-09,28.127557921134127,5,-0.080317503342613,FIXED_HORIZON
VOLTAS-2025-04-01,VOLTAS,2025-04-01,2025-04-02,1348.2150884637567,2025-04-09,1299.6396085037175,5,-0.03602947361714315,FIXED_HORIZON
CENTRALBK-2025-04-02,CENTRALBK,2025-04-02,2025-04-03,35.65209099598976,2025-04-11,34.20634248549624,5,-0.040551576923107735,FIXED_HORIZON
BALKRISIND-2025-04-03,BALKRISIND,2025-04-03,2025-04-04,2436.28880514991,2025-04-15,2366.4829912847904,5,-0.028652520061481,FIXED_HORIZON
COFORGE-2025-04-03,COFORGE,2025-04-03,2025-04-04,1390.5177375470557,2025-04-15,1265.40685042655,5,-0.08997431945111889,FIXED_HORIZON
DABUR-2025-04-03,DABUR,2025-04-03,2025-04-04,453.947123767797,2025-04-15,454.67630826706426,5,0.0016063203423670736,FIXED_HORIZON
KPITTECH-2025-04-03,KPITTECH,2025-04-03,2025-04-04,1182.377731201037,2025-04-15,1112.5249953738767,5,-0.059078189637591705,FIXED_HORIZON
PERSISTENT-2025-04-03,PERSISTENT,2025-04-03,2025-04-04,4703.957917115851,2025-04-15,4596.509729542299,5,-0.022842080959651012,FIXED_HORIZON
TCS-2025-04-03,TCS,2025-04-03,2025-04-04,3189.305420015634,2025-04-15,3143.5893021337306,5,-0.014334192515710553,FIXED_HORIZON
VEDL-2025-04-03,VEDL,2025-04-03,2025-04-04,407.8183924834759,2025-04-15,364.1602705647341,5,-0.10705285176786328,FIXED_HORIZON
AARTIIND-2025-04-04,AARTIIND,2025-04-04,2025-04-07,356.59932086037213,2025-04-16,397.9391190190041,5,0.1159278656473346,FIXED_HORIZON
AFFLE-2025-04-04,AFFLE,2025-04-04,2025-04-07,1246.0,2025-04-16,1535.0,5,0.2319422150882826,FIXED_HORIZON
ANGELONE-2025-04-04,ANGELONE,2025-04-04,2025-04-07,200.05673067772995,2025-04-16,224.6626169193551,5,0.12299454338910798,FIXED_HORIZON
AUROPHARMA-2025-04-04,AUROPHARMA,2025-04-04,2025-04-07,1006.2228922021169,2025-04-16,1133.7441497206244,5,0.12673261412233172,FIXED_HORIZON
BHARATFORG-2025-04-04,BHARATFORG,2025-04-04,2025-04-07,916.8931010516699,2025-04-16,1066.2722148200244,5,0.16291878911185798,FIXED_HORIZON
BIOCON-2025-04-04,BIOCON,2025-04-04,2025-04-07,298.34383772632816,2025-04-16,328.21811781527066,5,0.10013372596066916,FIXED_HORIZON
CGPOWER-2025-04-04,CGPOWER,2025-04-04,2025-04-07,518.8548381851296,2025-04-16,591.6940594826461,5,0.14038458531541576,FIXED_HORIZON
CIPLA-2025-04-04,CIPLA,2025-04-04,2025-04-07,1309.593197561732,2025-04-16,1438.101958316091,5,0.09812876318663166,FIXED_HORIZON
DEVYANI-2025-04-04,DEVYANI,2025-04-04,2025-04-07,135.0,2025-04-16,163.39999389648438,5,0.21037032515914356,FIXED_HORIZON
DIVISLAB-2025-04-04,DIVISLAB,2025-04-04,2025-04-07,4912.283411928882,2025-04-16,5665.731721784574,5,0.1533804641698877,FIXED_HORIZON
DMART-2025-04-04,DMART,2025-04-04,2025-04-07,3761.199951171875,2025-04-16,4240.0,5,0.1272998125715028,FIXED_HORIZON
DRREDDY-2025-04-04,DRREDDY,2025-04-04,2025-04-07,1007.1845294873461,2025-04-16,1135.7486569011528,5,0.12764704346605216,FIXED_HORIZON
GLAND-2025-04-04,GLAND,2025-04-04,2025-04-07,1278.3435219534283,2025-04-16,1411.0946240406088,5,0.10384618829555636,FIXED_HORIZON
GRANULES-2025-04-04,GRANULES,2025-04-04,2025-04-07,438.6424521358019,2025-04-16,462.6190742480404,5,0.05466097044527629,FIXED_HORIZON
HINDALCO-2025-04-04,HINDALCO,2025-04-04,2025-04-07,552.0504955657166,2025-04-16,610.4651850466074,5,0.10581403322721439,FIXED_HORIZON
HINDCOPPER-2025-04-04,HINDCOPPER,2025-04-04,2025-04-07,182.58420814135349,2025-04-16,209.184159218255,5,0.14568593498682159,FIXED_HORIZON
HINDZINC-2025-04-04,HINDZINC,2025-04-04,2025-04-07,375.7281308721089,2025-04-16,416.8444245185291,5,0.10943096954434695,FIXED_HORIZON
JINDALSTEL-2025-04-04,JINDALSTEL,2025-04-04,2025-04-07,772.1826523254389,2025-04-16,841.9690043838061,5,0.0903754465969997,FIXED_HORIZON
JSWSTEEL-2025-04-04,JSWSTEEL,2025-04-04,2025-04-07,898.4065462387405,2025-04-16,994.5934968596584,5,0.10706394674394715,FIXED_HORIZON
KAJARIACER-2025-04-04,KAJARIACER,2025-04-04,2025-04-07,777.3548555019257,2025-04-16,797.1600381094556,5,0.025477659870976277,FIXED_HORIZON
LAURUSLABS-2025-04-04,LAURUSLABS,2025-04-04,2025-04-07,516.3531404423023,2025-04-16,623.5114089686334,5,0.20752903416940693,FIXED_HORIZON
MAZDOCK-2025-04-04,MAZDOCK,2025-04-04,2025-04-07,2200.851624325317,2025-04-16,2643.44662329865,5,0.20110169812515788,FIXED_HORIZON
MOTHERSON-2025-04-04,MOTHERSON,2025-04-04,2025-04-07,72.81613591913388,2025-04-16,84.7238098747235,5,0.1635307038101239,FIXED_HORIZON
MPHASIS-2025-04-04,MPHASIS,2025-04-04,2025-04-07,1970.2535530579653,2025-04-16,2167.5177549123005,5,0.10012122630012166,FIXED_HORIZON
NATCOPHARM-2025-04-04,NATCOPHARM,2025-04-04,2025-04-07,724.5044535006151,2025-04-16,799.7389791334484,5,0.10384273729349736,FIXED_HORIZON
NATIONALUM-2025-04-04,NATIONALUM,2025-04-04,2025-04-07,136.4734636912749,2025-04-16,145.06271319874142,5,0.062937140123422,FIXED_HORIZON
NAVINFLUOR-2025-04-04,NAVINFLUOR,2025-04-04,2025-04-07,3686.303691460776,2025-04-16,4176.880915116293,5,0.13308106567343492,FIXED_HORIZON
NMDC-2025-04-04,NMDC,2025-04-04,2025-04-07,57.41802250108959,2025-04-16,62.69178521686967,5,0.09184856054002921,FIXED_HORIZON
OIL-2025-04-04,OIL,2025-04-04,2025-04-07,319.12743495808724,2025-04-16,360.15603493798955,5,0.12856494141686947,FIXED_HORIZON
ONGC-2025-04-04,ONGC,2025-04-04,2025-04-07,197.3201057176455,2025-04-16,220.74239088520497,5,0.11870196948442491,FIXED_HORIZON
PGEL-2025-04-04,PGEL,2025-04-04,2025-04-07,714.3851087603209,2025-04-16,962.5757128793363,5,0.347418501695399,FIXED_HORIZON
PIIND-2025-04-04,PIIND,2025-04-04,2025-04-07,3036.602220410399,2025-04-16,3546.870585604213,5,0.16803925182036217,FIXED_HORIZON
POLYMED-2025-04-04,POLYMED,2025-04-04,2025-04-07,1947.584557922264,2025-04-16,2239.473106547544,5,0.14987207997617036,FIXED_HORIZON
SIEMENS-2025-04-04,SIEMENS,2025-04-04,2025-04-07,2438.019669620857,2025-04-16,2846.014791370265,5,0.16734693605357842,FIXED_HORIZON
SKFINDIA-2025-04-04,SKFINDIA,2025-04-04,2025-04-07,3446.5952431795827,2025-04-16,3776.5572413699806,5,0.09573563906099936,FIXED_HORIZON
SUNPHARMA-2025-04-04,SUNPHARMA,2025-04-04,2025-04-07,1600.1689587010642,2025-04-16,1670.2956006413758,5,0.04382452337860432,FIXED_HORIZON
TATASTEEL-2025-04-04,TATASTEEL,2025-04-04,2025-04-07,122.55555075002937,2025-04-16,130.60783426512873,5,0.06570313189259958,FIXED_HORIZON
UNIONBANK-2025-04-04,UNIONBANK,2025-04-04,2025-04-07,106.91468263600916,2025-04-16,115.18224647763638,5,0.077328610418965,FIXED_HORIZON
WELSPUNLIV-2025-04-04,WELSPUNLIV,2025-04-04,2025-04-07,116.03799737070003,2025-04-16,128.87625006803188,5,0.11063835112836551,FIXED_HORIZON
ZYDUSLIFE-2025-04-04,ZYDUSLIFE,2025-04-04,2025-04-07,785.2904857439622,2025-04-16,872.3638764611412,5,0.11088048600854772,FIXED_HORIZON
ABCAPITAL-2025-04-07,ABCAPITAL,2025-04-07,2025-04-08,183.77999877929688,2025-04-17,196.0,5,0.06649255251861352,FIXED_HORIZON
ABFRL-2025-04-07,ABFRL,2025-04-07,2025-04-08,248.0500030517578,2025-04-17,264.79998779296875,5,0.06752664597918145,FIXED_HORIZON
ACE-2025-04-07,ACE,2025-04-07,2025-04-08,1202.534924126896,2025-04-17,1239.356406659138,5,0.030619886203285374,FIXED_HORIZON
ADANIENT-2025-04-07,ADANIENT,2025-04-07,2025-04-08,2267.8612278894757,2025-04-17,2415.7217739989487,5,0.06519823360050814,FIXED_HORIZON
ADANIPOWER-2025-04-07,ADANIPOWER,2025-04-07,2025-04-08,105.0,2025-04-17,109.54000091552734,5,0.04323810395740324,FIXED_HORIZON
AFCONS-2025-04-07,AFCONS,2025-04-07,2025-04-08,434.24215683538904,2025-04-17,438.2894502283592,5,0.009320360377871761,FIXED_HORIZON
AKUMS-2025-04-07,AKUMS,2025-04-07,2025-04-08,435.93866384180114,2025-04-17,498.6421742319952,5,0.14383562549283013,FIXED_HORIZON
ANANTRAJ-2025-04-07,ANANTRAJ,2025-04-07,2025-04-08,438.7002624705003,2025-04-17,467.86714702745115,5,0.06648476659826952,FIXED_HORIZON
AXISBANK-2025-04-07,AXISBANK,2025-04-07,2025-04-08,1059.2771173398287,2025-04-17,1153.7234204439198,5,0.08916109067028177,FIXED_HORIZON
BHARTIARTL-2025-04-07,BHARTIARTL,2025-04-07,2025-04-08,1685.2253839852283,2025-04-17,1796.1896696502415,5,0.06584536805552044,FIXED_HORIZON
BLS-2025-04-07,BLS,2025-04-07,2025-04-08,358.4386730051268,2025-04-17,379.0340576072817,5,0.057458600740496246,FIXED_HORIZON
CEATLTD-2025-04-07,CEATLTD,2025-04-07,2025-04-08,2657.5462944114106,2025-04-17,2965.2726392498275,5,0.11579340893723611,FIXED_HORIZON
CHOLAFIN-2025-04-07,CHOLAFIN,2025-04-07,2025-04-08,1411.7532608113515,2025-04-17,1602.4496580139507,5,0.13507770975007616,FIXED_HORIZON
CHOLAHLDNG-2025-04-07,CHOLAHLDNG,2025-04-07,2025-04-08,1586.653219645873,2025-04-17,1797.3414365060034,5,0.1327878166768881,FIXED_HORIZON
ECLERX-2025-04-07,ECLERX,2025-04-07,2025-04-08,1254.5405914920857,2025-04-17,1256.4889084352676,5,0.001553012279072341,FIXED_HORIZON
EICHERMOT-2025-04-07,EICHERMOT,2025-04-07,2025-04-08,5046.580408571363,2025-04-17,5486.168251262644,5,0.08710608116828245,FIXED_HORIZON
FIRSTCRY-2025-04-07,FIRSTCRY,2025-04-07,2025-04-08,336.6499938964844,2025-04-17,336.0,5,-0.0019307705577569223,FIXED_HORIZON
GPIL-2025-04-07,GPIL,2025-04-07,2025-04-08,183.2386961258863,2025-04-17,191.94973161953706,5,0.04753927897230947,FIXED_HORIZON
GRASIM-2025-04-07,GRASIM,2025-04-07,2025-04-08,2532.8665090309078,2025-04-17,2682.85228903838,5,0.05921582502382172,FIXED_HORIZON
HDFCAMC-2025-04-07,HDFCAMC,2025-04-07,2025-04-08,1815.5004712965642,2025-04-17,1983.5762457307226,5,0.09257820479337298,FIXED_HORIZON
HDFCBANK-2025-04-07,HDFCBANK,2025-04-07,2025-04-08,856.5633039940931,2025-04-17,913.3439239431574,5,0.06628887752288759,FIXED_HORIZON
ICICIBANK-2025-04-07,ICICIBANK,2025-04-07,2025-04-08,1279.113469327377,2025-04-17,1340.271938683508,5,0.04781316968563498,FIXED_HORIZON
IDBI-2025-04-07,IDBI,2025-04-07,2025-04-08,74.5647869272555,2025-04-17,79.7929399012788,5,0.07011557585652084,FIXED_HORIZON
IGL-2025-04-07,IGL,2025-04-07,2025-04-08,187.06514510162899,2025-04-17,173.37625990815474,5,-0.0731771019450862,FIXED_HORIZON
INDHOTEL-2025-04-07,INDHOTEL,2025-04-07,2025-04-08,759.3751233760711,2025-04-17,838.7868787621385,5,0.10457513413530628,FIXED_HORIZON
INDIAMART-2025-04-07,INDIAMART,2025-04-07,2025-04-08,1892.571682613622,2025-04-17,2028.7072990107893,5,0.07193155094086867,FIXED_HORIZON
INFY-2025-04-07,INFY,2025-04-07,2025-04-08,1360.4289830692378,2025-04-17,1329.0563853909828,5,-0.023060812485394044,FIXED_HORIZON
INOXWIND-2025-04-07,INOXWIND,2025-04-07,2025-04-08,147.0,2025-04-17,163.72000122070312,5,0.11374150490274237,FIXED_HORIZON
INTELLECT-2025-04-07,INTELLECT,2025-04-07,2025-04-08,625.3642075685567,2025-04-17,734.4165463033398,5,0.17438212391269303,FIXED_HORIZON
J&KBANK-2025-04-07,J&KBANK,2025-04-07,2025-04-08,92.62154412909577,2025-04-17,96.24645527825214,5,0.039136803248539964,FIXED_HORIZON
JINDALSAW-2025-04-07,JINDALSAW,2025-04-07,2025-04-08,235.61935564793578,2025-04-17,253.19261964912357,5,0.07458327841047963,FIXED_HORIZON
JKTYRE-2025-04-07,JKTYRE,2025-04-07,2025-04-08,263.04954476603643,2025-04-17,297.3475687729031,5,0.13038617511150719,FIXED_HORIZON
JSL-2025-04-07,JSL,2025-04-07,2025-04-08,534.7009824170693,2025-04-17,557.120691108982,5,0.04192943239147673,FIXED_HORIZON
KARURVYSYA-2025-04-07,KARURVYSYA,2025-04-07,2025-04-08,170.94245549696095,2025-04-17,179.2112479944047,5,0.04837178963765809,FIXED_HORIZON
KOTAKBANK-2025-04-07,KOTAKBANK,2025-04-07,2025-04-08,411.3048567822744,2025-04-17,421.78468042944695,5,0.02547945513981631,FIXED_HORIZON
LLOYDSME-2025-04-07,LLOYDSME,2025-04-07,2025-04-08,1149.453462396172,2025-04-17,1284.2721192420668,5,0.11728935642583505,FIXED_HORIZON
LT-2025-04-07,LT,2025-04-07,2025-04-08,3066.127010634854,2025-04-17,3153.5990647105064,5,0.028528516193965903,FIXED_HORIZON
MAHABANK-2025-04-07,MAHABANK,2025-04-07,2025-04-08,42.360651254434224,2025-04-17,45.09055963534123,5,0.06444443841314285,FIXED_HORIZON
MAHSEAMLES-2025-04-07,MAHSEAMLES,2025-04-07,2025-04-08,649.3816952008717,2025-04-17,679.9292437190069,5,0.0470409756602177,FIXED_HORIZON
MASTEK-2025-04-07,MASTEK,2025-04-07,2025-04-08,2028.8807382941125,2025-04-17,2281.253676623934,5,0.12439022834926083,FIXED_HORIZON
METROPOLIS-2025-04-07,METROPOLIS,2025-04-07,2025-04-08,381.4425003309501,2025-04-17,414.64553132886925,5,0.08704596621800476,FIXED_HORIZON
NEWGEN-2025-04-07,NEWGEN,2025-04-07,2025-04-08,869.8527773315566,2025-04-17,921.1247699400958,5,0.05894329930844866,FIXED_HORIZON
NYKAA-2025-04-07,NYKAA,2025-04-07,2025-04-08,174.0,2025-04-17,189.5,5,0.08908045977011492,FIXED_HORIZON
PCBL-2025-04-07,PCBL,2025-04-07,2025-04-08,393.7301649558811,2025-04-17,420.26341390152396,5,0.06738942379133195,FIXED_HORIZON
PTCIL-2025-04-07,PTCIL,2025-04-07,2025-04-08,13399.7998046875,2025-04-17,14668.0,5,0.09464321958518074,FIXED_HORIZON
RELIANCE-2025-04-07,RELIANCE,2025-04-07,2025-04-08,1161.9653833278503,2025-04-17,1229.5813957339365,5,0.05819107296676518,FIXED_HORIZON
SARDAEN-2025-04-07,SARDAEN,2025-04-07,2025-04-08,473.88794724272185,2025-04-17,481.78771894672803,5,0.01667012581765448,FIXED_HORIZON
SBIN-2025-04-07,SBIN,2025-04-07,2025-04-08,731.8482821294997,2025-04-17,743.4038315336337,5,0.015789542294900594,FIXED_HORIZON
SHREECEM-2025-04-07,SHREECEM,2025-04-07,2025-04-08,30024.70632086233,2025-04-17,30568.678480342744,5,0.018117484769615944,FIXED_HORIZON
SHRIRAMFIN-2025-04-07,SHRIRAMFIN,2025-04-07,2025-04-08,613.6824905016548,2025-04-17,666.1264320210855,5,0.08545777715860914,FIXED_HORIZON
SOBHA-2025-04-07,SOBHA,2025-04-07,2025-04-08,1138.2279092212596,2025-04-17,1204.8724346473941,5,0.05855112573344878,FIXED_HORIZON
SONATSOFTW-2025-04-07,SONATSOFTW,2025-04-07,2025-04-08,294.3354241481255,2025-04-17,288.5170125551658,5,-0.019767962384410698,FIXED_HORIZON
SRF-2025-04-07,SRF,2025-04-07,2025-04-08,2726.1926037545727,2025-04-17,2957.023628182568,5,0.08467157606916298,FIXED_HORIZON
SUZLON-2025-04-07,SUZLON,2025-04-07,2025-04-08,54.34000015258789,2025-04-17,54.33000183105469,5,-0.00018399561106230422,FIXED_HORIZON
SWANCORP-2025-04-07,SWANCORP,2025-04-07,2025-04-08,394.22448060328605,2025-04-17,430.5490883219846,5,0.0921419381746933,FIXED_HORIZON
TATACONSUM-2025-04-07,TATACONSUM,2025-04-07,2025-04-08,1039.43577281491,2025-04-17,1086.6829412560842,5,0.04545462997990102,FIXED_HORIZON
TATAELXSI-2025-04-07,TATAELXSI,2025-04-07,2025-04-08,4769.593521530033,2025-04-17,4765.659562201879,5,-0.0008247997047119426,FIXED_HORIZON
TATATECH-2025-04-07,TATATECH,2025-04-07,2025-04-08,605.9888884990673,2025-04-17,631.1495419212274,5,0.04151999137224904,FIXED_HORIZON
TBOTEK-2025-04-07,TBOTEK,2025-04-07,2025-04-08,1059.9000244140625,2025-04-17,1070.0,5,0.009529177614201023,FIXED_HORIZON
TIMKEN-2025-04-07,TIMKEN,2025-04-07,2025-04-08,2361.629602144814,2025-04-17,2550.5203310328175,5,0.07998321528340191,FIXED_HORIZON
TMPV-2025-04-07,TMPV,2025-04-07,2025-04-08,581.3379341939119,2025-04-17,605.7733885303073,5,0.04203313236435857,FIXED_HORIZON
TRENT-2025-04-07,TRENT,2025-04-07,2025-04-08,4892.940620753837,2025-04-17,5041.634693103742,5,0.03038951090458908,FIXED_HORIZON
TVSMOTOR-2025-04-07,TVSMOTOR,2025-04-07,2025-04-08,2386.7077082430865,2025-04-17,2590.943934768994,5,0.08557236641107213,FIXED_HORIZON
WOCKPHARMA-2025-04-07,WOCKPHARMA,2025-04-07,2025-04-08,1238.8499755859375,2025-04-17,1402.0,5,0.13169473917687058,FIXED_HORIZON
DELHIVERY-2025-04-08,DELHIVERY,2025-04-08,2025-04-09,252.0,2025-04-21,285.0,5,0.13095238095238093,FIXED_HORIZON
CAPLIPOINT-2025-04-09,CAPLIPOINT,2025-04-09,2025-04-11,1811.450205610833,2025-04-22,1903.017947482947,5,0.05054941150934744,FIXED_HORIZON
GLENMARK-2025-04-09,GLENMARK,2025-04-09,2025-04-11,1401.5622325199888,2025-04-22,1371.1368075682888,5,-0.021708222614557404,FIXED_HORIZON
MGL-2025-04-09,MGL,2025-04-09,2025-04-11,1235.5491059962085,2025-04-22,1249.1919844355732,5,0.011041955656116764,FIXED_HORIZON
MUTHOOTFIN-2025-04-09,MUTHOOTFIN,2025-04-09,2025-04-11,2056.382963164821,2025-04-22,2194.3634763812443,5,0.06709864635528207,FIXED_HORIZON
QUESS-2025-04-09,QUESS,2025-04-09,2025-04-11,563.3759729995978,2025-04-22,338.5675048828125,5,-0.39903808272090757,FIXED_HORIZON
WIPRO-2025-04-09,WIPRO,2025-04-09,2025-04-11,231.58191541685676,2025-04-22,225.39064320699882,5,-0.026734696440839922,FIXED_HORIZON
ICICIGI-2025-04-11,ICICIGI,2025-04-11,2025-04-15,1741.1481856323387,2025-04-23,1831.1734200984874,5,0.051704521883330745,FIXED_HORIZON
ZYDUSLIFE-2025-04-16,ZYDUSLIFE,2025-04-16,2025-04-17,819.8629855957616,2025-04-25,868.9066757833308,5,0.05981937354072775,FIXED_HORIZON
BLUESTARCO-2025-04-23,BLUESTARCO,2025-04-23,2025-04-24,1926.2547618543203,2025-05-02,1686.58710108659,5,-0.12442157990411029,FIXED_HORIZON
J&KBANK-2025-04-23,J&KBANK,2025-04-23,2025-04-24,100.90986490756454,2025-05-02,91.71040907976598,5,-0.09116507921426165,FIXED_HORIZON
CANFINHOME-2025-04-24,CANFINHOME,2025-04-24,2025-04-25,694.9010180473447,2025-05-05,706.9552404326297,5,0.01734667538573631,FIXED_HORIZON
HINDUNILVR-2025-04-24,HINDUNILVR,2025-04-24,2025-04-25,2266.5789615776075,2025-05-05,2258.997813142575,5,-0.0033447537295394625,FIXED_HORIZON
SYNGENE-2025-04-24,SYNGENE,2025-04-24,2025-04-25,651.8871575090681,2025-05-05,627.005963732197,5,-0.03816794592478989,FIXED_HORIZON
ACC-2025-04-25,ACC,2025-04-25,2025-04-28,1921.0847029492368,2025-05-06,1871.5722932019403,5,-0.02577315288143478,FIXED_HORIZON
ADANIGREEN-2025-04-25,ADANIGREEN,2025-04-25,2025-04-28,915.3499755859375,2025-05-06,966.0,5,0.05533405338394215,FIXED_HORIZON
ANGELONE-2025-04-25,ANGELONE,2025-04-25,2025-04-28,226.452128921879,2025-05-06,232.4431391258113,5,0.026455967680476533,FIXED_HORIZON
APOLLOHOSP-2025-04-25,APOLLOHOSP,2025-04-25,2025-04-28,6928.33511663996,2025-05-06,6973.1661124940365,5,0.00647067370433696,FIXED_HORIZON
CRISIL-2025-04-25,CRISIL,2025-04-25,2025-04-28,4444.726356273433,2025-05-06,4536.726505797167,5,0.020698720719641628,FIXED_HORIZON
CYIENT-2025-04-25,CYIENT,2025-04-25,2025-04-28,1150.8764157088808,2025-05-06,1175.963365096645,5,0.021798126232617232,FIXED_HORIZON
GNFC-2025-04-25,GNFC,2025-04-25,2025-04-28,473.5891647563394,2025-05-06,471.6561587907334,5,-0.004081609355654381,FIXED_HORIZON
GRSE-2025-04-25,GRSE,2025-04-25,2025-04-28,1619.6246561103567,2025-05-06,1920.5111796331657,5,0.18577546494346997,FIXED_HORIZON
INDIGO-2025-04-25,INDIGO,2025-04-25,2025-04-28,5245.136034552869,2025-05-06,5546.127556641359,5,0.05738488384394169,FIXED_HORIZON
MOTILALOFS-2025-04-25,MOTILALOFS,2025-04-25,2025-04-28,675.5472807003009,2025-05-06,685.4672262482123,5,0.014684309790467864,FIXED_HORIZON
RBLBANK-2025-04-25,RBLBANK,2025-04-25,2025-04-28,192.6985644930483,2025-05-06,202.5869227665923,5,0.0513151631386477,FIXED_HORIZON
SBICARD-2025-04-25,SBICARD,2025-04-25,2025-04-28,863.0264907706279,2025-05-06,902.4384494012526,5,0.04566714817227946,FIXED_HORIZON
SHRIRAMFIN-2025-04-25,SHRIRAMFIN,2025-04-25,2025-04-28,612.698534606929,2025-05-06,618.700509291618,5,0.009795967095856506,FIXED_HORIZON
TATACHEM-2025-04-25,TATACHEM,2025-04-25,2025-04-28,804.6128257226438,2025-05-06,827.5405716376811,5,0.028495377133026967,FIXED_HORIZON
UTIAMC-2025-04-25,UTIAMC,2025-04-25,2025-04-28,1006.7751262504893,2025-05-06,961.4055428065875,5,-0.045064267343265296,FIXED_HORIZON
RKFORGE-2025-04-28,RKFORGE,2025-04-28,2025-04-29,623.9527770895321,2025-05-07,584.0836068487025,5,-0.06389773666334475,FIXED_HORIZON
TEJASNET-2025-04-28,TEJASNET,2025-04-28,2025-04-29,752.2958841018234,2025-05-07,682.5465992849864,5,-0.09271522853021008,FIXED_HORIZON
AWL-2025-04-29,AWL,2025-04-29,2025-04-30,267.303650609298,2025-05-08,260.6384675687733,5,-0.02493487472143363,FIXED_HORIZON
GODIGIT-2025-04-29,GODIGIT,2025-04-29,2025-04-30,288.0,2025-05-08,289.0,5,0.003472222222222321,FIXED_HORIZON
TATATECH-2025-04-29,TATATECH,2025-04-29,2025-04-30,642.833032912503,2025-05-08,639.9727023874663,5,-0.004449569917210572,FIXED_HORIZON
BAJAJFINSV-2025-04-30,BAJAJFINSV,2025-04-30,2025-05-02,1952.3820007639404,2025-05-09,1967.36181640625,5,0.007672584379720959,FIXED_HORIZON
BAJFINANCE-2025-04-30,BAJFINANCE,2025-04-30,2025-05-02,847.0836775838369,2025-05-09,855.6052761471834,5,0.010059925351947552,FIXED_HORIZON
EXIDEIND-2025-04-30,EXIDEIND,2025-04-30,2025-05-02,346.51439398107397,2025-05-09,347.0094347463266,5,0.0014286297303991446,FIXED_HORIZON
FIVESTAR-2025-04-30,FIVESTAR,2025-04-30,2025-05-02,704.442689463539,2025-05-09,661.2993241820055,5,-0.06124467742633377,FIXED_HORIZON
PRAJIND-2025-04-30,PRAJIND,2025-04-30,2025-05-02,450.23961627378657,2025-05-09,434.1352219848067,5,-0.03576849683344374,FIXED_HORIZON
CROMPTON-2025-05-02,CROMPTON,2025-05-02,2025-05-05,319.28367185744764,2025-05-12,325.84564986115464,5,0.020552187857062698,FIXED_HORIZON
FEDERALBNK-2025-05-02,FEDERALBNK,2025-05-02,2025-05-05,189.10526793682112,2025-05-12,189.20434018193623,5,0.0005238999748446993,FIXED_HORIZON
GODREJAGRO-2025-05-02,GODREJAGRO,2025-05-02,2025-05-05,638.9300844350893,2025-05-12,684.4296793035813,5,0.071212165426082,FIXED_HORIZON
INDUSTOWER-2025-05-02,INDUSTOWER,2025-05-02,2025-05-05,366.6030999507649,2025-05-12,381.0590501478688,5,0.039432154826419596,FIXED_HORIZON
JSWSTEEL-2025-05-02,JSWSTEEL,2025-05-02,2025-05-05,951.7555863553671,2025-05-12,964.8449526106222,5,0.013752865171382078,FIXED_HORIZON
PHOENIXLTD-2025-05-02,PHOENIXLTD,2025-05-02,2025-05-05,1534.836621270782,2025-05-12,1509.1776317117135,5,-0.016717733473041507,FIXED_HORIZON
KOTAKBANK-2025-05-05,KOTAKBANK,2025-05-05,2025-05-06,416.0013441745257,2025-05-13,425.77318461807874,5,0.023489925165851133,FIXED_HORIZON
BANKBARODA-2025-05-06,BANKBARODA,2025-05-06,2025-05-07,209.6689639338738,2025-05-14,219.06104719140387,5,0.04479481884830694,FIXED_HORIZON
CAMS-2025-05-06,CAMS,2025-05-06,2025-05-07,692.7801609178781,2025-05-14,712.2950147457026,5,0.02816889819992663,FIXED_HORIZON
CUMMINSIND-2025-05-06,CUMMINSIND,2025-05-06,2025-05-07,2699.4412523903197,2025-05-14,2817.2973835979665,5,0.04365945400859772,FIXED_HORIZON
FSL-2025-05-06,FSL,2025-05-06,2025-05-07,307.29321348778717,2025-05-14,353.2893245537567,5,0.1496815062848682,FIXED_HORIZON
INDHOTEL-2025-05-06,INDHOTEL,2025-05-06,2025-05-07,744.4854321566339,2025-05-14,757.389853931668,5,0.017333343565437476,FIXED_HORIZON
MANYAVAR-2025-05-06,MANYAVAR,2025-05-06,2025-05-07,727.243226822925,2025-05-14,732.1409950928146,5,0.006734704551716986,FIXED_HORIZON
STARHEALTH-2025-05-06,STARHEALTH,2025-05-06,2025-05-07,360.0,2025-05-14,392.0,5,0.0888888888888888,FIXED_HORIZON
ASIANPAINT-2025-05-07,ASIANPAINT,2025-05-07,2025-05-08,2277.4286394986984,2025-05-15,2241.1387228905814,5,-0.015934600970024304,FIXED_HORIZON
DABUR-2025-05-08,DABUR,2025-05-08,2025-05-09,453.41236494990346,2025-05-16,458.1278489771796,5,0.010399989924838371,FIXED_HORIZON
TORNTPOWER-2025-05-08,TORNTPOWER,2025-05-08,2025-05-09,1366.1360139382818,2025-05-16,1418.2261814414212,5,0.03812956175057147,FIXED_HORIZON
VBL-2025-05-08,VBL,2025-05-08,2025-05-09,470.98459448057696,2025-05-16,504.49117687301697,5,0.07114156765444224,FIXED_HORIZON
M&MFIN-2025-05-09,M&MFIN,2025-05-09,2025-05-12,234.91447292473967,2025-05-19,254.12725911976153,5,0.08178630271612564,FIXED_HORIZON
MCX-2025-05-09,MCX,2025-05-09,2025-05-12,1177.5066599907586,2025-05-19,1281.9509168608188,5,0.08869950414622685,FIXED_HORIZON
KPRMILL-2025-05-12,KPRMILL,2025-05-12,2025-05-13,1171.690799624111,2025-05-20,1218.3600294207004,5,0.03983067018326114,FIXED_HORIZON
NAVINFLUOR-2025-05-12,NAVINFLUOR,2025-05-12,2025-05-13,4418.582622649669,2025-05-20,4327.91967122555,5,-0.020518559720798413,FIXED_HORIZON
CHAMBLFERT-2025-05-13,CHAMBLFERT,2025-05-13,2025-05-14,635.9107865229969,2025-05-21,584.1269480321574,5,-0.08143255247167724,FIXED_HORIZON
UBL-2025-05-13,UBL,2025-05-13,2025-05-14,2039.7045667901355,2025-05-21,2012.2423726185561,5,-0.013463809719657771,FIXED_HORIZON
UPL-2025-05-13,UPL,2025-05-13,2025-05-14,633.3178425989945,2025-05-21,617.0261210485813,5,-0.025724400063569353,FIXED_HORIZON
MUTHOOTFIN-2025-05-15,MUTHOOTFIN,2025-05-15,2025-05-16,2107.182681860577,2025-05-23,2079.417626602684,5,-0.013176387361620301,FIXED_HORIZON
POWERINDIA-2025-05-15,POWERINDIA,2025-05-15,2025-05-16,15891.596192425885,2025-05-23,17301.849710355524,5,0.08874209367349661,FIXED_HORIZON
PPLPHARMA-2025-05-15,PPLPHARMA,2025-05-15,2025-05-16,209.8640338855803,2025-05-23,200.37017756539643,5,-0.0452381293945775,FIXED_HORIZON
ALIVUS-2025-05-16,ALIVUS,2025-05-16,2025-05-19,1141.9245926509939,2025-05-26,1108.999852785139,5,-0.028832674309447803,FIXED_HORIZON
NEULANDLAB-2025-05-16,NEULANDLAB,2025-05-16,2025-05-19,11046.420243275317,2025-05-26,11126.206988468248,5,0.007222859843803331,FIXED_HORIZON
CREDITACC-2025-05-19,CREDITACC,2025-05-19,2025-05-20,1121.0,2025-05-27,1149.4000244140625,5,0.025334544526371516,FIXED_HORIZON
PATANJALI-2025-05-19,PATANJALI,2025-05-19,2025-05-20,572.4454898697943,2025-05-27,574.6798041487915,5,0.0039031039959900315,FIXED_HORIZON
SHYAMMETL-2025-05-19,SHYAMMETL,2025-05-19,2025-05-20,907.1822547966336,2025-05-27,857.6094893011103,5,-0.054644769817103866,FIXED_HORIZON
BAJAJHLDNG-2025-05-20,BAJAJHLDNG,2025-05-20,2025-05-21,12839.728577746919,2025-05-28,13659.74547541102,5,0.06386559440869388,FIXED_HORIZON
DOMS-2025-05-20,DOMS,2025-05-20,2025-05-21,2547.2758136506854,2025-05-28,2399.899617906092,5,-0.057856395037716,FIXED_HORIZON
EMAMILTD-2025-05-20,EMAMILTD,2025-05-20,2025-05-21,592.3736285350847,2025-05-28,581.1484230798195,5,-0.018949536094347463,FIXED_HORIZON
ZYDUSLIFE-2025-05-20,ZYDUSLIFE,2025-05-20,2025-05-21,868.2645321159554,2025-05-28,913.7027012145707,5,0.05233217230223919,FIXED_HORIZON
AEGISLOG-2025-05-21,AEGISLOG,2025-05-21,2025-05-22,874.9018986983284,2025-05-29,787.5001699000078,5,-0.09989889029656485,FIXED_HORIZON
ASTERDM-2025-05-21,ASTERDM,2025-05-21,2025-05-22,550.6661857836071,2025-05-29,541.1736355820832,5,-0.01723830234466983,FIXED_HORIZON
DIXON-2025-05-21,DIXON,2025-05-21,2025-05-22,15584.064680367295,2025-05-29,14867.383727730576,5,-0.04598806327720073,FIXED_HORIZON
RADICO-2025-05-21,RADICO,2025-05-21,2025-05-22,2436.0543443791908,2025-05-29,2447.0139045847923,5,0.004498898077084812,FIXED_HORIZON
SIGNATURE-2025-05-21,SIGNATURE,2025-05-21,2025-05-22,1209.5999755859375,2025-05-29,1212.9000244140625,5,0.002728215025406655,FIXED_HORIZON
ABFRL-2025-05-22,ABFRL,2025-05-22,2025-05-23,91.0,2025-05-30,87.9000015258789,5,-0.03406591729803399,FIXED_HORIZON
COLPAL-2025-05-22,COLPAL,2025-05-22,2025-05-23,2405.6942521982837,2025-05-30,2431.625439324329,5,0.010779086786423475,FIXED_HORIZON
HYUNDAI-2025-05-22,HYUNDAI,2025-05-22,2025-05-23,1824.7321525917191,2025-05-30,1844.3528006586193,5,0.010752618152221727,FIXED_HORIZON
WAAREEENER-2025-05-23,WAAREEENER,2025-05-23,2025-05-26,2773.444217208206,2025-06-02,2983.2263437602805,5,0.07563956947482597,FIXED_HORIZON
BALKRISIND-2025-05-26,BALKRISIND,2025-05-26,2025-05-27,2486.1929155601697,2025-06-03,2440.645794325237,5,-0.018320026957630575,FIXED_HORIZON
SARDAEN-2025-05-26,SARDAEN,2025-05-26,2025-05-27,440.2020639702638,2025-06-03,437.07194136293674,5,-0.007110649548291326,FIXED_HORIZON
FIRSTCRY-2025-05-27,FIRSTCRY,2025-05-27,2025-05-28,353.0,2025-06-04,368.0,5,0.04249291784702547,FIXED_HORIZON
OLECTRA-2025-05-27,OLECTRA,2025-05-27,2025-05-28,1258.6974157120687,2025-06-04,1234.7031736990236,5,-0.019062756237940737,FIXED_HORIZON
SUMICHEM-2025-05-27,SUMICHEM,2025-05-27,2025-05-28,501.76694048713233,2025-06-04,500.77138279332286,5,-0.0019841038009458245,FIXED_HORIZON
FLUOROCHEM-2025-05-28,FLUOROCHEM,2025-05-28,2025-05-29,3825.9781811197918,2025-06-05,3669.10192674382,5,-0.04100291401297462,FIXED_HORIZON
COHANCE-2025-05-29,COHANCE,2025-05-29,2025-05-30,1066.5999755859375,2025-06-06,1063.699951171875,5,-0.0027189428843454877,FIXED_HORIZON
ALKEM-2025-05-30,ALKEM,2025-05-30,2025-06-02,5019.14603657228,2025-06-09,4833.28870591993,5,-0.037029671840207445,FIXED_HORIZON
ARE&M-2025-05-30,ARE&M,2025-05-30,2025-06-02,1018.4357270783747,2025-06-09,988.0565906291208,5,-0.029829213215451178,FIXED_HORIZON
CHAMBLFERT-2025-05-30,CHAMBLFERT,2025-05-30,2025-06-02,531.8596860631617,2025-06-09,524.6070934472051,5,-0.013636289431222859,FIXED_HORIZON
CHENNPETRO-2025-05-30,CHENNPETRO,2025-05-30,2025-06-02,632.2921310322677,2025-06-09,614.8332678066968,5,-0.027612020407509874,FIXED_HORIZON
FSL-2025-05-30,FSL,2025-05-30,2025-06-02,363.4671738325819,2025-06-09,369.43689833878966,5,0.016424384197505137,FIXED_HORIZON
INDIACEM-2025-05-30,INDIACEM,2025-05-30,2025-06-02,314.54998779296875,2025-06-09,344.0,5,0.09362585709720239,FIXED_HORIZON
IPCALAB-2025-05-30,IPCALAB,2025-05-30,2025-06-02,1421.0873044982538,2025-06-09,1374.3148225607824,5,-0.032913165707285974,FIXED_HORIZON
KNRCON-2025-05-30,KNRCON,2025-05-30,2025-06-02,210.72087193031507,2025-06-09,212.62841749998373,5,0.009052475685937145,FIXED_HORIZON
MAZDOCK-2025-05-30,MAZDOCK,2025-05-30,2025-06-02,3442.2243777279805,2025-06-09,3394.5078896634304,5,-0.013862108575282694,FIXED_HORIZON
MGL-2025-05-30,MGL,2025-05-30,2025-06-02,1280.6091079678022,2025-06-09,1306.6460754003722,5,0.020331705647391507,FIXED_HORIZON
NSLNISP-2025-05-30,NSLNISP,2025-05-30,2025-06-02,38.09000015258789,2025-06-09,39.599998474121094,5,0.039642906681128354,FIXED_HORIZON
OIL-2025-05-30,OIL,2025-05-30,2025-06-02,416.61288632814677,2025-06-09,414.61750360589593,5,-0.004789536732378363,FIXED_HORIZON
OLAELEC-2025-05-30,OLAELEC,2025-05-30,2025-06-02,50.5,2025-06-09,48.91999816894531,5,-0.031287164971379955,FIXED_HORIZON
PATANJALI-2025-05-30,PATANJALI,2025-05-30,2025-06-02,550.8909042001786,2025-06-09,563.6068163399965,5,0.02308245070460857,FIXED_HORIZON
WELSPUNLIV-2025-05-30,WELSPUNLIV,2025-05-30,2025-06-02,131.00936543524747,2025-06-09,136.28292933688775,5,0.040253335203327634,FIXED_HORIZON
NIVABUPA-2025-06-02,NIVABUPA,2025-06-02,2025-06-03,83.9800033569336,2025-06-10,83.5,5,-0.005715686327058989,FIXED_HORIZON
NYKAA-2025-06-02,NYKAA,2025-06-02,2025-06-03,195.38999938964844,2025-06-10,203.9600067138672,5,0.043861033578941555,FIXED_HORIZON
APTUS-2025-06-03,APTUS,2025-06-03,2025-06-04,303.5681741543001,2025-06-11,325.0196644029278,5,0.0706644901376392,FIXED_HORIZON
ICICIPRULI-2025-06-03,ICICIPRULI,2025-06-03,2025-06-04,633.9568234101887,2025-06-11,636.942516992094,5,0.004709616604242406,FIXED_HORIZON
YESBANK-2025-06-03,YESBANK,2025-06-03,2025-06-04,21.100000381469727,2025-06-11,20.850000381469727,5,-0.011848341018019792,FIXED_HORIZON
GILLETTE-2025-06-06,GILLETTE,2025-06-06,2025-06-09,9547.770341913269,2025-06-16,9959.398569391093,5,0.04311249775990511,FIXED_HORIZON
JYOTICNC-2025-06-06,JYOTICNC,2025-06-06,2025-06-09,1222.0,2025-06-16,1140.0,5,-0.06710310965630117,FIXED_HORIZON
ENGINERSIN-2025-06-11,ENGINERSIN,2025-06-11,2025-06-12,225.7765666353054,2025-06-19,217.8562997144835,5,-0.03508011056619276,FIXED_HORIZON
IEX-2025-06-11,IEX,2025-06-11,2025-06-12,189.68299126805178,2025-06-19,178.3992828335819,5,-0.05948719154541493,FIXED_HORIZON
UNITDSPR-2025-06-11,UNITDSPR,2025-06-11,2025-06-12,1477.9012047487663,2025-06-19,1443.1385467165933,5,-0.023521638605120687,FIXED_HORIZON
ADANIENSOL-2025-06-12,ADANIENSOL,2025-06-12,2025-06-13,860.0,2025-06-20,826.0,5,-0.03953488372093028,FIXED_HORIZON
BPCL-2025-06-12,BPCL,2025-06-12,2025-06-13,286.2753123434667,2025-06-20,291.81312380940545,5,0.019344355685462,FIXED_HORIZON
COALINDIA-2025-06-12,COALINDIA,2025-06-12,2025-06-13,359.57843852042174,2025-06-20,354.23088691834954,5,-0.014871724856685198,FIXED_HORIZON
CRISIL-2025-06-12,CRISIL,2025-06-12,2025-06-13,5436.030051462364,2025-06-20,5496.025633449617,5,0.011036653848356393,FIXED_HORIZON
CYIENT-2025-06-12,CYIENT,2025-06-12,2025-06-13,1268.9900890400158,2025-06-20,1252.200528676116,5,-0.013230647354071201,FIXED_HORIZON
DABUR-2025-06-12,DABUR,2025-06-12,2025-06-13,455.0166141227894,2025-06-20,452.1970610499565,5,-0.00619659367442793,FIXED_HORIZON
GAIL-2025-06-12,GAIL,2025-06-12,2025-06-13,183.20011757896427,2025-06-20,173.70264132803862,5,-0.05184208600102003,FIXED_HORIZON
HINDPETRO-2025-06-12,HINDPETRO,2025-06-12,2025-06-13,344.8516863875405,2025-06-20,357.23333709113837,5,0.03590427767165827,FIXED_HORIZON
HINDUNILVR-2025-06-12,HINDUNILVR,2025-06-12,2025-06-13,2240.4326931985097,2025-06-20,2230.712900802916,5,-0.004338355008432493,FIXED_HORIZON
INDHOTEL-2025-06-12,INDHOTEL,2025-06-12,2025-06-13,732.5737105239168,2025-06-20,741.8052724835941,5,0.012601546884715598,FIXED_HORIZON
LT-2025-06-12,LT,2025-06-12,2025-06-13,3467.333312317492,2025-06-20,3579.0421795264283,5,0.032217516214001485,FIXED_HORIZON
PAYTM-2025-06-12,PAYTM,2025-06-12,2025-06-13,867.2000122070312,2025-06-20,872.5999755859375,5,0.006226894952599649,FIXED_HORIZON
TATAINVEST-2025-06-12,TATAINVEST,2025-06-12,2025-06-13,672.2828268556475,2025-06-20,636.7162403594181,5,-0.05290420203440105,FIXED_HORIZON
AJANTPHARM-2025-06-13,AJANTPHARM,2025-06-13,2025-06-16,2596.717281775518,2025-06-23,2508.229900214389,5,-0.034076632901917314,FIXED_HORIZON
INDIGO-2025-06-13,INDIGO,2025-06-13,2025-06-16,5271.092356595448,2025-06-23,5310.026540010661,5,0.007386359559133249,FIXED_HORIZON
IREDA-2025-06-13,IREDA,2025-06-13,2025-06-16,167.11393435621954,2025-06-23,162.13035911454384,5,-0.0298214224976161,FIXED_HORIZON
TMPV-2025-06-16,TMPV,2025-06-16,2025-06-17,680.4553901637183,2025-06-24,672.4220370927751,5,-0.011805848240852956,FIXED_HORIZON
AUROPHARMA-2025-06-17,AUROPHARMA,2025-06-17,2025-06-18,1105.5499517189348,2025-06-25,1112.822757865101,5,0.006578450964479954,FIXED_HORIZON
JINDALSTEL-2025-06-17,JINDALSTEL,2025-06-17,2025-06-18,891.6313579082619,2025-06-25,926.9479626066978,5,0.039608975598713236,FIXED_HORIZON
SCI-2025-06-17,SCI,2025-06-17,2025-06-18,205.0997860798044,2025-06-25,210.40001789972058,5,0.025842210375850216,FIXED_HORIZON
SONACOMS-2025-06-17,SONACOMS,2025-06-17,2025-06-18,475.4665749311426,2025-06-25,479.8745539154854,5,0.00927084934410205,FIXED_HORIZON
SUNPHARMA-2025-06-17,SUNPHARMA,2025-06-17,2025-06-18,1624.7626150927497,2025-06-25,1641.2572226368472,5,0.010152010755833274,FIXED_HORIZON
BIOCON-2025-06-18,BIOCON,2025-06-18,2025-06-19,342.1328706088852,2025-06-26,352.6561686390434,5,0.030757927501763316,FIXED_HORIZON
HINDZINC-2025-06-18,HINDZINC,2025-06-18,2025-06-19,445.9520408247092,2025-06-26,437.01532099373503,5,-0.020039643308834898,FIXED_HORIZON
IKS-2025-06-18,IKS,2025-06-18,2025-06-19,1678.0,2025-06-26,1596.5,5,-0.048569725864124,FIXED_HORIZON
RAMCOCEM-2025-06-18,RAMCOCEM,2025-06-18,2025-06-19,1020.3499933845585,2025-06-26,1044.3430073433938,5,0.023514494158273225,FIXED_HORIZON
VMM-2025-06-18,VMM,2025-06-18,2025-06-19,121.62000274658203,2025-06-26,134.0,5,0.1017924434619033,FIXED_HORIZON
AFCONS-2025-06-19,AFCONS,2025-06-19,2025-06-20,418.54668821817444,2025-06-27,434.3408654865295,5,0.037735759744256026,FIXED_HORIZON
AMBER-2025-06-19,AMBER,2025-06-19,2025-06-20,6445.0,2025-06-27,6820.0,5,0.05818463925523654,FIXED_HORIZON
ATGL-2025-06-19,ATGL,2025-06-19,2025-06-20,622.3826012160142,2025-06-27,647.7738051191185,5,0.040796776538249535,FIXED_HORIZON
BANKINDIA-2025-06-19,BANKINDIA,2025-06-19,2025-06-20,108.03105762485173,2025-06-27,113.68632430600569,5,0.052348526483860125,FIXED_HORIZON
JSWENERGY-2025-06-19,JSWENERGY,2025-06-19,2025-06-20,479.3696451978484,2025-06-27,517.2408064116702,5,0.07900200105117494,FIXED_HORIZON
POLYCAB-2025-06-19,POLYCAB,2025-06-19,2025-06-20,5765.22999507528,2025-06-27,6449.398939783765,5,0.1186715786348349,FIXED_HORIZON
POLYMED-2025-06-19,POLYMED,2025-06-19,2025-06-20,2047.2052965152252,2025-06-27,2186.076368490577,5,0.06783446301733376,FIXED_HORIZON
ROUTE-2025-06-19,ROUTE,2025-06-19,2025-06-20,976.7038471621883,2025-06-27,973.9768396224139,5,-0.0027920516005928153,FIXED_HORIZON
VBL-2025-06-19,VBL,2025-06-19,2025-06-20,446.0911135615773,2025-06-27,460.0314377329354,5,0.0312499481553421,FIXED_HORIZON
VEDL-2025-06-19,VEDL,2025-06-19,2025-06-20,409.4526611288331,2025-06-27,435.8458803026543,5,0.06445975732837317,FIXED_HORIZON
ZEEL-2025-06-19,ZEEL,2025-06-19,2025-06-20,124.73211584818847,2025-06-27,141.03984136102397,5,0.13074199376753648,FIXED_HORIZON
AIAENG-2025-06-20,AIAENG,2025-06-20,2025-06-23,3235.0806271546826,2025-06-30,3322.622660967544,5,0.027060232464702683,FIXED_HORIZON
CERA-2025-06-20,CERA,2025-06-20,2025-06-23,6414.018787064277,2025-06-30,6776.337752840909,5,0.05648860376077369,FIXED_HORIZON
CONCORDBIO-2025-06-20,CONCORDBIO,2025-06-20,2025-06-23,1775.9729673698787,2025-06-30,1799.678993162775,5,0.013348190669818294,FIXED_HORIZON
ERIS-2025-06-20,ERIS,2025-06-20,2025-06-23,1592.5539202498724,2025-06-30,1681.9741428870736,5,0.05614894510018931,FIXED_HORIZON
GILLETTE-2025-06-20,GILLETTE,2025-06-20,2025-06-23,9577.276151557518,2025-06-30,10544.194147687724,5,0.10095960279614147,FIXED_HORIZON
INTELLECT-2025-06-20,INTELLECT,2025-06-20,2025-06-23,1049.2649757191496,2025-06-30,1129.5155088838485,5,0.07648261880627105,FIXED_HORIZON
JBMA-2025-06-20,JBMA,2025-06-20,2025-06-23,647.1348759103023,2025-06-30,643.1401882220421,5,-0.006172882712650929,FIXED_HORIZON
JYOTHYLAB-2025-06-20,JYOTHYLAB,2025-06-20,2025-06-23,310.21634006415985,2025-06-30,331.90231293998147,5,0.06990596585381814,FIXED_HORIZON
MRF-2025-06-20,MRF,2025-06-20,2025-06-23,133986.3378610158,2025-06-30,143524.743607755,5,0.07118939064245033,FIXED_HORIZON
SIGNATURE-2025-06-20,SIGNATURE,2025-06-20,2025-06-23,1236.0,2025-06-30,1242.0,5,0.004854368932038833,FIXED_HORIZON
THERMAX-2025-06-20,THERMAX,2025-06-20,2025-06-23,3372.563049771848,2025-06-30,3332.885760996092,5,-0.01176472854330779,FIXED_HORIZON
ASTRAL-2025-06-23,ASTRAL,2025-06-23,2025-06-24,1513.5215585443038,2025-07-01,1503.4644526996829,5,-0.006644838184065138,FIXED_HORIZON
LALPATHLAB-2025-06-23,LALPATHLAB,2025-06-23,2025-06-24,1387.4245551477477,2025-07-01,1393.0089000412133,5,0.004024971932885313,FIXED_HORIZON
LTFOODS-2025-06-23,LTFOODS,2025-06-23,2025-06-24,411.15821183993563,2025-07-01,480.5101847084464,5,0.16867466311364732,FIXED_HORIZON
OLAELEC-2025-06-23,OLAELEC,2025-06-23,2025-06-24,44.0,2025-07-01,43.43000030517578,5,-0.012954538518732295,FIXED_HORIZON
SIEMENS-2025-06-23,SIEMENS,2025-06-23,2025-06-24,3093.796996123095,2025-07-01,3256.0001204870796,5,0.05242849629993329,FIXED_HORIZON
BEML-2025-06-24,BEML,2025-06-24,2025-06-25,2228.2205137410415,2025-07-02,2215.110297002462,5,-0.005883716022597851,FIXED_HORIZON
KPITTECH-2025-06-24,KPITTECH,2025-06-24,2025-06-25,1288.5599859617141,2025-07-02,1229.6847561646443,5,-0.045690717109400536,FIXED_HORIZON
LINDEINDIA-2025-06-24,LINDEINDIA,2025-06-24,2025-06-25,6586.55862006965,2025-07-02,6606.487609218012,5,0.0030257058804028514,FIXED_HORIZON
OIL-2025-06-24,OIL,2025-06-24,2025-06-25,436.08082792507105,2025-07-02,423.5240305145364,5,-0.02879465595926689,FIXED_HORIZON
ONGC-2025-06-24,ONGC,2025-06-24,2025-06-25,231.47168271306828,2025-07-02,230.42814822875704,5,-0.004508259809925863,FIXED_HORIZON
COLPAL-2025-06-26,COLPAL,2025-06-26,2025-06-27,2332.1857614822793,2025-07-04,2401.9010775934544,5,0.02989269433960784,FIXED_HORIZON
UPL-2025-06-26,UPL,2025-06-26,2025-06-27,626.1533906452388,2025-07-04,671.2992303908319,5,0.07210028791678535,FIXED_HORIZON
AEGISLOG-2025-06-27,AEGISLOG,2025-06-27,2025-06-30,774.6054735586305,2025-07-07,745.8414445040362,5,-0.037133779758163676,FIXED_HORIZON
COHANCE-2025-06-27,COHANCE,2025-06-27,2025-06-30,940.5,2025-07-07,1033.1500244140625,5,0.0985114560489766,FIXED_HORIZON
HOMEFIRST-2025-06-30,HOMEFIRST,2025-06-30,2025-07-01,1369.5993484158278,2025-07-08,1381.543537046474,5,0.008720936268304946,FIXED_HORIZON
JBCHEPHARM-2025-06-30,JBCHEPHARM,2025-06-30,2025-07-01,1655.5089518277882,2025-07-08,1607.3246544218457,5,-0.029105428486354,FIXED_HORIZON
JYOTICNC-2025-06-30,JYOTICNC,2025-06-30,2025-07-01,1065.0,2025-07-08,1039.300048828125,5,-0.024131409551056304,FIXED_HORIZON
AIIL-2025-07-01,AIIL,2025-07-01,2025-07-02,496.4200134277344,2025-07-09,530.0,5,0.06764430454847892,FIXED_HORIZON
CAPLIPOINT-2025-07-01,CAPLIPOINT,2025-07-01,2025-07-02,1988.3864879750615,2025-07-09,2013.3035390595248,5,0.012531291695629276,FIXED_HORIZON
COROMANDEL-2025-07-01,COROMANDEL,2025-07-01,2025-07-02,2307.6401506027514,2025-07-09,2198.791004206506,5,-0.04716902952473512,FIXED_HORIZON
FSL-2025-07-01,FSL,2025-07-01,2025-07-02,351.23417373887213,2025-07-09,357.6442830231333,5,0.018250243750560724,FIXED_HORIZON
GODIGIT-2025-07-01,GODIGIT,2025-07-01,2025-07-02,342.29998779296875,2025-07-09,331.0,5,-0.03301194331272739,FIXED_HORIZON
KPRMILL-2025-07-01,KPRMILL,2025-07-01,2025-07-02,1099.2048884240617,2025-07-09,1196.5148357165676,5,0.088527578722853,FIXED_HORIZON
PGEL-2025-07-01,PGEL,2025-07-01,2025-07-02,726.1299298191256,2025-07-09,739.67394574584,5,0.018652331174516146,FIXED_HORIZON
TARIL-2025-07-01,TARIL,2025-07-01,2025-07-02,473.8500061035156,2025-07-09,494.0,5,0.04252399205853852,FIXED_HORIZON
NCC-2025-07-02,NCC,2025-07-02,2025-07-03,220.3655565049913,2025-07-10,219.8877545900599,5,-0.002168224120454032,FIXED_HORIZON
NYKAA-2025-07-03,NYKAA,2025-07-03,2025-07-04,202.5,2025-07-11,216.50999450683594,5,0.06918515805844905,FIXED_HORIZON
ANGELONE-2025-07-04,ANGELONE,2025-07-04,2025-07-07,271.55790111282926,2025-07-14,267.33932417942714,5,-0.015534723593438549,FIXED_HORIZON
BSE-2025-07-04,BSE,2025-07-04,2025-07-07,2628.2755768653938,2025-07-14,2418.627986114136,5,-0.07976621348104351,FIXED_HORIZON
NUVAMA-2025-07-04,NUVAMA,2025-07-04,2025-07-07,1422.9988516315007,2025-07-14,1456.6555258682608,5,0.02365193351925199,FIXED_HORIZON
SAMMAANCAP-2025-07-04,SAMMAANCAP,2025-07-04,2025-07-07,124.0,2025-07-14,127.20999908447266,5,0.025887089390908447,FIXED_HORIZON
TRENT-2025-07-04,TRENT,2025-07-04,2025-07-07,5491.884754969654,2025-07-14,5360.0792613369085,5,-0.024000047253991186,FIXED_HORIZON
DEEPAKFERT-2025-07-07,DEEPAKFERT,2025-07-07,2025-07-08,1577.8610797237004,2025-07-15,1584.7643131937627,5,0.004375057829090423,FIXED_HORIZON
JUBLFOOD-2025-07-07,JUBLFOOD,2025-07-07,2025-07-08,677.6878197252103,2025-07-15,677.3891692949678,5,-0.00044069027293947016,FIXED_HORIZON
NAUKRI-2025-07-07,NAUKRI,2025-07-07,2025-07-08,1417.4557214611386,2025-07-15,1383.7775539029358,5,-0.023759590545436415,FIXED_HORIZON
AUROPHARMA-2025-07-08,AUROPHARMA,2025-07-08,2025-07-09,1147.6918977724679,2025-07-16,1147.4926389914742,5,-0.00017361696234019508,FIXED_HORIZON
LUPIN-2025-07-08,LUPIN,2025-07-08,2025-07-09,1907.6177424207126,2025-07-16,1923.9963478201364,5,0.00858589487568917,FIXED_HORIZON
TITAN-2025-07-08,TITAN,2025-07-08,2025-07-09,3430.045106416105,2025-07-16,3405.824467658351,5,-0.007061317856271954,FIXED_HORIZON
GAIL-2025-07-09,GAIL,2025-07-09,2025-07-10,180.30748806569062,2025-07-17,178.14764541887362,5,-0.011978663060461026,FIXED_HORIZON
UNIONBANK-2025-07-09,UNIONBANK,2025-07-09,2025-07-10,136.226970084564,2025-07-17,139.7031137492065,5,0.025517294134081325,FIXED_HORIZON
VEDL-2025-07-09,VEDL,2025-07-09,2025-07-10,416.0670799922714,2025-07-17,424.4624117676402,5,0.020177832323395428,FIXED_HORIZON
LICI-2025-07-10,LICI,2025-07-10,2025-07-11,446.740364968396,2025-07-18,447.560081833653,5,0.0018348842628423956,FIXED_HORIZON
ABB-2025-07-11,ABB,2025-07-11,2025-07-14,5655.530016090153,2025-07-21,5566.617091952161,5,-0.01572141318055642,FIXED_HORIZON
AMBER-2025-07-11,AMBER,2025-07-11,2025-07-14,7459.0,2025-07-21,7586.0,5,0.017026411047057266,FIXED_HORIZON
BAJAJ-AUTO-2025-07-11,BAJAJ-AUTO,2025-07-11,2025-07-14,7977.727023763524,2025-07-21,8190.729457990164,5,0.026699639332376623,FIXED_HORIZON
ELECON-2025-07-11,ELECON,2025-07-11,2025-07-14,620.159470708864,2025-07-21,598.7403222012572,5,-0.034538130141145706,FIXED_HORIZON
IREDA-2025-07-11,IREDA,2025-07-11,2025-07-14,159.15611794909591,2025-07-21,156.55988910858943,5,-0.016312466488638933,FIXED_HORIZON
LTM-2025-07-11,LTM,2025-07-11,2025-07-14,5112.119661470955,2025-07-21,5037.418920585801,5,-0.014612478938660023,FIXED_HORIZON
M&M-2025-07-11,M&M,2025-07-11,2025-07-14,3040.866344914149,2025-07-21,3143.9833821647176,5,0.03391041418937468,FIXED_HORIZON
TCS-2025-07-11,TCS,2025-07-11,2025-07-14,3125.217020314649,2025-07-21,3062.8521341278406,5,-0.019955377748624104,FIXED_HORIZON
WIPRO-2025-07-11,WIPRO,2025-07-11,2025-07-14,244.15348123884672,2025-07-21,252.32978682431863,5,0.033488384208101074,FIXED_HORIZON
FIVESTAR-2025-07-15,FIVESTAR,2025-07-15,2025-07-16,745.7489903197153,2025-07-23,720.478653931495,5,-0.03388584727065658,FIXED_HORIZON
HCLTECH-2025-07-15,HCLTECH,2025-07-15,2025-07-16,1486.887817877951,2025-07-23,1458.0678802596879,5,-0.01938272495862814,FIXED_HORIZON
INOXWIND-2025-07-15,INOXWIND,2025-07-15,2025-07-16,165.6999969482422,2025-07-23,164.6168975830078,5,-0.006536508057828683,FIXED_HORIZON
TEJASNET-2025-07-15,TEJASNET,2025-07-15,2025-07-16,655.0,2025-07-23,625.0999755859375,5,-0.04564889223520996,FIXED_HORIZON
JUSTDIAL-2025-07-16,JUSTDIAL,2025-07-16,2025-07-17,895.5,2025-07-24,865.0,5,-0.03405918481295367,FIXED_HORIZON
MFSL-2025-07-17,MFSL,2025-07-17,2025-07-18,1529.9000244140625,2025-07-25,1525.800048828125,5,-0.0026798977191386797,FIXED_HORIZON
NEWGEN-2025-07-17,NEWGEN,2025-07-17,2025-07-18,1008.7074102870047,2025-07-25,862.3459439193679,5,-0.1450980382170416,FIXED_HORIZON
TECHM-2025-07-17,TECHM,2025-07-17,2025-07-18,1517.2710532274314,2025-07-25,1437.3080484472391,5,-0.05270185878133027,FIXED_HORIZON
ATUL-2025-07-18,ATUL,2025-07-18,2025-07-21,6905.947133415661,2025-07-28,6633.291485557477,5,-0.03948128223265568,FIXED_HORIZON
AXISBANK-2025-07-18,AXISBANK,2025-07-18,2025-07-21,1085.163068778452,2025-07-28,1080.06700589857,5,-0.004696126348658902,FIXED_HORIZON
CGPOWER-2025-07-18,CGPOWER,2025-07-18,2025-07-21,667.5266938790883,2025-07-28,661.5399090442346,5,-0.00896860738267058,FIXED_HORIZON
HAL-2025-07-18,HAL,2025-07-18,2025-07-21,4588.585588232991,2025-07-28,4488.1664102150935,5,-0.021884560304467837,FIXED_HORIZON
ROUTE-2025-07-18,ROUTE,2025-07-18,2025-07-21,907.7462771219862,2025-07-28,908.7090832449524,5,0.0010606555457530753,FIXED_HORIZON
AUBANK-2025-07-21,AUBANK,2025-07-21,2025-07-22,752.2195089755373,2025-07-29,727.1938197393645,5,-0.03326913080233174,FIXED_HORIZON
CEATLTD-2025-07-21,CEATLTD,2025-07-21,2025-07-22,3551.8939211959832,2025-07-29,3252.699505481119,5,-0.08423517772572453,FIXED_HORIZON
MRPL-2025-07-21,MRPL,2025-07-21,2025-07-22,138.086775631626,2025-07-29,131.81901113974183,5,-0.0453900416112597,FIXED_HORIZON
RELIANCE-2025-07-21,RELIANCE,2025-07-21,2025-07-22,1415.178583447059,2025-07-29,1371.1587845273314,5,-0.031105472789522692,FIXED_HORIZON
360ONE-2025-07-22,360ONE,2025-07-22,2025-07-23,1127.6850065104165,2025-07-30,1054.5833593183436,5,-0.06482452703550934,FIXED_HORIZON
AARTIIND-2025-07-22,AARTIIND,2025-07-22,2025-07-23,421.82546544280035,2025-07-30,444.41523092682866,5,0.05355239864505412,FIXED_HORIZON
CANBK-2025-07-22,CANBK,2025-07-22,2025-07-23,104.59949932934886,2025-07-30,106.9325357379772,5,0.022304470132140874,FIXED_HORIZON
EICHERMOT-2025-07-22,EICHERMOT,2025-07-22,2025-07-23,5306.894090123357,2025-07-30,5339.134612129544,5,0.006075214891924974,FIXED_HORIZON
GRANULES-2025-07-22,GRANULES,2025-07-22,2025-07-23,476.9950861899771,2025-07-30,489.4808095185329,5,0.026175790254541642,FIXED_HORIZON
IRFC-2025-07-22,IRFC,2025-07-22,2025-07-23,131.19454232435555,2025-07-30,129.73255912133504,5,-0.011143628211347512,FIXED_HORIZON
SUPREMEIND-2025-07-22,SUPREMEIND,2025-07-22,2025-07-23,4051.7418021572025,2025-07-30,4295.111535609773,5,0.060065459581604363,FIXED_HORIZON
TRIDENT-2025-07-22,TRIDENT,2025-07-22,2025-07-23,29.899926994621637,2025-07-30,30.370175147819516,5,0.015727401384039164,FIXED_HORIZON
ZENSARTECH-2025-07-22,ZENSARTECH,2025-07-22,2025-07-23,797.7670600409155,2025-07-30,787.0652729206963,5,-0.013414676609573517,FIXED_HORIZON
ABREL-2025-07-23,ABREL,2025-07-23,2025-07-24,2013.4900220538725,2025-07-31,1886.7109916135678,5,-0.06296481683628263,FIXED_HORIZON
COLPAL-2025-07-23,COLPAL,2025-07-23,2025-07-24,2230.3995471390563,2025-07-31,2170.657542137988,5,-0.026785337666383358,FIXED_HORIZON
LODHA-2025-07-23,LODHA,2025-07-23,2025-07-24,1326.94892092364,2025-07-31,1209.748386081962,5,-0.08832332050890013,FIXED_HORIZON
M&MFIN-2025-07-23,M&MFIN,2025-07-23,2025-07-24,254.27901086538856,2025-07-31,250.56263180436585,5,-0.01461535912214984,FIXED_HORIZON
OBEROIRLTY-2025-07-23,OBEROIRLTY,2025-07-23,2025-07-24,1774.339218367505,2025-07-31,1617.1442836518413,5,-0.0885935074242975,FIXED_HORIZON
PNBHOUSING-2025-07-23,PNBHOUSING,2025-07-23,2025-07-24,1051.3952891922786,2025-07-31,971.8249346273858,5,-0.07568072197281928,FIXED_HORIZON
TRITURBINE-2025-07-23,TRITURBINE,2025-07-23,2025-07-24,623.7723273717294,2025-07-31,596.8975803198598,5,-0.04308422460019434,FIXED_HORIZON
ACC-2025-07-24,ACC,2025-07-24,2025-07-25,1879.0277376707188,2025-08-01,1781.6908606365275,5,-0.05180172441459119,FIXED_HORIZON
BAJAJHFL-2025-07-24,BAJAJHFL,2025-07-24,2025-07-25,119.0,2025-08-01,114.0,5,-0.04201680672268904,FIXED_HORIZON
COFORGE-2025-07-24,COFORGE,2025-07-24,2025-07-25,1655.8311467944618,2025-08-01,1728.785047675268,5,0.04405878040284383,FIXED_HORIZON
CYIENT-2025-07-24,CYIENT,2025-07-24,2025-07-25,1196.982883153216,2025-08-01,1189.6805833369517,5,-0.00610058833675875,FIXED_HORIZON
IEX-2025-07-24,IEX,2025-07-24,2025-07-25,134.0426453589173,2025-08-01,131.74700488504615,5,-0.017126194933890337,FIXED_HORIZON
INTELLECT-2025-07-24,INTELLECT,2025-07-24,2025-07-25,1098.1222227556025,2025-08-01,1010.2685198710797,5,-0.08000357434172012,FIXED_HORIZON
LATENTVIEW-2025-07-24,LATENTVIEW,2025-07-24,2025-07-25,429.20001220703125,2025-08-01,412.8999938964844,5,-0.03797767438712074,FIXED_HORIZON
MGL-2025-07-24,MGL,2025-07-24,2025-07-25,1375.2449758870766,2025-08-01,1310.9695608727325,5,-0.04673742943353387,FIXED_HORIZON
MPHASIS-2025-07-24,MPHASIS,2025-07-24,2025-07-25,2552.5665968191965,2025-08-01,2718.0306015894635,5,0.06482260050588096,FIXED_HORIZON
NESTLEIND-2025-07-24,NESTLEIND,2025-07-24,2025-07-25,1145.7266974660988,2025-08-01,1112.4670181893894,5,-0.029029330773444384,FIXED_HORIZON
PERSISTENT-2025-07-24,PERSISTENT,2025-07-24,2025-07-25,5137.662103876444,2025-08-01,5098.9364397018235,5,-0.007537604340581594,FIXED_HORIZON
TATACHEM-2025-07-24,TATACHEM,2025-07-24,2025-07-25,932.6603825440236,2025-08-01,967.6720756883599,5,0.037539595119109315,FIXED_HORIZON
ABCAPITAL-2025-07-25,ABCAPITAL,2025-07-25,2025-07-28,259.0,2025-08-04,251.5,5,-0.02895752895752901,FIXED_HORIZON
ADANIGREEN-2025-07-25,ADANIGREEN,2025-07-25,2025-07-28,979.7000122070312,2025-08-04,980.0,5,0.0003062037248453553,FIXED_HORIZON
APLAPOLLO-2025-07-25,APLAPOLLO,2025-07-25,2025-07-28,1533.746789342143,2025-08-04,1584.469778633679,5,0.03307129289137234,FIXED_HORIZON
BAJAJ-AUTO-2025-07-25,BAJAJ-AUTO,2025-07-25,2025-07-28,7963.428178774617,2025-08-04,7932.858574844942,5,-0.003838749247610851,FIXED_HORIZON
BAJAJFINSV-2025-07-25,BAJAJFINSV,2025-07-25,2025-07-28,1988.3033189817295,2025-08-04,1921.3604778166434,5,-0.03366832440805334,FIXED_HORIZON
BAJFINANCE-2025-07-25,BAJFINANCE,2025-07-25,2025-07-28,903.69476891972,2025-08-04,868.6601644770973,5,-0.03876818329324094,FIXED_HORIZON
BANDHANBNK-2025-07-25,BANDHANBNK,2025-07-25,2025-07-28,175.04968644304873,2025-08-04,161.177762647915,5,-0.07924563635049342,FIXED_HORIZON
BHEL-2025-07-25,BHEL,2025-07-25,2025-07-28,239.72134763562565,2025-08-04,231.3537000596798,5,-0.034905725578785796,FIXED_HORIZON
CHENNPETRO-2025-07-25,CHENNPETRO,2025-07-25,2025-07-28,646.4950728387137,2025-08-04,623.6478687906764,5,-0.03534010545156485,FIXED_HORIZON
CHOLAFIN-2025-07-25,CHOLAFIN,2025-07-25,2025-07-28,1486.3041350241936,2025-08-04,1421.1786189601746,5,-0.043817085971411096,FIXED_HORIZON
FIVESTAR-2025-07-25,FIVESTAR,2025-07-25,2025-07-28,687.2150703442999,2025-08-04,599.7369432295376,5,-0.1272936681538941,FIXED_HORIZON
GPPL-2025-07-25,GPPL,2025-07-25,2025-07-28,151.7277960868733,2025-08-04,150.7744823842867,5,-0.006283052460873906,FIXED_HORIZON
HFCL-2025-07-25,HFCL,2025-07-25,2025-07-28,75.80131685071468,2025-08-04,73.39476302751372,5,-0.031748179625170625,FIXED_HORIZON
HINDCOPPER-2025-07-25,HINDCOPPER,2025-07-25,2025-07-28,254.97424351494195,2025-08-04,235.35700030151418,5,-0.07693813674273409,FIXED_HORIZON
HONASA-2025-07-25,HONASA,2025-07-25,2025-07-28,263.3603145567989,2025-08-04,269.6710397837654,5,0.023962324154976233,FIXED_HORIZON
INFY-2025-07-25,INFY,2025-07-25,2025-07-28,1459.4908778130184,2025-08-04,1408.9741142502269,5,-0.03461259287792784,FIXED_HORIZON
IRB-2025-07-25,IRB,2025-07-25,2025-07-28,22.986567897812098,2025-08-04,21.971436440254323,5,-0.04416194109840976,FIXED_HORIZON
KFINTECH-2025-07-25,KFINTECH,2025-07-25,2025-07-28,1127.0906745505604,2025-08-04,1080.439007261711,5,-0.041391228179092465,FIXED_HORIZON
LICI-2025-07-25,LICI,2025-07-25,2025-07-28,430.45950511372456,2025-08-04,429.9465264427591,5,-0.0011917001828777307,FIXED_HORIZON
NAVA-2025-07-25,NAVA,2025-07-25,2025-07-28,600.0033078440689,2025-08-04,602.8810671352234,5,0.0047962390432392255,FIXED_HORIZON
OFSS-2025-07-25,OFSS,2025-07-25,2025-07-28,8275.920729921128,2025-08-04,7998.779826266574,5,-0.03348762182467113,FIXED_HORIZON
PAYTM-2025-07-25,PAYTM,2025-07-25,2025-07-28,1068.0,2025-08-04,1080.0,5,0.011235955056179803,FIXED_HORIZON
POONAWALLA-2025-07-25,POONAWALLA,2025-07-25,2025-07-28,421.6499938964844,2025-08-04,418.6499938964844,5,-0.007114905830489571,FIXED_HORIZON
RCF-2025-07-25,RCF,2025-07-25,2025-07-28,149.97940490113683,2025-08-04,146.438888870759,5,-0.023606681415436093,FIXED_HORIZON
SAIL-2025-07-25,SAIL,2025-07-25,2025-07-28,127.0081746621925,2025-08-04,119.1664588322407,5,-0.061741819775054996,FIXED_HORIZON
SONACOMS-2025-07-25,SONACOMS,2025-07-25,2025-07-28,466.1760033712581,2025-08-04,436.31015338424095,5,-0.06406560992207977,FIXED_HORIZON
SWANCORP-2025-07-25,SWANCORP,2025-07-25,2025-07-28,473.0194119057641,2025-08-04,444.3894231080801,5,-0.060526033556076775,FIXED_HORIZON
TANLA-2025-07-25,TANLA,2025-07-25,2025-07-28,636.4459385239852,2025-08-04,604.1805354267433,5,-0.050696219653895924,FIXED_HORIZON
TEJASNET-2025-07-25,TEJASNET,2025-07-25,2025-07-28,601.2999877929688,2025-08-04,575.5499877929688,5,-0.042823882459259055,FIXED_HORIZON
UTIAMC-2025-07-25,UTIAMC,2025-07-25,2025-07-28,1297.4708018043482,2025-08-04,1252.7801264306986,5,-0.034444455560387,FIXED_HORIZON
AFCONS-2025-07-28,AFCONS,2025-07-28,2025-07-29,397.2408942761034,2025-08-05,402.90158517654515,5,0.014250020534158025,FIXED_HORIZON
BRIGADE-2025-07-28,BRIGADE,2025-07-28,2025-07-29,749.9696257849279,2025-08-05,738.7125968602546,5,-0.015009979788036754,FIXED_HORIZON
CAMS-2025-07-28,CAMS,2025-07-28,2025-07-29,762.4454154865814,2025-08-05,743.4088763490239,5,-0.024967740314116305,FIXED_HORIZON
CDSL-2025-07-28,CDSL,2025-07-28,2025-07-29,1496.928956827088,2025-08-05,1549.123277613713,5,0.03486760046198634,FIXED_HORIZON
CHOLAHLDNG-2025-07-28,CHOLAHLDNG,2025-07-28,2025-07-29,1898.1923994715073,2025-08-05,1833.9521891385314,5,-0.033842834030344715,FIXED_HORIZON
DLF-2025-07-28,DLF,2025-07-28,2025-07-29,776.7479626985082,2025-08-05,785.1425625542932,5,0.01080736642890101,FIXED_HORIZON
ELGIEQUIP-2025-07-28,ELGIEQUIP,2025-07-28,2025-07-29,547.4466777714638,2025-08-05,557.4002641601933,5,0.018181837232528864,FIXED_HORIZON
GODREJPROP-2025-07-28,GODREJPROP,2025-07-28,2025-07-29,2096.964054607163,2025-08-05,2090.0970882034308,5,-0.0032747182235407513,FIXED_HORIZON
GRAVITA-2025-07-28,GRAVITA,2025-07-28,2025-07-29,1830.0,2025-08-05,1800.0,5,-0.016393442622950838,FIXED_HORIZON
HOMEFIRST-2025-07-28,HOMEFIRST,2025-07-28,2025-07-29,1349.692371593136,2025-08-05,1250.9538651293144,5,-0.0731563047565228,FIXED_HORIZON
KOTAKBANK-2025-07-28,KOTAKBANK,2025-07-28,2025-07-29,392.72199647393273,2025-08-05,400.90785292705664,5,0.020843896004351326,FIXED_HORIZON
KPITTECH-2025-07-28,KPITTECH,2025-07-28,2025-07-29,1180.1237444867895,2025-08-05,1206.0452377249394,5,0.021965063714079136,FIXED_HORIZON
NETWEB-2025-07-28,NETWEB,2025-07-28,2025-07-29,1811.7740697901456,2025-08-05,2310.757911843162,5,0.27541173613927095,FIXED_HORIZON
RPOWER-2025-07-28,RPOWER,2025-07-28,2025-07-29,52.15999984741211,2025-08-05,45.20000076293945,5,-0.1334355656601478,FIXED_HORIZON
SBICARD-2025-07-28,SBICARD,2025-07-28,2025-07-29,831.1880236519053,2025-08-05,801.6914073478187,5,-0.03548729705523235,FIXED_HORIZON
SUZLON-2025-07-28,SUZLON,2025-07-28,2025-07-29,60.689998626708984,2025-08-05,65.0,5,0.07101666618582247,FIXED_HORIZON
TITAGARH-2025-07-28,TITAGARH,2025-07-28,2025-07-29,848.9880558912473,2025-08-05,853.3828365040387,5,0.0051764928638222685,FIXED_HORIZON
SUNDARMFIN-2025-07-29,SUNDARMFIN,2025-07-29,2025-07-30,4677.156404800801,2025-08-06,4612.592233798406,5,-0.013804150516780744,FIXED_HORIZON
REDINGTON-2025-07-30,REDINGTON,2025-07-30,2025-07-31,254.3636995939936,2025-08-07,233.86389499791963,5,-0.0805924926740531,FIXED_HORIZON
TMPV-2025-07-30,TMPV,2025-07-30,2025-07-31,654.4213402448943,2025-08-07,644.652418710424,5,-0.014927571785502414,FIXED_HORIZON
TRIVENI-2025-07-30,TRIVENI,2025-07-30,2025-07-31,335.29076905937194,2025-08-07,331.23625417355487,5,-0.012092533585674414,FIXED_HORIZON
AARTIIND-2025-07-31,AARTIIND,2025-07-31,2025-08-01,408.90988148425305,2025-08-08,377.9922854232314,5,-0.07560980416711272,FIXED_HORIZON
ADANIENT-2025-07-31,ADANIENT,2025-07-31,2025-08-01,2423.9163500803693,2025-08-08,2245.9958200965802,5,-0.07340209161008782,FIXED_HORIZON
AMBUJACEM-2025-07-31,AMBUJACEM,2025-07-31,2025-08-01,591.9200537572962,2025-08-08,589.08408203125,5,-0.004791139796741839,FIXED_HORIZON
APARINDS-2025-07-31,APARINDS,2025-07-31,2025-08-01,8900.0,2025-08-08,8700.0,5,-0.022471910112359605,FIXED_HORIZON
ASTRAL-2025-07-31,ASTRAL,2025-07-31,2025-08-01,1393.2363490572502,2025-08-08,1399.5095222027242,5,0.004502590784197347,FIXED_HORIZON
ATGL-2025-07-31,ATGL,2025-07-31,2025-08-01,616.7845725601776,2025-08-08,594.7922674738982,5,-0.03565637998206206,FIXED_HORIZON
BSOFT-2025-07-31,BSOFT,2025-07-31,2025-08-01,383.3661024435912,2025-08-08,373.57387123091115,5,-0.025542767475434047,FIXED_HORIZON
CESC-2025-07-31,CESC,2025-07-31,2025-08-01,157.6682550445817,2025-08-08,155.00933667428464,5,-0.016864005817437633,FIXED_HORIZON
CHAMBLFERT-2025-07-31,CHAMBLFERT,2025-07-31,2025-08-01,515.42037043383,2025-08-08,547.3984240033196,5,0.06204266537345737,FIXED_HORIZON
DEEPAKNTR-2025-07-31,DEEPAKNTR,2025-07-31,2025-08-01,1819.1287870606277,2025-08-08,1816.702500906841,5,-0.0013337627171010613,FIXED_HORIZON
IGIL-2025-07-31,IGIL,2025-07-31,2025-08-01,387.1294894198486,2025-08-08,353.79329944655785,5,-0.08611121313245418,FIXED_HORIZON
IIFL-2025-07-31,IIFL,2025-07-31,2025-08-01,469.1288235097112,2025-08-08,448.5808708203218,5,-0.04380023494541052,FIXED_HORIZON
INDUSTOWER-2025-07-31,INDUSTOWER,2025-07-31,2025-08-01,349.8823816362025,2025-08-08,323.3316033461693,5,-0.07588486784007309,FIXED_HORIZON
IPCALAB-2025-07-31,IPCALAB,2025-07-31,2025-08-01,1476.9157304264547,2025-08-08,1395.0566049913264,5,-0.05542572521147959,FIXED_HORIZON
JUBLINGREA-2025-07-31,JUBLINGREA,2025-07-31,2025-08-01,778.5237712173606,2025-08-08,702.9650322024033,5,-0.0970538624617816,FIXED_HORIZON
POLYMED-2025-07-31,POLYMED,2025-07-31,2025-08-01,1940.5114440475718,2025-08-08,1932.5419427051002,5,-0.00410690767473576,FIXED_HORIZON
SONATSOFTW-2025-07-31,SONATSOFTW,2025-07-31,2025-08-01,380.8926043181892,2025-08-08,341.205485174243,5,-0.10419503737802294,FIXED_HORIZON
WAAREEENER-2025-07-31,WAAREEENER,2025-07-31,2025-08-01,3023.2040148466517,2025-08-08,3178.2172215090045,5,0.05127447764064175,FIXED_HORIZON
WELSPUNLIV-2025-07-31,WELSPUNLIV,2025-07-31,2025-08-01,125.67448586170892,2025-08-08,119.67808565484954,5,-0.047713743690646626,FIXED_HORIZON
ADANIPORTS-2025-08-01,ADANIPORTS,2025-08-01,2025-08-04,1344.1352839823053,2025-08-11,1319.4393391944216,5,-0.01837310952415172,FIXED_HORIZON
ADANIPOWER-2025-08-01,ADANIPOWER,2025-08-01,2025-08-04,113.4000015258789,2025-08-11,115.37999725341797,5,0.017460279549354363,FIXED_HORIZON
ALKEM-2025-08-01,ALKEM,2025-08-01,2025-08-04,4813.021719377471,2025-08-11,4722.905545572782,5,-0.018723408922481366,FIXED_HORIZON
AUROPHARMA-2025-08-01,AUROPHARMA,2025-08-01,2025-08-04,1081.0420373399852,2025-08-11,1042.0,5,-0.03611518885616338,FIXED_HORIZON
CAPLIPOINT-2025-08-01,CAPLIPOINT,2025-08-01,2025-08-04,1981.4097202027585,2025-08-11,2092.141302622958,5,0.055885252449891176,FIXED_HORIZON
CGCL-2025-08-01,CGCL,2025-08-01,2025-08-04,176.77173724542723,2025-08-11,183.25482919794186,5,0.03667493488234275,FIXED_HORIZON
CIPLA-2025-08-01,CIPLA,2025-08-01,2025-08-04,1495.9656135715184,2025-08-11,1474.1700609426769,5,-0.014569554561355225,FIXED_HORIZON
DIVISLAB-2025-08-01,DIVISLAB,2025-08-01,2025-08-04,6345.8316664780605,2025-08-11,5866.8068760463175,5,-0.07548652652767296,FIXED_HORIZON
DRREDDY-2025-08-01,DRREDDY,2025-08-01,2025-08-04,1217.3797410758052,2025-08-11,1204.8591754533268,5,-0.010284848022371396,FIXED_HORIZON
FEDERALBNK-2025-08-01,FEDERALBNK,2025-08-01,2025-08-04,184.0532219431881,2025-08-11,194.50403568444418,5,0.05678147674307987,FIXED_HORIZON
GLAXO-2025-08-01,GLAXO,2025-08-01,2025-08-04,2857.364377305457,2025-08-11,2585.192522651899,5,-0.09525276398602711,FIXED_HORIZON
GODREJAGRO-2025-08-01,GODREJAGRO,2025-08-01,2025-08-04,802.6043949965017,2025-08-11,801.476339095674,5,-0.0014054942981375218,FIXED_HORIZON
GRANULES-2025-08-01,GRANULES,2025-08-01,2025-08-04,456.0500076226726,2025-08-11,438.2371021595378,5,-0.039059105723933785,FIXED_HORIZON
GRAPHITE-2025-08-01,GRAPHITE,2025-08-01,2025-08-04,522.2666552107537,2025-08-11,517.61767578125,5,-0.008901543652308552,FIXED_HORIZON
HEG-2025-08-01,HEG,2025-08-01,2025-08-04,530.9466205678111,2025-08-11,500.18075212931535,5,-0.05794531360910404,FIXED_HORIZON
LICHSGFIN-2025-08-01,LICHSGFIN,2025-08-01,2025-08-04,549.3514512901647,2025-08-11,552.915841073143,5,0.006488359636817709,FIXED_HORIZON
LUPIN-2025-08-01,LUPIN,2025-08-01,2025-08-04,1870.3385919401262,2025-08-11,1904.1931658452697,5,0.018100772796451725,FIXED_HORIZON
NIVABUPA-2025-08-01,NIVABUPA,2025-08-01,2025-08-04,81.9000015258789,2025-08-11,80.06999969482422,5,-0.022344344285224915,FIXED_HORIZON
ONGC-2025-08-01,ONGC,2025-08-01,2025-08-04,224.35677313683806,2025-08-11,221.4538835786632,5,-0.012938720403169346,FIXED_HORIZON
PAGEIND-2025-08-01,PAGEIND,2025-08-01,2025-08-04,46222.88695051605,2025-08-11,43928.41254858412,5,-0.049639357325047206,FIXED_HORIZON
PNBHOUSING-2025-08-01,PNBHOUSING,2025-08-01,2025-08-04,813.6501955633831,2025-08-11,768.651414699958,5,-0.055304824000278585,FIXED_HORIZON
RRKABEL-2025-08-01,RRKABEL,2025-08-01,2025-08-04,1331.315442088697,2025-08-11,1229.3656539610015,5,-0.07657823600975189,FIXED_HORIZON
SOLARINDS-2025-08-01,SOLARINDS,2025-08-01,2025-08-04,13891.79178349706,2025-08-11,14391.496961251763,5,0.035971254503564865,FIXED_HORIZON
SUNPHARMA-2025-08-01,SUNPHARMA,2025-08-01,2025-08-04,1615.0486959049506,2025-08-11,1572.5370035737276,5,-0.026322235632283975,FIXED_HORIZON
UPL-2025-08-01,UPL,2025-08-01,2025-08-04,667.0431639554176,2025-08-11,682.3450378348366,5,0.022939855628955508,FIXED_HORIZON
ABB-2025-08-04,ABB,2025-08-04,2025-08-05,4981.071246227441,2025-08-12,4999.948440089917,5,0.0037897859575433124,FIXED_HORIZON
NH-2025-08-04,NH,2025-08-04,2025-08-05,1838.8244222545854,2025-08-12,1770.3761449712115,5,-0.03722393310365624,FIXED_HORIZON
THERMAX-2025-08-04,THERMAX,2025-08-04,2025-08-05,3532.5724137429274,2025-08-12,3276.617826448798,5,-0.07245558117885353,FIXED_HORIZON
BRITANNIA-2025-08-05,BRITANNIA,2025-08-05,2025-08-06,5507.771364665881,2025-08-13,5275.637496702705,5,-0.04214660569470796,FIXED_HORIZON
TRITURBINE-2025-08-05,TRITURBINE,2025-08-05,2025-08-06,530.5535670429742,2025-08-13,515.380758299912,5,-0.02859807130810077,FIXED_HORIZON
BALRAMCHIN-2025-08-06,BALRAMCHIN,2025-08-06,2025-08-07,543.8796910200053,2025-08-14,542.9864703546008,5,-0.0016423129602971542,FIXED_HORIZON
BAYERCROP-2025-08-06,BAYERCROP,2025-08-06,2025-08-07,5789.4488085163475,2025-08-14,5480.162760704764,5,-0.0534223650715453,FIXED_HORIZON
BHARTIHEXA-2025-08-06,BHARTIHEXA,2025-08-06,2025-08-07,1762.8047854409913,2025-08-14,1678.5319450087209,5,-0.04780611053945394,FIXED_HORIZON
BOSCHLTD-2025-08-06,BOSCHLTD,2025-08-06,2025-08-07,37975.103102415254,2025-08-14,38625.82143319943,5,0.01713539339259329,FIXED_HORIZON
CASTROLIND-2025-08-06,CASTROLIND,2025-08-06,2025-08-07,197.2996939205081,2025-08-14,196.39105703359337,5,-0.004605363895196057,FIXED_HORIZON
CCL-2025-08-06,CCL,2025-08-06,2025-08-07,855.8882687882541,2025-08-14,855.5391821840018,5,-0.00040786469096787403,FIXED_HORIZON
CONCOR-2025-08-06,CONCOR,2025-08-06,2025-08-07,540.5730135569496,2025-08-14,533.6024580768797,5,-0.01289475298480769,FIXED_HORIZON
ELGIEQUIP-2025-08-06,ELGIEQUIP,2025-08-06,2025-08-07,542.4699001319946,2025-08-14,502.1579229257563,5,-0.07431191517986435,FIXED_HORIZON
ERIS-2025-08-06,ERIS,2025-08-06,2025-08-07,1720.7660059891243,2025-08-14,1665.860612486689,5,-0.031907530315764765,FIXED_HORIZON
GPIL-2025-08-06,GPIL,2025-08-06,2025-08-07,187.19285219773093,2025-08-14,205.15334007270727,5,0.09594644060449897,FIXED_HORIZON
PGEL-2025-08-06,PGEL,2025-08-06,2025-08-07,734.6761690777839,2025-08-14,487.7849981903852,5,-0.33605441591676166,FIXED_HORIZON
RHIM-2025-08-06,RHIM,2025-08-06,2025-08-07,497.2919930055732,2025-08-14,492.71600230468414,5,-0.009201818579929966,FIXED_HORIZON
TARIL-2025-08-06,TARIL,2025-08-06,2025-08-07,506.0,2025-08-14,514.0,5,0.015810276679841806,FIXED_HORIZON
TATATECH-2025-08-06,TATATECH,2025-08-06,2025-08-07,655.0402964527926,2025-08-14,658.2904390360309,5,0.0049617444924205945,FIXED_HORIZON
WOCKPHARMA-2025-08-06,WOCKPHARMA,2025-08-06,2025-08-07,1462.0,2025-08-14,1501.5999755859375,5,0.02708616661144836,FIXED_HORIZON
BERGEPAINT-2025-08-07,BERGEPAINT,2025-08-07,2025-08-08,538.931049821325,2025-08-18,532.9263873023942,5,-0.011141801016886221,FIXED_HORIZON
BHEL-2025-08-07,BHEL,2025-08-07,2025-08-08,226.76848784384086,2025-08-18,225.27330575452606,5,-0.006593429728844913,FIXED_HORIZON
EIDPARRY-2025-08-07,EIDPARRY,2025-08-07,2025-08-08,1135.0,2025-08-18,1168.5,5,0.02951541850220263,FIXED_HORIZON
GNFC-2025-08-07,GNFC,2025-08-07,2025-08-08,490.4064131986015,2025-08-18,491.8561647106117,5,0.002956224618993808,FIXED_HORIZON
SKFINDIA-2025-08-07,SKFINDIA,2025-08-07,2025-08-08,4459.199958556409,2025-08-18,4392.723290264352,5,-0.014907756752307155,FIXED_HORIZON
ADANIENT-2025-08-08,ADANIENT,2025-08-08,2025-08-11,2195.018553362488,2025-08-19,2338.8541943212863,5,0.06552821193172176,FIXED_HORIZON
BHARTIARTL-2025-08-08,BHARTIARTL,2025-08-08,2025-08-11,1839.8450716527227,2025-08-19,1877.4715117278834,5,0.02045087418222713,FIXED_HORIZON
BIOCON-2025-08-08,BIOCON,2025-08-08,2025-08-11,342.19077849424036,2025-08-19,366.0622338833263,5,0.06976066244136891,FIXED_HORIZON
CHAMBLFERT-2025-08-08,CHAMBLFERT,2025-08-08,2025-08-11,517.1365480327104,2025-08-19,524.1163243994748,5,0.013496969791280344,FIXED_HORIZON
COFORGE-2025-08-08,COFORGE,2025-08-08,2025-08-11,1592.0518622234456,2025-08-19,1649.6184885384548,5,0.03615876321680389,FIXED_HORIZON
DATAPATTNS-2025-08-08,DATAPATTNS,2025-08-08,2025-08-11,2367.0402772144976,2025-08-19,2592.3491654829545,5,0.09518591231307538,FIXED_HORIZON
GODREJCP-2025-08-08,GODREJCP,2025-08-08,2025-08-11,1159.7003353718544,2025-08-19,1186.6234171164774,5,0.023215550537881047,FIXED_HORIZON
GRASIM-2025-08-08,GRASIM,2025-08-08,2025-08-11,2707.6841870246985,2025-08-19,2837.0617977282795,5,0.04778164725545264,FIXED_HORIZON
JSL-2025-08-08,JSL,2025-08-08,2025-08-11,671.6003343571247,2025-08-19,744.0180877949502,5,0.10782864411040816,FIXED_HORIZON
KALYANKJIL-2025-08-08,KALYANKJIL,2025-08-08,2025-08-11,526.5591642699962,2025-08-19,518.6822343395014,5,-0.014959249529756358,FIXED_HORIZON
KIMS-2025-08-08,KIMS,2025-08-08,2025-08-11,700.0,2025-08-19,761.75,5,0.0882142857142858,FIXED_HORIZON
MAZDOCK-2025-08-08,MAZDOCK,2025-08-08,2025-08-11,2615.7689251030806,2025-08-19,2720.8243517443816,5,0.040162349828802624,FIXED_HORIZON
RAMCOCEM-2025-08-08,RAMCOCEM,2025-08-08,2025-08-11,1048.139471373064,2025-08-19,1086.9337396174053,5,0.03701250578181248,FIXED_HORIZON
TITAGARH-2025-08-08,TITAGARH,2025-08-08,2025-08-11,802.0440237135513,2025-08-19,821.7205253312621,5,0.024532944621426855,FIXED_HORIZON
ACE-2025-08-11,ACE,2025-08-11,2025-08-12,989.688910307152,2025-08-20,1005.0,5,0.015470608524951635,FIXED_HORIZON
AMBER-2025-08-11,AMBER,2025-08-11,2025-08-12,6947.0,2025-08-20,7405.0,5,0.06592773859219814,FIXED_HORIZON
PTCIL-2025-08-11,PTCIL,2025-08-11,2025-08-12,14200.0,2025-08-20,13359.0,5,-0.0592253521126761,FIXED_HORIZON
VOLTAS-2025-08-11,VOLTAS,2025-08-11,2025-08-12,1226.0483867324979,2025-08-20,1384.4508754792093,5,0.12919758344029542,FIXED_HORIZON
ASTRAL-2025-08-12,ASTRAL,2025-08-12,2025-08-13,1267.5742059690222,2025-08-21,1415.416583269703,5,0.1166341004767133,FIXED_HORIZON
KNRCON-2025-08-12,KNRCON,2025-08-12,2025-08-13,202.13183565531227,2025-08-21,204.2291658637319,5,0.01037605086610971,FIXED_HORIZON
PRAJIND-2025-08-12,PRAJIND,2025-08-12,2025-08-13,410.7925339034169,2025-08-21,409.2601029487199,5,-0.003730425526811687,FIXED_HORIZON
RVNL-2025-08-12,RVNL,2025-08-12,2025-08-13,319.46768751230036,2025-08-21,327.9447782718925,5,0.026535049054893234,FIXED_HORIZON
BAJAJHFL-2025-08-13,BAJAJHFL,2025-08-13,2025-08-14,109.69999694824219,2025-08-22,112.8499984741211,5,0.028714691098534084,FIXED_HORIZON
COROMANDEL-2025-08-13,COROMANDEL,2025-08-13,2025-08-14,2251.723048821391,2025-08-22,2417.0099354007525,5,0.07340462525614644,FIXED_HORIZON
JWL-2025-08-13,JWL,2025-08-13,2025-08-14,319.20001220703125,2025-08-22,344.95001220703125,5,0.08067042298011784,FIXED_HORIZON
LICI-2025-08-13,LICI,2025-08-13,2025-08-14,434.8076067370987,2025-08-22,437.543450487028,5,0.006292078858646688,FIXED_HORIZON
OIL-2025-08-13,OIL,2025-08-13,2025-08-14,397.4370391533355,2025-08-22,399.8704979916391,5,0.006122878842615309,FIXED_HORIZON
POLYMED-2025-08-13,POLYMED,2025-08-13,2025-08-14,1845.8718391503444,2025-08-22,1962.5278151219088,5,0.06319830743247112,FIXED_HORIZON
SJVN-2025-08-13,SJVN,2025-08-13,2025-08-14,91.67093440881003,2025-08-22,95.18546637145494,5,0.03833856374771649,FIXED_HORIZON
ENGINERSIN-2025-08-14,ENGINERSIN,2025-08-14,2025-08-18,188.46329517134464,2025-08-25,187.7397156797772,5,-0.0038393655958821604,FIXED_HORIZON
MAXHEALTH-2025-08-14,MAXHEALTH,2025-08-14,2025-08-18,1213.9425783908225,2025-08-25,1237.8002558339444,5,0.01965305267959816,FIXED_HORIZON
NAVA-2025-08-14,NAVA,2025-08-14,2025-08-18,573.0316555457817,2025-08-25,660.129322241382,5,0.15199451173887502,FIXED_HORIZON
NHPC-2025-08-14,NHPC,2025-08-14,2025-08-18,81.3047487866516,2025-08-25,79.18886874502354,5,-0.026024064685080672,FIXED_HORIZON
NMDC-2025-08-14,NMDC,2025-08-14,2025-08-18,68.1483703210596,2025-08-25,68.71125764630568,5,0.008259732736002556,FIXED_HORIZON
DEEPAKNTR-2025-08-18,DEEPAKNTR,2025-08-18,2025-08-19,1811.1279263285765,2025-08-26,1815.9060749125338,5,0.0026382170549617,FIXED_HORIZON
GLENMARK-2025-08-18,GLENMARK,2025-08-18,2025-08-19,1970.1674432876198,2025-08-26,1951.7127368581514,5,-0.009367075114525836,FIXED_HORIZON
ITC-2025-08-18,ITC,2025-08-18,2025-08-19,387.45317241186046,2025-08-26,380.7310351895941,5,-0.017349547508984653,FIXED_HORIZON
SOBHA-2025-08-18,SOBHA,2025-08-18,2025-08-19,1487.6023047156446,2025-08-26,1499.7525996483478,5,0.008167703756701172,FIXED_HORIZON
BAJAJHLDNG-2025-08-19,BAJAJHLDNG,2025-08-19,2025-08-20,13615.627661029013,2025-08-28,12826.386822687702,5,-0.05796580649750693,FIXED_HORIZON
AUROPHARMA-2025-08-20,AUROPHARMA,2025-08-20,2025-08-21,1045.0,2025-08-29,1035.0999755859375,5,-0.0094737075732656,FIXED_HORIZON
ANGELONE-2025-08-21,ANGELONE,2025-08-21,2025-08-22,249.6802431882375,2025-09-01,218.38435380698803,5,-0.1253438757573424,FIXED_HORIZON
BSE-2025-08-21,BSE,2025-08-21,2025-08-22,2325.1743515390585,2025-09-01,2124.4031834129482,5,-0.08634671545951711,FIXED_HORIZON
DABUR-2025-08-21,DABUR,2025-08-21,2025-08-22,506.7166910062017,2025-09-01,512.1668099664043,5,0.010755751797676405,FIXED_HORIZON
TATACOMM-2025-08-21,TATACOMM,2025-08-21,2025-08-22,1574.681056863387,2025-09-01,1545.9423609164799,5,-0.018250486866306703,FIXED_HORIZON
UBL-2025-08-21,UBL,2025-08-21,2025-08-22,1879.5254764000695,2025-09-01,1827.8928876624368,5,-0.027471076814838735,FIXED_HORIZON
JKCEMENT-2025-08-22,JKCEMENT,2025-08-22,2025-08-25,6815.632318351927,2025-09-02,7041.292389675246,5,0.033109190869305305,FIXED_HORIZON
CUB-2025-08-25,CUB,2025-08-25,2025-08-26,151.57248885147425,2025-09-03,149.27650256413273,5,-0.015147777177369925,FIXED_HORIZON
AAVAS-2025-08-26,AAVAS,2025-08-26,2025-08-28,1580.9000244140625,2025-09-04,1604.9000244140625,5,0.015181225649544272,FIXED_HORIZON
ATUL-2025-08-26,ATUL,2025-08-26,2025-08-28,6249.185325769428,2025-09-04,6418.35129294555,5,0.02707008327606175,FIXED_HORIZON
BALRAMCHIN-2025-08-26,BALRAMCHIN,2025-08-26,2025-08-28,544.8721941946739,2025-09-04,559.7594069057424,5,0.027322393892887042,FIXED_HORIZON
BANKBARODA-2025-08-26,BANKBARODA,2025-08-26,2025-08-28,228.14101432353604,2025-09-04,232.23847056111694,5,0.017960191198984177,FIXED_HORIZON
CANBK-2025-08-26,CANBK,2025-08-26,2025-08-28,102.66337045523888,2025-09-04,105.42235053230138,5,0.026874045385695045,FIXED_HORIZON
CANFINHOME-2025-08-26,CANFINHOME,2025-08-26,2025-08-28,727.5857178833917,2025-09-04,755.7116528623008,5,0.03865652429342603,FIXED_HORIZON
CASTROLIND-2025-08-26,CASTROLIND,2025-08-26,2025-08-28,189.05459822522607,2025-09-04,187.87889037137248,5,-0.006218879968489022,FIXED_HORIZON
CEATLTD-2025-08-26,CEATLTD,2025-08-26,2025-08-28,3024.1323896136764,2025-09-04,3417.1212813779975,5,0.12995095489669484,FIXED_HORIZON
CENTRALBK-2025-08-26,CENTRALBK,2025-08-26,2025-08-28,33.91011142372862,2025-09-04,34.95184850325686,5,0.030720544279877693,FIXED_HORIZON
FSL-2025-08-26,FSL,2025-08-26,2025-08-28,348.9343566201471,2025-09-04,362.9778735430152,5,0.04024687353488665,FIXED_HORIZON
ICICIPRULI-2025-08-26,ICICIPRULI,2025-08-26,2025-08-28,614.168611758984,2025-09-04,637.786631957288,5,0.03845527066364052,FIXED_HORIZON
KFINTECH-2025-08-26,KFINTECH,2025-08-26,2025-08-28,1040.0179812715594,2025-09-04,1063.6972984070899,5,0.022768180514128655,FIXED_HORIZON
KIRLOSENG-2025-08-26,KIRLOSENG,2025-08-26,2025-08-28,906.4838624662746,2025-09-04,901.6028265115837,5,-0.005384581189797566,FIXED_HORIZON
MAXHEALTH-2025-08-26,MAXHEALTH,2025-08-26,2025-08-28,1193.8782621614212,2025-09-04,1186.890680359473,5,-0.0058528428093646,FIXED_HORIZON
MRF-2025-08-26,MRF,2025-08-26,2025-08-28,142445.7114083641,2025-09-04,152278.1694929588,5,0.06902600287071459,FIXED_HORIZON
NAVINFLUOR-2025-08-26,NAVINFLUOR,2025-08-26,2025-08-28,4764.16404631732,2025-09-04,4868.926018836514,5,0.021989581278204495,FIXED_HORIZON
POWERGRID-2025-08-26,POWERGRID,2025-08-26,2025-08-28,274.255705157843,2025-09-04,278.9725222944279,5,0.01719861081420415,FIXED_HORIZON
RECLTD-2025-08-26,RECLTD,2025-08-26,2025-08-28,346.22562319191513,2025-09-04,353.8350020130042,5,0.02197809264068007,FIXED_HORIZON
SHRIRAMFIN-2025-08-26,SHRIRAMFIN,2025-08-26,2025-08-28,570.0322725577023,2025-09-04,589.0580128857324,5,0.03337660206967352,FIXED_HORIZON
SIEMENS-2025-08-26,SIEMENS,2025-08-26,2025-08-28,3042.74794334354,2025-09-04,3209.2299655537568,5,0.054714365208732074,FIXED_HORIZON
SUNPHARMA-2025-08-26,SUNPHARMA,2025-08-26,2025-08-28,1578.6808251013001,2025-09-04,1582.5455394847263,5,0.0024480657026908492,FIXED_HORIZON
YESBANK-2025-08-26,YESBANK,2025-08-26,2025-08-28,19.0,2025-09-04,20.489999771118164,5,0.07842104058516663,FIXED_HORIZON
ZYDUSLIFE-2025-08-26,ZYDUSLIFE,2025-08-26,2025-08-28,986.9630697292343,2025-09-04,1013.5891411826773,5,0.02697777887550301,FIXED_HORIZON
360ONE-2025-08-28,360ONE,2025-08-28,2025-08-29,1025.7977230367105,2025-09-05,1023.8192244040866,5,-0.0019287414937584346,FIXED_HORIZON
ABFRL-2025-08-28,ABFRL,2025-08-28,2025-08-29,78.38999938964844,2025-09-05,83.33000183105469,5,0.06301827375774405,FIXED_HORIZON
AFCONS-2025-08-28,AFCONS,2025-08-28,2025-08-29,419.98294903800786,2025-09-05,435.02843403818343,5,0.03582403770114473,FIXED_HORIZON
ATGL-2025-08-28,ATGL,2025-08-28,2025-08-29,592.7929768161393,2025-09-05,597.0414928687908,5,0.007166947347233998,FIXED_HORIZON
CESC-2025-08-28,CESC,2025-08-28,2025-08-29,143.8606027480181,2025-09-05,143.627375136491,5,-0.0016212055772879541,FIXED_HORIZON
CRISIL-2025-08-28,CRISIL,2025-08-28,2025-08-29,4832.600106910678,2025-09-05,4965.10207163896,5,0.027418359019361738,FIXED_HORIZON
HCLTECH-2025-08-28,HCLTECH,2025-08-28,2025-08-29,1386.9868906413578,2025-09-05,1385.2650524136716,5,-0.0012414235774715898,FIXED_HORIZON
HDFCBANK-2025-08-28,HDFCBANK,2025-08-28,2025-08-29,938.4781016808785,2025-09-05,951.7584261964354,5,0.014150915713186052,FIXED_HORIZON
ICICIBANK-2025-08-28,ICICIBANK,2025-08-28,2025-08-29,1380.4619594997932,2025-09-05,1399.2040313658385,5,0.013576666663698944,FIXED_HORIZON
INDIGO-2025-08-28,INDIGO,2025-08-28,2025-08-29,5715.0,2025-09-05,5705.0,5,-0.0017497812773403787,FIXED_HORIZON
IRB-2025-08-28,IRB,2025-08-28,2025-08-29,21.080273654278887,2025-09-05,21.28363352264043,5,0.009646927345284384,FIXED_HORIZON
IRCTC-2025-08-28,IRCTC,2025-08-28,2025-08-29,691.1545642643863,2025-09-05,702.3117883967462,5,0.016142878466316457,FIXED_HORIZON
OLECTRA-2025-08-28,OLECTRA,2025-08-28,2025-08-29,1503.6385743466167,2025-09-05,1537.5304210198153,5,0.0225398890740256,FIXED_HORIZON
POONAWALLA-2025-08-28,POONAWALLA,2025-08-28,2025-08-29,428.45001220703125,2025-09-05,436.29998779296875,5,0.018321800355427076,FIXED_HORIZON
JSL-2025-08-29,JSL,2025-08-29,2025-09-01,760.4161995234202,2025-09-08,751.6140686750565,5,-0.011575412062342139,FIXED_HORIZON
TBOTEK-2025-08-29,TBOTEK,2025-08-29,2025-09-01,1307.300048828125,2025-09-08,1549.800048828125,5,0.18549681858987088,FIXED_HORIZON
UBL-2025-09-01,UBL,2025-09-01,2025-09-02,1792.74293000053,2025-09-09,1799.1969813471067,5,0.0036000986190334316,FIXED_HORIZON
FIVESTAR-2025-09-02,FIVESTAR,2025-09-02,2025-09-03,528.9300691191486,2025-09-10,531.5207287359295,5,0.004897924636985129,FIXED_HORIZON
AUBANK-2025-09-04,AUBANK,2025-09-04,2025-09-05,699.3208860761163,2025-09-12,710.2602323510141,5,0.015642813610613704,FIXED_HORIZON
HDFCLIFE-2025-09-04,HDFCLIFE,2025-09-04,2025-09-05,761.2866862035955,2025-09-12,772.9451197457215,5,0.01531411720893816,FIXED_HORIZON
IOB-2025-09-04,IOB,2025-09-04,2025-09-05,38.040000915527344,2025-09-12,39.619998931884766,5,0.04153517293193576,FIXED_HORIZON
MFSL-2025-09-04,MFSL,2025-09-04,2025-09-05,1580.9000244140625,2025-09-12,1603.9000244140625,5,0.014548674580813215,FIXED_HORIZON
TATACONSUM-2025-09-04,TATACONSUM,2025-09-04,2025-09-05,1064.9884061663035,2025-09-12,1095.728319305587,5,0.02886408242690619,FIXED_HORIZON
VBL-2025-09-04,VBL,2025-09-04,2025-09-05,489.1268999085155,2025-09-12,473.08015064048345,5,-0.03280692448326472,FIXED_HORIZON
ABBOTINDIA-2025-09-05,ABBOTINDIA,2025-09-05,2025-09-08,30696.693130411855,2025-09-15,30193.46693272808,5,-0.016393498659476813,FIXED_HORIZON
PERSISTENT-2025-09-05,PERSISTENT,2025-09-05,2025-09-08,5095.957330981217,2025-09-15,5422.6467896247495,5,0.0641075734008607,FIXED_HORIZON
NUVAMA-2025-09-11,NUVAMA,2025-09-11,2025-09-12,1214.0921538265195,2025-09-19,1261.7806159380978,5,0.039279112348495016,FIXED_HORIZON
COHANCE-2025-09-18,COHANCE,2025-09-18,2025-09-19,910.0,2025-09-26,890.0,5,-0.02197802197802201,FIXED_HORIZON
SARDAEN-2025-09-18,SARDAEN,2025-09-18,2025-09-19,568.369392033743,2025-09-26,579.7756443012628,5,0.020068378817349464,FIXED_HORIZON
AIAENG-2025-09-19,AIAENG,2025-09-19,2025-09-22,3086.0,2025-09-29,3069.89990234375,5,-0.005217141171824369,FIXED_HORIZON
ATUL-2025-09-19,ATUL,2025-09-19,2025-09-22,6279.038281031495,2025-09-29,5991.456234497465,5,-0.0458003333731527,FIXED_HORIZON
EIHOTEL-2025-09-19,EIHOTEL,2025-09-19,2025-09-22,388.2382335267036,2025-09-29,371.3150273230431,5,-0.043589746558272635,FIXED_HORIZON
EMAMILTD-2025-09-19,EMAMILTD,2025-09-19,2025-09-22,571.8818069999419,2025-09-29,547.0237576737883,5,-0.043467109850123475,FIXED_HORIZON
ICICIBANK-2025-09-19,ICICIBANK,2025-09-19,2025-09-22,1392.1634074537787,2025-09-29,1348.233693764239,5,-0.031554998108940246,FIXED_HORIZON
JUBLINGREA-2025-09-19,JUBLINGREA,2025-09-19,2025-09-22,679.3839108965115,2025-09-29,646.370322144827,5,-0.04859342151350021,FIXED_HORIZON
RAINBOW-2025-09-19,RAINBOW,2025-09-19,2025-09-22,1415.4724507247909,2025-09-29,1361.798494104928,5,-0.037919463987009516,FIXED_HORIZON
RKFORGE-2025-09-19,RKFORGE,2025-09-19,2025-09-22,568.1850218464684,2025-09-29,533.9401985057048,5,-0.060270549247278704,FIXED_HORIZON
SIGNATURE-2025-09-19,SIGNATURE,2025-09-19,2025-09-22,1106.0,2025-09-29,1058.800048828125,5,-0.04267626688234627,FIXED_HORIZON
CIPLA-2025-09-22,CIPLA,2025-09-22,2025-09-23,1527.8662477568835,2025-09-30,1474.26908212632,5,-0.035079749755092426,FIXED_HORIZON
COFORGE-2025-09-22,COFORGE,2025-09-22,2025-09-23,1702.2310674832402,2025-09-30,1569.3620428216955,5,-0.07805580993066497,FIXED_HORIZON
CYIENT-2025-09-22,CYIENT,2025-09-22,2025-09-23,1182.0822196123274,2025-09-30,1135.702829909141,5,-0.03923533315508032,FIXED_HORIZON
HAPPSTMNDS-2025-09-22,HAPPSTMNDS,2025-09-22,2025-09-23,555.6027988391102,2025-09-30,527.0838299037131,5,-0.05132977910655834,FIXED_HORIZON
IKS-2025-09-22,IKS,2025-09-22,2025-09-23,1498.300048828125,2025-09-30,1497.5999755859375,5,-0.0004672450239423531,FIXED_HORIZON
KFINTECH-2025-09-22,KFINTECH,2025-09-22,2025-09-23,1091.1260135618866,2025-09-30,1057.876159707485,5,-0.03047297327818288,FIXED_HORIZON
LTM-2025-09-22,LTM,2025-09-22,2025-09-23,5190.26124466486,2025-09-30,5037.910130498667,5,-0.02935326508329361,FIXED_HORIZON
LTTS-2025-09-22,LTTS,2025-09-22,2025-09-23,4147.461322545152,2025-09-30,3928.391092140356,5,-0.05282031907421392,FIXED_HORIZON
MPHASIS-2025-09-22,MPHASIS,2025-09-22,2025-09-23,2765.8486935309,2025-09-30,2634.373378538156,5,-0.04753525212722387,FIXED_HORIZON
PERSISTENT-2025-09-22,PERSISTENT,2025-09-22,2025-09-23,5238.449503118739,2025-09-30,4843.244586127851,5,-0.07544310902598195,FIXED_HORIZON
TATATECH-2025-09-22,TATATECH,2025-09-22,2025-09-23,691.6283716610737,2025-09-30,666.6618162648971,5,-0.036098223293262066,FIXED_HORIZON
TCS-2025-09-22,TCS,2025-09-22,2025-09-23,2947.6353061603577,2025-09-30,2794.9727356006983,5,-0.051791539557354604,FIXED_HORIZON
TECHM-2025-09-22,TECHM,2025-09-22,2025-09-23,1458.1428078575518,2025-09-30,1358.116728958585,5,-0.06859827333780488,FIXED_HORIZON
TRIVENI-2025-09-22,TRIVENI,2025-09-22,2025-09-23,348.19750855699874,2025-09-30,334.75165436682437,5,-0.038615595631044886,FIXED_HORIZON
ZENSARTECH-2025-09-22,ZENSARTECH,2025-09-22,2025-09-23,789.7893898343766,2025-09-30,733.5079126857275,5,-0.07126137407398148,FIXED_HORIZON
AWL-2025-09-23,AWL,2025-09-23,2025-09-24,259.64366653727683,2025-10-01,260.1907785198477,5,0.0021071647533998927,FIXED_HORIZON
BAYERCROP-2025-09-23,BAYERCROP,2025-09-23,2025-09-24,4880.921197119921,2025-10-01,4648.95642142681,5,-0.04752479426014622,FIXED_HORIZON
INDHOTEL-2025-09-23,INDHOTEL,2025-09-23,2025-09-24,748.6657799932976,2025-10-01,715.4636935858198,5,-0.04434834247102237,FIXED_HORIZON
KANSAINER-2025-09-23,KANSAINER,2025-09-23,2025-09-24,244.8834720264009,2025-10-01,244.32017468256413,5,-0.0023002668950072858,FIXED_HORIZON
LTFOODS-2025-09-23,LTFOODS,2025-09-23,2025-09-24,431.7485166884627,2025-10-01,405.53215596565207,5,-0.06072136836483355,FIXED_HORIZON
MANYAVAR-2025-09-23,MANYAVAR,2025-09-23,2025-09-24,723.9000244140625,2025-10-01,693.5999755859375,5,-0.04185667606884025,FIXED_HORIZON
PIDILITIND-2025-09-23,PIDILITIND,2025-09-23,2025-09-24,1478.6529137854043,2025-10-01,1458.3987638391618,5,-0.013697704009787648,FIXED_HORIZON
ULTRACEMCO-2025-09-23,ULTRACEMCO,2025-09-23,2025-09-24,12178.418984490134,2025-10-01,12028.478971973182,5,-0.012311943997649344,FIXED_HORIZON
ADANIPOWER-2025-09-24,ADANIPOWER,2025-09-24,2025-09-25,145.5,2025-10-03,152.89999389648438,5,0.050859064580648594,FIXED_HORIZON
BALRAMCHIN-2025-09-24,BALRAMCHIN,2025-09-24,2025-09-25,463.48872067334156,2025-10-03,453.56391496223245,5,-0.02141326265003962,FIXED_HORIZON
CONCOR-2025-09-24,CONCOR,2025-09-24,2025-09-25,523.2073637605445,2025-10-03,518.8226365569661,5,-0.008380476857327013,FIXED_HORIZON
DLF-2025-09-24,DLF,2025-09-24,2025-09-25,723.8619699142004,2025-10-03,715.4179759298993,5,-0.011665199078357391,FIXED_HORIZON
OBEROIRLTY-2025-09-24,OBEROIRLTY,2025-09-24,2025-09-25,1612.267948235815,2025-10-03,1602.0177914592614,5,-0.006357601283192182,FIXED_HORIZON
POLICYBZR-2025-09-24,POLICYBZR,2025-09-24,2025-09-25,1725.0,2025-10-03,1670.0,5,-0.03188405797101446,FIXED_HORIZON
ASIANPAINT-2025-09-25,ASIANPAINT,2025-09-25,2025-09-26,2373.174495777403,2025-10-06,2331.1056372658036,5,-0.017726829015924817,FIXED_HORIZON
BLS-2025-09-25,BLS,2025-09-25,2025-09-26,339.1142585734431,2025-10-06,328.68913998884415,5,-0.03074220066255684,FIXED_HORIZON
HOMEFIRST-2025-09-25,HOMEFIRST,2025-09-25,2025-09-26,1220.794867340313,2025-10-06,1254.1389735661035,5,0.02731343906977246,FIXED_HORIZON
KALYANKJIL-2025-09-25,KALYANKJIL,2025-09-25,2025-09-26,463.5,2025-10-06,495.0,5,0.06796116504854366,FIXED_HORIZON
NTPC-2025-09-25,NTPC,2025-09-25,2025-09-26,335.10344605690574,2025-10-06,335.2018429831596,5,0.00029363149621919327,FIXED_HORIZON
POWERGRID-2025-09-25,POWERGRID,2025-09-25,2025-09-26,275.7145127870004,2025-10-06,280.4313406656608,5,0.017107651791635314,FIXED_HORIZON
TRENT-2025-09-25,TRENT,2025-09-25,2025-09-26,4732.00766212315,2025-10-06,4809.892594882823,5,0.016459173002422167,FIXED_HORIZON
WHIRLPOOL-2025-09-25,WHIRLPOOL,2025-09-25,2025-09-26,1241.5756095667236,2025-10-06,1172.9858027889345,5,-0.05524416414858946,FIXED_HORIZON
ABSLAMC-2025-09-26,ABSLAMC,2025-09-26,2025-09-29,758.4929702565637,2025-10-07,801.8563452495822,5,0.05717043755639639,FIXED_HORIZON
ACMESOLAR-2025-09-26,ACMESOLAR,2025-09-26,2025-09-29,267.7639912354701,2025-10-07,288.44576546720486,5,0.07723881817083966,FIXED_HORIZON
APLAPOLLO-2025-09-26,APLAPOLLO,2025-09-26,2025-09-29,1668.699951171875,2025-10-07,1745.0,5,0.04572424705504541,FIXED_HORIZON
BHARTIHEXA-2025-09-26,BHARTIHEXA,2025-09-26,2025-09-29,1649.847635586764,2025-10-07,1664.189805404875,5,0.008693026864271758,FIXED_HORIZON
BIOCON-2025-09-26,BIOCON,2025-09-26,2025-09-29,339.79364142472843,2025-10-07,348.8827603006639,5,0.026748937495785663,FIXED_HORIZON
CANBK-2025-09-26,CANBK,2025-09-26,2025-09-29,114.79322688309117,2025-10-07,122.80881363196596,5,0.06982630392503997,FIXED_HORIZON
CAPLIPOINT-2025-09-26,CAPLIPOINT,2025-09-26,2025-09-29,2064.4106209918923,2025-10-07,2026.0865400633666,5,-0.01856417543042488,FIXED_HORIZON
CHALET-2025-09-26,CHALET,2025-09-26,2025-09-29,951.0463730136543,2025-10-07,964.2317885790715,5,0.013864114242542636,FIXED_HORIZON
CRISIL-2025-09-26,CRISIL,2025-09-26,2025-09-29,4600.501182170517,2025-10-07,4550.850944680028,5,-0.010792354033710594,FIXED_HORIZON
CROMPTON-2025-09-26,CROMPTON,2025-09-26,2025-09-29,291.39554599943483,2025-10-07,286.5537565811821,5,-0.016615866250276,FIXED_HORIZON
DIVISLAB-2025-09-26,DIVISLAB,2025-09-26,2025-09-29,5693.521480089951,2025-10-07,5835.934282918851,5,0.02501313173699482,FIXED_HORIZON
DIXON-2025-09-26,DIXON,2025-09-26,2025-09-29,17530.0,2025-10-07,17026.0,5,-0.02875071306332,FIXED_HORIZON
HFCL-2025-09-26,HFCL,2025-09-26,2025-09-29,72.45999908447266,2025-10-07,74.45999908447266,5,0.02760143562337669,FIXED_HORIZON
HINDZINC-2025-09-26,HINDZINC,2025-09-26,2025-09-29,447.6215325124435,2025-10-07,482.68097724524876,5,0.07832385662061658,FIXED_HORIZON
IIFL-2025-09-26,IIFL,2025-09-26,2025-09-29,416.9151526456195,2025-10-07,468.5332447136238,5,0.12380958509291684,FIXED_HORIZON
INDUSINDBK-2025-09-26,INDUSINDBK,2025-09-26,2025-09-29,716.5893367687614,2025-10-07,741.7486137895582,5,0.03510975635535529,FIXED_HORIZON
INTELLECT-2025-09-26,INTELLECT,2025-09-26,2025-09-29,974.61200269641,2025-10-07,979.6137962470522,5,0.005132086960558668,FIXED_HORIZON
IRB-2025-09-26,IRB,2025-09-26,2025-09-29,20.361061673830108,2025-10-07,20.73306641647306,5,0.018270400070595993,FIXED_HORIZON
JUBLPHARMA-2025-09-26,JUBLPHARMA,2025-09-26,2025-09-29,1064.4891546153767,2025-10-07,1094.2351404907715,5,0.027943906940172347,FIXED_HORIZON
LAURUSLABS-2025-09-26,LAURUSLABS,2025-09-26,2025-09-29,831.8846994034664,2025-10-07,863.4272055753642,5,0.037916920691673406,FIXED_HORIZON
NATCOPHARM-2025-09-26,NATCOPHARM,2025-09-26,2025-09-29,816.4945409448893,2025-10-07,815.7484403840596,5,-0.0009137851184728429,FIXED_HORIZON
NEULANDLAB-2025-09-26,NEULANDLAB,2025-09-26,2025-09-29,13974.173768447308,2025-10-07,15134.030965747585,5,0.08300005542504074,FIXED_HORIZON
PAGEIND-2025-09-26,PAGEIND,2025-09-26,2025-09-29,40575.745596020446,2025-10-07,41431.72961198885,5,0.02109595285052146,FIXED_HORIZON
PGEL-2025-09-26,PGEL,2025-09-26,2025-09-29,522.7999877929688,2025-10-07,521.7000122070312,5,-0.0021040084384491564,FIXED_HORIZON
PNB-2025-09-26,PNB,2025-09-26,2025-09-29,104.85111147221143,2025-10-07,111.3034869262683,5,0.061538455467560205,FIXED_HORIZON
RAMCOCEM-2025-09-26,RAMCOCEM,2025-09-26,2025-09-29,1007.2510890388355,2025-10-07,987.804186785904,5,-0.019306906157320336,FIXED_HORIZON
SCI-2025-09-26,SCI,2025-09-26,2025-09-29,220.3967288154911,2025-10-07,218.78729543486506,5,-0.007302437696220965,FIXED_HORIZON
SUNPHARMA-2025-09-26,SUNPHARMA,2025-09-26,2025-09-29,1566.6903581737797,2025-10-07,1634.47135435781,5,0.043263811403702945,FIXED_HORIZON
SYNGENE-2025-09-26,SYNGENE,2025-09-26,2025-09-29,610.7217122277568,2025-10-07,632.7094590599004,5,0.036002890337626825,FIXED_HORIZON
TECHNOE-2025-09-26,TECHNOE,2025-09-26,2025-09-29,1292.300048828125,2025-10-07,1362.300048828125,5,0.05416698704258116,FIXED_HORIZON
TITAN-2025-09-26,TITAN,2025-09-26,2025-09-29,3316.1188950217547,2025-10-07,3413.7983166424383,5,0.029455946759726404,FIXED_HORIZON
WAAREEENER-2025-09-26,WAAREEENER,2025-09-26,2025-09-29,3223.191928402087,2025-10-07,3439.57058876791,5,0.06713179518077728,FIXED_HORIZON
WOCKPHARMA-2025-09-26,WOCKPHARMA,2025-09-26,2025-09-29,1365.0,2025-10-07,1431.0,5,0.0483516483516484,FIXED_HORIZON
ZYDUSLIFE-2025-09-26,ZYDUSLIFE,2025-09-26,2025-09-29,974.1246059722541,2025-10-07,1001.1003777766547,5,0.027692321535679243,FIXED_HORIZON
ABREL-2025-09-29,ABREL,2025-09-29,2025-09-30,1681.6683873595725,2025-10-08,1620.075836092116,5,-0.03662586020550962,FIXED_HORIZON
BSOFT-2025-09-29,BSOFT,2025-09-29,2025-09-30,338.81144780504303,2025-10-08,348.0161270060243,5,0.0271675566472529,FIXED_HORIZON
COCHINSHIP-2025-09-29,COCHINSHIP,2025-09-29,2025-09-30,1772.151995457551,2025-10-08,1831.4758944428795,5,0.03347562688606276,FIXED_HORIZON
FACT-2025-09-29,FACT,2025-09-29,2025-09-30,909.0,2025-10-08,897.0,5,-0.01320132013201325,FIXED_HORIZON
FSL-2025-09-29,FSL,2025-09-29,2025-09-30,325.2023117427498,2025-10-08,319.3794258209919,5,-0.017905425980993872,FIXED_HORIZON
JSL-2025-09-29,JSL,2025-09-29,2025-09-30,736.2973088313365,2025-10-08,754.6972258074835,5,0.02498979251377631,FIXED_HORIZON
KIMS-2025-09-29,KIMS,2025-09-29,2025-09-30,704.7000122070312,2025-10-08,710.2000122070312,5,0.007804739470309796,FIXED_HORIZON
RAYMOND-2025-09-29,RAYMOND,2025-09-29,2025-09-30,584.0499877929688,2025-10-08,583.2000122070312,5,-0.0014553130788503843,FIXED_HORIZON
SONATSOFTW-2025-09-29,SONATSOFTW,2025-09-29,2025-09-30,336.5247874681289,2025-10-08,345.49616934880487,5,0.026658903637300613,FIXED_HORIZON
SUNDARMFIN-2025-09-29,SUNDARMFIN,2025-09-29,2025-09-30,4243.160735985569,2025-10-08,4391.726700224766,5,0.035013041806131184,FIXED_HORIZON
KPITTECH-2025-09-30,KPITTECH,2025-09-30,2025-10-01,1098.2036090980705,2025-10-09,1148.4637808987795,5,0.045765804614307015,FIXED_HORIZON
KPRMILL-2025-09-30,KPRMILL,2025-09-30,2025-10-01,1059.606636384714,2025-10-09,1013.9346886775656,5,-0.04310273844922019,FIXED_HORIZON
POWERINDIA-2025-09-30,POWERINDIA,2025-09-30,2025-10-01,18045.69192366549,2025-10-09,17911.723418289293,5,-0.007423849744464972,FIXED_HORIZON
DELHIVERY-2025-10-01,DELHIVERY,2025-10-01,2025-10-03,435.1000061035156,2025-10-10,468.8999938964844,5,0.07768326205200582,FIXED_HORIZON
LODHA-2025-10-03,LODHA,2025-10-03,2025-10-06,1118.072035388678,2025-10-13,1150.9565339604608,5,0.02941178880334938,FIXED_HORIZON
MAXHEALTH-2025-10-03,MAXHEALTH,2025-10-03,2025-10-06,1099.046803904108,2025-10-13,1151.9528201945907,5,0.04813809211995923,FIXED_HORIZON
DMART-2025-10-06,DMART,2025-10-06,2025-10-07,4315.0,2025-10-14,4235.0,5,-0.018539976825028948,FIXED_HORIZON
ENRIN-2025-10-06,ENRIN,2025-10-06,2025-10-07,3245.759439557326,2025-10-14,3178.168807187495,5,-0.02082428893099031,FIXED_HORIZON
RAINBOW-2025-10-06,RAINBOW,2025-10-06,2025-10-07,1328.9756752068602,2025-10-14,1336.8571806770908,5,0.005930511458762222,FIXED_HORIZON
HAPPSTMNDS-2025-10-07,HAPPSTMNDS,2025-10-07,2025-10-08,492.75270208223856,2025-10-15,482.3105310961316,5,-0.021191504261632965,FIXED_HORIZON
INDGN-2025-10-07,INDGN,2025-10-07,2025-10-08,552.5738499361313,2025-10-15,534.6525115090305,5,-0.03243247654439707,FIXED_HORIZON
SHYAMMETL-2025-10-07,SHYAMMETL,2025-10-07,2025-10-08,928.9084859933017,2025-10-15,924.328694365841,5,-0.004930293668878982,FIXED_HORIZON
ABB-2025-10-08,ABB,2025-10-08,2025-10-09,5039.814436996017,2025-10-16,5108.71759656202,5,0.013671765186472395,FIXED_HORIZON
ABLBL-2025-10-08,ABLBL,2025-10-08,2025-10-09,139.26051268975903,2025-10-16,136.63446044045406,5,-0.01885712036085352,FIXED_HORIZON
AJANTPHARM-2025-10-08,AJANTPHARM,2025-10-08,2025-10-09,2369.4716924626673,2025-10-16,2376.2330174880153,5,0.002853515847796695,FIXED_HORIZON
IRFC-2025-10-08,IRFC,2025-10-08,2025-10-09,122.56008548827145,2025-10-16,123.13898197255817,5,0.004723368802986849,FIXED_HORIZON
JSWENERGY-2025-10-08,JSWENERGY,2025-10-08,2025-10-09,532.1899841846077,2025-10-16,543.9001630126047,5,0.02200375650800468,FIXED_HORIZON
KAYNES-2025-10-08,KAYNES,2025-10-08,2025-10-09,7223.0,2025-10-16,7100.0,5,-0.01702893534542438,FIXED_HORIZON
PIIND-2025-10-08,PIIND,2025-10-08,2025-10-09,3491.7092705900377,2025-10-16,3531.5005870226223,5,0.011395942029807316,FIXED_HORIZON
UNOMINDA-2025-10-08,UNOMINDA,2025-10-08,2025-10-09,1312.0052369132875,2025-10-16,1208.9403609756516,5,-0.07855523212705562,FIXED_HORIZON
ELECON-2025-10-10,ELECON,2025-10-10,2025-10-13,547.9320558963667,2025-10-20,539.4633377050963,5,-0.015455781606747543,FIXED_HORIZON
GRAPHITE-2025-10-10,GRAPHITE,2025-10-10,2025-10-13,556.3426066996202,2025-10-20,548.3304845133472,5,-0.014401417561389351,FIXED_HORIZON
HEG-2025-10-10,HEG,2025-10-10,2025-10-13,512.5032921633078,2025-10-20,511.70777931133944,5,-0.0015522102279782457,FIXED_HORIZON
MANAPPURAM-2025-10-10,MANAPPURAM,2025-10-10,2025-10-13,282.9339724134242,2025-10-20,282.7851263803008,5,-0.0005260804556403986,FIXED_HORIZON
TATAELXSI-2025-10-10,TATAELXSI,2025-10-10,2025-10-13,5274.904100221369,2025-10-20,5274.9044145691005,5,5.95930704783143e-08,FIXED_HORIZON
BLS-2025-10-13,BLS,2025-10-13,2025-10-14,297.8605753296676,2025-10-21,322.23547857681945,5,0.08183326450697304,FIXED_HORIZON
CHAMBLFERT-2025-10-14,CHAMBLFERT,2025-10-14,2025-10-15,470.523457168243,2025-10-23,478.332977042995,5,0.016597514440092276,FIXED_HORIZON
DEEPAKFERT-2025-10-14,DEEPAKFERT,2025-10-14,2025-10-15,1407.3010611196626,2025-10-23,1439.1835612719515,5,0.022655067229838455,FIXED_HORIZON
GAIL-2025-10-14,GAIL,2025-10-14,2025-10-15,170.75746915904313,2025-10-23,173.48253496498242,5,0.015958691700924454,FIXED_HORIZON
INDUSTOWER-2025-10-14,INDUSTOWER,2025-10-14,2025-10-15,327.5720072053654,2025-10-23,345.9792749278637,5,0.05619304249937995,FIXED_HORIZON
MAHABANK-2025-10-14,MAHABANK,2025-10-14,2025-10-15,54.235825354398,2025-10-23,58.45631983714542,5,0.07781746576490844,FIXED_HORIZON
NATCOPHARM-2025-10-14,NATCOPHARM,2025-10-14,2025-10-15,811.5701917616769,2025-10-23,843.603253930318,5,0.03947047648350277,FIXED_HORIZON
THELEELA-2025-10-14,THELEELA,2025-10-14,2025-10-15,446.75,2025-10-23,440.70001220703125,5,-0.013542222256225478,FIXED_HORIZON
THERMAX-2025-10-14,THERMAX,2025-10-14,2025-10-15,3097.349853515625,2025-10-23,3228.713295467714,5,0.04241156090358533,FIXED_HORIZON
TMPV-2025-10-14,TMPV,2025-10-14,2025-10-15,399.68449564169015,2025-10-23,404.1474666350049,5,0.011166234972786349,FIXED_HORIZON
JKCEMENT-2025-10-15,JKCEMENT,2025-10-15,2025-10-16,6505.2874297187855,2025-10-24,6368.297144676389,5,-0.02105829857979369,FIXED_HORIZON
CHENNPETRO-2025-10-16,CHENNPETRO,2025-10-16,2025-10-17,697.1832199567065,2025-10-27,747.0465196777934,5,0.07152108411929836,FIXED_HORIZON
HDFCLIFE-2025-10-16,HDFCLIFE,2025-10-16,2025-10-17,738.1192368130477,2025-10-27,732.3398334575421,5,-0.007829904800285559,FIXED_HORIZON
KEI-2025-10-16,KEI,2025-10-16,2025-10-17,4167.6652745227575,2025-10-27,4145.092081979562,5,-0.005416268115673084,FIXED_HORIZON
MFSL-2025-10-16,MFSL,2025-10-16,2025-10-17,1562.5,2025-10-27,1512.0,5,-0.032320000000000015,FIXED_HORIZON
CREDITACC-2025-10-17,CREDITACC,2025-10-17,2025-10-20,1288.9000244140625,2025-10-28,1472.199951171875,5,0.14221423173697367,FIXED_HORIZON
JINDALSAW-2025-10-17,JINDALSAW,2025-10-17,2025-10-20,188.20602005029696,2025-10-28,177.861328697676,5,-0.0549647208407914,FIXED_HORIZON
JSWINFRA-2025-10-17,JSWINFRA,2025-10-17,2025-10-20,296.1069129244881,2025-10-28,296.1069339204186,5,7.090658682429307e-08,FIXED_HORIZON
NIVABUPA-2025-10-17,NIVABUPA,2025-10-17,2025-10-20,76.9000015258789,2025-10-28,74.86000061035156,5,-0.02652796976656535,FIXED_HORIZON
PCBL-2025-10-17,PCBL,2025-10-17,2025-10-20,349.15234252176515,2025-10-28,359.67813223465873,5,0.030146696530433337,FIXED_HORIZON
SWIGGY-2025-10-17,SWIGGY,2025-10-17,2025-10-20,435.0,2025-10-28,427.70001220703125,5,-0.016781581133261447,FIXED_HORIZON
WELSPUNLIV-2025-10-17,WELSPUNLIV,2025-10-17,2025-10-20,121.52697734180856,2025-10-28,128.92253754541676,5,0.060855296209724186,FIXED_HORIZON
WIPRO-2025-10-17,WIPRO,2025-10-17,2025-10-20,232.18534996856562,2025-10-28,234.8455107449142,5,0.01145705694484489,FIXED_HORIZON
ZEEL-2025-10-17,ZEEL,2025-10-17,2025-10-20,105.52999877929688,2025-10-28,103.31999969482422,5,-0.020941903819165164,FIXED_HORIZON
CGPOWER-2025-10-20,CGPOWER,2025-10-20,2025-10-21,743.359283736336,2025-10-29,724.5508447026638,5,-0.02530194946800912,FIXED_HORIZON
DALBHARAT-2025-10-20,DALBHARAT,2025-10-20,2025-10-21,2185.3788915461387,2025-10-29,2125.769931037264,5,-0.027276258931329567,FIXED_HORIZON
ICICIBANK-2025-10-20,ICICIBANK,2025-10-20,2025-10-21,1372.9255110082336,2025-10-29,1353.191921020162,5,-0.014373387215727229,FIXED_HORIZON
JSWENERGY-2025-10-20,JSWENERGY,2025-10-20,2025-10-21,529.6984362702098,2025-10-29,534.6815281092327,5,0.009407412780204849,FIXED_HORIZON
TEJASNET-2025-10-20,TEJASNET,2025-10-20,2025-10-21,539.5,2025-10-29,545.0,5,0.010194624652456019,FIXED_HORIZON
UTIAMC-2025-10-20,UTIAMC,2025-10-20,2025-10-21,1287.859877079279,2025-10-29,1220.5836849897692,5,-0.05223875150306301,FIXED_HORIZON
ETERNAL-2025-10-23,ETERNAL,2025-10-23,2025-10-24,328.0,2025-10-31,329.95001220703125,5,0.005945159167778158,FIXED_HORIZON
GODFRYPHLP-2025-10-23,GODFRYPHLP,2025-10-23,2025-10-24,3124.122296998147,2025-10-31,3105.7955106269037,5,-0.00586621925423747,FIXED_HORIZON
IOC-2025-10-23,IOC,2025-10-23,2025-10-24,142.4581628892275,2025-10-31,155.28889813777067,5,0.09006669037645865,FIXED_HORIZON
MUTHOOTFIN-2025-10-23,MUTHOOTFIN,2025-10-23,2025-10-24,3170.0952652163537,2025-10-31,3168.211231144808,5,-0.000594314654268624,FIXED_HORIZON
CIPLA-2025-10-24,CIPLA,2025-10-24,2025-10-27,1570.26853773329,2025-11-03,1488.9316153540897,5,-0.0517980972201173,FIXED_HORIZON
HINDUNILVR-2025-10-24,HINDUNILVR,2025-10-24,2025-10-27,2471.6322783442465,2025-11-03,2412.405317967791,5,-0.023962690929142605,FIXED_HORIZON
SUPREMEIND-2025-10-24,SUPREMEIND,2025-10-24,2025-10-27,3930.7500760021885,2025-11-03,3773.317750250509,5,-0.04005147178214841,FIXED_HORIZON
BRITANNIA-2025-10-27,BRITANNIA,2025-10-27,2025-10-28,5841.710032834228,2025-11-04,5725.151151738836,5,-0.01995287003980928,FIXED_HORIZON
EXIDEIND-2025-10-27,EXIDEIND,2025-10-27,2025-10-28,378.88433837890625,2025-11-04,381.4719360573049,5,0.006829518711356508,FIXED_HORIZON
SBICARD-2025-10-27,SBICARD,2025-10-27,2025-10-28,897.9043475853872,2025-11-04,879.9671891941921,5,-0.01997669177060013,FIXED_HORIZON
ZENTEC-2025-10-27,ZENTEC,2025-10-27,2025-10-28,1344.1956064630579,2025-11-04,1419.2562525680748,5,0.055840567953143294,FIXED_HORIZON
ACE-2025-10-28,ACE,2025-10-28,2025-10-29,1085.0,2025-11-06,1098.4000244140625,5,0.012350252916186744,FIXED_HORIZON
BATAINDIA-2025-10-28,BATAINDIA,2025-10-28,2025-10-29,1050.766191147828,2025-11-06,1017.1722546498652,5,-0.03197089588623492,FIXED_HORIZON
COALINDIA-2025-10-28,COALINDIA,2025-10-28,2025-10-29,372.8989420386509,2025-11-06,368.831755674748,5,-0.010906939938384985,FIXED_HORIZON
TARIL-2025-10-28,TARIL,2025-10-28,2025-10-29,458.95001220703125,2025-11-06,417.5,5,-0.09031487330766919,FIXED_HORIZON
TORNTPOWER-2025-10-28,TORNTPOWER,2025-10-28,2025-10-29,1266.3466079932546,2025-11-06,1284.1992679999548,5,0.014097767462725619,FIXED_HORIZON
TVSMOTOR-2025-10-28,TVSMOTOR,2025-10-28,2025-10-29,3587.4608467198186,2025-11-06,3462.8961609758485,5,-0.034722242573843154,FIXED_HORIZON
360ONE-2025-10-29,360ONE,2025-10-29,2025-10-30,1128.3500516452139,2025-11-07,1053.882284826454,5,-0.06599704294795805,FIXED_HORIZON
ABSLAMC-2025-10-29,ABSLAMC,2025-10-29,2025-10-30,765.7608432777689,2025-11-07,748.2496333852063,5,-0.022867726975445146,FIXED_HORIZON
BOSCHLTD-2025-10-29,BOSCHLTD,2025-10-29,2025-10-30,37254.84239577735,2025-11-07,36743.20748544044,5,-0.01373338007718694,FIXED_HORIZON
CAMS-2025-10-29,CAMS,2025-10-29,2025-10-30,761.7575588783506,2025-11-07,734.128383384534,5,-0.036270300401743394,FIXED_HORIZON
COHANCE-2025-10-29,COHANCE,2025-10-29,2025-10-30,793.0,2025-11-07,723.8499755859375,5,-0.08720053520058324,FIXED_HORIZON
HDFCAMC-2025-10-29,HDFCAMC,2025-10-29,2025-10-30,2642.9431372614163,2025-11-07,2632.9127234903503,5,-0.0037951682083706695,FIXED_HORIZON
MOTILALOFS-2025-10-29,MOTILALOFS,2025-10-29,2025-10-30,1001.6649748852816,2025-11-07,977.9563338199077,5,-0.02366923238789409,FIXED_HORIZON
NAM-INDIA-2025-10-29,NAM-INDIA,2025-10-29,2025-10-30,846.9223256565182,2025-11-07,851.1076727238137,5,0.004941831075300884,FIXED_HORIZON
NSLNISP-2025-10-29,NSLNISP,2025-10-29,2025-10-30,44.619998931884766,2025-11-07,43.20000076293945,5,-0.03182425376372211,FIXED_HORIZON
AMBER-2025-10-30,AMBER,2025-10-30,2025-10-31,8142.5,2025-11-10,7219.0,5,-0.11341725514276946,FIXED_HORIZON
CLEAN-2025-10-30,CLEAN,2025-10-30,2025-10-31,1013.2907529945307,2025-11-10,934.6853978109,5,-0.07757433387340407,FIXED_HORIZON
COROMANDEL-2025-10-30,COROMANDEL,2025-10-30,2025-10-31,2170.124797525085,2025-11-10,2149.426345636205,5,-0.009537908562901709,FIXED_HORIZON
DRREDDY-2025-10-30,DRREDDY,2025-10-30,2025-10-31,1194.9222466829463,2025-11-10,1191.8417797631532,5,-0.0025779643222345605,FIXED_HORIZON
IDBI-2025-10-30,IDBI,2025-10-30,2025-10-31,98.11000061035156,2025-11-10,100.8499984741211,5,0.02792781415476253,FIXED_HORIZON
IEX-2025-10-30,IEX,2025-10-30,2025-10-31,142.00932900352632,2025-11-10,135.84220776247432,5,-0.043427578204378814,FIXED_HORIZON
LICHSGFIN-2025-10-30,LICHSGFIN,2025-10-30,2025-10-31,561.6725477505488,2025-11-10,560.7902305115958,5,-0.001570874778350051,FIXED_HORIZON
UBL-2025-10-30,UBL,2025-10-30,2025-10-31,1786.288866004573,2025-11-10,1761.5647589533348,5,-0.013841046384921563,FIXED_HORIZON
ABBOTINDIA-2025-10-31,ABBOTINDIA,2025-10-31,2025-11-03,28336.911607219736,2025-11-11,28776.62244870981,5,0.015517246465844403,FIXED_HORIZON
APARINDS-2025-10-31,APARINDS,2025-10-31,2025-11-03,8676.0,2025-11-11,8354.5,5,-0.03705624711848776,FIXED_HORIZON
BANDHANBNK-2025-10-31,BANDHANBNK,2025-10-31,2025-11-03,155.25426002895168,2025-11-11,151.48691524271317,5,-0.024265645178019435,FIXED_HORIZON
DABUR-2025-10-31,DABUR,2025-10-31,2025-11-03,479.3186279804075,2025-11-11,509.0953848123817,5,0.06212309535608407,FIXED_HORIZON
DEVYANI-2025-10-31,DEVYANI,2025-10-31,2025-11-03,162.4499969482422,2025-11-11,147.49000549316406,5,-0.09208982293698964,FIXED_HORIZON
DLF-2025-10-31,DLF,2025-10-31,2025-11-03,745.6385453654472,2025-11-11,753.0455725444606,5,0.009933804019457204,FIXED_HORIZON
MANKIND-2025-10-31,MANKIND,2025-10-31,2025-11-03,2383.300048828125,2025-11-11,2237.699951171875,5,-0.061091803244766374,FIXED_HORIZON
MEDANTA-2025-10-31,MEDANTA,2025-10-31,2025-11-03,1312.5344811288546,2025-11-11,1189.2782244224816,5,-0.0939070618551412,FIXED_HORIZON
MPHASIS-2025-10-31,MPHASIS,2025-10-31,2025-11-03,2692.2225376821402,2025-11-11,2712.2846464333934,5,0.007451876087674947,FIXED_HORIZON
NH-2025-10-31,NH,2025-10-31,2025-11-03,1764.090085565476,2025-11-11,1811.9838518498982,5,0.02714927467497774,FIXED_HORIZON
NTPC-2025-10-31,NTPC,2025-10-31,2025-11-03,331.51129443302676,2025-11-11,323.50759497478134,5,-0.02414306719755621,FIXED_HORIZON
PIDILITIND-2025-10-31,PIDILITIND,2025-10-31,2025-11-03,1439.6337815401937,2025-11-11,1446.1865990125787,5,0.004551725276531471,FIXED_HORIZON
APTUS-2025-11-03,APTUS,2025-11-03,2025-11-04,298.4021049613941,2025-11-12,286.47068725910515,5,-0.03998436171833508,FIXED_HORIZON
GILLETTE-2025-11-03,GILLETTE,2025-11-03,2025-11-04,8629.790245590502,2025-11-12,8085.5699512309775,5,-0.06306298054435344,FIXED_HORIZON
JKCEMENT-2025-11-03,JKCEMENT,2025-11-03,2025-11-04,5914.984627531572,2025-11-12,5561.300808768805,5,-0.059794545723167114,FIXED_HORIZON
MARUTI-2025-11-03,MARUTI,2025-11-03,2025-11-04,15451.817031735296,2025-11-12,15518.15039087387,5,0.004292916425449267,FIXED_HORIZON
PATANJALI-2025-11-03,PATANJALI,2025-11-03,2025-11-04,574.379859549348,2025-11-12,578.2778063489221,5,0.006786357033187862,FIXED_HORIZON
POLYMED-2025-11-03,POLYMED,2025-11-03,2025-11-04,1906.0966449518194,2025-11-12,2030.8411384477295,5,0.065444999248222,FIXED_HORIZON
PREMIERENE-2025-11-03,PREMIERENE,2025-11-03,2025-11-04,1054.3230928469482,2025-11-12,1023.245957109431,5,-0.02947591297995833,FIXED_HORIZON
ZENSARTECH-2025-11-03,ZENSARTECH,2025-11-03,2025-11-04,736.4265681648018,2025-11-12,710.4018271996229,5,-0.03533922062322303,FIXED_HORIZON
ACC-2025-11-04,ACC,2025-11-04,2025-11-06,1825.040062873025,2025-11-13,1844.3284058562515,5,0.010568723051954443,FIXED_HORIZON
ADANIENT-2025-11-04,ADANIENT,2025-11-04,2025-11-06,2424.0164053051135,2025-11-13,2424.5675068494074,5,0.0002273505835552747,FIXED_HORIZON
AFFLE-2025-11-04,AFFLE,2025-11-04,2025-11-06,1832.0,2025-11-13,1785.800048828125,5,-0.02521831395844709,FIXED_HORIZON
BAJAJ-AUTO-2025-11-04,BAJAJ-AUTO,2025-11-04,2025-11-06,8633.497770160828,2025-11-13,8764.652023717226,5,0.015191323035918858,FIXED_HORIZON
BDL-2025-11-04,BDL,2025-11-04,2025-11-06,1477.73865417075,2025-11-13,1524.5719404595407,5,0.031692536536558125,FIXED_HORIZON
BLUEJET-2025-11-04,BLUEJET,2025-11-04,2025-11-06,585.0499877929688,2025-11-13,584.0,5,-0.0017946975726462755,FIXED_HORIZON
CDSL-2025-11-04,CDSL,2025-11-04,2025-11-06,1516.0706972014225,2025-11-13,1644.4992106675475,5,0.08471142783987351,FIXED_HORIZON
GLAND-2025-11-04,GLAND,2025-11-04,2025-11-06,1897.4649880431116,2025-11-13,1831.1658299079747,5,-0.03494091250848974,FIXED_HORIZON
HEROMOTOCO-2025-11-04,HEROMOTOCO,2025-11-04,2025-11-06,5174.059910074106,2025-11-13,5368.842018123979,5,0.03764589344445435,FIXED_HORIZON
HOMEFIRST-2025-11-04,HOMEFIRST,2025-11-04,2025-11-06,1214.325088715889,2025-11-13,1147.1389718964476,5,-0.055327949198915594,FIXED_HORIZON
NCC-2025-11-04,NCC,2025-11-04,2025-11-06,202.70102628962042,2025-11-13,183.96032395525827,5,-0.09245489614633384,FIXED_HORIZON
POWERGRID-2025-11-04,POWERGRID,2025-11-04,2025-11-06,270.3655698485438,2025-11-13,264.1347773574899,5,-0.02304580607118123,FIXED_HORIZON
RPOWER-2025-11-04,RPOWER,2025-11-04,2025-11-06,40.150001525878906,2025-11-13,41.880001068115234,5,0.04308840539199599,FIXED_HORIZON
SOLARINDS-2025-11-04,SOLARINDS,2025-11-04,2025-11-06,13691.910242692134,2025-11-13,14136.64705828912,5,0.0324817215212434,FIXED_HORIZON
ABFRL-2025-11-06,ABFRL,2025-11-06,2025-11-07,77.9800033569336,2025-11-14,79.9800033569336,5,0.025647600845123186,FIXED_HORIZON
AEGISVOPAK-2025-11-06,AEGISVOPAK,2025-11-06,2025-11-07,259.461514072841,2025-11-14,270.8032968898887,5,0.043712775120335,FIXED_HORIZON
ASAHIINDIA-2025-11-06,ASAHIINDIA,2025-11-06,2025-11-07,914.9500122070312,2025-11-14,965.0,5,0.05470242868486208,FIXED_HORIZON
AWL-2025-11-06,AWL,2025-11-06,2025-11-07,269.691189928494,2025-11-14,270.28807712221635,5,0.002213224665887692,FIXED_HORIZON
BEML-2025-11-06,BEML,2025-11-06,2025-11-07,1981.2193574086666,2025-11-14,1974.637716090433,5,-0.003322015451556082,FIXED_HORIZON
BLUESTARCO-2025-11-06,BLUESTARCO,2025-11-06,2025-11-07,1781.264253434886,2025-11-14,1776.2886155905544,5,-0.002793318192254146,FIXED_HORIZON
CHOLAFIN-2025-11-06,CHOLAFIN,2025-11-06,2025-11-07,1663.601988387022,2025-11-14,1708.650432758047,5,0.027078859417992485,FIXED_HORIZON
CONCOR-2025-11-06,CONCOR,2025-11-06,2025-11-07,511.9253514307854,2025-11-14,517.295365468675,5,0.010489838065024237,FIXED_HORIZON
DEEPAKFERT-2025-11-06,DEEPAKFERT,2025-11-06,2025-11-07,1423.2919575400024,2025-11-14,1410.1815085451206,5,-0.009211356057643783,FIXED_HORIZON
DELHIVERY-2025-11-06,DELHIVERY,2025-11-06,2025-11-07,434.8999938964844,2025-11-14,434.04998779296875,5,-0.001954486354207585,FIXED_HORIZON
DMART-2025-11-06,DMART,2025-11-06,2025-11-07,4082.199951171875,2025-11-14,4060.0,5,-0.005438232187892189,FIXED_HORIZON
GODREJPROP-2025-11-06,GODREJPROP,2025-11-06,2025-11-07,2183.04787147552,2025-11-14,2195.1892003797043,5,0.0055616411636352225,FIXED_HORIZON
GRASIM-2025-11-06,GRASIM,2025-11-06,2025-11-07,2691.6149714488274,2025-11-14,2768.5751625848934,5,0.02859257061370868,FIXED_HORIZON
GVT&D-2025-11-06,GVT&D,2025-11-06,2025-11-07,3002.5681533437028,2025-11-14,3115.2890774399443,5,0.03754150391914135,FIXED_HORIZON
HAVELLS-2025-11-06,HAVELLS,2025-11-06,2025-11-07,1432.4566274108993,2025-11-14,1451.5030549178139,5,0.013296338012928288,FIXED_HORIZON
HINDALCO-2025-11-06,HINDALCO,2025-11-06,2025-11-07,784.4079318210144,2025-11-14,802.8119605358912,5,0.023462318480323985,FIXED_HORIZON
INDHOTEL-2025-11-06,INDHOTEL,2025-11-06,2025-11-07,693.9096639940867,2025-11-14,708.8431553110197,5,0.021520800317114785,FIXED_HORIZON
KAYNES-2025-11-06,KAYNES,2025-11-06,2025-11-07,6304.5,2025-11-14,6365.5,5,0.009675628519311585,FIXED_HORIZON
KEC-2025-11-06,KEC,2025-11-06,2025-11-07,777.9388527946281,2025-11-14,774.9734015331464,5,-0.003811933612556717,FIXED_HORIZON
LUPIN-2025-11-06,LUPIN,2025-11-06,2025-11-07,1969.7180863030526,2025-11-14,2039.1148153429601,5,0.03523180780157098,FIXED_HORIZON
MAHSEAMLES-2025-11-06,MAHSEAMLES,2025-11-06,2025-11-07,547.0999755859375,2025-11-14,560.0499877929688,5,0.023670284746698966,FIXED_HORIZON
NETWEB-2025-11-06,NETWEB,2025-11-06,2025-11-07,3298.7437794577836,2025-11-14,3437.9571878993283,5,0.04220194648292064,FIXED_HORIZON
SHYAMMETL-2025-11-06,SHYAMMETL,2025-11-06,2025-11-07,840.0498699363534,2025-11-14,841.294431372784,5,0.0014815328005763906,FIXED_HORIZON
SUMICHEM-2025-11-06,SUMICHEM,2025-11-06,2025-11-07,478.8955034788423,2025-11-14,463.1833923917945,5,-0.03280905953994184,FIXED_HORIZON
SYNGENE-2025-11-06,SYNGENE,2025-11-06,2025-11-07,609.7743487742807,2025-11-14,660.2315670737227,5,0.08274736121791104,FIXED_HORIZON
TARIL-2025-11-06,TARIL,2025-11-06,2025-11-07,402.0,2025-11-14,289.0,5,-0.2810945273631841,FIXED_HORIZON
VOLTAS-2025-11-06,VOLTAS,2025-11-06,2025-11-07,1288.352726566963,2025-11-14,1299.916403027387,5,0.008975551665294068,FIXED_HORIZON
ZYDUSLIFE-2025-11-06,ZYDUSLIFE,2025-11-06,2025-11-07,937.6074287532332,2025-11-14,947.9980637136827,5,0.011082074055520419,FIXED_HORIZON
ABB-2025-11-07,ABB,2025-11-07,2025-11-10,4886.2573637351015,2025-11-17,4877.398641083692,5,-0.0018129873217807013,FIXED_HORIZON
ACE-2025-11-07,ACE,2025-11-07,2025-11-10,1015.0,2025-11-17,983.5,5,-0.03103448275862064,FIXED_HORIZON
APOLLOHOSP-2025-11-07,APOLLOHOSP,2025-11-07,2025-11-10,7612.519754071485,2025-11-17,7456.409018285684,5,-0.020507104195336412,FIXED_HORIZON
BALRAMCHIN-2025-11-07,BALRAMCHIN,2025-11-07,2025-11-10,438.6270969349252,2025-11-17,466.0,5,0.06240586424403194,FIXED_HORIZON
BHARTIARTL-2025-11-07,BHARTIARTL,2025-11-07,2025-11-10,1970.2044759274668,2025-11-17,2085.75028789569,5,0.05864660921239162,FIXED_HORIZON
DIVISLAB-2025-11-07,DIVISLAB,2025-11-07,2025-11-10,6672.484623683031,2025-11-17,6501.190966096495,5,-0.025671645158769407,FIXED_HORIZON
ECLERX-2025-11-07,ECLERX,2025-11-07,2025-11-10,2138.5645015472387,2025-11-17,2199.080971060165,5,0.02829770599350323,FIXED_HORIZON
HEXT-2025-11-07,HEXT,2025-11-07,2025-11-10,661.5975400529162,2025-11-17,675.9268457469545,5,0.02165864415531571,FIXED_HORIZON
LATENTVIEW-2025-11-07,LATENTVIEW,2025-11-07,2025-11-10,436.54998779296875,2025-11-17,490.0,5,0.1224373237925267,FIXED_HORIZON
NAVA-2025-11-07,NAVA,2025-11-07,2025-11-10,561.6025765652206,2025-11-17,544.166080067628,5,-0.031047750179913347,FIXED_HORIZON
SAILIFE-2025-11-07,SAILIFE,2025-11-07,2025-11-10,871.0,2025-11-17,877.0,5,0.006888633754305484,FIXED_HORIZON
SUZLON-2025-11-07,SUZLON,2025-11-07,2025-11-10,57.900001525878906,2025-11-17,57.79999923706055,5,-0.0017271552017776859,FIXED_HORIZON
ARE&M-2025-11-10,ARE&M,2025-11-10,2025-11-11,954.2739036394053,2025-11-18,959.8477651172459,5,0.005840945096143857,FIXED_HORIZON
GRAPHITE-2025-11-10,GRAPHITE,2025-11-10,2025-11-11,532.6526196004693,2025-11-18,566.3823367734775,5,0.06332404259704605,FIXED_HORIZON
HEG-2025-11-10,HEG,2025-11-10,2025-11-11,536.9650216211135,2025-11-18,507.1336653951157,5,-0.05555549248987579,FIXED_HORIZON
JMFINANCIL-2025-11-10,JMFINANCIL,2025-11-10,2025-11-11,143.99132818112992,2025-11-18,147.44540390296163,5,0.023988081542568596,FIXED_HORIZON
KIMS-2025-11-10,KIMS,2025-11-10,2025-11-11,704.9000244140625,2025-11-18,679.5999755859375,5,-0.03589168385850927,FIXED_HORIZON
LICI-2025-11-10,LICI,2025-11-10,2025-11-11,441.6472807637595,2025-11-18,447.1922698587114,5,0.012555243372862401,FIXED_HORIZON
TRENT-2025-11-10,TRENT,2025-11-10,2025-11-11,4288.6625270201985,2025-11-18,4398.100843798804,5,0.025518052793639612,FIXED_HORIZON
AFCONS-2025-11-11,AFCONS,2025-11-11,2025-11-12,418.0960520555908,2025-11-19,393.5167544401721,5,-0.05878863838721582,FIXED_HORIZON
BAJAJFINSV-2025-11-11,BAJAJFINSV,2025-11-11,2025-11-12,2007.7866940480783,2025-11-19,2057.644011382183,5,0.024831979154908757,FIXED_HORIZON
BAJFINANCE-2025-11-11,BAJFINANCE,2025-11-11,2025-11-12,1004.8231337094597,2025-11-19,1002.8353671911749,5,-0.0019782252732843952,FIXED_HORIZON
BRITANNIA-2025-11-11,BRITANNIA,2025-11-11,2025-11-12,5853.021367660834,2025-11-19,5754.167949466444,5,-0.01688929733634248,FIXED_HORIZON
EMCURE-2025-11-11,EMCURE,2025-11-11,2025-11-12,1372.800048828125,2025-11-19,1355.5,5,-0.012602016472022304,FIXED_HORIZON
GLAXO-2025-11-11,GLAXO,2025-11-11,2025-11-12,2424.2885057165645,2025-11-19,2428.189123985833,5,0.0016089744517084892,FIXED_HORIZON
GRANULES-2025-11-11,GRANULES,2025-11-11,2025-11-12,535.2849763875081,2025-11-19,559.8337942050374,5,0.045861212065398504,FIXED_HORIZON
HBLENGINE-2025-11-11,HBLENGINE,2025-11-11,2025-11-12,1011.389794015262,2025-11-19,999.4207264005558,5,-0.01183427763017908,FIXED_HORIZON
NEULANDLAB-2025-11-11,NEULANDLAB,2025-11-11,2025-11-12,17168.27161382773,2025-11-19,17218.17902319044,5,0.00290695595254431,FIXED_HORIZON
NH-2025-11-11,NH,2025-11-11,2025-11-12,1764.0900356010666,2025-11-19,1945.687549771915,5,0.10294118242608508,FIXED_HORIZON
OLECTRA-2025-11-11,OLECTRA,2025-11-11,2025-11-12,1420.0,2025-11-19,1381.0,5,-0.02746478873239433,FIXED_HORIZON
RAMCOCEM-2025-11-11,RAMCOCEM,2025-11-11,2025-11-12,997.5775022552077,2025-11-19,986.5077576790067,5,-0.01109662612797091,FIXED_HORIZON
SJVN-2025-11-11,SJVN,2025-11-11,2025-11-12,81.2868922506349,2025-11-19,80.49351752311902,5,-0.009760180338419633,FIXED_HORIZON
PIIND-2025-11-12,PIIND,2025-11-12,2025-11-13,3570.1977413897584,2025-11-20,3441.969626128772,5,-0.03591625017696409,FIXED_HORIZON
THERMAX-2025-11-12,THERMAX,2025-11-12,2025-11-13,3044.6653329381647,2025-11-20,2932.423467567578,5,-0.03686509126514437,FIXED_HORIZON
COCHINSHIP-2025-11-13,COCHINSHIP,2025-11-13,2025-11-14,1699.3906395798526,2025-11-21,1721.0069243417242,5,0.012720021081918942,FIXED_HORIZON
COHANCE-2025-11-13,COHANCE,2025-11-13,2025-11-14,626.0,2025-11-21,584.0499877929688,5,-0.06701279905276558,FIXED_HORIZON
ENDURANCE-2025-11-13,ENDURANCE,2025-11-13,2025-11-14,2688.9277834708378,2025-11-21,2734.14148215492,5,0.016814768682898995,FIXED_HORIZON
ERIS-2025-11-13,ERIS,2025-11-13,2025-11-14,1509.996989190201,2025-11-21,1658.5995375322982,5,0.09841247989626223,FIXED_HORIZON
ETERNAL-2025-11-13,ETERNAL,2025-11-13,2025-11-14,295.0,2025-11-21,304.95001220703125,5,0.03372885493908906,FIXED_HORIZON
IPCALAB-2025-11-13,IPCALAB,2025-11-13,2025-11-14,1305.1686330201906,2025-11-21,1422.0628451614168,5,0.08956253558647842,FIXED_HORIZON
IRCON-2025-11-13,IRCON,2025-11-13,2025-11-14,159.93651278519957,2025-11-21,163.2999373490215,5,0.0210297480246997,FIXED_HORIZON
LEMONTREE-2025-11-13,LEMONTREE,2025-11-13,2025-11-14,155.2899932861328,2025-11-21,152.5,5,-0.017966343014723773,FIXED_HORIZON
LLOYDSME-2025-11-13,LLOYDSME,2025-11-13,2025-11-14,1270.540684935753,2025-11-21,1259.047600286083,5,-0.009045821818961408,FIXED_HORIZON
PAGEIND-2025-11-13,PAGEIND,2025-11-13,2025-11-14,38863.77226950522,2025-11-21,38203.228052771796,5,-0.01699639994164248,FIXED_HORIZON
TECHNOE-2025-11-13,TECHNOE,2025-11-13,2025-11-14,1241.699951171875,2025-11-21,1207.0,5,-0.02794552028380637,FIXED_HORIZON
APOLLOTYRE-2025-11-14,APOLLOTYRE,2025-11-14,2025-11-17,518.4035675998791,2025-11-24,505.46812331477014,5,-0.024952460001380627,FIXED_HORIZON
EICHERMOT-2025-11-14,EICHERMOT,2025-11-14,2025-11-17,6660.254622261776,2025-11-24,7077.38670741496,5,0.06263005077297312,FIXED_HORIZON
LTTS-2025-11-14,LTTS,2025-11-14,2025-11-17,4055.3711867342936,2025-11-24,4246.81262911859,5,0.04720688528106365,FIXED_HORIZON
PREMIERENE-2025-11-14,PREMIERENE,2025-11-14,2025-11-17,1013.2533412215734,2025-11-24,990.3701956050237,5,-0.02258383435376765,FIXED_HORIZON
SONATSOFTW-2025-11-14,SONATSOFTW,2025-11-14,2025-11-17,364.7066524945106,2025-11-24,350.5487072167341,5,-0.038820090560288234,FIXED_HORIZON
RAINBOW-2025-11-17,RAINBOW,2025-11-17,2025-11-18,1312.913485436845,2025-11-25,1344.9382160762193,5,0.02439211036721045,FIXED_HORIZON
TMPV-2025-11-17,TMPV,2025-11-17,2025-11-18,370.03047917522923,2025-11-25,355.0547122273441,5,-0.040471711901314156,FIXED_HORIZON
FIRSTCRY-2025-11-18,FIRSTCRY,2025-11-18,2025-11-19,325.5,2025-11-26,311.3500061035156,5,-0.043471563430059534,FIXED_HORIZON
INOXWIND-2025-11-18,INOXWIND,2025-11-18,2025-11-19,140.5,2025-11-26,135.05999755859375,5,-0.038718878586521344,FIXED_HORIZON
KAYNES-2025-11-18,KAYNES,2025-11-18,2025-11-19,5889.0,2025-11-26,5830.0,5,-0.01001867889285113,FIXED_HORIZON
ONESOURCE-2025-11-18,ONESOURCE,2025-11-18,2025-11-19,1713.0999755859375,2025-11-26,1622.9000244140625,5,-0.05265305729808534,FIXED_HORIZON
SUNDARMFIN-2025-11-18,SUNDARMFIN,2025-11-18,2025-11-19,4609.716105522034,2025-11-26,4725.752446006147,5,0.025172122930761764,FIXED_HORIZON
ASTERDM-2025-11-19,ASTERDM,2025-11-19,2025-11-20,666.2815756556337,2025-11-27,662.3487904375661,5,-0.005902587377112467,FIXED_HORIZON
HBLENGINE-2025-11-19,HBLENGINE,2025-11-19,2025-11-20,942.2682141431811,2025-11-27,887.7090344551283,5,-0.057901963442186455,FIXED_HORIZON
ICICIPRULI-2025-11-19,ICICIPRULI,2025-11-19,2025-11-20,612.873086754207,2025-11-27,622.7388812477996,5,0.016097614182802644,FIXED_HORIZON
JSWENERGY-2025-11-19,JSWENERGY,2025-11-19,2025-11-20,514.2509944281317,2025-11-27,487.3425272331863,5,-0.052325552087397975,FIXED_HORIZON
KEC-2025-11-19,KEC,2025-11-19,2025-11-20,716.6527173709954,2025-11-27,697.8220108736325,5,-0.026275915852858933,FIXED_HORIZON
SAMMAANCAP-2025-11-19,SAMMAANCAP,2025-11-19,2025-11-20,164.5800018310547,2025-11-27,157.0500030517578,5,-0.045752817447569316,FIXED_HORIZON
WAAREEENER-2025-11-19,WAAREEENER,2025-11-19,2025-11-20,3200.0,2025-11-27,3297.300048828125,5,0.03040626525878909,FIXED_HORIZON
ABLBL-2025-11-20,ABLBL,2025-11-20,2025-11-21,131.3027731403805,2025-11-28,131.25303391707698,5,-0.0003788131972685127,FIXED_HORIZON
BIOCON-2025-11-20,BIOCON,2025-11-20,2025-11-21,394.97765493123916,2025-11-28,399.6220856460158,5,0.011758717630710569,FIXED_HORIZON
HYUNDAI-2025-11-20,HYUNDAI,2025-11-20,2025-11-21,2315.190612888287,2025-11-28,2298.0540711656276,5,-0.007401784383222254,FIXED_HORIZON
BHARTIHEXA-2025-11-21,BHARTIHEXA,2025-11-21,2025-11-24,1745.6930907140104,2025-12-01,1741.8355021692314,5,-0.002209774768141659,FIXED_HORIZON
GVT&D-2025-11-21,GVT&D,2025-11-21,2025-11-24,2932.7410619158513,2025-12-01,2901.717730785274,5,-0.010578271479007029,FIXED_HORIZON
JPPOWER-2025-11-21,JPPOWER,2025-11-21,2025-11-24,20.010000228881836,2025-12-01,19.0,5,-0.050474773479713964,FIXED_HORIZON
TIINDIA-2025-11-21,TIINDIA,2025-11-21,2025-11-24,2866.008996103132,2025-12-01,2792.7113853460887,5,-0.025574801355021992,FIXED_HORIZON
VMM-2025-11-21,VMM,2025-11-21,2025-11-24,130.92999267578125,2025-12-01,136.38999938964844,5,0.04170172626059543,FIXED_HORIZON
ANANTRAJ-2025-11-24,ANANTRAJ,2025-11-24,2025-11-25,573.9069492722327,2025-12-02,570.5624591620775,5,-0.005827582527788477,FIXED_HORIZON
BRIGADE-2025-11-24,BRIGADE,2025-11-24,2025-11-25,646.513710510192,2025-12-02,675.2891734670986,5,0.04450866623416028,FIXED_HORIZON
CESC-2025-11-24,CESC,2025-11-24,2025-11-25,161.42069999757675,2025-12-02,166.24212183438888,5,0.02986867134688742,FIXED_HORIZON
CGPOWER-2025-11-24,CGPOWER,2025-11-24,2025-11-25,681.495835113954,2025-12-02,666.5289015846288,5,-0.021961885543764992,FIXED_HORIZON
CHAMBLFERT-2025-11-24,CHAMBLFERT,2025-11-24,2025-11-25,434.5481588033822,2025-12-02,433.1667552171187,5,-0.003178942444647559,FIXED_HORIZON
DEEPAKNTR-2025-11-24,DEEPAKNTR,2025-11-24,2025-11-25,1617.9104475061074,2025-12-02,1538.771897651118,5,-0.04891404834981794,FIXED_HORIZON
ELECON-2025-11-24,ELECON,2025-11-24,2025-11-25,492.9956909567642,2025-12-02,486.71361485527405,5,-0.01274265924981699,FIXED_HORIZON
ENRIN-2025-11-24,ENRIN,2025-11-24,2025-11-25,3244.7612623902846,2025-12-02,3139.930541484989,5,-0.03230768381032478,FIXED_HORIZON
HAL-2025-11-24,HAL,2025-11-24,2025-11-25,4404.407591269379,2025-12-02,4478.6390545072845,5,0.016853904117559493,FIXED_HORIZON
HSCL-2025-11-24,HSCL,2025-11-24,2025-11-25,424.424246906983,2025-12-02,438.20554774426347,5,0.032470578525408245,FIXED_HORIZON
IRFC-2025-11-24,IRFC,2025-11-24,2025-11-25,115.79030106269562,2025-12-02,115.6814658132981,5,-0.000939934073913351,FIXED_HORIZON
JSWSTEEL-2025-11-24,JSWSTEEL,2025-11-24,2025-11-25,1100.976182562708,2025-12-02,1161.7272431389292,5,0.05517926866938483,FIXED_HORIZON
JWL-2025-11-24,JWL,2025-11-24,2025-11-25,287.0,2025-12-02,285.45001220703125,5,-0.005400654330901533,FIXED_HORIZON
LEMONTREE-2025-11-24,LEMONTREE,2025-11-24,2025-11-25,147.75,2025-12-02,162.5,5,0.09983079526226724,FIXED_HORIZON
NAVA-2025-11-24,NAVA,2025-11-24,2025-11-25,498.34418143562687,2025-12-02,510.03495953149263,5,0.023459244697484172,FIXED_HORIZON
NHPC-2025-11-24,NHPC,2025-11-24,2025-11-25,75.52526119482239,2025-12-02,75.77015383968272,5,0.0032425262883715167,FIXED_HORIZON
OBEROIRLTY-2025-11-24,OBEROIRLTY,2025-11-24,2025-11-25,1607.092413355433,2025-12-02,1612.9708301390096,5,0.003657796362377841,FIXED_HORIZON
PRESTIGE-2025-11-24,PRESTIGE,2025-11-24,2025-11-25,1630.9468822753156,2025-12-02,1657.1138908134467,5,0.016044059326828508,FIXED_HORIZON
AIIL-2025-11-25,AIIL,2025-11-25,2025-11-26,534.0,2025-12-03,523.260009765625,5,-0.020112341262874533,FIXED_HORIZON
ELGIEQUIP-2025-11-25,ELGIEQUIP,2025-11-25,2025-11-26,483.74381488886957,2025-12-03,506.6370452549474,5,0.04732511230419978,FIXED_HORIZON
HONAUT-2025-11-25,HONAUT,2025-11-25,2025-11-26,34856.44611571549,2025-12-03,35175.54411472474,5,0.009154633778496013,FIXED_HORIZON
RCF-2025-11-25,RCF,2025-11-25,2025-11-26,139.43406913714338,2025-12-03,136.91334467324475,5,-0.018078253611169548,FIXED_HORIZON
CHENNPETRO-2025-11-26,CHENNPETRO,2025-11-26,2025-11-27,862.8872151111025,2025-12-04,890.7422536451207,5,0.032281204363923344,FIXED_HORIZON
FIRSTCRY-2025-11-27,FIRSTCRY,2025-11-27,2025-11-28,306.1000061035156,2025-12-05,298.0,5,-0.02646195995427847,FIXED_HORIZON
WHIRLPOOL-2025-11-27,WHIRLPOOL,2025-11-27,2025-11-28,1063.639679991547,2025-12-05,973.2799836608094,5,-0.08495329577348565,FIXED_HORIZON
GAIL-2025-11-28,GAIL,2025-11-28,2025-12-01,171.64966113327887,2025-12-08,164.84186078058923,5,-0.039661018307537876,FIXED_HORIZON
MCX-2025-11-28,MCX,2025-11-28,2025-12-01,2035.013677613859,2025-12-08,2072.7213168326894,5,0.018529427901951,FIXED_HORIZON
ONESOURCE-2025-11-28,ONESOURCE,2025-11-28,2025-12-01,1536.0,2025-12-08,1681.0999755859375,5,0.09446612993876147,FIXED_HORIZON
MAXHEALTH-2025-12-01,MAXHEALTH,2025-12-01,2025-12-02,1123.4035880592312,2025-12-09,1077.4851924465986,5,-0.040874353705741884,FIXED_HORIZON
PAGEIND-2025-12-01,PAGEIND,2025-12-01,2025-12-02,36855.92374476466,2025-12-09,36747.35094812811,5,-0.0029458709918233073,FIXED_HORIZON
BAJAJHFL-2025-12-02,BAJAJHFL,2025-12-02,2025-12-03,97.55999755859375,2025-12-10,95.98999786376953,5,-0.016092658201239618,FIXED_HORIZON
BIKAJI-2025-12-02,BIKAJI,2025-12-02,2025-12-03,699.6312027153559,2025-12-10,702.5754288050784,5,0.0042082544035995095,FIXED_HORIZON
COROMANDEL-2025-12-02,COROMANDEL,2025-12-02,2025-12-03,2318.5943362663347,2025-12-10,2363.3738652031557,5,0.019313222773126526,FIXED_HORIZON
INDIANB-2025-12-02,INDIANB,2025-12-02,2025-12-03,845.9783774245011,2025-12-10,777.3405537052713,5,-0.0811342530150605,FIXED_HORIZON
NTPCGREEN-2025-12-02,NTPCGREEN,2025-12-02,2025-12-03,92.79000091552734,2025-12-10,91.33999633789062,5,-0.015626733089018408,FIXED_HORIZON
ANGELONE-2025-12-03,ANGELONE,2025-12-03,2025-12-04,260.9918639240201,2025-12-11,244.28437099496733,5,-0.06401537840243421,FIXED_HORIZON
BANKBARODA-2025-12-03,BANKBARODA,2025-12-03,2025-12-04,277.0394477271606,2025-12-11,278.87990552248726,5,0.006643305891727014,FIXED_HORIZON
CANBK-2025-12-03,CANBK,2025-12-03,2025-12-04,141.41503337045975,2025-12-11,141.047167127662,5,-0.002601323452182558,FIXED_HORIZON
COLPAL-2025-12-03,COLPAL,2025-12-03,2025-12-04,2077.410540183736,2025-12-11,2116.549391580872,5,0.018840210271424906,FIXED_HORIZON
CROMPTON-2025-12-03,CROMPTON,2025-12-03,2025-12-04,252.06850342626325,2025-12-11,246.97970796423496,5,-0.02018814486085485,FIXED_HORIZON
DIXON-2025-12-03,DIXON,2025-12-03,2025-12-04,14080.0,2025-12-11,12349.0,5,-0.1229403409090909,FIXED_HORIZON
JSWENERGY-2025-12-03,JSWENERGY,2025-12-03,2025-12-04,468.60624502502617,2025-12-11,450.61741743157364,5,-0.03838793824118114,FIXED_HORIZON
OLAELEC-2025-12-03,OLAELEC,2025-12-03,2025-12-04,38.029998779296875,2025-12-11,34.060001373291016,5,-0.1043912051915995,FIXED_HORIZON
PATANJALI-2025-12-03,PATANJALI,2025-12-03,2025-12-04,546.3511220079787,2025-12-11,523.3390275575365,5,-0.04211960683061644,FIXED_HORIZON
PNB-2025-12-03,PNB,2025-12-03,2025-12-04,116.41486358115188,2025-12-11,114.1021084059621,5,-0.019866493882695457,FIXED_HORIZON
SBIN-2025-12-03,SBIN,2025-12-03,2025-12-04,934.2107677926339,2025-12-11,945.0651010209991,5,0.011618719889101792,FIXED_HORIZON
UNIONBANK-2025-12-03,UNIONBANK,2025-12-03,2025-12-04,146.47536418803395,2025-12-11,143.81393764402017,5,-0.01816978956677817,FIXED_HORIZON
BIOCON-2025-12-04,BIOCON,2025-12-04,2025-12-05,388.8349647532353,2025-12-12,382.2428852302434,5,-0.01695341242569426,FIXED_HORIZON
KAYNES-2025-12-04,KAYNES,2025-12-04,2025-12-05,4865.0,2025-12-12,4119.0,5,-0.15334018499486124,FIXED_HORIZON
POWERINDIA-2025-12-04,POWERINDIA,2025-12-04,2025-12-05,20100.19961230899,2025-12-12,19335.382494561047,5,-0.03805022499774491,FIXED_HORIZON
SUZLON-2025-12-04,SUZLON,2025-12-04,2025-12-05,51.130001068115234,2025-12-12,52.5,5,0.026794424081072465,FIXED_HORIZON
WAAREEENER-2025-12-04,WAAREEENER,2025-12-04,2025-12-05,2990.0,2025-12-12,2909.699951171875,5,-0.026856203621446473,FIXED_HORIZON
BANDHANBNK-2025-12-05,BANDHANBNK,2025-12-05,2025-12-08,139.02493692212002,2025-12-15,147.81870976465356,5,0.06325320505241239,FIXED_HORIZON
BEML-2025-12-05,BEML,2025-12-05,2025-12-08,1715.255187411727,2025-12-15,1685.3380068970707,5,-0.01744182482829304,FIXED_HORIZON
CREDITACC-2025-12-05,CREDITACC,2025-12-05,2025-12-08,1297.300048828125,2025-12-15,1276.800048828125,5,-0.015802049817633224,FIXED_HORIZON
HINDUNILVR-2025-12-05,HINDUNILVR,2025-12-05,2025-12-08,2326.4365509724244,2025-12-15,2237.83786456232,5,-0.03808343123437896,FIXED_HORIZON
IREDA-2025-12-05,IREDA,2025-12-05,2025-12-08,132.984890511173,2025-12-15,135.44186469680446,5,0.018475589040132467,FIXED_HORIZON
PREMIERENE-2025-12-05,PREMIERENE,2025-12-05,2025-12-08,900.836204051255,2025-12-15,909.3299215678035,5,0.009428703551600526,FIXED_HORIZON
VIJAYA-2025-12-05,VIJAYA,2025-12-05,2025-12-08,1015.0,2025-12-15,993.4500122070312,5,-0.0212315150669643,FIXED_HORIZON
AARTIIND-2025-12-08,AARTIIND,2025-12-08,2025-12-09,351.79998779296875,2025-12-16,374.0,5,0.06310407327272505,FIXED_HORIZON
ABREL-2025-12-08,ABREL,2025-12-08,2025-12-09,1657.011436304251,2025-12-16,1698.139651056648,5,0.024820718705556022,FIXED_HORIZON
ACE-2025-12-08,ACE,2025-12-08,2025-12-09,924.9000244140625,2025-12-16,993.0,5,0.0736295532363942,FIXED_HORIZON
ATGL-2025-12-08,ATGL,2025-12-08,2025-12-09,573.7996265695014,2025-12-16,591.7933245075537,5,0.03135885264622584,FIXED_HORIZON
ATUL-2025-12-08,ATUL,2025-12-08,2025-12-09,5675.0165212719885,2025-12-16,5831.246123931113,5,0.02752936525797245,FIXED_HORIZON
BDL-2025-12-08,BDL,2025-12-08,2025-12-09,1416.9550711302861,2025-12-16,1395.0331537607806,5,-0.015471145003926434,FIXED_HORIZON
BEL-2025-12-08,BEL,2025-12-08,2025-12-09,382.8979136101939,2025-12-16,388.5660815484745,5,0.014803339837602403,FIXED_HORIZON
BLUEDART-2025-12-08,BLUEDART,2025-12-08,2025-12-09,5461.5,2025-12-16,5427.5,5,-0.006225395953492585,FIXED_HORIZON
CONCOR-2025-12-08,CONCOR,2025-12-08,2025-12-09,493.169148982334,2025-12-16,497.87303823316176,5,0.009538084976593364,FIXED_HORIZON
DEEPAKFERT-2025-12-08,DEEPAKFERT,2025-12-08,2025-12-09,1227.4280469116925,2025-12-16,1246.4978363852076,5,0.015536380744676892,FIXED_HORIZON
DLF-2025-12-08,DLF,2025-12-08,2025-12-09,676.0127242890561,2025-12-16,688.3577331351959,5,0.018261503670840895,FIXED_HORIZON
ENGINERSIN-2025-12-08,ENGINERSIN,2025-12-08,2025-12-09,188.71800832846765,2025-12-16,191.78536783501536,5,0.016253666164221636,FIXED_HORIZON
GLAND-2025-12-08,GLAND,2025-12-08,2025-12-09,1672.3654679296642,2025-12-16,1664.62401182027,5,-0.004629045658888109,FIXED_HORIZON
GODFRYPHLP-2025-12-08,GODFRYPHLP,2025-12-08,2025-12-09,2591.985363579885,2025-12-16,2819.063829990238,5,0.08760792773024262,FIXED_HORIZON
GODREJPROP-2025-12-08,GODREJPROP,2025-12-08,2025-12-09,1960.5234043982118,2025-12-16,2060.0424211834825,5,0.050761453070139906,FIXED_HORIZON
HAL-2025-12-08,HAL,2025-12-08,2025-12-09,4228.726062247179,2025-12-16,4279.698474691106,5,0.01205384593222858,FIXED_HORIZON
HUDCO-2025-12-08,HUDCO,2025-12-08,2025-12-09,205.61060817128472,2025-12-16,208.7244600581934,5,0.015144412608879776,FIXED_HORIZON
INDIGO-2025-12-08,INDIGO,2025-12-08,2025-12-09,4901.0,2025-12-16,4990.0,5,0.018159559273617676,FIXED_HORIZON
INDUSTOWER-2025-12-08,INDUSTOWER,2025-12-08,2025-12-09,386.3595951806741,2025-12-16,392.62382073882947,5,0.016213459265133512,FIXED_HORIZON
IRCON-2025-12-08,IRCON,2025-12-08,2025-12-09,145.1533070060708,2025-12-16,154.77726448375458,5,0.06630202009301289,FIXED_HORIZON
IRFC-2025-12-08,IRFC,2025-12-08,2025-12-09,110.22936462189614,2025-12-16,111.81254896084324,5,0.014362636892425895,FIXED_HORIZON
JUBLINGREA-2025-12-08,JUBLINGREA,2025-12-08,2025-12-09,647.1646601545515,2025-12-16,713.3903177665553,5,0.10233200557673872,FIXED_HORIZON
JUBLPHARMA-2025-12-08,JUBLPHARMA,2025-12-08,2025-12-09,1034.6436382081326,2025-12-16,1075.432430987324,5,0.0394230354036027,FIXED_HORIZON
JWL-2025-12-08,JWL,2025-12-08,2025-12-09,254.64999389648438,2025-12-16,267.0,5,0.048497963477414974,FIXED_HORIZON
KIMS-2025-12-08,KIMS,2025-12-08,2025-12-09,672.0,2025-12-16,673.0499877929688,5,0.0015624818347750313,FIXED_HORIZON
LICHSGFIN-2025-12-08,LICHSGFIN,2025-12-08,2025-12-09,512.117546048172,2025-12-16,519.8130448023362,5,0.015026821114698441,FIXED_HORIZON
MAZDOCK-2025-12-08,MAZDOCK,2025-12-08,2025-12-09,2447.9407483055516,2025-12-16,2423.063197848805,5,-0.010162644040288438,FIXED_HORIZON
MOTILALOFS-2025-12-08,MOTILALOFS,2025-12-08,2025-12-09,838.234165751714,2025-12-16,837.291728091443,5,-0.001124313108170516,FIXED_HORIZON
NESTLEIND-2025-12-08,NESTLEIND,2025-12-08,2025-12-09,1202.5949313108197,2025-12-16,1223.976096957639,5,0.01777919155497676,FIXED_HORIZON
NEWGEN-2025-12-08,NEWGEN,2025-12-08,2025-12-09,830.7002449352524,2025-12-16,856.511283225768,5,0.0310714225111699,FIXED_HORIZON
OBEROIRLTY-2025-12-08,OBEROIRLTY,2025-12-08,2025-12-09,1606.9929243613592,2025-12-16,1649.237538138475,5,0.026287989907550102,FIXED_HORIZON
OFSS-2025-12-08,OFSS,2025-12-08,2025-12-09,7748.514662943003,2025-12-16,7727.613700765832,5,-0.0026974153223364716,FIXED_HORIZON
POONAWALLA-2025-12-08,POONAWALLA,2025-12-08,2025-12-09,447.0,2025-12-16,443.0,5,-0.008948545861297563,FIXED_HORIZON
PRESTIGE-2025-12-08,PRESTIGE,2025-12-08,2025-12-09,1597.988265730672,2025-12-16,1653.3186958318643,5,0.034625054068148975,FIXED_HORIZON
RAILTEL-2025-12-08,RAILTEL,2025-12-08,2025-12-09,314.51425022059055,2025-12-16,332.7699411456676,5,0.058044081984435,FIXED_HORIZON
RCF-2025-12-08,RCF,2025-12-08,2025-12-09,133.4795976600339,2025-12-16,139.930283501957,5,0.04832712980116027,FIXED_HORIZON
RECLTD-2025-12-08,RECLTD,2025-12-08,2025-12-09,328.403088555094,2025-12-16,329.8476727889564,5,0.004398814396716855,FIXED_HORIZON
SAREGAMA-2025-12-08,SAREGAMA,2025-12-08,2025-12-09,344.0,2025-12-16,376.0,5,0.09302325581395343,FIXED_HORIZON
SCHAEFFLER-2025-12-08,SCHAEFFLER,2025-12-08,2025-12-09,3769.088278528581,2025-12-16,3813.621941191698,5,0.011815500028697246,FIXED_HORIZON
SJVN-2025-12-08,SJVN,2025-12-08,2025-12-09,69.78781225466794,2025-12-16,71.06114269907638,5,0.01824574239068899,FIXED_HORIZON
SOBHA-2025-12-08,SOBHA,2025-12-08,2025-12-09,1452.0481688682964,2025-12-16,1424.1624479787552,5,-0.01920440484510577,FIXED_HORIZON
TATAELXSI-2025-12-08,TATAELXSI,2025-12-08,2025-12-09,4945.314762204726,2025-12-16,4955.138827405963,5,0.0019865399218506052,FIXED_HORIZON
TATAPOWER-2025-12-08,TATAPOWER,2025-12-08,2025-12-09,371.1998275199206,2025-12-16,379.29964495631265,5,0.021820639008668152,FIXED_HORIZON
TIINDIA-2025-12-08,TIINDIA,2025-12-08,2025-12-09,2568.822932570607,2025-12-16,2644.0182867190174,5,0.029272299462525853,FIXED_HORIZON
ZEEL-2025-12-08,ZEEL,2025-12-08,2025-12-09,93.83999633789062,2025-12-16,93.80000305175781,5,-0.00042618593023824314,FIXED_HORIZON
ABBOTINDIA-2025-12-09,ABBOTINDIA,2025-12-09,2025-12-10,27437.946952608538,2025-12-17,27310.91948501968,5,-0.0046296272752572865,FIXED_HORIZON
ASIANPAINT-2025-12-09,ASIANPAINT,2025-12-09,2025-12-10,2785.830133839031,2025-12-17,2775.916061967917,5,-0.003558749598796207,FIXED_HORIZON
DRREDDY-2025-12-09,DRREDDY,2025-12-09,2025-12-10,1241.4272992722372,2025-12-17,1261.9968563055843,5,0.016569280412478182,FIXED_HORIZON
ECLERX-2025-12-09,ECLERX,2025-12-09,2025-12-10,2251.2518597200537,2025-12-17,2254.7500437803774,5,0.0015538839180608832,FIXED_HORIZON
ITCHOTELS-2025-12-09,ITCHOTELS,2025-12-09,2025-12-10,198.69722660253913,2025-12-17,189.74593124388545,5,-0.04504992601914504,FIXED_HORIZON
TATACHEM-2025-12-09,TATACHEM,2025-12-09,2025-12-10,743.567662330732,2025-12-17,744.454078511466,5,0.0011921123330667083,FIXED_HORIZON
CGCL-2025-12-10,CGCL,2025-12-10,2025-12-11,180.0,2025-12-18,179.64999389648438,5,-0.0019444783528645981,FIXED_HORIZON
DMART-2025-12-10,DMART,2025-12-10,2025-12-11,3820.0,2025-12-18,3814.800048828125,5,-0.0013612437622709805,FIXED_HORIZON
INOXWIND-2025-12-10,INOXWIND,2025-12-10,2025-12-11,120.52999877929688,2025-12-18,126.0,5,0.04538290281342561,FIXED_HORIZON
PERSISTENT-2025-12-10,PERSISTENT,2025-12-10,2025-12-11,5999.069964076226,2025-12-18,6216.034879594643,5,0.036166425265524715,FIXED_HORIZON
PIIND-2025-12-12,PIIND,2025-12-12,2025-12-15,3290.7616751414525,2025-12-22,3252.4622806870702,5,-0.01163845888436632,FIXED_HORIZON
MANKIND-2025-12-15,MANKIND,2025-12-15,2025-12-16,2142.5,2025-12-23,2186.39990234375,5,0.02049003609976663,FIXED_HORIZON
PTCIL-2025-12-15,PTCIL,2025-12-15,2025-12-16,17527.0,2025-12-23,17786.0,5,0.014777200890055298,FIXED_HORIZON
AAVAS-2025-12-16,AAVAS,2025-12-16,2025-12-17,1488.0,2025-12-24,1490.800048828125,5,0.00188175324470774,FIXED_HORIZON
AXISBANK-2025-12-16,AXISBANK,2025-12-16,2025-12-17,1219.6592876851394,2025-12-24,1229.0520802122269,5,0.007701160989733946,FIXED_HORIZON
ETERNAL-2025-12-16,ETERNAL,2025-12-16,2025-12-17,286.25,2025-12-24,283.5,5,-0.009606986899563297,FIXED_HORIZON
JUBLFOOD-2025-12-16,JUBLFOOD,2025-12-16,2025-12-17,558.6113433513486,2025-12-24,566.3892142388576,5,0.013923582075591412,FIXED_HORIZON
OLAELEC-2025-12-16,OLAELEC,2025-12-16,2025-12-17,34.650001525878906,2025-12-24,34.97999954223633,5,0.00952375185643084,FIXED_HORIZON
POLICYBZR-2025-12-16,POLICYBZR,2025-12-16,2025-12-17,1812.699951171875,2025-12-24,1914.0,5,0.055883517160485674,FIXED_HORIZON
COCHINSHIP-2025-12-17,COCHINSHIP,2025-12-17,2025-12-18,1499.3213593908965,2025-12-26,1647.1782054429868,5,0.0986158471804588,FIXED_HORIZON
IOB-2025-12-17,IOB,2025-12-17,2025-12-18,34.099998474121094,2025-12-26,33.810001373291016,5,-0.008504314187877782,FIXED_HORIZON
JSWDULUX-2025-12-17,JSWDULUX,2025-12-17,2025-12-18,3099.713252251756,2025-12-26,3100.69793416769,5,0.0003176687118457977,FIXED_HORIZON
MAXHEALTH-2025-12-17,MAXHEALTH,2025-12-17,2025-12-18,1028.172712785378,2025-12-26,1079.5814658799686,5,0.050000114236956605,FIXED_HORIZON
POLYCAB-2025-12-17,POLYCAB,2025-12-17,2025-12-18,7046.067673002469,2025-12-26,7574.062291285854,5,0.07493465047269354,FIXED_HORIZON
SAREGAMA-2025-12-17,SAREGAMA,2025-12-17,2025-12-18,354.6499938964844,2025-12-26,350.29998779296875,5,-0.012265631406680133,FIXED_HORIZON
SCI-2025-12-17,SCI,2025-12-17,2025-12-18,204.5520314824062,2025-12-26,215.15222492487052,5,0.051821501676829085,FIXED_HORIZON
ENRIN-2025-12-18,ENRIN,2025-12-18,2025-12-19,2855.3898731144204,2025-12-29,2634.7459809823117,5,-0.07727277252386167,FIXED_HORIZON
RKFORGE-2025-12-18,RKFORGE,2025-12-18,2025-12-19,479.2283021270167,2025-12-29,511.27667685662465,5,0.06687496249149683,FIXED_HORIZON
SUNPHARMA-2025-12-18,SUNPHARMA,2025-12-18,2025-12-19,1731.1879022998176,2025-12-29,1703.936946118026,5,-0.015741189125449417,FIXED_HORIZON
UNITDSPR-2025-12-18,UNITDSPR,2025-12-18,2025-12-19,1375.0457864899565,2025-12-29,1407.744899250365,5,0.023780381047440402,FIXED_HORIZON
ABLBL-2025-12-19,ABLBL,2025-12-19,2025-12-22,115.56633173532693,2025-12-30,122.30056841818104,5,0.05827161407421877,FIXED_HORIZON
ABSLAMC-2025-12-19,ABSLAMC,2025-12-19,2025-12-22,741.9085660837487,2025-12-30,768.345996550656,5,0.03563435128732961,FIXED_HORIZON
ATGL-2025-12-19,ATGL,2025-12-19,2025-12-22,573.0998344634414,2025-12-30,564.8027689542542,5,-0.01447752208296349,FIXED_HORIZON
BLUESTARCO-2025-12-19,BLUESTARCO,2025-12-19,2025-12-22,1777.184252757576,2025-12-30,1722.5521815565767,5,-0.030740803108191606,FIXED_HORIZON
CHOLAFIN-2025-12-22,CHOLAFIN,2025-12-22,2025-12-23,1603.1708030939315,2025-12-31,1700.060286471537,5,0.06043615763873711,FIXED_HORIZON
HEXT-2025-12-22,HEXT,2025-12-22,2025-12-23,732.2131327344679,2025-12-31,743.8924205161912,5,0.015950666902281307,FIXED_HORIZON
RPOWER-2025-12-22,RPOWER,2025-12-22,2025-12-23,35.45000076293945,2025-12-31,34.0,5,-0.040902700472021714,FIXED_HORIZON
COFORGE-2025-12-23,COFORGE,2025-12-23,2025-12-24,1767.7717746041624,2026-01-02,1651.2908199662852,5,-0.0658913986020393,FIXED_HORIZON
KAJARIACER-2025-12-23,KAJARIACER,2025-12-23,2025-12-24,1020.0,2026-01-02,962.7999877929688,5,-0.056078443340226714,FIXED_HORIZON
BERGEPAINT-2025-12-26,BERGEPAINT,2025-12-26,2025-12-29,536.0031502812247,2026-01-06,526.1773501450706,5,-0.01833160892990804,FIXED_HORIZON
CANFINHOME-2025-12-26,CANFINHOME,2025-12-26,2025-12-29,909.6782214365633,2026-01-06,937.4243401497398,5,0.030501025592719833,FIXED_HORIZON
HFCL-2025-12-26,HFCL,2025-12-26,2025-12-29,62.0,2026-01-06,67.44999694824219,5,0.08790317658455149,FIXED_HORIZON
CRAFTSMAN-2025-12-29,CRAFTSMAN,2025-12-29,2025-12-30,6970.9934372025,2026-01-07,7968.276201674794,5,0.14306178501761857,FIXED_HORIZON
FINCABLES-2025-12-29,FINCABLES,2025-12-29,2025-12-30,741.0,2026-01-07,781.2999877929688,5,0.054385948438554266,FIXED_HORIZON
IRFC-2025-12-29,IRFC,2025-12-29,2025-12-30,125.02226140881095,2026-01-07,126.16017734112607,5,0.00910170652404263,FIXED_HORIZON
PCBL-2025-12-29,PCBL,2025-12-29,2025-12-30,291.48029167084763,2026-01-07,287.5847273185702,5,-0.013364760718287294,FIXED_HORIZON
BHARTIHEXA-2025-12-30,BHARTIHEXA,2025-12-30,2025-12-31,1770.5199088463019,2026-01-08,1751.7266555664544,5,-0.010614539371146314,FIXED_HORIZON
COROMANDEL-2025-12-30,COROMANDEL,2025-12-30,2025-12-31,2241.9711127896558,2026-01-08,2306.155433263086,5,0.028628522511856325,FIXED_HORIZON
CREDITACC-2025-12-30,CREDITACC,2025-12-30,2025-12-31,1244.300048828125,2026-01-08,1340.0,5,0.07691067059107226,FIXED_HORIZON
FSL-2025-12-30,FSL,2025-12-30,2025-12-31,323.8322296058404,2026-01-08,329.9487463246256,5,0.018887918371281565,FIXED_HORIZON
GLAXO-2025-12-30,GLAXO,2025-12-30,2025-12-31,2359.341779778906,2026-01-08,2394.0579949771377,5,0.014714364614644593,FIXED_HORIZON
GODFRYPHLP-2025-12-30,GODFRYPHLP,2025-12-30,2025-12-31,2646.19227729819,2026-01-08,2130.1411454762847,5,-0.19501649077020322,FIXED_HORIZON
HAPPSTMNDS-2025-12-30,HAPPSTMNDS,2025-12-30,2025-12-31,449.80377013404257,2026-01-08,460.7480323257212,5,0.024331192663007872,FIXED_HORIZON
INTELLECT-2025-12-30,INTELLECT,2025-12-30,2025-12-31,940.936376726836,2026-01-08,981.9414070018522,5,0.043578961648456316,FIXED_HORIZON
IPCALAB-2025-12-30,IPCALAB,2025-12-30,2025-12-31,1381.3042791112682,2026-01-08,1518.2290067919794,5,0.09912712915709543,FIXED_HORIZON
JKCEMENT-2025-12-30,JKCEMENT,2025-12-30,2025-12-31,5499.531024001085,2026-01-08,5923.950953421519,5,0.07717384038169417,FIXED_HORIZON
KPRMILL-2025-12-30,KPRMILL,2025-12-30,2025-12-31,917.7153326252014,2026-01-08,881.2972963548118,5,-0.03968336909683401,FIXED_HORIZON
LLOYDSME-2025-12-30,LLOYDSME,2025-12-30,2025-12-31,1307.2187592675227,2026-01-08,1336.2014628705344,5,0.02217127270974273,FIXED_HORIZON
NCC-2025-12-30,NCC,2025-12-30,2025-12-31,152.64373257897878,2026-01-08,155.59812748366852,5,0.019354839237576416,FIXED_HORIZON
POLYMED-2025-12-30,POLYMED,2025-12-30,2025-12-31,1701.415751627823,2026-01-08,1776.262545831582,5,0.043990890605162036,FIXED_HORIZON
PTCIL-2025-12-30,PTCIL,2025-12-30,2025-12-31,18136.0,2026-01-08,17719.0,5,-0.022992942214380196,FIXED_HORIZON
WELCORP-2025-12-30,WELCORP,2025-12-30,2025-12-31,789.3290589082887,2026-01-08,791.8706381399726,5,0.0032199235578620478,FIXED_HORIZON
ZENSARTECH-2025-12-30,ZENSARTECH,2025-12-30,2025-12-31,680.9720238207844,2026-01-08,684.9121745361622,5,0.005786068410373879,FIXED_HORIZON
ZENTEC-2025-12-30,ZENTEC,2025-12-30,2025-12-31,1355.7894366094783,2026-01-08,1318.2091833184647,5,-0.027718355281623475,FIXED_HORIZON
RADICO-2026-01-02,RADICO,2026-01-02,2026-01-05,3092.1393507712296,2026-01-12,2955.4427201944845,5,-0.044207784666189354,FIXED_HORIZON
ATHERENERG-2026-01-05,ATHERENERG,2026-01-05,2026-01-06,690.1500244140625,2026-01-13,649.25,5,-0.05926251244979186,FIXED_HORIZON
CHALET-2026-01-05,CHALET,2026-01-05,2026-01-06,876.0,2026-01-13,862.9500122070312,5,-0.014897246339005465,FIXED_HORIZON
DEVYANI-2026-01-05,DEVYANI,2026-01-05,2026-01-06,141.0,2026-01-13,135.74000549316406,5,-0.037304925580396775,FIXED_HORIZON
HDFCBANK-2026-01-05,HDFCBANK,2026-01-05,2026-01-06,947.0365425575541,2026-01-13,932.2806373194226,5,-0.015581136075575208,FIXED_HORIZON
IRCTC-2026-01-05,IRCTC,2026-01-05,2026-01-06,671.7915949996309,2026-01-13,634.4505014286894,5,-0.05558434170490323,FIXED_HORIZON
JUBLFOOD-2026-01-05,JUBLFOOD,2026-01-05,2026-01-06,537.5213103952041,2026-01-13,525.0069392811168,5,-0.023281627857482,FIXED_HORIZON
LICI-2026-01-05,LICI,2026-01-05,2026-01-06,414.2885829539982,2026-01-13,407.0091980740065,5,-0.017570807353867957,FIXED_HORIZON
PREMIERENE-2026-01-05,PREMIERENE,2026-01-05,2026-01-06,787.4197718033107,2026-01-13,749.4477247490471,5,-0.048223385307308075,FIXED_HORIZON
SAPPHIRE-2026-01-05,SAPPHIRE,2026-01-05,2026-01-06,234.0,2026-01-13,222.0500030517578,5,-0.051068363026676056,FIXED_HORIZON
WAAREEENER-2026-01-05,WAAREEENER,2026-01-05,2026-01-06,2710.0,2026-01-13,2597.699951171875,5,-0.04143913240890218,FIXED_HORIZON
ACMESOLAR-2026-01-06,ACMESOLAR,2026-01-06,2026-01-07,232.37517064657968,2026-01-14,224.3922157280545,5,-0.034353734507489464,FIXED_HORIZON
CUMMINSIND-2026-01-06,CUMMINSIND,2026-01-06,2026-01-07,4077.7814093889656,2026-01-14,3919.519841212855,5,-0.0388107042255178,FIXED_HORIZON
FEDERALBNK-2026-01-06,FEDERALBNK,2026-01-06,2026-01-07,255.82603123780663,2026-01-14,247.6539281382448,5,-0.031943985762595606,FIXED_HORIZON
GAIL-2026-01-06,GAIL,2026-01-06,2026-01-07,164.2793802878433,2026-01-14,160.00270947150878,5,-0.026032913009783276,FIXED_HORIZON
GESHIP-2026-01-06,GESHIP,2026-01-06,2026-01-07,1058.6066715143372,2026-01-14,1079.0902158721517,5,0.019349532653627488,FIXED_HORIZON
KIMS-2026-01-06,KIMS,2026-01-06,2026-01-07,625.7999877929688,2026-01-14,622.0,5,-0.006072208160901815,FIXED_HORIZON
KOTAKBANK-2026-01-06,KOTAKBANK,2026-01-06,2026-01-07,428.5401578343537,2026-01-14,425.26579665231594,5,-0.007640733597954696,FIXED_HORIZON
MGL-2026-01-06,MGL,2026-01-06,2026-01-07,1053.0869442786334,2026-01-14,1035.85033538126,5,-0.016367697834465567,FIXED_HORIZON
RELIANCE-2026-01-06,RELIANCE,2026-01-06,2026-01-07,1503.0504545946628,2026-01-14,1437.3542473990606,5,-0.04370858409627976,FIXED_HORIZON
SWIGGY-2026-01-06,SWIGGY,2026-01-06,2026-01-07,362.8999938964844,2026-01-14,348.1000061035156,5,-0.04078255178254531,FIXED_HORIZON
CIPLA-2026-01-07,CIPLA,2026-01-07,2026-01-08,1454.2568578724054,2026-01-16,1366.1831748239042,5,-0.060562673348746654,FIXED_HORIZON
ICICIGI-2026-01-07,ICICIGI,2026-01-07,2026-01-08,1958.5634718942088,2026-01-16,1843.500298289671,5,-0.05874875910621136,FIXED_HORIZON
MARUTI-2026-01-07,MARUTI,2026-01-07,2026-01-08,16640.874820908844,2026-01-16,15840.908553502743,5,-0.0480723685512594,FIXED_HORIZON
SUNTV-2026-01-07,SUNTV,2026-01-07,2026-01-08,550.8115377921235,2026-01-16,541.9591644113747,5,-0.016071510441180603,FIXED_HORIZON
ABB-2026-01-08,ABB,2026-01-08,2026-01-09,4970.910253848726,2026-01-19,4801.11235822733,5,-0.03415831044021156,FIXED_HORIZON
ADANIGREEN-2026-01-08,ADANIGREEN,2026-01-08,2026-01-09,988.0,2026-01-19,928.0,5,-0.06072874493927127,FIXED_HORIZON
BHARATFORG-2026-01-08,BHARATFORG,2026-01-08,2026-01-09,1452.8259099116167,2026-01-19,1448.8425945468402,5,-0.0027417705986664265,FIXED_HORIZON
BHEL-2026-01-08,BHEL,2026-01-08,2026-01-09,278.10289069621695,2026-01-19,264.54662067987437,5,-0.048745519985085806,FIXED_HORIZON
BRITANNIA-2026-01-08,BRITANNIA,2026-01-08,2026-01-09,5934.661733045143,2026-01-19,5801.87340042398,5,-0.022375046564453105,FIXED_HORIZON
CGPOWER-2026-01-08,CGPOWER,2026-01-08,2026-01-09,612.1488925313288,2026-01-19,578.7227059057203,5,-0.054604667317760036,FIXED_HORIZON
DRREDDY-2026-01-08,DRREDDY,2026-01-08,2026-01-09,1199.3938028105931,2026-01-19,1162.6270082460214,5,-0.03065448102067425,FIXED_HORIZON
EIDPARRY-2026-01-08,EIDPARRY,2026-01-08,2026-01-09,962.7000122070312,2026-01-19,925.0,5,-0.03916070606522826,FIXED_HORIZON
ELGIEQUIP-2026-01-08,ELGIEQUIP,2026-01-08,2026-01-09,454.48031179428153,2026-01-19,426.1623711148335,5,-0.06230839916397968,FIXED_HORIZON
GRAVITA-2026-01-08,GRAVITA,2026-01-08,2026-01-09,1717.0999755859375,2026-01-19,1575.0999755859375,5,-0.08269757266261935,FIXED_HORIZON
HINDPETRO-2026-01-08,HINDPETRO,2026-01-08,2026-01-09,429.854408676445,2026-01-19,435.46534371538394,5,0.013053105715992164,FIXED_HORIZON
HINDZINC-2026-01-08,HINDZINC,2026-01-08,2026-01-09,577.5967910853919,2026-01-19,638.3369990778183,5,0.1051602241042342,FIXED_HORIZON
HUDCO-2026-01-08,HUDCO,2026-01-08,2026-01-09,212.13020927779232,2026-01-19,209.2109962505932,5,-0.013761420578133121,FIXED_HORIZON
INTELLECT-2026-01-08,INTELLECT,2026-01-08,2026-01-09,938.6583212156127,2026-01-19,903.7941587519853,5,-0.03714254875882461,FIXED_HORIZON
JINDALSTEL-2026-01-08,JINDALSTEL,2026-01-08,2026-01-09,1013.0858936592508,2026-01-19,1033.1499807747348,5,0.01980492201210393,FIXED_HORIZON
JIOFIN-2026-01-08,JIOFIN,2026-01-08,2026-01-09,291.3177593287641,2026-01-19,278.74718923288117,5,-0.043150716677374024,FIXED_HORIZON
JSL-2026-01-08,JSL,2026-01-08,2026-01-09,799.3544982782277,2026-01-19,803.6312133295772,5,0.005350210777022468,FIXED_HORIZON
KEC-2026-01-08,KEC,2026-01-08,2026-01-09,677.1132056827671,2026-01-19,673.159276228791,5,-0.005839392026019019,FIXED_HORIZON
KPRMILL-2026-01-08,KPRMILL,2026-01-08,2026-01-09,845.7747840638681,2026-01-19,833.2374046487984,5,-0.014823543632772829,FIXED_HORIZON
LICHSGFIN-2026-01-08,LICHSGFIN,2026-01-08,2026-01-09,513.9801008632959,2026-01-19,520.5482389194531,5,0.01277897343715284,FIXED_HORIZON
LT-2026-01-08,LT,2026-01-08,2026-01-09,3990.0279398241755,2026-01-19,3783.0495812141053,5,-0.0518739120957612,FIXED_HORIZON
LTFOODS-2026-01-08,LTFOODS,2026-01-08,2026-01-09,363.3472668382004,2026-01-19,360.4122299954423,5,-0.00807777327816006,FIXED_HORIZON
MARICO-2026-01-08,MARICO,2026-01-08,2026-01-09,755.3457629188625,2026-01-19,756.5403288644299,5,0.0015814822882584956,FIXED_HORIZON
MUTHOOTFIN-2026-01-08,MUTHOOTFIN,2026-01-08,2026-01-09,3817.7192486321483,2026-01-19,3908.948065945249,5,0.023896156676734837,FIXED_HORIZON
NATIONALUM-2026-01-08,NATIONALUM,2026-01-08,2026-01-09,324.31423361944604,2026-01-19,355.8291417089331,5,0.09717398998425386,FIXED_HORIZON
NMDC-2026-01-08,NMDC,2026-01-08,2026-01-09,79.18292834211618,2026-01-19,80.29900136794112,5,0.014094869300650847,FIXED_HORIZON
NSLNISP-2026-01-08,NSLNISP,2026-01-08,2026-01-09,42.790000915527344,2026-01-19,41.70000076293945,5,-0.025473244432494435,FIXED_HORIZON
ONGC-2026-01-08,ONGC,2026-01-08,2026-01-09,226.94949481657642,2026-01-19,239.36729909266347,5,0.054716157381726305,FIXED_HORIZON
PETRONET-2026-01-08,PETRONET,2026-01-08,2026-01-09,284.3694233643774,2026-01-19,280.76107323369087,5,-0.0126889525884889,FIXED_HORIZON
POWERINDIA-2026-01-08,POWERINDIA,2026-01-08,2026-01-09,18495.58468791944,2026-01-19,16265.117048764112,5,-0.12059460010540668,FIXED_HORIZON
RECLTD-2026-01-08,RECLTD,2026-01-08,2026-01-09,356.3318148684223,2026-01-19,357.19856652435084,5,0.0024324284831220844,FIXED_HORIZON
SIEMENS-2026-01-08,SIEMENS,2026-01-08,2026-01-09,2998.266577527561,2026-01-19,2905.6215740756875,5,-0.030899521792445372,FIXED_HORIZON
SIGNATURE-2026-01-08,SIGNATURE,2026-01-08,2026-01-09,1010.0999755859375,2026-01-19,914.0,5,-0.09513907326865534,FIXED_HORIZON
SUZLON-2026-01-08,SUZLON,2026-01-08,2026-01-09,50.81999969482422,2026-01-19,48.689998626708984,5,-0.0419126540910264,FIXED_HORIZON
SYNGENE-2026-01-08,SYNGENE,2026-01-08,2026-01-09,631.1139884854313,2026-01-19,620.3444336040986,5,-0.01706435775124837,FIXED_HORIZON
TCS-2026-01-08,TCS,2026-01-08,2026-01-09,3075.239584998998,2026-01-19,3128.2002715520307,5,0.017221645692704568,FIXED_HORIZON
TECHM-2026-01-08,TECHM,2026-01-08,2026-01-09,1542.9042961622456,2026-01-19,1647.1941049340048,5,0.06759318062122532,FIXED_HORIZON
UNIONBANK-2026-01-08,UNIONBANK,2026-01-08,2026-01-09,156.28570617955756,2026-01-19,170.79726108534788,5,0.09285273273243488,FIXED_HORIZON
WIPRO-2026-01-08,WIPRO,2026-01-08,2026-01-09,251.89557628471195,2026-01-19,242.88379986846235,5,-0.0357758423119896,FIXED_HORIZON
YESBANK-2026-01-08,YESBANK,2026-01-08,2026-01-09,22.6200008392334,2026-01-19,23.989999771118164,5,0.06056582144367395,FIXED_HORIZON
360ONE-2026-01-09,360ONE,2026-01-09,2026-01-12,1134.3153426774516,2026-01-20,1155.2935962902554,5,0.018494198944084328,FIXED_HORIZON
ADANIENT-2026-01-09,ADANIENT,2026-01-09,2026-01-12,2155.6363419708764,2026-01-20,2133.0462813432187,5,-0.010479532279087378,FIXED_HORIZON
ADANIPORTS-2026-01-09,ADANIPORTS,2026-01-09,2026-01-12,1429.8739360803484,2026-01-20,1403.0867516844696,5,-0.018733948301281278,FIXED_HORIZON
AEGISVOPAK-2026-01-09,AEGISVOPAK,2026-01-09,2026-01-12,226.83523518264553,2026-01-20,214.65407994466233,5,-0.05370045455316963,FIXED_HORIZON
AFCONS-2026-01-09,AFCONS,2026-01-09,2026-01-12,361.4892083546417,2026-01-20,348.0823390150896,5,-0.03708788265236174,FIXED_HORIZON
AWL-2026-01-09,AWL,2026-01-09,2026-01-12,220.84633729377867,2026-01-20,209.9035042110961,5,-0.049549533928316736,FIXED_HORIZON
COHANCE-2026-01-09,COHANCE,2026-01-09,2026-01-12,475.8999938964844,2026-01-20,417.6499938964844,5,-0.1223996653647158,FIXED_HORIZON
DELHIVERY-2026-01-09,DELHIVERY,2026-01-09,2026-01-12,406.0,2026-01-20,401.04998779296875,5,-0.012192148293180383,FIXED_HORIZON
DLF-2026-01-09,DLF,2026-01-09,2026-01-12,659.7172669204732,2026-01-20,632.0644939121194,5,-0.0419160970841882,FIXED_HORIZON
ELECON-2026-01-09,ELECON,2026-01-09,2026-01-12,420.4024973748214,2026-01-20,384.95345590504303,5,-0.08432167194804463,FIXED_HORIZON
ENRIN-2026-01-09,ENRIN,2026-01-09,2026-01-12,2400.1249874134433,2026-01-20,2315.261843036957,5,-0.035357802123439086,FIXED_HORIZON
FORCEMOT-2026-01-09,FORCEMOT,2026-01-09,2026-01-12,18710.0,2026-01-20,21260.0,5,0.1362907536076965,FIXED_HORIZON
FSL-2026-01-09,FSL,2026-01-09,2026-01-12,311.69710489168983,2026-01-20,312.52893664090595,5,0.0026687182401170517,FIXED_HORIZON
GODREJPROP-2026-01-09,GODREJPROP,2026-01-09,2026-01-12,1985.303712586406,2026-01-20,1791.3412406642894,5,-0.09769914330610241,FIXED_HORIZON
HYUNDAI-2026-01-09,HYUNDAI,2026-01-09,2026-01-12,2242.682921230376,2026-01-20,2304.987770967027,5,0.02778139038151206,FIXED_HORIZON
IEX-2026-01-09,IEX,2026-01-09,2026-01-12,135.88112771855495,2026-01-20,132.77809164994375,5,-0.022836402086965246,FIXED_HORIZON
KARURVYSYA-2026-01-09,KARURVYSYA,2026-01-09,2026-01-12,260.0276481174809,2026-01-20,264.6417873312565,5,0.01774480232075537,FIXED_HORIZON
LODHA-2026-01-09,LODHA,2026-01-09,2026-01-12,1057.7838703196094,2026-01-20,1042.0391526853496,5,-0.014884626317380412,FIXED_HORIZON
MANAPPURAM-2026-01-09,MANAPPURAM,2026-01-09,2026-01-12,289.1162132895231,2026-01-20,313.51572824985874,5,0.08439345093352402,FIXED_HORIZON
TATAPOWER-2026-01-09,TATAPOWER,2026-01-09,2026-01-12,362.5533887458424,2026-01-20,360.2178927127155,5,-0.006441798933960907,FIXED_HORIZON
TEJASNET-2026-01-09,TEJASNET,2026-01-09,2026-01-12,399.0,2026-01-20,348.0,5,-0.1278195488721805,FIXED_HORIZON
AFFLE-2026-01-12,AFFLE,2026-01-12,2026-01-13,1739.9000244140625,2026-01-21,1645.199951171875,5,-0.054428456758071064,FIXED_HORIZON
APARINDS-2026-01-12,APARINDS,2026-01-12,2026-01-13,7877.0,2026-01-21,6913.5,5,-0.12231814142440012,FIXED_HORIZON
BAJAJHLDNG-2026-01-12,BAJAJHLDNG,2026-01-12,2026-01-13,10652.631047241995,2026-01-21,10431.380405369593,5,-0.020769577101770076,FIXED_HORIZON
CUB-2026-01-12,CUB,2026-01-12,2026-01-13,196.86812674647518,2026-01-21,200.6576417139999,5,0.019249002010390592,FIXED_HORIZON
GVT&D-2026-01-12,GVT&D,2026-01-12,2026-01-13,2743.2101824203733,2026-01-21,2568.6421021444726,5,-0.06363642180778029,FIXED_HORIZON
LAURUSLABS-2026-01-12,LAURUSLABS,2026-01-12,2026-01-13,1042.1623578106455,2026-01-21,1032.5719156014006,5,-0.00920244541300863,FIXED_HORIZON
NATCOPHARM-2026-01-12,NATCOPHARM,2026-01-12,2026-01-13,863.069432006884,2026-01-21,817.1752204447852,5,-0.053175572972595675,FIXED_HORIZON
PRESTIGE-2026-01-12,PRESTIGE,2026-01-12,2026-01-13,1498.1140510116707,2026-01-21,1422.8088797176808,5,-0.05026664775164247,FIXED_HORIZON
AEGISLOG-2026-01-13,AEGISLOG,2026-01-13,2026-01-14,719.2176581083345,2026-01-22,660.7790314505261,5,-0.08125304766781172,FIXED_HORIZON
AUBANK-2026-01-13,AUBANK,2026-01-13,2026-01-14,963.0647164589193,2026-01-22,1002.2766774053894,5,0.04071581096922339,FIXED_HORIZON
DIXON-2026-01-13,DIXON,2026-01-13,2026-01-14,11260.0,2026-01-22,10700.0,5,-0.04973357015985791,FIXED_HORIZON
ZYDUSLIFE-2026-01-14,ZYDUSLIFE,2026-01-14,2026-01-16,887.2027139236234,2026-01-23,885.7040897291533,5,-0.0016891564587786512,FIXED_HORIZON
CIPLA-2026-01-16,CIPLA,2026-01-16,2026-01-19,1383.5204123421559,2026-01-27,1287.9173354347154,5,-0.06910131289324051,FIXED_HORIZON
DBREALTY-2026-01-16,DBREALTY,2026-01-16,2026-01-19,104.11000061035156,2026-01-27,102.6500015258789,5,-0.014023619978035917,FIXED_HORIZON
ENGINERSIN-2026-01-16,ENGINERSIN,2026-01-16,2026-01-19,189.61140686372102,2026-01-27,166.7202494805545,5,-0.12072668918921658,FIXED_HORIZON
ETERNAL-2026-01-16,ETERNAL,2026-01-16,2026-01-19,288.5,2026-01-27,258.04998779296875,5,-0.10554596952177209,FIXED_HORIZON
HBLENGINE-2026-01-16,HBLENGINE,2026-01-16,2026-01-19,787.9664123440963,2026-01-27,710.1672026491951,5,-0.0987341699799853,FIXED_HORIZON
ITCHOTELS-2026-01-16,ITCHOTELS,2026-01-16,2026-01-19,185.68255458778864,2026-01-27,181.31122038901697,5,-0.02354197575790551,FIXED_HORIZON
JINDALSAW-2026-01-16,JINDALSAW,2026-01-16,2026-01-19,153.58498236885964,2026-01-27,176.63264656000453,5,0.15006456904615928,FIXED_HORIZON
LEMONTREE-2026-01-16,LEMONTREE,2026-01-16,2026-01-19,141.7100067138672,2026-01-27,125.86000061035156,5,-0.11184817834014404,FIXED_HORIZON
LTTS-2026-01-16,LTTS,2026-01-16,2026-01-19,3873.3238309638446,2026-01-27,3794.215949114656,5,-0.020423771753033004,FIXED_HORIZON
MRF-2026-01-16,MRF,2026-01-16,2026-01-19,142748.00117532944,2026-01-27,138755.05036908182,5,-0.027972026041494624,FIXED_HORIZON
REDINGTON-2026-01-16,REDINGTON,2026-01-16,2026-01-19,258.0820197514303,2026-01-27,246.095272645439,5,-0.04644549479865456,FIXED_HORIZON
ABREL-2026-01-19,ABREL,2026-01-19,2026-01-20,1472.4331429216597,2026-01-28,1266.691898563065,5,-0.13972875124934692,FIXED_HORIZON
ASTERDM-2026-01-19,ASTERDM,2026-01-19,2026-01-20,567.2652674481882,2026-01-28,551.583934468244,5,-0.027643738969751808,FIXED_HORIZON
BRIGADE-2026-01-19,BRIGADE,2026-01-19,2026-01-20,603.1636193824742,2026-01-28,547.8549525225872,5,-0.09169761749973027,FIXED_HORIZON
IDBI-2026-01-19,IDBI,2026-01-19,2026-01-20,98.95999908447266,2026-01-28,97.70999908447266,5,-0.01263136632542805,FIXED_HORIZON
PNB-2026-01-19,PNB,2026-01-19,2026-01-20,124.28598181327685,2026-01-28,120.49618395456828,5,-0.03049256081351337,FIXED_HORIZON
RBLBANK-2026-01-19,RBLBANK,2026-01-19,2026-01-20,303.5141925771698,2026-01-28,294.5374288124663,5,-0.029576092269296805,FIXED_HORIZON
RELIANCE-2026-01-19,RELIANCE,2026-01-19,2026-01-20,1404.207443054835,2026-01-28,1378.6257466723232,5,-0.018217889749152172,FIXED_HORIZON
SRF-2026-01-19,SRF,2026-01-19,2026-01-20,2958.9057441212803,2026-01-28,2682.0041605014517,5,-0.09358242795329774,FIXED_HORIZON
TRITURBINE-2026-01-19,TRITURBINE,2026-01-19,2026-01-20,478.94687368881847,2026-01-28,465.90549165701293,5,-0.027229287313980444,FIXED_HORIZON
WIPRO-2026-01-19,WIPRO,2026-01-19,2026-01-20,237.05265351593278,2026-01-28,232.8407751991807,5,-0.01776769107741283,FIXED_HORIZON
ABB-2026-01-20,ABB,2026-01-20,2026-01-21,4619.00933361408,2026-01-29,4970.910412611036,5,0.07618540114999428,FIXED_HORIZON
ABFRL-2026-01-20,ABFRL,2026-01-20,2026-01-21,67.9000015258789,2026-01-29,65.19999694824219,5,-0.039764425875714604,FIXED_HORIZON
ADANIENT-2026-01-20,ADANIENT,2026-01-20,2026-01-21,2055.580937028128,2026-01-29,1998.906253644305,5,-0.027571127150926467,FIXED_HORIZON
ADANIGREEN-2026-01-20,ADANIGREEN,2026-01-20,2026-01-21,885.5,2026-01-29,824.4000244140625,5,-0.06900053708180409,FIXED_HORIZON
ASHOKLEY-2026-01-20,ASHOKLEY,2026-01-20,2026-01-21,176.9022215021445,2026-01-29,193.10580158557255,5,0.09159624987090176,FIXED_HORIZON
BANDHANBNK-2026-01-20,BANDHANBNK,2026-01-20,2026-01-21,137.80550462104225,2026-01-29,152.08175537472945,5,0.10359710080483464,FIXED_HORIZON
BIOCON-2026-01-20,BIOCON,2026-01-20,2026-01-21,364.5640298258403,2026-01-29,370.75662446547943,5,0.016986301809856164,FIXED_HORIZON
BSOFT-2026-01-20,BSOFT,2026-01-20,2026-01-21,395.80464334676856,2026-01-29,401.3724030427472,5,0.014066938803193096,FIXED_HORIZON
CANBK-2026-01-20,CANBK,2026-01-20,2026-01-21,147.92043409506647,2026-01-29,152.95437528904603,5,0.034031411716547,FIXED_HORIZON
CDSL-2026-01-20,CDSL,2026-01-20,2026-01-21,1325.5089862207642,2026-01-29,1345.6254432091796,5,0.015176401818120189,FIXED_HORIZON
CEATLTD-2026-01-20,CEATLTD,2026-01-20,2026-01-21,3682.4132368000783,2026-01-29,3624.504309957967,5,-0.015725808897111282,FIXED_HORIZON
CENTRALBK-2026-01-20,CENTRALBK,2026-01-20,2026-01-21,35.767773418967586,2026-01-29,36.65967570685618,5,0.02493591863942024,FIXED_HORIZON
CESC-2026-01-20,CESC,2026-01-20,2026-01-21,141.55652397237694,2026-01-29,138.46117423102257,5,-0.02186652832728775,FIXED_HORIZON
CHOLAHLDNG-2026-01-20,CHOLAHLDNG,2026-01-20,2026-01-21,1669.6818452493928,2026-01-29,1628.7142747376622,5,-0.02453615377581797,FIXED_HORIZON
COCHINSHIP-2026-01-20,COCHINSHIP,2026-01-20,2026-01-21,1433.6736537283066,2026-01-29,1625.2291866775208,5,0.1336116712831188,FIXED_HORIZON
COHANCE-2026-01-20,COHANCE,2026-01-20,2026-01-21,401.70001220703125,2026-01-29,381.8999938964844,5,-0.049290559394711164,FIXED_HORIZON
CROMPTON-2026-01-20,CROMPTON,2026-01-20,2026-01-21,230.13232094715917,2026-01-29,224.2036169644586,5,-0.025762152653307058,FIXED_HORIZON
DATAPATTNS-2026-01-20,DATAPATTNS,2026-01-20,2026-01-21,2245.7048734704144,2026-01-29,2604.9217439758486,5,0.15995729213977983,FIXED_HORIZON
DLF-2026-01-20,DLF,2026-01-20,2026-01-21,607.3744720382609,2026-01-29,619.2256696925053,5,0.01951217609537248,FIXED_HORIZON
FLUOROCHEM-2026-01-20,FLUOROCHEM,2026-01-20,2026-01-21,3255.0,2026-01-29,3037.89990234375,5,-0.06669741863479262,FIXED_HORIZON
FORTIS-2026-01-20,FORTIS,2026-01-20,2026-01-21,849.3490047108742,2026-01-29,844.6040389439443,5,-0.005586591307709998,FIXED_HORIZON
GODREJPROP-2026-01-20,GODREJPROP,2026-01-20,2026-01-21,1686.5477083573771,2026-01-29,1559.4620723292123,5,-0.07535252954803195,FIXED_HORIZON
HAL-2026-01-20,HAL,2026-01-20,2026-01-21,4270.790206541116,2026-01-29,4611.265616828373,5,0.07972187670698183,FIXED_HORIZON
HAVELLS-2026-01-20,HAVELLS,2026-01-20,2026-01-21,1329.2880017126947,2026-01-29,1278.6265863558567,5,-0.03811169234324263,FIXED_HORIZON
INDHOTEL-2026-01-20,INDHOTEL,2026-01-20,2026-01-21,642.1401815851996,2026-01-29,653.091414430563,5,0.01705427126259096,FIXED_HORIZON
INDUSINDBK-2026-01-20,INDUSINDBK,2026-01-20,2026-01-21,906.5317065904242,2026-01-29,898.444840048281,5,-0.008920665966068442,FIXED_HORIZON
J&KBANK-2026-01-20,J&KBANK,2026-01-20,2026-01-21,99.5,2026-01-29,106.4000015258789,5,0.069346749003808,FIXED_HORIZON
JIOFIN-2026-01-20,JIOFIN,2026-01-20,2026-01-21,264.6801162236932,2026-01-29,255.20234594325314,5,-0.03580839549137094,FIXED_HORIZON
JYOTICNC-2026-01-20,JYOTICNC,2026-01-20,2026-01-21,854.5499877929688,2026-01-29,845.0499877929688,5,-0.01111696230262138,FIXED_HORIZON
KEI-2026-01-20,KEI,2026-01-20,2026-01-21,4058.1950186710897,2026-01-29,3900.0,5,-0.038981620632635994,FIXED_HORIZON
LATENTVIEW-2026-01-20,LATENTVIEW,2026-01-20,2026-01-21,400.5,2026-01-29,402.3999938964844,5,0.0047440546728698685,FIXED_HORIZON
LODHA-2026-01-20,LODHA,2026-01-20,2026-01-21,973.2807465750043,2026-01-29,916.7792376289619,5,-0.05805263193058363,FIXED_HORIZON
LTFOODS-2026-01-20,LTFOODS,2026-01-20,2026-01-21,334.29540564581526,2026-01-29,359.1188468988263,5,0.07425600482021388,FIXED_HORIZON
LTM-2026-01-20,LTM,2026-01-20,2026-01-21,5822.470606120461,2026-01-29,5935.9500962309085,5,0.019489920651752257,FIXED_HORIZON
NAVA-2026-01-20,NAVA,2026-01-20,2026-01-21,530.5928687261681,2026-01-29,553.1323198921041,5,0.04247974764539908,FIXED_HORIZON
NBCC-2026-01-20,NBCC,2026-01-20,2026-01-21,96.98541272706039,2026-01-29,98.889808320325,5,0.01963589719027148,FIXED_HORIZON
NEWGEN-2026-01-20,NEWGEN,2026-01-20,2026-01-21,633.5573190280772,2026-01-29,592.1705868179246,5,-0.06532436918832052,FIXED_HORIZON
OBEROIRLTY-2026-01-20,OBEROIRLTY,2026-01-20,2026-01-21,1522.702626009708,2026-01-29,1476.4749884025334,5,-0.03035893996473593,FIXED_HORIZON
OLAELEC-2026-01-20,OLAELEC,2026-01-20,2026-01-21,32.5,2026-01-29,32.13999938964844,5,-0.011076941856971168,FIXED_HORIZON
OLECTRA-2026-01-20,OLECTRA,2026-01-20,2026-01-21,1033.0,2026-01-29,1079.0,5,0.04453049370764761,FIXED_HORIZON
PAGEIND-2026-01-20,PAGEIND,2026-01-20,2026-01-21,32542.576679770085,2026-01-29,32187.242624091323,5,-0.010919051038132843,FIXED_HORIZON
PATANJALI-2026-01-20,PATANJALI,2026-01-20,2026-01-21,495.8729656559406,2026-01-29,500.87128397807106,5,0.010079836305491474,FIXED_HORIZON
PGEL-2026-01-20,PGEL,2026-01-20,2026-01-21,549.5,2026-01-29,542.0,5,-0.013648771610555,FIXED_HORIZON
PIIND-2026-01-20,PIIND,2026-01-20,2026-01-21,3114.684178405645,2026-01-29,3185.8116499130088,5,0.02283617453111164,FIXED_HORIZON
POLYCAB-2026-01-20,POLYCAB,2026-01-20,2026-01-21,6966.942974350359,2026-01-29,6867.4152370190595,5,-0.014285711494657405,FIXED_HORIZON
POONAWALLA-2026-01-20,POONAWALLA,2026-01-20,2026-01-21,448.0,2026-01-29,406.29998779296875,5,-0.09308038439069477,FIXED_HORIZON
PRAJIND-2026-01-20,PRAJIND,2026-01-20,2026-01-21,286.6649778144231,2026-01-29,287.20872847580995,5,0.0018968158075411967,FIXED_HORIZON
SAGILITY-2026-01-20,SAGILITY,2026-01-20,2026-01-21,51.432197642301716,2026-01-29,52.61948123663059,5,0.023084442212369494,FIXED_HORIZON
SOBHA-2026-01-20,SOBHA,2026-01-20,2026-01-21,1336.5216951572636,2026-01-29,1410.3191210770738,5,0.05521603292128141,FIXED_HORIZON
SUNPHARMA-2026-01-20,SUNPHARMA,2026-01-20,2026-01-21,1622.1836058868935,2026-01-29,1610.2921138724807,5,-0.007330546290357343,FIXED_HORIZON
SYNGENE-2026-01-20,SYNGENE,2026-01-20,2026-01-21,604.2898487920859,2026-01-29,480.6398016867498,5,-0.20462042735369457,FIXED_HORIZON
TATAINVEST-2026-01-20,TATAINVEST,2026-01-20,2026-01-21,628.2101121023207,2026-01-29,622.7880928270101,5,-0.008630900984967771,FIXED_HORIZON
TEJASNET-2026-01-20,TEJASNET,2026-01-20,2026-01-21,328.0,2026-01-29,341.0,5,0.03963414634146334,FIXED_HORIZON
THELEELA-2026-01-20,THELEELA,2026-01-20,2026-01-21,418.8500061035156,2026-01-29,406.45001220703125,5,-0.029604855475207525,FIXED_HORIZON
UPL-2026-01-20,UPL,2026-01-20,2026-01-21,708.4423865007097,2026-01-29,712.0079120072866,5,0.005032908214581022,FIXED_HORIZON
VOLTAS-2026-01-20,VOLTAS,2026-01-20,2026-01-21,1315.8663052921256,2026-01-29,1370.5943752354272,5,0.04159090457989323,FIXED_HORIZON
WELSPUNLIV-2026-01-20,WELSPUNLIV,2026-01-20,2026-01-21,112.86218133257681,2026-01-29,126.74384398440793,5,0.12299658298225968,FIXED_HORIZON
YESBANK-2026-01-20,YESBANK,2026-01-20,2026-01-21,21.68000030517578,2026-01-29,21.479999542236328,5,-0.009225127312000314,FIXED_HORIZON
ABCAPITAL-2026-01-21,ABCAPITAL,2026-01-21,2026-01-22,351.8999938964844,2026-01-30,342.0,5,-0.02813297547085658,FIXED_HORIZON
AIIL-2026-01-21,AIIL,2026-01-21,2026-01-22,570.0,2026-01-30,509.0,5,-0.10701754385964912,FIXED_HORIZON
AMBER-2026-01-21,AMBER,2026-01-21,2026-01-22,5856.0,2026-01-30,5544.0,5,-0.05327868852459017,FIXED_HORIZON
CGCL-2026-01-21,CGCL,2026-01-21,2026-01-22,168.58999633789062,2026-01-30,176.80999755859375,5,0.048757348592786354,FIXED_HORIZON
CRISIL-2026-01-21,CRISIL,2026-01-21,2026-01-22,4498.859125253747,2026-01-30,4467.628255516557,5,-0.006941953252521227,FIXED_HORIZON
CYIENT-2026-01-21,CYIENT,2026-01-21,2026-01-22,1132.300048828125,2026-01-30,1115.0,5,-0.015278678867875817,FIXED_HORIZON
IRB-2026-01-21,IRB,2026-01-21,2026-01-22,19.49889409178082,2026-01-30,20.184462915828107,5,0.03515936959400534,FIXED_HORIZON
KALYANKJIL-2026-01-21,KALYANKJIL,2026-01-21,2026-01-22,398.45001220703125,2026-01-30,365.25,5,-0.08332290422865096,FIXED_HORIZON
LAURUSLABS-2026-01-21,LAURUSLABS,2026-01-21,2026-01-22,1002.0024186500817,2026-01-30,973.0312092677299,5,-0.028913312825514348,FIXED_HORIZON
LICHSGFIN-2026-01-21,LICHSGFIN,2026-01-21,2026-01-22,502.90256913049154,2026-01-30,512.31355063114,5,0.0187133295360169,FIXED_HORIZON
LTF-2026-01-21,LTF,2026-01-21,2026-01-22,285.06504036542066,2026-01-30,285.9063771064957,5,0.002951385199660317,FIXED_HORIZON
PAYTM-2026-01-21,PAYTM,2026-01-21,2026-01-22,1246.5,2026-01-30,1164.9000244140625,5,-0.06546327764615922,FIXED_HORIZON
SBICARD-2026-01-21,SBICARD,2026-01-21,2026-01-22,782.2594916206795,2026-01-30,766.8135792067544,5,-0.019745254074097995,FIXED_HORIZON
TATACHEM-2026-01-21,TATACHEM,2026-01-21,2026-01-22,696.2452770276037,2026-01-30,710.1317736643224,5,0.01994483423428406,FIXED_HORIZON
TATACOMM-2026-01-21,TATACOMM,2026-01-21,2026-01-22,1585.5819025224525,2026-01-30,1514.8252081165115,5,-0.04462506433340119,FIXED_HORIZON
WAAREEENER-2026-01-21,WAAREEENER,2026-01-21,2026-01-22,2565.0,2026-01-30,2727.0,5,0.06315789473684208,FIXED_HORIZON
ZEEL-2026-01-21,ZEEL,2026-01-21,2026-01-22,82.73999786376953,2026-01-30,82.13999938964844,5,-0.007251613362487475,FIXED_HORIZON
ABLBL-2026-01-22,ABLBL,2026-01-22,2026-01-23,106.03693101738557,2026-02-02,103.01299010430613,5,-0.02851780869236631,FIXED_HORIZON
DALBHARAT-2026-01-22,DALBHARAT,2026-01-22,2026-01-23,2131.752551069996,2026-02-02,1994.1557223020354,5,-0.06454634178760399,FIXED_HORIZON
IIFL-2026-01-22,IIFL,2026-01-22,2026-01-23,545.960343019553,2026-02-02,475.75,5,-0.1285997122634207,FIXED_HORIZON
ONESOURCE-2026-01-22,ONESOURCE,2026-01-22,2026-01-23,1530.0,2026-02-02,1200.0,5,-0.21568627450980393,FIXED_HORIZON
PNBHOUSING-2026-01-22,PNBHOUSING,2026-01-22,2026-01-23,853.5885111727239,2026-02-02,799.2624782518634,5,-0.06364428786210263,FIXED_HORIZON
RAINBOW-2026-01-22,RAINBOW,2026-01-22,2026-01-23,1187.1092996724167,2026-02-02,1157.2793088210217,5,-0.02512825976481403,FIXED_HORIZON
SWIGGY-2026-01-22,SWIGGY,2026-01-22,2026-01-23,320.54998779296875,2026-02-02,314.0,5,-0.020433592395577183,FIXED_HORIZON
ACC-2026-01-23,ACC,2026-01-23,2026-01-27,1689.2259386284081,2026-02-03,1658.1059028796328,5,-0.01842266036599205,FIXED_HORIZON
ADANIENSOL-2026-01-23,ADANIENSOL,2026-01-23,2026-01-27,830.0,2026-02-03,951.0,5,0.14578313253012043,FIXED_HORIZON
ADANIPORTS-2026-01-23,ADANIPORTS,2026-01-23,2026-01-27,1328.700274621987,2026-02-03,1471.0004607739293,5,0.10709728060561008,FIXED_HORIZON
ADANIPOWER-2026-01-23,ADANIPOWER,2026-01-23,2026-01-27,135.0,2026-02-03,145.0,5,0.07407407407407418,FIXED_HORIZON
AMBUJACEM-2026-01-23,AMBUJACEM,2026-01-23,2026-01-27,524.0560249011245,2026-02-03,530.3747364482889,5,0.012057320681231776,FIXED_HORIZON
ANANTRAJ-2026-01-23,ANANTRAJ,2026-01-23,2026-01-27,506.1683124616507,2026-02-03,584.0403518288193,5,0.1538461366505801,FIXED_HORIZON
ATGL-2026-01-23,ATGL,2026-01-23,2026-01-27,527.8656169746621,2026-02-03,549.8079983686445,5,0.041568120158573585,FIXED_HORIZON
AUBANK-2026-01-23,AUBANK,2026-01-23,2026-01-27,969.6583213937572,2026-02-03,984.0443775858623,5,0.014836211761094509,FIXED_HORIZON
AXISBANK-2026-01-23,AXISBANK,2026-01-23,2026-01-27,1287.8068186364756,2026-02-03,1401.9187671636068,5,0.08860952347492046,FIXED_HORIZON
CAMS-2026-01-23,CAMS,2026-01-23,2026-01-27,675.9475578808266,2026-02-03,720.9565727476294,5,0.0665865485303494,FIXED_HORIZON
CGPOWER-2026-01-23,CGPOWER,2026-01-23,2026-01-27,555.7733298290693,2026-02-03,658.3499755859375,5,0.18456561380593084,FIXED_HORIZON
CONCOR-2026-01-23,CONCOR,2026-01-23,2026-01-27,476.33403703696484,2026-02-03,524.8587184768289,5,0.10187111914511049,FIXED_HORIZON
ENRIN-2026-01-23,ENRIN,2026-01-23,2026-01-27,2121.874162644148,2026-02-03,2555.0,5,0.20412418652391606,FIXED_HORIZON
HUDCO-2026-01-23,HUDCO,2026-01-23,2026-01-27,190.81988729444885,2026-02-03,191.69566396883866,5,0.004589546125443489,FIXED_HORIZON
INDIACEM-2026-01-23,INDIACEM,2026-01-23,2026-01-27,427.0,2026-02-03,465.75,5,0.09074941451990637,FIXED_HORIZON
INDIGO-2026-01-23,INDIGO,2026-01-23,2026-01-27,4700.0,2026-02-03,4950.0,5,0.05319148936170204,FIXED_HORIZON
JSWINFRA-2026-01-23,JSWINFRA,2026-01-23,2026-01-27,259.21818721122315,2026-02-03,268.1911248591296,5,0.03461538615187876,FIXED_HORIZON
KAJARIACER-2026-01-23,KAJARIACER,2026-01-23,2026-01-27,927.0,2026-02-03,924.7999877929688,5,-0.0023732602017597637,FIXED_HORIZON
PREMIERENE-2026-01-23,PREMIERENE,2026-01-23,2026-01-27,683.046640412539,2026-02-03,799.4108917933911,5,0.1703606232666217,FIXED_HORIZON
RPOWER-2026-01-23,RPOWER,2026-01-23,2026-01-27,28.0,2026-02-03,28.200000762939453,5,0.007142884390694659,FIXED_HORIZON
AFFLE-2026-01-27,AFFLE,2026-01-27,2026-01-28,1538.0999755859375,2026-02-04,1638.0,5,0.06495028021569649,FIXED_HORIZON
ANANDRATHI-2026-01-27,ANANDRATHI,2026-01-27,2026-01-28,1447.5102515546143,2026-02-04,1472.1120013889536,5,0.01699590715016841,FIXED_HORIZON
ASIANPAINT-2026-01-27,ASIANPAINT,2026-01-27,2026-01-28,2513.195467623375,2026-02-04,2409.098571916173,5,-0.041420135062411934,FIXED_HORIZON
DBREALTY-2026-01-27,DBREALTY,2026-01-27,2026-01-28,98.9800033569336,2026-02-04,110.30000305175781,5,0.11436653173270739,FIXED_HORIZON
FIRSTCRY-2026-01-27,FIRSTCRY,2026-01-27,2026-01-28,263.3500061035156,2026-02-04,270.79998779296875,5,0.028289278590427402,FIXED_HORIZON
GODREJCP-2026-01-27,GODREJCP,2026-01-27,2026-01-28,1156.7465996262677,2026-02-04,1135.0558062144005,5,-0.018751551479706308,FIXED_HORIZON
GRAVITA-2026-01-27,GRAVITA,2026-01-27,2026-01-28,1479.0,2026-02-04,1658.0,5,0.12102772143340101,FIXED_HORIZON
HYUNDAI-2026-01-27,HYUNDAI,2026-01-27,2026-01-28,2149.373789722654,2026-02-04,2198.9999688943135,5,0.023088668620111497,FIXED_HORIZON
JSWENERGY-2026-01-27,JSWENERGY,2026-01-27,2026-01-28,440.5018322172619,2026-02-04,457.3445472113686,5,0.038235289304766384,FIXED_HORIZON
KOTAKBANK-2026-01-27,KOTAKBANK,2026-01-27,2026-01-28,408.59457613120605,2026-02-04,415.98185236595316,5,0.018079721724878928,FIXED_HORIZON
M&M-2026-01-27,M&M,2026-01-27,2026-01-28,3343.8840868540974,2026-02-04,3512.1174752908373,5,0.05031077156595232,FIXED_HORIZON
MGL-2026-01-27,MGL,2026-01-27,2026-01-28,1007.8044010478061,2026-02-04,1025.820026354062,5,0.01787611295160585,FIXED_HORIZON
NUVAMA-2026-01-27,NUVAMA,2026-01-27,2026-01-28,1256.780790774606,2026-02-04,1349.9894352170033,5,0.07416459984636536,FIXED_HORIZON
SBFC-2026-01-27,SBFC,2026-01-27,2026-01-28,91.63999938964844,2026-02-04,89.54000091552734,5,-0.02291574081304837,FIXED_HORIZON
SUNTV-2026-01-27,SUNTV,2026-01-27,2026-01-28,521.2053988575694,2026-02-04,536.7953665610987,5,0.02991137033058555,FIXED_HORIZON
THERMAX-2026-01-27,THERMAX,2026-01-27,2026-01-28,2827.4521840227035,2026-02-04,2937.0048810746525,5,0.038746083018134314,FIXED_HORIZON
ZENSARTECH-2026-01-27,ZENSARTECH,2026-01-27,2026-01-28,659.1793821429397,2026-02-04,653.090099903572,5,-0.009237670965332678,FIXED_HORIZON
RADICO-2026-01-28,RADICO,2026-01-28,2026-01-29,2740.719094860734,2026-02-05,2752.891932922027,5,0.0044414759922382085,FIXED_HORIZON
TATACONSUM-2026-01-28,TATACONSUM,2026-01-28,2026-01-29,1120.518530940173,2026-02-05,1139.8549697738958,5,0.017256688131251696,FIXED_HORIZON
VMM-2026-01-28,VMM,2026-01-28,2026-01-29,120.44999694824219,2026-02-05,120.69999694824219,5,0.0020755500733422583,FIXED_HORIZON
ABBOTINDIA-2026-01-29,ABBOTINDIA,2026-01-29,2026-01-30,26001.55885662298,2026-02-06,26578.069614471042,5,0.022172161331827756,FIXED_HORIZON
BERGEPAINT-2026-01-29,BERGEPAINT,2026-01-29,2026-01-30,458.43876786735296,2026-02-06,461.515564707958,5,0.006711467389457937,FIXED_HORIZON
BLS-2026-01-29,BLS,2026-01-29,2026-01-30,250.20288303085235,2026-02-06,299.1512823461648,5,0.19563483330956122,FIXED_HORIZON
CANBK-2026-01-29,CANBK,2026-01-29,2026-01-30,145.88748860611375,2026-02-06,143.2737263763778,5,-0.01791628778251808,FIXED_HORIZON
DEEPAKFERT-2026-01-29,DEEPAKFERT,2026-01-29,2026-01-30,1074.669918791682,2026-02-06,998.2908231046702,5,-0.07107214443379006,FIXED_HORIZON
ESCORTS-2026-01-29,ESCORTS,2026-01-29,2026-01-30,3231.057914749545,2026-02-06,3642.700123539556,5,0.1274016807036773,FIXED_HORIZON
FIVESTAR-2026-01-29,FIVESTAR,2026-01-29,2026-01-30,442.3942018276411,2026-02-06,446.32993165405674,5,0.00889643175736965,FIXED_HORIZON
IKS-2026-01-29,IKS,2026-01-29,2026-01-30,1530.0,2026-02-06,1702.5,5,0.11274509803921573,FIXED_HORIZON
JPPOWER-2026-01-29,JPPOWER,2026-01-29,2026-01-30,14.850000381469727,2026-02-06,15.0,5,0.010100984153337045,FIXED_HORIZON
KPITTECH-2026-01-29,KPITTECH,2026-01-29,2026-01-30,1024.990069763668,2026-02-06,951.4658873093877,5,-0.07173160464982153,FIXED_HORIZON
KPRMILL-2026-01-29,KPRMILL,2026-01-29,2026-01-30,857.4165849445425,2026-02-06,982.5414638487933,5,0.14593242200037904,FIXED_HORIZON
MRF-2026-01-29,MRF,2026-01-29,2026-01-30,130669.32298168956,2026-02-06,134732.1603596241,5,0.03109251112063882,FIXED_HORIZON
SAGILITY-2026-01-29,SAGILITY,2026-01-29,2026-01-30,48.93791257725617,2026-02-06,47.142025242017354,5,-0.036697260685235156,FIXED_HORIZON
SBILIFE-2026-01-29,SBILIFE,2026-01-29,2026-01-30,1983.5426926512196,2026-02-06,2023.1874746209046,5,0.0199868559000842,FIXED_HORIZON
BALKRISIND-2026-01-30,BALKRISIND,2026-01-30,2026-02-02,2282.260283556741,2026-02-09,2698.611697202928,5,0.18242941729561757,FIXED_HORIZON
GRAPHITE-2026-01-30,GRAPHITE,2026-01-30,2026-02-02,590.5174240129792,2026-02-09,619.2519806807911,5,0.04865996412525897,FIXED_HORIZON
HINDALCO-2026-01-30,HINDALCO,2026-01-30,2026-02-02,900.9997362424727,2026-02-09,955.5153109150165,5,0.06050564997931662,FIXED_HORIZON
HINDZINC-2026-01-30,HINDZINC,2026-01-30,2026-02-02,554.8621506785097,2026-02-09,613.785602144681,5,0.10619475737192952,FIXED_HORIZON
MCX-2026-01-30,MCX,2026-01-30,2026-02-02,2207.2915697433245,2026-02-09,2424.060316744123,5,0.09820576038624829,FIXED_HORIZON
MUTHOOTFIN-2026-01-30,MUTHOOTFIN,2026-01-30,2026-02-02,3450.8216111167512,2026-02-09,3691.1890413528818,5,0.0696551306685318,FIXED_HORIZON
NATIONALUM-2026-01-30,NATIONALUM,2026-01-30,2026-02-02,340.24323427538775,2026-02-09,355.57056594311933,5,0.04504816003284828,FIXED_HORIZON
NTPCGREEN-2026-01-30,NTPCGREEN,2026-01-30,2026-02-02,87.01000213623047,2026-02-09,87.94999694824219,5,0.010803296045665878,FIXED_HORIZON
TATASTEEL-2026-01-30,TATASTEEL,2026-01-30,2026-02-02,181.6341982477284,2026-02-09,197.91836547851562,5,0.0896536411528488,FIXED_HORIZON
VEDL-2026-01-30,VEDL,2026-01-30,2026-02-02,642.6177170441912,2026-02-09,670.7971468859186,5,0.04385100051604951,FIXED_HORIZON
ABREL-2026-02-02,ABREL,2026-02-02,2026-02-03,1267.4903834643926,2026-02-10,1427.4117288297023,5,0.12617164394431257,FIXED_HORIZON
BAJFINANCE-2026-02-02,BAJFINANCE,2026-02-02,2026-02-03,954.1347317497356,2026-02-10,977.1433247113504,5,0.024114616307301384,FIXED_HORIZON
BANKBARODA-2026-02-02,BANKBARODA,2026-02-02,2026-02-03,280.91410627495526,2026-02-10,281.4953106408364,5,0.0020689753661293775,FIXED_HORIZON
BDL-2026-02-02,BDL,2026-02-02,2026-02-03,1367.8298482646417,2026-02-10,1306.0,5,-0.04520287983412907,FIXED_HORIZON
CARBORUNIV-2026-02-02,CARBORUNIV,2026-02-02,2026-02-03,767.0165758309832,2026-02-10,829.0233017882227,5,0.08084144190764286,FIXED_HORIZON
CDSL-2026-02-02,CDSL,2026-02-02,2026-02-03,1319.5631322049642,2026-02-10,1373.9669586716757,5,0.04122866510812839,FIXED_HORIZON
CESC-2026-02-02,CESC,2026-02-02,2026-02-03,143.66829947841495,2026-02-10,149.02969457904217,5,0.03731787123597674,FIXED_HORIZON
CLEAN-2026-02-02,CLEAN,2026-02-02,2026-02-03,847.9003178312721,2026-02-10,800.0,5,-0.05649286457845626,FIXED_HORIZON
COCHINSHIP-2026-02-02,COCHINSHIP,2026-02-02,2026-02-03,1578.0,2026-02-10,1534.0,5,-0.027883396704689534,FIXED_HORIZON
FSL-2026-02-02,FSL,2026-02-02,2026-02-03,312.87145957212425,2026-02-10,290.65632311123727,5,-0.07100403626226526,FIXED_HORIZON
GAIL-2026-02-02,GAIL,2026-02-02,2026-02-03,160.40030491787928,2026-02-10,163.7899932861328,5,0.021132680327440534,FIXED_HORIZON
GLENMARK-2026-02-02,GLENMARK,2026-02-02,2026-02-03,1995.0,2026-02-10,2000.0,5,0.0025062656641603454,FIXED_HORIZON
GODFRYPHLP-2026-02-02,GODFRYPHLP,2026-02-02,2026-02-03,1976.0944250400735,2026-02-10,2158.427224052429,5,0.0922692745356326,FIXED_HORIZON
GRSE-2026-02-02,GRSE,2026-02-02,2026-02-03,2695.0,2026-02-10,2527.300048828125,5,-0.06222632696544528,FIXED_HORIZON
HAL-2026-02-02,HAL,2026-02-02,2026-02-03,4453.894972562031,2026-02-10,4108.471189378351,5,-0.07755543974692813,FIXED_HORIZON
INDIANB-2026-02-02,INDIANB,2026-02-02,2026-02-03,856.7489287456444,2026-02-10,887.9836124365893,5,0.03645721942912172,FIXED_HORIZON
INTELLECT-2026-02-02,INTELLECT,2026-02-02,2026-02-03,851.7950136793654,2026-02-10,764.3374688340921,5,-0.1026744033960667,FIXED_HORIZON
IRFC-2026-02-02,IRFC,2026-02-02,2026-02-03,118.53119444751027,2026-02-10,114.23679944262477,5,-0.03623008293219565,FIXED_HORIZON
KEC-2026-02-02,KEC,2026-02-02,2026-02-03,641.527686161689,2026-02-10,627.6888856550505,5,-0.021571634093357828,FIXED_HORIZON
LICHSGFIN-2026-02-02,LICHSGFIN,2026-02-02,2026-02-03,500.94192658448975,2026-02-10,513.686058883188,5,0.025440338734651347,FIXED_HORIZON
MAZDOCK-2026-02-02,MAZDOCK,2026-02-02,2026-02-03,2477.7936676869745,2026-02-10,2467.8427162297507,5,-0.004016053308632861,FIXED_HORIZON
ONGC-2026-02-02,ONGC,2026-02-02,2026-02-03,253.72933728841463,2026-02-10,261.1057569228592,5,0.029072001343146914,FIXED_HORIZON
PIIND-2026-02-02,PIIND,2026-02-02,2026-02-03,3209.0894721246086,2026-02-10,3213.1682192059225,5,0.0012709982431913236,FIXED_HORIZON
POLICYBZR-2026-02-02,POLICYBZR,2026-02-02,2026-02-03,1625.0,2026-02-10,1549.5,5,-0.04646153846153844,FIXED_HORIZON
RVNL-2026-02-02,RVNL,2026-02-02,2026-02-03,332.31739096598614,2026-02-10,317.01330067680334,5,-0.046052631325422366,FIXED_HORIZON
SBIN-2026-02-02,SBIN,2026-02-02,2026-02-03,1067.7536525315768,2026-02-10,1130.6205046120729,5,0.05887767457544424,FIXED_HORIZON
SHRIRAMFIN-2026-02-02,SHRIRAMFIN,2026-02-02,2026-02-03,1007.3020521454004,2026-02-10,1058.9101461014222,5,0.05123398075691843,FIXED_HORIZON
USHAMART-2026-02-02,USHAMART,2026-02-02,2026-02-03,406.94271716951954,2026-02-10,436.7190044095339,5,0.07317070925147062,FIXED_HORIZON
RAINBOW-2026-02-03,RAINBOW,2026-02-03,2026-02-04,1111.9858041342964,2026-02-11,1209.656262006916,5,0.08783426686697515,FIXED_HORIZON
VBL-2026-02-03,VBL,2026-02-03,2026-02-04,452.49846763891685,2026-02-11,454.99021450404524,5,0.005506641554235525,FIXED_HORIZON
COFORGE-2026-02-04,COFORGE,2026-02-04,2026-02-05,1590.6353709974437,2026-02-12,1493.087076193172,5,-0.06132662241950648,FIXED_HORIZON
ECLERX-2026-02-04,ECLERX,2026-02-04,2026-02-05,2248.753374766809,2026-02-12,1943.9223273228617,5,-0.1355555708618148,FIXED_HORIZON
HAPPSTMNDS-2026-02-04,HAPPSTMNDS,2026-02-04,2026-02-05,396.1224884644798,2026-02-12,388.24854823067795,5,-0.019877539051933568,FIXED_HORIZON
HCLTECH-2026-02-04,HCLTECH,2026-02-04,2026-02-05,1567.3844065854084,2026-02-12,1485.115481610435,5,-0.05248803333076324,FIXED_HORIZON
HEXT-2026-02-04,HEXT,2026-02-04,2026-02-05,659.5365689117895,2026-02-12,561.832873085436,5,-0.1481399219266355,FIXED_HORIZON
INFY-2026-02-04,INFY,2026-02-04,2026-02-05,1501.5082372972433,2026-02-12,1398.6344233110094,5,-0.06851365275984744,FIXED_HORIZON
LATENTVIEW-2026-02-04,LATENTVIEW,2026-02-04,2026-02-05,433.1499938964844,2026-02-12,406.0,5,-0.0626803515619413,FIXED_HORIZON
LTM-2026-02-04,LTM,2026-02-04,2026-02-05,5624.622132942399,2026-02-12,5366.580135652523,5,-0.045877214716090964,FIXED_HORIZON
MPHASIS-2026-02-04,MPHASIS,2026-02-04,2026-02-05,2603.3065254703633,2026-02-12,2483.3228556678764,5,-0.04608895211861708,FIXED_HORIZON
NAUKRI-2026-02-04,NAUKRI,2026-02-04,2026-02-05,1181.7472453567218,2026-02-12,1154.889347775151,5,-0.022727277501259135,FIXED_HORIZON
PERSISTENT-2026-02-04,PERSISTENT,2026-02-04,2026-02-05,5940.367786370156,2026-02-12,5630.444071735429,5,-0.05217247917642909,FIXED_HORIZON
SAILIFE-2026-02-04,SAILIFE,2026-02-04,2026-02-05,813.0,2026-02-12,946.8499755859375,5,0.1646371163418665,FIXED_HORIZON
TCS-2026-02-04,TCS,2026-02-04,2026-02-05,2933.9143670738968,2026-02-12,2815.9690535680857,5,-0.04020066666889199,FIXED_HORIZON
TECHM-2026-02-04,TECHM,2026-02-04,2026-02-05,1588.8112380252012,2026-02-12,1564.347091440008,5,-0.015397767840313548,FIXED_HORIZON
TRITURBINE-2026-02-04,TRITURBINE,2026-02-04,2026-02-05,506.77177382559,2026-02-12,487.0,5,-0.03901514418676888,FIXED_HORIZON
IDBI-2026-02-05,IDBI,2026-02-05,2026-02-06,103.0,2026-02-13,109.0,5,0.058252427184465994,FIXED_HORIZON
REDINGTON-2026-02-05,REDINGTON,2026-02-05,2026-02-06,261.5067948476876,2026-02-13,259.5008771920862,5,-0.007670613900375933,FIXED_HORIZON
TIINDIA-2026-02-05,TIINDIA,2026-02-05,2026-02-06,2361.611279837408,2026-02-13,2488.6436008210067,5,0.05379052940175,FIXED_HORIZON
AAVAS-2026-02-06,AAVAS,2026-02-06,2026-02-09,1305.199951171875,2026-02-16,1272.699951171875,5,-0.024900399337909773,FIXED_HORIZON
BEML-2026-02-06,BEML,2026-02-06,2026-02-09,1642.057595406887,2026-02-16,1714.826481858851,5,0.044315672395116135,FIXED_HORIZON
BSOFT-2026-02-06,BSOFT,2026-02-06,2026-02-09,429.4083729449476,2026-02-16,391.2223069585317,5,-0.08892715743880364,FIXED_HORIZON
COHANCE-2026-02-06,COHANCE,2026-02-06,2026-02-09,342.79998779296875,2026-02-16,311.1499938964844,5,-0.09232787346421711,FIXED_HORIZON
HDFCLIFE-2026-02-06,HDFCLIFE,2026-02-06,2026-02-09,701.9979760280746,2026-02-16,690.538833150751,5,-0.016323612415750532,FIXED_HORIZON
POLYMED-2026-02-06,POLYMED,2026-02-06,2026-02-09,1381.870058484872,2026-02-16,1293.3513626023048,5,-0.06405717769123831,FIXED_HORIZON
TATAELXSI-2026-02-06,TATAELXSI,2026-02-06,2026-02-09,5136.879550915613,2026-02-16,4739.014531152769,5,-0.07745266670539852,FIXED_HORIZON
TATATECH-2026-02-06,TATATECH,2026-02-06,2026-02-09,609.8345710797636,2026-02-16,588.9551823489744,5,-0.03423779123217052,FIXED_HORIZON
UNOMINDA-2026-02-06,UNOMINDA,2026-02-06,2026-02-09,1153.2675048981814,2026-02-16,1234.187002569934,5,0.0701654189752765,FIXED_HORIZON
AUROPHARMA-2026-02-10,AUROPHARMA,2026-02-10,2026-02-11,1136.0,2026-02-18,1188.5999755859375,5,0.04630279541015625,FIXED_HORIZON
CANFINHOME-2026-02-10,CANFINHOME,2026-02-10,2026-02-11,907.8945120803804,2026-02-18,893.0800505850968,5,-0.016317381918453555,FIXED_HORIZON
ZYDUSLIFE-2026-02-10,ZYDUSLIFE,2026-02-10,2026-02-11,888.1019454062764,2026-02-18,909.1829672442309,5,0.02373716435032769,FIXED_HORIZON
BHEL-2026-02-11,BHEL,2026-02-11,2026-02-12,258.16719311244276,2026-02-19,258.1672093316452,5,6.282441322724708e-08,FIXED_HORIZON
HEG-2026-02-11,HEG,2026-02-11,2026-02-12,527.61785388413,2026-02-19,553.4220035269683,5,0.04890689246559332,FIXED_HORIZON
ARE&M-2026-02-12,ARE&M,2026-02-12,2026-02-13,854.9265357765275,2026-02-20,839.9662483605156,5,-0.017498915743004217,FIXED_HORIZON
COFORGE-2026-02-12,COFORGE,2026-02-12,2026-02-13,1353.1349623511778,2026-02-20,1334.2226011907753,5,-0.013976699802021764,FIXED_HORIZON
FSL-2026-02-12,FSL,2026-02-12,2026-02-13,259.33981645264333,2026-02-20,252.0,5,-0.02830192661134867,FIXED_HORIZON
HCLTECH-2026-02-12,HCLTECH,2026-02-12,2026-02-13,1382.1577086918394,2026-02-20,1401.5838264016543,5,0.014054921220387318,FIXED_HORIZON
IGL-2026-02-12,IGL,2026-02-12,2026-02-13,167.18788719616225,2026-02-20,167.6999969482422,5,0.0030630792736741075,FIXED_HORIZON
INFY-2026-02-12,INFY,2026-02-12,2026-02-13,1266.493817560756,2026-02-20,1330.4106332686276,5,0.050467530770086366,FIXED_HORIZON
KPITTECH-2026-02-12,KPITTECH,2026-02-12,2026-02-13,862.7152923557027,2026-02-20,837.4288087098057,5,-0.029310345915916858,FIXED_HORIZON
LTM-2026-02-12,LTM,2026-02-12,2026-02-13,4937.826061724171,2026-02-20,4879.606389588819,5,-0.011790547380079897,FIXED_HORIZON
MPHASIS-2026-02-12,MPHASIS,2026-02-12,2026-02-13,2325.260668280841,2026-02-20,2298.5760405710525,5,-0.011475972596877715,FIXED_HORIZON
OFSS-2026-02-12,OFSS,2026-02-12,2026-02-13,6462.847486796769,2026-02-20,6464.791606634597,5,0.00030081474795751184,FIXED_HORIZON
PERSISTENT-2026-02-12,PERSISTENT,2026-02-12,2026-02-13,5191.967193274891,2026-02-20,5216.880534397554,5,0.004798439627071049,FIXED_HORIZON
SONATSOFTW-2026-02-12,SONATSOFTW,2026-02-12,2026-02-13,274.1897125038639,2026-02-20,281.8061079013553,5,0.027777830641199097,FIXED_HORIZON
TCS-2026-02-12,TCS,2026-02-12,2026-02-13,2536.5113141072056,2026-02-20,2616.973184248376,5,0.03172147101953349,FIXED_HORIZON
TECHM-2026-02-12,TECHM,2026-02-12,2026-02-13,1445.0472704940883,2026-02-20,1427.893102805422,5,-0.011871007986334559,FIXED_HORIZON
WIPRO-2026-02-12,WIPRO,2026-02-12,2026-02-13,208.27137256697807,2026-02-20,207.33211373068798,5,-0.004509783676525436,FIXED_HORIZON
ZENSARTECH-2026-02-12,ZENSARTECH,2026-02-12,2026-02-13,557.8039884937936,2026-02-20,557.8040341774117,5,8.189905265076902e-08,FIXED_HORIZON
3MINDIA-2026-02-13,3MINDIA,2026-02-13,2026-02-16,34406.71060580153,2026-02-23,35978.94140246435,5,0.04569546954592396,FIXED_HORIZON
ADANIPOWER-2026-02-13,ADANIPOWER,2026-02-13,2026-02-16,140.5,2026-02-23,145.14999389648438,5,0.03309604196786031,FIXED_HORIZON
AFFLE-2026-02-13,AFFLE,2026-02-13,2026-02-16,1559.699951171875,2026-02-23,1500.0,5,-0.038276561544430154,FIXED_HORIZON
ALKEM-2026-02-13,ALKEM,2026-02-13,2026-02-16,5377.943051910609,2026-02-23,5405.325802896054,5,0.005091677379461368,FIXED_HORIZON
BLUEJET-2026-02-13,BLUEJET,2026-02-13,2026-02-16,366.95001220703125,2026-02-23,359.0,5,-0.02166510953144729,FIXED_HORIZON
CRISIL-2026-02-13,CRISIL,2026-02-13,2026-02-16,4361.087077896983,2026-02-23,4513.684082109353,5,0.034990588696512726,FIXED_HORIZON
HDFCBANK-2026-02-13,HDFCBANK,2026-02-13,2026-02-16,889.1932346170704,2026-02-23,901.5882362795462,5,0.013939604103953451,FIXED_HORIZON
HINDALCO-2026-02-13,HINDALCO,2026-02-13,2026-02-16,890.355260655997,2026-02-23,941.985941241312,5,0.05798885328905068,FIXED_HORIZON
HINDUNILVR-2026-02-13,HINDUNILVR,2026-02-13,2026-02-16,2284.8595085309053,2026-02-23,2301.589198978469,5,0.007321977734342511,FIXED_HORIZON
LTTS-2026-02-13,LTTS,2026-02-13,2026-02-16,3470.169826700234,2026-02-23,3389.776283874921,5,-0.02316703413381893,FIXED_HORIZON
MUTHOOTFIN-2026-02-13,MUTHOOTFIN,2026-02-13,2026-02-16,3549.9830835152593,2026-02-23,3482.553339827911,5,-0.018994384508609685,FIXED_HORIZON
BSE-2026-02-16,BSE,2026-02-16,2026-02-17,2802.5164628982293,2026-02-24,2717.839820558289,5,-0.03021450309425544,FIXED_HORIZON
FIRSTCRY-2026-02-16,FIRSTCRY,2026-02-16,2026-02-17,239.0,2026-02-24,215.64999389648438,5,-0.09769877030759677,FIXED_HORIZON
OLAELEC-2026-02-16,OLAELEC,2026-02-16,2026-02-17,28.690000534057617,2026-02-24,25.700000762939453,5,-0.1042174874681081,FIXED_HORIZON
LLOYDSME-2026-02-19,LLOYDSME,2026-02-19,2026-02-20,1121.3298045080792,2026-02-27,1263.2450340252433,5,0.1265597587316618,FIXED_HORIZON
AUBANK-2026-02-23,AUBANK,2026-02-23,2026-02-24,969.058948985828,2026-03-04,942.7844329405098,5,-0.027113434195944364,FIXED_HORIZON
IDFCFIRSTB-2026-02-23,IDFCFIRSTB,2026-02-23,2026-02-24,69.68528470842642,2026-03-04,70.02428993225935,5,0.004864803598799705,FIXED_HORIZON
SWANCORP-2026-02-23,SWANCORP,2026-02-23,2026-02-24,380.66196522142496,2026-03-04,360.3220039907668,5,-0.05343313251384785,FIXED_HORIZON
UPL-2026-02-23,UPL,2026-02-23,2026-02-24,638.8163622426672,2026-03-04,615.0464591756188,5,-0.037209289667535006,FIXED_HORIZON
AADHARHFC-2026-02-24,AADHARHFC,2026-02-24,2026-02-25,452.0,2026-03-05,454.1000061035156,5,0.004646031202468093,FIXED_HORIZON
AFFLE-2026-02-24,AFFLE,2026-02-24,2026-02-25,1404.5,2026-03-05,1412.0,5,0.005339978640085397,FIXED_HORIZON
COFORGE-2026-02-24,COFORGE,2026-02-24,2026-02-25,1222.2410507650088,2026-03-05,1180.5341541671758,5,-0.03412329881387022,FIXED_HORIZON
HCLTECH-2026-02-24,HCLTECH,2026-02-24,2026-02-25,1316.1094767557106,2026-03-05,1338.643498816475,5,0.01712169273054087,FIXED_HORIZON
HYUNDAI-2026-02-24,HYUNDAI,2026-02-24,2026-02-25,2149.4729561009376,2026-03-05,2065.177958096677,5,-0.03921658924109883,FIXED_HORIZON
IRCTC-2026-02-24,IRCTC,2026-02-24,2026-02-25,615.0499877929688,2026-03-05,556.9500122070312,5,-0.09446382690685373,FIXED_HORIZON
KPITTECH-2026-02-24,KPITTECH,2026-02-24,2026-02-25,757.7020137392612,2026-03-05,740.6461014652605,5,-0.022510052718257678,FIXED_HORIZON
LT-2026-02-24,LT,2026-02-24,2026-02-25,4228.69657702178,2026-03-05,3886.2415796070422,5,-0.08098358233494374,FIXED_HORIZON
LTM-2026-02-24,LTM,2026-02-24,2026-02-25,4464.173783998684,2026-03-05,4327.01184544669,5,-0.030725044585771855,FIXED_HORIZON
LTTS-2026-02-24,LTTS,2026-02-24,2026-02-25,3121.402649312447,2026-03-05,3317.590295382392,5,0.06285239942150977,FIXED_HORIZON
MPHASIS-2026-02-24,MPHASIS,2026-02-24,2026-02-25,2171.7755595519907,2026-03-05,2237.415533284289,5,0.030224105545159974,FIXED_HORIZON
NAUKRI-2026-02-24,NAUKRI,2026-02-24,2026-02-25,1015.2663736758258,2026-03-05,1004.8983776358721,5,-0.010212094390968374,FIXED_HORIZON
PERSISTENT-2026-02-24,PERSISTENT,2026-02-24,2026-02-25,4775.4138659902765,2026-03-05,4758.472702873345,5,-0.003547580082552404,FIXED_HORIZON
PRESTIGE-2026-02-24,PRESTIGE,2026-02-24,2026-02-25,1425.2058240266208,2026-03-05,1358.2901210986151,5,-0.04695160642758911,FIXED_HORIZON
TATAELXSI-2026-02-24,TATAELXSI,2026-02-24,2026-02-25,4444.790629704654,2026-03-05,4322.484375,5,-0.027516763981474845,FIXED_HORIZON
TATATECH-2026-02-24,TATATECH,2026-02-24,2026-02-25,564.3333188250487,2026-03-05,564.3333253874265,5,1.162854945668812e-08,FIXED_HORIZON
TECHM-2026-02-24,TECHM,2026-02-24,2026-02-25,1320.7767612607192,2026-03-05,1323.603257490986,5,0.0021400257130270717,FIXED_HORIZON
ZENSARTECH-2026-02-24,ZENSARTECH,2026-02-24,2026-02-25,528.8570116033346,2026-03-05,547.797025049186,5,0.0358131083266362,FIXED_HORIZON
IRFC-2026-02-25,IRFC,2026-02-25,2026-02-26,103.30292121835903,2026-03-06,98.26640611757374,5,-0.048754817786219595,FIXED_HORIZON
PREMIERENE-2026-02-25,PREMIERENE,2026-02-25,2026-02-26,733.4594990816745,2026-03-06,719.4698506665075,5,-0.019073511806286136,FIXED_HORIZON
WAAREEENER-2026-02-25,WAAREEENER,2026-02-25,2026-02-26,2755.0,2026-03-06,2634.0,5,-0.04392014519056264,FIXED_HORIZON
HOMEFIRST-2026-02-26,HOMEFIRST,2026-02-26,2026-02-27,1164.557563011714,2026-03-09,1023.2181827304057,5,-0.1213674486950943,FIXED_HORIZON
SAGILITY-2026-02-26,SAGILITY,2026-02-26,2026-02-27,40.30768133280496,2026-03-09,37.91316256622603,5,-0.059406016109145976,FIXED_HORIZON
ABCAPITAL-2026-02-27,ABCAPITAL,2026-02-27,2026-03-02,333.0,2026-03-10,329.70001220703125,5,-0.009909873252158419,FIXED_HORIZON
BHARTIARTL-2026-02-27,BHARTIARTL,2026-02-27,2026-03-02,1827.1054642116926,2026-03-10,1857.4239213451783,5,0.0165937094094164,FIXED_HORIZON
CAMS-2026-02-27,CAMS,2026-02-27,2026-03-02,648.1667327228619,2026-03-10,657.7860923597872,5,0.01484087218811081,FIXED_HORIZON
CANFINHOME-2026-02-27,CANFINHOME,2026-02-27,2026-03-02,820.4940643423771,2026-03-10,811.5261303803993,5,-0.010929919364091378,FIXED_HORIZON
CEATLTD-2026-02-27,CEATLTD,2026-02-27,2026-03-02,3101.1464481074804,2026-03-10,3365.6465019369352,5,0.08529105550331861,FIXED_HORIZON
COROMANDEL-2026-02-27,COROMANDEL,2026-02-27,2026-03-02,2177.8794441729656,2026-03-10,2003.0496425920853,5,-0.08027524298860844,FIXED_HORIZON
CREDITACC-2026-02-27,CREDITACC,2026-02-27,2026-03-02,1226.0,2026-03-10,1184.5999755859375,5,-0.033768372279006975,FIXED_HORIZON
DALBHARAT-2026-02-27,DALBHARAT,2026-02-27,2026-03-02,1906.113797009706,2026-03-10,1868.0254545650205,5,-0.019982197550029945,FIXED_HORIZON
EMAMILTD-2026-02-27,EMAMILTD,2026-02-27,2026-03-02,450.0,2026-03-10,443.95001220703125,5,-0.01344441731770829,FIXED_HORIZON
ICICIGI-2026-02-27,ICICIGI,2026-02-27,2026-03-02,1828.6566316562605,2026-03-10,1900.7829042899768,5,0.039442217519201295,FIXED_HORIZON
ICICIPRULI-2026-02-27,ICICIPRULI,2026-02-27,2026-03-02,645.2606695254649,2026-03-10,615.5139404207738,5,-0.04610032892066296,FIXED_HORIZON
JWL-2026-02-27,JWL,2026-02-27,2026-03-02,250.0,2026-03-10,292.8999938964844,5,0.17159997558593743,FIXED_HORIZON
LTF-2026-02-27,LTF,2026-02-27,2026-03-02,270.861265750593,2026-03-10,267.24848692716205,5,-0.013338115412772189,FIXED_HORIZON
RPOWER-2026-02-27,RPOWER,2026-02-27,2026-03-02,22.200000762939453,2026-03-10,22.420000076293945,5,0.009909878639362768,FIXED_HORIZON
SBILIFE-2026-02-27,SBILIFE,2026-02-27,2026-03-02,2025.1847853365691,2026-03-10,1933.300048828125,5,-0.04537103832388001,FIXED_HORIZON
SHREECEM-2026-02-27,SHREECEM,2026-02-27,2026-03-02,25134.66764354067,2026-03-10,23862.973551296433,5,-0.050595222116296745,FIXED_HORIZON
SUNPHARMA-2026-02-27,SUNPHARMA,2026-02-27,2026-03-02,1707.5249320167618,2026-03-10,1805.2686718483699,5,0.05724293566604777,FIXED_HORIZON
VMM-2026-02-27,VMM,2026-02-27,2026-03-02,117.0199966430664,2026-03-10,112.5,5,-0.03862584833986338,FIXED_HORIZON
ACC-2026-03-02,ACC,2026-03-02,2026-03-04,1533.1290684718954,2026-03-11,1472.4800626176102,5,-0.03955896936631398,FIXED_HORIZON
ASIANPAINT-2026-03-02,ASIANPAINT,2026-03-02,2026-03-04,2241.254922068388,2026-03-11,2270.3028787592407,5,0.01296057686469898,FIXED_HORIZON
ATGL-2026-03-02,ATGL,2026-03-02,2026-03-04,487.72966861346805,2026-03-11,478.83275388158387,5,-0.018241487660934363,FIXED_HORIZON
AWL-2026-03-02,AWL,2026-03-02,2026-03-04,179.17403207442064,2026-03-11,179.0049147042877,5,-0.0009438721011909568,FIXED_HORIZON
BAJAJHFL-2026-03-02,BAJAJHFL,2026-03-02,2026-03-04,84.0,2026-03-11,85.0,5,0.011904761904761862,FIXED_HORIZON
CENTRALBK-2026-03-02,CENTRALBK,2026-03-02,2026-03-04,37.38775271211909,2026-03-11,36.36450861523097,5,-0.02736843010509271,FIXED_HORIZON
CONCOR-2026-03-02,CONCOR,2026-03-02,2026-03-04,470.56150255820756,2026-03-11,474.5493086077277,5,0.008474569270627619,FIXED_HORIZON
DABUR-2026-03-02,DABUR,2026-03-02,2026-03-04,492.6092811382142,2026-03-11,478.78855693994035,5,-0.028056158760021654,FIXED_HORIZON
GRAVITA-2026-03-02,GRAVITA,2026-03-02,2026-03-04,1537.199951171875,2026-03-11,1509.699951171875,5,-0.017889670097267163,FIXED_HORIZON
HAVELLS-2026-03-02,HAVELLS,2026-03-02,2026-03-04,1325.393383375961,2026-03-11,1356.2396946016224,5,0.023273325197302075,FIXED_HORIZON
INDIGO-2026-03-02,INDIGO,2026-03-02,2026-03-04,4409.5,2026-03-11,4366.0,5,-0.009865064066220675,FIXED_HORIZON
IOB-2026-03-02,IOB,2026-03-02,2026-03-04,34.650001525878906,2026-03-11,33.9900016784668,5,-0.019047613805130093,FIXED_HORIZON
IOC-2026-03-02,IOC,2026-03-02,2026-03-04,171.29438782032804,2026-03-11,157.10143142692996,5,-0.08285710100604804,FIXED_HORIZON
IRB-2026-03-02,IRB,2026-03-02,2026-03-04,19.35681992347289,2026-03-11,20.799872892666848,5,0.07455010559064257,FIXED_HORIZON
IRCON-2026-03-02,IRCON,2026-03-02,2026-03-04,135.4600067138672,2026-03-11,141.0500030517578,5,0.041266765545777684,FIXED_HORIZON
IREDA-2026-03-02,IREDA,2026-03-02,2026-03-04,113.05058385396758,2026-03-11,116.69127520925035,5,0.03220409157714399,FIXED_HORIZON
JBMA-2026-03-02,JBMA,2026-03-02,2026-03-04,515.0,2026-03-11,522.25,5,0.014077669902912593,FIXED_HORIZON
JPPOWER-2026-03-02,JPPOWER,2026-03-02,2026-03-04,14.149999618530273,2026-03-11,13.600000381469727,5,-0.03886920508042202,FIXED_HORIZON
KPIL-2026-03-02,KPIL,2026-03-02,2026-03-04,1140.8611747894627,2026-03-11,1128.956522734298,5,-0.010434794625526211,FIXED_HORIZON
MARUTI-2026-03-02,MARUTI,2026-03-02,2026-03-04,14009.304154729216,2026-03-11,13712.286931818182,5,-0.02120142582604778,FIXED_HORIZON
NHPC-2026-03-02,NHPC,2026-03-02,2026-03-04,72.28220042316767,2026-03-11,73.00022891260058,5,0.009933683330464405,FIXED_HORIZON
NTPCGREEN-2026-03-02,NTPCGREEN,2026-03-02,2026-03-04,87.0,2026-03-11,87.19999694824219,5,0.002298815497036699,FIXED_HORIZON
OLECTRA-2026-03-02,OLECTRA,2026-03-02,2026-03-04,930.0,2026-03-11,928.4500122070312,5,-0.0016666535408266236,FIXED_HORIZON
PETRONET-2026-03-02,PETRONET,2026-03-02,2026-03-04,294.6013857160296,2026-03-11,290.05385097609116,5,-0.015436229971850457,FIXED_HORIZON
RAILTEL-2026-03-02,RAILTEL,2026-03-02,2026-03-04,287.6763531482999,2026-03-11,284.7990668391188,5,-0.010001817242510147,FIXED_HORIZON
SUZLON-2026-03-02,SUZLON,2026-03-02,2026-03-04,40.20000076293945,2026-03-11,41.720001220703125,5,0.03781095594318917,FIXED_HORIZON
SYRMA-2026-03-02,SYRMA,2026-03-02,2026-03-04,762.2203170540419,2026-03-11,765.2672031761495,5,0.0039973824548311665,FIXED_HORIZON
TITAGARH-2026-03-02,TITAGARH,2026-03-02,2026-03-04,661.0,2026-03-11,666.9500122070312,5,0.009001531326824797,FIXED_HORIZON
VOLTAS-2026-03-02,VOLTAS,2026-03-02,2026-03-04,1465.4961653448433,2026-03-11,1450.4434489832133,5,-0.010271412998264617,FIXED_HORIZON
YESBANK-2026-03-02,YESBANK,2026-03-02,2026-03-04,19.8700008392334,2026-03-11,19.90999984741211,5,0.002013035052305323,FIXED_HORIZON
AEGISVOPAK-2026-03-04,AEGISVOPAK,2026-03-04,2026-03-05,198.8555572177506,2026-03-12,191.3709905058543,5,-0.03763820743365276,FIXED_HORIZON
ASHOKLEY-2026-03-04,ASHOKLEY,2026-03-04,2026-03-05,197.6679756710723,2026-03-12,181.56272558156627,5,-0.08147627371014232,FIXED_HORIZON
BANKBARODA-2026-03-04,BANKBARODA,2026-03-04,2026-03-05,291.6178995568667,2026-03-12,278.0081062577283,5,-0.04666995174102628,FIXED_HORIZON
BHEL-2026-03-04,BHEL,2026-03-04,2026-03-05,248.9469370494431,2026-03-12,253.0835828310687,5,0.01661657633009561,FIXED_HORIZON
BOSCHLTD-2026-03-04,BOSCHLTD,2026-03-04,2026-03-05,33231.31955546569,2026-03-12,31413.28246660877,5,-0.05470854342158982,FIXED_HORIZON
BPCL-2026-03-04,BPCL,2026-03-04,2026-03-05,356.6499938964844,2026-03-12,318.70001220703125,5,-0.10640679192179625,FIXED_HORIZON
COCHINSHIP-2026-03-04,COCHINSHIP,2026-03-04,2026-03-05,1405.0,2026-03-12,1450.0,5,0.03202846975088969,FIXED_HORIZON
CUB-2026-03-04,CUB,2026-03-04,2026-03-05,196.86813154687522,2026-03-12,182.71325336561094,5,-0.07190030234981903,FIXED_HORIZON
CUMMINSIND-2026-03-04,CUMMINSIND,2026-03-04,2026-03-05,4590.921839330661,2026-03-12,4587.946133548247,5,-0.0006481717368657103,FIXED_HORIZON
DEEPAKNTR-2026-03-04,DEEPAKNTR,2026-03-04,2026-03-05,1482.0310402384364,2026-03-12,1463.3165378435283,5,-0.012627604879245413,FIXED_HORIZON
FINCABLES-2026-03-04,FINCABLES,2026-03-04,2026-03-05,890.0,2026-03-12,885.0,5,-0.005617977528089901,FIXED_HORIZON
GAIL-2026-03-04,GAIL,2026-03-04,2026-03-05,155.49000549316406,2026-03-12,147.0,5,-0.05460161549442688,FIXED_HORIZON
GLAND-2026-03-04,GLAND,2026-03-04,2026-03-05,1698.17058660636,2026-03-12,1657.3788079570447,5,-0.02402101353718178,FIXED_HORIZON
GODREJCP-2026-03-04,GODREJCP,2026-03-04,2026-03-05,1127.9307524197782,2026-03-12,1084.7847966801683,5,-0.03825230905979626,FIXED_HORIZON
GRASIM-2026-03-04,GRASIM,2026-03-04,2026-03-05,2676.6614682636914,2026-03-12,2702.7801155355014,5,0.009757919550712923,FIXED_HORIZON
HDFCLIFE-2026-03-04,HDFCLIFE,2026-03-04,2026-03-05,682.1686123249028,2026-03-12,642.3106694912115,5,-0.05842828607703199,FIXED_HORIZON
HINDPETRO-2026-03-04,HINDPETRO,2026-03-04,2026-03-05,384.0159507768194,2026-03-12,357.9584165745197,5,-0.06785534337724353,FIXED_HORIZON
IGL-2026-03-04,IGL,2026-03-04,2026-03-05,157.99000549316406,2026-03-12,164.39999389648438,5,0.04057211330116495,FIXED_HORIZON
INDIANB-2026-03-04,INDIANB,2026-03-04,2026-03-05,932.0939115727155,2026-03-12,891.018877820041,5,-0.04406748423382456,FIXED_HORIZON
ITCHOTELS-2026-03-04,ITCHOTELS,2026-03-04,2026-03-05,164.11397498463128,2026-03-12,160.69638181920575,5,-0.02082451031818333,FIXED_HORIZON
JINDALSTEL-2026-03-04,JINDALSTEL,2026-03-04,2026-03-05,1170.2046288210345,2026-03-12,1175.4950062418227,5,0.004520899414077961,FIXED_HORIZON
JKTYRE-2026-03-04,JKTYRE,2026-03-04,2026-03-05,435.6169572926281,2026-03-12,427.6966755467833,5,-0.018181757191156223,FIXED_HORIZON
KEI-2026-03-04,KEI,2026-03-04,2026-03-05,5042.0,2026-03-12,4300.0,5,-0.14716382387941296,FIXED_HORIZON
LALPATHLAB-2026-03-04,LALPATHLAB,2026-03-04,2026-03-05,1362.9693134515358,2026-03-12,1384.9575588916123,5,0.01613260491125379,FIXED_HORIZON
LODHA-2026-03-04,LODHA,2026-03-04,2026-03-05,921.6621004898095,2026-03-12,871.9368118796096,5,-0.05395175583738743,FIXED_HORIZON
MAHABANK-2026-03-04,MAHABANK,2026-03-04,2026-03-05,67.9637054983152,2026-03-12,64.5753650624132,5,-0.04985514564072735,FIXED_HORIZON
MGL-2026-03-04,MGL,2026-03-04,2026-03-05,1083.6446781120123,2026-03-12,1034.1466764131776,5,-0.04567733566049803,FIXED_HORIZON
NETWEB-2026-03-04,NETWEB,2026-03-04,2026-03-05,3516.208313780475,2026-03-12,3212.9972113997374,5,-0.08623240585388925,FIXED_HORIZON
PGEL-2026-03-04,PGEL,2026-03-04,2026-03-05,597.0,2026-03-12,544.9500122070312,5,-0.0871859092009527,FIXED_HORIZON
PNB-2026-03-04,PNB,2026-03-04,2026-03-05,118.16399524121762,2026-03-12,111.26462320238812,5,-0.05838810734814148,FIXED_HORIZON
SAIL-2026-03-04,SAIL,2026-03-04,2026-03-05,156.10000610351562,2026-03-12,153.00999450683594,5,-0.019795076719155258,FIXED_HORIZON
TATASTEEL-2026-03-04,TATASTEEL,2026-03-04,2026-03-05,194.48909236645193,2026-03-12,190.0702270025327,5,-0.02272037629541357,FIXED_HORIZON
TMPV-2026-03-04,TMPV,2026-03-04,2026-03-05,350.19502701775673,2026-03-12,329.76452074471354,5,-0.05834036664377662,FIXED_HORIZON
TORNTPOWER-2026-03-04,TORNTPOWER,2026-03-04,2026-03-05,1474.7920658715263,2026-03-12,1430.0469439786427,5,-0.03033995295224312,FIXED_HORIZON
UCOBANK-2026-03-04,UCOBANK,2026-03-04,2026-03-05,27.04833899518148,2026-03-12,25.818869362343033,5,-0.04545453356886242,FIXED_HORIZON
ULTRACEMCO-2026-03-04,ULTRACEMCO,2026-03-04,2026-03-05,11864.819819450378,2026-03-12,11172.94256942409,5,-0.05831333813363693,FIXED_HORIZON
UNIONBANK-2026-03-04,UNIONBANK,2026-03-04,2026-03-05,187.49430282876227,2026-03-12,174.3717339803894,5,-0.06998916047255932,FIXED_HORIZON
UNITDSPR-2026-03-04,UNITDSPR,2026-03-04,2026-03-05,1306.7369913791445,2026-03-12,1356.652420160018,5,0.03819852740848195,FIXED_HORIZON
VBL-2026-03-04,VBL,2026-03-04,2026-03-05,434.4583279711523,2026-03-12,430.5712133516209,5,-0.008947036733496616,FIXED_HORIZON
AXISBANK-2026-03-06,AXISBANK,2026-03-06,2026-03-09,1281.21185421577,2026-03-16,1198.2758601545113,5,-0.06473245918570103,FIXED_HORIZON
ICICIBANK-2026-03-06,ICICIBANK,2026-03-06,2026-03-09,1262.060104122135,2026-03-16,1244.5081652081492,5,-0.013907371651047162,FIXED_HORIZON
AMBER-2026-03-09,AMBER,2026-03-09,2026-03-10,7500.0,2026-03-17,6701.0,5,-0.10653333333333337,FIXED_HORIZON
AMBUJACEM-2026-03-09,AMBUJACEM,2026-03-09,2026-03-10,456.838720516694,2026-03-17,430.66824222096636,5,-0.05728603360531326,FIXED_HORIZON
CHENNPETRO-2026-03-09,CHENNPETRO,2026-03-09,2026-03-10,906.2858584267742,2026-03-17,932.6197868970268,5,0.029056978243007903,FIXED_HORIZON
DEVYANI-2026-03-09,DEVYANI,2026-03-09,2026-03-10,112.0,2026-03-17,107.41999816894531,5,-0.04089287349155968,FIXED_HORIZON
EIDPARRY-2026-03-09,EIDPARRY,2026-03-09,2026-03-10,805.9500122070312,2026-03-17,790.75,5,-0.0188597456130154,FIXED_HORIZON
FEDERALBNK-2026-03-09,FEDERALBNK,2026-03-09,2026-03-10,276.3060468590778,2026-03-17,259.9618772942809,5,-0.05915241360292345,FIXED_HORIZON
IDBI-2026-03-09,IDBI,2026-03-09,2026-03-10,101.5999984741211,2026-03-17,77.69999694824219,5,-0.23523623902382795,FIXED_HORIZON
J&KBANK-2026-03-09,J&KBANK,2026-03-09,2026-03-10,114.0,2026-03-17,124.19999694824219,5,0.08947365744072089,FIXED_HORIZON
JIOFIN-2026-03-09,JIOFIN,2026-03-09,2026-03-10,236.39637044876108,2026-03-17,234.4509295723416,5,-0.008229571683889936,FIXED_HORIZON
JKCEMENT-2026-03-09,JKCEMENT,2026-03-09,2026-03-10,5105.995658962534,2026-03-17,5039.244171542164,5,-0.013073157887081632,FIXED_HORIZON
JSWSTEEL-2026-03-09,JSWSTEEL,2026-03-09,2026-03-10,1189.2689807141355,2026-03-17,1140.449348661985,5,-0.0410501180505316,FIXED_HORIZON
M&M-2026-03-09,M&M,2026-03-09,2026-03-10,3243.9339111755658,2026-03-17,3020.282568613201,5,-0.06894448181939561,FIXED_HORIZON
MRPL-2026-03-09,MRPL,2026-03-09,2026-03-10,191.95041335080947,2026-03-17,208.22000122070312,5,0.08475932708808132,FIXED_HORIZON
POLYCAB-2026-03-09,POLYCAB,2026-03-09,2026-03-10,8323.506464621201,2026-03-17,7116.2346583005565,5,-0.14504365575399203,FIXED_HORIZON
RAMCOCEM-2026-03-09,RAMCOCEM,2026-03-09,2026-03-10,1028.1939814809746,2026-03-17,967.3599623353233,5,-0.059165896942936835,FIXED_HORIZON
SOBHA-2026-03-09,SOBHA,2026-03-09,2026-03-10,1301.8636910755756,2026-03-17,1242.8058392475186,5,-0.045364082455717325,FIXED_HORIZON
TVSMOTOR-2026-03-09,TVSMOTOR,2026-03-09,2026-03-10,3695.084708557983,2026-03-17,3378.1921932050045,5,-0.08576055499324309,FIXED_HORIZON
AEGISLOG-2026-03-11,AEGISLOG,2026-03-11,2026-03-12,613.2821388792856,2026-03-19,599.8039797575941,5,-0.021977093848390195,FIXED_HORIZON
APARINDS-2026-03-11,APARINDS,2026-03-11,2026-03-12,9170.0,2026-03-19,9400.0,5,0.025081788440566966,FIXED_HORIZON
BAJAJFINSV-2026-03-11,BAJAJFINSV,2026-03-11,2026-03-12,1785.3765321180479,2026-03-19,1774.4857467305494,5,-0.006099993582070029,FIXED_HORIZON
BAJFINANCE-2026-03-11,BAJFINANCE,2026-03-11,2026-03-12,874.7228568335765,2026-03-19,862.8955912055036,5,-0.013521157628013314,FIXED_HORIZON
COLPAL-2026-03-11,COLPAL,2026-03-11,2026-03-12,2016.2318616729256,2026-03-19,1907.6123055536473,5,-0.05387255215238662,FIXED_HORIZON
SRF-2026-03-11,SRF,2026-03-11,2026-03-12,2470.406131722127,2026-03-19,2500.548865089834,5,0.012201529530164512,FIXED_HORIZON
AAVAS-2026-03-12,AAVAS,2026-03-12,2026-03-13,1172.0,2026-03-20,1115.0,5,-0.04863481228668942,FIXED_HORIZON
APOLLOTYRE-2026-03-12,APOLLOTYRE,2026-03-12,2026-03-13,410.70124173616307,2026-03-20,417.81061137057776,5,0.017310319307439093,FIXED_HORIZON
ESCORTS-2026-03-12,ESCORTS,2026-03-12,2026-03-13,3179.028258380667,2026-03-20,2897.711275811564,5,-0.0884915010829127,FIXED_HORIZON
GODREJCP-2026-03-12,GODREJCP,2026-03-12,2026-03-13,1028.5762903141929,2026-03-20,1018.3834800271627,5,-0.009909629828154687,FIXED_HORIZON
INDUSINDBK-2026-03-12,INDUSINDBK,2026-03-12,2026-03-13,825.6626691788209,2026-03-20,820.6707714662052,5,-0.0060459288023527735,FIXED_HORIZON
JUBLFOOD-2026-03-12,JUBLFOOD,2026-03-12,2026-03-13,461.0886860635316,2026-03-20,455.10569169548194,5,-0.012975799556324996,FIXED_HORIZON
PPLPHARMA-2026-03-12,PPLPHARMA,2026-03-12,2026-03-13,142.60000610351562,2026-03-20,137.8300018310547,5,-0.03345023890811283,FIXED_HORIZON
VBL-2026-03-12,VBL,2026-03-12,2026-03-13,408.64398601408175,2026-03-20,404.65719254709757,5,-0.009756153530782186,FIXED_HORIZON
AARTIIND-2026-03-13,AARTIIND,2026-03-13,2026-03-16,420.95001220703125,2026-03-23,420.95001220703125,5,0.0,FIXED_HORIZON
ABREL-2026-03-13,ABREL,2026-03-13,2026-03-16,1138.016119435134,2026-03-23,1152.98999289407,5,0.013157874658549007,FIXED_HORIZON
ACC-2026-03-13,ACC,2026-03-13,2026-03-16,1369.0783587071642,2026-03-23,1366.9904243223739,5,-0.0015250656556735631,FIXED_HORIZON
AJANTPHARM-2026-03-13,AJANTPHARM,2026-03-13,2026-03-16,2992.585374835723,2026-03-23,2878.331790177838,5,-0.03817888893617849,FIXED_HORIZON
BEML-2026-03-13,BEML,2026-03-13,2026-03-16,1518.9860523715008,2026-03-23,1497.9140166708287,5,-0.013872435278634465,FIXED_HORIZON
BHARTIHEXA-2026-03-13,BHARTIHEXA,2026-03-13,2026-03-16,1456.4751232878107,2026-03-23,1536.0990886831512,5,0.05466894979682135,FIXED_HORIZON
BIOCON-2026-03-13,BIOCON,2026-03-13,2026-03-16,382.54251441541817,2026-03-23,377.54850275181866,5,-0.013054788619327962,FIXED_HORIZON
BLUESTARCO-2026-03-13,BLUESTARCO,2026-03-13,2026-03-16,1811.1178375373422,2026-03-23,1680.4585421188976,5,-0.07214290131232315,FIXED_HORIZON
CEATLTD-2026-03-13,CEATLTD,2026-03-13,2026-03-16,3436.8200685446873,2026-03-23,3442.7593251373337,5,0.001728125556238691,FIXED_HORIZON
CRAFTSMAN-2026-03-13,CRAFTSMAN,2026-03-13,2026-03-16,6604.440578310464,2026-03-23,6813.68521123525,5,0.03168241586001441,FIXED_HORIZON
DMART-2026-03-13,DMART,2026-03-13,2026-03-16,3824.300048828125,2026-03-23,3750.0,5,-0.019428404643849206,FIXED_HORIZON
EMCURE-2026-03-13,EMCURE,2026-03-13,2026-03-16,1438.0,2026-03-23,1468.199951171875,5,0.021001356865003373,FIXED_HORIZON
EXIDEIND-2026-03-13,EXIDEIND,2026-03-13,2026-03-16,295.18543677654833,2026-03-23,296.7778235656095,5,0.0053945303211775375,FIXED_HORIZON
FIVESTAR-2026-03-13,FIVESTAR,2026-03-13,2026-03-16,351.7233374225099,2026-03-23,347.7378092683812,5,-0.011331429365294188,FIXED_HORIZON
FLUOROCHEM-2026-03-13,FLUOROCHEM,2026-03-13,2026-03-16,3055.300048828125,2026-03-23,3175.10009765625,5,0.039210567510079786,FIXED_HORIZON
GPIL-2026-03-13,GPIL,2026-03-13,2026-03-16,251.66140442319337,2026-03-23,256.6408736601335,5,0.01978638420282608,FIXED_HORIZON
GRASIM-2026-03-13,GRASIM,2026-03-13,2026-03-16,2562.018701076908,2026-03-23,2582.953378894159,5,0.008171165108377787,FIXED_HORIZON
GRAVITA-2026-03-13,GRAVITA,2026-03-13,2026-03-16,1430.0,2026-03-23,1393.9000244140625,5,-0.02524473817198425,FIXED_HORIZON
HAVELLS-2026-03-13,HAVELLS,2026-03-13,2026-03-16,1303.502561566324,2026-03-23,1263.700974539564,5,-0.030534337407771006,FIXED_HORIZON
HINDALCO-2026-03-13,HINDALCO,2026-03-13,2026-03-16,902.1437314515595,2026-03-23,850.5628570947077,5,-0.05717589399402856,FIXED_HORIZON
JBMA-2026-03-13,JBMA,2026-03-13,2026-03-16,499.8500061035156,2026-03-23,556.0,5,0.11233368652766629,FIXED_HORIZON
JINDALSTEL-2026-03-13,JINDALSTEL,2026-03-13,2026-03-16,1134.9675813356755,2026-03-23,1159.9229643819956,5,0.021987749656207534,FIXED_HORIZON
JYOTICNC-2026-03-13,JYOTICNC,2026-03-13,2026-03-16,715.9500122070312,2026-03-23,739.9500122070312,5,0.03352189341545797,FIXED_HORIZON
KAYNES-2026-03-13,KAYNES,2026-03-13,2026-03-16,3490.0,2026-03-23,3550.0,5,0.017191977077363862,FIXED_HORIZON
KPRMILL-2026-03-13,KPRMILL,2026-03-13,2026-03-16,842.9478947223853,2026-03-23,816.1567635810175,5,-0.031782665701052815,FIXED_HORIZON
LAURUSLABS-2026-03-13,LAURUSLABS,2026-03-13,2026-03-16,996.7076833955515,2026-03-23,978.1261328815746,5,-0.018642928938476633,FIXED_HORIZON
LT-2026-03-13,LT,2026-03-13,2026-03-16,3420.0947157845285,2026-03-23,3372.16304103714,5,-0.01401472144212057,FIXED_HORIZON
MOTHERSON-2026-03-13,MOTHERSON,2026-03-13,2026-03-16,113.27095694495837,2026-03-23,110.46455928166446,5,-0.024775968518193192,FIXED_HORIZON
NATIONALUM-2026-03-13,NATIONALUM,2026-03-13,2026-03-16,381.37613138438394,2026-03-23,354.82616040091415,5,-0.06961623656701899,FIXED_HORIZON
NCC-2026-03-13,NCC,2026-03-13,2026-03-16,142.08668693268189,2026-03-23,137.87176272645243,5,-0.02966445553218089,FIXED_HORIZON
RPOWER-2026-03-13,RPOWER,2026-03-13,2026-03-16,22.440000534057617,2026-03-23,22.549999237060547,5,0.004901902869208108,FIXED_HORIZON
TATASTEEL-2026-03-13,TATASTEEL,2026-03-13,2026-03-16,179.30228359439405,2026-03-23,189.10023150282484,5,0.05464485845922118,FIXED_HORIZON
ULTRACEMCO-2026-03-13,ULTRACEMCO,2026-03-13,2026-03-16,10456.564813165882,2026-03-23,10659.423875530032,5,0.019400163054383857,FIXED_HORIZON
UNOMINDA-2026-03-13,UNOMINDA,2026-03-13,2026-03-16,1008.7364452403034,2026-03-23,1051.470190372613,5,0.04236363753282402,FIXED_HORIZON
WELCORP-2026-03-13,WELCORP,2026-03-13,2026-03-16,797.352433241934,2026-03-23,797.3524066709181,5,-3.332405451583753e-08,FIXED_HORIZON
WOCKPHARMA-2026-03-13,WOCKPHARMA,2026-03-13,2026-03-16,1202.0,2026-03-23,1164.9000244140625,5,-0.030865204314423855,FIXED_HORIZON
BANDHANBNK-2026-03-16,BANDHANBNK,2026-03-16,2026-03-17,161.59925704480727,2026-03-24,150.34678834187193,5,-0.0696319333932045,FIXED_HORIZON
BPCL-2026-03-16,BPCL,2026-03-16,2026-03-17,305.29998779296875,2026-03-24,280.0,5,-0.0828692722062121,FIXED_HORIZON
CRISIL-2026-03-16,CRISIL,2026-03-16,2026-03-17,3987.7962760376377,2026-03-24,4002.7196367577867,5,0.003742257549570027,FIXED_HORIZON
DEEPAKNTR-2026-03-16,DEEPAKNTR,2026-03-16,2026-03-17,1384.6757367311789,2026-03-24,1343.8621217898694,5,-0.02947521492480154,FIXED_HORIZON
FORTIS-2026-03-16,FORTIS,2026-03-16,2026-03-17,811.0895534310368,2026-03-24,817.1331425401787,5,0.007451198309208262,FIXED_HORIZON
GESHIP-2026-03-16,GESHIP,2026-03-16,2026-03-17,1356.002077523034,2026-03-24,1380.5673232589902,5,0.018115935176757914,FIXED_HORIZON
IOC-2026-03-16,IOC,2026-03-16,2026-03-17,147.6837441042275,2026-03-24,140.32929457824164,5,-0.04979863945483032,FIXED_HORIZON
KPITTECH-2026-03-16,KPITTECH,2026-03-16,2026-03-17,629.6830074748224,2026-03-24,674.3062257695019,5,0.07086616244200261,FIXED_HORIZON
MAPMYINDIA-2026-03-16,MAPMYINDIA,2026-03-16,2026-03-17,887.3955048723427,2026-03-24,875.1314864590892,5,-0.013820239505289988,FIXED_HORIZON
DABUR-2026-03-19,DABUR,2026-03-19,2026-03-20,428.1455998835704,2026-03-30,412.15305763892616,5,-0.037353045900724524,FIXED_HORIZON
HDFCBANK-2026-03-19,HDFCBANK,2026-03-19,2026-03-20,772.2277890336613,2026-03-30,733.0753333889118,5,-0.050700656206303596,FIXED_HORIZON
HINDPETRO-2026-03-19,HINDPETRO,2026-03-19,2026-03-20,313.879306124874,2026-03-30,315.7337811671236,5,0.005908242455180623,FIXED_HORIZON
HINDZINC-2026-03-19,HINDZINC,2026-03-19,2026-03-20,502.76404658790756,2026-03-30,498.0992673444981,5,-0.009278267360340764,FIXED_HORIZON
ICICIPRULI-2026-03-19,ICICIPRULI,2026-03-19,2026-03-20,561.0529409527676,2026-03-30,524.2307178302848,5,-0.06563056787466814,FIXED_HORIZON
IDEA-2026-03-19,IDEA,2026-03-19,2026-03-20,9.050000190734863,2026-03-30,8.770000457763672,5,-0.030939196361326804,FIXED_HORIZON
LICHSGFIN-2026-03-19,LICHSGFIN,2026-03-19,2026-03-20,479.08088073125316,2026-03-30,490.1584276702896,5,0.023122498485282916,FIXED_HORIZON
MANKIND-2026-03-19,MANKIND,2026-03-19,2026-03-20,2030.0,2026-03-30,2035.0,5,0.0024630541871921707,FIXED_HORIZON
MSUMI-2026-03-19,MSUMI,2026-03-19,2026-03-20,37.28877296686042,2026-03-30,36.47064575068587,5,-0.0219403094036279,FIXED_HORIZON
NBCC-2026-03-19,NBCC,2026-03-19,2026-03-20,83.62191037870716,2026-03-30,78.95417939175653,5,-0.0558194732195354,FIXED_HORIZON
SHRIRAMFIN-2026-03-19,SHRIRAMFIN,2026-03-19,2026-03-20,956.5888984942276,2026-03-30,883.0051698969366,5,-0.07692304260808325,FIXED_HORIZON
TBOTEK-2026-03-19,TBOTEK,2026-03-19,2026-03-20,1110.0,2026-03-30,1094.0,5,-0.014414414414414378,FIXED_HORIZON
ACMESOLAR-2026-03-20,ACMESOLAR,2026-03-20,2026-03-23,246.3699951171875,2026-04-01,269.95001220703125,5,0.09570977617882304,FIXED_HORIZON
AIAENG-2026-03-20,AIAENG,2026-03-20,2026-03-23,3399.89990234375,2026-04-01,3660.0,5,0.07650228098684542,FIXED_HORIZON
MCX-2026-03-20,MCX,2026-03-20,2026-03-23,2394.1337891525354,2026-04-01,2443.9116779762326,5,0.02079160698923066,FIXED_HORIZON
ABBOTINDIA-2026-03-23,ABBOTINDIA,2026-03-23,2026-03-24,25102.59512447528,2026-04-02,25874.53153533384,5,0.030751259263466224,FIXED_HORIZON
ABFRL-2026-03-23,ABFRL,2026-03-23,2026-03-24,58.849998474121094,2026-04-02,56.349998474121094,5,-0.04248088470383493,FIXED_HORIZON
ACC-2026-03-23,ACC,2026-03-23,2026-03-24,1348.6962616642877,2026-04-02,1303.458031851706,5,-0.0335421926333197,FIXED_HORIZON
ADANIENSOL-2026-03-23,ADANIENSOL,2026-03-23,2026-03-24,970.0999755859375,2026-04-02,940.0,5,-0.031027704714410742,FIXED_HORIZON
ADANIENT-2026-03-23,ADANIENT,2026-03-23,2026-03-24,1891.8540197731872,2026-04-02,1804.1933472809305,5,-0.04633585444545363,FIXED_HORIZON
AMBUJACEM-2026-03-23,AMBUJACEM,2026-03-23,2026-03-24,405.890884689414,2026-04-02,412.45839001821065,5,0.016180470112853174,FIXED_HORIZON
ARE&M-2026-03-23,ARE&M,2026-03-23,2026-03-24,743.5440603402004,2026-04-02,705.4722356551152,5,-0.05120318581748318,FIXED_HORIZON
ATHERENERG-2026-03-23,ATHERENERG,2026-03-23,2026-03-24,764.0,2026-04-02,760.7999877929688,5,-0.004188497653182299,FIXED_HORIZON
AWL-2026-03-23,AWL,2026-03-23,2026-03-24,177.02525094196176,2026-04-02,178.8357977923962,5,0.01022761917184356,FIXED_HORIZON
BAJAJHFL-2026-03-23,BAJAJHFL,2026-03-23,2026-03-24,79.5,2026-04-02,76.30000305175781,5,-0.04025153394015335,FIXED_HORIZON
BATAINDIA-2026-03-23,BATAINDIA,2026-03-23,2026-03-24,606.0277112297538,2026-04-02,593.4299467421798,5,-0.02078743967336172,FIXED_HORIZON
BLS-2026-03-23,BLS,2026-03-23,2026-03-24,230.0,2026-04-02,249.5,5,0.08478260869565224,FIXED_HORIZON
CASTROLIND-2026-03-23,CASTROLIND,2026-03-23,2026-03-24,172.2582354718494,2026-04-02,169.31646434966328,5,-0.017077680577233467,FIXED_HORIZON
CDSL-2026-03-23,CDSL,2026-03-23,2026-03-24,1159.4239238866116,2026-04-02,1144.5595436177798,5,-0.012820487797943314,FIXED_HORIZON
CGCL-2026-03-23,CGCL,2026-03-23,2026-03-24,163.0,2026-04-02,170.83999633789062,5,0.048098137042273725,FIXED_HORIZON
CHOLAFIN-2026-03-23,CHOLAFIN,2026-03-23,2026-03-24,1399.4502921591873,2026-04-02,1359.1661456989157,5,-0.02878569298672118,FIXED_HORIZON
CONCOR-2026-03-23,CONCOR,2026-03-23,2026-03-24,433.6742631548129,2026-04-02,436.6651254913382,5,0.006896564058858301,FIXED_HORIZON
DALBHARAT-2026-03-23,DALBHARAT,2026-03-23,2026-03-24,1765.8249801514044,2026-04-02,1795.7372578612312,5,0.016939548395822346,FIXED_HORIZON
FEDERALBNK-2026-03-23,FEDERALBNK,2026-03-23,2026-03-24,261.3571133858817,2026-04-02,263.00149783461654,5,0.006291714916161428,FIXED_HORIZON
FIRSTCRY-2026-03-23,FIRSTCRY,2026-03-23,2026-03-24,228.0,2026-04-02,217.0,5,-0.04824561403508776,FIXED_HORIZON
GRAVITA-2026-03-23,GRAVITA,2026-03-23,2026-03-24,1349.0,2026-04-02,1301.0,5,-0.03558191252779841,FIXED_HORIZON
GRSE-2026-03-23,GRSE,2026-03-23,2026-03-24,2200.0,2026-04-02,2302.0,5,0.046363636363636385,FIXED_HORIZON
GVT&D-2026-03-23,GVT&D,2026-03-23,2026-03-24,3596.0989913328654,2026-04-02,3780.542397368409,5,0.051289857837640174,FIXED_HORIZON
HDFCAMC-2026-03-23,HDFCAMC,2026-03-23,2026-03-24,2250.770890364278,2026-04-02,2248.81375416248,5,-0.0008695403917726718,FIXED_HORIZON
HUDCO-2026-03-23,HUDCO,2026-03-23,2026-03-24,165.2306957755649,2026-04-02,161.67337597401047,5,-0.021529412466957054,FIXED_HORIZON
ICICIGI-2026-03-23,ICICIGI,2026-03-23,2026-03-24,1743.3805377119377,2026-04-02,1681.6150005922482,5,-0.035428603098180966,FIXED_HORIZON
INDUSINDBK-2026-03-23,INDUSINDBK,2026-03-23,2026-03-24,788.5727571458157,2026-04-02,770.9513068858236,5,-0.022346004348123505,FIXED_HORIZON
ITC-2026-03-23,ITC,2026-03-23,2026-03-24,288.1011820084419,2026-04-02,282.5523525472668,5,-0.019260002414750677,FIXED_HORIZON
ITCHOTELS-2026-03-23,ITCHOTELS,2026-03-23,2026-03-24,144.05550020666115,2026-04-02,143.85680331659182,5,-0.0013793079041360956,FIXED_HORIZON
JINDALSTEL-2026-03-23,JINDALSTEL,2026-03-23,2026-03-24,1127.3812427315152,2026-04-02,1128.9783978784076,5,0.0014166948023923709,FIXED_HORIZON
JIOFIN-2026-03-23,JIOFIN,2026-03-23,2026-03-24,232.30596970540336,2026-04-02,227.3176511257169,5,-0.021473053774779594,FIXED_HORIZON
JPPOWER-2026-03-23,JPPOWER,2026-03-23,2026-03-24,15.039999961853027,2026-04-02,14.760000228881836,5,-0.01861700356924023,FIXED_HORIZON
KAJARIACER-2026-03-23,KAJARIACER,2026-03-23,2026-03-24,915.7999877929688,2026-04-02,969.9000244140625,5,0.059074074407308164,FIXED_HORIZON
LATENTVIEW-2026-03-23,LATENTVIEW,2026-03-23,2026-03-24,255.4499969482422,2026-04-02,259.8999938964844,5,0.017420227055801485,FIXED_HORIZON
LODHA-2026-03-23,LODHA,2026-03-23,2026-03-24,737.4094206886655,2026-04-02,672.6369253012276,5,-0.08783790058845053,FIXED_HORIZON
LTF-2026-03-23,LTF,2026-03-23,2026-03-24,251.41151881660787,2026-04-02,237.6531824786224,5,-0.05472436745438658,FIXED_HORIZON
LTM-2026-03-23,LTM,2026-03-23,2026-03-24,4154.325988689822,2026-04-02,4026.0453642437074,5,-0.030878805562047806,FIXED_HORIZON
MEDANTA-2026-03-23,MEDANTA,2026-03-23,2026-03-24,998.6458516808078,2026-04-02,977.3034147575573,5,-0.021371376937409092,FIXED_HORIZON
MFSL-2026-03-23,MFSL,2026-03-23,2026-03-24,1594.9000244140625,2026-04-02,1451.199951171875,5,-0.09009973731424348,FIXED_HORIZON
MOTILALOFS-2026-03-23,MOTILALOFS,2026-03-23,2026-03-24,649.7999877929688,2026-04-02,665.0,5,0.023391832090760456,FIXED_HORIZON
MUTHOOTFIN-2026-03-23,MUTHOOTFIN,2026-03-23,2026-03-24,3114.6639827343547,2026-04-02,3123.5886436363344,5,0.0028653687689754737,FIXED_HORIZON
NMDC-2026-03-23,NMDC,2026-03-23,2026-03-24,77.44999694824219,2026-04-02,78.0,5,0.007101395396120758,FIXED_HORIZON
NSLNISP-2026-03-23,NSLNISP,2026-03-23,2026-03-24,35.5,2026-04-02,35.20000076293945,5,-0.00845068273409988,FIXED_HORIZON
PCBL-2026-03-23,PCBL,2026-03-23,2026-03-24,236.69522696688512,2026-04-02,246.55753505932736,5,0.04166669610884055,FIXED_HORIZON
PETRONET-2026-03-23,PETRONET,2026-03-23,2026-03-24,240.3275313004817,2026-04-02,253.08039678482837,5,0.05306452163569131,FIXED_HORIZON
PHOENIXLTD-2026-03-23,PHOENIXLTD,2026-03-23,2026-03-24,1499.0,2026-04-02,1508.0999755859375,5,0.006070697522306601,FIXED_HORIZON
PVRINOX-2026-03-23,PVRINOX,2026-03-23,2026-03-24,954.9000244140625,2026-04-02,935.0,5,-0.02083990355563492,FIXED_HORIZON
RAMCOCEM-2026-03-23,RAMCOCEM,2026-03-23,2026-03-24,888.5750027882356,2026-04-02,926.1724060093198,5,0.04231201992303224,FIXED_HORIZON
RKFORGE-2026-03-23,RKFORGE,2026-03-23,2026-03-24,474.236325011391,2026-04-02,487.2154305611643,5,0.027368433975321294,FIXED_HORIZON
SAMMAANCAP-2026-03-23,SAMMAANCAP,2026-03-23,2026-03-24,135.89999389648438,2026-04-02,146.10000610351562,5,0.07505528083246737,FIXED_HORIZON
TATACHEM-2026-03-23,TATACHEM,2026-03-23,2026-03-24,602.7329984312128,2026-04-02,590.9147221210535,5,-0.019607813643719108,FIXED_HORIZON
TATAPOWER-2026-03-23,TATAPOWER,2026-03-23,2026-03-24,392.56743056190095,2026-04-02,376.51687831934544,5,-0.04088610259791947,FIXED_HORIZON
TITAN-2026-03-23,TITAN,2026-03-23,2026-03-24,3937.3802406338946,2026-04-02,3982.930835009521,5,0.011568756785423684,FIXED_HORIZON
TRITURBINE-2026-03-23,TRITURBINE,2026-03-23,2026-03-24,444.8999938964844,2026-04-02,453.1000061035156,5,0.018431135804733545,FIXED_HORIZON
ULTRACEMCO-2026-03-23,ULTRACEMCO,2026-03-23,2026-03-24,10436.964945543305,2026-04-02,10426.184389528895,5,-0.0010329205924001217,FIXED_HORIZON
VBL-2026-03-23,VBL,2026-03-23,2026-03-24,390.60385968082056,2026-04-02,396.2850063577379,5,0.014544522631086299,FIXED_HORIZON
VOLTAS-2026-03-23,VOLTAS,2026-03-23,2026-03-24,1279.3809481814249,2026-04-02,1235.3192769204113,5,-0.03443983695680708,FIXED_HORIZON
WHIRLPOOL-2026-03-23,WHIRLPOOL,2026-03-23,2026-03-24,786.5962737679732,2026-04-02,814.6783716667825,5,0.0357007766694466,FIXED_HORIZON
WOCKPHARMA-2026-03-23,WOCKPHARMA,2026-03-23,2026-03-24,1130.0,2026-04-02,1234.0,5,0.09203539823008855,FIXED_HORIZON
YESBANK-2026-03-23,YESBANK,2026-03-23,2026-03-24,18.139999389648438,2026-04-02,17.700000762939453,5,-0.02425571342411781,FIXED_HORIZON
ZEEL-2026-03-23,ZEEL,2026-03-23,2026-03-24,69.27999877929688,2026-04-02,74.23999786376953,5,0.07159352153387832,FIXED_HORIZON
ACE-2026-03-27,ACE,2026-03-27,2026-03-30,775.0,2026-04-08,851.0,5,0.09806451612903233,FIXED_HORIZON
BAJAJHLDNG-2026-03-27,BAJAJHLDNG,2026-03-27,2026-03-30,8915.219678996113,2026-04-08,9383.402306528962,5,0.05251498497966001,FIXED_HORIZON
BHARTIHEXA-2026-03-27,BHARTIHEXA,2026-03-27,2026-03-30,1483.675856260119,2026-04-08,1547.6717264394501,5,0.04313332316443064,FIXED_HORIZON
CRISIL-2026-03-27,CRISIL,2026-03-27,2026-03-30,3795.171138283285,2026-04-08,3868.0359247256215,5,0.01919934142292634,FIXED_HORIZON
ENRIN-2026-03-27,ENRIN,2026-03-27,2026-03-30,2619.199951171875,2026-04-08,2690.0,5,0.02703117369731456,FIXED_HORIZON
FLUOROCHEM-2026-03-27,FLUOROCHEM,2026-03-27,2026-03-30,3054.699951171875,2026-04-08,3273.10009765625,5,0.07149643172010722,FIXED_HORIZON
GILLETTE-2026-03-27,GILLETTE,2026-03-27,2026-03-30,7380.964151432014,2026-04-08,7735.603537356042,5,0.048047840180232004,FIXED_HORIZON
GODFRYPHLP-2026-03-27,GODFRYPHLP,2026-03-27,2026-03-30,1873.7908425049875,2026-04-08,1988.019998670887,5,0.060961529736793585,FIXED_HORIZON
HONAUT-2026-03-27,HONAUT,2026-03-27,2026-03-30,26913.904395922367,2026-04-08,27921.056629834253,5,0.03742126073928076,FIXED_HORIZON
JYOTHYLAB-2026-03-27,JYOTHYLAB,2026-03-27,2026-03-30,199.2580952854716,2026-04-08,215.1751499898897,5,0.0798815961861632,FIXED_HORIZON
NH-2026-03-27,NH,2026-03-27,2026-03-30,1601.4504926688617,2026-04-08,1756.1077779771115,5,0.09657325406950856,FIXED_HORIZON
PGHH-2026-03-27,PGHH,2026-03-27,2026-03-30,9125.0,2026-04-08,9980.0,5,0.0936986301369862,FIXED_HORIZON
PTCIL-2026-03-27,PTCIL,2026-03-27,2026-03-30,15300.0,2026-04-08,16500.0,5,0.07843137254901955,FIXED_HORIZON
UPL-2026-03-27,UPL,2026-03-27,2026-03-30,586.0768828289448,2026-04-08,619.0081398638837,5,0.0561893123577617,FIXED_HORIZON
ANANTRAJ-2026-03-30,ANANTRAJ,2026-03-30,2026-04-01,424.3027989834011,2026-04-09,484.20439249567795,5,0.14117652218132126,FIXED_HORIZON
BRIGADE-2026-03-30,BRIGADE,2026-03-30,2026-04-01,503.0100743093481,2026-04-09,539.2223447394306,5,0.07199114347720226,FIXED_HORIZON
CANBK-2026-03-30,CANBK,2026-03-30,2026-04-01,123.931772570899,2026-04-09,134.08676618878403,5,0.08194019505430328,FIXED_HORIZON
CAPLIPOINT-2026-03-30,CAPLIPOINT,2026-03-30,2026-04-01,1561.9060784734625,2026-04-09,1658.7142333984375,5,0.06198077865193463,FIXED_HORIZON
COLPAL-2026-03-30,COLPAL,2026-03-30,2026-04-01,1800.771785999339,2026-04-09,1884.3860525175107,5,0.04643246144139801,FIXED_HORIZON
DEVYANI-2026-03-30,DEVYANI,2026-03-30,2026-04-01,96.58999633789062,2026-04-09,106.48999786376953,5,0.10249510199013545,FIXED_HORIZON
GROWW-2026-03-30,GROWW,2026-03-30,2026-04-01,158.0,2026-04-09,182.0,5,0.1518987341772151,FIXED_HORIZON
HDBFS-2026-03-30,HDBFS,2026-03-30,2026-04-01,572.3654564633545,2026-04-09,624.1177212477489,5,0.09041821829041119,FIXED_HORIZON
ICICIPRULI-2026-03-30,ICICIPRULI,2026-03-30,2026-04-01,515.1123868831116,2026-04-09,539.7269185664901,5,0.047784779225206186,FIXED_HORIZON
INTELLECT-2026-03-30,INTELLECT,2026-03-30,2026-04-01,602.1497787383648,2026-04-09,680.6436850384555,5,0.13035611582313034,FIXED_HORIZON
IRFC-2026-03-30,IRFC,2026-03-30,2026-04-01,90.83000183105469,2026-04-09,99.0,5,0.08994823300941523,FIXED_HORIZON
JUBLFOOD-2026-03-30,JUBLFOOD,2026-03-30,2026-04-01,446.7793816158939,2026-04-09,432.6695191755498,5,-0.03158127483258544,FIXED_HORIZON
KOTAKBANK-2026-03-30,KOTAKBANK,2026-03-30,2026-04-01,363.1729833091824,2026-04-09,376.3502495688028,5,0.0362837184075504,FIXED_HORIZON
LGEINDIA-2026-03-30,LGEINDIA,2026-03-30,2026-04-01,1454.0,2026-04-09,1425.0,5,-0.019944979367262694,FIXED_HORIZON
LICI-2026-03-30,LICI,2026-03-30,2026-04-01,363.968147707369,2026-04-09,389.2260936072467,5,0.06939603385344895,FIXED_HORIZON
PATANJALI-2026-03-30,PATANJALI,2026-03-30,2026-04-01,468.95133283682367,2026-04-09,464.9922526779553,5,-0.00844241157162029,FIXED_HORIZON
SBICARD-2026-03-30,SBICARD,2026-03-30,2026-04-01,647.5499877929688,2026-04-09,671.7999877929688,5,0.03744884635493673,FIXED_HORIZON
SYNGENE-2026-03-30,SYNGENE,2026-03-30,2026-04-01,393.9351756194611,2026-04-09,401.2644357032727,5,0.018605244053888637,FIXED_HORIZON
TATATECH-2026-03-30,TATATECH,2026-03-30,2026-04-01,511.1500913199972,2026-04-09,552.8594896036419,5,0.08159912125992985,FIXED_HORIZON
TMCV-2026-03-30,TMCV,2026-03-30,2026-04-01,409.87324956390796,2026-04-09,429.20499524634704,5,0.047165180218536884,FIXED_HORIZON
UNIONBANK-2026-03-30,UNIONBANK,2026-03-30,2026-04-01,166.09606689686422,2026-04-09,180.63676947765342,5,0.08754393076518863,FIXED_HORIZON
ACUTAAS-2026-04-01,ACUTAAS,2026-04-01,2026-04-02,2281.0,2026-04-10,2350.0,5,0.030249890398947876,FIXED_HORIZON
IPCALAB-2026-04-01,IPCALAB,2026-04-01,2026-04-02,1499.6932990290438,2026-04-10,1450.9624837897627,5,-0.03249385409058725,FIXED_HORIZON
KARURVYSYA-2026-04-02,KARURVYSYA,2026-04-02,2026-04-06,272.877700457271,2026-04-13,274.3661357587247,5,0.005454587527524257,FIXED_HORIZON
TORNTPHARM-2026-04-02,TORNTPHARM,2026-04-02,2026-04-06,3979.292045716009,2026-04-13,4108.4353461835235,5,0.03245383826667014,FIXED_HORIZON
UBL-2026-04-02,UBL,2026-04-02,2026-04-06,1474.5074445839318,2026-04-13,1429.8254437064345,5,-0.030303001210079006,FIXED_HORIZON
IRB-2026-04-06,IRB,2026-04-06,2026-04-07,20.57097547642062,2026-04-15,21.69556169827772,5,0.05466858988511025,FIXED_HORIZON
OIL-2026-04-08,OIL,2026-04-08,2026-04-09,459.0,2026-04-17,464.1000061035156,5,0.011111124408530682,FIXED_HORIZON
JAINREC-2026-04-09,JAINREC,2026-04-09,2026-04-10,427.0,2026-04-20,422.0,5,-0.011709601873536313,FIXED_HORIZON
COALINDIA-2026-04-10,COALINDIA,2026-04-10,2026-04-13,429.26535647525697,2026-04-21,436.46909147945235,5,0.01678154292101741,FIXED_HORIZON
SUNPHARMA-2026-04-10,SUNPHARMA,2026-04-10,2026-04-13,1650.5741187712865,2026-04-21,1662.8419400281655,5,0.007432457056827824,FIXED_HORIZON
AFCONS-2026-04-13,AFCONS,2026-04-13,2026-04-15,307.86170586246766,2026-04-22,330.5044287914334,5,0.0735483579080829,FIXED_HORIZON
JYOTICNC-2026-04-13,JYOTICNC,2026-04-13,2026-04-15,708.0,2026-04-22,761.0,5,0.07485875706214684,FIXED_HORIZON
SUPREMEIND-2026-04-16,SUPREMEIND,2026-04-16,2026-04-17,3634.3006058952883,2026-04-24,3640.0601146084678,5,0.0015847639856310103,FIXED_HORIZON
IEX-2026-04-20,IEX,2026-04-20,2026-04-21,122.26602344529904,2026-04-28,124.44161020869703,5,0.01779387847983238,FIXED_HORIZON
HCLTECH-2026-04-22,HCLTECH,2026-04-22,2026-04-23,1252.9751562640483,2026-04-30,1187.8727402459547,5,-0.05195826564686823,FIXED_HORIZON
HEXT-2026-04-22,HEXT,2026-04-22,2026-04-23,450.4379595528343,2026-04-30,445.3343739635596,5,-0.011330274194344514,FIXED_HORIZON
PERSISTENT-2026-04-22,PERSISTENT,2026-04-22,2026-04-23,5063.413575224634,2026-04-30,4789.165960860749,5,-0.054162594125390706,FIXED_HORIZON
TATAELXSI-2026-04-22,TATAELXSI,2026-04-22,2026-04-23,4278.276987703179,2026-04-30,4075.316659693591,5,-0.0474397353404058,FIXED_HORIZON
HAVELLS-2026-04-23,HAVELLS,2026-04-23,2026-04-24,1255.7406280776902,2026-05-04,1234.9443092731485,5,-0.016560998616710343,FIXED_HORIZON
IIFL-2026-04-23,IIFL,2026-04-23,2026-04-24,423.0,2026-05-04,465.20001220703125,5,0.0997636222388445,FIXED_HORIZON
KIMS-2026-04-23,KIMS,2026-04-23,2026-04-24,656.0499877929688,2026-05-04,672.0,5,0.024312190387639543,FIXED_HORIZON
UNIONBANK-2026-04-23,UNIONBANK,2026-04-23,2026-04-24,174.15805501860729,2026-05-04,162.21079154232467,5,-0.06860012001745286,FIXED_HORIZON
ANANTRAJ-2026-04-24,ANANTRAJ,2026-04-24,2026-04-27,465.2355648167718,2026-05-05,511.3597859564436,5,0.09914164915108614,FIXED_HORIZON
CANHLIFE-2026-04-24,CANHLIFE,2026-04-24,2026-04-27,140.24558564359583,2026-05-05,141.62190420416803,5,0.009813631953235369,FIXED_HORIZON
CEATLTD-2026-04-24,CEATLTD,2026-04-24,2026-04-27,3454.638129335819,2026-05-05,3269.6265641475748,5,-0.05355454269353943,FIXED_HORIZON
COFORGE-2026-04-24,COFORGE,2026-04-24,2026-04-27,1150.6723399987065,2026-05-05,1160.62630778052,5,0.008650566660726833,FIXED_HORIZON
CYIENT-2026-04-24,CYIENT,2026-04-24,2026-04-27,880.0,2026-05-05,875.0,5,-0.005681818181818232,FIXED_HORIZON
EMMVEE-2026-04-24,EMMVEE,2026-04-24,2026-04-27,261.70001220703125,2026-05-05,265.0,5,0.012609811383417657,FIXED_HORIZON
GLAND-2026-04-24,GLAND,2026-04-24,2026-04-27,1704.7210130318306,2026-05-05,1801.8870687182941,5,0.05699821551073314,FIXED_HORIZON
GODREJCP-2026-04-24,GODREJCP,2026-04-24,2026-04-27,1088.5452827346799,2026-05-05,1061.8263254741403,5,-0.02454556340863956,FIXED_HORIZON
INFY-2026-04-24,INFY,2026-04-24,2026-04-27,1130.1443119385692,2026-05-05,1144.728787187228,5,0.012904967175069393,FIXED_HORIZON
LTM-2026-04-24,LTM,2026-04-24,2026-04-27,4225.768791783037,2026-05-05,4147.122890255372,5,-0.01861102805259751,FIXED_HORIZON
SUNPHARMA-2026-04-24,SUNPHARMA,2026-04-24,2026-04-27,1620.752361551774,2026-05-05,1823.720351054043,5,0.1252307226675513,FIXED_HORIZON
TECHM-2026-04-24,TECHM,2026-04-24,2026-04-27,1328.3792487414287,2026-05-05,1427.893073228236,5,0.07491371502610544,FIXED_HORIZON
UTIAMC-2026-04-24,UTIAMC,2026-04-24,2026-04-27,900.5408628785243,2026-05-05,918.8015804886348,5,0.020277500292148032,FIXED_HORIZON
ZENSARTECH-2026-04-24,ZENSARTECH,2026-04-24,2026-04-27,525.5864012112532,2026-05-05,500.8374227841597,5,-0.047088315774642786,FIXED_HORIZON
MRPL-2026-04-27,MRPL,2026-04-27,2026-04-28,173.3000030517578,2026-05-06,157.2899932861328,5,-0.09238320533002786,FIXED_HORIZON
CANFINHOME-2026-04-28,CANFINHOME,2026-04-28,2026-04-29,878.4637624807881,2026-05-07,900.4625292653085,5,0.025042315601494725,FIXED_HORIZON
MSUMI-2026-04-28,MSUMI,2026-04-28,2026-04-29,38.392748905600776,2026-05-07,41.48782479511163,5,0.08061615741870831,FIXED_HORIZON
ZYDUSLIFE-2026-04-28,ZYDUSLIFE,2026-04-28,2026-04-29,914.1784638264585,2026-05-07,944.1515418630879,5,0.032786900176111855,FIXED_HORIZON
APOLLOTYRE-2026-04-30,APOLLOTYRE,2026-04-30,2026-05-04,408.9114870448804,2026-05-11,406.1274289875631,5,-0.006808461355383044,FIXED_HORIZON
HEG-2026-04-30,HEG,2026-04-30,2026-05-04,593.6446870717874,2026-05-11,592.0536906277775,5,-0.0026800483162034983,FIXED_HORIZON
KFINTECH-2026-04-30,KFINTECH,2026-04-30,2026-05-04,890.443251964665,2026-05-11,892.909846317887,5,0.002770074732757699,FIXED_HORIZON
SCHAEFFLER-2026-04-30,SCHAEFFLER,2026-04-30,2026-05-04,4192.2001953125,2026-05-11,4249.0,5,0.013548924679458452,FIXED_HORIZON
VEDL-2026-04-30,VEDL,2026-04-30,2026-05-04,277.0,2026-05-11,296.6000061035156,5,0.07075814477803477,FIXED_HORIZON
WAAREEENER-2026-04-30,WAAREEENER,2026-04-30,2026-05-04,3159.800048828125,2026-05-11,3220.0,5,0.019051822976647426,FIXED_HORIZON
DMART-2026-05-04,DMART,2026-05-04,2026-05-05,4380.0,2026-05-12,4389.0,5,0.00205479452054802,FIXED_HORIZON
KAJARIACER-2026-05-04,KAJARIACER,2026-05-04,2026-05-05,1114.0,2026-05-12,1090.5,5,-0.02109515260323158,FIXED_HORIZON
MAZDOCK-2026-05-04,MAZDOCK,2026-05-04,2026-05-05,2610.2877951191526,2026-05-12,2543.4084196445388,5,-0.025621456607071602,FIXED_HORIZON
SONACOMS-2026-05-04,SONACOMS,2026-05-04,2026-05-05,573.7822849885152,2026-05-12,591.9295989028604,5,0.03162752561227711,FIXED_HORIZON
SUNTV-2026-05-04,SUNTV,2026-05-04,2026-05-05,564.8556613431305,2026-05-12,561.9358667553104,5,-0.005169098563830077,FIXED_HORIZON
ZENTEC-2026-05-04,ZENTEC,2026-05-04,2026-05-05,1519.7035454317665,2026-05-12,1639.1409388291588,5,0.0785925608691389,FIXED_HORIZON
AARTIIND-2026-05-05,AARTIIND,2026-05-05,2026-05-06,492.20001220703125,2026-05-13,466.0,5,-0.053230417629512194,FIXED_HORIZON
CESC-2026-05-05,CESC,2026-05-05,2026-05-06,181.9116867135143,2026-05-13,173.8599468206376,5,-0.04426180658506618,FIXED_HORIZON
EMCURE-2026-05-05,EMCURE,2026-05-05,2026-05-06,1705.0,2026-05-13,1659.9000244140625,5,-0.0264515985841276,FIXED_HORIZON
GODREJPROP-2026-05-05,GODREJPROP,2026-05-05,2026-05-06,1810.3493020284789,2026-05-13,1701.7741438202168,5,-0.05997470106272018,FIXED_HORIZON
SYNGENE-2026-05-05,SYNGENE,2026-05-05,2026-05-06,454.6633315019125,2026-05-13,476.65109432444854,5,0.048360536905192486,FIXED_HORIZON
VOLTAS-2026-05-05,VOLTAS,2026-05-05,2026-05-06,1375.6783126902426,2026-05-13,1265.6240847086376,5,-0.07999997307974249,FIXED_HORIZON
OIL-2026-05-06,OIL,2026-05-06,2026-05-07,454.0,2026-05-14,525.4000244140625,5,0.15726877624242852,FIXED_HORIZON
ONGC-2026-05-06,ONGC,2026-05-06,2026-05-07,282.0,2026-05-14,300.0,5,0.06382978723404253,FIXED_HORIZON
UBL-2026-05-06,UBL,2026-05-06,2026-05-07,1415.4278904348394,2026-05-14,1384.9449289373397,5,-0.021536216506327865,FIXED_HORIZON
VTL-2026-05-06,VTL,2026-05-06,2026-05-07,612.803221616504,2026-05-14,604.7713426708708,5,-0.013106783160254931,FIXED_HORIZON
BRIGADE-2026-05-07,BRIGADE,2026-05-07,2026-05-08,577.8636392563277,2026-05-15,523.7134789791648,5,-0.09370750571337305,FIXED_HORIZON
GODREJCP-2026-05-07,GODREJCP,2026-05-07,2026-05-08,1027.2897734603866,2026-05-15,1027.622505340106,5,0.00032389291543188925,FIXED_HORIZON
ABREL-2026-05-08,ABREL,2026-05-08,2026-05-11,1478.7222091201559,2026-05-18,1283.7620739304882,5,-0.1318436512194332,FIXED_HORIZON
ACMESOLAR-2026-05-08,ACMESOLAR,2026-05-08,2026-05-11,281.95001220703125,2026-05-18,274.3500061035156,5,-0.026955154369474044,FIXED_HORIZON
BANKBARODA-2026-05-08,BANKBARODA,2026-05-08,2026-05-11,257.56917329564953,2026-05-18,251.85402891900054,5,-0.022188774780469878,FIXED_HORIZON
BRITANNIA-2026-05-08,BRITANNIA,2026-05-08,2026-05-11,5415.311429445277,2026-05-18,5297.276978798221,5,-0.021796428919167,FIXED_HORIZON
CCL-2026-05-08,CCL,2026-05-08,2026-05-11,1113.0999755859375,2026-05-18,1116.300048828125,5,0.002874919874563009,FIXED_HORIZON
CUB-2026-05-08,CUB,2026-05-08,2026-05-11,192.33559619479544,2026-05-18,186.20552086063617,5,-0.031871767137429896,FIXED_HORIZON
DALBHARAT-2026-05-08,DALBHARAT,2026-05-08,2026-05-11,1819.6671228173957,2026-05-18,1722.8509215552551,5,-0.05320544623141832,FIXED_HORIZON
ESCORTS-2026-05-08,ESCORTS,2026-05-08,2026-05-11,3103.285194504582,2026-05-18,2928.8589992979005,5,-0.05620694982064878,FIXED_HORIZON
LUPIN-2026-05-08,LUPIN,2026-05-08,2026-05-11,2313.6243509192086,2026-05-18,2223.8751505284617,5,-0.03879160433070705,FIXED_HORIZON
SBIN-2026-05-08,SBIN,2026-05-08,2026-05-11,989.1701581334676,2026-05-18,952.0,5,-0.037577112317668804,FIXED_HORIZON
ABB-2026-05-11,ABB,2026-05-11,2026-05-12,6285.998718594454,2026-05-19,6355.678379038948,5,0.01108489892598552,FIXED_HORIZON
ACC-2026-05-11,ACC,2026-05-11,2026-05-12,1346.2105842482715,2026-05-19,1359.633002843368,5,0.009970519287360702,FIXED_HORIZON
BALKRISIND-2026-05-11,BALKRISIND,2026-05-11,2026-05-12,2174.335577784432,2026-05-19,2111.653760178645,5,-0.028828032915534485,FIXED_HORIZON
BHARTIARTL-2026-05-11,BHARTIARTL,2026-05-11,2026-05-12,1729.7309124435978,2026-05-19,1904.432241563304,5,0.10099913683851836,FIXED_HORIZON
CANBK-2026-05-11,CANBK,2026-05-11,2026-05-12,123.5832698181435,2026-05-19,121.09533580625006,5,-0.02013164092157871,FIXED_HORIZON
INTELLECT-2026-05-11,INTELLECT,2026-05-11,2026-05-12,753.1453139043276,2026-05-19,689.3596766598788,5,-0.08469233767622109,FIXED_HORIZON
KALYANKJIL-2026-05-11,KALYANKJIL,2026-05-11,2026-05-12,380.20001220703125,2026-05-19,347.6000061035156,5,-0.08574435838198724,FIXED_HORIZON
MGL-2026-05-11,MGL,2026-05-11,2026-05-12,1091.0250953605416,2026-05-19,1030.0134992542646,5,-0.05592134989902775,FIXED_HORIZON
NBCC-2026-05-11,NBCC,2026-05-11,2026-05-12,95.04294816149132,2026-05-19,91.19952300349502,5,-0.04043882510321317,FIXED_HORIZON
PVRINOX-2026-05-11,PVRINOX,2026-05-11,2026-05-12,1045.0,2026-05-19,1010.0,5,-0.03349282296650713,FIXED_HORIZON
SAIL-2026-05-11,SAIL,2026-05-11,2026-05-12,179.89999389648438,2026-05-19,192.0,5,0.06725962486957093,FIXED_HORIZON
SIEMENS-2026-05-11,SIEMENS,2026-05-11,2026-05-12,3587.371606234165,2026-05-19,3522.6895305891185,5,-0.018030492166644096,FIXED_HORIZON
SWIGGY-2026-05-11,SWIGGY,2026-05-11,2026-05-12,263.95001220703125,2026-05-19,255.10000610351562,5,-0.03352909904991419,FIXED_HORIZON
TITAN-2026-05-11,TITAN,2026-05-11,2026-05-12,4146.394386830651,2026-05-19,4122.7718541827335,5,-0.005697126332927849,FIXED_HORIZON
URBANCO-2026-05-11,URBANCO,2026-05-11,2026-05-12,126.0999984741211,2026-05-19,123.79000091552734,5,-0.01831877546824734,FIXED_HORIZON
ABBOTINDIA-2026-05-12,ABBOTINDIA,2026-05-12,2026-05-13,26480.355951303613,2026-05-20,27208.320749097627,5,0.02749074820341213,FIXED_HORIZON
ACE-2026-05-12,ACE,2026-05-12,2026-05-13,879.4500122070312,2026-05-20,873.0499877929688,5,-0.007277303229550558,FIXED_HORIZON
BSOFT-2026-05-12,BSOFT,2026-05-12,2026-05-13,326.77411489090866,2026-05-20,315.3429336386873,5,-0.03498190563850978,FIXED_HORIZON
CONCOR-2026-05-12,CONCOR,2026-05-12,2026-05-13,511.0377810621498,2026-05-20,498.97465536746483,5,-0.023605154338320666,FIXED_HORIZON
HAL-2026-05-12,HAL,2026-05-12,2026-05-13,4540.79868159305,2026-05-20,4291.3040794197095,5,-0.054945092189334854,FIXED_HORIZON
INDHOTEL-2026-05-12,INDHOTEL,2026-05-12,2026-05-13,634.125896635979,2026-05-20,646.1224380455202,5,0.01891823291428807,FIXED_HORIZON
JBCHEPHARM-2026-05-12,JBCHEPHARM,2026-05-12,2026-05-13,2113.146375851289,2026-05-20,2160.8443354209485,5,0.02257200926293801,FIXED_HORIZON
JSWENERGY-2026-05-12,JSWENERGY,2026-05-12,2026-05-13,516.194401612135,2026-05-20,531.0937645058552,5,0.02886385990856888,FIXED_HORIZON
JSWINFRA-2026-05-12,JSWINFRA,2026-05-12,2026-05-13,271.2319340777388,2026-05-20,262.25900942495355,5,-0.033082109904556734,FIXED_HORIZON
KARURVYSYA-2026-05-12,KARURVYSYA,2026-05-12,2026-05-13,281.01444546720745,2026-05-20,289.25037290980407,5,0.029307843690753232,FIXED_HORIZON
KAYNES-2026-05-12,KAYNES,2026-05-12,2026-05-13,4055.199951171875,2026-05-20,3079.0,5,-0.24072794508930984,FIXED_HORIZON
LENSKART-2026-05-12,LENSKART,2026-05-12,2026-05-13,476.0,2026-05-20,488.04998779296875,5,0.02531510040539664,FIXED_HORIZON
LTF-2026-05-12,LTF,2026-05-12,2026-05-13,278.13636897538987,2026-05-20,272.24698982680735,5,-0.021174430263392274,FIXED_HORIZON
LTM-2026-05-12,LTM,2026-05-12,2026-05-13,4090.2845287970063,2026-05-20,4198.533500420884,5,0.02646490014613101,FIXED_HORIZON
OLECTRA-2026-05-12,OLECTRA,2026-05-12,2026-05-13,1266.0,2026-05-20,1210.0,5,-0.04423380726698267,FIXED_HORIZON
PATANJALI-2026-05-12,PATANJALI,2026-05-12,2026-05-13,440.6045798436945,2026-05-20,468.81917867178026,5,0.0640360997566003,FIXED_HORIZON
PHOENIXLTD-2026-05-12,PHOENIXLTD,2026-05-12,2026-05-13,1725.0,2026-05-20,1710.0,5,-0.008695652173912993,FIXED_HORIZON
SAGILITY-2026-05-12,SAGILITY,2026-05-12,2026-05-13,43.600137975241935,2026-05-20,42.07363154102176,5,-0.035011504667416204,FIXED_HORIZON
SHRIRAMFIN-2026-05-12,SHRIRAMFIN,2026-05-12,2026-05-13,919.9959392292865,2026-05-20,914.8251309253491,5,-0.005620468616708396,FIXED_HORIZON
SONATSOFTW-2026-05-12,SONATSOFTW,2026-05-12,2026-05-13,271.92936264686654,2026-05-20,258.51470433335965,5,-0.04933140791760493,FIXED_HORIZON
TCS-2026-05-12,TCS,2026-05-12,2026-05-13,2262.7444282326155,2026-05-20,2280.308816116464,5,0.007762426752528917,FIXED_HORIZON
UPL-2026-05-12,UPL,2026-05-12,2026-05-13,620.9889479964176,2026-05-20,623.8612039429086,5,0.0046252931807533315,FIXED_HORIZON
USHAMART-2026-05-12,USHAMART,2026-05-12,2026-05-13,456.6691551996859,2026-05-20,464.6094880629247,5,0.017387495461056002,FIXED_HORIZON
VIJAYA-2026-05-12,VIJAYA,2026-05-12,2026-05-13,1271.0,2026-05-20,1304.4000244140625,5,0.026278540058271016,FIXED_HORIZON
PINELABS-2026-05-13,PINELABS,2026-05-13,2026-05-14,165.97999572753906,2026-05-21,150.5,5,-0.09326422536454282,FIXED_HORIZON
SUNTV-2026-05-13,SUNTV,2026-05-13,2026-05-14,527.5911693381412,2026-05-21,519.6730933984935,5,-0.015007976630050157,FIXED_HORIZON
TORNTPOWER-2026-05-13,TORNTPOWER,2026-05-13,2026-05-14,1459.1461438134013,2026-05-21,1518.7397730919681,5,0.04084143972229004,FIXED_HORIZON
LICHSGFIN-2026-05-14,LICHSGFIN,2026-05-14,2026-05-15,551.0361060235592,2026-05-22,531.7238788876367,5,-0.035047117466195266,FIXED_HORIZON
TIINDIA-2026-05-14,TIINDIA,2026-05-14,2026-05-15,2763.493733826851,2026-05-22,3009.759467089996,5,0.08911391049985107,FIXED_HORIZON
HINDALCO-2026-05-15,HINDALCO,2026-05-15,2026-05-18,1044.5508777969617,2026-05-25,1104.239484507139,5,0.057142842899203794,FIXED_HORIZON
HINDCOPPER-2026-05-15,HINDCOPPER,2026-05-15,2026-05-18,580.0,2026-05-25,554.7999877929688,5,-0.04344829690867458,FIXED_HORIZON
HUDCO-2026-05-15,HUDCO,2026-05-15,2026-05-18,202.09171741172227,2026-05-25,204.0633356288058,5,0.009756056518965162,FIXED_HORIZON
IOC-2026-05-15,IOC,2026-05-15,2026-05-18,132.81625551323756,2026-05-25,142.78737359308977,5,0.07507453090979821,FIXED_HORIZON
MUTHOOTFIN-2026-05-15,MUTHOOTFIN,2026-05-15,2026-05-18,3278.300048828125,2026-05-25,3321.10009765625,5,0.013055561782218339,FIXED_HORIZON
NAVA-2026-05-15,NAVA,2026-05-15,2026-05-18,617.2334125496467,2026-05-25,602.3722991273335,5,-0.024076974966286135,FIXED_HORIZON
PETRONET-2026-05-15,PETRONET,2026-05-15,2026-05-18,259.8028326101979,2026-05-25,271.86372011926346,5,0.04642323329538667,FIXED_HORIZON
VOLTAS-2026-05-15,VOLTAS,2026-05-15,2026-05-18,1201.9241126711781,2026-05-25,1276.9883987569362,5,0.062453432204578885,FIXED_HORIZON
AFCONS-2026-05-18,AFCONS,2026-05-18,2026-05-19,294.4548040225406,2026-05-26,303.74033543834565,5,0.03153465757377916,FIXED_HORIZON
AMBER-2026-05-18,AMBER,2026-05-18,2026-05-19,7158.0,2026-05-26,7445.5,5,0.040164850516904105,FIXED_HORIZON
APOLLOTYRE-2026-05-18,APOLLOTYRE,2026-05-18,2026-05-19,376.7951773826338,2026-05-26,387.78233551782023,5,0.02915949777146154,FIXED_HORIZON
ATUL-2026-05-18,ATUL,2026-05-18,2026-05-19,6871.1187091367465,2026-05-26,6990.530105899562,5,0.01737874163111619,FIXED_HORIZON
DELHIVERY-2026-05-18,DELHIVERY,2026-05-18,2026-05-19,460.0,2026-05-26,458.0,5,-0.004347826086956497,FIXED_HORIZON
JAINREC-2026-05-18,JAINREC,2026-05-18,2026-05-19,452.95001220703125,2026-05-26,392.20001220703125,5,-0.1341207602666601,FIXED_HORIZON
JKTYRE-2026-05-18,JKTYRE,2026-05-18,2026-05-19,356.41388491826444,2026-05-26,383.4914436997896,5,0.07597223320223567,FIXED_HORIZON
KEC-2026-05-18,KEC,2026-05-18,2026-05-19,484.75376036841175,2026-05-26,502.1511307982404,5,0.03588908813540037,FIXED_HORIZON
MAPMYINDIA-2026-05-18,MAPMYINDIA,2026-05-18,2026-05-19,947.1700626216084,2026-05-26,865.3602020455936,5,-0.08637293745283581,FIXED_HORIZON
PGEL-2026-05-18,PGEL,2026-05-18,2026-05-19,459.0,2026-05-26,471.0,5,0.02614379084967311,FIXED_HORIZON
POWERGRID-2026-05-18,POWERGRID,2026-05-18,2026-05-19,296.6000061035156,2026-05-26,295.0,5,-0.005394491134828927,FIXED_HORIZON
SJVN-2026-05-18,SJVN,2026-05-18,2026-05-19,73.1105813033986,2026-05-26,73.79693009542225,5,0.009387817464826309,FIXED_HORIZON
TATASTEEL-2026-05-18,TATASTEEL,2026-05-18,2026-05-19,206.33480077691178,2026-05-26,205.6587344197238,5,-0.003276550318426108,FIXED_HORIZON
TVSMOTOR-2026-05-18,TVSMOTOR,2026-05-18,2026-05-19,3285.0,2026-05-26,3469.5,5,0.05616438356164388,FIXED_HORIZON
UNOMINDA-2026-05-18,UNOMINDA,2026-05-18,2026-05-19,1055.963224604099,2026-05-26,1116.2698608963437,5,0.0571105459802872,FIXED_HORIZON
ASTRAL-2026-05-19,ASTRAL,2026-05-19,2026-05-20,1429.9509201589658,2026-05-27,1575.4221547936438,5,0.10173162769705835,FIXED_HORIZON
PIIND-2026-05-20,PIIND,2026-05-20,2026-05-21,2888.1333926736256,2026-05-29,2845.6857586544484,5,-0.014697255371533324,FIXED_HORIZON
BOSCHLTD-2026-05-21,BOSCHLTD,2026-05-21,2026-05-22,35193.40669895068,2026-06-01,36912.09716298018,5,0.04883558101468877,FIXED_HORIZON
JUBLFOOD-2026-05-21,JUBLFOOD,2026-05-21,2026-05-22,433.7663979130212,2026-06-01,428.7805652947226,5,-0.01149428042902112,FIXED_HORIZON
AUROPHARMA-2026-05-22,AUROPHARMA,2026-05-22,2026-05-25,1455.199951171875,2026-06-02,1436.9000244140625,5,-0.012575541074665075,FIXED_HORIZON
CENTRALBK-2026-05-22,CENTRALBK,2026-05-22,2026-05-25,31.290000915527344,2026-06-02,30.100000381469727,5,-0.03803133586573626,FIXED_HORIZON
ENGINERSIN-2026-05-22,ENGINERSIN,2026-05-22,2026-05-25,219.1999969482422,2026-06-02,222.0,5,0.01277373672782911,FIXED_HORIZON
GLENMARK-2026-05-22,GLENMARK,2026-05-22,2026-05-25,2268.10009765625,2026-06-02,2218.699951171875,5,-0.021780408428809128,FIXED_HORIZON
MAXHEALTH-2026-05-22,MAXHEALTH,2026-05-22,2026-05-25,1018.2404141831782,2026-06-02,923.9579713986694,5,-0.09259349901186276,FIXED_HORIZON
NH-2026-05-22,NH,2026-05-22,2026-05-25,1925.7318316587468,2026-06-02,1902.3835468637485,5,-0.012124369764863419,FIXED_HORIZON
PREMIERENE-2026-05-22,PREMIERENE,2026-05-22,2026-05-25,996.0,2026-06-02,1044.699951171875,5,0.04889553330509533,FIXED_HORIZON
SUNTV-2026-05-22,SUNTV,2026-05-22,2026-05-25,485.67492759531325,2026-06-02,502.7977331079703,5,0.035255691697811065,FIXED_HORIZON
WELCORP-2026-05-22,WELCORP,2026-05-22,2026-05-25,1280.6476215678292,2026-06-02,1368.5557162192702,5,0.06864346848496838,FIXED_HORIZON
WELSPUNLIV-2026-05-22,WELSPUNLIV,2026-05-22,2026-05-25,139.76603082851236,2026-06-02,145.03285448665827,5,0.03768314537463047,FIXED_HORIZON
COLPAL-2026-05-25,COLPAL,2026-05-25,2026-05-26,2075.4338207612423,2026-06-03,1997.0,5,-0.037791530607549695,FIXED_HORIZON
SARDAEN-2026-05-25,SARDAEN,2026-05-25,2026-05-26,541.8213015600829,2026-06-03,518.3114653674444,5,-0.043390387430220945,FIXED_HORIZON
CONCOR-2026-05-26,CONCOR,2026-05-26,2026-05-27,479.03561736810144,2026-06-04,450.5227561121929,5,-0.05952138050310907,FIXED_HORIZON
EIDPARRY-2026-05-26,EIDPARRY,2026-05-26,2026-05-27,764.5999755859375,2026-06-04,754.0999755859375,5,-0.013732671115969541,FIXED_HORIZON
JUBLINGREA-2026-05-26,JUBLINGREA,2026-05-26,2026-05-27,697.651135449428,2026-06-04,628.932493003614,5,-0.09850000803273307,FIXED_HORIZON
POLYMED-2026-05-26,POLYMED,2026-05-26,2026-05-27,1437.057187044232,2026-06-04,1332.4712606299815,5,-0.07277784583462887,FIXED_HORIZON
RVNL-2026-05-26,RVNL,2026-05-26,2026-05-27,258.9428847293754,2026-06-04,236.26358089297148,5,-0.08758419394341099,FIXED_HORIZON
TECHNOE-2026-05-26,TECHNOE,2026-05-26,2026-05-27,1183.199951171875,2026-06-04,1044.0,5,-0.11764702241071545,FIXED_HORIZON
GESHIP-2026-05-27,GESHIP,2026-05-27,2026-05-29,1505.8002126530364,2026-06-05,1476.1194541389173,5,-0.01971095386009092,FIXED_HORIZON
LICI-2026-05-27,LICI,2026-05-27,2026-05-29,408.0351931944555,2026-06-05,386.8321872123246,5,-0.05196366964362864,FIXED_HORIZON
ONGC-2026-05-27,ONGC,2026-05-27,2026-05-29,275.95001220703125,2026-06-05,267.79998779296875,5,-0.029534423096701845,FIXED_HORIZON
ANANDRATHI-2026-05-29,ANANDRATHI,2026-05-29,2026-06-01,1748.949951171875,2026-06-08,1747.0,5,-0.0011149267996882761,FIXED_HORIZON
ANURAS-2026-05-29,ANURAS,2026-05-29,2026-06-01,1299.800048828125,2026-06-08,1318.0,5,0.014002116085688465,FIXED_HORIZON
ASHOKLEY-2026-05-29,ASHOKLEY,2026-05-29,2026-06-01,154.39615806330727,2026-06-08,140.6999969482422,5,-0.08870791402367162,FIXED_HORIZON
BALRAMCHIN-2026-05-29,BALRAMCHIN,2026-05-29,2026-06-01,516.2000122070312,2026-06-08,530.0,5,0.0267337998191175,FIXED_HORIZON
BDL-2026-05-29,BDL,2026-05-29,2026-06-01,1212.199951171875,2026-06-08,1191.0,5,-0.017488823647765606,FIXED_HORIZON
BEML-2026-05-29,BEML,2026-05-29,2026-06-01,1732.7028060843404,2026-06-08,1735.0999755859375,5,0.0013834856694290298,FIXED_HORIZON
BLUESTARCO-2026-05-29,BLUESTARCO,2026-05-29,2026-06-01,1582.339836591713,2026-06-08,1559.2530883919758,5,-0.014590259099755087,FIXED_HORIZON
CASTROLIND-2026-05-29,CASTROLIND,2026-05-29,2026-06-01,177.08700620022563,2026-06-08,177.09667792649978,5,5.461567441722437e-05,FIXED_HORIZON
COROMANDEL-2026-05-29,COROMANDEL,2026-05-29,2026-06-01,1764.7817295418358,2026-06-08,1793.15417423377,5,0.016077027666928645,FIXED_HORIZON
FACT-2026-05-29,FACT,2026-05-29,2026-06-01,880.0,2026-06-08,864.0,5,-0.018181818181818188,FIXED_HORIZON
FORTIS-2026-05-29,FORTIS,2026-05-29,2026-06-01,932.1111625899076,2026-06-08,954.587319051477,5,0.02411317165124216,FIXED_HORIZON
GILLETTE-2026-05-29,GILLETTE,2026-05-29,2026-06-01,8009.890896704134,2026-06-08,7700.883395246999,5,-0.03857824100753782,FIXED_HORIZON
HAVELLS-2026-05-29,HAVELLS,2026-05-29,2026-06-01,1185.300048828125,2026-06-08,1143.0999755859375,5,-0.035602861304114164,FIXED_HORIZON
HEROMOTOCO-2026-05-29,HEROMOTOCO,2026-05-29,2026-06-01,4844.24454493927,2026-06-08,4725.491252040853,5,-0.024514305955605997,FIXED_HORIZON
HOMEFIRST-2026-05-29,HOMEFIRST,2026-05-29,2026-06-01,1067.9000244140625,2026-06-08,1060.199951171875,5,-0.007210481380419798,FIXED_HORIZON
ICICIGI-2026-05-29,ICICIGI,2026-05-29,2026-06-01,1790.9000244140625,2026-06-08,1735.0,5,-0.03121336961975396,FIXED_HORIZON
ITC-2026-05-29,ITC,2026-05-29,2026-06-01,287.79998779296875,2026-06-08,279.0,5,-0.030576748319041225,FIXED_HORIZON
JSL-2026-05-29,JSL,2026-05-29,2026-06-01,685.1269234756517,2026-06-08,682.6871887389066,5,-0.003560996733814381,FIXED_HORIZON
JSWSTEEL-2026-05-29,JSWSTEEL,2026-05-29,2026-06-01,1272.1926307824046,2026-06-08,1262.7469355576784,5,-0.0074247366288524574,FIXED_HORIZON
JYOTICNC-2026-05-29,JYOTICNC,2026-05-29,2026-06-01,596.0,2026-06-08,629.0499877929688,5,0.05545299965263206,FIXED_HORIZON
LEMONTREE-2026-05-29,LEMONTREE,2026-05-29,2026-06-01,114.33000183105469,2026-06-08,109.0,5,-0.0466194502378372,FIXED_HORIZON
LTFOODS-2026-05-29,LTFOODS,2026-05-29,2026-06-01,393.005613327286,2026-06-08,377.69242333231006,5,-0.03896430350022384,FIXED_HORIZON
MCX-2026-05-29,MCX,2026-05-29,2026-06-01,2959.7478271864456,2026-06-08,2714.3491703688783,5,-0.08291201519382307,FIXED_HORIZON
MRF-2026-05-29,MRF,2026-05-29,2026-06-01,125056.72209350513,2026-06-08,123284.81517668132,5,-0.014168825850872313,FIXED_HORIZON
NATCOPHARM-2026-05-29,NATCOPHARM,2026-05-29,2026-06-01,1008.2916538787996,2026-06-08,883.4033194628867,5,-0.12386131922790367,FIXED_HORIZON
NMDC-2026-05-29,NMDC,2026-05-29,2026-06-01,89.0999984741211,2026-06-08,91.1500015258789,5,0.02300789098613998,FIXED_HORIZON
NTPC-2026-05-29,NTPC,2026-05-29,2026-06-01,386.8999938964844,2026-06-08,358.95001220703125,5,-0.07224084293196231,FIXED_HORIZON
PNBHOUSING-2026-05-29,PNBHOUSING,2026-05-29,2026-06-01,1031.9465772604062,2026-06-08,970.4266787247961,5,-0.05961539084603784,FIXED_HORIZON
POLICYBZR-2026-05-29,POLICYBZR,2026-05-29,2026-06-01,1702.5,2026-06-08,1520.0,5,-0.10719530102790009,FIXED_HORIZON
POWERGRID-2026-05-29,POWERGRID,2026-05-29,2026-06-01,291.0,2026-06-08,283.0,5,-0.027491408934707917,FIXED_HORIZON
PWL-2026-05-29,PWL,2026-05-29,2026-06-01,108.20999908447266,2026-06-08,101.0,5,-0.06662969360940729,FIXED_HORIZON
SUNDARMFIN-2026-05-29,SUNDARMFIN,2026-05-29,2026-06-01,4203.932186743981,2026-06-08,4068.546132443241,5,-0.032204623739565896,FIXED_HORIZON
SUNPHARMA-2026-05-29,SUNPHARMA,2026-05-29,2026-06-01,1807.2635612540878,2026-06-08,1776.0452214162383,5,-0.01727381689485652,FIXED_HORIZON
TATASTEEL-2026-05-29,TATASTEEL,2026-05-29,2026-06-01,205.75672634529082,2026-06-08,199.32927789315295,5,-0.031238096398130133,FIXED_HORIZON
TENNIND-2026-05-29,TENNIND,2026-05-29,2026-06-01,597.8499755859375,2026-06-08,581.25,5,-0.02776612237822418,FIXED_HORIZON
ALKEM-2026-06-01,ALKEM,2026-06-01,2026-06-02,5263.080286476352,2026-06-09,5395.3436946575075,5,0.02513041811674621,FIXED_HORIZON
DABUR-2026-06-01,DABUR,2026-06-01,2026-06-02,416.1511739606495,2026-06-09,416.59541611146255,5,0.001067501856561126,FIXED_HORIZON
FINCABLES-2026-06-01,FINCABLES,2026-06-01,2026-06-02,990.0,2026-06-09,1022.9000244140625,5,0.03323234789299234,FIXED_HORIZON
GVT&D-2026-06-01,GVT&D,2026-06-01,2026-06-02,4745.753335958743,2026-06-09,4788.148638714257,5,0.008933313586756197,FIXED_HORIZON
ICICIAMC-2026-06-01,ICICIAMC,2026-06-01,2026-06-02,3311.1445076408127,2026-06-09,3257.353146557737,5,-0.016245549222918654,FIXED_HORIZON
INOXWIND-2026-06-01,INOXWIND,2026-06-01,2026-06-02,83.01000213623047,2026-06-09,85.0,5,0.02397298894780997,FIXED_HORIZON
IREDA-2026-06-01,IREDA,2026-06-01,2026-06-02,124.77999877929688,2026-06-09,120.01000213623047,5,-0.03822725348397604,FIXED_HORIZON
JKTYRE-2026-06-01,JKTYRE,2026-06-01,2026-06-02,380.17481166748945,2026-06-09,367.20530262514893,5,-0.03411459319320709,FIXED_HORIZON
JMFINANCIL-2026-06-01,JMFINANCIL,2026-06-01,2026-06-02,116.18551023748228,2026-06-09,117.11129475149686,5,0.007968158095809752,FIXED_HORIZON
JPPOWER-2026-06-01,JPPOWER,2026-06-01,2026-06-02,18.729999542236328,2026-06-09,18.649999618530273,5,-0.004271218668513765,FIXED_HORIZON
JWL-2026-06-01,JWL,2026-06-01,2026-06-02,274.20001220703125,2026-06-09,278.0,5,0.013858452311444891,FIXED_HORIZON
LINDEINDIA-2026-06-01,LINDEINDIA,2026-06-01,2026-06-02,6888.318208809888,2026-06-09,6936.736236380835,5,0.007029005644515918,FIXED_HORIZON
MSUMI-2026-06-01,MSUMI,2026-06-01,2026-06-02,36.96349454623128,2026-06-09,37.45634105952817,5,0.013333331151373473,FIXED_HORIZON
POWERINDIA-2026-06-01,POWERINDIA,2026-06-01,2026-06-02,36291.335869623275,2026-06-09,35191.59744293556,5,-0.03030305719906612,FIXED_HORIZON
SUZLON-2026-06-01,SUZLON,2026-06-01,2026-06-02,52.849998474121094,2026-06-09,54.599998474121094,5,0.033112583737479495,FIXED_HORIZON
FORCEMOT-2026-06-02,FORCEMOT,2026-06-02,2026-06-03,17829.0,2026-06-10,17800.0,5,-0.0016265634640193483,FIXED_HORIZON
NHPC-2026-06-02,NHPC,2026-06-02,2026-06-03,75.3537861164305,2026-06-10,73.59860075501001,5,-0.023292596853839775,FIXED_HORIZON
NIACL-2026-06-02,NIACL,2026-06-02,2026-06-03,147.03894280473105,2026-06-10,149.76646961673302,5,0.01854969003432072,FIXED_HORIZON
HCLTECH-2026-06-03,HCLTECH,2026-06-03,2026-06-04,1154.6123413674918,2026-06-11,1101.6530107998524,5,-0.045867629047612435,FIXED_HORIZON
LTM-2026-06-03,LTM,2026-06-03,2026-06-04,4025.10009765625,2026-06-11,3899.800048828125,5,-0.03112967275051992,FIXED_HORIZON
LTTS-2026-06-03,LTTS,2026-06-03,2026-06-04,3279.89990234375,2026-06-11,3300.89990234375,5,0.006402634417286279,FIXED_HORIZON
TATAELXSI-2026-06-03,TATAELXSI,2026-06-03,2026-06-04,4243.893663098231,2026-06-11,4080.0,5,-0.03861870162377756,FIXED_HORIZON
TCS-2026-06-03,TCS,2026-06-03,2026-06-04,2229.4759194813155,2026-06-11,2115.4013888441136,5,-0.0511665228767042,FIXED_HORIZON
TECHM-2026-06-03,TECHM,2026-06-03,2026-06-04,1423.0197287220692,2026-06-11,1419.900901866935,5,-0.0021916961460084483,FIXED_HORIZON
GABRIEL-2026-06-04,GABRIEL,2026-06-04,2026-06-05,1019.889835505187,2026-06-12,1037.8526792181915,5,0.017612533322392432,FIXED_HORIZON
NATIONALUM-2026-06-04,NATIONALUM,2026-06-04,2026-06-05,411.454235048431,2026-06-12,379.03663089182186,5,-0.07878787334098858,FIXED_HORIZON
PATANJALI-2026-06-04,PATANJALI,2026-06-04,2026-06-05,422.2253610393788,2026-06-12,422.2253618687099,5,1.9641905879552723e-09,FIXED_HORIZON
ZENSARTECH-2026-06-04,ZENSARTECH,2026-06-04,2026-06-05,472.524974343142,2026-06-12,442.2599674470172,5,-0.06404953926127666,FIXED_HORIZON
HINDZINC-2026-06-05,HINDZINC,2026-06-05,2026-06-08,555.0,2026-06-15,571.0,5,0.028828828828828756,FIXED_HORIZON
GMDCLTD-2026-06-08,GMDCLTD,2026-06-08,2026-06-09,610.9500122070312,2026-06-16,609.5999755859375,5,-0.0022097333564440325,FIXED_HORIZON
GRAVITA-2026-06-08,GRAVITA,2026-06-08,2026-06-09,1546.0,2026-06-16,1666.4000244140625,5,0.07787841165204568,FIXED_HORIZON
MUTHOOTFIN-2026-06-08,MUTHOOTFIN,2026-06-08,2026-06-09,2971.0,2026-06-16,3165.0,5,0.06529787950185129,FIXED_HORIZON
NAM-INDIA-2026-06-08,NAM-INDIA,2026-06-08,2026-06-09,1043.803692623001,2026-06-16,1133.4253155940446,5,0.08586061115173016,FIXED_HORIZON
SHREECEM-2026-06-08,SHREECEM,2026-06-08,2026-06-09,23473.98381321068,2026-06-16,24905.264183127263,5,0.06097304919802693,FIXED_HORIZON
WIPRO-2026-06-08,WIPRO,2026-06-08,2026-06-09,181.8926537660442,2026-06-16,180.33049322515495,5,-0.008588365217313987,FIXED_HORIZON
BLS-2026-06-10,BLS,2026-06-10,2026-06-11,252.0,2026-06-18,264.6000061035156,5,0.05000002422030003,FIXED_HORIZON
JINDALSAW-2026-06-10,JINDALSAW,2026-06-10,2026-06-11,226.27999877929688,2026-06-18,260.0,5,0.1490189208176198,FIXED_HORIZON
JINDALSTEL-2026-06-10,JINDALSTEL,2026-06-10,2026-06-11,1116.999838770958,2026-06-18,1133.969478216559,5,0.015192159261431026,FIXED_HORIZON
KARURVYSYA-2026-06-10,KARURVYSYA,2026-06-10,2026-06-11,271.9350340418997,2026-06-18,295.7001920216407,5,0.08739277770321885,FIXED_HORIZON
MANAPPURAM-2026-06-10,MANAPPURAM,2026-06-10,2026-06-11,284.43266176720454,2026-06-18,318.13580175552835,5,0.11849250989293325,FIXED_HORIZON
OIL-2026-06-10,OIL,2026-06-10,2026-06-11,429.6499938964844,2026-06-18,416.8999938964844,5,-0.029675317540146073,FIXED_HORIZON
AADHARHFC-2026-06-11,AADHARHFC,2026-06-11,2026-06-12,460.0,2026-06-19,486.45001220703125,5,0.05750002653702446,FIXED_HORIZON
BALKRISIND-2026-06-11,BALKRISIND,2026-06-11,2026-06-12,2003.0316211896989,2026-06-19,2221.770664605049,5,0.10920398914393092,FIXED_HORIZON
DEVYANI-2026-06-11,DEVYANI,2026-06-11,2026-06-12,107.88999938964844,2026-06-19,116.0,5,0.07516915985013606,FIXED_HORIZON
GLAXO-2026-06-11,GLAXO,2026-06-11,2026-06-12,2116.0,2026-06-19,2260.0,5,0.06805293005671076,FIXED_HORIZON
INDIAMART-2026-06-11,INDIAMART,2026-06-11,2026-06-12,1922.5796258475384,2026-06-19,2080.89990234375,5,0.08234783848102967,FIXED_HORIZON
MRPL-2026-06-11,MRPL,2026-06-11,2026-06-12,158.39999389648438,2026-06-19,158.8000030517578,5,0.002525310421001903,FIXED_HORIZON
PFC-2026-06-11,PFC,2026-06-11,2026-06-12,409.7886229650774,2026-06-19,420.76594172623396,5,0.026787758727240263,FIXED_HORIZON
SAPPHIRE-2026-06-11,SAPPHIRE,2026-06-11,2026-06-12,166.35000610351562,2026-06-19,185.8300018310547,5,0.11710246475985775,FIXED_HORIZON
SRF-2026-06-11,SRF,2026-06-11,2026-06-12,2691.5858516227013,2026-06-19,2695.877772563254,5,0.0015945695872807697,FIXED_HORIZON
NESTLEIND-2026-06-12,NESTLEIND,2026-06-12,2026-06-15,1403.2544619555651,2026-06-22,1415.9932745499898,5,0.009078048878370826,FIXED_HORIZON
AUROPHARMA-2026-06-15,AUROPHARMA,2026-06-15,2026-06-16,1408.4000244140625,2026-06-23,1492.199951171875,5,0.05950008896987624,FIXED_HORIZON
GICRE-2026-06-16,GICRE,2026-06-16,2026-06-17,351.0,2026-06-24,368.0,5,0.04843304843304841,FIXED_HORIZON
VMM-2026-06-16,VMM,2026-06-16,2026-06-17,117.08000183105469,2026-06-24,118.4000015258789,5,0.011274339547149737,FIXED_HORIZON
CIPLA-2026-06-17,CIPLA,2026-06-17,2026-06-18,1353.199951171875,2026-06-25,1448.0,5,0.07005620178010497,FIXED_HORIZON
COLPAL-2026-06-17,COLPAL,2026-06-17,2026-06-18,2032.5,2026-06-25,1970.0999755859375,5,-0.03070111902290895,FIXED_HORIZON
CYIENT-2026-06-17,CYIENT,2026-06-17,2026-06-18,870.0999755859375,2026-06-25,896.5999755859375,5,0.030456270248892414,FIXED_HORIZON
TMPV-2026-06-17,TMPV,2026-06-17,2026-06-18,360.9061641968756,2026-06-25,352.29998779296875,5,-0.023846022200973316,FIXED_HORIZON
AWL-2026-06-19,AWL,2026-06-19,2026-06-22,186.4499969482422,2026-06-30,183.0,5,-0.01850360420869246,FIXED_HORIZON
FACT-2026-06-19,FACT,2026-06-19,2026-06-22,891.9000244140625,2026-06-30,875.0,5,-0.018948339445516993,FIXED_HORIZON
ICICIPRULI-2026-06-19,ICICIPRULI,2026-06-19,2026-06-22,503.0,2026-06-30,490.6499938964844,5,-0.0245526960308462,FIXED_HORIZON
INFY-2026-06-19,INFY,2026-06-19,2026-06-22,1055.0,2026-06-30,1030.0,5,-0.023696682464455,FIXED_HORIZON
ANTHEM-2026-06-22,ANTHEM,2026-06-22,2026-06-23,770.4412915301924,2026-07-01,775.9500122070312,5,0.007150084941446755,FIXED_HORIZON
VBL-2026-06-22,VBL,2026-06-22,2026-06-23,511.48274769214765,2026-07-01,508.43613316670667,5,-0.005956436535127674,FIXED_HORIZON
ADANIPORTS-2026-06-23,ADANIPORTS,2026-06-23,2026-06-24,1786.0,2026-07-02,1858.5,5,0.04059350503919368,FIXED_HORIZON
INDIAMART-2026-06-23,INDIAMART,2026-06-23,2026-06-24,1993.4000244140625,2026-07-02,1872.0,5,-0.06090098471316452,FIXED_HORIZON
JINDALSTEL-2026-06-23,JINDALSTEL,2026-06-23,2026-06-24,1074.0766131552753,2026-07-02,1032.1517942744606,5,-0.03903335978767253,FIXED_HORIZON
JSWSTEEL-2026-06-23,JSWSTEEL,2026-06-23,2026-06-24,1232.918247985572,2026-07-02,1218.9981780223573,5,-0.011290343042580697,FIXED_HORIZON
NATIONALUM-2026-06-23,NATIONALUM,2026-06-23,2026-06-24,352.1050819496158,2026-07-02,334.6494449704459,5,-0.04957507821959717,FIXED_HORIZON
VEDL-2026-06-23,VEDL,2026-06-23,2026-06-24,280.95001220703125,2026-07-02,277.0,5,-0.014059484019956159,FIXED_HORIZON
IRFC-2026-06-24,IRFC,2026-06-24,2026-06-25,91.01000213623047,2026-07-03,91.4000015258789,5,0.004285236572840079,FIXED_HORIZON
ASTRAL-2026-06-25,ASTRAL,2026-06-25,2026-06-29,1414.7748611182496,2026-07-06,1399.7984337034288,5,-0.010585731925561115,FIXED_HORIZON
BANDHANBNK-2026-06-25,BANDHANBNK,2026-06-25,2026-06-29,202.16761077358484,2026-07-06,198.92570300365315,5,-0.01603574260746654,FIXED_HORIZON
CASTROLIND-2026-06-25,CASTROLIND,2026-06-25,2026-06-29,179.55461277661243,2026-07-06,178.43209066453213,5,-0.006251703004015008,FIXED_HORIZON
HINDZINC-2026-06-25,HINDZINC,2026-06-25,2026-06-29,518.0499877929688,2026-07-06,539.4000244140625,5,0.04121230986231783,FIXED_HORIZON
NAUKRI-2026-06-25,NAUKRI,2026-06-25,2026-06-29,985.707561716607,2026-07-06,1031.466373669241,5,0.04642229980760737,FIXED_HORIZON
ONGC-2026-06-25,ONGC,2026-06-25,2026-06-29,234.0,2026-07-06,239.60000610351562,5,0.023931650015023953,FIXED_HORIZON
POWERGRID-2026-06-25,POWERGRID,2026-06-25,2026-06-29,287.0,2026-07-06,287.20001220703125,5,0.0006969066447082284,FIXED_HORIZON
SUPREMEIND-2026-06-25,SUPREMEIND,2026-06-25,2026-06-29,3397.699951171875,2026-07-06,3245.0,5,-0.044942153034792987,FIXED_HORIZON
AFFLE-2026-06-29,AFFLE,2026-06-29,2026-06-30,1410.0,2026-07-07,1453.0,5,0.03049645390070932,FIXED_HORIZON
BAYERCROP-2026-06-29,BAYERCROP,2026-06-29,2026-06-30,4053.061565830181,2026-07-07,4130.967320405048,5,0.01922145847269152,FIXED_HORIZON
BRITANNIA-2026-06-29,BRITANNIA,2026-06-29,2026-06-30,5028.257546087147,2026-07-07,5364.6548601868,5,0.06690136911571454,FIXED_HORIZON
CANFINHOME-2026-06-29,CANFINHOME,2026-06-29,2026-06-30,837.9840742745532,2026-07-07,924.7999877929688,5,0.1036009110239624,FIXED_HORIZON
COROMANDEL-2026-06-29,COROMANDEL,2026-06-29,2026-06-30,1918.0326029536732,2026-07-07,2062.9913212617257,5,0.07557677491238857,FIXED_HORIZON
DEEPAKNTR-2026-06-29,DEEPAKNTR,2026-06-29,2026-06-30,1557.884549304083,2026-07-07,1602.7795089147673,5,0.028817899009743186,FIXED_HORIZON
GILLETTE-2026-06-29,GILLETTE,2026-06-29,2026-06-30,7562.003847881332,2026-07-07,7708.323175876168,5,0.019349279759468763,FIXED_HORIZON
HINDPETRO-2026-06-29,HINDPETRO,2026-06-29,2026-06-30,373.8877296458467,2026-07-07,383.35026734075177,5,0.02530850023847564,FIXED_HORIZON
IGL-2026-06-29,IGL,2026-06-29,2026-06-30,165.0,2026-07-07,152.0,5,-0.07878787878787874,FIXED_HORIZON
KOTAKBANK-2026-06-29,KOTAKBANK,2026-06-29,2026-06-30,394.81837337924236,2026-07-07,380.8425077948944,5,-0.03539821479109195,FIXED_HORIZON
KPITTECH-2026-06-29,KPITTECH,2026-06-29,2026-06-30,706.5340689877689,2026-07-07,554.76560690129,5,-0.21480699763553268,FIXED_HORIZON
LALPATHLAB-2026-06-29,LALPATHLAB,2026-06-29,2026-06-30,1645.5177602051292,2026-07-07,1690.4980512907366,5,0.0273350383529134,FIXED_HORIZON
LATENTVIEW-2026-06-29,LATENTVIEW,2026-06-29,2026-06-30,280.1000061035156,2026-07-07,288.0,5,0.028204190376078797,FIXED_HORIZON
LTTS-2026-06-29,LTTS,2026-06-29,2026-06-30,3150.0,2026-07-07,3180.0,5,0.00952380952380949,FIXED_HORIZON
MRF-2026-06-29,MRF,2026-06-29,2026-06-30,124847.08931780286,2026-07-07,135663.21336323477,5,0.08663497166440992,FIXED_HORIZON
PERSISTENT-2026-06-29,PERSISTENT,2026-06-29,2026-06-30,4316.00981550835,2026-07-07,4713.6285651739745,5,0.09212647020331022,FIXED_HORIZON
PIIND-2026-06-29,PIIND,2026-06-29,2026-06-30,2558.8154351982525,2026-07-07,2672.4076926525204,5,0.04439251690126955,FIXED_HORIZON
SYRMA-2026-06-29,SYRMA,2026-06-29,2026-06-30,1373.5948866502486,2026-07-07,1394.573506133043,5,0.015272785074174733,FIXED_HORIZON
TIMKEN-2026-06-29,TIMKEN,2026-06-29,2026-06-30,3492.079244841897,2026-07-07,3357.2884330392526,5,-0.03859901289518042,FIXED_HORIZON
UNITDSPR-2026-06-29,UNITDSPR,2026-06-29,2026-06-30,1337.996272727354,2026-07-07,1424.033625307582,5,0.06430313322536452,FIXED_HORIZON
UPL-2026-06-29,UPL,2026-06-29,2026-06-30,568.4970823977798,2026-07-07,604.1519642888705,5,0.06271779221927987,FIXED_HORIZON
WAAREEENER-2026-06-29,WAAREEENER,2026-06-29,2026-06-30,2900.0,2026-07-07,2878.699951171875,5,-0.00734484442349137,FIXED_HORIZON
ATUL-2026-06-30,ATUL,2026-06-30,2026-07-01,6456.164844227756,2026-07-08,6368.596884167129,5,-0.013563464095703526,FIXED_HORIZON
EICHERMOT-2026-06-30,EICHERMOT,2026-06-30,2026-07-01,7000.194912073809,2026-07-08,7338.155900564782,5,0.04827879691007797,FIXED_HORIZON
RRKABEL-2026-06-30,RRKABEL,2026-06-30,2026-07-01,2420.0,2026-07-08,2190.0,5,-0.0950413223140496,FIXED_HORIZON
TATACONSUM-2026-06-30,TATACONSUM,2026-06-30,2026-07-01,1078.9000244140625,2026-07-08,1112.9000244140625,5,0.03151357793180609,FIXED_HORIZON
TATAELXSI-2026-06-30,TATAELXSI,2026-06-30,2026-07-01,3769.800048828125,2026-07-08,3707.0,5,-0.01665872142148417,FIXED_HORIZON
ZFCVINDIA-2026-06-30,ZFCVINDIA,2026-06-30,2026-07-01,2561.5598524626907,2026-07-08,2359.1107894357215,5,-0.07903350875535242,FIXED_HORIZON
COFORGE-2026-07-01,COFORGE,2026-07-01,2026-07-02,1388.5708837885395,2026-07-09,1443.317410829281,5,0.039426526711674015,FIXED_HORIZON
TATACHEM-2026-07-01,TATACHEM,2026-07-01,2026-07-02,688.0499877929688,2026-07-09,706.6500244140625,5,0.027032972823321177,FIXED_HORIZON
TATAPOWER-2026-07-01,TATAPOWER,2026-07-01,2026-07-02,376.79998779296875,2026-07-09,373.3999938964844,5,-0.009023338658791236,FIXED_HORIZON
AIAENG-2026-07-02,AIAENG,2026-07-02,2026-07-03,4812.0,2026-07-10,4710.0,5,-0.021197007481296715,FIXED_HORIZON
BANKBARODA-2026-07-02,BANKBARODA,2026-07-02,2026-07-03,258.25,2026-07-10,245.5,5,-0.04937076476282676,FIXED_HORIZON
DMART-2026-07-02,DMART,2026-07-02,2026-07-03,4090.0,2026-07-10,4089.0,5,-0.00024449877750609694,FIXED_HORIZON
BHEL-2026-07-03,BHEL,2026-07-03,2026-07-06,382.76528225806453,2026-07-13,391.4871425029143,5,0.022786445503616415,FIXED_HORIZON
CGPOWER-2026-07-03,CGPOWER,2026-07-03,2026-07-06,900.0,2026-07-13,912.0,5,0.01333333333333342,FIXED_HORIZON
ENRIN-2026-07-03,ENRIN,2026-07-03,2026-07-06,3306.5,2026-07-13,3495.10009765625,5,0.05703919481513675,FIXED_HORIZON
GVT&D-2026-07-03,GVT&D,2026-07-03,2026-07-06,4440.110276114602,2026-07-13,4633.032604824399,5,0.04344989577119618,FIXED_HORIZON
MARICO-2026-07-03,MARICO,2026-07-03,2026-07-06,835.1807173761218,2026-07-13,846.130652212273,5,0.013110856858085107,FIXED_HORIZON
POLICYBZR-2026-07-03,POLICYBZR,2026-07-03,2026-07-06,1576.0,2026-07-13,1575.0,5,-0.0006345177664974777,FIXED_HORIZON
POWERINDIA-2026-07-03,POWERINDIA,2026-07-03,2026-07-06,31067.58213113943,2026-07-13,32232.303271384928,5,0.03748991908443644,FIXED_HORIZON
UNIONBANK-2026-07-03,UNIONBANK,2026-07-03,2026-07-06,163.1999969482422,2026-07-13,163.0,5,-0.0012254715194977006,FIXED_HORIZON
IRB-2026-07-06,IRB,2026-07-06,2026-07-07,20.738361934496975,2026-07-14,20.279504182365375,5,-0.022126036452682296,FIXED_HORIZON
VBL-2026-07-06,VBL,2026-07-06,2026-07-07,499.4460831121741,2026-07-14,467.4815574536483,5,-0.06399995262621105,FIXED_HORIZON
HSCL-2026-07-07,HSCL,2026-07-07,2026-07-08,642.4000244140625,2026-07-15,676.0,5,0.0523038205308044,FIXED_HORIZON
KALYANKJIL-2026-07-07,KALYANKJIL,2026-07-07,2026-07-08,360.0,2026-07-15,534.0,5,0.4833333333333334,FIXED_HORIZON
NTPCGREEN-2026-07-07,NTPCGREEN,2026-07-07,2026-07-08,93.0,2026-07-15,94.1500015258789,5,0.012365607805149503,FIXED_HORIZON
TRENT-2026-07-07,TRENT,2026-07-07,2026-07-08,2921.0,2026-07-15,2875.0,5,-0.015748031496062964,FIXED_HORIZON
360ONE-2026-07-08,360ONE,2026-07-08,2026-07-09,1090.800048828125,2026-07-16,1106.0999755859375,5,0.014026334867008439,FIXED_HORIZON
BANKINDIA-2026-07-08,BANKINDIA,2026-07-08,2026-07-09,135.60000610351562,2026-07-16,145.3000030517578,5,0.07153389757842121,FIXED_HORIZON
CANBK-2026-07-08,CANBK,2026-07-08,2026-07-09,121.7699966430664,2026-07-16,127.0,5,0.04294985218948333,FIXED_HORIZON
FLUOROCHEM-2026-07-08,FLUOROCHEM,2026-07-08,2026-07-09,3843.89990234375,2026-07-16,4131.60009765625,5,0.07484591238629279,FIXED_HORIZON
FORTIS-2026-07-08,FORTIS,2026-07-08,2026-07-09,943.2493900173057,2026-07-16,980.2600707366572,5,0.039237428734168134,FIXED_HORIZON
GAIL-2026-07-08,GAIL,2026-07-08,2026-07-09,169.0,2026-07-16,172.89999389648438,5,0.02307688696144594,FIXED_HORIZON
HUDCO-2026-07-08,HUDCO,2026-07-08,2026-07-09,201.10591258153892,2026-07-16,203.85631050638597,5,0.0136763653019496,FIXED_HORIZON
IEX-2026-07-08,IEX,2026-07-08,2026-07-09,117.3499984741211,2026-07-16,119.05999755859375,5,0.014571786167085099,FIXED_HORIZON
INDIGO-2026-07-08,INDIGO,2026-07-08,2026-07-09,5124.0,2026-07-16,5179.5,5,0.010831381733021006,FIXED_HORIZON
INTELLECT-2026-07-08,INTELLECT,2026-07-08,2026-07-09,743.141600484128,2026-07-16,751.7586251509816,5,0.01159540074359966,FIXED_HORIZON
ITC-2026-07-08,ITC,2026-07-08,2026-07-09,281.25,2026-07-16,277.0,5,-0.015111111111111075,FIXED_HORIZON
ITCHOTELS-2026-07-08,ITCHOTELS,2026-07-08,2026-07-09,177.6300048828125,2026-07-16,185.0,5,0.041490710547746,FIXED_HORIZON
JIOFIN-2026-07-08,JIOFIN,2026-07-08,2026-07-09,230.4602798092027,2026-07-16,237.22443925758864,5,0.029350651895354796,FIXED_HORIZON
JUBLFOOD-2026-07-08,JUBLFOOD,2026-07-08,2026-07-09,427.9828472415206,2026-07-16,431.77205413413844,5,0.00885364195560756,FIXED_HORIZON
LTF-2026-07-08,LTF,2026-07-08,2026-07-09,314.75,2026-07-16,312.70001220703125,5,-0.006513066856135841,FIXED_HORIZON
PNB-2026-07-08,PNB,2026-07-08,2026-07-09,101.19999694824219,2026-07-16,106.08999633789062,5,0.04832015352875341,FIXED_HORIZON
PNBHOUSING-2026-07-08,PNBHOUSING,2026-07-08,2026-07-09,1068.2631140766027,2026-07-16,1105.2743478478512,5,0.03464617778480594,FIXED_HORIZON
SHYAMMETL-2026-07-08,SHYAMMETL,2026-07-08,2026-07-09,927.2656882488286,2026-07-16,1025.4830582126983,5,0.10592149715941335,FIXED_HORIZON
BLS-2026-07-09,BLS,2026-07-09,2026-07-10,234.5,2026-07-17,238.9499969482422,5,0.0189765328283249,FIXED_HORIZON
DRREDDY-2026-07-09,DRREDDY,2026-07-09,2026-07-10,1244.9000244140625,2026-07-17,1227.5,5,-0.013977045604326443,FIXED_HORIZON
ALKEM-2026-07-13,ALKEM,2026-07-13,2026-07-14,5536.590935681639,2026-07-21,5679.834423540218,5,0.025872145788380152,FIXED_HORIZON
ATUL-2026-07-14,ATUL,2026-07-14,2026-07-15,6042.20598915712,2026-07-22,6225.0,5,0.030252859828166834,FIXED_HORIZON
CHOLAHLDNG-2026-07-14,CHOLAHLDNG,2026-07-14,2026-07-15,1593.4420768661514,2026-07-22,1552.5743977326108,5,-0.025647420591475623,FIXED_HORIZON
HDFCLIFE-2026-07-14,HDFCLIFE,2026-07-14,2026-07-15,558.5,2026-07-22,560.0,5,0.0026857654431513556,FIXED_HORIZON
JINDALSAW-2026-07-14,JINDALSAW,2026-07-14,2026-07-15,253.0,2026-07-22,261.3500061035156,5,0.03300397669373756,FIXED_HORIZON
LT-2026-07-14,LT,2026-07-14,2026-07-15,3868.0,2026-07-22,3835.0,5,-0.008531540847983465,FIXED_HORIZON
SHRIRAMFIN-2026-07-14,SHRIRAMFIN,2026-07-14,2026-07-15,1028.0,2026-07-22,1058.0,5,0.029182879377431803,FIXED_HORIZON
THERMAX-2026-07-14,THERMAX,2026-07-14,2026-07-15,4383.0,2026-07-22,4840.0,5,0.10426648414328077,FIXED_HORIZON
PATANJALI-2026-07-15,PATANJALI,2026-07-15,2026-07-16,350.8941386206554,2026-07-23,333.8063959024287,5,-0.04869771488745189,FIXED_HORIZON
TATAELXSI-2026-07-15,TATAELXSI,2026-07-15,2026-07-16,3519.89990234375,2026-07-23,3410.60009765625,5,-0.031051963896678414,FIXED_HORIZON
GROWW-2026-07-16,GROWW,2026-07-16,2026-07-17,206.39999389648438,2026-07-24,202.5,5,-0.01889531982467174,FIXED_HORIZON
HDFCAMC-2026-07-16,HDFCAMC,2026-07-16,2026-07-17,2601.699951171875,2026-07-24,2499.89990234375,5,-0.03912828179216887,FIXED_HORIZON
ICICIGI-2026-07-16,ICICIGI,2026-07-16,2026-07-17,1616.9000244140625,2026-07-24,1614.300048828125,5,-0.001608000214410099,FIXED_HORIZON
ITCHOTELS-2026-07-16,ITCHOTELS,2026-07-16,2026-07-17,175.07000732421875,2026-07-24,160.0,5,-0.08607989200748722,FIXED_HORIZON
NAM-INDIA-2026-07-16,NAM-INDIA,2026-07-16,2026-07-17,1159.800048828125,2026-07-24,1100.0,5,-0.05156065382869024,FIXED_HORIZON
SIGNATURE-2026-07-16,SIGNATURE,2026-07-16,2026-07-17,794.8499755859375,2026-07-24,767.2999877929688,5,-0.03466061349836469,FIXED_HORIZON
BALKRISIND-2026-07-17,BALKRISIND,2026-07-17,2026-07-20,2075.6632170754942,2026-07-27,2044.5132869174272,5,-0.015007217886703117,FIXED_HORIZON
CEATLTD-2026-07-17,CEATLTD,2026-07-17,2026-07-20,3540.363163240747,2026-07-27,3354.757629512376,5,-0.052425563471989456,FIXED_HORIZON
JAINREC-2026-07-17,JAINREC,2026-07-17,2026-07-20,327.8999938964844,2026-07-27,342.0,5,0.04300093432745511,FIXED_HORIZON
POLYCAB-2026-07-17,POLYCAB,2026-07-17,2026-07-20,8847.0,2026-07-27,8956.0,5,0.01232056064202558,FIXED_HORIZON
RKFORGE-2026-07-17,RKFORGE,2026-07-17,2026-07-20,566.9000244140625,2026-07-27,595.0,5,0.04956777981264171,FIXED_HORIZON
TORNTPHARM-2026-07-17,TORNTPHARM,2026-07-17,2026-07-20,4750.0,2026-07-27,4985.0,5,0.049473684210526336,FIXED_HORIZON
VIJAYA-2026-07-17,VIJAYA,2026-07-17,2026-07-20,1341.0999755859375,2026-07-27,1322.0,5,-0.014242022171085722,FIXED_HORIZON
AUBANK-2026-07-20,AUBANK,2026-07-20,2026-07-21,993.0356340559995,2026-07-28,1050.8794700068083,5,0.05824950683244756,FIXED_HORIZON
AXISBANK-2026-07-20,AXISBANK,2026-07-20,2026-07-21,1245.0,2026-07-28,1222.5,5,-0.01807228915662651,FIXED_HORIZON
CHAMBLFERT-2026-07-20,CHAMBLFERT,2026-07-20,2026-07-21,437.11362390838434,2026-07-28,434.1534835112841,5,-0.006772015867711034,FIXED_HORIZON
HDFCBANK-2026-07-20,HDFCBANK,2026-07-20,2026-07-21,769.1500244140625,2026-07-28,732.0,5,-0.04830010171599919,FIXED_HORIZON
IPCALAB-2026-07-20,IPCALAB,2026-07-20,2026-07-21,1823.6685019509537,2026-07-28,1783.806965008603,5,-0.021857885300813784,FIXED_HORIZON
SUNTV-2026-07-20,SUNTV,2026-07-20,2026-07-21,485.0810594187769,2026-07-28,483.99229665287913,5,-0.00224449655322001,FIXED_HORIZON
YESBANK-2026-07-20,YESBANK,2026-07-20,2026-07-21,22.950000762939453,2026-07-28,22.940000534057617,5,-0.00043573980607380935,FIXED_HORIZON
ABSLAMC-2026-07-21,ABSLAMC,2026-07-21,2026-07-22,1013.5,2026-07-29,1004.2000122070312,5,-0.009176110303866558,FIXED_HORIZON
WAAREEENER-2026-07-21,WAAREEENER,2026-07-21,2026-07-22,2732.10009765625,2026-07-29,2708.699951171875,5,-0.008564893542681307,FIXED_HORIZON
ADANIGREEN-2026-07-22,ADANIGREEN,2026-07-22,2026-07-23,1468.0,2026-07-30,1374.0,5,-0.06403269754768393,FIXED_HORIZON
BANDHANBNK-2026-07-22,BANDHANBNK,2026-07-22,2026-07-23,172.0586069898368,2026-07-30,171.71160391965472,5,-0.0020167725186951424,FIXED_HORIZON
CAPLIPOINT-2026-07-22,CAPLIPOINT,2026-07-22,2026-07-23,2465.10009765625,2026-07-30,2613.199951171875,5,0.06007863682956893,FIXED_HORIZON
INDIAMART-2026-07-22,INDIAMART,2026-07-22,2026-07-23,1810.0,2026-07-30,1755.0,5,-0.03038674033149169,FIXED_HORIZON
LUPIN-2026-07-22,LUPIN,2026-07-22,2026-07-23,2400.0,2026-07-30,2455.0,5,0.022916666666666696,FIXED_HORIZON
PGEL-2026-07-22,PGEL,2026-07-22,2026-07-23,571.3499755859375,2026-07-30,614.2000122070312,5,0.07499787949960046,FIXED_HORIZON
TATACOMM-2026-07-22,TATACOMM,2026-07-22,2026-07-23,1765.699951171875,2026-07-30,1781.199951171875,5,0.008778388417416405,FIXED_HORIZON
INDUSINDBK-2026-07-23,INDUSINDBK,2026-07-23,2026-07-24,1000.0,2026-07-31,1011.4500122070312,5,0.011450012207031346,FIXED_HORIZON
NAVA-2026-07-23,NAVA,2026-07-23,2026-07-24,544.9091144918565,2026-07-31,547.6832017661054,5,0.005090917366716852,FIXED_HORIZON
PETRONET-2026-07-23,PETRONET,2026-07-23,2026-07-24,268.95001220703125,2026-07-31,278.79998779296875,5,0.036623815351810585,FIXED_HORIZON
SCHAEFFLER-2026-07-23,SCHAEFFLER,2026-07-23,2026-07-24,4050.0,2026-07-31,4088.0,5,0.009382716049382678,FIXED_HORIZON
SOBHA-2026-07-23,SOBHA,2026-07-23,2026-07-24,1355.300048828125,2026-07-31,1359.9000244140625,5,0.003394064354911519,FIXED_HORIZON
SRF-2026-07-23,SRF,2026-07-23,2026-07-24,2667.8308847600165,2026-07-31,2614.800048828125,5,-0.019877885151877606,FIXED_HORIZON
ENDURANCE-2026-07-24,ENDURANCE,2026-07-24,2026-07-27,2615.9282640279102,2026-08-03,2771.89990234375,5,0.05962382090542517,FIXED_HORIZON
GODIGIT-2026-07-24,GODIGIT,2026-07-24,2026-07-27,256.3500061035156,2026-08-03,255.0,5,-0.00526626124974805,FIXED_HORIZON
MOTILALOFS-2026-07-24,MOTILALOFS,2026-07-24,2026-07-27,872.0499877929688,2026-08-03,861.0,5,-0.01267127796301526,FIXED_HORIZON
NIACL-2026-07-27,NIACL,2026-07-27,2026-07-28,165.0,2026-08-04,175.4600067138672,5,0.06339398008404351,FIXED_HORIZON
ONGC-2026-07-27,ONGC,2026-07-27,2026-07-28,238.0,2026-08-04,242.0,5,0.01680672268907557,FIXED_HORIZON
BEL-2026-07-28,BEL,2026-07-28,2026-07-29,390.3700617623735,2026-08-05,391.7182326683631,5,0.003453571464735683,FIXED_HORIZON
CGCL-2026-07-28,CGCL,2026-07-28,2026-07-29,229.9499969482422,2026-08-05,230.60000610351562,5,0.002826741308545211,FIXED_HORIZON
COALINDIA-2026-07-28,COALINDIA,2026-07-28,2026-07-29,407.6047072829655,2026-08-05,417.6000061035156,5,0.024522039716315724,FIXED_HORIZON
CUMMINSIND-2026-07-28,CUMMINSIND,2026-07-28,2026-07-29,5452.5,2026-08-05,5568.5,5,0.021274644658413555,FIXED_HORIZON
DMART-2026-07-28,DMART,2026-07-28,2026-07-29,3859.300048828125,2026-08-05,4018.0,5,0.04112143372217569,FIXED_HORIZON
GODFRYPHLP-2026-07-28,GODFRYPHLP,2026-07-28,2026-07-29,1992.1594458212628,2026-08-05,2303.2093009500604,5,0.156137027977983,FIXED_HORIZON
GRAVITA-2026-07-28,GRAVITA,2026-07-28,2026-07-29,1646.5999755859375,2026-08-05,1670.300048828125,5,0.014393339969383856,FIXED_HORIZON
HINDUNILVR-2026-07-28,HINDUNILVR,2026-07-28,2026-07-29,2050.5,2026-08-05,2085.300048828125,5,0.016971494185869407,FIXED_HORIZON
HUDCO-2026-07-28,HUDCO,2026-07-28,2026-07-29,193.43627876872958,2026-08-05,202.38938588864394,5,0.046284529339083225,FIXED_HORIZON
SUZLON-2026-07-28,SUZLON,2026-07-28,2026-07-29,48.0,2026-08-05,48.5,5,0.01041666666666674,FIXED_HORIZON
TATACHEM-2026-07-28,TATACHEM,2026-07-28,2026-07-29,680.0,2026-08-05,671.4500122070312,5,-0.01257351146024821,FIXED_HORIZON
VBL-2026-07-28,VBL,2026-07-28,2026-07-29,438.5635942853355,2026-08-05,442.3500061035156,5,0.00863366651386177,FIXED_HORIZON
ADANIPORTS-2026-07-29,ADANIPORTS,2026-07-29,2026-07-30,1726.699951171875,2026-08-06,1704.0,5,-0.013146436447437848,FIXED_HORIZON
J&KBANK-2026-07-29,J&KBANK,2026-07-29,2026-07-30,155.0,2026-08-06,157.0,5,0.012903225806451646,FIXED_HORIZON
PHOENIXLTD-2026-07-29,PHOENIXLTD,2026-07-29,2026-07-30,1886.4000244140625,2026-08-06,1929.9000244140625,5,0.023059796139215827,FIXED_HORIZON
PINELABS-2026-07-29,PINELABS,2026-07-29,2026-07-30,145.0,2026-08-06,148.0,5,0.020689655172413834,FIXED_HORIZON
COLPAL-2026-07-30,COLPAL,2026-07-30,2026-07-31,2109.5,2026-08-07,2026.0,5,-0.039582839535434955,FIXED_HORIZON
CUB-2026-07-30,CUB,2026-07-30,2026-07-31,214.6999969482422,2026-08-07,209.0,5,-0.02654865872967982,FIXED_HORIZON
DEEPAKFERT-2026-07-30,DEEPAKFERT,2026-07-30,2026-07-31,1522.7137830682884,2026-08-07,1546.8492738155312,5,0.01585031344407306,FIXED_HORIZON
ERIS-2026-07-30,ERIS,2026-07-30,2026-07-31,1382.0999755859375,2026-08-07,1385.0,5,0.002098273978214271,FIXED_HORIZON
HEXT-2026-07-30,HEXT,2026-07-30,2026-07-31,565.2000122070312,2026-08-07,557.9000244140625,5,-0.012915760147391486,FIXED_HORIZON
KPITTECH-2026-07-30,KPITTECH,2026-07-30,2026-07-31,580.3991784246132,2026-08-07,617.7834834358208,5,0.06441136790145086,FIXED_HORIZON
PCBL-2026-07-30,PCBL,2026-07-30,2026-07-31,323.4834828285101,2026-08-07,324.8999938964844,5,0.004378928579562791,FIXED_HORIZON
PREMIERENE-2026-07-30,PREMIERENE,2026-07-30,2026-07-31,992.0,2026-08-07,1050.9000244140625,5,0.05937502461095012,FIXED_HORIZON
SYNGENE-2026-07-30,SYNGENE,2026-07-30,2026-07-31,399.0,2026-08-07,399.20001220703125,5,0.0005012837268953962,FIXED_HORIZON
TIINDIA-2026-07-30,TIINDIA,2026-07-30,2026-07-31,2715.120412337836,2026-08-07,2754.89990234375,5,0.014651096071154335,FIXED_HORIZON
VTL-2026-07-30,VTL,2026-07-30,2026-07-31,599.3175902583788,2026-08-07,599.912542933341,5,0.000992716857694198,FIXED_HORIZON
WAAREEENER-2026-07-30,WAAREEENER,2026-07-30,2026-07-31,2639.89990234375,2026-08-07,2663.89990234375,5,0.009091253792877563,FIXED_HORIZON
APLAPOLLO-2026-07-31,APLAPOLLO,2026-07-31,2026-08-03,1820.300048828125,2026-08-10,1974.9000244140625,5,0.08493103963023363,FIXED_HORIZON
APTUS-2026-07-31,APTUS,2026-07-31,2026-08-03,263.95001220703125,2026-08-10,261.29998779296875,5,-0.010039872292121443,FIXED_HORIZON
DEVYANI-2026-07-31,DEVYANI,2026-07-31,2026-08-03,114.5,2026-08-10,135.38999938964844,5,0.18244540951658017,FIXED_HORIZON
LICHSGFIN-2026-07-31,LICHSGFIN,2026-07-31,2026-08-03,515.1565139858709,2026-08-10,494.96199406544866,5,-0.039200746515215545,FIXED_HORIZON
MANKIND-2026-07-31,MANKIND,2026-07-31,2026-08-03,2458.0,2026-08-10,2450.0,5,-0.0032546786004882255,FIXED_HORIZON
ONESOURCE-2026-07-31,ONESOURCE,2026-07-31,2026-08-03,1624.0,2026-08-10,1581.199951171875,5,-0.026354709869535142,FIXED_HORIZON
RAILTEL-2026-07-31,RAILTEL,2026-07-31,2026-08-03,283.0565600952753,2026-08-10,287.78576583158593,5,0.016707635162099166,FIXED_HORIZON
BLUEJET-2026-08-03,BLUEJET,2026-08-03,2026-08-04,589.5,2026-08-11,590.0,5,0.0008481764206955678,FIXED_HORIZON
GAIL-2026-08-03,GAIL,2026-08-03,2026-08-04,174.25,2026-08-11,172.0,5,-0.012912482065997155,FIXED_HORIZON
LATENTVIEW-2026-08-03,LATENTVIEW,2026-08-03,2026-08-04,299.1000061035156,2026-08-11,297.79998779296875,5,-0.004346433580803555,FIXED_HORIZON
MUTHOOTFIN-2026-08-03,MUTHOOTFIN,2026-08-03,2026-08-04,2891.300048828125,2026-08-11,2920.60009765625,5,0.010133866542146208,FIXED_HORIZON
NH-2026-08-03,NH,2026-08-03,2026-08-04,1919.699951171875,2026-08-11,1848.0,5,-0.03734956138750012,FIXED_HORIZON
ZEEL-2026-08-03,ZEEL,2026-08-03,2026-08-04,99.0,2026-08-11,90.0,5,-0.09090909090909094,FIXED_HORIZON
CCL-2026-08-04,CCL,2026-08-04,2026-08-05,1133.0999755859375,2026-08-12,1123.9000244140625,5,-0.008119275765686607,FIXED_HORIZON
DABUR-2026-08-04,DABUR,2026-08-04,2026-08-05,412.0,2026-08-12,412.6499938964844,5,0.0015776550885542306,FIXED_HORIZON
EMAMILTD-2026-08-04,EMAMILTD,2026-08-04,2026-08-05,397.54998779296875,2026-08-12,402.29998779296875,5,0.011948182985415334,FIXED_HORIZON
GRASIM-2026-08-04,GRASIM,2026-08-04,2026-08-05,3140.2173631540304,2026-08-12,3325.10009765625,5,0.058875776139433844,FIXED_HORIZON
JAINREC-2026-08-04,JAINREC,2026-08-04,2026-08-05,324.95001220703125,2026-08-12,298.95001220703125,5,-0.08001230658035785,FIXED_HORIZON
KIMS-2026-08-04,KIMS,2026-08-04,2026-08-05,795.9000244140625,2026-08-12,810.5,5,0.018343981829484157,FIXED_HORIZON
LICI-2026-08-04,LICI,2026-08-04,2026-08-05,386.0,2026-08-12,409.0,5,0.059585492227979264,FIXED_HORIZON
MSUMI-2026-08-04,MSUMI,2026-08-04,2026-08-05,39.880001068115234,2026-08-12,41.0099983215332,5,0.028334935384979776,FIXED_HORIZON
TORNTPOWER-2026-08-04,TORNTPOWER,2026-08-04,2026-08-05,1346.699951171875,2026-08-12,1335.0,5,-0.008687867822148476,FIXED_HORIZON
UPL-2026-08-04,UPL,2026-08-04,2026-08-05,581.0,2026-08-12,570.75,5,-0.01764199655765919,FIXED_HORIZON
BHARTIHEXA-2026-08-05,BHARTIHEXA,2026-08-05,2026-08-06,1546.0,2026-08-13,1501.300048828125,5,-0.02891329312540425,FIXED_HORIZON
MARICO-2026-08-05,MARICO,2026-08-05,2026-08-06,851.0,2026-08-13,855.0,5,0.004700352526439522,FIXED_HORIZON
NHPC-2026-08-05,NHPC,2026-08-05,2026-08-06,78.02647629071838,2026-08-13,76.8499984741211,5,-0.015077930883535595,FIXED_HORIZON
BLUESTARCO-2026-08-06,BLUESTARCO,2026-08-06,2026-08-07,1563.800048828125,2026-08-14,1514.0,5,-0.03184553476989849,FIXED_HORIZON
FSL-2026-08-06,FSL,2026-08-06,2026-08-07,285.0,2026-08-14,273.6499938964844,5,-0.03982458281935308,FIXED_HORIZON
IKS-2026-08-06,IKS,2026-08-06,2026-08-07,1755.0,2026-08-14,1787.0,5,0.018233618233618243,FIXED_HORIZON
POWERGRID-2026-08-06,POWERGRID,2026-08-06,2026-08-07,268.6499938964844,2026-08-14,267.0,5,-0.006141797632499335,FIXED_HORIZON
BAJFINANCE-2026-08-07,BAJFINANCE,2026-08-07,2026-08-10,1078.0,2026-08-17,1080.0,5,0.0018552875695732052,FIXED_HORIZON
CROMPTON-2026-08-07,CROMPTON,2026-08-07,2026-08-10,249.9499969482422,2026-08-17,248.0500030517578,5,-0.00760149597792481,FIXED_HORIZON
GODREJCP-2026-08-07,GODREJCP,2026-08-07,2026-08-10,1046.5180998047867,2026-08-17,934.2999877929688,5,-0.10722997722901373,FIXED_HORIZON
JKTYRE-2026-08-07,JKTYRE,2026-08-07,2026-08-10,394.0,2026-08-17,383.0,5,-0.027918781725888353,FIXED_HORIZON
JYOTICNC-2026-08-07,JYOTICNC,2026-08-07,2026-08-10,795.0,2026-08-17,829.7999877929688,5,0.04377356955090406,FIXED_HORIZON
TATACAP-2026-08-07,TATACAP,2026-08-07,2026-08-10,372.0,2026-08-17,363.29998779296875,5,-0.02338712958879363,FIXED_HORIZON
TRENT-2026-08-07,TRENT,2026-08-07,2026-08-10,3010.0,2026-08-17,2989.89990234375,5,-0.006677773307724233,FIXED_HORIZON
ABFRL-2026-08-10,ABFRL,2026-08-10,2026-08-11,61.0,2026-08-18,55.290000915527344,5,-0.09360654236840416,FIXED_HORIZON
AFCONS-2026-08-10,AFCONS,2026-08-10,2026-08-11,261.95001220703125,2026-08-18,269.8500061035156,5,0.03015840247505186,FIXED_HORIZON
AMBER-2026-08-10,AMBER,2026-08-10,2026-08-11,7100.0,2026-08-18,7265.0,5,0.02323943661971839,FIXED_HORIZON
ARE&M-2026-08-10,ARE&M,2026-08-10,2026-08-11,900.0,2026-08-18,945.7000122070312,5,0.050777791341145795,FIXED_HORIZON
BHARATFORG-2026-08-10,BHARATFORG,2026-08-10,2026-08-11,2114.89990234375,2026-08-18,2089.89990234375,5,-0.011820890422423624,FIXED_HORIZON
HBLENGINE-2026-08-10,HBLENGINE,2026-08-10,2026-08-11,700.0,2026-08-18,675.0,5,-0.0357142857142857,FIXED_HORIZON
INOXWIND-2026-08-10,INOXWIND,2026-08-10,2026-08-11,73.5,2026-08-18,78.0,5,0.061224489795918435,FIXED_HORIZON
NLCINDIA-2026-08-10,NLCINDIA,2026-08-10,2026-08-11,286.04998779296875,2026-08-18,277.20001220703125,5,-0.030938563061022606,FIXED_HORIZON
PFC-2026-08-10,PFC,2026-08-10,2026-08-11,381.86541908244135,2026-08-18,370.98324463173446,5,-0.028497407481554382,FIXED_HORIZON
RECLTD-2026-08-10,RECLTD,2026-08-10,2026-08-11,343.4566963815379,2026-08-18,340.0,5,-0.010064431463866153,FIXED_HORIZON
WOCKPHARMA-2026-08-10,WOCKPHARMA,2026-08-10,2026-08-11,1970.0,2026-08-18,1898.800048828125,5,-0.03614210719384514,FIXED_HORIZON
CESC-2026-08-11,CESC,2026-08-11,2026-08-12,155.21073949342815,2026-08-19,162.0,5,0.04374220835961751,FIXED_HORIZON
KEC-2026-08-11,KEC,2026-08-11,2026-08-12,450.79998779296875,2026-08-19,428.6000061035156,5,-0.049245745986241096,FIXED_HORIZON
MAXHEALTH-2026-08-11,MAXHEALTH,2026-08-11,2026-08-12,1030.800048828125,2026-08-19,1016.0,5,-0.014357827053802175,FIXED_HORIZON
MRF-2026-08-11,MRF,2026-08-11,2026-08-12,131540.0,2026-08-19,133505.0,5,0.014938421772844768,FIXED_HORIZON
TRITURBINE-2026-08-11,TRITURBINE,2026-08-11,2026-08-12,600.0,2026-08-19,582.0999755859375,5,-0.029833374023437553,FIXED_HORIZON
AIAENG-2026-08-12,AIAENG,2026-08-12,2026-08-13,4542.10009765625,2026-08-20,4384.89990234375,5,-0.03460958409824921,FIXED_HORIZON
CAPLIPOINT-2026-08-12,CAPLIPOINT,2026-08-12,2026-08-13,2472.0,2026-08-20,2600.0,5,0.05177993527508096,FIXED_HORIZON
DEEPAKNTR-2026-08-12,DEEPAKNTR,2026-08-12,2026-08-13,1724.0,2026-08-20,1769.9000244140625,5,0.026624144091683677,FIXED_HORIZON
FORTIS-2026-08-12,FORTIS,2026-08-12,2026-08-13,892.9000244140625,2026-08-20,915.0,5,0.024750783941841492,FIXED_HORIZON
GODREJIND-2026-08-12,GODREJIND,2026-08-12,2026-08-13,1235.199951171875,2026-08-20,1214.9000244140625,5,-0.016434526846081265,FIXED_HORIZON
JBMA-2026-08-12,JBMA,2026-08-12,2026-08-13,629.0,2026-08-20,620.0,5,-0.014308426073131986,FIXED_HORIZON
JUBLPHARMA-2026-08-12,JUBLPHARMA,2026-08-12,2026-08-13,888.0,2026-08-20,871.0,5,-0.019144144144144115,FIXED_HORIZON
LLOYDSME-2026-08-12,LLOYDSME,2026-08-12,2026-08-13,1900.0,2026-08-20,1928.0,5,0.01473684210526316,FIXED_HORIZON
PIIND-2026-08-12,PIIND,2026-08-12,2026-08-13,2483.89990234375,2026-08-20,2510.0,5,0.010507709119688124,FIXED_HORIZON
RHIM-2026-08-12,RHIM,2026-08-12,2026-08-13,385.8999938964844,2026-08-20,378.0,5,-0.020471609280728553,FIXED_HORIZON
TECHNOE-2026-08-12,TECHNOE,2026-08-12,2026-08-13,985.0,2026-08-20,999.75,5,0.014974619289340074,FIXED_HORIZON
ABBOTINDIA-2026-08-13,ABBOTINDIA,2026-08-13,2026-08-14,27800.0,2026-08-21,26120.0,5,-0.060431654676258995,FIXED_HORIZON
FORCEMOT-2026-08-13,FORCEMOT,2026-08-13,2026-08-14,18539.0,2026-08-21,17885.0,5,-0.035276983656076344,FIXED_HORIZON
GICRE-2026-08-13,GICRE,2026-08-13,2026-08-14,348.20001220703125,2026-08-21,361.75,5,0.03891438057995322,FIXED_HORIZON
PAGEIND-2026-08-13,PAGEIND,2026-08-13,2026-08-14,37542.72409119898,2026-08-21,35600.0,5,-0.051747019914689885,FIXED_HORIZON
PWL-2026-08-13,PWL,2026-08-13,2026-08-14,118.51000213623047,2026-08-21,122.88999938964844,5,0.036958882579236185,FIXED_HORIZON
ABDL-2026-08-14,ABDL,2026-08-14,2026-08-17,601.9000244140625,2026-08-24,607.9000244140625,5,0.009968432890230972,FIXED_HORIZON
NATCOPHARM-2026-08-14,NATCOPHARM,2026-08-14,2026-08-17,894.5843149237137,2026-08-24,884.0,5,-0.01183154538610065,FIXED_HORIZON
NATIONALUM-2026-08-14,NATIONALUM,2026-08-14,2026-08-17,376.94194505107356,2026-08-24,398.45001220703125,5,0.05705936269056888,FIXED_HORIZON
NBCC-2026-08-14,NBCC,2026-08-14,2026-08-17,88.99553183943272,2026-08-24,88.53792716813729,5,-0.005141883663564717,FIXED_HORIZON
OLECTRA-2026-08-14,OLECTRA,2026-08-14,2026-08-17,1315.0,2026-08-24,1328.0,5,0.009885931558935468,FIXED_HORIZON
SAMMAANCAP-2026-08-14,SAMMAANCAP,2026-08-14,2026-08-17,152.38999938964844,2026-08-24,150.8000030517578,5,-0.010433731506390598,FIXED_HORIZON
TMPV-2026-08-14,TMPV,2026-08-14,2026-08-17,334.0,2026-08-24,318.79998779296875,5,-0.045509018583925864,FIXED_HORIZON
BELRISE-2026-08-17,BELRISE,2026-08-17,2026-08-18,237.0,2026-08-25,229.1999969482422,5,-0.032911405281678574,FIXED_HORIZON
HONASA-2026-08-17,HONASA,2026-08-17,2026-08-18,477.03000309998407,2026-08-25,484.7817283120662,5,0.016249974135185363,FIXED_HORIZON
NSLNISP-2026-08-17,NSLNISP,2026-08-17,2026-08-18,41.0,2026-08-25,40.099998474121094,5,-0.021951256728753865,FIXED_HORIZON
SCHNEIDER-2026-08-17,SCHNEIDER,2026-08-17,2026-08-18,1212.199951171875,2026-08-25,1158.4000244140625,5,-0.04438205652937233,FIXED_HORIZON
VOLTAS-2026-08-17,VOLTAS,2026-08-17,2026-08-18,1262.0,2026-08-25,1237.0999755859375,5,-0.019730605716372862,FIXED_HORIZON
COLPAL-2026-08-18,COLPAL,2026-08-18,2026-08-19,1905.0,2026-08-26,1876.9000244140625,5,-0.014750643352198112,FIXED_HORIZON
GROWW-2026-08-18,GROWW,2026-08-18,2026-08-19,193.6999969482422,2026-08-26,199.97999572753906,5,0.032421264213932544,FIXED_HORIZON
OBEROIRLTY-2026-08-18,OBEROIRLTY,2026-08-18,2026-08-19,1860.0,2026-08-26,1889.0,5,0.015591397849462396,FIXED_HORIZON
SBICARD-2026-08-18,SBICARD,2026-08-18,2026-08-19,611.0,2026-08-26,654.0,5,0.07037643207855981,FIXED_HORIZON
