Entry_ID,Symbol,Leader_Date,Signal_Date,Pullback_Age,Leader_Close,ATR14_Seed,ATR14_Signal,Pullback_Low,Pullback_Depth_ATR,Close,Prior_High,SMA20,SMA50,SMA200,Median_Traded_Value_20,RS21,RS63,RS126,Composite_RS,RS_Coverage,Resumption_Volume_Ratio,Seed_Membership_OK,Seed_RS_Coverage,Seed_Composite_RS,Seed_RS_Coverage_OK,Seed_Liquidity_OK,Seed_Trend_OK,Seed_RS_OK,Signal_Membership_OK,Signal_RS_Coverage_OK,Signal_Liquidity_OK,Signal_Trend_OK,Signal_RS_OK,Age_OK,Depth_OK,Resumption_OK,Not_New_Leader_OK,Signal_Qualified,Signal_Rejection_Reason,Entry_Date,Entry_Open,Structural_Stop,Initial_Risk,Exit_Date,Exit_Price,Exit_Reason,Return,Exit_Signal_Date,R_Multiple,Holding_Sessions,Breadth_Matched_Date,Member_Count,Covered_Member_Count,SMA50_Denominator,Above_SMA50_Count,Pct_Above_SMA50,SMA200_Denominator,Above_SMA200_Count,Pct_Above_SMA200,Coverage_200_Sessions,Coverage_OK,Nifty500_Close,Nifty500_SMA200,Regime,Universe_Method,Universe_Member_Count,Eligible_Count_50,Eligible_Count_200,Momentum_Regime,M1_Regime,DATA_SAFE,INDEX_TREND_OK,BREADTH_OK,SMA50_Breadth_Coverage,Nifty500_SMA50,Base_Net_R,Stress_Net_R,Severe_Net_R,Initial_Risk_Recomputed,Gross_R_Recomputed
360ONE-2024-01-08,360ONE,2023-12-29,2024-01-08,5,688.0885620117188,25.8392851935368,24.62282448603426,624.3057765056211,2.4684423360926284,651.8351440429688,644.5650827987873,647.7614471435547,582.1755621337891,482.63027099609377,351614143.94140625,56.93877551020409,86.3265306122449,73.26530612244898,73.59183673469389,0.9780439121756488,1.5572950739807636,True,0.9780439121756488,90.89795918367346,True,True,True,True,True,True,True,True,True,True,True,True,True,True,,2024-01-09,654.1130915807823,618.1500703841125,35.96302119666984,2024-01-15,649.16943359375,SMA20,-0.0075578031546274,2024-01-12,-0.137465035542957,4,2024-01-08,501,491,491,413,84.11405295315683,489,439,89.77505112474438,0.9760479041916168,True,19417.69921875,16709.01821777344,STRONG_MOMENTUM,POINT_IN_TIME,501,491,489,STRONG_MOMENTUM,MOMENTUM_ENABLED,True,True,True,0.9800399201596807,18149.1819140625,-0.2102190000114765,-0.24659598224573626,-0.2829729644799959,35.96302119666984,-0.13746503554295708
360ONE-2024-05-03,360ONE,2024-04-25,2024-05-03,5,818.88427734375,41.69373844425685,37.32331024088816,750.3281330289548,1.6442791381361146,776.6597290039062,776.4636234247895,746.525732421875,709.4836877441406,588.1720486450196,585211073.9543457,86.0655737704918,84.8360655737705,73.15573770491804,81.70081967213115,0.9740518962075848,0.925500537137116,True,0.9740518962075848,87.31557377049181,True,True,True,True,True,True,True,True,True,True,True,True,True,True,,2024-05-06,784.5052817843949,740.9973054687327,43.50797631566218,2024-05-07,740.9973054687327,STOP_INTRADAY,-0.0554591247833299,,-1.0,1,2024-05-03,501,493,492,350,71.13821138211382,479,374,78.07933194154488,0.9560878243512974,True,20959.55078125,18499.69776367188,STRONG_MOMENTUM,POINT_IN_TIME,501,492,479,STRONG_MOMENTUM,MOMENTUM_ENABLED,True,True,True,0.9820359281437125,20372.7720703125,-1.072125191582582,-1.1081877873738732,-1.1442503831651643,43.50797631566218,-1.0
360ONE-2024-07-15,360ONE,2024-07-10,2024-07-15,3,988.7345581054688,42.12604970418057,45.43639166912799,908.415810264412,1.906628995718196,968.336181640625,950.9289286140012,905.7017669677734,820.8654553222656,669.0376193237305,611207260.9077454,96.55172413793105,87.0182555780933,85.39553752535497,89.39148073022312,0.9801192842942346,0.7306655549155207,True,0.9820717131474104,91.4604462474645,True,True,True,True,True,True,True,True,True,True,True,True,True,True,,2024-07-16,952.3017815287484,897.0567123471301,55.24506918161831,2024-08-07,982.9193692188592,SMA20,0.0321511397794087,2024-08-06,0.5542139442246943,15,2024-07-15,503,493,493,411,83.36713995943205,484,422,87.19008264462809,0.9622266401590456,True,23209.849609375,19688.873515625,STRONG_MOMENTUM,POINT_IN_TIME,503,493,484,STRONG_MOMENTUM,MOMENTUM_ENABLED,True,True,True,0.9801192842942346,21791.5201171875,0.4852628652860071,0.4507873258166636,0.41631178634731997,55.245069181618305,0.5542139442246943
360ONE-2024-12-09,360ONE,2024-12-03,2024-12-09,4,1137.22705078125,41.900361989183374,39.94023801168582,1083.7920872310838,1.2752864417725205,1119.4317626953125,1109.4526738355585,1074.400421142578,1044.8971057128906,904.1659201049804,389781588.0377197,82.99595141700405,71.05263157894737,90.08097165991904,80.34412955465586,0.988,1.7320166473077183,True,0.988,81.88259109311741,True,True,True,True,True,True,True,True,True,True,True,True,True,True,,2024-12-10,1120.8082309451293,1073.8070277281622,47.00120321696704,2025-01-08,1174.8823236349454,SMA20,0.0482456241815941,2025-01-07,1.150483157637458,20,2024-12-09,500,496,496,295,59.4758064516129,488,300,61.47540983606557,0.976,True,23292.0,22143.2292578125,NORMAL,POINT_IN_TIME,500,496,488,NORMAL,MOMENTUM_ENABLED,True,True,True,0.992,23008.859921875,1.0550976649919823,1.0074049186692446,0.9597121723465069,47.00120321696704,1.1504831576374581
3MINDIA-2024-07-22,3MINDIA,2024-07-09,2024-07-22,8,38783.078125,1167.9789114855223,1170.063717224618,35874.19335550703,2.4905285026021886,37210.45703125,37194.851916969375,37045.3484375,33668.2580078125,30827.7128125,241169925.75,71.6024340770791,87.2210953346856,47.05882352941176,70.4868154158215,0.9801192842942346,0.448307550926635,True,0.9820717131474104,71.41987829614604,True,True,True,True,True,True,True,True,True,True,True,True,True,True,,2024-07-23,37309.49521963069,35581.67742620088,1727.8177934298146,2024-07-26,36766.814508333846,SMA20,-0.0145453780090626,2024-07-25,-0.314084455757105,3,2024-07-22,503,493,493,364,73.83367139959432,484,409,84.50413223140497,0.9622266401590456,True,22942.650390625,19798.26501953125,STRONG_MOMENTUM,POINT_IN_TIME,503,493,484,STRONG_MOMENTUM,MOMENTUM_ENABLED,True,True,True,0.9801192842942346,21972.422109375,-0.40045813557798304,-0.4436449754884221,-0.48683181539886106,1727.8177934298146,-0.314084455757105
AAVAS-2024-06-18,AAVAS,2024-06-12,2024-06-18,3,1907.449951171875,72.66147453457624,72.80671924352109,1822.1500244140625,1.1739360824176803,1900.449951171875,1868.0,1674.257501220703,1614.052001953125,1547.2722479248048,431809371.7429199,87.37270875763747,85.74338085539715,57.43380855397149,77.73930753564154,0.9780876494023903,1.5046402539692048,True,0.9800399201596808,79.85743380855398,True,True,True,True,True,True,True,True,True,True,True,True,True,True,,2024-06-19,1914.949951171875,1803.9483446031825,111.00160656869252,2024-07-04,1803.9483446031825,STOP_INTRADAY,-0.0579658003598286,,-1.0,11,2024-06-18,502,493,493,422,85.59837728194725,483,411,85.09316770186336,0.9621513944223108,True,22329.599609375,19157.73802734375,STRONG_MOMENTUM,POINT_IN_TIME,502,493,483,STRONG_MOMENTUM,MOMENTUM_ENABLED,True,True,True,0.9820717131474104,21034.7400390625,-1.0690062066799662,-1.1035093100199493,-1.1380124133599325,111.00160656869252,-1.0
ABB-2024-05-30,ABB,2024-05-21,2024-05-30,7,8337.0703125,245.61317568810972,214.3157367244156,7907.846507861668,1.7475601764270934,8059.48681640625,8043.688909563592,7619.311206054687,6718.563203125,4990.28701171875,2655673198.383789,97.75510204081633,97.75510204081633,95.10204081632652,96.95918367346938,0.9780439121756488,0.8965512410460735,True,0.9780439121756488,97.3877551020408,True,True,True,True,True,True,True,True,True,True,True,True,True,True,,2024-05-31,8121.264193671889,7854.267573680564,266.99661999132513,2024-06-04,7854.267573680564,STOP_INTRADAY,-0.032876238677147,,-1.0,2,2024-05-30,501,493,492,270,54.87804878048781,480,342,71.25,0.9580838323353292,True,21038.55078125,18873.31702148437,NORMAL,POINT_IN_TIME,501,492,480,NORMAL,MOMENTUM_ENABLED,True,True,True,0.9820359281437125,20644.3850390625,-1.1216684195318392,-1.1825026292977587,-1.243336839063678,266.99661999132513,-1.0
ABB-2024-06-27,ABB,2024-06-14,2024-06-27,8,8796.0859375,338.2998705036578,315.76632492195614,8031.254794193189,2.260808265070091,8428.4921875,8225.607122947127,8142.919750976563,7521.176591796875,5361.09818359375,3558515691.306885,45.21384928716905,90.4276985743381,94.29735234215886,78.0244399185336,0.9780876494023903,1.5010302560266535,True,0.9780876494023903,87.92260692464359,True,True,True,True,True,True,True,True,True,True,True,True,True,True,,2024-06-28,8503.532499520972,7952.3132129627,551.219286558272,2024-07-11,8371.931752260238,SMA20,-0.0154760092077201,2024-07-10,-0.2387448162099499,9,2024-06-27,502,493,493,384,77.89046653144015,484,406,83.88429752066115,0.9641434262948207,True,22537.400390625,19349.281025390625,STRONG_MOMENTUM,POINT_IN_TIME,502,493,484,STRONG_MOMENTUM,MOMENTUM_ENABLED,True,True,True,0.9820717131474104,21257.6241015625,-0.30045189146572127,-0.33130542909360694,-0.3621589667214926,551.219286558272,-0.23874481620994992
ABCAPITAL-2024-06-28,ABCAPITAL,2024-06-20,2024-06-28,6,243.0200042724609,9.33924617886918,8.269310852334094,232.759994506836,1.0985907822880956,238.7100067138672,238.3999938964844,233.1405029296875,226.1342013549805,189.73505043029783,1724764378.3321917,47.96747967479675,83.73983739837398,81.30081300813008,72.27642276422763,0.9800796812749004,1.0598670666415249,True,0.9780876494023903,75.21384928716904,True,True,True,True,True,True,True,True,True,True,True,True,True,True,,2024-07-01,239.3999938964844,230.6926667937524,8.707327102731995,2024-07-08,236.00999450683597,SMA20,-0.0141603988140212,2024-07-05,-0.3893272125477893,5,2024-06-28,502,493,493,390,79.10750507099391,484,409,84.50413223140497,0.9641434262948207,True,22559.69921875,19377.443017578124,STRONG_MOMENTUM,POINT_IN_TIME,502,493,484,STRONG_MOMENTUM,MOMENTUM_ENABLED,True,True,True,0.9820717131474104,21299.2430859375,-0.49930355365543583,-0.5542917242092607,-0.6092798947630855,8.707327102731995,-0.3893272125477861
ABCAPITAL-2025-10-15,ABCAPITAL,2025-10-06,2025-10-15,7,304.04998779296875,8.254336695242637,7.877462457530682,289.8999938964844,1.7142496628032733,303.5,302.3999938964844,294.0800018310547,286.50800170898435,225.56830039978027,1433627900.069809,81.54158215010142,88.64097363083164,95.53752535496956,88.58012170385396,0.9801192842942346,0.7206629510517663,True,0.9840319361277444,89.20892494929006,True,True,True,True,True,True,True,True,True,True,True,True,True,True,,2025-10-16,303.5,287.9306282821017,15.56937171789832,2025-11-24,325.6499938964844,SMA20,0.0729818579785317,2025-11-21,1.4226645941673464,25,2025-10-15,503,498,498,258,51.80722891566265,481,294,61.12266112266113,0.956262425447316,True,23377.349609375,22268.92327148437,NORMAL,POINT_IN_TIME,503,498,481,NORMAL,MOMENTUM_ENABLED,True,True,True,0.9900596421471173,22985.8830859375,1.3446909917640841,1.305704190562453,1.266717389360822,15.56937171789832,1.4226645941673464
ABFRL-2024-07-01,ABFRL,2024-06-18,2024-07-01,9,330.5,13.578164477311018,11.721322656117696,307.04998779296875,1.7270384554713558,322.5,321.25,316.7375,285.86099884033206,241.0454995727539,1468124041.3789978,56.09756097560976,93.90243902439023,77.03252032520325,77.5,0.9800796812749004,0.9594953985214284,True,0.9780876494023903,87.0264765784114,True,True,True,True,True,True,True,True,True,True,True,True,True,True,,2024-07-02,324.45001220703125,304.1196571289393,20.33035507809194,2024-07-09,323.8999938964844,SMA20,-0.0016952328243276,2024-07-08,-0.0270540434947728,5,2024-07-01,502,493,493,408,82.75862068965517,484,419,86.57024793388429,0.9641434262948207,True,22727.599609375,19406.23626953125,STRONG_MOMENTUM,POINT_IN_TIME,502,493,484,STRONG_MOMENTUM,MOMENTUM_ENABLED,True,True,True,0.9820717131474104,21345.335078125,-0.09088962550222328,-0.12280741650594851,-0.15472520750967375,20.33035507809194,-0.027054043494772827
ABREL-2023-11-28,ABREL,2023-11-21,2023-11-28,4,1236.840576171875,34.178055731265154,36.39039599124355,1172.2098284867868,1.8910012960733087,1227.53662109375,1198.3806058433322,1162.9232482910156,1124.206988525391,880.871926574707,156721628.1973877,74.89795918367346,84.89795918367346,84.28571428571429,81.71428571428572,0.9780439121756488,2.137763411761758,True,0.9780439121756488,81.0,True,True,True,True,True,True,True,True,True,True,True,True,True,True,,2023-11-29,1237.7859350772842,1163.112229488976,74.67370558830817,2023-12-15,1236.6416345226012,SMA20,-0.0009244737092699,2023-12-14,-0.0153240092435185,12,2023-11-28,501,491,491,322,65.58044806517312,488,417,85.45081967213115,0.9740518962075848,True,17741.80078125,16152.749487304687,STRONG_MOMENTUM,POINT_IN_TIME,501,491,488,STRONG_MOMENTUM,MOMENTUM_ENABLED,True,True,True,0.9800399201596807,17283.902890625,-0.08162771951612548,-0.11477957465242897,-0.14793142978873244,74.67370558830817,-0.015324009243518504
ABREL-2024-04-18,ABREL,2024-04-10,2024-04-18,4,1831.7022705078125,75.08860927166526,77.1347231795932,1685.5740934424027,1.946076488601998,1797.8197021484375,1795.8294134246278,1625.9859436035156,1513.5130029296874,1225.093727722168,378238804.6934815,96.1065573770492,77.25409836065575,84.6311475409836,85.12295081967214,0.9740518962075848,1.4934068915619063,True,0.9740518962075848,90.98360655737706,True,True,True,True,True,True,True,True,True,True,True,True,True,True,,2024-04-19,1796.1280290201955,1666.2904126475044,129.83761637269117,2024-05-08,1847.8724530444897,SMA20,0.0288088728577557,2024-05-07,0.3985318389992995,12,2024-04-18,501,493,492,256,52.03252032520326,479,361,75.36534446764091,0.9560878243512974,True,20324.69921875,18274.34001953125,NORMAL,POINT_IN_TIME,501,492,479,NORMAL,MOMENTUM_ENABLED,True,True,True,0.9820359281437125,20191.3971484375,0.3431972424717565,0.31552994420798497,0.28786264594421346,129.83761637269117,0.39853183899929956
ABREL-2024-06-03,ABREL,2024-05-24,2024-06-03,6,2214.71044921875,95.64889254386058,93.9787773206246,1990.2689261473467,2.3465146025447576,2103.95751953125,2084.6526876386806,2059.7508544921875,1860.395576171875,1388.2345724487304,568155929.0859375,68.9795918367347,92.85714285714286,88.9795918367347,84.53061224489797,0.9780439121756488,0.9440168120616768,True,0.9780439121756488,92.40816326530611,True,True,True,True,True,True,True,True,True,True,True,True,True,True,,2024-06-04,2072.761536875371,1966.7742318171904,105.98730505818048,2024-06-04,1966.7742318171904,STOP_INTRADAY,-0.051133380841268,,-1.0,0,2024-06-03,501,493,493,303,61.4604462474645,480,347,72.29166666666667,0.9580838323353292,True,21797.400390625,18918.27002929688,STRONG_MOMENTUM,POINT_IN_TIME,501,493,480,STRONG_MOMENTUM,MOMENTUM_ENABLED,True,True,True,0.9840319361277445,20707.5680859375,-1.078226785207438,-1.117340177811157,-1.1564535704148757,105.98730505818048,-1.0
ABREL-2024-06-24,ABREL,2024-06-18,2024-06-24,4,2347.305419921875,123.17112277344576,119.08115304305716,2180.827721968309,1.351596820788716,2318.0498046875,2299.590969650432,2131.3098388671874,2024.6561865234376,1467.9363806152344,583296296.9749756,66.80244399185335,95.11201629327904,94.90835030549898,86.55804480651732,0.9780876494023903,2.8951449567804484,True,0.9780876494023903,88.43177189409369,True,True,True,True,True,True,True,True,True,True,True,True,True,True,,2024-06-25,2321.532796209046,2151.057433707545,170.47536250150097,2024-07-09,2249.438945627097,SMA20,-0.0310544183134844,2024-07-08,-0.4228989428388179,10,2024-06-24,502,493,493,401,81.33874239350912,484,406,83.88429752066115,0.9641434262948207,True,22289.099609375,19265.68827148437,STRONG_MOMENTUM,POINT_IN_TIME,502,493,484,STRONG_MOMENTUM,MOMENTUM_ENABLED,True,True,True,0.9820717131474104,21159.7550390625,-0.4773709266409021,-0.5046069185419442,-0.5318429104429863,170.47536250150097,-0.42289894283881796
ABREL-2024-09-10,ABREL,2024-08-27,2024-09-10,10,2505.181640625,98.16679984749555,103.28799471010537,2275.987250948496,2.3347444353138083,2478.40234375,2425.791462546549,2317.006396484375,2268.6200537109376,1785.1614208984374,831060549.1514893,86.61257606490872,73.22515212981745,95.53752535496956,83.93509127789048,0.9820717131474104,4.2049521399072445,True,0.9801192842942346,77.54563894523326,True,True,True,True,True,True,True,True,True,True,True,True,True,True,,2024-09-11,2491.8170347730243,2250.165252270969,241.65178250205508,2024-10-08,2650.248564726216,SMA20,0.0635807235211485,2024-10-07,0.6556191239840924,18,2024-09-10,502,494,493,279,56.5922920892495,489,403,82.41308793456032,0.9741035856573704,True,23643.650390625,20868.0712890625,NORMAL,POINT_IN_TIME,502,493,489,NORMAL,MOMENTUM_ENABLED,True,True,True,0.9820717131474104,23182.3839453125,0.6143727154706053,0.5937495112138618,0.5731263069571182,241.65178250205508,0.6556191239840924
ACC-2024-03-01,ACC,2024-02-16,2024-03-01,9,2686.210205078125,76.20503730235455,72.98309920518936,2524.074222662307,2.1276281484191126,2661.573974609375,2628.544600999126,2592.658728027344,2399.72587890625,2021.438582763672,980817023.170166,75.15274949083503,90.22403258655804,68.63543788187373,79.22606924643584,0.9800399201596808,0.7794961086927846,True,0.9780439121756488,84.14285714285715,True,True,True,True,True,True,True,True,True,True,True,True,True,True,,2024-03-04,2675.941232718875,2505.8284478610094,170.1127848578658,2024-03-07,2608.7957209702527,SMA20,-0.0250922968440527,2024-03-06,-0.3947117308362483,3,2024-03-01,501,491,491,284,57.841140529531565,490,378,77.14285714285715,0.9780439121756488,True,20349.80078125,17618.16326171875,NORMAL,POINT_IN_TIME,501,491,490,NORMAL,MOMENTUM_ENABLED,True,True,True,0.9800399201596807,19692.01109375,-0.45763330924564777,-0.48909409845034746,-0.5205548876550472,170.1127848578658,-0.39471173083624833
ACE-2024-04-08,ACE,2024-04-01,2024-04-08,5,1600.4444580078125,100.2864005778531,87.77205154570593,1547.5912003907354,0.5270231787414361,1583.856201171875,1583.4576725361123,1389.210498046875,1229.3165026855468,860.5479646301269,760005698.9854736,92.40246406570844,99.17864476386036,98.76796714579056,97.02258726899385,0.9720558882235528,0.597378302563532,True,0.9680638722554892,99.5257731958763,True,True,True,True,True,True,True,True,True,True,True,True,True,True,,2024-04-09,1600.4942370667354,1525.648187504309,74.84604956242651,2024-04-09,1525.648187504309,STOP_INTRADAY,-0.046764335558995,,-1.0,0,2024-04-08,501,493,492,332,67.47967479674797,479,382,79.74947807933194,0.9560878243512974,True,20819.099609375,18139.52103515625,STRONG_MOMENTUM,POINT_IN_TIME,501,492,479,STRONG_MOMENTUM,MOMENTUM_ENABLED,True,True,True,0.9820359281437125,20060.6081640625,-1.0855352685371493,-1.128302902805724,-1.1710705370742986,74.84604956242651,-1.0
ADANIENT-2024-02-14,ADANIENT,2024-02-07,2024-02-14,5,3225.545654296875,95.83283569777238,95.24703078347538,3087.929589452688,1.4360011768637064,3202.926025390625,3189.7436823345943,3081.420556640625,2979.1954833984373,2513.4255578613283,7192241785.944458,63.06122448979592,87.95918367346938,61.836734693877546,72.6530612244898,0.9780439121756488,0.7398993659968569,True,0.9780439121756488,71.3469387755102,True,True,True,True,True,True,True,True,True,True,True,True,True,True,,2024-02-15,3215.5590333419186,3064.1178317568188,151.44120158509986,2024-03-07,3235.6822714736563,SMA20,0.0062580838737778,2024-03-06,0.1328782254836362,15,2024-02-14,501,491,491,281,57.23014256619145,489,380,77.70961145194273,0.9760479041916168,True,19922.30078125,17346.2194921875,NORMAL,POINT_IN_TIME,501,491,489,NORMAL,MOMENTUM_ENABLED,True,True,True,0.9800399201596807,19359.1840234375,0.047946014178247474,0.005479908525553119,-0.036986197127141275,151.44120158509986,0.13287822548363623
ADANIENT-2024-03-01,ADANIENT,2024-02-26,2024-03-01,4,3323.315185546875,87.03340385411967,86.54238349132864,3201.0785994141256,1.4044789784119582,3314.3271484375,3300.3460399377336,3228.881323242188,3071.822885742188,2594.753080444336,5323397401.544556,71.28309572301426,87.78004073319755,66.80244399185335,76.5376782077393,0.9800399201596808,0.6960781169205866,True,0.9800399201596808,78.35030549898167,True,True,True,True,True,True,True,True,True,True,True,True,True,True,,2024-03-04,3330.555802931704,3179.4430035412934,151.1127993904106,2024-03-06,3179.4430035412934,STOP_INTRADAY,-0.0453716461550935,,-1.0,2,2024-03-01,501,491,491,284,57.841140529531565,490,378,77.14285714285715,0.9780439121756488,True,20349.80078125,17618.16326171875,NORMAL,POINT_IN_TIME,501,491,490,NORMAL,MOMENTUM_ENABLED,True,True,True,0.9800399201596807,19692.01109375,-1.0881607862832845,-1.1322411794249265,-1.1763215725665688,151.1127993904106,-1.0
ADANIGREEN-2024-01-23,ADANIGREEN,2024-01-10,2024-01-23,8,1723.25,74.61701626645183,73.21614570992577,1562.75,2.1509838912194827,1680.9000244140625,1619.1500244140625,1647.6525085449218,1392.2240087890625,1067.9677529907226,1747248338.0046997,77.75510204081633,99.3877551020408,90.6122448979592,90.26530612244898,0.9780439121756488,1.44942758629152,True,0.9780439121756488,92.08163265306122,True,True,True,True,True,True,True,True,True,True,True,True,True,True,,2024-01-24,1687.949951171875,1544.4459635725186,143.50398759935638,2024-01-25,1647.0,SMA20,-0.0242601690550392,2024-01-24,-0.2853575838338492,1,2024-01-23,501,491,491,308,62.72912423625255,489,400,81.79959100204499,0.9760479041916168,True,19206.44921875,16970.611733398437,STRONG_MOMENTUM,POINT_IN_TIME,501,491,489,STRONG_MOMENTUM,MOMENTUM_ENABLED,True,True,True,0.9800399201596807,18690.2799609375,-0.33240714613268657,-0.35593192728210526,-0.37945670843152396,143.50398759935638,-0.28535758383384924
ADANIGREEN-2024-03-01,ADANIGREEN,2024-02-27,2024-03-01,3,1979.5,75.33018867680617,80.22701144168731,1855.949951171875,1.6401133595748647,1969.550048828125,1947.3499755859373,1882.3075073242187,1736.2950048828125,1190.9407537841796,3227812481.914551,94.29735234215886,99.18533604887983,95.72301425661914,96.68024439918533,0.9800399201596808,0.5573583488179936,True,0.9800399201596808,95.19348268839104,True,True,True,True,True,True,True,True,True,True,True,True,True,True,,2024-03-04,1977.550048828125,1835.8931983114533,141.65685051667174,2024-03-13,1897.0999755859373,SMA20,-0.0406816875708715,2024-03-12,-0.5679222215428208,6,2024-03-01,501,491,491,284,57.841140529531565,490,378,77.14285714285715,0.9780439121756488,True,20349.80078125,17618.16326171875,NORMAL,POINT_IN_TIME,501,491,490,NORMAL,MOMENTUM_ENABLED,True,True,True,0.9800399201596807,19692.01109375,-0.6237627980236721,-0.651683086264097,-0.6796033745045218,141.65685051667174,-0.5679222215428225
ADANIPORTS-2024-02-09,ADANIPORTS,2024-02-06,2024-02-09,3,1256.229248046875,38.97149541290925,38.15627852685244,1215.772604058811,1.038108585760419,1254.6505126953125,1247.7431416323502,1187.048309326172,1089.5901513671874,838.7791400146484,5512495501.582947,64.89795918367346,91.22448979591836,83.6734693877551,81.06122448979592,0.9780439121756488,0.7783257115724167,True,0.9780439121756488,85.57142857142857,True,True,True,True,True,True,True,True,True,True,True,True,True,True,,2024-02-12,1261.0643077576965,1206.233534427098,54.8307733305985,2024-03-13,1289.680060440218,SMA20,0.0226917473648932,2024-03-12,0.5218921956468644,21,2024-02-09,501,491,491,309,62.93279022403259,489,385,78.7321063394683,0.9760479041916168,True,19961.5,17272.512490234374,STRONG_MOMENTUM,POINT_IN_TIME,501,491,489,STRONG_MOMENTUM,MOMENTUM_ENABLED,True,True,True,0.9800399201596807,19244.2530078125,0.4298953675040845,0.38389695343269464,0.3378985393613047,54.830773330598504,0.5218921956468644
ADANIPOWER-2023-09-21,ADANIPOWER,2023-09-11,2023-09-21,7,79.68000030517578,3.575297778183953,3.4210629114693094,72.87999725341797,1.901940334382952,76.48999786376953,74.76000213623047,70.92200050354003,60.88680015563965,50.62245015144348,6968659932.991123,83.06122448979592,94.89795918367348,96.12244897959184,91.71428571428572,0.9780439121756488,1.2820457755880317,True,0.9780439121756488,95.63265306122447,True,True,True,True,True,True,True,True,True,True,True,True,True,True,,2023-09-22,77.05999755859375,72.02473152555064,5.035266033043115,2023-10-04,73.45999908447266,SMA20,-0.0467168256965461,2023-10-03,-0.7149569556993988,7,2023-09-21,501,491,491,344,70.06109979633402,488,439,89.95901639344262,0.9740518962075848,True,17303.5,15762.172509765624,STRONG_MOMENTUM,POINT_IN_TIME,501,491,488,STRONG_MOMENTUM,MOMENTUM_ENABLED,True,True,True,0.9800399201596807,17039.1070703125,-0.7761731830469908,-0.8067812967207867,-0.8373894103945827,5.035266033043115,-0.7149569556993988
ADANIPOWER-2023-11-24,ADANIPOWER,2023-11-09,2023-11-24,10,80.22000122070312,3.60292480176586,2.856068588898531,76.01000213623047,1.1684948524069272,79.44000244140625,78.0999984741211,76.76650009155273,73.72419998168945,54.02015015602112,5052019365.565395,94.89795918367348,83.26530612244898,83.87755102040816,86.9387755102041,0.9780439121756488,0.7023640263225668,True,0.9780439121756488,94.26530612244898,True,True,True,True,True,True,True,True,True,True,True,True,True,True,,2023-11-28,81.4000015258789,75.29598498900583,6.104016536873075,2024-01-02,105.0,SMA20,0.289926265746053,2024-01-01,3.866306444544913,24,2023-11-24,501,491,491,312,63.54378818737271,488,414,84.8360655737705,0.9740518962075848,True,17643.5,16138.237485351565,STRONG_MOMENTUM,POINT_IN_TIME,501,491,488,STRONG_MOMENTUM,MOMENTUM_ENABLED,True,True,True,0.9800399201596807,17278.277890625,3.8129645172849465,3.7862935536549633,3.7596225900249802,6.104016536873075,3.866306444544913
ADANIPOWER-2023-12-14,ADANIPOWER,2023-12-07,2023-12-14,5,112.4800033569336,5.711855512486975,5.642940925932879,99.5999984741211,2.254959855804278,105.79000091552734,104.0,92.13850059509278,80.01180023193359,58.32925017356872,5264679089.789486,98.16326530612244,91.83673469387756,94.48979591836736,94.53061224489797,0.9780439121756488,0.267043895529422,True,0.9780439121756488,97.89795918367346,True,True,True,True,True,True,True,True,True,True,True,True,True,True,,2023-12-15,107.4000015258789,98.18926324263788,9.210738283241028,2023-12-21,98.0,STOP_GAP,-0.0875232904313683,,-1.0205481077431375,4,2023-12-14,501,491,491,414,84.31771894093686,489,441,90.1840490797546,0.9760479041916168,True,18973.849609375,16365.27822265625,STRONG_MOMENTUM,POINT_IN_TIME,501,491,489,STRONG_MOMENTUM,MOMENTUM_ENABLED,True,True,True,0.9800399201596807,17554.63984375,-1.0671893207374503,-1.0905099272346066,-1.113830533731763,9.210738283241028,-1.0205481077431375
ADANIPOWER-2024-02-07,ADANIPOWER,2024-01-29,2024-02-07,7,114.08999633789062,4.256009040694623,3.9882084761382735,109.0,1.1959552456824405,113.94000244140624,110.9800033569336,108.6025005340576,104.85180038452148,71.0281001853943,819363047.4035072,49.18367346938776,85.10204081632654,94.08163265306122,77.0204081632653,0.9780439121756488,1.8473104767651785,True,0.9780439121756488,89.16326530612245,True,True,True,True,True,True,True,True,True,True,True,True,True,True,,2024-02-08,114.4000015258789,108.00294788096544,6.39705364491347,2024-02-13,108.00294788096544,STOP_INTRADAY,-0.0559183003460569,,-1.0,3,2024-02-07,501,491,491,345,70.26476578411406,489,402,82.20858895705521,0.9760479041916168,True,20109.55078125,17221.53673828125,STRONG_MOMENTUM,POINT_IN_TIME,501,491,489,STRONG_MOMENTUM,MOMENTUM_ENABLED,True,True,True,0.9800399201596807,19150.93,-1.0715329324254408,-1.1072993986381614,-1.1430658648508818,6.39705364491347,-1.0
ADANIPOWER-2024-05-30,ADANIPOWER,2024-05-23,2024-05-30,5,142.27000427246094,5.435580891574043,5.281884356620057,133.2100067138672,1.6667947252221176,139.67999267578125,136.8000030517578,128.69199981689454,120.70879974365236,96.42620008468629,3517506306.64711,92.85714285714286,85.3061224489796,92.85714285714286,89.83673469387756,0.9780439121756488,1.605693478472103,True,0.9780439121756488,88.14285714285714,True,True,True,True,True,True,True,True,True,True,True,True,True,True,,2024-05-31,141.16000366210938,131.88953562471218,9.270468037397194,2024-06-05,131.88953562471218,STOP_INTRADAY,-0.0656734754668018,,-1.0,3,2024-05-30,501,493,492,270,54.87804878048781,480,342,71.25,0.9580838323353292,True,21038.55078125,18873.31702148437,NORMAL,POINT_IN_TIME,501,492,480,NORMAL,MOMENTUM_ENABLED,True,True,True,0.9820359281437125,20644.3850390625,-1.0609073902601975,-1.0913610853902962,-1.1218147805203948,9.270468037397194,-1.0
AEGISLOG-2024-02-28,AEGISLOG,2024-02-20,2024-02-28,6,453.8128356933594,21.182923357218336,21.70705994416414,406.4891839876587,2.23404725153644,434.3524169921875,420.00456369384256,403.1064163208008,373.7706719970704,345.11922805786133,310178463.18122864,96.13034623217924,76.78207739307535,49.287169042769854,74.33808553971487,0.9800399201596808,2.933548763457017,True,0.9780439121756488,80.97959183673468,True,True,True,True,True,True,True,True,True,True,True,True,True,True,,2024-02-29,429.8472925975158,401.0624190016177,28.78487359589809,2024-03-11,401.0624190016177,STOP_INTRADAY,-0.0669653481401605,,-1.0,6,2024-02-28,501,491,491,253,51.5274949083503,490,374,76.32653061224491,0.9780439121756488,True,20020.400390625,17570.397250976563,NORMAL,POINT_IN_TIME,501,491,490,NORMAL,MOMENTUM_ENABLED,True,True,True,0.9800399201596807,19645.5920703125,-1.059732385645601,-1.0895985784684015,-1.119464771291202,28.78487359589809,-1.0
AEGISLOG-2026-08-18,AEGISLOG,2026-08-06,2026-08-18,8,1400.0,77.97858195709105,72.48604869428279,1241.5,2.032609416868046,1367.699951171875,1298.9000244140625,1321.0150085449218,1228.0352795410156,834.7370886230469,1187034146.3399048,42.2,100.0,98.8,82.3,1.0,3.4199001915910783,True,1.0,95.56,True,True,True,True,True,True,True,True,True,True,True,True,True,True,,2026-08-19,1372.0999755859375,1223.3784878264294,148.72148775950814,2026-08-26,1328.0,SMA20,-0.0321404973184298,2026-08-25,-0.2965272621347756,5,2026-08-18,500,500,500,271,54.2,420,240,57.14285714285714,0.84,True,23472.400390625,23083.2990625,NORMAL,POINT_IN_TIME,500,500,420,NORMAL,MOMENTUM_ENABLED,True,True,True,1.0,23231.9100390625,-0.3334311418970521,-0.3518830817781903,-0.37033502165932847,148.72148775950814,-0.29652726213477565
AFFLE-2024-09-05,AFFLE,2024-08-26,2024-09-05,8,1701.050048828125,61.71349938486019,53.55933324051518,1590.0,1.799445015029698,1628.5,1625.0,1605.144989013672,1488.108994140625,1235.5334973144531,571580793.5828857,71.39959432048681,92.69776876267748,83.36713995943205,83.50912778904664,0.9820717131474104,0.5465880705128833,True,0.9801192842942346,90.18255578093306,True,True,True,True,True,True,True,True,True,True,True,True,True,True,,2024-09-06,1638.4000244140625,1576.6101666898712,61.78985772419128,2024-09-09,1576.6101666898712,STOP_INTRADAY,-0.0377135356466373,,-1.0,1,2024-09-05,502,494,493,302,61.257606490872206,489,410,83.84458077709611,0.9741035856573704,True,23762.80078125,20773.62978515625,STRONG_MOMENTUM,POINT_IN_TIME,502,493,489,STRONG_MOMENTUM,MOMENTUM_ENABLED,True,True,True,0.9820717131474104,23120.591953125,-1.106062715452579,-1.1590940731788688,-1.2121254309051583,61.78985772419128,-1.0
AFFLE-2025-06-26,AFFLE,2025-06-16,2025-06-26,8,1961.0999755859373,66.80538669091126,57.39028837419151,1884.5,1.1466137594613874,1956.5999755859373,1952.0,1877.9299926757808,1727.2819995117188,1620.0047521972656,579385805.4645996,91.12903225806453,85.28225806451613,70.76612903225806,82.68145161290323,0.9860834990059644,1.046779163141174,True,0.9801192842942346,84.07707910750506,True,True,True,True,True,True,True,True,True,True,True,True,True,True,,2025-06-27,1961.9000244140625,1870.152427906452,91.74759650761052,2025-07-17,1953.0,SMA20,-0.0045364311653549,2025-07-16,-0.0970055320558096,14,2025-06-26,503,499,497,385,77.46478873239437,478,281,58.78661087866108,0.9502982107355864,True,23517.55078125,22304.24849609375,NORMAL,POINT_IN_TIME,503,497,478,NORMAL,MOMENTUM_ENABLED,True,True,True,0.9880715705765407,22606.6320703125,-0.18254019886318792,-0.22530753226687705,-0.2680748656705662,91.74759650761052,-0.09700553205580963
AIIL-2026-08-13,AIIL,2026-08-07,2026-08-13,4,596.5999755859375,22.87193524901396,23.19837391122072,547.1500244140625,2.162036164998624,579.0999755859375,567.7999877929688,560.2649993896484,533.6730010986328,521.2378507995605,158407766.66201782,93.8,72.8,70.39999999999999,78.38,1.0,0.8721886500976873,True,1.0,85.38,True,True,True,True,True,True,True,True,True,True,True,True,True,True,,2026-08-14,579.7999877929688,541.3504309362573,38.44955685671141,2026-08-18,552.5,SMA20,-0.0470851817311815,2026-08-17,-0.7100208695436111,2,2026-08-13,500,500,500,290,57.99999999999999,420,252,60.0,0.84,True,23658.099609375,23086.29630859375,NORMAL,POINT_IN_TIME,500,500,420,NORMAL,MOMENTUM_ENABLED,True,True,True,1.0,23162.01,-0.7703388586381215,-0.8004978531853766,-0.8306568477326318,38.44955685671141,-0.7100208695436111
AJANTPHARM-2024-05-24,AJANTPHARM,2024-05-14,2024-05-24,7,2367.8154296875,77.68987739986778,61.58434253233084,2301.5369899166426,0.853115515033239,2352.666259765625,2348.150577555365,2279.14560546875,2159.714782714844,1924.171513671875,263028949.006836,83.6734693877551,71.0204081632653,56.53061224489796,70.46938775510203,0.9780439121756488,0.5787471468425057,True,0.9740518962075848,76.10655737704917,True,True,True,True,True,True,True,True,True,True,True,True,True,True,,2024-05-27,2365.873417159544,2286.14090428356,79.73251287598396,2024-05-30,2274.345825914544,STOP_GAP,-0.0386865969164518,,-1.1479331071298584,3,2024-05-24,501,493,492,336,68.29268292682927,480,364,75.83333333333333,0.9580838323353292,True,21483.75,18786.948759765623,STRONG_MOMENTUM,POINT_IN_TIME,501,492,480,STRONG_MOMENTUM,MOMENTUM_ENABLED,True,True,True,0.9820359281437125,20551.7060546875,-1.266623630321542,-1.3259688919173838,-1.3853141535132256,79.73251287598396,-1.1479331071298584
ALKEM-2023-12-13,ALKEM,2023-12-07,2023-12-13,4,4760.09033203125,104.9886537749253,107.1217198628059,4557.984743032208,1.9250231499521475,4756.05029296875,4685.956153716875,4488.934741210937,3969.48615234375,3540.8068359375,1178759681.6513672,75.10204081632654,93.26530612244898,73.46938775510205,81.87755102040816,0.9780439121756488,1.1941529320923083,True,0.9780439121756488,86.73469387755102,True,True,True,True,True,True,True,True,True,True,True,True,True,True,,2023-12-14,4770.312044799793,4531.204313066506,239.10773173328653,2024-01-12,4938.003664647983,SMA20,0.0351531762017527,2024-01-11,0.7013224483900944,20,2023-12-13,501,491,491,410,83.5030549898167,489,441,90.1840490797546,0.9760479041916168,True,18751.44921875,16345.1022265625,STRONG_MOMENTUM,POINT_IN_TIME,501,491,489,STRONG_MOMENTUM,MOMENTUM_ENABLED,True,True,True,0.9800399201596807,17521.01484375,0.621520561429436,0.5816196179491068,0.5417186744687775,239.10773173328653,0.7013224483900944
ALKYLAMINE-2025-07-15,ALKYLAMINE,2025-07-07,2025-07-15,6,2384.539306640625,86.46107618452778,84.13565517464265,2185.164884389208,2.305944258962336,2293.1552734375,2256.860266213768,2236.782122802734,2002.2118383789064,1889.821423339844,284213391.79296875,96.37826961770624,85.3118712273642,89.93963782696177,90.02012072434607,0.994,0.3518067242122392,True,0.9920159680638724,95.57344064386318,True,True,True,True,True,True,True,True,True,True,True,True,True,True,,2025-07-16,2293.1553150682025,2164.130970595548,129.02434447265478,2025-07-21,2242.2424664089813,SMA20,-0.0222020934756035,2025-07-18,-0.3945987779849689,3,2025-07-15,500,497,497,370,74.44668008048289,479,310,64.71816283924844,0.958,True,23449.150390625,22285.705234375,STRONG_MOMENTUM,POINT_IN_TIME,500,497,479,STRONG_MOMENTUM,MOMENTUM_ENABLED,True,True,True,0.994,23003.283984375,-0.46569095285912265,-0.5012370402961988,-0.536783127733275,129.02434447265432,-0.39459877798497034
AMBER-2023-09-15,AMBER,2023-09-07,2023-09-15,6,3043.35009765625,112.0203851359472,111.2683417856935,2797.35009765625,2.1960288719009133,2974.60009765625,2947.0,2924.2800048828126,2603.216005859375,2126.1360003662107,482287700.7988281,42.6530612244898,90.20408163265309,80.0,72.87755102040816,0.9780439121756488,0.9171826625386996,True,0.9780439121756488,89.46938775510205,True,True,True,True,True,True,True,True,True,True,True,True,True,True,,2023-09-18,2980.0,2769.5330122098267,210.4669877901733,2023-09-22,2946.5,SMA20,-0.011241610738255,2023-09-21,-0.1591698553380641,3,2023-09-15,501,491,491,409,83.29938900203666,488,452,92.62295081967213,0.9740518962075848,True,17665.80078125,15738.055517578125,STRONG_MOMENTUM,POINT_IN_TIME,501,491,488,STRONG_MOMENTUM,MOMENTUM_ENABLED,True,True,True,0.9800399201596807,16987.11109375,-0.21580581580462307,-0.24412379603790252,-0.27244177627118205,210.46698779017333,-0.15916985533806413
AMBER-2025-01-02,AMBER,2024-12-26,2025-01-02,4,7867.7001953125,327.8440432635892,344.2151401483669,7120.89990234375,2.277913258800059,7544.39990234375,7449.0,6504.0875,6308.52001953125,4716.675246582031,2469076300.107422,98.98785425101214,100.0,97.36842105263158,98.90688259109312,0.988,0.644620526020983,True,0.988,99.27125506072872,True,True,True,True,True,True,True,True,True,True,True,True,True,True,,2025-01-03,7700.0,7034.846117306658,665.153882693342,2025-01-13,7034.846117306658,STOP_INTRADAY,-0.0863836211290054,,-1.0,6,2025-01-02,500,496,496,249,50.201612903225815,488,240,49.18032786885246,0.976,True,22819.75,22349.360478515624,NORMAL,POINT_IN_TIME,500,496,488,NORMAL,MOMENTUM_ENABLED,True,True,True,0.992,22703.5589453125,-1.0463050743615665,-1.0694576115423502,-1.0926101487231334,665.153882693342,-1.0
AMBUJACEM-2024-02-14,AMBUJACEM,2024-02-09,2024-02-14,3,569.55126953125,18.22036356065985,18.343509721779988,546.1247315849441,1.2857338366665103,564.3124389648438,563.4228000061868,547.7482971191406,525.9492767333984,450.8740878295898,1730727327.389923,74.6938775510204,80.61224489795919,55.10204081632652,71.18367346938776,0.9780439121756488,0.6720533839759839,True,0.9780439121756488,70.0408163265306,True,True,True,True,True,True,True,True,True,True,True,True,True,True,,2024-02-15,567.2778967043857,541.5388541544992,25.73904254988656,2024-03-13,582.5495302373403,SMA20,0.026920903531894,2024-03-12,0.5933256259767841,18,2024-02-14,501,491,491,281,57.23014256619145,489,380,77.70961145194273,0.9760479041916168,True,19922.30078125,17346.2194921875,NORMAL,POINT_IN_TIME,501,491,489,NORMAL,MOMENTUM_ENABLED,True,True,True,0.9800399201596807,19359.1840234375,0.5051672734498932,0.4610880971864478,0.4170089209230024,25.739042549886562,0.5933256259767841
ANANDRATHI-2024-04-19,ANANDRATHI,2024-04-15,2024-04-19,3,1034.16357421875,47.09640074125984,45.40070280222783,998.0347628128576,0.7671246812336782,1030.4334716796875,1025.196409567674,931.7162902832032,914.0810522460938,576.7129504394532,307104671.1533203,86.27049180327869,97.54098360655738,98.97540983606558,94.59016393442624,0.9740518962075848,1.4220640488077965,True,0.9740518962075848,88.77049180327869,True,True,True,True,True,True,True,True,True,True,True,True,True,True,,2024-04-22,1038.733683659484,986.6845871123004,52.049096547183694,2024-04-23,986.6845871123004,STOP_INTRADAY,-0.0501082205824051,,-1.0,1,2024-04-19,501,493,492,251,51.016260162601625,479,359,74.94780793319416,0.9560878243512974,True,20385.19921875,18295.06126464844,NORMAL,POINT_IN_TIME,501,492,479,NORMAL,MOMENTUM_ENABLED,True,True,True,0.9820359281437125,20203.554140625,-1.0798272210329605,-1.1197408315494408,-1.1596544420659212,52.049096547183694,-1.0
ANANTRAJ-2026-08-12,ANANTRAJ,2026-08-04,2026-08-12,6,630.4000244140625,19.96281577944285,19.83757649528633,593.2999877929688,1.8584570949804755,614.6500244140625,613.0,608.6223785400391,568.1304541015625,541.573614654541,1649845278.5378418,75.2,90.2,61.4,77.06,1.0,0.6227925987009005,True,1.0,76.5,True,True,True,True,True,True,True,True,True,True,True,True,True,True,,2026-08-13,614.0,588.3405936691472,25.65940633085279,2026-08-25,614.0,SMA20,0.0,2026-08-24,0.0,8,2026-08-12,500,500,500,287,57.4,420,243,57.85714285714286,0.84,True,23672.44921875,23085.996064453124,NORMAL,POINT_IN_TIME,500,500,420,NORMAL,MOMENTUM_ENABLED,True,True,True,1.0,23137.885,-0.09571538672143452,-0.14357308008215178,-0.19143077344286905,25.65940633085279,0.0
ANGELONE-2023-09-08,ANGELONE,2023-09-04,2023-09-08,4,183.43869018554688,5.821651598508325,5.876239951082275,173.2264236161476,1.7541871746526283,179.12472534179688,177.330457600559,171.62684020996093,162.0169235229492,131.83556594848633,592935997.1005249,60.81632653061224,76.12244897959184,90.81632653061224,75.93877551020408,0.9780439121756488,1.1082765056349149,True,0.9760956175298804,94.46938775510203,True,True,True,True,True,True,True,True,True,True,True,True,True,True,,2023-09-11,179.40152122743717,171.75736362837702,7.644157599060151,2023-09-12,171.75736362837702,STOP_INTRADAY,-0.0426092128247298,,-1.0,1,2023-09-08,501,491,491,414,84.31771894093686,487,451,92.60780287474331,0.9720558882235528,True,17487.44921875,15688.051762695311,STRONG_MOMENTUM,POINT_IN_TIME,501,491,487,STRONG_MOMENTUM,MOMENTUM_ENABLED,True,True,True,0.9800399201596807,16885.0370703125,-1.0938764115745048,-1.1408146173617573,-1.1877528231490095,7.644157599060151,-1.0
ANGELONE-2023-12-12,ANGELONE,2023-12-06,2023-12-12,4,301.6229553222656,12.672594932869222,12.225083593758354,282.2366940390888,1.5297783434152248,294.3177185058594,291.53867043015407,288.23640594482424,246.71602478027344,165.3278715133667,2149497895.2755737,74.08163265306122,98.36734693877553,97.75510204081633,90.89795918367346,0.9780439121756488,0.9932659730117576,True,0.9780439121756488,88.26530612244898,True,True,True,True,True,True,True,True,True,True,True,True,True,True,,2023-12-13,294.4233609114292,279.1804231406492,15.242937770779974,2024-01-17,325.4251286835945,SMA20,0.1052965623250646,2024-01-16,2.033844672094266,24,2023-12-12,501,491,491,401,81.67006109979633,488,434,88.9344262295082,0.9740518962075848,True,18686.80078125,16326.364731445312,STRONG_MOMENTUM,POINT_IN_TIME,501,491,488,STRONG_MOMENTUM,MOMENTUM_ENABLED,True,True,True,0.9800399201596807,17489.39484375,1.9565830929055543,1.9179523033111985,1.8793215137168429,15.242937770779974,2.033844672094266
ANGELONE-2023-12-22,ANGELONE,2023-12-18,2023-12-22,4,322.0940246582031,13.244792448802553,13.379074789274574,299.9862654352232,1.669166150276571,316.0511474609375,315.09115187715935,299.0330337524414,266.75678619384763,173.7286014175415,2027076766.324616,70.61224489795919,99.3877551020408,97.3469387755102,90.14285714285714,0.9780439121756488,0.3342191734964453,True,0.9780439121756488,91.30612244897958,True,True,True,True,True,True,True,True,True,True,True,True,True,True,,2023-12-26,316.78548153306974,296.6414967379045,20.14398479516524,2024-01-17,325.4251286835945,SMA20,0.027272863354449,2024-01-16,0.4288946421662488,16,2023-12-22,501,491,491,401,81.67006109979633,489,438,89.57055214723927,0.9760479041916168,True,19054.69921875,16496.604721679687,STRONG_MOMENTUM,POINT_IN_TIME,501,491,489,STRONG_MOMENTUM,MOMENTUM_ENABLED,True,True,True,0.9800399201596807,17773.596875,0.3659904085194678,0.33453829169607724,0.30308617487268674,20.143984795165238,0.42889464216624884
APARINDS-2023-09-11,APARINDS,2023-08-28,2023-09-11,10,4987.0908203125,214.24450210124823,158.87095783393775,4792.001818047195,0.9105904718764224,4970.7880859375,4865.41285041553,4806.703796386719,4077.863403320313,2709.226294555664,695710861.0686035,95.3061224489796,97.14285714285714,97.95918367346938,96.83673469387756,0.9780439121756488,1.1044011761793164,True,0.9760956175298804,99.10204081632654,True,True,True,True,True,True,True,True,True,True,True,True,True,True,,2023-09-12,5013.322899320252,4752.284078588711,261.0388207315409,2023-09-12,4752.284078588711,STOP_INTRADAY,-0.0520690220785369,,-1.0,0,2023-09-11,501,491,491,431,87.78004073319755,487,455,93.42915811088297,0.9720558882235528,True,17653.349609375,15699.04951171875,STRONG_MOMENTUM,POINT_IN_TIME,501,491,487,STRONG_MOMENTUM,MOMENTUM_ENABLED,True,True,True,0.9800399201596807,16909.5040625,-1.0768211086040125,-1.1152316629060184,-1.1536422172080245,261.0388207315409,-1.0
APARINDS-2024-05-24,APARINDS,2024-05-14,2024-05-24,7,8204.8955078125,342.67943178800203,310.6338863228199,7642.501772535044,1.6411657167255354,7931.35595703125,7879.631756427535,7788.119360351562,7114.705751953125,5766.103175048828,890779456.2937012,59.795918367346935,88.57142857142857,71.22448979591837,74.73469387755102,0.9780439121756488,0.959458686575832,True,0.9740518962075848,91.14754098360656,True,True,True,True,True,True,True,True,True,True,True,True,True,True,,2024-05-27,7933.924565259115,7564.84330095434,369.0812643047757,2024-05-29,7706.7241988335745,SMA20,-0.0286365675091493,2024-05-28,-0.6155835811755697,2,2024-05-24,501,493,492,336,68.29268292682927,480,364,75.83333333333333,0.9580838323353292,True,21483.75,18786.948759765623,STRONG_MOMENTUM,POINT_IN_TIME,501,492,480,STRONG_MOMENTUM,MOMENTUM_ENABLED,True,True,True,0.9820359281437125,20551.7060546875,-0.7015692470175241,-0.7445620799385011,-0.7875549128594784,369.0812643047757,-0.6155835811755697
APLAPOLLO-2023-08-31,APLAPOLLO,2023-08-25,2023-08-31,4,1677.32373046875,55.48892681770331,56.03987538761063,1590.7704400570765,1.559829958435231,1658.5186767578125,1628.1333793086892,1561.065692138672,1450.411535644531,1233.3949505615235,1361286226.6083984,66.12244897959184,93.6734693877551,69.79591836734694,78.24489795918367,0.9760956175298804,0.8348440518658458,True,0.9760956175298804,85.57142857142858,True,True,True,True,True,True,True,True,True,True,True,True,True,True,,2023-09-01,1677.6778944533282,1576.7604712101736,100.91742324315464,2023-09-13,1613.1518564880555,SMA20,-0.0384615176599786,2023-09-12,-0.6393944265679553,8,2023-08-31,502,492,491,365,74.33808553971487,483,421,87.16356107660455,0.9621513944223108,True,16924.30078125,15638.749018554689,STRONG_MOMENTUM,POINT_IN_TIME,502,491,483,STRONG_MOMENTUM,MOMENTUM_ENABLED,True,True,True,0.9780876494023905,16749.742109375,-0.7058914828953298,-0.7391400110590159,-0.7723885392227019,100.91742324315464,-0.6393944265679575
APLAPOLLO-2026-02-18,APLAPOLLO,2026-02-11,2026-02-18,5,2280.800048828125,54.6717105482213,51.58321426830231,2199.0,1.4962043076368734,2243.89990234375,2237.800048828125,2141.7599853515626,1976.049990234375,1785.0548022460937,2166055751.833374,93.77510040160642,98.79518072289156,95.38152610441767,96.26506024096383,0.994011976047904,0.4921186906000152,True,0.9920159680638724,96.96177062374244,True,True,True,True,True,True,True,True,True,True,True,True,True,True,,2026-02-19,2250.0,2186.1041964329243,63.89580356707575,2026-02-19,2186.1041964329243,STOP_INTRADAY,-0.0283981349187003,,-1.0,0,2026-02-18,501,499,449,232,51.67037861915368,444,181,40.76576576576576,0.8862275449101796,True,23645.80078125,23254.83354492188,NORMAL,POINT_IN_TIME,501,449,444,NORMAL,MOMENTUM_ENABLED,True,True,True,0.8962075848303394,23518.3460546875,-1.1408543205901165,-1.2112814808851748,-1.2817086411802332,63.895803567075745,-1.0
APLLTD-2024-03-01,APLLTD,2024-02-22,2024-03-01,6,1040.3031005859375,39.17953345140777,38.65768127116597,975.208840971951,1.661435292350262,1016.6456298828124,997.372678266768,977.8732971191406,886.9427880859375,733.4669412231445,160098883.05322266,84.31771894093686,88.59470468431772,71.4867617107943,82.17922606924643,0.9800399201596808,0.6217594039325257,True,0.9800399201596808,79.77596741344195,True,True,True,True,True,True,True,True,True,True,True,True,True,True,,2024-03-04,1005.0818371038348,965.5444206541596,39.53741644967522,2024-03-04,965.5444206541596,STOP_INTRADAY,-0.0393375096336464,,-1.0,0,2024-03-01,501,491,491,284,57.841140529531565,490,378,77.14285714285715,0.9780439121756488,True,20349.80078125,17618.16326171875,NORMAL,POINT_IN_TIME,501,491,490,NORMAL,MOMENTUM_ENABLED,True,True,True,0.9800399201596807,19692.01109375,-1.1016841187266893,-1.1525261780900342,-1.203368237453379,39.53741644967522,-1.0
APLLTD-2024-08-01,APLLTD,2024-07-29,2024-08-01,3,1207.4676513671875,52.67126644210954,50.982680878649845,1138.2774996956134,1.3136223285540378,1181.5943603515625,1159.6679662800116,1053.8714630126954,947.2545556640624,876.276704711914,362255767.5804138,98.17444219066938,75.05070993914808,55.98377281947262,76.26774847870183,0.9801192842942346,0.6990953664191204,True,0.9801192842942346,81.6024340770791,True,True,True,True,True,True,True,True,True,True,True,True,True,True,,2024-08-02,1181.594442592493,1125.5318294759509,56.062613116542025,2024-08-09,1125.5318294759509,STOP_INTRADAY,-0.0474465781961001,,-1.0,5,2024-08-01,503,493,493,373,75.65922920892496,487,426,87.47433264887063,0.9681908548707754,True,23506.599609375,20036.74401367188,STRONG_MOMENTUM,POINT_IN_TIME,503,493,487,STRONG_MOMENTUM,MOMENTUM_ENABLED,True,True,True,0.9801192842942346,22371.1550390625,-1.0843053419672903,-1.1264580129509356,-1.1686106839345807,56.062613116542025,-1.0
APOLLOTYRE-2024-12-13,APOLLOTYRE,2024-12-09,2024-12-13,4,536.4601440429688,13.464715777368486,12.395267728620944,524.2967275418409,0.9033548648365902,535.1900024414062,531.7217571660462,505.0599609375,493.79244140625,489.4214656066895,564885671.7267761,91.09311740890688,76.31578947368422,70.04048582995951,78.8663967611336,0.988,1.9467099071497544,True,0.988,78.66396761133603,True,True,True,True,True,True,True,True,True,True,True,True,True,True,,2024-12-16,535.3854694056887,521.1979106096857,14.187558796003032,2024-12-17,521.1979106096857,STOP_INTRADAY,-0.0264997083535944,,-1.0,1,2024-12-13,500,496,496,286,57.66129032258065,488,287,58.81147540983606,0.976,True,23358.94921875,22207.690751953123,NORMAL,POINT_IN_TIME,500,496,488,NORMAL,MOMENTUM_ENABLED,True,True,True,0.992,22924.56890625,-1.1509450574559787,-1.2264175861839681,-1.3018901149119575,14.187558796003032,-1.0
APOLLOTYRE-2025-11-03,APOLLOTYRE,2025-10-21,2025-11-03,8,508.6773376464844,11.913876985709065,12.753531907281095,490.8541147749188,1.496005279636922,503.0489501953125,502.35772822219377,489.2692779541016,478.3669995117188,445.7827813720703,360587067.5735626,80.32454361054768,82.75862068965517,43.6105476673428,70.28397565922921,0.9801192842942346,1.1424462937190418,True,0.9801192842942346,81.54158215010142,True,True,True,True,True,True,True,True,True,True,True,True,True,True,,2025-11-04,503.5426426555735,487.6657317980985,15.876910857475025,2025-11-24,505.4681233147701,SMA20,0.0038238681217584,2025-11-21,0.1212755224540483,13,2025-11-03,503,498,498,299,60.040160642570285,482,324,67.21991701244814,0.9582504970178928,True,23810.69921875,22353.247275390622,STRONG_MOMENTUM,POINT_IN_TIME,503,498,482,STRONG_MOMENTUM,MOMENTUM_ENABLED,True,True,True,0.9900596421471173,23223.1481640625,-0.00558609368169107,-0.06901690174955903,-0.13244770981742696,15.876910857475025,0.12127552245404481
ARE&M-2023-12-07,ARE&M,2023-12-01,2023-12-07,4,750.56982421875,20.188482870140326,20.67236397029552,731.3469024678508,0.9521726756065848,746.86181640625,745.2029864473277,666.3730865478516,634.1527514648437,605.7284457397461,471721169.6438599,90.81632653061224,79.59183673469387,54.48979591836734,75.42857142857142,0.9780439121756488,1.248507963099516,True,0.9780439121756488,77.53061224489795,True,True,True,True,True,True,True,True,True,True,True,True,True,True,,2023-12-08,751.252835308463,726.1788114752769,25.07402383318606,2023-12-20,726.1788114752769,STOP_INTRADAY,-0.0333762784707371,,-1.0,8,2023-12-07,501,491,491,419,85.33604887983707,488,442,90.57377049180327,0.9740518962075848,True,18703.849609375,16271.023735351562,STRONG_MOMENTUM,POINT_IN_TIME,501,491,488,STRONG_MOMENTUM,MOMENTUM_ENABLED,True,True,True,0.9800399201596807,17404.0028515625,-1.11984559643182,-1.17976839464773,-1.2396911928636398,25.07402383318606,-1.0
ARE&M-2024-06-18,ARE&M,2024-06-07,2024-06-18,6,1367.2137451171875,84.2300288375492,77.89094881782337,1289.005168240151,0.9285118140927378,1337.696533203125,1324.0356883080349,1220.124774169922,1090.8973767089844,809.5462432861328,4041735883.448303,89.61303462321793,95.11201629327904,93.48268839103868,92.9735234215886,0.9780876494023903,1.0025187987401647,True,0.9800399201596808,96.45621181262727,True,True,True,True,True,True,True,True,True,True,True,True,True,True,,2024-06-19,1348.4301224740273,1269.5324310356953,78.897691438332,2024-07-18,1537.0168045790415,SMA20,0.1398564738074864,2024-07-16,2.39026869692908,20,2024-06-18,502,493,493,422,85.59837728194725,483,411,85.09316770186336,0.9621513944223108,True,22329.599609375,19157.73802734375,STRONG_MOMENTUM,POINT_IN_TIME,502,493,483,STRONG_MOMENTUM,MOMENTUM_ENABLED,True,True,True,0.9820717131474104,21034.7400390625,2.3219052202345534,2.287723481887292,2.2535417435400302,78.897691438332,2.390268696929077
ASAHIINDIA-2025-07-23,ASAHIINDIA,2025-07-17,2025-07-23,4,870.9802856445312,30.41438256366316,28.56735923041484,827.483657688565,1.4301335187363875,851.9754638671875,844.9920485239644,818.5448944091797,767.8214331054687,703.6648880004883,291108294.0649414,99.19517102615694,81.28772635814889,89.93963782696177,89.25553319919516,0.9920159680638724,0.5126541949187158,True,0.994,89.53722334004024,True,True,True,True,True,True,True,True,True,True,True,True,True,True,,2025-07-24,852.8733376663605,820.3418178809613,32.531519785399155,2025-07-29,818.0560500567536,SMA20,-0.0408235151363439,2025-07-28,-1.0702631736631505,3,2025-07-23,501,497,497,306,61.56941649899397,479,314,65.55323590814196,0.9560878243512974,True,23428.400390625,22255.32173828125,STRONG_MOMENTUM,POINT_IN_TIME,501,497,479,STRONG_MOMENTUM,MOMENTUM_ENABLED,True,True,True,0.9920159680638723,23150.1589453125,-1.1751304953613082,-1.2275641562103872,-1.2799978170594661,32.531519785399155,-1.0702631736631503
ASAHIINDIA-2025-09-23,ASAHIINDIA,2025-09-18,2025-09-23,3,916.75,29.00078352432115,29.71205289224927,871.0999755859375,1.5740962438404007,916.25,890.7999877929688,864.4876556396484,851.1122766113281,735.7660479736328,165561726.90600586,67.46987951807229,97.59036144578312,91.36546184738955,86.6867469879518,0.994011976047904,2.4864907864315096,True,0.9920159680638724,85.83501006036218,True,True,True,True,True,True,True,True,True,True,True,True,True,True,,2025-09-24,916.25,863.6719623628752,52.5780376371248,2025-09-30,863.6719623628752,STOP_INTRADAY,-0.0573839428508865,,-1.0,4,2025-09-23,501,498,498,273,54.81927710843374,488,320,65.57377049180327,0.9740518962075848,True,23325.25,22268.37451171875,NORMAL,POINT_IN_TIME,501,498,488,NORMAL,MOMENTUM_ENABLED,True,True,True,0.9940119760479041,23017.4560546875,-1.0697059107700928,-1.104558866155139,-1.1394118215401856,52.578037637124794,-1.0
ASHOKLEY-2023-08-04,ASHOKLEY,2023-08-01,2023-08-04,3,85.12367248535156,1.8894567714715416,1.913308409124014,82.65130809214118,1.3085054024733591,84.33807373046875,84.3380641410364,81.7420753479004,75.73948333740235,68.490234375,1989504794.8848724,84.45807770961146,79.14110429447852,62.16768916155419,75.6441717791411,0.9741035856573704,0.7280070285968734,True,0.9741035856573704,76.99386503067484,True,True,True,True,True,True,True,True,True,True,True,True,True,True,,2023-08-07,84.80019485069019,82.17298098986018,2.627213860830011,2023-09-01,85.33162793310512,SMA20,0.0062668851569343,2023-08-31,0.2022800999713972,18,2023-08-04,502,491,491,374,76.17107942973523,482,403,83.60995850622407,0.9601593625498008,True,16890.599609375,15493.132998046874,STRONG_MOMENTUM,POINT_IN_TIME,502,491,482,STRONG_MOMENTUM,MOMENTUM_ENABLED,True,True,True,0.9780876494023905,16403.5480859375,0.07316964403934849,0.008614416073324114,-0.05594081189270025,2.627213860830011,0.20228009997139723
ASHOKLEY-2024-08-09,ASHOKLEY,2024-07-31,2024-08-09,7,122.23623657226562,3.63184365797466,3.722546439662531,114.11060771004098,2.23732892366738,120.33914947509766,118.627483727211,114.25371894836424,112.00155532836914,90.1352400970459,2519145798.5506134,89.4523326572008,81.54158215010142,89.24949290060852,86.22718052738335,0.9801192842942346,1.066743640645075,True,0.9801192842942346,84.2393509127789,True,True,True,True,True,True,True,True,True,True,True,True,True,True,,2024-08-12,118.8414416965653,113.17997110012534,5.661470596439955,2024-08-30,121.33759727447004,SMA20,0.0210040836114906,2024-08-29,0.4409023301250344,13,2024-08-09,503,493,493,258,52.33265720081136,487,402,82.54620123203286,0.9681908548707754,True,22923.5,20203.106015625,NORMAL,POINT_IN_TIME,503,493,487,NORMAL,MOMENTUM_ENABLED,True,True,True,0.9801192842942346,22538.6669921875,0.35693726156401767,0.31495472728350926,0.2729721930030009,5.661470596439955,0.44090233012503444
ASHOKLEY-2025-09-17,ASHOKLEY,2025-09-08,2025-09-17,7,134.07794189453125,3.754701210642388,3.34063802676848,129.16560805331042,1.3083155131751167,133.5701141357422,132.39818860543474,128.96932563781738,123.79908752441406,111.4646585083008,1916968780.71904,54.72837022132797,86.31790744466801,80.88531187122736,75.21126760563381,0.9920159680638724,1.4138296639659995,True,0.9920159680638724,85.67404426559355,True,True,True,True,True,True,True,True,True,True,True,True,True,True,,2025-09-18,134.21466484859107,128.3304485466183,5.884216301972771,2025-10-07,134.8299244776309,SMA20,0.004584146074752,2025-10-06,0.1045610150044197,12,2025-09-17,501,497,497,310,62.37424547283702,487,337,69.19917864476386,0.9720558882235528,True,23445.19921875,22253.45775390625,STRONG_MOMENTUM,POINT_IN_TIME,501,497,487,STRONG_MOMENTUM,MOMENTUM_ENABLED,True,True,True,0.9920159680638723,23020.893046875,0.01332394419613315,-0.03229459120801017,-0.0779131266121535,5.884216301972771,0.10456101500441979
ASTERDM-2024-02-27,ASTERDM,2024-02-20,2024-02-27,5,359.2335510253906,11.91548645808361,12.343983457111143,342.9201975367744,1.3690883327343368,358.0629272460937,356.2880983958444,341.26998748779295,322.5413531494141,260.7870177459717,169572027.18856812,82.4847250509165,83.70672097759673,76.17107942973523,81.07942973523421,0.9800399201596808,2.7935359397178727,True,0.9780439121756488,76.65306122448979,True,True,True,True,True,True,True,True,True,True,True,True,True,True,,2024-02-28,358.5538179387464,339.8342016724966,18.71961626624983,2024-03-01,339.8342016724966,STOP_INTRADAY,-0.0522086652817284,,-1.0,2,2024-02-27,501,491,491,284,57.841140529531565,490,387,78.9795918367347,0.9780439121756488,True,20292.849609375,17547.430747070313,NORMAL,POINT_IN_TIME,501,491,490,NORMAL,MOMENTUM_ENABLED,True,True,True,0.9800399201596807,19620.213046875,-1.076615634175193,-1.1149234512627892,-1.1532312683503858,18.71961626624983,-1.0
ASTERDM-2024-12-05,ASTERDM,2024-11-29,2024-12-05,4,492.7407531738281,15.02030939136004,15.669946044255047,469.67817990694647,1.53542597998332,481.7022399902344,479.1890518384416,447.3055023193359,429.9770318603516,375.0392706298828,455026822.15911865,87.24696356275304,93.1174089068826,86.8421052631579,89.47368421052632,0.988,2.8696338881123737,True,0.988,93.4412955465587,True,True,True,True,True,True,True,True,True,True,True,True,True,True,,2024-12-06,483.9197769573696,465.7606933958827,18.15908356148691,2024-12-16,465.7606933958827,STOP_INTRADAY,-0.037524987458999,,-1.0,6,2024-12-05,500,496,496,271,54.63709677419355,488,295,60.45081967213115,0.976,True,23277.94921875,22107.4992578125,NORMAL,POINT_IN_TIME,500,496,488,NORMAL,MOMENTUM_ENABLED,True,True,True,0.992,23051.9969140625,-1.106595638556056,-1.1598934578340843,-1.2131912771121123,18.15908356148691,-1.0
AUBANK-2025-07-09,AUBANK,2025-07-01,2025-07-09,6,836.5050048828125,18.64442908051242,17.548287953190503,801.2219077095701,1.892420358965084,824.9488525390625,820.4032922589025,802.4198822021484,742.9362744140625,632.6558515930176,1878739166.4190369,88.73239436619718,93.7625754527163,96.78068410462777,93.158953722334,0.9920159680638724,0.6532534865372338,True,0.9900199600798404,96.39112903225804,True,True,True,True,True,True,True,True,True,True,True,True,True,True,,2025-07-10,824.9987884883292,796.8348357212725,28.163952767056685,2025-07-14,796.8348357212725,STOP_INTRADAY,-0.0341381746980045,,-1.0,2,2025-07-09,501,498,497,384,77.2635814889336,479,307,64.09185803757829,0.9560878243512974,True,23557.44921875,22297.725234375,STRONG_MOMENTUM,POINT_IN_TIME,501,497,479,STRONG_MOMENTUM,MOMENTUM_ENABLED,True,True,True,0.9920159680638723,22896.793984375,-1.1171708808506922,-1.1757563212760382,-1.234341761701384,28.163952767056685,-1.0
AUROPHARMA-2023-10-06,AUROPHARMA,2023-09-29,2023-10-06,4,906.908935546875,24.17869742928469,25.363100799310462,863.9613044904492,1.7762590884821057,893.518798828125,882.7075598274763,875.4223052978516,852.1006591796875,625.8814445495606,1440601724.1820984,80.0,72.85714285714285,89.59183673469387,80.0204081632653,0.9780439121756488,1.197551734294375,True,0.9780439121756488,83.16326530612245,True,True,True,True,True,True,True,True,True,True,True,True,True,True,,2023-10-09,885.7326678314356,857.6205292906216,28.112138540814044,2023-10-20,875.8141484450798,SMA20,-0.0111980959341147,2023-10-19,-0.3528198102736223,9,2023-10-06,501,491,491,307,62.52545824847251,488,435,89.13934426229508,0.9740518962075848,True,17293.599609375,15828.882514648438,STRONG_MOMENTUM,POINT_IN_TIME,501,491,488,STRONG_MOMENTUM,MOMENTUM_ENABLED,True,True,True,0.9800399201596807,17120.0030078125,-0.47884831095783775,-0.5418625612999455,-0.6048768116420532,28.112138540814044,-0.3528198102736223
AUROPHARMA-2023-11-30,AUROPHARMA,2023-11-22,2023-11-30,5,1050.2860107421875,27.989825793313,26.59626564053829,1004.1759861252266,1.647385194800926,1036.1595458984375,1026.5595031707526,961.588232421875,911.6165026855468,715.0563221740723,2324652820.3842773,89.79591836734694,83.06122448979592,89.79591836734694,87.10204081632654,0.9780439121756488,1.3585184750616757,True,0.9780439121756488,89.95918367346938,True,True,True,True,True,True,True,True,True,True,True,True,True,True,,2023-12-01,1043.5709770820738,997.526919715092,46.04405736698175,2023-12-11,997.526919715092,STOP_INTRADAY,-0.0441216346354566,,-1.0,6,2023-11-30,501,491,491,356,72.50509164969449,488,423,86.68032786885246,0.9740518962075848,True,17987.94921875,16182.727231445311,STRONG_MOMENTUM,POINT_IN_TIME,501,491,488,STRONG_MOMENTUM,MOMENTUM_ENABLED,True,True,True,0.9800399201596807,17299.1388671875,-1.0906584724942523,-1.1359877087413788,-1.1813169449885048,46.04405736698175,-1.0
AUROPHARMA-2023-12-28,AUROPHARMA,2023-12-21,2023-12-28,4,1086.4976806640625,32.721718651930594,33.06494217975874,1040.7357122281855,1.3985197086576924,1084.060302734375,1075.604271727685,1034.3464965820312,968.5385009765624,769.8535282897949,2015749293.8372805,50.61224489795918,78.77551020408163,83.06122448979592,71.61224489795919,0.9780439121756488,1.1915391964548885,True,0.9780439121756488,76.6938775510204,True,True,True,True,True,True,True,True,True,True,True,True,True,True,,2023-12-29,1089.2335052690655,1032.4694766832458,56.76402858581969,2024-01-18,1081.871753573389,SMA20,-0.0067586533650174,2024-01-17,-0.1296904373963963,14,2023-12-28,501,491,491,415,84.5213849287169,489,438,89.57055214723927,0.9760479041916168,True,19399.25,16565.695717773437,STRONG_MOMENTUM,POINT_IN_TIME,501,491,489,STRONG_MOMENTUM,MOMENTUM_ENABLED,True,True,True,0.9800399201596807,17886.1498828125,-0.20644563130391047,-0.2448232282576675,-0.2832008252114246,56.76402858581969,-0.12969043739639638
AUROPHARMA-2024-09-12,AUROPHARMA,2024-08-30,2024-09-12,9,1563.5308837890625,37.760169157947125,36.79278759119303,1496.7815158269543,1.767718986715918,1555.610595703125,1540.4176444879856,1532.7240417480468,1439.0651171875,1185.6203802490234,1579579818.9840698,44.01622718052739,82.1501014198783,82.96146044624746,70.95334685598377,0.9820717131474104,3.9548885046335074,True,0.9820717131474104,85.17241379310346,True,True,True,True,True,True,True,True,True,True,True,True,True,True,,2024-09-13,1559.1473303968437,1487.5833189291563,71.56401146768735,2024-09-19,1544.303103092972,SMA20,-0.0095207341952049,2024-09-18,-0.2074258695038952,4,2024-09-12,502,494,493,292,59.2292089249493,489,398,81.39059304703477,0.9741035856573704,True,23907.349609375,20931.13103515625,NORMAL,POINT_IN_TIME,502,493,489,NORMAL,MOMENTUM_ENABLED,True,True,True,0.9820717131474104,23223.0479296875,-0.29457287529189974,-0.33814637818590204,-0.3817198810799043,71.56401146768735,-0.2074258695038952
AVANTIFEED-2024-01-31,AVANTIFEED,2024-01-17,2024-01-31,8,535.6630859375,25.679381657635407,28.25068449834057,479.1935777405695,2.199021337421499,503.8295593261719,497.0667252974254,479.46650390625,423.4225915527344,394.517784576416,507563930.1903076,92.04081632653062,65.71428571428571,63.87755102040816,73.0612244897959,0.9780439121756488,4.891665758079035,True,0.9780439121756488,83.26530612244899,True,True,True,True,True,True,True,True,True,True,True,True,True,True,,2024-02-01,510.2542134816887,472.1309066159843,38.123306865704365,2024-02-12,512.4763011111919,SMA20,0.004354863851767,2024-02-09,0.0582868542157397,7,2024-01-31,501,491,491,357,72.70875763747455,489,413,84.45807770961146,0.9760479041916168,True,19802.099609375,17095.401479492186,STRONG_MOMENTUM,POINT_IN_TIME,501,491,489,STRONG_MOMENTUM,MOMENTUM_ENABLED,True,True,True,0.9800399201596807,18917.681953125,0.004749608322654652,-0.022019014623887914,-0.04878763757043046,38.123306865704365,0.058286854215739765
AVANTIFEED-2024-07-01,AVANTIFEED,2024-06-18,2024-07-01,9,618.07275390625,27.46638593816569,26.00371739491636,564.2601281156407,1.959217565491004,598.5089111328125,584.8867202309019,576.822021484375,534.4795623779297,466.2162202453613,415455906.6666565,90.2439024390244,68.69918699186992,83.73983739837398,79.67479674796749,0.9800796812749004,1.3359665655068973,True,0.9780876494023903,81.56822810590631,True,True,True,True,True,True,True,True,True,True,True,True,True,True,,2024-07-02,605.271722324738,557.7591987669116,47.5125235578264,2024-07-05,580.6840795185049,SMA20,-0.0406224872224271,2024-07-04,-0.5174981450166097,3,2024-07-01,502,493,493,408,82.75862068965517,484,419,86.57024793388429,0.9641434262948207,True,22727.599609375,19406.23626953125,STRONG_MOMENTUM,POINT_IN_TIME,502,493,484,STRONG_MOMENTUM,MOMENTUM_ENABLED,True,True,True,0.9820717131474104,21345.335078125,-0.5684549603571443,-0.5939333680274115,-0.6194117756976787,47.5125235578264,-0.5174981450166097
AVANTIFEED-2024-08-01,AVANTIFEED,2024-07-24,2024-08-01,6,709.853759765625,32.38903307568557,32.19618229765586,660.3951883871349,1.52701598911326,691.7567138671875,679.1242809698493,621.8504821777344,583.4791241455079,487.6379331970215,625548506.5639648,91.48073022312371,91.07505070993916,75.86206896551724,86.63286004056795,0.9801192842942346,2.6187902455395022,True,0.9801192842942346,87.7079107505071,True,True,True,True,True,True,True,True,True,True,True,True,True,True,,2024-08-02,686.7329748304177,652.3461428127209,34.38683201769675,2024-08-05,629.1800491110677,STOP_GAP,-0.0838068475356992,,-1.6736908386829916,1,2024-08-01,503,493,493,373,75.65922920892496,487,426,87.47433264887063,0.9681908548707754,True,23506.599609375,20036.74401367188,STRONG_MOMENTUM,POINT_IN_TIME,503,493,487,STRONG_MOMENTUM,MOMENTUM_ENABLED,True,True,True,0.9801192842942346,22371.1550390625,-1.7535740886988116,-1.7935157137067215,-1.8334573387146313,34.38683201769675,-1.6736908386829916
BAJAJ-AUTO-2023-12-11,BAJAJ-AUTO,2023-12-04,2023-12-11,5,5916.38623046875,101.79551319571884,101.72585561244138,5712.37424884428,2.0041353024295145,5855.998046875,5838.444372972058,5600.122338867188,5223.0350390625,4458.221118164062,2508433251.574951,77.9591836734694,88.9795918367347,62.85714285714285,77.83673469387756,0.9780439121756488,0.4061609131724432,True,0.9780439121756488,78.85714285714286,True,True,True,True,True,True,True,True,True,True,True,True,True,True,,2023-12-12,5880.419758846438,5686.94278494117,193.4769739052672,2024-03-01,7589.023626653724,SMA20,0.2905581468460447,2024-02-29,8.831045024737032,55,2023-12-11,501,491,491,407,82.89205702647658,488,437,89.54918032786885,0.9740518962075848,True,18770.19921875,16308.349477539065,STRONG_MOMENTUM,POINT_IN_TIME,501,491,488,STRONG_MOMENTUM,MOMENTUM_ENABLED,True,True,True,0.9800399201596807,17462.4908203125,8.70947149295902,8.648684727070012,8.587897961181007,193.4769739052672,8.831045024737032
BAJAJ-AUTO-2023-12-22,BAJAJ-AUTO,2023-12-18,2023-12-22,4,6168.240234375,113.11500728566962,113.47942200554952,5945.291536111909,1.9709913265534984,6078.9462890625,6053.092874940639,5910.108374023437,5450.83357421875,4571.282132568359,2363325726.23291,69.59183673469389,80.61224489795919,74.48979591836735,75.46938775510205,0.9780439121756488,0.5895753773808828,True,0.9780439121756488,82.40816326530613,True,True,True,True,True,True,True,True,True,True,True,True,True,True,,2023-12-26,6086.340036539321,5916.921680610522,169.41835592879852,2024-03-01,7589.023626653724,SMA20,0.2468944523462454,2024-02-29,8.869662215031388,46,2023-12-22,501,491,491,401,81.67006109979633,489,438,89.57055214723927,0.9760479041916168,True,19054.69921875,16496.604721679687,STRONG_MOMENTUM,POINT_IN_TIME,501,491,489,STRONG_MOMENTUM,MOMENTUM_ENABLED,True,True,True,0.9800399201596807,17773.596875,8.725962555022948,8.654112725018727,8.582262895014507,169.41835592879852,8.869662215031388
BAJAJ-AUTO-2024-04-12,BAJAJ-AUTO,2024-04-02,2024-04-12,7,8849.3447265625,244.11783638166813,212.39065991792765,8491.835806620453,1.4644932350747892,8647.8134765625,8633.456430388202,8467.554272460937,8038.3613671875,5905.244851074219,4360210311.362793,58.40163934426229,88.31967213114754,92.21311475409836,80.51229508196721,0.9740518962075848,0.9471751264857704,True,0.9680638722554892,92.57731958762886,True,True,True,True,True,True,True,True,True,True,True,True,True,True,,2024-04-15,8642.326979411031,8438.738141640972,203.5888377700594,2024-04-16,8438.738141640972,STOP_INTRADAY,-0.0235571783218891,,-1.0,1,2024-04-12,501,493,492,321,65.2439024390244,479,382,79.74947807933194,0.9560878243512974,True,20745.5,18210.82552734375,STRONG_MOMENTUM,POINT_IN_TIME,501,492,479,STRONG_MOMENTUM,MOMENTUM_ENABLED,True,True,True,0.9820359281437125,20148.6271484375,-1.1697996230848764,-1.2546994346273146,-1.3395992461697528,203.5888377700594,-1.0
BAJAJ-AUTO-2024-09-10,BAJAJ-AUTO,2024-09-02,2024-09-10,6,10700.498046875,213.6488279126596,191.9192882498011,10367.638585077237,1.557974668289963,10567.44140625,10485.356860835333,10049.17001953125,9521.92849609375,8157.182595214844,2877778178.783203,84.38133874239351,63.69168356997972,74.4421906693712,73.12373225152129,0.9820717131474104,1.6093286823201751,True,0.9820717131474104,78.9655172413793,True,True,True,True,True,True,True,True,True,True,True,True,True,True,,2024-09-11,10644.381056962004,10319.658763014784,324.72229394721944,2024-10-04,11215.129996501611,SMA20,0.053619739511891,2024-10-03,1.7576524623602825,16,2024-09-10,502,494,493,279,56.5922920892495,489,403,82.41308793456032,0.9741035856573704,True,23643.650390625,20868.0712890625,NORMAL,POINT_IN_TIME,502,493,489,NORMAL,MOMENTUM_ENABLED,True,True,True,0.9820717131474104,23182.3839453125,1.6265326562321252,1.5609727531680495,1.4954128501039738,324.72229394721944,1.7576524623602767
BAJAJFINSV-2024-09-18,BAJAJFINSV,2024-09-13,2024-09-18,3,1891.9130859375,44.36533986105347,46.99794512986595,1835.588679693172,1.2695587686407726,1885.67138671875,1874.336570146036,1801.8363464355468,1674.8321557617187,1629.8344708251952,4522770506.881348,94.32048681541582,76.47058823529412,37.93103448275862,70.26369168356997,0.9840319361277444,1.1653553968041868,True,0.9820717131474104,73.30628803245435,True,True,True,True,True,True,True,True,True,True,True,True,True,True,,2024-09-19,1887.469041544652,1823.839193410705,63.62984813394701,2024-10-07,1882.0264169043949,SMA20,-0.0028835570387968,2024-10-04,-0.0855357163323725,11,2024-09-18,501,494,493,287,58.21501014198783,489,397,81.18609406952966,0.9760479041916168,True,23898.650390625,21057.981533203125,NORMAL,POINT_IN_TIME,501,493,489,NORMAL,MOMENTUM_ENABLED,True,True,True,0.9840319361277445,23303.8629296875,-0.20418877598270185,-0.2635153058078665,-0.3228418356330312,63.62984813394701,-0.08553571633237254
BAJAJHLDNG-2024-07-12,BAJAJHLDNG,2024-07-08,2024-07-12,4,9657.5244140625,288.02167854274484,261.7659014797611,9420.452751338516,0.8231035383289738,9655.7685546875,9546.520097728073,8756.240649414063,8283.015556640625,7795.038078613281,620744007.265625,90.46653144016229,70.99391480730223,52.12981744421906,71.17647058823529,0.9801192842942346,0.5207322241513664,True,0.9820717131474104,70.66937119675458,True,True,True,True,True,True,True,True,True,True,True,True,True,True,,2024-07-15,9672.0019553425,9355.011275968576,316.99067937392465,2024-07-18,9355.011275968576,STOP_INTRADAY,-0.0327740503814548,,-1.0,2,2024-07-12,503,493,493,404,81.94726166328601,484,423,87.39669421487604,0.9622266401590456,True,23095.44921875,19660.458017578127,STRONG_MOMENTUM,POINT_IN_TIME,503,493,484,STRONG_MOMENTUM,MOMENTUM_ENABLED,True,True,True,0.9801192842942346,21748.9951171875,-1.1220477772336432,-1.183071665850465,-1.2440955544672867,316.99067937392465,-1.0
BAJAJHLDNG-2024-09-26,BAJAJHLDNG,2024-09-20,2024-09-26,4,10884.3193359375,306.2156273455693,306.2026643583045,10387.52728678367,1.622360208916418,10608.51953125,10564.135070806504,10387.764306640624,9774.35,8548.746391601562,786486529.28125,81.54158215010142,89.4523326572008,63.28600405679513,79.22920892494929,0.986,0.7258722955419985,True,0.9840319361277444,83.69168356997972,True,True,True,True,True,True,True,True,True,True,True,True,True,True,,2024-09-27,10608.51923242358,10310.976620694097,297.5426117294828,2024-09-27,10310.976620694097,STOP_INTRADAY,-0.0280475158889359,,-1.0,0,2024-09-26,500,493,493,310,62.88032454361054,490,401,81.83673469387756,0.98,True,24496.900390625,21253.68328125,STRONG_MOMENTUM,POINT_IN_TIME,500,493,490,STRONG_MOMENTUM,MOMENTUM_ENABLED,True,True,True,0.986,23446.3629296875,-1.1426151255547699,-1.2139226883321548,-1.2852302511095397,297.5426117294828,-1.0
BAJFINANCE-2025-09-22,BAJFINANCE,2025-09-15,2025-09-22,5,1003.6801147460938,20.526708359534208,18.916730806487216,982.5599604241896,1.0289109170343074,1000.3506469726562,989.9147731644084,940.719692993164,914.3055676269532,853.7491000366211,5807721285.56131,93.36016096579478,72.63581488933602,55.53319919517102,73.72233400402415,0.9920159680638724,0.6632347363408447,True,0.9920159680638724,77.22334004024145,True,True,True,True,True,True,True,True,True,True,True,True,True,True,,2025-09-23,992.8964637224412,977.830777722568,15.065685999873269,2025-09-26,977.830777722568,STOP_INTRADAY,-0.0151734713037358,,-1.0,3,2025-09-22,501,497,497,290,58.35010060362173,487,323,66.32443531827515,0.9720558882235528,True,23381.44921875,22265.927509765625,NORMAL,POINT_IN_TIME,501,497,487,NORMAL,MOMENTUM_ENABLED,True,True,True,0.9920159680638723,23016.6050390625,-1.2636179895773199,-1.39542698436598,-1.5272359791546397,15.065685999873267,-1.0
BAJFINANCE-2026-02-18,BAJFINANCE,2026-02-13,2026-02-18,3,1018.4891357421876,25.07840537243897,23.80883510920257,997.1701631461748,0.8500928300426209,1017.544921875,1010.1404286879872,958.70166015625,970.6849938964843,957.041120300293,5947462909.11319,70.68273092369478,66.46586345381526,77.51004016064257,71.0441767068273,0.994011976047904,0.7826577610876452,True,0.9920159680638724,79.21529175050301,True,True,True,True,True,True,True,True,True,True,True,True,True,True,,2026-02-19,1017.7437317964992,991.2179543688742,26.52577742762503,2026-02-27,991.2179543688742,STOP_INTRADAY,-0.0260633169224263,,-1.0,6,2026-02-18,501,499,449,232,51.67037861915368,444,181,40.76576576576576,0.8862275449101796,True,23645.80078125,23254.83354492188,NORMAL,POINT_IN_TIME,501,449,444,NORMAL,MOMENTUM_ENABLED,True,True,True,0.8962075848303394,23518.3460546875,-1.1534724076718792,-1.2302086115078186,-1.3069448153437582,26.52577742762503,-1.0
BALRAMCHIN-2024-09-12,BALRAMCHIN,2024-08-30,2024-09-12,9,590.69189453125,21.805853473025,20.222015254122663,538.8403940879078,2.377870717488092,565.1361694335938,556.6998178233716,561.991015625,497.4510412597657,416.3620198059082,1373771050.5138245,81.54158215010142,92.0892494929006,86.81541582150102,87.34279918864098,0.9820717131474104,0.9131952748415628,True,0.9820717131474104,96.14604462474644,True,True,True,True,True,True,True,True,True,True,True,True,True,True,,2024-09-13,564.8401686388709,533.7848902743772,31.055278364493688,2024-09-16,557.8345048102965,SMA20,-0.0124029136338804,2024-09-13,-0.2255868952887612,1,2024-09-12,502,494,493,292,59.2292089249493,489,398,81.39059304703477,0.9741035856573704,True,23907.349609375,20931.13103515625,NORMAL,POINT_IN_TIME,502,493,489,NORMAL,MOMENTUM_ENABLED,True,True,True,0.9820717131474104,23223.0479296875,-0.29833976673423734,-0.3347162024569753,-0.3710926381797134,31.055278364493688,-0.22558689528876125
BALRAMCHIN-2026-08-10,BALRAMCHIN,2026-08-04,2026-08-10,4,658.7000122070312,22.5368813857038,22.23607347117117,623.2999877929688,1.5707596720333452,655.25,637.0,615.9474975585938,575.2170007324219,496.3753887939453,279823057.2832031,94.6,80.2,92.6,88.24000000000001,1.0,1.9942460873169687,True,1.0,93.36,True,True,True,True,True,True,True,True,True,True,True,True,True,True,,2026-08-11,650.0,617.740969425176,32.25903057482401,2026-08-11,617.740969425176,STOP_INTRADAY,-0.0496292778074215,,-1.0,0,2026-08-10,500,500,500,309,61.8,420,247,58.80952380952381,0.84,True,23743.19921875,23083.93381835937,NORMAL,POINT_IN_TIME,500,500,420,NORMAL,MOMENTUM_ENABLED,True,True,True,1.0,23089.993984375,-1.0805975862780304,-1.1208963794170457,-1.161195172556061,32.25903057482401,-1.0
BANKBARODA-2024-02-21,BANKBARODA,2024-02-15,2024-02-21,3,251.1539459228516,9.622050645214488,8.611520306276452,245.7336694380611,0.5633182244250844,250.6073760986328,250.3340476808178,232.6476272583008,216.9771514892578,187.43801856994628,5683102356.911316,91.02040816326532,85.10204081632654,73.26530612244898,83.32653061224491,0.9780439121756488,0.6938340822534267,True,0.9780439121756488,82.12244897959184,True,True,True,True,True,True,True,True,True,True,True,True,True,True,,2024-02-22,250.7440065100105,243.580789361492,7.163217148518498,2024-02-23,243.580789361492,STOP_INTRADAY,-0.0285678499287779,,-1.0,1,2024-02-21,501,491,491,292,59.47046843177189,489,386,78.93660531697341,0.9760479041916168,True,20128.30078125,17448.00649902344,NORMAL,POINT_IN_TIME,501,491,489,NORMAL,MOMENTUM_ENABLED,True,True,True,0.9800399201596807,19494.578046875,-1.1400175375456094,-1.210026306318414,-1.2800350750912186,7.163217148518498,-1.0
BANKBARODA-2025-10-09,BANKBARODA,2025-10-06,2025-10-09,3,258.24725341796875,5.24917894818894,5.2046022625056665,250.40103381648365,1.4947517847895408,255.8740081787109,254.9537917104516,244.72898712158204,236.9311004638672,222.95500686645508,2582618067.6261063,94.9290060851927,83.36713995943205,55.78093306288032,78.55983772819474,0.9840319361277444,0.5203627000749269,True,0.9840319361277444,82.47464503042598,True,True,True,True,True,True,True,True,True,True,True,True,True,True,,2025-10-10,256.2130518971427,249.09988325085723,7.113168646285459,2025-11-25,272.92259315909047,SMA20,0.0652173694439886,2025-11-24,2.3490995494214246,30,2025-10-09,501,498,498,258,51.80722891566265,481,293,60.91476091476091,0.9600798403193612,True,23241.75,22255.045771484376,NORMAL,POINT_IN_TIME,501,498,481,NORMAL,MOMENTUM_ENABLED,True,True,True,0.9940119760479041,22954.598046875,2.2050213954297075,2.132982318433849,2.06094324143799,7.113168646285459,2.3490995494214246
BANKINDIA-2023-10-10,BANKINDIA,2023-10-03,2023-10-10,5,103.06072998046876,4.124960810646998,4.024789799444829,94.56370200448984,2.0599051399584427,98.03560638427734,97.98992309160906,97.60390167236328,87.18407791137696,74.87058305740356,2426024113.589058,95.51020408163264,89.79591836734694,73.06122448979592,86.48979591836735,0.9780439121756488,0.4064534689681983,True,0.9780439121756488,90.3469387755102,True,True,True,True,True,True,True,True,True,True,True,True,True,True,,2023-10-11,98.58379437647451,93.55750455462864,5.026289821845879,2023-10-12,98.12697428968342,SMA20,-0.0046338253632902,2023-10-11,-0.090886141265792,1,2023-10-10,501,491,491,290,59.063136456211815,488,431,88.31967213114754,0.9740518962075848,True,17303.349609375,15843.93701171875,NORMAL,POINT_IN_TIME,501,491,488,NORMAL,MOMENTUM_ENABLED,True,True,True,0.9800399201596807,17130.74,-0.16934066567303777,-0.20856792787666065,-0.24779519008028345,5.026289821845879,-0.09088614126579207
BBTC-2024-02-16,BBTC,2024-02-13,2024-02-16,3,1748.601318359375,88.08667779062206,84.17642640156758,1669.1996816274716,0.9014034667153348,1730.99462890625,1714.3689933099824,1655.300714111328,1530.5102001953126,1221.222483215332,202424477.90350345,68.77551020408164,65.71428571428571,89.18367346938776,73.6734693877551,0.9780439121756488,1.5999706745999591,True,0.9780439121756488,78.71428571428571,True,True,True,True,True,True,True,True,True,True,True,True,True,True,,2024-02-20,1752.818974334039,1648.1555750270795,104.66339930695948,2024-02-22,1684.0598372295765,SMA20,-0.0392277457691183,2024-02-21,-0.656954938973499,2,2024-02-16,501,491,491,298,60.692464358452135,489,390,79.75460122699386,0.9760479041916168,True,20164.900390625,17397.47849121094,STRONG_MOMENTUM,POINT_IN_TIME,501,491,489,STRONG_MOMENTUM,MOMENTUM_ENABLED,True,True,True,0.9800399201596807,19431.9450390625,-0.7239437425453504,-0.757438144331276,-0.7909325461172018,104.66339930695949,-0.656954938973499
BBTC-2024-09-10,BBTC,2024-09-04,2024-09-10,4,2698.94677734375,118.03077048217528,115.47173193674996,2512.3825332072333,1.580640737787026,2666.70751953125,2633.094662732424,2480.430615234375,2290.129565429688,1737.0329809570312,322078904.9416504,90.06085192697769,99.18864097363084,90.87221095334684,93.95537525354968,0.9820717131474104,1.3454918770661672,True,0.9820717131474104,97.03853955375254,True,True,True,True,True,True,True,True,True,True,True,True,True,True,,2024-09-11,2670.3386664130026,2483.514600223046,186.82406618995677,2024-09-19,2483.514600223046,STOP_INTRADAY,-0.0699626862089791,,-1.0,6,2024-09-10,502,494,493,279,56.5922920892495,489,403,82.41308793456032,0.9741035856573704,True,23643.650390625,20868.0712890625,NORMAL,POINT_IN_TIME,502,493,489,NORMAL,MOMENTUM_ENABLED,True,True,True,0.9820717131474104,23182.3839453125,-1.0571733336260412,-1.085760000439062,-1.1143466672520825,186.82406618995674,-1.0
BDL-2024-01-04,BDL,2023-12-27,2024-01-04,5,871.0347290039062,36.48247848436296,34.3786222412804,804.366153873164,1.8274135393327955,830.4956665039062,826.9426885600948,758.3211242675782,624.494580078125,553.0050325012207,2037576930.156067,98.16326530612244,97.95918367346938,77.75510204081633,91.95918367346938,0.9780439121756488,0.815001486342698,True,0.9780439121756488,93.83673469387756,True,True,True,True,True,True,True,True,True,True,True,True,True,True,,2024-01-05,836.4420963181324,795.7714983128438,40.670598005288525,2024-01-24,823.6116459543342,SMA20,-0.0153393168759385,2024-01-23,-0.3154723803699608,12,2024-01-04,501,491,491,431,87.78004073319755,489,446,91.20654396728015,0.9760479041916168,True,19541.25,16658.041723632814,STRONG_MOMENTUM,POINT_IN_TIME,501,491,489,STRONG_MOMENTUM,MOMENTUM_ENABLED,True,True,True,0.9800399201596807,18050.964921875,-0.39773742070296664,-0.4388699408694697,-0.4800024610359726,40.670598005288525,-0.3154723803699608
BDL-2024-06-26,BDL,2024-06-18,2024-06-26,6,1614.12060546875,93.23687759712722,85.23941381640002,1483.883884643633,1.396837004643852,1576.8743896484375,1572.956572458441,1492.815899658203,1225.637459716797,830.6314994812012,6075401482.1501465,37.270875763747455,98.16700610997964,97.5560081466395,79.71486761710794,0.9780876494023903,1.733694834919062,True,0.9780876494023903,99.12423625254584,True,True,True,True,True,True,True,True,True,True,True,True,True,True,,2024-06-27,1594.629493672424,1462.5740311895331,132.0554624828908,2024-07-18,1589.0253169313096,SMA20,-0.0035144068031802,2024-07-16,-0.0424380531917821,14,2024-06-26,502,493,493,393,79.71602434077079,484,407,84.0909090909091,0.9641434262948207,True,22436.80078125,19320.97052734375,STRONG_MOMENTUM,POINT_IN_TIME,502,493,484,STRONG_MOMENTUM,MOMENTUM_ENABLED,True,True,True,0.9820717131474104,21221.78609375,-0.0907398640730708,-0.11489076951371512,-0.13904167495435943,132.0554624828908,-0.042438053191782184
BEL-2025-06-27,BEL,2025-06-23,2025-06-27,4,417.5787963867188,9.6171456852391,9.777369379396765,401.8042751065992,1.640249799306991,411.2293395996094,410.6340475503591,396.6254699707032,359.85987976074216,300.24645355224607,8906764055.27533,77.41935483870968,91.93548387096774,95.56451612903226,88.66935483870968,0.9900199600798404,1.8350899990635776,True,0.9840954274353876,92.04040404040404,True,True,True,True,True,True,True,True,True,True,True,True,True,True,,2025-06-30,413.362366245052,399.35993276175,14.002433483302012,2025-07-11,407.756910371369,SMA20,-0.0135606342798025,2025-07-10,-0.4003201215251261,9,2025-06-27,501,497,497,403,81.08651911468813,478,288,60.25104602510461,0.9540918163672656,True,23620.150390625,22303.60474609375,STRONG_MOMENTUM,POINT_IN_TIME,501,497,478,STRONG_MOMENTUM,MOMENTUM_ENABLED,True,True,True,0.9920159680638723,22650.9480859375,-0.5184031295217013,-0.5774446335199869,-0.6364861375182725,14.002433483302013,-0.40032012152513013
BEL-2025-10-16,BEL,2025-10-10,2025-10-16,4,411.18890380859375,8.330640165204718,8.213280860878976,399.3554233605078,1.4204767236870732,409.4984130859375,407.9570691489724,404.1758239746094,389.14076049804686,340.7613803100586,4828678503.317322,74.64503042596348,66.73427991886409,90.06085192697769,76.10547667342799,0.9801192842942346,0.9630712308731184,True,0.9840319361277444,76.34888438133873,True,True,True,True,True,True,True,True,True,True,True,True,True,True,,2025-10-17,408.0565397477839,397.3021031452881,10.754436602495844,2025-10-30,405.5207702577559,SMA20,-0.0062142601405074,2025-10-29,-0.2357882224569105,8,2025-10-16,503,498,498,268,53.81526104417671,482,307,63.69294605809128,0.9582504970178928,True,23563.80078125,22274.728779296875,NORMAL,POINT_IN_TIME,503,498,482,NORMAL,MOMENTUM_ENABLED,True,True,True,0.9900596421471173,22999.95109375,-0.3875605764463641,-0.4634467534410908,-0.5393329304358178,10.754436602495844,-0.2357882224569105
BEML-2023-08-08,BEML,2023-08-02,2023-08-08,4,1009.977783203125,35.55011502543702,40.33992633210068,938.0262121501348,2.02394763002896,1006.8067016601562,991.6396752151408,884.5638427734375,811.461513671875,718.0523797607422,493426797.1435547,98.3640081799591,94.47852760736195,86.29856850715747,93.19018404907976,0.9741035856573704,3.149106671799917,True,0.9741035856573704,93.47648261758692,True,True,True,True,True,True,True,True,True,True,True,True,True,True,,2023-08-09,1006.8804056846272,927.9412305671096,78.9391751175176,2023-09-20,1156.3437387840434,SMA20,0.1484419919740008,2023-09-18,1.8933987196712965,28,2023-08-08,502,491,491,375,76.37474541751527,483,403,83.4368530020704,0.9621513944223108,True,16949.25,15514.05474609375,STRONG_MOMENTUM,POINT_IN_TIME,502,491,483,STRONG_MOMENTUM,MOMENTUM_ENABLED,True,True,True,0.9780876494023905,16452.2780859375,1.8423781507745138,1.8168678663261224,1.791357581877731,78.9391751175176,1.8933987196712965
BEML-2024-01-19,BEML,2024-01-12,2024-01-19,5,1583.5552978515625,58.27317216916107,54.983275092701625,1493.3435971864426,1.5480828880096753,1572.814697265625,1558.8220591566646,1482.781695556641,1308.444521484375,993.6421807861328,809460891.1621094,95.10204081632652,86.53061224489797,94.89795918367348,91.6122448979592,0.9780439121756488,0.6592817969581014,True,0.9780439121756488,91.51020408163264,True,True,True,True,True,True,True,True,True,True,True,True,True,True,,2024-01-23,1569.7106536794954,1479.5977784132672,90.11287526622824,2024-01-23,1479.5977784132672,STOP_INTRADAY,-0.0574073158355638,,-1.0,0,2024-01-19,501,491,491,373,75.96741344195519,489,420,85.88957055214725,0.9760479041916168,True,19606.400390625,16945.638486328124,STRONG_MOMENTUM,POINT_IN_TIME,501,491,489,STRONG_MOMENTUM,MOMENTUM_ENABLED,True,True,True,0.9800399201596807,18649.9069921875,-1.069677530499031,-1.1045162957485464,-1.1393550609980616,90.11287526622823,-1.0
BEML-2024-04-22,BEML,2024-04-16,2024-04-22,3,1713.42626953125,65.4375275964098,61.05020853976141,1660.6232571110384,0.8069224856091394,1707.1094970703125,1705.4809099357756,1625.402117919922,1570.52279296875,1260.9623638916016,876594123.7658691,89.54918032786885,67.21311475409836,80.32786885245902,77.84836065573771,0.9740518962075848,0.4026431903261374,True,0.9740518962075848,79.077868852459,True,True,True,True,True,True,True,True,True,True,True,True,True,True,,2024-04-23,1719.1506190671794,1645.360704976098,73.7899140910813,2024-05-07,1714.8572400442608,SMA20,-0.0024973838681151,2024-05-06,-0.058183819236042,9,2024-04-22,501,493,492,278,56.50406504065041,479,367,76.61795407098121,0.9560878243512974,True,20574.849609375,18317.231513671875,NORMAL,POINT_IN_TIME,501,492,479,NORMAL,MOMENTUM_ENABLED,True,True,True,0.9820359281437125,20216.8351171875,-0.1513754506530498,-0.19797126636155368,-0.24456708207005762,73.7899140910813,-0.05818381923604201
BEML-2024-05-03,BEML,2024-04-24,2024-05-03,6,1782.9332275390625,60.56769405037637,58.75229759500475,1702.5447892894797,1.3272494439481388,1753.0283203125,1748.8581670343387,1707.6510986328126,1594.850751953125,1299.543185119629,847216814.1738281,73.5655737704918,64.54918032786885,86.47540983606558,73.83196721311475,0.9740518962075848,2.9037371123567253,True,0.9740518962075848,80.71721311475409,True,True,True,True,True,True,True,True,True,True,True,True,True,True,,2024-05-06,1759.2460391452123,1687.8567148907282,71.38932425448411,2024-05-07,1714.8572400442608,SMA20,-0.0252317175160554,2024-05-06,-0.6217848335798377,1,2024-05-03,501,493,492,350,71.13821138211382,479,374,78.07933194154488,0.9560878243512974,True,20959.55078125,18499.69776367188,STRONG_MOMENTUM,POINT_IN_TIME,501,492,479,STRONG_MOMENTUM,MOMENTUM_ENABLED,True,True,True,0.9820359281437125,20372.7720703125,-0.7203567731529853,-0.7696427429395591,-0.818928712726133,71.38932425448411,-0.6217848335798377
BEML-2024-07-11,BEML,2024-07-08,2024-07-11,3,2567.252197265625,136.0320843412999,141.28963076529135,2353.968168280989,1.5678950301865069,2521.259765625,2504.4313975498712,2287.948876953125,2080.695690917969,1558.8497491455078,3591879785.104248,96.9574036511156,94.9290060851927,93.50912778904666,95.11156186612575,0.9801192842942346,2.024130106927895,True,0.9820717131474104,94.74645030425964,True,True,True,True,True,True,True,True,True,True,True,True,True,True,,2024-07-12,2536.5081794760104,2318.645760589666,217.86241888634413,2024-07-19,2318.645760589666,STOP_INTRADAY,-0.0858906825726656,,-1.0,4,2024-07-11,503,493,493,407,82.55578093306288,484,421,86.98347107438018,0.9622266401590456,True,23005.25,19632.283525390623,STRONG_MOMENTUM,POINT_IN_TIME,503,493,484,STRONG_MOMENTUM,MOMENTUM_ENABLED,True,True,True,0.9801192842942346,21707.0301171875,-1.0465708256144768,-1.0698562384217154,-1.0931416512289536,217.86241888634413,-1.0
BEML-2025-07-03,BEML,2025-06-23,2025-07-03,8,2387.087158203125,107.0351686228889,91.00881005697067,2157.535386691128,2.144638761870547,2219.7958984375,2217.752409843144,2202.055053710937,1958.815986328125,1807.3111407470703,2638898048.666016,49.29577464788733,91.75050301810866,68.81287726358148,72.13279678068412,0.9920159680638724,0.9502757971888108,True,0.9840954274353876,93.57575757575756,True,True,True,True,True,True,True,True,True,True,True,True,True,True,,2025-07-04,2243.4243055308257,2134.783184176885,108.64112135394087,2025-07-14,2243.1746995729704,SMA20,-0.0001112611454016,2025-07-11,-0.0022975274439781,6,2025-07-03,501,498,497,384,77.2635814889336,478,290,60.66945606694561,0.9540918163672656,True,23521.849609375,22303.18198242188,STRONG_MOMENTUM,POINT_IN_TIME,501,497,478,STRONG_MOMENTUM,MOMENTUM_ENABLED,True,True,True,0.9920159680638723,22776.78203125,-0.08489698067392021,-0.12619670728889126,-0.1674964339038623,108.64112135394089,-0.00229752744397813
BHARATFORG-2026-02-09,BHARATFORG,2026-02-04,2026-02-09,3,1584.3759765625,47.72293691042899,46.76154407141227,1534.9824371898728,1.035006279377435,1583.7784423828125,1567.1478838685236,1461.2507263183593,1441.1786499023438,1285.1326696777344,981632656.8601074,85.51307847082495,96.37826961770624,94.56740442655936,92.57545271629778,0.9920159680638724,1.6678304528510532,True,0.9920159680638724,94.58752515090542,True,True,True,True,True,True,True,True,True,True,True,True,True,True,,2026-02-10,1583.8779930294372,1523.2920511720197,60.58594185741754,2026-03-12,1784.4859342527895,SMA20,0.1266561831821751,2026-03-11,3.311130190819868,21,2026-02-09,501,498,449,231,51.44766146993318,443,186,41.98645598194131,0.8842315369261478,True,23683.400390625,23202.0137890625,NORMAL,POINT_IN_TIME,501,449,443,NORMAL,MOMENTUM_ENABLED,True,True,True,0.8962075848303394,23555.9149609375,3.2065595300710803,3.1542741996966868,3.1019888693222937,60.58594185741754,3.3111301908198674
BHARTIARTL-2025-11-03,BHARTIARTL,2025-10-29,2025-11-03,3,2074.4921875,33.884606488017965,33.51638659097499,2021.75570003092,1.5563553169114794,2048.22265625,2048.0251375948988,1980.317236328125,1924.203432617188,1804.6991448974609,8065119957.451294,87.4239350912779,70.38539553752535,58.012170385395535,71.78498985801217,0.9801192842942346,0.7295925550745685,True,0.9801192842942346,74.21906693711968,True,True,True,True,True,True,True,True,True,True,True,True,True,True,,2025-11-04,2080.81243316112,2013.376603383176,67.43582977794381,2025-11-07,2013.376603383176,STOP_INTRADAY,-0.0324084135135125,,-1.0,2,2025-11-03,503,498,498,299,60.040160642570285,482,324,67.21991701244814,0.9582504970178928,True,23810.69921875,22353.247275390622,STRONG_MOMENTUM,POINT_IN_TIME,503,498,482,STRONG_MOMENTUM,MOMENTUM_ENABLED,True,True,True,0.9900596421471173,23223.1481640625,-1.1234247396384334,-1.1851371094576502,-1.2468494792768667,67.43582977794426,-1.0
BHEL-2023-08-28,BHEL,2023-08-22,2023-08-28,4,110.36811065673828,3.847205705181232,4.130021865322623,104.35524911042349,1.562916570386911,108.8773193359375,108.52945604182187,101.79468727111816,95.22155242919922,81.61723846435547,2473846784.406849,66.93877551020408,84.28571428571429,88.77551020408163,80.42857142857143,0.9760956175298804,1.7107620904309218,True,0.9741035856573704,89.52965235173825,True,True,True,True,True,True,True,True,True,True,True,True,True,True,,2023-08-29,109.12578183514717,103.3227436440928,5.80303819105437,2023-09-21,122.2447208888094,SMA20,0.1202185114557127,2023-09-20,2.2607018292393195,16,2023-08-28,502,492,491,336,68.43177189409369,483,407,84.26501035196688,0.9621513944223108,True,16875.30078125,15617.758266601562,STRONG_MOMENTUM,POINT_IN_TIME,502,491,483,STRONG_MOMENTUM,MOMENTUM_ENABLED,True,True,True,0.9780876494023905,16703.802109375,2.1854820714211667,2.147872192512091,2.1102623136030156,5.80303819105437,2.2607018292393173
BHEL-2024-01-10,BHEL,2024-01-02,2024-01-10,6,200.75961303710932,7.960857099001197,7.408127609957319,190.6719626221808,1.2671563236820675,198.424057006836,198.02650691848768,187.4220268249512,163.1996841430664,113.61005340576172,5790406240.120285,79.38775510204081,95.91836734693877,96.53061224489797,91.14285714285714,0.9780439121756488,1.432429612099607,True,0.9780439121756488,95.22448979591836,True,True,True,True,True,True,True,True,True,True,True,True,True,True,,2024-01-11,199.7657642774425,188.8199307196914,10.945833557751117,2024-02-13,215.66751339175943,SMA20,0.0796019737007185,2024-02-12,1.4527673046020646,21,2024-01-10,501,491,491,410,83.5030549898167,489,434,88.75255623721881,0.9760479041916168,True,19517.849609375,16760.65197265625,STRONG_MOMENTUM,POINT_IN_TIME,501,491,489,STRONG_MOMENTUM,MOMENTUM_ENABLED,True,True,True,0.9800399201596807,18262.404921875,1.379765732552403,1.3432649465275723,1.3067641605027418,10.945833557751115,1.4527673046020646
BHEL-2024-04-22,BHEL,2024-04-10,2024-04-22,6,260.8881225585937,9.5259327954183,9.505410123874842,244.7379016027213,1.6953952229896274,257.7574768066406,254.7758886075908,249.16058197021485,237.9637615966797,164.3297506713867,4463267772.253693,81.14754098360656,89.13934426229508,96.1065573770492,88.83196721311475,0.9740518962075848,0.6865248062792308,True,0.9740518962075848,79.69262295081967,True,True,True,True,True,True,True,True,True,True,True,True,True,True,,2024-04-23,258.403478405719,242.36154907175265,16.04192933396635,2024-05-29,289.21312724854414,SMA20,0.1192307821586323,2024-05-28,1.920570038766496,24,2024-04-22,501,493,492,278,56.50406504065041,479,367,76.61795407098121,0.9560878243512974,True,20574.849609375,18317.231513671875,NORMAL,POINT_IN_TIME,501,492,479,NORMAL,MOMENTUM_ENABLED,True,True,True,0.9820359281437125,20216.8351171875,1.8561380186456768,1.8239220085852672,1.7917059985248578,16.04192933396635,1.9205700387664957
BIKAJI-2023-11-24,BIKAJI,2023-11-15,2023-11-24,7,546.9208984375,16.220246738578997,16.843705160731066,529.5014984841463,1.0739294065066594,545.626953125,542.4914885565166,511.9053604125976,493.9837371826172,427.08428771972655,169356731.89233398,83.6734693877551,70.61224489795919,74.28571428571429,75.6326530612245,0.9780439121756488,0.991713819547392,True,0.9780439121756488,78.16326530612244,True,True,True,True,True,True,True,True,True,True,True,True,True,True,,2023-11-28,549.0609995584637,525.2905721939635,23.770427364500165,2023-12-07,525.2905721939635,STOP_INTRADAY,-0.0432928716183002,,-1.0,7,2023-11-24,501,491,491,312,63.54378818737271,488,414,84.8360655737705,0.9740518962075848,True,17643.5,16138.237485351565,STRONG_MOMENTUM,POINT_IN_TIME,501,491,488,STRONG_MOMENTUM,MOMENTUM_ENABLED,True,True,True,0.9800399201596807,17278.277890625,-1.0923939634974265,-1.1385909452461396,-1.1847879269948527,23.770427364500165,-1.0
BIKAJI-2024-09-02,BIKAJI,2024-08-19,2024-09-02,10,870.0995483398438,38.33754340705578,33.0071956985537,812.9334711125232,1.49112520383347,838.3018798828125,836.258421582476,826.1285278320313,757.2178259277343,600.1240898132324,559319481.4507141,96.55172413793105,93.10344827586206,92.2920892494929,93.894523326572,0.9820717131474104,0.816810137704738,True,0.9801192842942346,95.63894523326572,True,True,True,True,True,True,True,True,True,True,True,True,True,True,,2024-09-03,843.136313675966,804.6816721878847,38.45464148808128,2024-09-10,892.1286064653924,SMA20,0.0581072028268196,2024-09-09,1.2740280729079532,5,2024-09-02,502,493,493,290,58.82352941176471,489,409,83.640081799591,0.9741035856573704,True,23760.69921875,20673.86978515625,NORMAL,POINT_IN_TIME,502,493,489,NORMAL,MOMENTUM_ENABLED,True,True,True,0.9820717131474104,23032.5079296875,1.1863261694654477,1.142475217744195,1.0986242660229424,38.45464148808128,1.2740280729079532
BIKAJI-2024-09-10,BIKAJI,2024-09-05,2024-09-10,3,878.6719360351562,33.40767159465064,35.80654178783352,822.3531731335371,1.6858032964691,860.48046875,859.7328628214251,849.6602935791016,773.9459838867188,610.269217376709,427123730.9174194,62.27180527383367,82.96146044624746,94.7261663286004,80.2839756592292,0.9820717131474104,3.385042903436392,True,0.9820717131474104,90.32454361054766,True,True,True,True,True,True,True,True,True,True,True,True,True,True,,2024-09-11,861.2280435030573,813.4015376865788,47.82650581647852,2024-09-17,846.8741964725969,SMA20,-0.0166667204333894,2024-09-16,-0.3001232639812637,4,2024-09-10,502,494,493,279,56.5922920892495,489,403,82.41308793456032,0.9741035856573704,True,23643.650390625,20868.0712890625,NORMAL,POINT_IN_TIME,502,493,489,NORMAL,MOMENTUM_ENABLED,True,True,True,0.9820717131474104,23182.3839453125,-0.37215261496983826,-0.4081672904641254,-0.4441819659584127,47.826505816478516,-0.30012326398126377
BIKAJI-2024-09-26,BIKAJI,2024-09-23,2024-09-26,3,975.56005859375,39.75606079358516,38.325222485307485,937.034029156664,0.9690605323579358,975.1613159179688,957.8670001055392,889.153173828125,823.6500024414063,632.5014277648926,527994285.8716736,94.9290060851927,92.90060851926978,97.16024340770792,94.7870182555781,0.986,1.4302269324563754,True,0.986,93.42799188640971,True,True,True,True,True,True,True,True,True,True,True,True,True,True,,2024-09-27,980.8430489894562,927.452723535337,53.39032545411919,2024-09-30,927.452723535337,STOP_INTRADAY,-0.0544330976389405,,-1.0,1,2024-09-26,500,493,493,310,62.88032454361054,490,401,81.83673469387756,0.98,True,24496.900390625,21253.68328125,STRONG_MOMENTUM,POINT_IN_TIME,500,493,490,STRONG_MOMENTUM,MOMENTUM_ENABLED,True,True,True,0.986,23446.3629296875,-1.0734847027544225,-1.1102270541316337,-1.1469694055088449,53.39032545411919,-1.0
BIKAJI-2025-09-15,BIKAJI,2025-09-04,2025-09-15,7,799.7852172851562,23.64348291860688,21.39471581537946,756.1206366419918,1.84679138828575,790.0542602539062,778.4270402959291,783.8115173339844,757.7578015136719,724.1531747436524,245590818.35888672,86.31790744466801,74.04426559356136,63.581488933601605,74.58752515090544,0.9920159680638724,0.571203953279425,True,0.9920159680638724,74.42655935613682,True,True,True,True,True,True,True,True,True,True,True,True,True,True,,2025-09-16,792.299839827713,750.7719576881469,41.52788213956603,2025-09-19,780.4730195572669,SMA20,-0.0149272026522406,2025-09-18,-0.2847922807789418,3,2025-09-15,501,497,497,254,51.10663983903421,487,321,65.91375770020534,0.9720558882235528,True,23215.849609375,22244.965,NORMAL,POINT_IN_TIME,501,497,487,NORMAL,MOMENTUM_ENABLED,True,True,True,0.9920159680638723,23026.876015625,-0.36110725751336503,-0.39926474588057664,-0.4374222342477883,41.52788213956603,-0.2847922807789418
BIOCON-2024-05-14,BIOCON,2024-05-02,2024-05-14,8,309.684814453125,10.843193401618493,11.77718804537798,291.0579228268498,1.7178418696741955,309.684814453125,305.0530045019119,290.63209075927733,275.7748922729492,261.0053450012207,2577915700.41098,91.3934426229508,68.23770491803278,69.26229508196722,75.49180327868852,0.9740518962075848,0.8093103178445602,True,0.9740518962075848,74.13934426229508,True,True,True,True,True,True,True,True,True,True,True,True,True,True,,2024-05-15,312.77270626737527,288.1136258155053,24.659080451869954,2024-06-04,288.1136258155053,STOP_INTRADAY,-0.0788402567031856,,-1.0,13,2024-05-14,501,493,492,288,58.53658536585365,480,357,74.375,0.9580838323353292,True,20683.80078125,18638.31026367188,NORMAL,POINT_IN_TIME,501,492,480,NORMAL,MOMENTUM_ENABLED,True,True,True,0.9820359281437125,20427.9570703125,-1.0507355019791351,-1.0761032529687027,-1.1014710039582702,24.659080451869954,-1.0
BIOCON-2024-06-20,BIOCON,2024-06-11,2024-06-20,6,343.10369873046875,14.122142866574809,12.591994032601946,325.22384468871934,1.2660864721931535,341.46014404296875,337.87423326071155,323.00755615234374,303.37658325195315,268.81619583129884,2615548932.725464,74.74541751527495,71.89409368635438,76.17107942973523,74.03258655804481,0.9780876494023903,0.989144664746102,True,0.9800399201596808,77.53564154786152,True,True,True,True,True,True,True,True,True,True,True,True,True,True,,2024-06-21,344.149585474728,322.0758461805689,22.07373929415911,2024-07-19,342.43206705044634,SMA20,-0.0049906159901731,2024-07-18,-0.0778082227661409,19,2024-06-20,502,493,493,417,84.58417849898579,484,411,84.91735537190083,0.9641434262948207,True,22305.099609375,19212.33927734375,STRONG_MOMENTUM,POINT_IN_TIME,502,493,484,STRONG_MOMENTUM,MOMENTUM_ENABLED,True,True,True,0.9820717131474104,21099.933046875,-0.1401718451481073,-0.17135365633909047,-0.2025354675300737,22.07373929415911,-0.0778082227661409
BIOCON-2025-07-23,BIOCON,2025-07-18,2025-07-23,3,398.2737121582031,9.44038064894711,9.493446601787374,384.1406064133711,1.4970906651320592,396.4758605957031,394.2784879651822,376.7298522949219,355.0569659423828,347.2336367797852,1655933476.732544,91.54929577464787,81.08651911468813,37.82696177062374,71.24748490945673,0.9920159680638724,0.8440406981999081,True,0.9920159680638724,71.3682092555332,True,True,True,True,True,True,True,True,True,True,True,True,True,True,,2025-07-24,396.3260288265204,381.7672447629242,14.55878406359625,2025-08-01,381.7672447629242,STOP_INTRADAY,-0.0367343626324601,,-1.0,6,2025-07-23,501,497,497,306,61.56941649899397,479,314,65.55323590814196,0.9560878243512974,True,23428.400390625,22255.32173828125,STRONG_MOMENTUM,POINT_IN_TIME,501,497,479,STRONG_MOMENTUM,MOMENTUM_ENABLED,True,True,True,0.9920159680638723,23150.1589453125,-1.1088898707736232,-1.163334806160435,-1.2177797415472467,14.55878406359625,-1.0
BLS-2023-12-22,BLS,2023-12-12,2023-12-22,8,313.2099914550781,10.751580219566064,11.855219481042736,289.8006851053533,2.1772898375555845,306.04888916015625,305.0117582977884,286.123876953125,269.0277108764648,222.7530625152588,940241535.554657,85.10204081632654,65.91836734693878,87.14285714285714,78.04081632653062,0.9780439121756488,1.6324205811679946,True,0.9780439121756488,75.71428571428571,True,True,True,True,True,True,True,True,True,True,True,True,True,True,,2023-12-26,308.76519050786175,286.8368802350926,21.928310272769124,2024-02-12,380.277014511281,SMA20,0.2316058487221164,2024-02-09,3.26116436304824,32,2023-12-22,501,491,491,401,81.67006109979633,489,438,89.57055214723927,0.9760479041916168,True,19054.69921875,16496.604721679687,STRONG_MOMENTUM,POINT_IN_TIME,501,491,489,STRONG_MOMENTUM,MOMENTUM_ENABLED,True,True,True,0.9800399201596807,17773.596875,3.204841703131975,3.1766803731738444,3.1485190432157135,21.928310272769124,3.261164363048237
BLUESTARCO-2023-11-13,BLUESTARCO,2023-11-03,2023-11-13,6,958.3623046875,38.6352711032131,38.521086820114114,899.679011979288,1.5189046441900491,946.5269165039062,946.3296838378906,907.231378173828,858.6233618164063,751.9272058105469,220923658.4232788,88.36734693877551,88.77551020408163,71.22448979591837,83.38775510204081,0.9780439121756488,0.5739169404174541,True,0.9760479041916168,84.62167689161554,True,True,True,True,True,True,True,True,True,True,True,True,True,True,,2023-11-15,946.5269883359216,890.0487402742594,56.47824806166216,2023-12-18,955.2555077393722,SMA20,0.0092216276038743,2023-12-15,0.154546567979958,22,2023-11-13,501,491,491,254,51.73116089613035,488,399,81.76229508196722,0.9740518962075848,True,17318.599609375,16038.288491210937,NORMAL,POINT_IN_TIME,501,491,488,NORMAL,MOMENTUM_ENABLED,True,True,True,0.9800399201596807,17226.8638671875,0.08750999933126224,0.053991715006914326,0.020473430682566424,56.47824806166216,0.15454656797995805
BLUESTARCO-2024-04-16,BLUESTARCO,2024-04-10,2024-04-16,3,1400.1143798828125,50.752520475863946,50.31446795710166,1327.5739395058583,1.429297297883989,1374.7672119140625,1363.7701409764768,1302.9392333984374,1258.5061157226562,965.4864172363282,414241262.13391113,55.94262295081968,95.6967213114754,83.81147540983606,80.20491803278688,0.9740518962075848,1.6330675077162229,True,0.9740518962075848,85.22540983606558,True,True,True,True,True,True,True,True,True,True,True,True,True,True,,2024-04-18,1400.5087992022898,1314.995322516583,85.51347668570679,2024-05-10,1375.7039031838906,SMA20,-0.0177113460711762,2024-05-09,-0.2900700214723606,15,2024-04-16,501,493,492,272,55.28455284552846,479,366,76.40918580375782,0.9560878243512974,True,20423.0,18253.716274414062,NORMAL,POINT_IN_TIME,501,492,479,NORMAL,MOMENTUM_ENABLED,True,True,True,0.9820359281437125,20180.94515625,-0.3555805750591207,-0.3883358518525008,-0.4210911286458809,85.51347668570679,-0.2900700214723606
BLUESTARCO-2024-06-10,BLUESTARCO,2024-06-04,2024-06-10,4,1579.6654052734375,69.52531890012156,68.48731734270144,1493.218646187103,1.2433852940756955,1573.9945068359375,1564.9700357495522,1513.5382751464845,1433.5312524414062,1093.575728149414,565551245.6192627,78.81873727087576,80.04073319755601,87.9837067209776,82.05702647657841,0.9800399201596808,0.6549781756523662,True,0.9780439121756488,90.24489795918367,True,True,True,True,True,True,True,True,True,True,True,True,True,True,,2024-06-11,1582.7722777096662,1476.096816851428,106.67546085823824,2024-07-01,1621.3356528140127,SMA20,0.0243644494204493,2024-06-28,0.361501837386891,13,2024-06-10,501,493,493,372,75.45638945233266,480,386,80.41666666666667,0.9580838323353292,True,21808.25,19026.98653320313,STRONG_MOMENTUM,POINT_IN_TIME,501,493,480,STRONG_MOMENTUM,MOMENTUM_ENABLED,True,True,True,0.9840319361277445,20854.3270703125,0.30215277003903973,0.272478236365114,0.24280370269118834,106.67546085823824,0.36150183738689107
BLUESTARCO-2024-09-20,BLUESTARCO,2024-09-16,2024-09-20,4,1916.2520751953125,61.28220856191806,63.861635821879744,1825.2873847358103,1.4843572481170202,1911.498291015625,1892.037710674433,1763.3228454589844,1708.7595068359376,1392.5490225219726,719576843.6907349,84.58417849898579,71.19675456389453,79.71602434077079,77.76876267748479,0.9840319361277444,1.38944351517401,True,0.9820717131474104,74.09736308316431,True,True,True,True,True,True,True,True,True,True,True,True,True,True,,2024-09-23,1925.314067319085,1809.3219757803408,115.99209153874426,2024-10-08,1928.235454331337,SMA20,0.0015173560832699,2024-10-07,0.025186087891829,10,2024-09-20,501,494,493,281,56.99797160243407,489,392,80.16359918200409,0.9760479041916168,True,24193.80078125,21121.88478515625,NORMAL,POINT_IN_TIME,501,493,489,NORMAL,MOMENTUM_ENABLED,True,True,True,0.9840319361277445,23343.9179296875,-0.04120857890925991,-0.07440591230980441,-0.10760324571034892,115.99209153874426,0.02518608789182909
BOSCHLTD-2024-02-26,BOSCHLTD,2024-02-20,2024-02-26,4,28226.98046875,742.3750640067875,757.6284489002416,27039.34802095036,1.5997741645438457,28065.474609375,28005.147624527413,25538.52109375,23262.5158984375,19820.49638671875,905951649.3779296,96.13034623217924,80.44806517311609,81.26272912423626,85.39714867617108,0.9800399201596808,0.8780546883410486,True,0.9780439121756488,87.10204081632654,True,True,True,True,True,True,True,True,True,True,True,True,True,True,,2024-02-27,28128.198071017763,26849.940908725297,1278.257162292466,2024-03-14,27731.100289736078,SMA20,-0.0141174269421418,2024-03-13,-0.310655627831196,11,2024-02-26,501,491,491,294,59.877800407331975,490,387,78.9795918367347,0.9780439121756488,True,20255.80078125,17522.359497070312,NORMAL,POINT_IN_TIME,501,491,490,NORMAL,MOMENTUM_ENABLED,True,True,True,0.9800399201596807,19588.0920703125,-0.3986760947631266,-0.44268632822909326,-0.48669656169506004,1278.257162292466,-0.3106556278311932
BOSCHLTD-2024-05-27,BOSCHLTD,2024-05-14,2024-05-27,8,31098.296875,853.1907453865064,807.080171067147,29791.42772890691,1.531743227595678,30790.501953125,30548.50105810465,29704.36669921875,29380.391796875,23037.28431640625,1457777807.7392578,75.71428571428571,65.91836734693878,79.79591836734694,73.0204081632653,0.9780439121756488,2.476971737577798,True,0.9740518962075848,87.56147540983608,True,True,True,True,True,True,True,True,True,True,True,True,True,True,,2024-05-28,30774.458806322185,29589.657686140123,1184.8011201820627,2024-05-31,30335.423126274047,SMA20,-0.0142662356082747,2024-05-30,-0.3705564356494481,3,2024-05-27,501,493,492,346,70.32520325203252,480,363,75.625,0.9580838323353292,True,21493.0,18809.538759765623,STRONG_MOMENTUM,POINT_IN_TIME,501,492,480,STRONG_MOMENTUM,MOMENTUM_ENABLED,True,True,True,0.9820359281437125,20572.8700390625,-0.47445390259847736,-0.5264026360729921,-0.5783513695475068,1184.8011201820627,-0.3705564356494481
BPCL-2024-01-03,BPCL,2023-12-28,2024-01-03,3,207.7126617431641,4.923018641918988,4.998473341106112,199.8197709085252,1.603262430784193,205.59451293945312,204.8587375260318,200.95755767822263,179.15513031005858,158.41020042419433,3576787778.2037506,48.36734693877551,91.42857142857144,63.469387755102034,70.12244897959184,0.9780439121756488,0.8032498933454723,True,0.9780439121756488,79.28571428571428,True,True,True,True,True,True,True,True,True,True,True,True,True,True,,2024-01-04,203.6993329052515,198.5701525732486,5.129180332002903,2024-01-10,198.5701525732486,STOP_INTRADAY,-0.0251801528205724,,-1.0,4,2024-01-03,501,491,491,422,85.94704684317719,489,443,90.59304703476482,0.9760479041916168,True,19367.150390625,16633.734721679688,STRONG_MOMENTUM,POINT_IN_TIME,501,491,489,STRONG_MOMENTUM,MOMENTUM_ENABLED,True,True,True,0.9800399201596807,18006.349921875,-1.1588552709946998,-1.23828290649205,-1.3177105419894,5.129180332002903,-1.0
BPCL-2024-03-01,BPCL,2024-02-20,2024-03-01,8,293.2414245605469,11.469408207511249,10.736470693472995,265.08113249502003,2.455252403265657,277.9461364746094,272.81794986004263,276.5303237915039,235.96971954345705,178.02983322143555,6890038576.41748,97.9633401221996,93.0753564154786,92.66802443991853,94.41955193482688,0.9800399201596808,0.6191643562751051,True,0.9780439121756488,95.91836734693878,True,True,True,True,True,True,True,True,True,True,True,True,True,True,,2024-03-04,278.79339786494234,262.3970148216518,16.39638304329054,2024-03-11,275.136799472042,SMA20,-0.0131157998033788,2024-03-07,-0.2230125011867549,4,2024-03-01,501,491,491,284,57.841140529531565,490,378,77.14285714285715,0.9780439121756488,True,20349.80078125,17618.16326171875,NORMAL,POINT_IN_TIME,501,491,490,NORMAL,MOMENTUM_ENABLED,True,True,True,0.9800399201596807,19692.01109375,-0.2910258910005592,-0.3250325859074613,-0.3590392808143635,16.39638304329054,-0.22301250118675497
BPCL-2024-08-09,BPCL,2024-07-31,2024-08-09,7,312.1933288574219,9.584231202796646,9.874420013543784,296.80882566175626,1.605189072564993,306.8683776855469,306.7530136840724,292.93505096435547,280.4139782714844,242.99472061157223,5374091117.599594,92.0892494929006,59.2292089249493,64.50304259634888,70.66937119675455,0.9801192842942346,0.6167250312400077,True,0.9801192842942346,70.95334685598377,True,True,True,True,True,True,True,True,True,True,True,True,True,True,,2024-08-12,305.39569836262746,294.3402206583703,11.055477704257155,2024-09-11,322.1013747009063,SMA20,0.0547017408164096,2024-09-10,1.5110768421925334,21,2024-08-09,503,493,493,258,52.33265720081136,487,402,82.54620123203286,0.9681908548707754,True,22923.5,20203.106015625,NORMAL,POINT_IN_TIME,503,493,487,NORMAL,MOMENTUM_ENABLED,True,True,True,0.9801192842942346,22538.6669921875,1.400581138060263,1.3453332859941278,1.2900854339279926,11.055477704257157,1.5110768421925334
BPCL-2026-02-18,BPCL,2026-02-09,2026-02-18,7,388.2999877929688,9.842850706074874,9.01160783109463,366.5499877929688,2.2097256830865266,380.8999938964844,375.7999877929688,368.6468032836914,360.4913427734375,327.34816497802734,2239742661.1506653,79.71887550200803,81.72690763052208,91.36546184738955,84.0160642570281,0.994011976047904,0.4066479708777567,True,0.9920159680638724,89.43661971830986,True,True,True,True,True,True,True,True,True,True,True,True,True,True,,2026-02-19,377.4500122070313,364.2970858351951,13.152926371836202,2026-02-20,364.8500061035156,SMA20,-0.0333819199788622,2026-02-19,-0.9579621863082528,1,2026-02-18,501,499,449,232,51.67037861915368,444,181,40.76576576576576,0.8862275449101796,True,23645.80078125,23254.83354492188,NORMAL,POINT_IN_TIME,501,449,444,NORMAL,MOMENTUM_ENABLED,True,True,True,0.8962075848303394,23518.3460546875,-1.072750333534637,-1.130144407147829,-1.1875384807610212,13.152926371836202,-0.9579621863082527
BRIGADE-2023-12-14,BRIGADE,2023-12-05,2023-12-14,7,648.4204711914062,27.15275442288176,25.28605321236228,590.2513620272003,2.1422912850118268,634.0550537109375,610.3110006407495,591.4087829589844,518.242182006836,433.7076759338379,226224457.7815857,90.6122448979592,92.85714285714286,80.0,88.32653061224491,0.9780439121756488,3.493082874292786,True,0.9780439121756488,91.71428571428572,True,True,True,True,True,True,True,True,True,True,True,True,True,True,,2023-12-15,636.3996431643961,583.9298487241098,52.46979444028637,2024-01-24,695.2014388174987,SMA20,0.0923975936892735,2024-01-23,1.120678978836526,26,2023-12-14,501,491,491,414,84.31771894093686,489,441,90.1840490797546,0.9760479041916168,True,18973.849609375,16365.27822265625,STRONG_MOMENTUM,POINT_IN_TIME,501,491,489,STRONG_MOMENTUM,MOMENTUM_ENABLED,True,True,True,0.9800399201596807,17554.63984375,1.0721634738719577,1.0479057213896736,1.0236479689073894,52.469794440286364,1.120678978836526
BRIGADE-2024-01-25,BRIGADE,2024-01-18,2024-01-25,4,738.2608032226562,26.90132601056598,30.072179426662053,672.5366567594173,2.443156387065256,725.6817016601562,711.6882702464923,698.6886444091797,640.3840148925781,480.6420487976074,377633672.1812439,84.48979591836735,93.26530612244898,88.9795918367347,89.34693877551021,0.9780439121756488,0.4294105526253114,True,0.9780439121756488,92.55102040816328,True,True,True,True,True,True,True,True,True,True,True,True,True,True,,2024-01-29,729.4405610511183,665.0186119027518,64.42194914836648,2024-02-13,726.3887514318924,SMA20,-0.004183767372119,2024-02-12,-0.0473722024802048,11,2024-01-25,501,491,491,321,65.37678207739307,489,407,83.23108384458078,0.9760479041916168,True,19393.0,17020.314487304688,STRONG_MOMENTUM,POINT_IN_TIME,501,491,489,STRONG_MOMENTUM,MOMENTUM_ENABLED,True,True,True,0.9800399201596807,18777.58796875,-0.09266363316145829,-0.11530934850208499,-0.1379550638427117,64.42194914836648,-0.047372202480204864
BSE-2024-04-10,BSE,2024-04-04,2024-04-10,4,952.5966186523438,41.72149819058548,41.86768898119717,888.4902074599122,1.5365318594167183,943.7963256835938,927.0858533978536,800.1117370605468,782.6334692382812,568.8911192321777,2669203593.417664,98.5655737704918,82.58196721311475,97.74590163934424,91.92622950819673,0.9740518962075848,1.070085074607682,True,0.9720558882235528,94.04517453798768,True,True,True,True,True,True,True,True,True,True,True,True,True,True,,2024-04-12,942.807543237182,878.0232852146129,64.78425802256913,2024-04-29,878.0232852146129,STOP_INTRADAY,-0.0687141914458265,,-1.0,10,2024-04-10,501,493,492,344,69.91869918699187,479,382,79.74947807933194,0.9560878243512974,True,20915.19921875,18187.38927734375,STRONG_MOMENTUM,POINT_IN_TIME,501,492,479,STRONG_MOMENTUM,MOMENTUM_ENABLED,True,True,True,0.9820359281437125,20121.5771484375,-1.0582121380727234,-1.087318207109085,-1.1164242761454466,64.78425802256913,-1.0
BSE-2024-10-01,BSE,2024-09-20,2024-10-01,7,1320.6610107421875,64.74124330181357,66.80794984286653,1186.4390587310984,2.0732062772623525,1278.8865966796875,1267.6516324371858,1124.6638916015625,965.425635986328,855.1067031860351,6590325060.26239,99.79550102249488,98.159509202454,84.86707566462167,94.66257668711656,0.978,2.079850923569705,True,0.9840319361277444,97.54563894523326,True,True,True,True,True,True,True,True,True,True,True,True,True,True,,2024-10-03,1259.366373388198,1169.7370712703816,89.62930211781645,2024-10-23,1362.1041771202154,SMA20,0.0815789637574739,2024-10-22,1.1462524119285216,14,2024-10-01,500,494,494,306,61.943319838056674,485,401,82.68041237113401,0.97,True,24271.30078125,21342.95153320313,STRONG_MOMENTUM,POINT_IN_TIME,500,494,485,STRONG_MOMENTUM,MOMENTUM_ENABLED,True,True,True,0.988,23526.3579296875,1.0900490791509092,1.061947412762103,1.0338457463732968,89.62930211781645,1.1462524119285216
BSOFT-2023-08-16,BSOFT,2023-08-09,2023-08-16,4,433.1746520996094,11.54839491025034,10.931173665768036,418.390518424279,1.280189480029646,430.6947326660156,428.1671122314612,402.18521575927736,359.7166271972656,296.6332319641113,953957935.6726228,91.6155419222904,92.0245398773006,92.22903885480572,91.96319018404908,0.9741035856573704,0.970622032241396,True,0.9741035856573704,96.23721881390594,True,True,True,True,True,True,True,True,True,True,True,True,True,True,,2023-08-17,431.8869408101696,415.657725007837,16.229215802332646,2023-09-20,465.4612344958118,SMA20,0.0777386174785946,2023-09-18,2.068756377052829,23,2023-08-16,502,491,491,326,66.39511201629328,483,391,80.95238095238095,0.9621513944223108,True,16853.05078125,15558.881508789062,STRONG_MOMENTUM,POINT_IN_TIME,502,491,483,STRONG_MOMENTUM,MOMENTUM_ENABLED,True,True,True,0.9780876494023905,16561.9891015625,1.9623095971047566,1.9090862071307204,1.8558628171566844,16.229215802332646,2.0687563770528286
BSOFT-2023-08-22,BSOFT,2023-08-17,2023-08-22,3,448.387939453125,11.54362179344599,11.7217259045343,427.5471229132752,1.805396686825135,444.7634887695313,442.3789343682911,416.3803497314453,369.51782287597655,300.35649017333986,953957935.6726228,93.04703476482618,89.77505112474438,91.6155419222904,91.30879345603272,0.9741035856573704,0.8744338347386648,True,0.9741035856573704,94.29447852760735,True,True,True,True,True,True,True,True,True,True,True,True,True,True,,2023-08-23,446.7664822136095,424.6166914371416,22.14979077646791,2023-09-20,465.4612344958118,SMA20,0.0418445721119784,2023-09-18,0.8440148474027016,19,2023-08-22,502,492,491,336,68.43177189409369,483,401,83.02277432712215,0.9621513944223108,True,16905.25,15590.128012695312,STRONG_MOMENTUM,POINT_IN_TIME,502,491,483,STRONG_MOMENTUM,MOMENTUM_ENABLED,True,True,True,0.9780876494023905,16634.6630859375,0.7633339079351816,0.7229934382014217,0.6826529684676618,22.14979077646791,0.8440148474027016
BSOFT-2024-02-15,BSOFT,2024-02-06,2024-02-15,7,819.5999755859375,23.875037116555625,25.47345995808899,769.9475923382428,2.0796777406165523,810.8123779296875,805.7703999806738,795.0235382080078,726.7961999511718,499.6879763793945,1440423427.3276062,73.06122448979592,86.73469387755102,91.42857142857144,84.04081632653062,0.9780439121756488,0.6235493865267062,True,0.9780439121756488,88.69387755102042,True,True,True,True,True,True,True,True,True,True,True,True,True,True,,2024-02-16,812.5411534988909,763.5792273487206,48.96192615017037,2024-02-20,797.1268445169057,SMA20,-0.0189704963442275,2024-02-19,-0.3148223567575384,2,2024-02-15,501,491,491,293,59.67413441955194,489,380,77.70961145194273,0.9760479041916168,True,20037.0,17371.625991210938,NORMAL,POINT_IN_TIME,501,491,489,NORMAL,MOMENTUM_ENABLED,True,True,True,0.9800399201596807,19397.61703125,-0.38120382639227124,-0.4143945612096376,-0.44758529602700403,48.96192615017037,-0.31482235675753845
CAMS-2024-05-30,CAMS,2024-05-23,2024-05-30,5,680.6753540039062,23.13231058123471,24.403049621526662,640.7620144982169,1.7254367809702362,664.0425415039062,663.0160362918705,637.5275695800781,609.4447375488281,532.2509365844727,904792342.1624756,76.93877551020408,77.14285714285715,56.326530612244895,70.83673469387755,0.9780439121756488,0.900502314309265,True,0.9780439121756488,73.48979591836735,True,True,True,True,True,True,True,True,True,True,True,True,True,True,,2024-05-31,671.4572829333073,634.6612520928352,36.7960308404721,2024-06-04,634.6612520928352,STOP_INTRADAY,-0.0548002557656774,,-1.0,2,2024-05-30,501,493,492,270,54.87804878048781,480,342,71.25,0.9580838323353292,True,21038.55078125,18873.31702148437,NORMAL,POINT_IN_TIME,501,492,480,NORMAL,MOMENTUM_ENABLED,True,True,True,0.9820359281437125,20644.3850390625,-1.0729923600558318,-1.1094885400837475,-1.1459847201116635,36.7960308404721,-1.0
CAMS-2024-10-01,CAMS,2024-09-23,2024-10-01,6,890.8095092773438,30.582044747904693,28.81952506258361,849.9721984180362,1.3353361816039286,884.7824096679688,865.2330510991359,857.781283569336,840.0519018554687,663.4047146606446,1027438614.5767212,60.73619631901841,84.04907975460122,85.48057259713701,77.48466257668711,0.978,1.5250247502188832,True,0.986,77.01825557809332,True,True,True,True,True,True,True,True,True,True,True,True,True,True,,2024-10-03,865.4165140871997,842.7673171523903,22.649196934809424,2024-10-04,852.4738792953517,SMA20,-0.0149553822710435,2024-10-03,-0.5714390152154389,1,2024-10-01,500,494,494,306,61.943319838056674,485,401,82.68041237113401,0.97,True,24271.30078125,21342.95153320313,STRONG_MOMENTUM,POINT_IN_TIME,500,494,485,STRONG_MOMENTUM,MOMENTUM_ENABLED,True,True,True,0.988,23526.3579296875,-0.7242773726332503,-0.8006965513421559,-0.8771157300510616,22.649196934809424,-0.5714390152154389
CANBK-2023-11-28,CANBK,2023-11-15,2023-11-28,8,74.138427734375,1.795312446874221,1.6396132253790456,70.78999746576397,1.86509611429526,72.0820541381836,72.02745808252226,71.34048995971679,68.99623062133789,58.55104585647583,1671331194.270153,65.10204081632654,77.75510204081633,70.0,71.63265306122449,0.9780439121756488,0.986677092001339,True,0.9780439121756488,82.42857142857144,True,True,True,True,True,True,True,True,True,True,True,True,True,True,,2023-11-29,72.58249543339058,70.38009415941922,2.202401273971361,2023-12-26,77.88719835664827,SMA20,0.0730851549203878,2023-12-22,2.4085996434665486,18,2023-11-28,501,491,491,322,65.58044806517312,488,417,85.45081967213115,0.9740518962075848,True,17741.80078125,16152.749487304687,STRONG_MOMENTUM,POINT_IN_TIME,501,491,488,STRONG_MOMENTUM,MOMENTUM_ENABLED,True,True,True,0.9800399201596807,17283.902890625,2.276775354602948,2.210863210171148,2.144951065739348,2.202401273971361,2.4085996434665486
CANBK-2024-01-25,CANBK,2024-01-19,2024-01-25,3,84.92070770263672,2.0909596054809163,2.4720867035335417,80.61688640979881,2.058299587211796,84.67503356933594,83.64684559695354,82.84068069458007,79.14940994262696,64.64079832077026,2768956194.863568,76.32653061224491,74.08163265306122,69.38775510204081,73.34693877551021,0.9780439121756488,1.848653595772612,True,0.9780439121756488,70.75510204081633,True,True,True,True,True,True,True,True,True,True,True,True,True,True,,2024-01-29,85.51214037327134,79.99886473391543,5.513275639355911,2024-02-29,100.27976751289069,SMA20,0.172696263655158,2024-02-28,2.67855774055668,23,2024-01-25,501,491,491,321,65.37678207739307,489,407,83.23108384458078,0.9760479041916168,True,19393.0,17020.314487304688,STRONG_MOMENTUM,POINT_IN_TIME,501,491,489,STRONG_MOMENTUM,MOMENTUM_ENABLED,True,True,True,0.9800399201596807,18777.58796875,2.6165168443875473,2.585496396302981,2.5544759482184154,5.513275639355911,2.6785577405566796
CANBK-2024-02-14,CANBK,2024-02-09,2024-02-14,3,103.9102554321289,3.246416492309592,3.556372658774776,97.28620969716664,2.040417719246414,103.0822525024414,100.95309440569886,91.63028831481934,85.1416293334961,67.53595642089844,4358559354.639931,93.87755102040816,88.57142857142857,87.55102040816325,89.85714285714286,0.9780439121756488,0.9267985757925924,True,0.9780439121756488,88.42857142857142,True,True,True,True,True,True,True,True,True,True,True,True,True,True,,2024-02-15,103.555403775934,96.39711653247294,7.158287243461061,2024-02-29,100.27976751289069,SMA20,-0.0316317270137916,2024-02-28,-0.4576005616476948,10,2024-02-14,501,491,491,281,57.23014256619145,489,380,77.70961145194273,0.9760479041916168,True,19922.30078125,17346.2194921875,NORMAL,POINT_IN_TIME,501,491,489,NORMAL,MOMENTUM_ENABLED,True,True,True,0.9800399201596807,19359.1840234375,-0.515466584764065,-0.5443995963222502,-0.5733326078804353,7.158287243461061,-0.4576005616476948
CANBK-2025-07-14,CANBK,2025-07-01,2025-07-14,9,111.73413848876952,2.770143574454157,2.4093862338564733,107.65858337223408,1.4712432792724552,110.04002380371094,109.86577194062062,108.09034156799316,104.4238331604004,94.00157169342042,1940612831.091744,49.899396378269614,78.87323943661971,85.3118712273642,72.11267605633803,0.994,1.514217677834171,True,0.9900199600798404,74.39516129032258,True,True,True,True,True,True,True,True,True,True,True,True,True,True,,2025-07-15,110.15619323868452,107.05623681376996,3.0999564249145664,2025-07-22,109.09132685171444,SMA20,-0.009666877146551,2025-07-21,-0.3435101146621578,5,2025-07-14,500,497,497,337,67.80684104627767,479,294,61.37787056367432,0.958,True,23309.05078125,22289.428486328125,STRONG_MOMENTUM,POINT_IN_TIME,500,497,479,STRONG_MOMENTUM,MOMENTUM_ENABLED,True,True,True,0.994,22973.43296875,-0.48564913617013505,-0.556718646924126,-0.6277881576781169,3.0999564249145664,-0.3435101146621532
CANBK-2025-10-10,CANBK,2025-10-07,2025-10-10,3,123.97048950195312,2.700509666462996,2.654781795981612,120.71778753577036,1.2044770683761323,123.32188415527344,122.93465982227649,117.01929626464845,109.70449447631836,97.80418434143068,3621321626.2328,96.34888438133872,88.43813387423936,89.65517241379311,91.1764705882353,0.9840319361277444,0.7776418895027305,True,0.9840319361277444,90.89249492900608,True,True,True,True,True,True,True,True,True,True,True,True,True,True,,2025-10-13,123.23476501988112,120.05409208677496,3.180672933106166,2025-12-04,141.41503337045975,SMA20,0.1475254839626274,2025-12-03,5.7158559628525625,36,2025-10-10,501,498,498,274,55.020080321285135,481,300,62.37006237006237,0.9600798403193612,True,23337.55078125,22257.0615234375,NORMAL,POINT_IN_TIME,501,498,481,NORMAL,MOMENTUM_ENABLED,True,True,True,0.9940119760479041,22961.2020703125,5.560876475666455,5.483386732073402,5.4058969884803485,3.180672933106166,5.7158559628525625
CANBK-2025-10-20,CANBK,2025-10-15,2025-10-20,3,124.30931854248048,2.69961559437836,2.800587822208196,120.62098134622356,1.3662453291266488,123.51549530029295,123.47677951225884,120.67858390808104,111.95815155029295,98.67536262512208,3386745001.688141,94.9290060851927,86.81541582150102,86.81541582150102,89.24949290060853,0.9801192842942346,0.9883727940386636,True,0.9801192842942346,91.76470588235294,True,True,True,True,True,True,True,True,True,True,True,True,True,True,,2025-10-21,124.14474492054802,119.92083439067152,4.223910529876505,2025-12-04,141.41503337045975,SMA20,0.1391141321444143,2025-12-03,4.088696559208763,30,2025-10-20,503,498,498,263,52.81124497991968,482,307,63.69294605809128,0.9582504970178928,True,23716.099609375,22286.92178710937,NORMAL,POINT_IN_TIME,503,498,482,NORMAL,MOMENTUM_ENABLED,True,True,True,0.9900596421471173,23036.927109375,3.971132757568128,3.91235085674781,3.8535689559274924,4.223910529876505,4.088696559208763
CAPLIPOINT-2024-08-26,CAPLIPOINT,2024-08-19,2024-08-26,5,1834.9100341796875,82.6665128178056,85.72570647297218,1725.6176242993472,1.3220880638961674,1830.7850341796875,1767.3664485514205,1619.488720703125,1520.3805029296875,1374.4969631958008,282181996.0727539,95.131845841785,93.30628803245436,52.53549695740365,81.62271805273834,0.9801192842942346,19.791416645689296,True,0.9801192842942346,86.55172413793103,True,True,True,True,True,True,True,True,True,True,True,True,True,True,,2024-08-27,1812.3955346288049,1704.1861976811042,108.20933694770063,2024-09-20,1918.4574380477109,SMA20,0.0585202851101862,2024-09-19,0.9801548222235894,18,2024-08-26,503,493,493,281,56.99797160243407,487,416,85.42094455852155,0.9681908548707754,True,23561.75,20502.21453125,NORMAL,POINT_IN_TIME,503,493,487,NORMAL,MOMENTUM_ENABLED,True,True,True,0.9801192842942346,22888.52296875,0.9131589201784723,0.8796609691559137,0.8461630181333553,108.20933694770065,0.9801548222235894
CAPLIPOINT-2024-08-30,CAPLIPOINT,2024-08-27,2024-08-30,3,1945.49462890625,91.07626337891485,94.8244375120278,1771.8892840968122,1.906153572497457,1893.6070556640625,1851.858094218733,1680.8296508789062,1558.6154541015626,1391.4169232177735,441996157.5866089,97.16024340770792,94.7261663286004,64.50304259634888,86.38945233265719,0.9820717131474104,1.7809499393628647,True,0.9801192842942346,86.2474645030426,True,True,True,True,True,True,True,True,True,True,True,True,True,True,,2024-09-02,1913.1889720589984,1748.1831747188053,165.0057973401931,2024-09-20,1918.4574380477109,SMA20,0.0027537614243314,2024-09-19,0.0319289750641334,14,2024-08-30,502,493,493,299,60.649087221095336,488,408,83.60655737704919,0.9721115537848606,True,23734.55078125,20639.52029296875,STRONG_MOMENTUM,POINT_IN_TIME,502,493,488,STRONG_MOMENTUM,MOMENTUM_ENABLED,True,True,True,0.9820717131474104,23003.3959375,-0.014449734118176563,-0.03763908870933155,-0.06082844330048654,165.0057973401931,0.03192897506413342
CAPLIPOINT-2024-09-17,CAPLIPOINT,2024-09-05,2024-09-17,8,2106.923828125,99.30526970962778,89.71555853305615,1893.606914035406,2.148092590789396,1995.841796875,1957.6714143757245,1908.199176025391,1688.7226684570312,1437.802776489258,480310626.4553223,76.06490872210954,95.53752535496956,83.56997971602435,86.105476673428,0.9840319361277444,0.5863883461337563,True,0.9820717131474104,93.4077079107505,True,True,True,True,True,True,True,True,True,True,True,True,True,True,,2024-09-18,2012.243134204864,1871.178024402141,141.06510980272242,2024-09-20,1918.4574380477109,SMA20,-0.0466075369138791,2024-09-19,-0.6648397770952086,2,2024-09-17,501,494,493,303,61.4604462474645,489,403,82.41308793456032,0.9760479041916168,True,23969.900390625,21026.62627929688,STRONG_MOMENTUM,POINT_IN_TIME,501,493,489,STRONG_MOMENTUM,MOMENTUM_ENABLED,True,True,True,0.9840319361277445,23285.3129296875,-0.7218983406767739,-0.7504276224675576,-0.7789569042583413,141.06510980272287,-0.6648397770952065
CAPLIPOINT-2025-01-02,CAPLIPOINT,2024-12-27,2025-01-02,3,2587.935302734375,100.23815840343886,101.59070542266466,2440.481372073916,1.4710359109650306,2547.67529296875,2521.100714345548,2425.743273925781,2173.722277832031,1697.2927001953126,300931083.0749512,90.2834008097166,95.1417004048583,98.582995951417,94.7165991902834,0.988,2.4368672184296263,True,0.988,99.08906882591091,True,True,True,True,True,True,True,True,True,True,True,True,True,True,,2025-01-03,2538.020859540852,2415.083695718249,122.937163822603,2025-01-10,2415.083695718249,STOP_INTRADAY,-0.0484382007186667,,-1.0,5,2025-01-02,500,496,496,249,50.201612903225815,488,240,49.18032786885246,0.976,True,22819.75,22349.360478515624,NORMAL,POINT_IN_TIME,500,496,488,NORMAL,MOMENTUM_ENABLED,True,True,True,0.992,22703.5589453125,-1.0825794505298068,-1.1238691757947104,-1.1651589010596137,122.937163822603,-1.0
CARBORUNIV-2024-05-13,CARBORUNIV,2024-05-06,2024-05-13,5,1501.3455810546875,66.02117040083809,59.239371708526576,1429.6078426842337,1.0865868922787707,1491.939208984375,1470.402808276129,1374.7424926757812,1239.017868652344,1159.4053552246094,225406153.29901123,94.67213114754098,95.90163934426228,71.31147540983606,88.15573770491802,0.9740518962075848,1.1153152690711,True,0.9740518962075848,82.29508196721312,True,True,True,True,True,True,True,True,True,True,True,True,True,True,,2024-05-14,1510.0097283375098,1414.797999757102,95.21172858040792,2024-06-05,1515.009987511586,SMA20,0.0033114085825004,2024-06-04,0.0525172607264793,15,2024-05-13,501,493,492,257,52.235772357723576,480,346,72.08333333333333,0.9580838323353292,True,20511.0,18618.71850585937,NORMAL,POINT_IN_TIME,501,492,480,NORMAL,MOMENTUM_ENABLED,True,True,True,0.9820359281437125,20419.3970703125,-0.010920710660093353,-0.042639696353379684,-0.07435868204666601,95.21172858040791,0.05251726072647931
CARBORUNIV-2024-06-03,CARBORUNIV,2024-05-22,2024-06-03,8,1721.6090087890625,80.79237407119402,73.14716945242594,1554.567416879917,2.067541569727225,1657.990478515625,1615.1657926801963,1574.9970092773438,1395.2063330078124,1188.2585681152343,248754202.616272,83.87755102040816,97.3469387755102,74.28571428571429,86.38775510204083,0.9780439121756488,1.4953502299804524,True,0.9780439121756488,92.59183673469389,True,True,True,True,True,True,True,True,True,True,True,True,True,True,,2024-06-04,1673.3878022815995,1536.2806245168103,137.10717776478918,2024-06-04,1536.2806245168103,STOP_INTRADAY,-0.0819338933735795,,-1.0,0,2024-06-03,501,493,493,303,61.4604462474645,480,347,72.29166666666667,0.9580838323353292,True,21797.400390625,18918.27002929688,STRONG_MOMENTUM,POINT_IN_TIME,501,493,480,STRONG_MOMENTUM,MOMENTUM_ENABLED,True,True,True,0.9840319361277445,20707.5680859375,-1.0488198453082402,-1.0732297679623604,-1.0976396906164805,137.10717776478918,-1.0
CASTROLIND-2024-02-09,CASTROLIND,2024-02-06,2024-02-09,3,173.1193084716797,7.983221207808901,7.90136488972269,163.8008119053039,1.1672602228860658,172.34991455078125,172.2216592039324,158.97910766601564,145.75107803344727,120.56863536834716,751425943.9806519,78.9795918367347,87.55102040816325,66.53061224489795,78.67346938775509,0.9780439121756488,2.3956573824589853,True,0.9780439121756488,72.53061224489797,True,True,True,True,True,True,True,True,True,True,True,True,True,True,,2024-02-12,173.5467671651336,161.82547068287323,11.721296482260357,2024-02-13,161.82547068287323,STOP_INTRADAY,-0.0675396993774438,,-1.0,1,2024-02-09,501,491,491,309,62.93279022403259,489,385,78.7321063394683,0.9760479041916168,True,19961.5,17272.512490234374,STRONG_MOMENTUM,POINT_IN_TIME,501,491,489,STRONG_MOMENTUM,MOMENTUM_ENABLED,True,True,True,0.9800399201596807,19244.2530078125,-1.059224427068384,-1.088836640602576,-1.118448854136768,11.721296482260357,-1.0
CASTROLIND-2024-02-27,CASTROLIND,2024-02-16,2024-02-27,6,177.56484985351562,8.32907256611726,7.488592665317014,169.058502078986,1.0212839073024185,175.42758178710938,174.8291462713155,171.19363555908205,158.3293733215332,125.083042678833,823701098.9631882,74.54175152749491,89.40936863543789,71.69042769857434,79.63340122199594,0.9800399201596808,1.414579775479293,True,0.9780439121756488,84.53061224489795,True,True,True,True,True,True,True,True,True,True,True,True,True,True,,2024-02-28,176.6671896871706,167.18635391265676,9.48083577451385,2024-02-28,167.18635391265676,STOP_INTRADAY,-0.0536649492828964,,-1.0,0,2024-02-27,501,491,491,284,57.841140529531565,490,387,78.9795918367347,0.9780439121756488,True,20292.849609375,17547.430747070313,NORMAL,POINT_IN_TIME,501,491,490,NORMAL,MOMENTUM_ENABLED,True,True,True,0.9800399201596807,19620.213046875,-1.0745365467302295,-1.111804820095344,-1.1490730934604587,9.48083577451385,-1.0
CASTROLIND-2024-08-07,CASTROLIND,2024-07-30,2024-08-07,6,237.29969787597656,11.414926395678668,12.214938707800671,210.00745368325136,2.3909259899439355,227.16416931152344,224.8392407811625,226.1437644958496,199.8722595214844,165.0799845123291,2144366014.4827728,68.96551724137932,89.4523326572008,81.13590263691684,80.81135902636916,0.9801192842942346,1.1087551314713109,True,0.9801192842942346,88.70182555780933,True,True,True,True,True,True,True,True,True,True,True,True,True,True,,2024-08-08,226.23188645499965,206.9537190063012,19.27816744869844,2024-08-13,228.0520377734317,SMA20,0.008045511828387,2024-08-12,0.0944151628143938,3,2024-08-07,503,493,493,276,55.98377281947262,487,401,82.34086242299796,0.9681908548707754,True,22848.900390625,20148.513515625,NORMAL,POINT_IN_TIME,503,493,487,NORMAL,MOMENTUM_ENABLED,True,True,True,0.9801192842942346,22478.956015625,0.04747462511919573,0.024004356271595938,0.0005340874239961444,19.27816744869844,0.09441516281439531
CASTROLIND-2024-09-03,CASTROLIND,2024-08-27,2024-09-03,5,244.03387451171875,10.601455078353178,9.623558347401069,231.3371951562573,1.1976355379165304,238.39584350585932,235.73221336241332,230.5647415161133,221.3335748291016,175.22834411621093,1215836948.1085052,65.11156186612575,93.30628803245436,80.12170385395537,80.89249492900608,0.9820717131474104,2.4127389871135936,True,0.9801192842942346,81.6632860040568,True,True,True,True,True,True,True,True,True,True,True,True,True,True,,2024-09-04,237.06402732363932,228.93130556940704,8.132721754232307,2024-09-09,228.93130556940704,STOP_INTRADAY,-0.0343060136371071,,-1.0,3,2024-09-03,502,493,493,301,61.05476673427992,489,411,84.04907975460122,0.9741035856573704,True,23788.44921875,20707.80728515625,STRONG_MOMENTUM,POINT_IN_TIME,502,493,489,STRONG_MOMENTUM,MOMENTUM_ENABLED,True,True,True,0.9820717131474104,23063.5529296875,-1.1165976333570105,-1.1748964500355155,-1.2331952667140207,8.132721754232278,-1.0
CDSL-2024-05-06,CDSL,2024-04-25,2024-05-06,6,1047.49609375,39.04471135024976,38.1124455175295,991.0063681594902,1.4467958306509148,1045.231689453125,1021.540054102791,979.9031707763672,920.6292980957032,788.4369708251953,3251068552.161377,89.95901639344262,82.78688524590164,81.76229508196722,84.6311475409836,0.9740518962075848,2.776031416975678,True,0.9740518962075848,81.45491803278689,True,True,True,True,True,True,True,True,True,True,True,True,True,True,,2024-05-07,1048.8595757126182,981.4782567801078,67.38131893251034,2024-05-10,981.4782567801078,STOP_INTRADAY,-0.0642424596130802,,-1.0,3,2024-05-06,501,493,492,314,63.82113821138211,479,368,76.82672233820459,0.9560878243512974,True,20864.94921875,18520.547255859376,STRONG_MOMENTUM,POINT_IN_TIME,501,492,479,STRONG_MOMENTUM,MOMENTUM_ENABLED,True,True,True,0.9820359281437125,20389.3310546875,-1.0622641166619589,-1.0933961749929382,-1.1245282333239175,67.38131893251034,-1.0
CENTRALBK-2023-10-10,CENTRALBK,2023-10-03,2023-10-10,5,50.6010971069336,2.869472469373684,2.8861102366529425,44.76992249084838,2.0321416839932174,47.56502914428711,46.84215562979596,46.30000190734863,38.16671955108642,29.87271836280823,2445385258.646303,98.77551020408164,97.95918367346938,95.51020408163264,97.46938775510203,0.9780439121756488,0.5608349775402449,True,0.9780439121756488,98.16326530612244,True,True,True,True,True,True,True,True,True,True,True,True,True,True,,2023-10-11,47.854183335452696,44.048394931685145,3.805788403767551,2023-10-13,46.74577528220252,SMA20,-0.0231621976595099,2023-10-12,-0.2912426902538534,2,2023-10-10,501,491,491,290,59.063136456211815,488,431,88.31967213114754,0.9740518962075848,True,17303.349609375,15843.93701171875,NORMAL,POINT_IN_TIME,501,491,488,NORMAL,MOMENTUM_ENABLED,True,True,True,0.9800399201596807,17130.74,-0.34153890040371626,-0.36668700547864863,-0.39183511055358095,3.8057884037675507,-0.2912426902538516
CENTURYPLY-2024-10-01,CENTURYPLY,2024-09-23,2024-10-01,6,915.340087890625,32.637754280560394,31.71438302119564,862.4071530004919,1.6218314052833238,895.964599609375,892.2693358951958,849.1902435302734,778.002509765625,723.1658413696289,120651284.23010254,92.0245398773006,86.29856850715747,74.23312883435584,84.39672801635993,0.978,0.9034967215914576,True,0.986,86.47058823529412,True,True,True,True,True,True,True,True,True,True,True,True,True,True,,2024-10-03,888.8736438879055,854.478557245193,34.3950866427125,2024-10-07,854.478557245193,STOP_INTRADAY,-0.0386951361188632,,-1.0,2,2024-10-01,500,494,494,306,61.943319838056674,485,401,82.68041237113401,0.97,True,24271.30078125,21342.95153320313,STRONG_MOMENTUM,POINT_IN_TIME,500,494,485,STRONG_MOMENTUM,MOMENTUM_ENABLED,True,True,True,0.988,23526.3579296875,-1.1033721651143142,-1.1550582476714712,-1.2067443302286285,34.3950866427125,-1.0
CERA-2023-08-18,CERA,2023-08-14,2023-08-18,3,8224.5,245.17516137418048,237.79488343444467,8016.075192032851,0.8501057235934918,8215.11328125,8195.947768723527,7775.831762695312,7566.575029296875,6253.066357421875,168295363.18701172,81.39059304703477,53.578732106339466,80.98159509202453,70.14314928425358,0.9741035856573704,0.5480366799905949,True,0.9741035856573704,77.87321063394683,True,True,True,True,True,True,True,True,True,True,True,True,True,True,,2023-08-21,8267.207948789423,7956.62647117424,310.58147761518285,2023-09-13,8649.182270812815,SMA20,0.0462035459116914,2023-09-12,1.229868326200272,17,2023-08-18,502,491,491,307,62.52545824847251,483,391,80.95238095238095,0.9621513944223108,True,16757.69921875,15574.669506835937,STRONG_MOMENTUM,POINT_IN_TIME,502,491,483,STRONG_MOMENTUM,MOMENTUM_ENABLED,True,True,True,0.9780876494023905,16595.48607421875,1.1233943920523684,1.0701574249784163,1.0169204579044644,310.58147761518285,1.229868326200272
CESC-2023-11-29,CESC,2023-11-22,2023-11-29,4,87.59056091308594,2.7656847624637604,2.6121574830656367,84.65186469499456,1.0625564626799675,86.84492492675781,86.49402828764734,81.0881576538086,79.15958648681641,67.95615810394287,377894044.1598129,83.87755102040816,79.18367346938776,73.06122448979592,78.75510204081633,0.9780439121756488,2.256251206128165,True,0.9780439121756488,83.69387755102042,True,True,True,True,True,True,True,True,True,True,True,True,True,True,,2023-11-30,87.19581375840349,83.99882532422815,3.1969884341753385,2024-01-24,116.23184041442596,SMA20,0.33299794341588,2024-01-23,9.082305818072903,37,2023-11-29,501,491,491,336,68.43177189409369,488,420,86.0655737704918,0.9740518962075848,True,17904.099609375,16167.458237304689,STRONG_MOMENTUM,POINT_IN_TIME,501,491,488,STRONG_MOMENTUM,MOMENTUM_ENABLED,True,True,True,0.9800399201596807,17291.4498828125,8.973208377711481,8.918659657530768,8.864110937350054,3.1969884341753385,9.082305818072907
CESC-2024-04-26,CESC,2024-04-22,2024-04-26,4,130.01361083984375,5.050833672331694,4.605865878473518,127.2965067606745,0.5379516047129914,129.96832275390625,129.01733592407405,124.194474029541,117.24863983154296,94.97638925552369,731179778.1212692,87.90983606557377,46.72131147540984,85.45081967213115,70.69672131147541,0.9740518962075848,0.852504134637813,True,0.9740518962075848,78.38114754098362,True,True,True,True,True,True,True,True,True,True,True,True,True,True,,2024-04-29,130.8740324281372,126.14504029105612,4.728992137081093,2024-05-08,126.79836366234755,SMA20,-0.0311419209003711,2024-05-07,-0.8618472282564017,6,2024-04-26,501,493,492,349,70.9349593495935,479,378,78.91440501043841,0.9560878243512974,True,20839.349609375,18410.091015625,STRONG_MOMENTUM,POINT_IN_TIME,501,492,479,STRONG_MOMENTUM,MOMENTUM_ENABLED,True,True,True,0.9820359281437125,20278.9591015625,-0.9725465304624041,-1.0278961815654053,-1.0832458326684065,4.728992137081093,-0.8618472282564017
CGPOWER-2024-05-24,CGPOWER,2024-05-17,2024-05-24,4,651.8114624023438,23.606755969437977,24.086372984829072,619.4473945454546,1.3709663411096666,644.4922485351562,643.2972023617276,590.4641937255859,538.9366900634766,455.4823672485352,1821888788.4696045,91.42857142857144,95.91836734693877,84.28571428571429,91.08163265306122,0.9780439121756488,0.4255396471536667,True,0.9780439121756488,93.79591836734694,True,True,True,True,True,True,True,True,True,True,True,True,True,True,,2024-05-27,651.7118839860683,613.4258012992473,38.28608268682103,2024-06-04,613.4258012992473,STOP_INTRADAY,-0.0587469457402735,,-1.0,6,2024-05-24,501,493,492,336,68.29268292682927,480,364,75.83333333333333,0.9580838323353292,True,21483.75,18786.948759765623,STRONG_MOMENTUM,POINT_IN_TIME,501,492,480,STRONG_MOMENTUM,MOMENTUM_ENABLED,True,True,True,0.9820359281437125,20551.7060546875,-1.0680886461346335,-1.1021329692019501,-1.1361772922692668,38.28608268682103,-1.0
CHALET-2023-10-11,CHALET,2023-10-06,2023-10-11,3,608.3759765625,19.28578706188705,19.39336802636549,584.352613348969,1.2456511697677302,605.0297241210938,604.3305111867593,567.0817657470703,533.5988580322265,424.3146746826172,113413287.85253906,87.34693877551021,88.57142857142857,87.75510204081633,87.95918367346938,0.9780439121756488,0.9533001485845838,True,0.9780439121756488,90.10204081632654,True,True,True,True,True,True,True,True,True,True,True,True,True,True,,2023-10-12,604.3304911181193,579.5042713423777,24.82621977574161,2023-10-19,579.5042713423777,STOP_INTRADAY,-0.0410805348077153,,-1.0,5,2023-10-11,501,491,491,310,63.13645621181263,488,436,89.34426229508196,0.9740518962075848,True,17407.349609375,15852.197758789063,STRONG_MOMENTUM,POINT_IN_TIME,501,491,488,STRONG_MOMENTUM,MOMENTUM_ENABLED,True,True,True,0.9800399201596807,17139.92,-1.0973697158209528,-1.1460545737314292,-1.1947394316419055,24.826219775741606,-1.0
CHALET-2024-04-10,CHALET,2024-04-01,2024-04-10,7,900.4025268554688,47.05783363151684,36.62328404867195,841.6176168521816,1.2492056150225348,858.69873046875,858.0494260269754,817.9163757324219,811.3741235351563,624.5088905334472,331207538.05200195,91.59836065573772,84.01639344262296,77.6639344262295,84.38524590163935,0.9740518962075848,0.2253869436938442,True,0.9680638722554892,88.80412371134021,True,True,True,True,True,True,True,True,True,True,True,True,True,True,,2024-04-12,865.041673264434,832.4617958400137,32.579877424420374,2024-04-15,832.4617958400137,STOP_INTRADAY,-0.0376627836916488,,-1.0,1,2024-04-10,501,493,492,344,69.91869918699187,479,382,79.74947807933194,0.9560878243512974,True,20915.19921875,18187.38927734375,STRONG_MOMENTUM,POINT_IN_TIME,501,492,479,STRONG_MOMENTUM,MOMENTUM_ENABLED,True,True,True,0.9820359281437125,20121.5771484375,-1.1062056387745693,-1.1593084581618538,-1.2124112775491387,32.579877424420374,-1.0
CHAMBLFERT-2024-01-12,CHAMBLFERT,2024-01-03,2024-01-12,7,367.8067321777344,11.691816023987668,11.55714475207554,350.0203598888804,1.521266863279611,365.0008544921875,363.2412531723699,351.03808746337893,320.45487609863284,274.2030534362793,1264175524.4078827,56.12244897959183,85.51020408163265,73.46938775510205,73.08163265306123,0.9780439121756488,2.185675420324608,True,0.9780439121756488,86.9591836734694,True,True,True,True,True,True,True,True,True,True,True,True,True,True,,2024-01-15,365.0483948953935,347.13107370086146,17.917321194532065,2024-01-18,347.13107370086146,STOP_INTRADAY,-0.0490820434908811,,-1.0,3,2024-01-12,501,491,491,417,84.928716904277,489,437,89.36605316973414,0.9760479041916168,True,19745.599609375,16813.61197265625,STRONG_MOMENTUM,POINT_IN_TIME,501,491,489,STRONG_MOMENTUM,MOMENTUM_ENABLED,True,True,True,0.9800399201596807,18377.1729296875,-1.081496199332922,-1.1222442989993833,-1.1629923986658441,17.917321194532065,-1.0
CHAMBLFERT-2024-12-16,CHAMBLFERT,2024-12-05,2024-12-16,7,527.024658203125,15.14063881984727,13.63513326806645,500.18986158026905,1.7723688506246686,514.4050903320312,511.55234049628746,491.45045318603513,474.7452966308594,437.0109608459472,702251815.2851257,81.78137651821862,76.51821862348179,79.75708502024291,79.06882591093117,0.988,0.5481974680574372,True,0.988,84.79757085020242,True,True,True,True,True,True,True,True,True,True,True,True,True,True,,2024-12-17,523.1565317877239,496.7810782632524,26.37545352447148,2024-12-19,496.7810782632524,STOP_INTRADAY,-0.0504159881830044,,-1.0,2,2024-12-16,500,496,496,293,59.07258064516129,488,290,59.42622950819673,0.976,True,23352.44921875,22223.811494140624,NORMAL,POINT_IN_TIME,500,496,488,NORMAL,MOMENTUM_ENABLED,True,True,True,0.992,22916.50890625,-1.0793399106942116,-1.1190098660413175,-1.158679821388423,26.37545352447148,-1.0
CHENNPETRO-2025-07-15,CHENNPETRO,2025-07-04,2025-07-15,7,727.7493896484375,28.616088447562102,26.589315002833256,671.5508215684765,1.96388015024984,701.84423828125,684.9044764960969,658.5228088378906,635.1298840332031,604.3129602050781,1229894639.5465393,97.38430583501008,67.6056338028169,80.28169014084507,80.3420523138833,0.994,1.189645027373376,True,0.9920159680638724,88.18913480885313,True,True,True,True,True,True,True,True,True,True,True,True,True,True,,2025-07-16,704.9112933690556,664.9034928177682,40.00780055128735,2025-07-25,664.9034928177682,STOP_INTRADAY,-0.0567557945625667,,-1.0,7,2025-07-15,500,497,497,370,74.44668008048289,479,310,64.71816283924844,0.958,True,23449.150390625,22285.705234375,STRONG_MOMENTUM,POINT_IN_TIME,500,497,479,STRONG_MOMENTUM,MOMENTUM_ENABLED,True,True,True,0.994,23003.283984375,-1.0704773852754446,-1.105716077913167,-1.1409547705508891,40.007800551287346,-1.0
CHOLAFIN-2026-08-13,CHOLAFIN,2026-08-06,2026-08-13,5,1940.0,56.862761592023965,52.96930109983749,1862.0,1.3717237400397542,1927.9000244140625,1917.5999755859373,1830.444580078125,1759.2844213867188,1665.3407318115237,2653137535.34668,74.8,88.6,65.8,77.61999999999999,1.0,0.6191222604050612,True,1.0,76.3,True,True,True,True,True,True,True,True,True,True,True,True,True,True,,2026-08-14,1900.0999755859373,1848.7576747250407,51.34230086089656,2026-08-24,1856.300048828125,SMA20,-0.023051380096095,2026-08-21,-0.8530962972711509,6,2026-08-13,500,500,500,290,57.99999999999999,420,252,60.0,0.84,True,23658.099609375,23086.29630859375,NORMAL,POINT_IN_TIME,500,500,420,NORMAL,MOMENTUM_ENABLED,True,True,True,1.0,23162.01,-1.001130175280159,-1.075147114284663,-1.149164053289167,51.34230086089656,-0.8530962972711509
CHOLAHLDNG-2024-08-09,CHOLAHLDNG,2024-08-01,2024-08-09,6,1544.7152099609375,55.64133238273418,64.5561510846362,1427.1889850657146,2.112210830732945,1540.3717041015625,1504.72423213928,1494.9302917480468,1382.811787109375,1154.2578427124024,356328457.2194824,77.079107505071,92.69776876267748,78.70182555780933,83.81338742393508,0.9801192842942346,2.429167662656617,True,0.9801192842942346,70.89249492900609,True,True,True,True,True,True,True,True,True,True,True,True,True,True,,2024-08-12,1537.575794232847,1411.0499472945555,126.52584693829158,2024-08-13,1532.8327063717277,SMA20,-0.0030847831234792,2024-08-12,-0.0374871061992014,1,2024-08-09,503,493,493,258,52.33265720081136,487,402,82.54620123203286,0.9681908548707754,True,22923.5,20203.106015625,NORMAL,POINT_IN_TIME,503,493,487,NORMAL,MOMENTUM_ENABLED,True,True,True,0.9801192842942346,22538.6669921875,-0.0860961716649379,-0.11040070439780701,-0.13470523713067611,126.52584693829158,-0.037487106199199684
CHOLAHLDNG-2025-07-10,CHOLAHLDNG,2025-06-30,2025-07-10,8,2162.801025390625,79.7781445236184,80.7382430951396,2000.4411826548271,2.035141876328436,2113.274169921875,2094.402132181021,2054.52611694336,1942.8303247070312,1725.3118060302734,370437913.4859619,85.51307847082495,63.38028169014085,94.96981891348088,79.49698189134809,0.994,0.6987483270804538,True,0.9900199600798404,88.75,True,True,True,True,True,True,True,True,True,True,True,True,True,True,,2025-07-11,2101.891122137306,1980.2566218810423,121.63450025626366,2025-07-15,2046.5728851326407,SMA20,-0.0263183170726818,2025-07-14,-0.4547906793559264,2,2025-07-10,500,497,497,379,76.25754527162978,479,303,63.25678496868476,0.958,True,23471.400390625,22295.232734375,STRONG_MOMENTUM,POINT_IN_TIME,500,497,479,STRONG_MOMENTUM,MOMENTUM_ENABLED,True,True,True,0.994,22925.6209765625,-0.5239122235792869,-0.5584729956909652,-0.5930337678026436,121.63450025626366,-0.4547906793559301
CIEINDIA-2024-07-16,CIEINDIA,2024-07-09,2024-07-16,5,600.14892578125,18.069419733389434,18.4286633608144,570.1899473303965,1.65799338843704,593.8953857421875,584.6362056003638,572.490200805664,533.3940393066406,475.5376780700684,184014005.27664185,68.76267748478702,76.8762677484787,63.69168356997972,70.4868154158215,0.9801192842942346,1.14023698859384,True,0.9820717131474104,71.58215010141988,True,True,True,True,True,True,True,True,True,True,True,True,True,True,,2024-07-18,593.8953341801681,565.5827814901929,28.312552689975178,2024-07-19,565.2937014758804,STOP_GAP,-0.0481593827366404,,-1.010210312629806,1,2024-07-16,503,493,493,413,83.77281947261663,484,421,86.98347107438018,0.9622266401590456,True,23204.25,19716.877265625,STRONG_MOMENTUM,POINT_IN_TIME,503,493,484,STRONG_MOMENTUM,MOMENTUM_ENABLED,True,True,True,0.9801192842942346,21836.4141015625,-1.0941158990576172,-1.1360686922715229,-1.1780214854854285,28.312552689975178,-1.010210312629806
CLEAN-2024-08-12,CLEAN,2024-08-02,2024-08-12,6,1634.6260986328125,66.3609043626126,68.25628685872267,1530.987913670257,1.5617355724426305,1621.2501220703125,1596.8269381333305,1527.1932556152344,1450.9599096679688,1395.9155096435547,336096760.7167969,84.78701825557809,79.71602434077079,55.172413793103445,73.87423935091277,0.9801192842942346,1.3475482142731592,True,0.9801192842942346,70.06085192697769,True,True,True,True,True,True,True,True,True,True,True,True,True,True,,2024-08-13,1632.4461399146596,1513.9238419555763,118.52229795908328,2024-08-20,1542.679472101485,SMA20,-0.0549890533098182,2024-08-19,-0.7573821074930888,4,2024-08-12,503,493,493,250,50.70993914807303,487,396,81.3141683778234,0.9681908548707754,True,22915.849609375,20230.586767578126,NORMAL,POINT_IN_TIME,503,493,487,NORMAL,MOMENTUM_ENABLED,True,True,True,0.9801192842942346,22576.21296875,-0.8124754078433156,-0.8400220580184282,-0.8675687081935407,118.52229795908329,-0.7573821074930907
COALINDIA-2023-12-22,COALINDIA,2023-12-19,2023-12-22,3,314.7489929199219,7.881256416266765,8.799628101691596,296.86501224356294,2.2691788887171254,311.5752868652344,306.0428514207612,300.2402282714844,278.5949783325196,214.27183753967284,3983040336.301529,63.26530612244898,89.38775510204081,89.79591836734694,81.6734693877551,0.9780439121756488,1.0468671254145443,True,0.9780439121756488,84.57142857142857,True,True,True,True,True,True,True,True,True,True,True,True,True,True,,2023-12-26,312.0470669200117,294.66510521814007,17.381961701871603,2024-01-19,326.50008608257934,SMA20,0.0463167922237592,2024-01-18,0.8314952828949934,18,2023-12-22,501,491,491,401,81.67006109979633,489,438,89.57055214723927,0.9760479041916168,True,19054.69921875,16496.604721679687,STRONG_MOMENTUM,POINT_IN_TIME,501,491,489,STRONG_MOMENTUM,MOMENTUM_ENABLED,True,True,True,0.9800399201596807,17773.596875,0.7596858813390317,0.7237811805610508,0.6878764797830699,17.381961701871603,0.8314952828949934
COCHINSHIP-2023-08-23,COCHINSHIP,2023-08-17,2023-08-23,4,426.1167907714844,18.03243550553904,20.127938306881127,397.6019697118249,1.5813072533047778,421.9806823730469,412.0297122907929,350.4271667480469,316.5930407714844,269.92427040100097,1136187819.88385,96.93251533742333,98.97750511247445,95.91002044989774,97.4437627811861,0.9741035856573704,4.131573319618941,True,0.9741035856573704,98.07770961145197,True,True,True,True,True,True,True,True,True,True,True,True,True,True,,2023-08-24,424.8029820033482,392.5699851351046,32.23299686824356,2023-09-25,491.63422181774206,SMA20,0.1573229064900188,2023-09-22,2.07337965152837,21,2023-08-23,502,492,491,351,71.4867617107943,483,404,83.64389233954451,0.9621513944223108,True,16950.25,15597.192260742188,STRONG_MOMENTUM,POINT_IN_TIME,502,491,483,STRONG_MOMENTUM,MOMENTUM_ENABLED,True,True,True,0.9780876494023905,16655.08609375,2.020663115893811,1.9943048480765317,1.967946580259252,32.23299686824356,2.07337965152837
COCHINSHIP-2024-01-16,COCHINSHIP,2024-01-10,2024-01-16,4,789.3307495117188,35.698817950264484,35.9227793478474,738.0065542391676,1.4377001318098517,778.8594360351562,777.7287476457302,682.7617797851562,610.2947674560547,414.210396194458,3304296557.406128,96.93877551020408,95.10204081632652,98.9795918367347,96.81632653061224,0.9780439121756488,1.5836803304491698,True,0.9780439121756488,96.46938775510203,True,True,True,True,True,True,True,True,True,True,True,True,True,True,,2024-01-17,779.6951446607284,729.0258594022057,50.66928525852268,2024-02-13,806.9841955297613,SMA20,0.0349996419189032,2024-02-12,0.5385718533387618,17,2024-01-16,501,491,491,405,82.4847250509165,489,433,88.5480572597137,0.9760479041916168,True,19827.55078125,16867.82098144531,STRONG_MOMENTUM,POINT_IN_TIME,501,491,489,STRONG_MOMENTUM,MOMENTUM_ENABLED,True,True,True,0.9800399201596807,18500.753984375,0.4770201546571956,0.4462443053164125,0.41546845597562937,50.66928525852268,0.5385718533387618
COCHINSHIP-2024-01-25,COCHINSHIP,2024-01-19,2024-01-25,3,859.041259765625,41.879348344698485,43.72032807666712,782.890716956252,1.8183316078033689,856.9765014648438,840.1634130475571,743.0332977294922,651.9830102539063,433.0575547790528,2905957419.597656,95.10204081632652,97.14285714285714,98.36734693877553,96.89795918367346,0.9780439121756488,0.6001154173070653,True,0.9780439121756488,97.93877551020408,True,True,True,True,True,True,True,True,True,True,True,True,True,True,,2024-01-29,863.2198782982908,771.9606349370853,91.25924336120556,2024-02-13,806.9841955297613,SMA20,-0.065146417711545,2024-02-12,-0.6162190337908868,11,2024-01-25,501,491,491,321,65.37678207739307,489,407,83.23108384458078,0.9760479041916168,True,19393.0,17020.314487304688,STRONG_MOMENTUM,POINT_IN_TIME,501,491,489,STRONG_MOMENTUM,MOMENTUM_ENABLED,True,True,True,0.9800399201596807,18777.58796875,-0.6540549766063078,-0.6729729480140184,-0.6918909194217289,91.25924336120556,-0.6162190337908868
COCHINSHIP-2024-02-08,COCHINSHIP,2024-01-31,2024-02-08,6,896.8953247070312,43.68982332555747,40.8999484520857,848.7174133633391,1.1027261654205234,896.1088256835938,881.9503241309632,839.6766754150391,713.7981799316407,461.8507403564453,3310346437.6389465,96.53061224489797,96.12244897959184,98.57142857142858,96.9795918367347,0.9780439121756488,1.020410887668251,True,0.9780439121756488,97.38775510204084,True,True,True,True,True,True,True,True,True,True,True,True,True,True,,2024-02-09,900.1399517458204,838.4924262503177,61.64752549550269,2024-02-12,838.4924262503177,STOP_INTRADAY,-0.0684866007512913,,-1.0,1,2024-02-08,501,491,491,324,65.9877800407332,489,392,80.16359918200409,0.9760479041916168,True,19987.55078125,17246.9894921875,STRONG_MOMENTUM,POINT_IN_TIME,501,491,489,STRONG_MOMENTUM,MOMENTUM_ENABLED,True,True,True,0.9800399201596807,19197.8930078125,-1.0584055852695329,-1.0876083779042993,-1.1168111705390658,61.64752549550269,-1.0
COCHINSHIP-2024-04-16,COCHINSHIP,2024-04-08,2024-04-16,5,1126.5201416015625,54.00016496034937,54.76702628323024,1011.0251612638408,2.138789398560655,1089.1571044921875,1071.0431090297734,975.2958282470704,896.4952319335938,602.8022857666016,3884745404.043396,99.59016393442624,94.05737704918032,97.74590163934424,96.82377049180327,0.9740518962075848,1.1077902294858433,True,0.9720558882235528,98.48049281314168,True,True,True,True,True,True,True,True,True,True,True,True,True,True,,2024-04-18,1105.592810303625,997.3334046930332,108.25940561059168,2024-05-14,1224.0491974640056,SMA20,0.1071428703736319,2024-05-13,1.0941902598880646,17,2024-04-16,501,493,492,272,55.28455284552846,479,366,76.40918580375782,0.9560878243512974,True,20423.0,18253.716274414062,NORMAL,POINT_IN_TIME,501,492,479,NORMAL,MOMENTUM_ENABLED,True,True,True,0.9820359281437125,20180.94515625,1.0533404952300012,1.0329156129009696,1.0124907305719377,108.25940561059167,1.0941902598880646
COCHINSHIP-2024-06-03,COCHINSHIP,2024-05-29,2024-06-03,3,1992.0909423828125,124.56861779285823,124.18140610513387,1876.546612695375,0.927555685650884,1987.10595703125,1984.144498431196,1570.3688842773438,1272.6667639160155,780.4121546936035,14054598277.419497,99.3877551020408,100.0,100.0,99.81632653061224,0.9780439121756488,0.6167152292818172,True,0.9780439121756488,99.87755102040816,True,True,True,True,True,True,True,True,True,True,True,True,True,True,,2024-06-04,1983.15735582638,1845.5012611690915,137.65609465728835,2024-06-04,1845.5012611690915,STOP_INTRADAY,-0.0694125931322919,,-1.0,0,2024-06-03,501,493,493,303,61.4604462474645,480,347,72.29166666666667,0.9580838323353292,True,21797.400390625,18918.27002929688,STRONG_MOMENTUM,POINT_IN_TIME,501,493,480,STRONG_MOMENTUM,MOMENTUM_ENABLED,True,True,True,0.9840319361277445,20707.5680859375,-1.0576264308751078,-1.0864396463126615,-1.1152528617502155,137.65609465728835,-1.0
COFORGE-2023-09-15,COFORGE,2023-09-06,2023-09-15,7,1088.9212646484375,32.0006551701289,28.92509497932169,1039.0976000873436,1.5569576402798757,1087.6243896484375,1072.3426592960998,1040.4786468505858,978.9578515625,843.6329507446289,2326805004.175415,77.9591836734694,73.87755102040816,71.83673469387755,74.48979591836735,0.9780439121756488,1.0263199960925184,True,0.9760956175298804,73.71428571428572,True,True,True,True,True,True,True,True,True,True,True,True,True,True,,2023-09-18,1082.610779866152,1031.8663263425133,50.74445352363864,2023-09-21,1044.381887922539,SMA20,-0.0353117599183147,2023-09-20,-0.7533609939420193,2,2023-09-15,501,491,491,409,83.29938900203666,488,452,92.62295081967213,0.9740518962075848,True,17665.80078125,15738.055517578125,STRONG_MOMENTUM,POINT_IN_TIME,501,491,488,STRONG_MOMENTUM,MOMENTUM_ENABLED,True,True,True,0.9800399201596807,16987.11109375,-0.8386992490371761,-0.8813683765847546,-0.9240375041323331,50.74445352363864,-0.7533609939420193
COHANCE-2023-10-20,COHANCE,2023-10-12,2023-10-20,6,589.9500122070312,16.391278757574504,17.219763494557302,564.8499755859375,1.531304359612265,589.0999755859375,576.0999755859375,564.8725006103516,537.02,495.0449995422363,150050126.0,87.75510204081633,79.79591836734694,48.36734693877551,72.75510204081633,0.9780439121756488,3.2304217217271467,True,0.9780439121756488,73.51020408163265,True,True,True,True,True,True,True,True,True,True,True,True,True,True,,2023-10-23,588.0499877929688,560.5450347122982,27.50495308067059,2023-10-23,560.5450347122982,STOP_INTRADAY,-0.046773154751521,,-1.0,0,2023-10-20,501,491,491,267,54.37881873727088,489,420,85.88957055214725,0.9760479041916168,True,17208.75,15919.529750976562,NORMAL,POINT_IN_TIME,501,491,489,NORMAL,MOMENTUM_ENABLED,True,True,True,0.9800399201596807,17199.84796875,-1.0855191406534306,-1.1282787109801458,-1.1710382813068612,27.50495308067059,-1.0
COHANCE-2024-07-23,COHANCE,2024-07-18,2024-07-23,3,872.2999877929688,32.368391858838514,35.239601306010364,815.0499877929688,1.7687007822221268,867.0999755859375,852.0,819.464990234375,723.2439953613281,662.4277474975586,263900177.09277344,97.16024340770792,88.64097363083164,56.99797160243407,81.70385395537525,0.9801192842942346,1.0523550372634003,True,0.9801192842942346,78.84381338742395,True,True,True,True,True,True,True,True,True,True,True,True,True,True,,2024-07-24,855.4000244140625,806.2400874664662,49.15993694759629,2024-09-30,1164.6500244140625,SMA20,0.3615267607828654,2024-09-27,6.29069155091992,47,2024-07-23,503,493,493,335,67.95131845841786,485,404,83.29896907216495,0.9642147117296224,True,22865.19921875,19826.073515625,STRONG_MOMENTUM,POINT_IN_TIME,503,493,485,STRONG_MOMENTUM,MOMENTUM_ENABLED,True,True,True,0.9801192842942346,22022.830078125,6.221090157791535,6.186289461227343,6.151488764663151,49.15993694759629,6.29069155091992
COHANCE-2024-09-19,COHANCE,2024-09-13,2024-09-19,4,1208.0,49.14362636335129,52.0910106124199,1134.949951171875,1.4864602845548625,1179.5,1167.5,1135.525,1017.1819970703124,760.7862469482421,331147928.5925293,93.50912778904666,98.98580121703854,95.33468559837728,96.2474645030426,0.9840319361277444,8.937276192284738,True,0.9820717131474104,97.16024340770792,True,True,True,True,True,True,True,True,True,True,True,True,True,True,,2024-09-20,1189.949951171875,1121.92719851877,68.02275265310504,2024-09-30,1164.6500244140625,SMA20,-0.0212613368595014,2024-09-27,-0.3719332983602455,6,2024-09-19,501,494,493,272,55.172413793103445,489,388,79.34560327198365,0.9760479041916168,True,23853.94921875,21089.112783203123,NORMAL,POINT_IN_TIME,501,493,489,NORMAL,MOMENTUM_ENABLED,True,True,True,0.9840319361277445,23319.594921875,-0.44190694128176916,-0.476893762742531,-0.5118805842032929,68.02275265310504,-0.3719332983602455
COLPAL-2023-12-22,COLPAL,2023-12-19,2023-12-22,3,2292.200927734375,46.83862735347384,47.65112150533658,2229.1337835421286,1.3464772081449332,2278.99072265625,2277.8546095059432,2193.274609375,2067.36396484375,1738.1853466796874,655909729.9970703,70.0,79.38775510204081,80.61224489795919,76.93877551020408,0.9780439121756488,0.4066419172996705,True,0.9780439121756488,78.20408163265307,True,True,True,True,True,True,True,True,True,True,True,True,True,True,,2023-12-26,2278.990310888725,2217.221003165794,61.76930772293099,2024-01-11,2272.646141174918,SMA20,-0.0027837633549803,2024-01-10,-0.1027074763774978,12,2023-12-22,501,491,491,401,81.67006109979633,489,438,89.57055214723927,0.9760479041916168,True,19054.69921875,16496.604721679687,STRONG_MOMENTUM,POINT_IN_TIME,501,491,489,STRONG_MOMENTUM,MOMENTUM_ENABLED,True,True,True,0.9800399201596807,17773.596875,-0.2502882341940652,-0.3240786131023489,-0.3978689920106326,61.76930772293099,-0.10270747637749789
COLPAL-2024-01-04,COLPAL,2023-12-29,2024-01-04,3,2395.513427734375,49.95310530556693,46.95412183188992,2330.457630491725,1.3023373991406288,2369.709228515625,2369.5195652516613,2286.234875488281,2134.757961425781,1777.2730932617187,605739798.5407715,63.6734693877551,77.55102040816327,76.73469387755102,73.14285714285714,0.9780439121756488,1.3028885012974858,True,0.9780439121756488,77.40816326530613,True,True,True,True,True,True,True,True,True,True,True,True,True,True,,2024-01-05,2372.123690025035,2318.7191000337525,53.40458999128259,2024-01-09,2318.7191000337525,STOP_INTRADAY,-0.0225134086455327,,-1.0,2,2024-01-04,501,491,491,431,87.78004073319755,489,446,91.20654396728015,0.9760479041916168,True,19541.25,16658.041723632814,STRONG_MOMENTUM,POINT_IN_TIME,501,491,489,STRONG_MOMENTUM,MOMENTUM_ENABLED,True,True,True,0.9800399201596807,18050.964921875,-1.1776718960233377,-1.2665078440350064,-1.3553437920466753,53.40458999128259,-1.0
COLPAL-2024-09-20,COLPAL,2024-09-09,2024-09-20,9,3533.41357421875,63.47194728711042,66.26278202820626,3437.395697875668,1.5127608407656434,3512.73193359375,3504.3347501263715,3489.0153930664064,3312.438295898437,2706.1110571289064,1342010224.1589355,50.91277890466531,90.26369168356996,65.92292089249493,71.15618661257606,0.9840319361277444,3.0400358774706384,True,0.9820717131474104,78.07302231237323,True,True,True,True,True,True,True,True,True,True,True,True,True,True,,2024-09-23,3514.363421566666,3420.8300023686165,93.5334191980496,2024-10-11,3512.3960270330467,SMA20,-0.0005598153342782,2024-10-10,-0.021034134649281,13,2024-09-20,501,494,493,281,56.99797160243407,489,392,80.16359918200409,0.9760479041916168,True,24193.80078125,21121.88478515625,NORMAL,POINT_IN_TIME,501,493,489,NORMAL,MOMENTUM_ENABLED,True,True,True,0.9840319361277445,23343.9179296875,-0.17132751435029595,-0.24647420420080338,-0.32162089405131083,93.53341919804961,-0.02103413464928107
CONCOR-2024-02-14,CONCOR,2024-02-08,2024-02-14,4,919.9246826171876,31.10171555586245,33.81418812513182,864.9236961592969,1.768422914134821,909.0889892578124,903.2841499277728,861.2669006347656,841.6239111328125,704.3647525024414,1694803371.475983,72.24489795918367,73.46938775510205,67.9591836734694,71.44897959183673,0.9780439121756488,0.7488099952850132,True,0.9780439121756488,70.12244897959184,True,True,True,True,True,True,True,True,True,True,True,True,True,True,,2024-02-15,918.1348371141282,856.470149128014,61.664687986114245,2024-02-29,921.2307359727008,SMA20,0.0033719435680095,2024-02-28,0.050205376199578,10,2024-02-14,501,491,491,281,57.23014256619145,489,380,77.70961145194273,0.9760479041916168,True,19922.30078125,17346.2194921875,NORMAL,POINT_IN_TIME,501,491,489,NORMAL,MOMENTUM_ENABLED,True,True,True,0.9800399201596807,19359.1840234375,-0.009351226913104301,-0.039129528469446416,-0.06890783002578853,61.664687986114245,0.05020537619957992
CONCOR-2024-05-03,CONCOR,2024-04-26,2024-05-03,4,1033.2645263671875,33.32577121267595,33.064125572417915,991.0342399433168,1.2671960734042291,1024.99267578125,1021.219480918042,936.930551147461,915.471434326172,778.8912216186524,1864403184.7960813,90.3688524590164,82.58196721311475,73.36065573770492,82.15163934426229,0.9740518962075848,1.3447346103375868,True,0.9740518962075848,83.34016393442623,True,True,True,True,True,True,True,True,True,True,True,True,True,True,,2024-05-06,1034.2320115818698,982.7682085502124,51.463803031657335,2024-05-07,982.7682085502124,STOP_INTRADAY,-0.0497604042954954,,-1.0,1,2024-05-03,501,493,492,350,71.13821138211382,479,374,78.07933194154488,0.9560878243512974,True,20959.55078125,18499.69776367188,STRONG_MOMENTUM,POINT_IN_TIME,501,492,479,STRONG_MOMENTUM,MOMENTUM_ENABLED,True,True,True,0.9820359281437125,20372.7720703125,-1.0803851989675675,-1.1205777984513512,-1.1607703979351351,51.463803031657335,-1.0
CONCORDBIO-2024-12-11,CONCORDBIO,2024-12-05,2024-12-11,4,2171.41845703125,79.9628920322384,81.43145239103988,2045.6779036391044,1.5724863145451409,2167.81298828125,2083.755744249317,2031.11103515625,1931.3814477539063,1674.1820092773437,146686885.8413086,96.35627530364371,88.8663967611336,92.71255060728744,92.26720647773278,0.988,1.3721198615145846,True,0.988,94.06882591093115,True,True,True,True,True,True,True,True,True,True,True,True,True,True,,2024-12-12,2172.406196505745,2025.3200405413445,147.0861559644004,2024-12-17,2025.3200405413445,STOP_INTRADAY,-0.067706562520851,,-1.0,3,2024-12-11,500,496,496,317,63.91129032258065,488,309,63.31967213114754,0.976,True,23358.150390625,22176.7980078125,STRONG_MOMENTUM,POINT_IN_TIME,500,496,488,STRONG_MOMENTUM,MOMENTUM_ENABLED,True,True,True,0.992,22962.5919140625,-1.0590784681878977,-1.0886177022818464,-1.1181569363757953,147.0861559644004,-1.0
COROMANDEL-2024-08-30,COROMANDEL,2024-08-22,2024-08-30,6,1760.4786376953125,53.52686575288224,46.27633034489836,1685.871769887549,1.3938209674409432,1737.454345703125,1720.803644217661,1690.6123779296877,1622.4947094726565,1275.0210485839843,660015413.6066284,76.47058823529412,87.62677484787018,93.91480730223124,86.16632860040568,0.9820717131474104,0.791338099283103,True,0.9801192842942346,90.91277890466532,True,True,True,True,True,True,True,True,True,True,True,True,True,True,,2024-09-02,1737.4541397125502,1674.302687301324,63.151452411226046,2024-09-05,1712.2064425390456,SMA20,-0.0145314322815344,2024-09-04,-0.3997959858325668,3,2024-08-30,502,493,493,299,60.649087221095336,488,408,83.60655737704919,0.9721115537848606,True,23734.55078125,20639.52029296875,STRONG_MOMENTUM,POINT_IN_TIME,502,493,488,STRONG_MOMENTUM,MOMENTUM_ENABLED,True,True,True,0.9820717131474104,23003.3959375,-0.5098459734970592,-0.5648709673293054,-0.6198959611615515,63.151452411226046,-0.39979598583256687
CRAFTSMAN-2023-08-22,CRAFTSMAN,2023-08-17,2023-08-22,3,4876.76953125,142.92166423410805,144.89101830442488,4693.417904826552,1.28288197178501,4822.56982421875,4802.363647168934,4701.3040771484375,4351.402641601562,3544.7400646972656,143006259.40234375,68.9161554192229,92.22903885480572,82.20858895705521,82.22903885480574,0.9741035856573704,0.7664987279892254,True,0.9741035856573704,85.72597137014316,True,True,True,True,True,True,True,True,True,True,True,True,True,True,,2023-08-23,4877.764596286042,4657.195150250446,220.56944603559623,2023-09-08,4829.189434489875,SMA20,-0.0099584883274508,2023-09-07,-0.2202261585601868,12,2023-08-22,502,492,491,336,68.43177189409369,483,401,83.02277432712215,0.9621513944223108,True,16905.25,15590.128012695312,STRONG_MOMENTUM,POINT_IN_TIME,502,491,483,STRONG_MOMENTUM,MOMENTUM_ENABLED,True,True,True,0.9780876494023905,16634.6630859375,-0.30868382455076737,-0.3529126575460577,-0.397141490541348,220.56944603559623,-0.2202261585601868
CRAFTSMAN-2023-08-31,CRAFTSMAN,2023-08-24,2023-08-31,5,4928.330078125,141.50304685216403,134.95772478813367,4770.411544058043,1.11600801240657,4895.43310546875,4868.806045255881,4781.438037109375,4475.7330322265625,3601.7242602539063,131869566.21972656,66.53061224489795,85.51020408163265,78.16326530612245,77.61224489795919,0.9760956175298804,3.5275855756910124,True,0.9741035856573704,82.20858895705521,True,True,True,True,True,True,True,True,True,True,True,True,True,True,,2023-09-01,4915.240955238815,4736.672112861009,178.5688423778065,2023-09-08,4829.189434489875,SMA20,-0.0175070808394905,2023-09-07,-0.4818954953343843,5,2023-08-31,502,492,491,365,74.33808553971487,483,421,87.16356107660455,0.9621513944223108,True,16924.30078125,15638.749018554689,STRONG_MOMENTUM,POINT_IN_TIME,502,491,483,STRONG_MOMENTUM,MOMENTUM_ENABLED,True,True,True,0.9780876494023905,16749.742109375,-0.5919984873186054,-0.647049983310716,-0.7021014793028265,178.5688423778065,-0.48189549533438436
CRAFTSMAN-2024-09-04,CRAFTSMAN,2024-08-26,2024-09-04,7,6250.84716796875,250.64780738719944,241.6179121227672,5773.083725082613,1.9061145910927155,6007.150390625,5925.5685930981945,5676.684790039062,5507.8478125,4798.694692382813,256613858.7055664,87.62677484787018,86.81541582150102,80.73022312373224,85.23326572008114,0.9820717131474104,1.7110097263706086,True,0.9801192842942346,90.85192697768764,True,True,True,True,True,True,True,True,True,True,True,True,True,True,,2024-09-05,6071.267837225389,5712.67924705192,358.5885901734682,2024-10-04,6297.001868253471,SMA20,0.037180707074726,2024-10-03,0.6295070094641968,20,2024-09-04,502,493,493,295,59.83772819472617,489,408,83.43558282208589,0.9741035856573704,True,23748.900390625,20740.75478515625,NORMAL,POINT_IN_TIME,502,493,489,NORMAL,MOMENTUM_ENABLED,True,True,True,0.9820717131474104,23092.7489453125,0.561782960193266,0.5279209355578006,0.4940589109223353,358.5885901734682,0.6295070094641968
CRAFTSMAN-2024-09-12,CRAFTSMAN,2024-09-05,2024-09-12,5,6349.34423828125,254.47233185527045,249.27707719305292,5889.343641314726,1.807664486008432,6099.859375,6019.524822423914,5917.018774414062,5576.23568359375,4833.744650878906,323374593.70288086,85.19269776876268,93.71196754563894,82.75862068965517,87.87018255578094,0.9820717131474104,0.7431474894914315,True,0.9820717131474104,91.947261663286,True,True,True,True,True,True,True,True,True,True,True,True,True,True,,2024-09-13,6165.572958820693,5827.024372016463,338.5485868042306,2024-10-04,6297.001868253471,SMA20,0.0213165767902804,2024-10-03,0.3882128431650432,14,2024-09-12,502,494,493,292,59.2292089249493,489,398,81.39059304703477,0.9741035856573704,True,23907.349609375,20931.13103515625,NORMAL,POINT_IN_TIME,502,493,489,NORMAL,MOMENTUM_ENABLED,True,True,True,0.9820717131474104,23223.0479296875,0.3153657163520638,0.27894215294557406,0.2425185895390843,338.5485868042306,0.38821284316504323
CRAFTSMAN-2026-02-18,CRAFTSMAN,2026-02-11,2026-02-18,5,8109.1044921875,293.9547988348673,275.47903970268425,7643.672689874952,1.5833448004841382,7984.75634765625,7834.93903671103,7685.896044921875,7496.602021484375,6585.200249023437,370534154.8569336,68.67469879518072,95.38152610441767,77.10843373493977,81.88755020080322,0.994011976047904,1.0340450554575502,True,0.9920159680638724,85.63380281690141,True,True,True,True,True,True,True,True,True,True,True,True,True,True,,2026-02-19,7980.261726149579,7574.802929949281,405.4587962002979,2026-02-26,7785.49946679146,SMA20,-0.0244054977194451,2026-02-25,-0.4803503122470327,5,2026-02-18,501,499,449,232,51.67037861915368,444,181,40.76576576576576,0.8862275449101796,True,23645.80078125,23254.83354492188,NORMAL,POINT_IN_TIME,501,449,444,NORMAL,MOMENTUM_ENABLED,True,True,True,0.8962075848303394,23518.3460546875,-0.5590785263189484,-0.5984426333549063,-0.6378067403908642,405.4587962002979,-0.4803503122470327
CRAFTSMAN-2026-08-12,CRAFTSMAN,2026-08-06,2026-08-12,4,10555.0,323.9234503758333,336.9989500776805,10200.0,1.0959379433261471,10511.0,10404.0,9824.825,9475.00345703125,7973.616335449219,402237013.75,92.0,88.8,88.4,89.64,1.0,1.8190517505358783,True,1.0,88.76,True,True,True,True,True,True,True,True,True,True,True,True,True,True,,2026-08-13,10620.0,10115.75026248058,504.2497375194198,2026-08-26,10419.0,SMA20,-0.0189265536723163,2026-08-25,-0.3986120071946671,9,2026-08-12,500,500,500,287,57.4,420,243,57.85714285714286,0.84,True,23672.44921875,23085.996064453124,NORMAL,POINT_IN_TIME,500,500,420,NORMAL,MOMENTUM_ENABLED,True,True,True,1.0,23137.885,-0.4828559776704357,-0.5249779629083199,-0.5670999481462042,504.2497375194198,-0.39861200719466716
CRISIL-2024-02-29,CRISIL,2024-02-21,2024-02-29,6,4882.36669921875,172.30879984339495,163.8112067080522,4614.520254988675,1.5544559794596116,4837.38818359375,4748.540124103839,4504.582836914063,4194.06453125,3890.5596484375,136049161.07922363,97.9633401221996,60.4887983706721,59.063136456211815,71.30346232179227,0.9800399201596808,1.5966008986130102,True,0.9780439121756488,72.18367346938776,True,True,True,True,True,True,True,True,True,True,True,True,True,True,,2024-03-01,4878.075917616348,4573.567453311663,304.50846430468573,2024-03-14,4708.8157411141565,SMA20,-0.0346981431533152,2024-03-13,-0.555847197511177,8,2024-02-29,501,491,491,264,53.76782077393075,490,373,76.12244897959184,0.9780439121756488,True,20090.05078125,17593.744506835938,NORMAL,POINT_IN_TIME,501,491,490,NORMAL,MOMENTUM_ENABLED,True,True,True,0.9800399201596807,19667.91609375,-0.6199252313189392,-0.6519642482228202,-0.6840032651267013,304.50846430468573,-0.555847197511177
CROMPTON-2024-09-10,CROMPTON,2024-08-30,2024-09-10,7,467.2217102050781,13.88893818204471,13.163208805709363,447.9275836071922,1.389172184726756,457.3298034667969,456.7421636851736,450.7213073730469,432.6128717041016,340.8967245483398,1146272935.704559,69.77687626774848,64.50304259634888,91.27789046653145,74.11764705882352,0.9820717131474104,1.1570289187112666,True,0.9820717131474104,79.81744421906694,True,True,True,True,True,True,True,True,True,True,True,True,True,True,,2024-09-11,459.337541897719,444.6367814057649,14.7007604919541,2024-09-12,453.5101281380958,SMA20,-0.0126865610321065,2024-09-11,-0.3964021972069139,1,2024-09-10,502,494,493,279,56.5922920892495,489,403,82.41308793456032,0.9741035856573704,True,23643.650390625,20868.0712890625,NORMAL,POINT_IN_TIME,502,493,489,NORMAL,MOMENTUM_ENABLED,True,True,True,0.9820717131474104,23182.3839453125,-0.5213855386195217,-0.5838772093258257,-0.6463688800321297,14.7007604919541,-0.39640219720691394
CUB-2025-10-13,CUB,2025-10-06,2025-10-13,5,163.89950561523438,4.191441818188914,4.238813020905662,157.30874812501287,1.572432059445672,161.76698303222656,160.91992484397966,157.05946044921876,155.06640563964845,138.44698760986327,339944511.0005722,88.64097363083164,70.18255578093306,79.91886409736308,78.64097363083164,0.9840319361277444,1.0332622355985337,True,0.9840319361277444,80.52738336713996,True,True,True,True,True,True,True,True,True,True,True,True,True,True,,2025-10-14,162.695779669223,156.24904486978645,6.446734799436541,2025-12-09,197.0538946589708,SMA20,0.2111801243990551,2025-12-08,5.329537519171837,38,2025-10-13,501,498,498,260,52.20883534136546,481,292,60.70686070686071,0.9600798403193612,True,23294.80078125,22259.774775390622,NORMAL,POINT_IN_TIME,501,498,481,NORMAL,MOMENTUM_ENABLED,True,True,True,0.9940119760479041,22966.4270703125,5.228589808598456,5.178115953311763,5.127642098025071,6.446734799436541,5.329537519171842
CUMMINSIND-2024-03-04,CUMMINSIND,2024-02-23,2024-03-04,6,2717.21875,79.46661607789932,84.0872024706334,2561.7323506672114,1.956625398272512,2690.10400390625,2671.2063388530887,2544.244189453125,2213.286884765625,1843.9523620605469,1308524209.8289795,97.75967413441956,91.0386965376782,84.928716904277,91.22199592668024,0.9800399201596808,1.5301381956135771,True,0.9800399201596808,90.77393075356416,True,True,True,True,True,True,True,True,True,True,True,True,True,True,,2024-03-05,2689.959314544455,2540.710550049553,149.24876449490193,2024-03-14,2574.588786435762,SMA20,-0.0428893208476765,2024-03-13,-0.7730082624076532,6,2024-03-04,501,491,491,277,56.41547861507128,490,377,76.93877551020408,0.9780439121756488,True,20432.05078125,17642.903266601563,NORMAL,POINT_IN_TIME,501,491,490,NORMAL,MOMENTUM_ENABLED,True,True,True,0.9800399201596807,19717.54109375,-0.8451015711502214,-0.8811482255215056,-0.9171948798927897,149.24876449490193,-0.7730082624076532
CUMMINSIND-2024-04-10,CUMMINSIND,2024-04-03,2024-04-10,5,2947.5244140625,78.78672124647203,75.59978224147251,2825.097544889225,1.553902323086667,2900.883056640625,2894.503530294702,2800.5349609375,2616.5114501953126,1978.722360839844,1532578989.5621338,74.79508196721312,96.31147540983606,90.77868852459017,88.19672131147541,0.9740518962075848,1.031807183033404,True,0.9700598802395208,93.10699588477368,True,True,True,True,True,True,True,True,True,True,True,True,True,True,,2024-04-12,2929.9311929822293,2806.197599328857,123.73359365337228,2024-05-31,3472.9498841615896,SMA20,0.1853349636605796,2024-05-30,4.388611654653584,32,2024-04-10,501,493,492,344,69.91869918699187,479,382,79.74947807933194,0.9560878243512974,True,20915.19921875,18187.38927734375,STRONG_MOMENTUM,POINT_IN_TIME,501,492,479,STRONG_MOMENTUM,MOMENTUM_ENABLED,True,True,True,0.9820359281437125,20121.5771484375,4.293894250706192,4.2465355487324965,4.1991768467588,123.73359365337228,4.388611654653584
CUMMINSIND-2024-07-04,CUMMINSIND,2024-06-27,2024-07-04,5,3967.296875,151.309694125148,142.60432264809316,3755.6963686435615,1.3984596795326485,3928.77587890625,3845.35340283472,3715.45703125,3524.5083349609376,2458.137495727539,3374779430.883789,82.1501014198783,85.39553752535497,96.75456389452332,87.82961460446246,0.9820717131474104,1.21963972925632,True,0.9780876494023903,80.69246435845214,True,True,True,True,True,True,True,True,True,True,True,True,True,True,,2024-07-05,3957.485412863412,3720.0452879815393,237.44012488187263,2024-07-15,3837.6203072439575,SMA20,-0.0302881989734806,2024-07-12,-0.5048224502033419,6,2024-07-04,502,493,493,418,84.78701825557809,484,418,86.36363636363636,0.9641434262948207,True,22914.19921875,19492.55326171875,STRONG_MOMENTUM,POINT_IN_TIME,502,493,484,STRONG_MOMENTUM,MOMENTUM_ENABLED,True,True,True,0.9820717131474104,21488.5041015625,-0.5714916437919534,-0.604826240586259,-0.6381608373805648,237.44012488187263,-0.5048224502033419
CYIENT-2023-08-14,CYIENT,2023-08-07,2023-08-14,5,1564.69775390625,50.18840697756216,49.97584831091168,1444.391416444363,2.397094163910656,1480.9503173828125,1478.4718654466687,1436.502734375,1404.4381079101563,1027.1611019897462,379088259.2043457,75.4601226993865,81.18609406952966,96.52351738241308,84.06952965235175,0.9741035856573704,0.7702308174989949,True,0.9741035856573704,89.93865030674847,True,True,True,True,True,True,True,True,True,True,True,True,True,True,,2023-08-16,1488.576697780798,1431.897454366635,56.67924341416301,2023-09-20,1595.8229415970277,SMA20,0.0720461659625027,2023-09-18,1.8921608221296584,24,2023-08-14,502,491,491,328,66.80244399185335,483,395,81.78053830227742,0.9621513944223108,True,16825.55078125,15550.610004882812,STRONG_MOMENTUM,POINT_IN_TIME,502,491,483,STRONG_MOMENTUM,MOMENTUM_ENABLED,True,True,True,0.9780876494023905,16542.1180859375,1.7871081356000544,1.7345817923352522,1.6820554490704502,56.67924341416301,1.8921608221296584
DATAPATTNS-2023-08-31,DATAPATTNS,2023-08-22,2023-08-31,7,2384.691162109375,86.50530875731229,88.42428113917309,2218.9408279719987,1.916071239077168,2355.155029296875,2331.575605863141,2189.789337158203,2042.0656518554688,1568.189051208496,380743231.9790039,92.44897959183672,91.63265306122447,96.93877551020408,93.46938775510203,0.9760956175298804,3.3172208810683337,True,0.9741035856573704,93.94683026584867,True,True,True,True,True,True,True,True,True,True,True,True,True,True,,2023-09-01,2371.8342374352046,2196.8347576872056,174.99947974799898,2023-09-07,2253.3417051522038,SMA20,-0.0499581844349855,2023-09-06,-0.6771021974101394,4,2023-08-31,502,492,491,365,74.33808553971487,483,421,87.16356107660455,0.9621513944223108,True,16924.30078125,15638.749018554689,STRONG_MOMENTUM,POINT_IN_TIME,502,491,483,STRONG_MOMENTUM,MOMENTUM_ENABLED,True,True,True,0.9780876494023905,16749.742109375,-0.7313157125783116,-0.7584224701623988,-0.7855292277464863,174.99947974799898,-0.6771021974101369
DATAPATTNS-2024-04-22,DATAPATTNS,2024-04-10,2024-04-22,6,2985.393798828125,155.787099254829,157.932091056116,2621.030679898396,2.338852964543112,2888.1474609375,2879.162489282329,2627.781884765625,2398.285849609375,2102.10899230957,708608523.454834,94.05737704918032,97.1311475409836,73.97540983606558,89.26229508196721,0.9740518962075848,2.584880135616181,True,0.9740518962075848,87.25409836065575,True,True,True,True,True,True,True,True,True,True,True,True,True,True,,2024-04-23,2898.9694529874923,2581.547657134367,317.42179585312533,2024-05-07,2812.643990917365,SMA20,-0.0297779826486841,2024-05-06,-0.2719582057625009,9,2024-04-22,501,493,492,278,56.50406504065041,479,367,76.61795407098121,0.9560878243512974,True,20574.849609375,18317.231513671875,NORMAL,POINT_IN_TIME,501,492,479,NORMAL,MOMENTUM_ENABLED,True,True,True,0.9820359281437125,20216.8351171875,-0.30848965370792175,-0.32675537768063134,-0.34502110165334104,317.42179585312533,-0.2719582057625024
DEEPAKFERT-2024-07-22,DEEPAKFERT,2024-07-15,2024-07-22,4,764.8194580078125,34.4422842749994,34.89593158539329,717.9079045064304,1.3620337468567298,759.536376953125,747.8452267612346,719.9281677246094,626.2166271972657,593.7036103820801,1382573789.7666626,75.65922920892496,93.30628803245436,53.34685598377283,76.02434077079108,0.9801192842942346,0.851861410526195,True,0.9801192842942346,78.64097363083164,True,True,True,True,True,True,True,True,True,True,True,True,True,True,,2024-07-23,759.5363518278925,709.1839216100822,50.352430217810365,2024-09-12,1016.8328390656986,SMA20,0.3387546713446946,2024-09-11,5.109911996795672,36,2024-07-22,503,493,493,364,73.83367139959432,484,409,84.50413223140497,0.9622266401590456,True,22942.650390625,19798.26501953125,STRONG_MOMENTUM,POINT_IN_TIME,503,493,484,STRONG_MOMENTUM,MOMENTUM_ENABLED,True,True,True,0.9801192842942346,21972.422109375,5.049574384605568,5.019405578510514,4.989236772415461,50.352430217810365,5.109911996795672
DELHIVERY-2025-07-15,DELHIVERY,2025-07-09,2025-07-15,4,421.2999877929688,11.10581051854672,10.943836302471626,404.0499877929688,1.5532409787824557,417.5499877929688,411.9500122070313,389.0074981689453,364.57599853515626,335.0512993621826,1066232041.4517976,93.96378269617706,98.99396378269618,82.897384305835,92.65593561368208,0.994,0.8283311015960637,True,0.9920159680638724,93.64185110663983,True,True,True,True,True,True,True,True,True,True,True,True,True,True,,2025-07-16,418.6000061035156,401.3140287173508,17.285977386164802,2025-07-31,406.9500122070313,SMA20,-0.0278308498008082,2025-07-30,-0.6739563309743014,11,2025-07-15,500,497,497,370,74.44668008048289,479,310,64.71816283924844,0.958,True,23449.150390625,22285.705234375,STRONG_MOMENTUM,POINT_IN_TIME,500,497,479,STRONG_MOMENTUM,MOMENTUM_ENABLED,True,True,True,0.994,23003.283984375,-0.770820973742731,-0.8192532951269474,-0.8676856165111638,17.285977386164802,-0.6739563309742981
DELHIVERY-2025-10-28,DELHIVERY,2025-10-21,2025-10-28,4,476.5499877929688,12.80458475347898,12.058199315611136,462.2999877929688,1.112882633396472,475.7999877929688,474.0,462.5149978637695,466.8189996337891,367.2162996673584,1203753921.045822,72.81947261663286,83.36713995943205,96.34888438133872,84.0973630831643,0.9801192842942346,0.5874133418834362,True,0.9801192842942346,80.14198782961459,True,True,True,True,True,True,True,True,True,True,True,True,True,True,,2025-10-29,477.0,459.285437964066,17.714562035934023,2025-11-03,466.7999877929688,SMA20,-0.0213836733900026,2025-10-31,-0.5757981589576139,3,2025-10-28,503,498,498,277,55.62248995983936,482,312,64.73029045643153,0.9582504970178928,True,23812.55078125,22318.76828125,NORMAL,POINT_IN_TIME,503,498,482,NORMAL,MOMENTUM_ENABLED,True,True,True,0.9900596421471173,23153.2821484375,-0.6835061562611634,-0.7373601549129398,-0.7912141535647162,17.714562035934023,-0.5757981589576107
DIVISLAB-2024-09-27,DIVISLAB,2024-09-13,2024-09-27,10,5451.24658203125,122.86164101809672,123.08742291265996,5246.626418038041,1.665451985645133,5410.84814453125,5371.887273115744,5290.972924804688,4975.3884765625,4144.418212890625,2620821516.1401367,79.71602434077079,79.3103448275862,88.23529411764706,82.10953346855983,0.986,13.680311635270725,True,0.9820717131474104,84.40162271805274,True,True,True,True,True,True,True,True,True,True,True,True,True,True,,2024-09-30,5425.768257034107,5215.854562309876,209.91369472423048,2024-10-03,5215.854562309876,STOP_INTRADAY,-0.0386882898015581,,-1.0,2,2024-09-27,500,493,493,298,60.446247464503045,490,402,82.0408163265306,0.98,True,24489.55078125,21285.55428710937,STRONG_MOMENTUM,POINT_IN_TIME,500,493,490,STRONG_MOMENTUM,MOMENTUM_ENABLED,True,True,True,0.986,23471.9529296875,-1.1033904579529619,-1.1550856869294428,-1.2067809159059237,209.91369472423048,-1.0
DIXON-2023-08-21,DIXON,2023-08-09,2023-08-21,7,4894.38916015625,172.30023891781974,164.04801559919102,4578.488252270388,1.8334327907492551,4886.7998046875,4769.217233325645,4469.885327148438,4396.948559570313,3670.453797607422,2675181362.714844,88.13905930470347,95.91002044989774,97.34151329243352,94.0081799591002,0.9741035856573704,1.3403981950328958,True,0.9741035856573704,92.65848670756648,True,True,True,True,True,True,True,True,True,True,True,True,True,True,,2023-08-22,4932.98435935936,4537.476248370591,395.5081109887688,2023-09-20,4911.764240123005,SMA20,-0.0043016798129703,2023-09-18,-0.0536528041948478,20,2023-08-21,502,492,491,321,65.37678207739307,483,393,81.36645962732919,0.9621513944223108,True,16852.05078125,15582.721762695312,STRONG_MOMENTUM,POINT_IN_TIME,502,491,483,STRONG_MOMENTUM,MOMENTUM_ENABLED,True,True,True,0.9780876494023905,16614.10609375,-0.10354289971806648,-0.1284879474796758,-0.15343299524128512,395.50811098876875,-0.05365280419484782
DIXON-2023-09-08,DIXON,2023-09-05,2023-09-08,3,5120.267578125,145.6575448053398,143.00629828009386,4952.956034220084,1.1486637656052436,5113.92724609375,5097.74963101385,4924.768359375,4563.225068359375,3705.933585205078,2334987608.677246,44.48979591836735,73.06122448979592,91.63265306122447,70.06122448979592,0.9780439121756488,0.8200939834524862,True,0.9760956175298804,82.20408163265306,True,True,True,True,True,True,True,True,True,True,True,True,True,True,,2023-09-11,5131.701684654728,4917.20445965006,214.4972250046676,2023-09-18,4917.20445965006,STOP_INTRADAY,-0.0417984594946499,,-1.0,5,2023-09-08,501,491,491,414,84.31771894093686,487,451,92.60780287474331,0.9720558882235528,True,17487.44921875,15688.051762695311,STRONG_MOMENTUM,POINT_IN_TIME,501,491,487,STRONG_MOMENTUM,MOMENTUM_ENABLED,True,True,True,0.9800399201596807,16885.0370703125,-1.0956973067515081,-1.143545960127262,-1.191394613503016,214.4972250046676,-1.0
DIXON-2023-10-10,DIXON,2023-10-03,2023-10-10,5,5293.20166015625,150.50155113715095,139.6362044387068,5023.967239581177,1.7889145895228808,5166.30322265625,5158.758944035771,5080.744921875,4896.143930664062,3791.086313476562,1606666626.1464844,69.38775510204081,76.53061224489795,91.83673469387756,78.9795918367347,0.9780439121756488,0.9903131350304816,True,0.9780439121756488,77.28571428571428,True,True,True,True,True,True,True,True,True,True,True,True,True,True,,2023-10-11,5195.829514982216,4989.0581884715,206.77132651071588,2023-10-31,5150.865373120814,SMA20,-0.0086538909199671,2023-10-30,-0.2174583034319879,13,2023-10-10,501,491,491,290,59.063136456211815,488,431,88.31967213114754,0.9740518962075848,True,17303.349609375,15843.93701171875,NORMAL,POINT_IN_TIME,501,491,488,NORMAL,MOMENTUM_ENABLED,True,True,True,0.9800399201596807,17130.74,-0.31797184373106696,-0.3682286138806065,-0.41848538403014596,206.77132651071588,-0.21745830343198796
DIXON-2023-12-19,DIXON,2023-12-11,2023-12-19,6,6367.5390625,179.8592526111323,193.7754433808398,6175.04333649946,1.070257566435734,6361.09375,6323.624575522803,5890.152075195312,5542.769833984375,4324.768092041016,2170204775.7648926,85.71428571428571,82.6530612244898,69.59183673469389,79.6530612244898,0.9780439121756488,2.2634831723944018,True,0.9780439121756488,87.10204081632654,True,True,True,True,True,True,True,True,True,True,True,True,True,True,,2023-12-20,6413.851824818656,6126.5994756542495,287.25234916440604,2024-01-09,6367.838528570342,SMA20,-0.0071740503998336,2024-01-08,-0.1601842295882451,13,2023-12-19,501,491,491,422,85.94704684317719,489,447,91.41104294478528,0.9760479041916168,True,19169.25,16431.214477539062,STRONG_MOMENTUM,POINT_IN_TIME,501,491,489,STRONG_MOMENTUM,MOMENTUM_ENABLED,True,True,True,0.9800399201596807,17672.570859375,-0.2494973627058824,-0.294153929264701,-0.3388104958235197,287.25234916440604,-0.1601842295882451
DIXON-2024-05-03,DIXON,2024-04-26,2024-05-03,4,8573.2685546875,254.60595252801087,235.8697742437793,8263.816278131428,1.2154165033593527,8444.8720703125,8417.242917010124,7908.354467773437,7355.689580078125,5891.942224121094,2431944581.7824707,79.09836065573771,95.49180327868852,74.18032786885246,84.18032786885246,0.9740518962075848,0.8627953015705424,True,0.9740518962075848,88.03278688524591,True,True,True,True,True,True,True,True,True,True,True,True,True,True,,2024-05-06,8493.183305312949,8204.848834570483,288.3344707424658,2024-05-13,8204.848834570483,STOP_INTRADAY,-0.0339489282613383,,-1.0,5,2024-05-03,501,493,492,350,71.13821138211382,479,374,78.07933194154488,0.9560878243512974,True,20959.55078125,18499.69776367188,STRONG_MOMENTUM,POINT_IN_TIME,501,492,479,STRONG_MOMENTUM,MOMENTUM_ENABLED,True,True,True,0.9820359281437125,20372.7720703125,-1.1178240434928626,-1.1767360652392937,-1.2356480869857251,288.3344707424658,-1.0
DIXON-2024-10-01,DIXON,2024-09-24,2024-10-01,5,14334.470703125,469.0142020087503,436.9943410633181,13747.882124950502,1.2506840425347172,14189.4853515625,14030.556138314088,13470.322021484377,12668.541796875,9262.335090332032,5721869241.095215,90.1840490797546,70.5521472392638,95.0920245398773,83.8036809815951,0.978,0.9206507878677476,True,0.986,84.50304259634888,True,True,True,True,True,True,True,True,True,True,True,True,True,True,,2024-10-03,13887.319722461643,13638.633539684672,248.6861827769717,2024-10-03,13638.633539684672,STOP_INTRADAY,-0.0179074283408872,,-1.0,0,2024-10-01,500,494,494,306,61.943319838056674,485,401,82.68041237113401,0.97,True,24271.30078125,21342.95153320313,STRONG_MOMENTUM,POINT_IN_TIME,500,494,485,STRONG_MOMENTUM,MOMENTUM_ENABLED,True,True,True,0.988,23526.3579296875,-1.223370990175456,-1.3350564852631839,-1.4467419803509116,248.6861827769717,-1.0
DLF-2024-01-19,DLF,2024-01-15,2024-01-19,4,785.1508178710938,18.366325567865875,18.44851103539438,743.5731454919267,2.263799159256564,765.7998657226562,760.9743418123327,738.2235870361328,673.4886157226563,525.1574189758301,3573598878.583924,83.06122448979592,86.73469387755102,84.6938775510204,85.0204081632653,0.9780439121756488,0.6950157035582062,True,0.9780439121756488,87.61224489795919,True,True,True,True,True,True,True,True,True,True,True,True,True,True,,2024-01-23,770.1380337366816,738.961017733078,31.177016003603512,2024-01-23,738.961017733078,STOP_INTRADAY,-0.0404823741171875,,-1.0,0,2024-01-19,501,491,491,373,75.96741344195519,489,420,85.88957055214725,0.9760479041916168,True,19606.400390625,16945.638486328124,STRONG_MOMENTUM,POINT_IN_TIME,501,491,489,STRONG_MOMENTUM,MOMENTUM_ENABLED,True,True,True,0.9800399201596807,18649.9069921875,-1.0988084342193194,-1.148212651328979,-1.1976168684386388,31.177016003603512,-1.0
DLF-2024-04-08,DLF,2024-04-01,2024-04-08,5,924.4093627929688,27.87047382952236,27.273990914280464,861.3846618968191,2.261342999823327,895.16357421875,886.9259580491652,855.445425415039,838.0554138183594,629.2294882202149,3707589449.703186,32.648870636550306,86.44763860369609,90.34907597535934,71.47843942505133,0.9720558882235528,1.0732436572678965,True,0.9680638722554892,86.0,True,True,True,True,True,True,True,True,True,True,True,True,True,True,,2024-04-09,898.7705243702235,854.566164168249,44.20436020197451,2024-04-15,854.566164168249,STOP_INTRADAY,-0.0491831440878069,,-1.0,3,2024-04-08,501,493,492,332,67.47967479674797,479,382,79.74947807933194,0.9560878243512974,True,20819.099609375,18139.52103515625,STRONG_MOMENTUM,POINT_IN_TIME,501,492,479,STRONG_MOMENTUM,MOMENTUM_ENABLED,True,True,True,0.9820359281437125,20060.6081640625,-1.0813286761996912,-1.1219930142995365,-1.1626573523993822,44.20436020197451,-1.0
DMART-2024-04-19,DMART,2024-04-12,2024-04-19,4,4765.0498046875,123.65762581271144,125.8915304647268,4605.0,1.29429789417037,4696.0,4694.2998046875,4507.302465820312,4100.547983398437,3867.4194921875,2054852321.3503416,89.95901639344262,82.78688524590164,55.73770491803278,76.82377049180327,0.9740518962075848,1.7051055604984156,True,0.9740518962075848,78.44262295081967,True,True,True,True,True,True,True,True,True,True,True,True,True,True,,2024-04-22,4743.0,4573.527117383818,169.47288261618178,2024-04-26,4573.527117383818,STOP_INTRADAY,-0.0357311580468441,,-1.0,4,2024-04-19,501,493,492,251,51.016260162601625,479,359,74.94780793319416,0.9560878243512974,True,20385.19921875,18295.06126464844,NORMAL,POINT_IN_TIME,501,492,479,NORMAL,MOMENTUM_ENABLED,True,True,True,0.9820359281437125,20203.554140625,-1.111947113350089,-1.1679206700251332,-1.2238942267001778,169.47288261618178,-1.0
DMART-2025-06-26,DMART,2025-06-23,2025-06-26,3,4335.7998046875,108.4298167130558,102.51129815699797,4236.7001953125,0.9139516452126182,4315.39990234375,4294.0,4151.584985351563,4159.833989257812,4030.974243164064,1831662612.160889,75.0,52.41935483870967,88.91129032258065,70.14112903225806,0.9860834990059644,0.7357333246249287,True,0.9840954274353876,70.60606060606061,True,True,True,True,True,True,True,True,True,True,True,True,True,True,,2025-06-27,4322.89990234375,4211.07237077325,111.82753157049956,2025-07-08,4211.07237077325,STOP_INTRADAY,-0.025868637742426,,-1.0,7,2025-06-26,503,499,497,385,77.46478873239437,478,281,58.78661087866108,0.9502982107355864,True,23517.55078125,22304.24849609375,NORMAL,POINT_IN_TIME,503,497,478,NORMAL,MOMENTUM_ENABLED,True,True,True,0.9880715705765407,22606.6320703125,-1.1546273924366635,-1.231941088654995,-1.3092547848733267,111.82753157049956,-1.0
ECLERX-2024-01-29,ECLERX,2024-01-15,2024-01-29,8,1397.343994140625,49.519090269591615,48.15517648677831,1279.3296879995526,2.383208283887678,1347.1517333984375,1336.289010239551,1312.691320800781,1287.41087890625,955.6924523925782,156082335.76586914,54.48979591836734,80.20408163265306,79.18367346938776,72.18367346938776,0.9780439121756488,0.8133627876664212,True,0.9780439121756488,80.30612244897958,True,True,True,True,True,True,True,True,True,True,True,True,True,True,,2024-01-30,1372.872093180201,1267.290893877858,105.58119930234308,2024-02-06,1316.0375321895517,SMA20,-0.041398292873005,2024-02-05,-0.5383019075952863,5,2024-01-29,501,491,491,329,67.0061099796334,489,410,83.84458077709611,0.9760479041916168,True,19711.650390625,17045.86298828125,STRONG_MOMENTUM,POINT_IN_TIME,501,491,489,STRONG_MOMENTUM,MOMENTUM_ENABLED,True,True,True,0.9800399201596807,18826.688984375,-0.5903138984516824,-0.6163198938798804,-0.6423258893080784,105.58119930234307,-0.5383019075952863
ECLERX-2025-10-30,ECLERX,2025-10-27,2025-10-30,3,2392.32373046875,90.80523380662136,87.62068369460516,2245.005353665545,1.6223555694700746,2359.341796875,2355.993869700698,2121.2489685058595,2129.201484375,1722.5853021240234,218415447.66210932,94.9290060851927,96.75456389452332,98.98580121703854,96.87626774847872,0.9801192842942346,2.5226611635220126,True,0.9801192842942346,98.2555780933063,True,True,True,True,True,True,True,True,True,True,True,True,True,True,,2025-10-31,2352.645594794733,2223.100182741894,129.54541205283886,2025-11-07,2223.100182741894,STOP_INTRADAY,-0.0550637173484439,,-1.0,4,2025-10-30,503,498,498,305,61.24497991967871,482,324,67.21991701244814,0.9582504970178928,True,23841.30078125,22334.86953125,STRONG_MOMENTUM,POINT_IN_TIME,503,498,482,STRONG_MOMENTUM,MOMENTUM_ENABLED,True,True,True,0.9900596421471173,23196.921171875,-1.0726431158777012,-1.108964673816552,-1.1452862317554027,129.54541205283886,-1.0
EICHERMOT-2025-10-07,EICHERMOT,2025-09-26,2025-10-07,6,6973.9697265625,125.04918758657011,120.72012303462172,6779.010937471861,1.5590568227856014,6884.90234375,6883.417762862804,6859.765478515625,6235.87529296875,5432.005339355469,3199016535.165528,76.47058823529412,94.9290060851927,81.7444219066937,85.43610547667342,0.9840319361277444,0.6154953035586,True,0.994011976047904,93.87550200803211,True,True,True,True,True,True,True,True,True,True,True,True,True,True,,2025-10-08,6884.902485017317,6748.830906713206,136.07157830411143,2025-10-09,6853.233941979174,SMA20,-0.0045997082902857,2025-10-08,-0.2327344433924759,1,2025-10-07,501,498,498,267,53.6144578313253,480,303,63.125,0.9580838323353292,True,23209.5,22255.53126953125,NORMAL,POINT_IN_TIME,501,498,480,NORMAL,MOMENTUM_ENABLED,True,True,True,0.9940119760479041,22944.8110546875,-0.4351250548875522,-0.5363203606350903,-0.6375156663826285,136.07157830411143,-0.2327344433924759
EIDPARRY-2024-09-16,EIDPARRY,2024-09-06,2024-09-16,6,844.9500122070312,27.91222246753476,26.847242460194536,800.2999877929688,1.599658517554301,836.25,815.4000244140625,822.6750030517578,797.27,660.1739999389648,344411545.3473511,77.079107505071,68.35699797160242,76.26774847870182,73.34685598377281,0.9820717131474104,1.619004735206112,True,0.9820717131474104,74.68559837728195,True,True,True,True,True,True,True,True,True,True,True,True,True,True,,2024-09-17,836.2999877929688,793.5881771779201,42.71181061504865,2024-09-18,826.4500122070312,SMA20,-0.0117780410495186,2024-09-17,-0.230614798204482,1,2024-09-16,502,495,493,307,62.27180527383367,489,404,82.61758691206545,0.9741035856573704,True,23968.19921875,20994.64502929688,STRONG_MOMENTUM,POINT_IN_TIME,502,493,489,STRONG_MOMENTUM,MOMENTUM_ENABLED,True,True,True,0.9820717131474104,23265.6679296875,-0.30893505442872327,-0.34809518254084393,-0.3872553106529645,42.71181061504865,-0.23061479820448208
EIDPARRY-2025-07-10,EIDPARRY,2025-07-03,2025-07-10,5,1114.699951171875,38.64474833409573,36.57442492295646,1054.5999755859375,1.5551912789379487,1109.800048828125,1091.9000244140625,1037.5524993896483,979.352000732422,856.2895007324219,249258845.2905273,92.35412474849096,92.1529175050302,89.33601609657947,91.3682092555332,0.994,1.046552354396375,True,0.9920159680638724,90.98591549295774,True,True,True,True,True,True,True,True,True,True,True,True,True,True,,2025-07-11,1111.0,1045.4563693551984,65.54363064480162,2025-08-08,1135.0,SMA20,0.0216021602160216,2025-08-07,0.3661683029135567,20,2025-07-10,500,497,497,379,76.25754527162978,479,303,63.25678496868476,0.958,True,23471.400390625,22295.232734375,STRONG_MOMENTUM,POINT_IN_TIME,500,497,479,STRONG_MOMENTUM,MOMENTUM_ENABLED,True,True,True,0.994,22925.6209765625,0.29836613882406315,0.2644650567793163,0.23056397473456955,65.54363064480162,0.36616830291355673
EIHOTEL-2024-04-22,EIHOTEL,2024-04-09,2024-04-22,7,485.1734313964844,22.49548773283396,24.28218217933607,430.3424172867238,2.4374227738894656,472.8624267578125,451.6024396032284,455.0435623168945,421.9906524658203,282.83923446655274,376400611.5658417,85.86065573770492,99.59016393442624,97.3360655737705,94.79508196721312,0.9740518962075848,0.7868666488500572,True,0.9740518962075848,96.45491803278688,True,True,True,True,True,True,True,True,True,True,True,True,True,True,,2024-04-23,476.4716995742172,424.27187174188975,52.19982783232746,2024-04-25,453.23400176179086,SMA20,-0.0487703631363456,2024-04-24,-0.4451680930264524,2,2024-04-22,501,493,492,278,56.50406504065041,479,367,76.61795407098121,0.9560878243512974,True,20574.849609375,18317.231513671875,NORMAL,POINT_IN_TIME,501,492,479,NORMAL,MOMENTUM_ENABLED,True,True,True,0.9820359281437125,20216.8351171875,-0.48167945479605095,-0.49993513568085024,-0.5181908165656496,52.19982783232746,-0.4451680930264524
ELECON-2024-04-29,ELECON,2024-04-19,2024-04-29,6,578.2168579101562,24.85458864533756,25.18441294606649,551.9894573842586,1.0552337397391465,574.4983520507812,567.9043998188602,519.3205154418945,490.4483483886719,444.2489710998535,191243972.73376465,91.59836065573772,63.729508196721305,75.40983606557377,75.59426229508196,0.9740518962075848,1.3449770446965574,True,0.9740518962075848,82.39754098360656,True,True,True,True,True,True,True,True,True,True,True,True,True,True,,2024-04-30,575.118125776492,545.693354147742,29.424771628750023,2024-05-03,545.693354147742,STOP_INTRADAY,-0.0511630051461556,,-1.0,2,2024-04-29,501,493,492,358,72.76422764227642,479,381,79.54070981210856,0.9560878243512974,True,20992.19921875,18432.90201171875,STRONG_MOMENTUM,POINT_IN_TIME,501,492,479,STRONG_MOMENTUM,MOMENTUM_ENABLED,True,True,True,0.9820359281437125,20299.5730859375,-1.078181490484645,-1.1172722357269673,-1.1563629809692897,29.424771628750023,-1.0
ELGIEQUIP-2024-07-08,ELGIEQUIP,2024-06-24,2024-07-08,10,760.3094482421875,30.03283743235207,26.430570198804123,698.8284132768996,2.047127085603277,732.830810546875,731.4469514020012,697.8992401123047,652.4091760253906,579.8582868957519,143914011.4831543,87.0182555780933,77.079107505071,69.97971602434076,77.93103448275862,0.9820717131474104,0.5889460059625318,True,0.9780876494023903,75.25458248472505,True,True,True,True,True,True,True,True,True,True,True,True,True,True,,2024-07-09,739.3545150470677,692.2207707271986,47.13374431986915,2024-07-11,708.9105106300626,SMA20,-0.0411764637902657,2024-07-10,-0.64590676714329,2,2024-07-08,502,493,493,408,82.75862068965517,484,416,85.9504132231405,0.9641434262948207,True,22971.150390625,19549.66376953125,STRONG_MOMENTUM,POINT_IN_TIME,502,493,484,STRONG_MOMENTUM,MOMENTUM_ENABLED,True,True,True,0.9820717131474104,21580.0141015625,-0.7086520063103293,-0.7400246258938489,-0.7713972454773685,47.13374431986915,-0.64590676714329
EMAMILTD-2023-08-31,EMAMILTD,2023-08-22,2023-08-31,7,509.3966064453125,15.039254001522398,15.738789926091126,480.6395748781508,1.9121315169123847,496.2005004882813,494.26134065481335,481.4980316162109,434.1950915527344,392.5799221801758,250897335.2019043,86.12244897959184,86.53061224489797,70.40816326530613,81.57142857142857,0.9760956175298804,1.2406342211905417,True,0.9741035856573704,87.50511247443762,True,True,True,True,True,True,True,True,True,True,True,True,True,True,,2023-09-01,515.5452245344018,476.704877396628,38.84034713777379,2023-09-22,496.6261925012839,SMA20,-0.0366971336999659,2023-09-21,-0.4870973981259396,14,2023-08-31,502,492,491,365,74.33808553971487,483,421,87.16356107660455,0.9621513944223108,True,16924.30078125,15638.749018554689,STRONG_MOMENTUM,POINT_IN_TIME,502,491,483,STRONG_MOMENTUM,MOMENTUM_ENABLED,True,True,True,0.9780876494023905,16749.742109375,-0.540191179466838,-0.5667380701372879,-0.5932849608077378,38.84034713777379,-0.4870973981259382
EMAMILTD-2024-07-01,EMAMILTD,2024-06-18,2024-07-01,9,712.3856201171875,32.93393612760684,34.76487480950409,655.0157810368636,1.741967278312467,693.5347900390625,684.2537452405185,676.8745269775391,564.7043377685546,496.4627894592285,474920855.8904114,83.130081300813,96.34146341463416,77.23577235772358,86.64634146341463,0.9800796812749004,15.452178218256869,True,0.9780876494023903,91.83299389002038,True,True,True,True,True,True,True,True,True,True,True,True,True,True,,2024-07-02,706.9034755149744,646.3245623344876,60.57891318048678,2024-08-05,739.5556604494727,SMA20,0.0461904433426521,2024-08-02,0.5390024881630926,23,2024-07-01,502,493,493,408,82.75862068965517,484,419,86.57024793388429,0.9641434262948207,True,22727.599609375,19406.23626953125,STRONG_MOMENTUM,POINT_IN_TIME,502,493,484,STRONG_MOMENTUM,MOMENTUM_ENABLED,True,True,True,0.9820717131474104,21345.335078125,0.49232595084002434,0.4689876821784903,0.4456494135169562,60.57891318048678,0.5390024881630926
EMAMILTD-2024-09-03,EMAMILTD,2024-08-28,2024-09-03,4,807.6492919921875,27.61400650268589,27.454926486904377,759.8010044767391,1.7327542640650295,790.9144287109375,788.6542071783874,778.0410736083984,751.3028161621094,555.2053833007812,403738249.29245,69.5740365111562,80.93306288032454,96.14604462474644,82.08924949290062,0.9820717131474104,1.1907884622207503,True,0.9801192842942346,90.6896551724138,True,True,True,True,True,True,True,True,True,True,True,True,True,True,,2024-09-04,778.9404132424423,752.937272855013,26.003140387429312,2024-09-12,788.654240782444,SMA20,0.0124705656233274,2024-09-11,0.3735636309796515,6,2024-09-03,502,493,493,301,61.05476673427992,489,411,84.04907975460122,0.9741035856573704,True,23788.44921875,20707.80728515625,STRONG_MOMENTUM,POINT_IN_TIME,502,493,489,STRONG_MOMENTUM,MOMENTUM_ENABLED,True,True,True,0.9820717131474104,23063.5529296875,0.25374111698530255,0.1938298599881281,0.13391860299095362,26.003140387429312,0.3735636309796515
ENDURANCE-2024-01-17,ENDURANCE,2024-01-05,2024-01-17,8,2092.61279296875,82.3986177303763,103.72666594917489,1893.283410543905,2.419086483672429,2019.1002197265625,2002.143255283338,1910.3192993164064,1754.1877978515624,1572.2679553222656,277922889.9091797,91.02040816326532,81.83673469387756,48.16326530612245,74.48979591836735,0.9780439121756488,3.4810527373309523,True,0.9780439121756488,78.30612244897961,True,True,True,True,True,True,True,True,True,True,True,True,True,True,,2024-01-18,2026.3671800004367,1867.351744056612,159.01543594382474,2024-01-29,1967.8836822044448,SMA20,-0.0288612539589095,2024-01-25,-0.3677850357662913,5,2024-01-17,501,491,491,378,76.9857433808554,489,428,87.52556237218813,0.9760479041916168,True,19487.599609375,16893.240981445313,STRONG_MOMENTUM,POINT_IN_TIME,501,491,489,STRONG_MOMENTUM,MOMENTUM_ENABLED,True,True,True,0.9800399201596807,18552.6899609375,-0.4187578779428531,-0.44424429903113394,-0.4697307201194148,159.01543594382474,-0.3677850357662913
ENDURANCE-2025-07-14,ENDURANCE,2025-07-01,2025-07-14,9,2861.413330078125,124.26703534032784,108.67537902009482,2581.27349301039,2.2543374942559864,2670.453857421875,2633.1546881699264,2626.0571533203124,2431.8292431640625,2187.0053118896485,460419691.0053711,92.35412474849096,92.95774647887325,90.14084507042254,91.93158953722336,0.994,0.4282214191450383,True,0.9900199600798404,94.51612903225806,True,True,True,True,True,True,True,True,True,True,True,True,True,True,,2025-07-15,2702.396242462982,2554.1046482553666,148.29159420761562,2025-07-21,2658.053994651176,SMA20,-0.0164084922540421,2025-07-18,-0.2990206427326219,4,2025-07-14,500,497,497,337,67.80684104627767,479,294,61.37787056367432,0.958,True,23309.05078125,22289.428486328125,STRONG_MOMENTUM,POINT_IN_TIME,500,497,479,STRONG_MOMENTUM,MOMENTUM_ENABLED,True,True,True,0.994,22973.43296875,-0.3719147607546992,-0.4083618197657378,-0.4448088787767765,148.29159420761562,-0.2990206427326219
ENDURANCE-2025-09-16,ENDURANCE,2025-09-10,2025-09-16,4,3028.728515625,102.39460107415483,102.0205592506072,2815.7055810256447,2.080411783088863,2910.21630859375,2883.725627057649,2891.5532836914062,2711.5657080078126,2268.165355834961,466446978.55322266,87.72635814889335,90.14084507042254,91.34808853118712,89.77867203219316,0.9920159680638724,1.931579271294929,True,0.9920159680638724,95.71428571428572,True,True,True,True,True,True,True,True,True,True,True,True,True,True,,2025-09-17,2920.972205346294,2790.200441212993,130.77176413330062,2025-09-18,2878.1484812311974,SMA20,-0.0146607776810459,2025-09-17,-0.3274691933607668,1,2025-09-16,501,497,497,294,59.15492957746479,487,331,67.96714579055441,0.9720558882235528,True,23369.30078125,22249.04400390625,NORMAL,POINT_IN_TIME,501,497,487,NORMAL,MOMENTUM_ENABLED,True,True,True,0.9920159680638723,23023.013046875,-0.4168148475914105,-0.46148767470673235,-0.5061605018220543,130.77176413330062,-0.3274691933607668
ENGINERSIN-2023-09-11,ENGINERSIN,2023-09-04,2023-09-11,5,156.4445343017578,5.744252324047861,5.432381098743206,148.96305144195452,1.30242935681684,153.91896057128906,151.67924810643308,149.23162307739258,137.52150131225585,95.6450855255127,542331010.77005,59.795918367346935,92.6530612244898,96.93877551020408,84.08163265306122,0.9780439121756488,2.482493794189955,True,0.9760956175298804,90.10204081632652,True,True,True,True,True,True,True,True,True,True,True,True,True,True,,2023-09-12,155.34851552590905,147.6049561672687,7.74355935864034,2023-09-12,147.6049561672687,STOP_INTRADAY,-0.0498463685502605,,-1.0,0,2023-09-11,501,491,491,431,87.78004073319755,487,455,93.42915811088297,0.9720558882235528,True,17653.349609375,15699.04951171875,STRONG_MOMENTUM,POINT_IN_TIME,501,491,487,STRONG_MOMENTUM,MOMENTUM_ENABLED,True,True,True,0.9800399201596807,16909.5040625,-1.0802465679313582,-1.1203698518970373,-1.1604931358627164,7.74355935864034,-1.0
ENGINERSIN-2025-07-22,ENGINERSIN,2025-07-11,2025-07-22,7,244.96124267578125,7.753890206738744,7.369596089886326,228.0157655062127,2.185416186940796,236.85516357421875,233.64795189086607,235.5727722167969,221.23268493652344,184.89206245422363,800001369.386734,64.98993963782696,90.74446680080484,93.7625754527163,83.9235412474849,0.9920159680638724,1.063953924399681,True,0.994,96.23742454728372,True,True,True,True,True,True,True,True,True,True,True,True,True,True,,2025-07-23,237.55919963199617,226.17336648374112,11.385833148255044,2025-07-24,235.5058040997271,SMA20,-0.0086437213774502,2025-07-23,-0.1803465328827307,1,2025-07-22,501,497,497,312,62.77665995975856,479,314,65.55323590814196,0.9560878243512974,True,23320.900390625,22259.40573242188,STRONG_MOMENTUM,POINT_IN_TIME,501,497,479,STRONG_MOMENTUM,MOMENTUM_ENABLED,True,True,True,0.9920159680638723,23131.5809375,-0.2638043515732861,-0.3055332609185638,-0.3472621702638415,11.385833148255045,-0.18034653288273075
ERIS-2023-08-18,ERIS,2023-08-09,2023-08-18,6,829.019287109375,24.769929789778583,25.63848453281632,782.3363204936243,1.8846628558073124,821.1564331054688,805.1338459517458,788.2928253173828,723.710517578125,654.7588513183593,124835825.74737547,85.48057259713701,86.29856850715747,68.50715746421268,80.7157464212679,0.9741035856573704,0.873099285146942,True,0.9741035856573704,82.29038854805725,True,True,True,True,True,True,True,True,True,True,True,True,True,True,,2023-08-21,825.8543598394803,775.9266993604202,49.92766047906002,2023-08-29,797.8148898730952,SMA20,-0.0339520759711615,2023-08-28,-0.561601919604163,6,2023-08-18,502,491,491,307,62.52545824847251,483,391,80.95238095238095,0.9621513944223108,True,16757.69921875,15574.669506835937,STRONG_MOMENTUM,POINT_IN_TIME,502,491,483,STRONG_MOMENTUM,MOMENTUM_ENABLED,True,True,True,0.9780876494023905,16595.48607421875,-0.6277659939401394,-0.6608480311081276,-0.6939300682761159,49.92766047906002,-0.561601919604163
ESCORTS-2023-08-08,ESCORTS,2023-08-02,2023-08-08,4,2523.189697265625,65.83969603402407,63.89472287828367,2456.8171557410774,1.0080930733678992,2517.460205078125,2515.0815942171503,2371.83349609375,2225.585283203125,2049.3611346435546,480209240.89941406,82.82208588957054,78.52760736196319,63.59918200408998,75.33742331288343,0.9741035856573704,0.8475247524752475,True,0.9741035856573704,81.24744376278119,True,True,True,True,True,True,True,True,True,True,True,True,True,True,,2023-08-09,2531.5410044068326,2440.8434750215065,90.6975293853261,2023-09-22,3029.750746289985,SMA20,0.1968009765656109,2023-09-21,5.493090553398881,30,2023-08-08,502,491,491,375,76.37474541751527,483,403,83.4368530020704,0.9621513944223108,True,16949.25,15514.05474609375,STRONG_MOMENTUM,POINT_IN_TIME,502,491,483,STRONG_MOMENTUM,MOMENTUM_ENABLED,True,True,True,0.9780876494023905,16452.2780859375,5.3814429254397265,5.32561911146015,5.269795297480573,90.6975293853261,5.493090553398881
ESCORTS-2023-09-06,ESCORTS,2023-08-30,2023-09-06,5,3158.66064453125,92.87009961234978,99.10271371741516,2938.4694882813374,2.370958544989348,3061.116455078125,3026.1089037860934,2829.855029296875,2515.3627392578123,2138.6925915527345,1683923399.8724363,94.6938775510204,91.83673469387756,84.6938775510204,90.55102040816324,0.9760956175298804,0.932517362610673,True,0.9760956175298804,93.89795918367346,True,True,True,True,True,True,True,True,True,True,True,True,True,True,,2023-09-07,3061.698800911977,2913.693809851984,148.0049910599928,2023-09-22,3029.750746289985,SMA20,-0.0104347477330153,2023-09-21,-0.2158579544729143,10,2023-09-06,502,492,491,401,81.67006109979633,485,446,91.95876288659794,0.9661354581673308,True,17284.599609375,15669.427514648438,STRONG_MOMENTUM,POINT_IN_TIME,502,491,485,STRONG_MOMENTUM,MOMENTUM_ENABLED,True,True,True,0.9780876494023905,16836.39208984375,-0.29860378024499085,-0.3399766931310291,-0.38134960601706736,148.0049910599928,-0.2158579544729143
ESCORTS-2024-05-27,ESCORTS,2024-05-21,2024-05-27,4,3774.95263671875,101.49764275521235,95.31287184254508,3659.055051215019,1.1418746520374652,3743.48974609375,3726.981623009705,3496.2374755859373,3103.626015625,2976.0014208984376,968259648.892578,91.22448979591836,88.57142857142857,51.83673469387755,78.34693877551021,0.9780439121756488,0.7740409003422707,True,0.9780439121756488,81.0612244897959,True,True,True,True,True,True,True,True,True,True,True,True,True,True,,2024-05-28,3743.4898924434456,3635.226833254383,108.26305918906246,2024-05-29,3497.808382106761,STOP_GAP,-0.0656290032551212,,-2.269301386612812,1,2024-05-27,501,493,492,346,70.32520325203252,480,363,75.625,0.9580838323353292,True,21493.0,18809.538759765623,STRONG_MOMENTUM,POINT_IN_TIME,501,492,480,STRONG_MOMENTUM,MOMENTUM_ENABLED,True,True,True,0.9820359281437125,20572.8700390625,-2.4076122719871518,-2.4767677146743217,-2.5459231573614916,108.26305918906246,-2.269301386612812
ESCORTS-2025-09-23,ESCORTS,2025-09-18,2025-09-23,3,3733.41064453125,109.85282730198898,113.14487991751254,3527.0977948012173,1.8780841130549328,3678.708984375,3657.4576062041415,3608.206311035157,3469.4304931640627,3274.919886474609,426029663.3847656,70.48192771084338,83.53413654618474,60.8433734939759,72.81124497991968,0.994011976047904,1.7149993562508048,True,0.9920159680638724,75.61368209255534,True,True,True,True,True,True,True,True,True,True,True,True,True,True,,2025-09-24,3684.513728546032,3498.81157482184,185.70215372419216,2025-09-26,3554.448641042792,SMA20,-0.035300475744072,2025-09-25,-0.700396225325499,2,2025-09-23,501,498,498,273,54.81927710843374,488,320,65.57377049180327,0.9740518962075848,True,23325.25,22268.37451171875,NORMAL,POINT_IN_TIME,501,498,488,NORMAL,MOMENTUM_ENABLED,True,True,True,0.9940119760479041,23017.4560546875,-0.7797601670925594,-0.8194421379760887,-0.8591241088596181,185.7021537241917,-0.7003962253255007
ETERNAL-2023-08-22,ETERNAL,2023-08-07,2023-08-22,10,97.5999984741211,4.018600793563797,3.6412416070279554,88.30000305175781,2.3142371935172514,91.9000015258789,90.5,89.6625,81.82900024414063,64.4925001335144,6240652885.865921,86.70756646216769,92.63803680981594,97.13701431492842,92.2085889570552,0.9741035856573704,1.4180430454910251,True,0.9741035856573704,98.200408997955,True,True,True,True,True,True,True,True,True,True,True,True,True,True,,2023-08-23,92.9499969482422,87.38969265000082,5.560304298241377,2023-08-28,96.0,SMA20,0.0328133744152369,2023-08-25,0.5485316788727658,3,2023-08-22,502,492,491,336,68.43177189409369,483,401,83.02277432712215,0.9621513944223108,True,16905.25,15590.128012695312,STRONG_MOMENTUM,POINT_IN_TIME,502,491,483,STRONG_MOMENTUM,MOMENTUM_ENABLED,True,True,True,0.9780876494023905,16634.6630859375,0.4816648370866854,0.4482314161936452,0.41479799530060507,5.560304298241377,0.5485316788727658
ETERNAL-2023-09-29,ETERNAL,2023-09-15,2023-09-29,9,102.9499969482422,3.423542410247301,3.1508353610845785,97.75,1.5188936852885555,101.5,100.5999984741211,99.63999938964844,93.77599990844726,68.94075006484985,4822186200.602051,51.02040816326531,87.55102040816325,94.08163265306122,78.55102040816325,0.9780439121756488,1.0202178785602285,True,0.9780439121756488,88.44897959183675,True,True,True,True,True,True,True,True,True,True,True,True,True,True,,2023-10-03,101.0,96.96229115972884,4.037708840271165,2023-10-27,107.3499984741211,SMA20,0.0628712720210009,2023-10-26,1.5726736932558614,17,2023-09-29,501,491,491,326,66.39511201629328,488,436,89.34426229508196,0.9740518962075848,True,17292.599609375,15802.09326171875,STRONG_MOMENTUM,POINT_IN_TIME,501,491,488,STRONG_MOMENTUM,MOMENTUM_ENABLED,True,True,True,0.9800399201596807,17096.843046875,1.472616949200768,1.4225885771732212,1.3725602051456747,4.037708840271165,1.5726736932558614
ETERNAL-2023-10-20,ETERNAL,2023-10-17,2023-10-20,3,113.8499984741211,3.5088879216882,3.527013620216214,109.5,1.2397085832334644,113.3499984741211,113.1500015258789,105.95249977111816,100.08399978637696,72.25025003433228,6247033020.219856,94.08163265306122,96.53061224489797,96.53061224489797,95.79591836734696,0.9780439121756488,1.1594137185732143,True,0.9780439121756488,94.48979591836736,True,True,True,True,True,True,True,True,True,True,True,True,True,True,,2023-10-23,113.8000030517578,108.61824659494594,5.181756456811854,2023-10-23,108.61824659494594,STOP_INTRADAY,-0.0455338868001182,,-1.0,0,2023-10-20,501,491,491,267,54.37881873727088,489,420,85.88957055214725,0.9760479041916168,True,17208.75,15919.529750976562,NORMAL,POINT_IN_TIME,501,491,489,NORMAL,MOMENTUM_ENABLED,True,True,True,0.9800399201596807,17199.84796875,-1.0878466628065147,-1.131769994209772,-1.1756933256130295,5.181756456811854,-1.0
ETERNAL-2024-01-02,ETERNAL,2023-12-19,2024-01-02,8,130.25,4.193440121895168,4.489284714548985,120.1999969482422,2.3966010625223504,128.6999969482422,125.5500030517578,123.58999938964844,118.49599990844726,88.07825002670288,5942292483.0,71.0204081632653,80.20408163265306,89.18367346938776,80.14285714285714,0.9780439121756488,1.369672674563993,True,0.9780439121756488,77.06122448979592,True,True,True,True,True,True,True,True,True,True,True,True,True,True,,2024-01-03,128.8000030517578,119.07767576960494,9.722327282152875,2024-01-18,128.0500030517578,SMA20,-0.0058229812284912,2024-01-17,-0.0771420235334767,11,2024-01-02,501,491,491,419,85.33604887983707,489,443,90.59304703476482,0.9760479041916168,True,19418.400390625,16610.918720703125,STRONG_MOMENTUM,POINT_IN_TIME,501,491,489,STRONG_MOMENTUM,MOMENTUM_ENABLED,True,True,True,0.9800399201596807,17965.8869140625,-0.13013345215497316,-0.15662916646572136,-0.18312488077646955,9.722327282152875,-0.07714202353347674
ETERNAL-2024-04-22,ETERNAL,2024-04-10,2024-04-22,6,196.8999938964844,7.085175985964203,7.352778767846994,181.3999938964844,2.1876661963945057,193.3500061035156,191.0,184.70000076293945,168.14000061035156,122.59225036621092,7041669905.5620575,91.59836065573772,94.05737704918032,91.8032786885246,92.6434426229508,0.9740518962075848,0.7371026017368943,True,0.9740518962075848,95.63524590163934,True,True,True,True,True,True,True,True,True,True,True,True,True,True,,2024-04-23,194.3999938964844,179.56179920452263,14.838194691961776,2024-04-25,184.0,SMA20,-0.0534979126698032,2024-04-24,-0.7008934787813738,2,2024-04-22,501,493,492,278,56.50406504065041,479,367,76.61795407098121,0.9560878243512974,True,20574.849609375,18317.231513671875,NORMAL,POINT_IN_TIME,501,492,479,NORMAL,MOMENTUM_ENABLED,True,True,True,0.9820359281437125,20216.8351171875,-0.7532987741511119,-0.779501421835981,-0.8057040695208502,14.838194691961775,-0.7008934787813738
ETERNAL-2024-05-16,ETERNAL,2024-05-10,2024-05-16,4,201.3000030517578,7.921434306514539,8.979366359101357,182.1000061035156,2.423803089858642,195.1999969482422,193.3999938964844,191.98999938964843,180.8920001220703,132.41975021362305,7049540327.7495575,59.38775510204082,91.83673469387756,82.85714285714286,79.40816326530613,0.9780439121756488,0.9637909509398592,True,0.9740518962075848,91.35245901639344,True,True,True,True,True,True,True,True,True,True,True,True,True,True,,2024-05-17,195.1499938964844,179.85516451374028,15.294829382744126,2024-05-22,190.0,SMA20,-0.0263899259931115,2024-05-21,-0.3367147006095216,2,2024-05-16,501,493,492,309,62.80487804878049,480,362,75.41666666666667,0.9580838323353292,True,20929.05078125,18677.94451171875,STRONG_MOMENTUM,POINT_IN_TIME,501,492,480,STRONG_MOMENTUM,MOMENTUM_ENABLED,True,True,True,0.9820359281437125,20455.110078125,-0.3877515547026195,-0.4132699817491684,-0.43878840879571734,15.294829382744126,-0.33671470060952163
ETERNAL-2024-09-19,ETERNAL,2024-09-12,2024-09-19,5,283.8999938964844,10.4715066743499,10.417748521621515,269.20001220703125,1.4038076989876664,278.8500061035156,277.8500061035156,262.32000198364256,249.25000061035155,185.3415504837036,13959399749.408625,80.12170385395537,95.94320486815415,94.7261663286004,90.8316430020284,0.9840319361277444,0.8433377801608909,True,0.9820717131474104,90.38539553752535,True,True,True,True,True,True,True,True,True,True,True,True,True,True,,2024-09-20,279.0,266.5955750766259,12.404424923374108,2024-10-01,272.54998779296875,SMA20,-0.0231183233226926,2024-09-30,-0.5199767217646065,7,2024-09-19,501,494,493,272,55.172413793103445,489,388,79.34560327198365,0.9760479041916168,True,23853.94921875,21089.112783203123,NORMAL,POINT_IN_TIME,501,493,489,NORMAL,MOMENTUM_ENABLED,True,True,True,0.9840319361277445,23319.594921875,-0.609944616841877,-0.6549285643805122,-0.6999125119191474,12.404424923374108,-0.5199767217646065
ETERNAL-2024-12-16,ETERNAL,2024-12-06,2024-12-16,6,302.95001220703125,10.127072489198609,9.831208567501942,278.20001220703125,2.4439441927958945,294.1499938964844,288.95001220703125,283.91699981689453,270.4927996826172,226.41750015258788,13592433638.902891,75.7085020242915,80.36437246963563,95.54655870445345,83.52226720647774,0.988,0.6547233597701076,True,0.988,95.06072874493928,True,True,True,True,True,True,True,True,True,True,True,True,True,True,,2024-12-17,295.5,275.74221006515575,19.75778993484425,2024-12-20,275.74221006515575,STOP_INTRADAY,-0.0668622332820448,,-1.0,3,2024-12-16,500,496,496,293,59.07258064516129,488,290,59.42622950819673,0.976,True,23352.44921875,22223.811494140624,NORMAL,POINT_IN_TIME,500,496,488,NORMAL,MOMENTUM_ENABLED,True,True,True,0.992,22916.50890625,-1.0598245048610149,-1.0897367572915222,-1.1196490097220297,19.757789934844254,-1.0
ETERNAL-2025-09-16,ETERNAL,2025-09-08,2025-09-16,6,329.6499938964844,7.760719479707286,7.138626269151681,320.70001220703125,1.1532412314161746,327.29998779296875,325.6000061035156,323.0174987792969,303.7269982910156,256.6266992950439,8872366292.669128,43.25955734406438,97.1830985915493,93.96378269617706,80.04024144869214,0.9920159680638724,0.7043410320919092,True,0.9920159680638724,91.7102615694165,True,True,True,True,True,True,True,True,True,True,True,True,True,True,,2025-09-17,327.29998779296875,318.9153556397433,8.384632153225425,2025-09-29,326.95001220703125,SMA20,-0.0010692807790719,2025-09-26,-0.041740124019975,8,2025-09-16,501,497,497,294,59.15492957746479,487,331,67.96714579055441,0.9720558882235528,True,23369.30078125,22249.04400390625,NORMAL,POINT_IN_TIME,501,497,487,NORMAL,MOMENTUM_ENABLED,True,True,True,0.9920159680638723,23023.013046875,-0.1978829251884495,-0.2759543257726867,-0.3540257263569239,8.384632153225425,-0.04174012401997509
EXIDEIND-2023-08-07,EXIDEIND,2023-08-01,2023-08-07,4,259.5159912109375,6.377244923098465,6.7224061680372245,248.32059704037687,1.7555220640829885,259.4173583984375,256.9020925572109,248.571314239502,230.1145004272461,191.61871032714845,796753491.6109924,65.439672801636,90.79754601226992,85.48057259713701,81.59509202453987,0.9741035856573704,0.6789987148418722,True,0.9741035856573704,84.56032719836402,True,True,True,True,True,True,True,True,True,True,True,True,True,True,,2023-08-08,260.35440347722783,246.63999549836765,13.71440797886018,2023-08-28,256.8527669240598,SMA20,-0.0134495000138314,2023-08-25,-0.2553253890773548,13,2023-08-07,502,491,491,370,75.35641547861506,482,405,84.02489626556017,0.9601593625498008,True,16956.349609375,15503.839248046876,STRONG_MOMENTUM,POINT_IN_TIME,502,491,482,STRONG_MOMENTUM,MOMENTUM_ENABLED,True,True,True,0.9780876494023905,16428.740078125,-0.33126141311238316,-0.3692294251298973,-0.4071974371474115,13.71440797886018,-0.2553253890773548
EXIDEIND-2024-05-14,EXIDEIND,2024-04-30,2024-05-14,9,465.96484375,20.666197313691697,19.15968886413194,429.0743274449181,1.7850655224626806,454.9667053222656,453.3885333130913,448.88571014404295,370.9500341796875,303.71816459655764,3784169508.8301086,96.51639344262296,94.87704918032787,91.59836065573772,94.38524590163937,0.9740518962075848,0.3170268637060028,True,0.9740518962075848,95.77868852459017,True,True,True,True,True,True,True,True,True,True,True,True,True,True,,2024-05-15,455.7065128965597,424.2844052288851,31.422107667674595,2024-06-04,424.2844052288851,STOP_INTRADAY,-0.0689525095174733,,-1.0,13,2024-05-14,501,493,492,288,58.53658536585365,480,357,74.375,0.9580838323353292,True,20683.80078125,18638.31026367188,NORMAL,POINT_IN_TIME,501,492,480,NORMAL,MOMENTUM_ENABLED,True,True,True,0.9820359281437125,20427.9570703125,-1.0580109415595145,-1.0870164123392714,-1.1160218831190287,31.422107667674595,-1.0
EXIDEIND-2024-05-24,EXIDEIND,2024-05-17,2024-05-24,4,469.8117065429688,18.250817596711222,18.54614904086312,454.0790098147528,0.8620269554965564,468.2828369140625,464.4359763398772,456.7298828125,391.2496899414063,311.3466217803955,2006485417.7349243,52.44897959183673,93.26530612244898,89.38775510204081,79.85714285714286,0.9780439121756488,3.504471891067909,True,0.9780439121756488,81.0,True,True,True,True,True,True,True,True,True,True,True,True,True,True,,2024-05-27,473.36267425696354,449.442472554537,23.92020170242654,2024-06-04,449.442472554537,STOP_INTRADAY,-0.0505325049973026,,-1.0,6,2024-05-24,501,493,492,336,68.29268292682927,480,364,75.83333333333333,0.9580838323353292,True,21483.75,18786.948759765623,STRONG_MOMENTUM,POINT_IN_TIME,501,492,480,STRONG_MOMENTUM,MOMENTUM_ENABLED,True,True,True,0.9820359281437125,20551.7060546875,-1.0791569703543,-1.11873545553145,-1.1583139407086,23.92020170242654,-1.0
EXIDEIND-2024-07-08,EXIDEIND,2024-06-25,2024-07-08,9,571.75390625,22.189454404470144,17.120203018478783,549.6589775843336,0.9957400602520146,563.6655883789062,563.2216969417298,552.7414337158203,502.4963342285157,352.21280654907224,2999375673.221161,50.10141987829615,97.7687626774848,92.0892494929006,81.76470588235294,0.9820717131474104,0.4973400555201003,True,0.9780876494023903,96.47657841140528,True,True,True,True,True,True,True,True,True,True,True,True,True,True,,2024-07-09,564.6026778049819,545.3789268297139,19.22375097526799,2024-07-10,545.3789268297139,STOP_INTRADAY,-0.034048281616383,,-1.0,1,2024-07-08,502,493,493,408,82.75862068965517,484,416,85.9504132231405,0.9641434262948207,True,22971.150390625,19549.66376953125,STRONG_MOMENTUM,POINT_IN_TIME,502,493,484,STRONG_MOMENTUM,MOMENTUM_ENABLED,True,True,True,0.9820717131474104,21580.0141015625,-1.1174802313099794,-1.1762203469649692,-1.2349604626199588,19.22375097526799,-1.0
EXIDEIND-2025-09-18,EXIDEIND,2025-09-08,2025-09-18,8,425.3118591308594,10.241002845020724,8.831267560835785,411.87626033660695,1.3119417109414189,423.1223449707031,418.9921320318135,410.2913345336914,393.4971032714844,383.9142713928223,931284149.1195984,83.29979879275655,80.08048289738431,65.99597585513078,76.82092555331992,0.9920159680638724,0.8852157914835858,True,0.9920159680638724,77.82696177062374,True,True,True,True,True,True,True,True,True,True,True,True,True,True,,2025-09-19,421.38067963385487,409.668443446398,11.71223618745688,2025-09-22,409.668443446398,STOP_INTRADAY,-0.0277949055415493,,-1.0,1,2025-09-18,501,497,497,312,62.77665995975856,487,335,68.78850102669405,0.9720558882235528,True,23518.900390625,22257.593759765627,STRONG_MOMENTUM,POINT_IN_TIME,501,497,487,STRONG_MOMENTUM,MOMENTUM_ENABLED,True,True,True,0.9920159680638723,23019.8200390625,-1.1439112643869422,-1.2158668965804134,-1.2878225287738845,11.712236187456881,-1.0
FACT-2023-09-28,FACT,2023-09-15,2023-09-28,8,564.9357299804688,31.250043479361,27.475499569987733,512.8370860178478,1.6671542872261709,543.1949462890625,538.9008452043366,516.7561401367187,486.38154174804686,352.70275421142577,810576926.5078735,92.44897959183672,70.40816326530613,98.9795918367347,85.59183673469389,0.9780439121756488,1.1287415097585418,True,0.9780439121756488,96.3469387755102,True,True,True,True,True,True,True,True,True,True,True,True,True,True,,2023-09-29,544.2434179506151,505.9682111253509,38.27520682526426,2023-10-05,529.2642675450523,SMA20,-0.0275228875747689,2023-10-04,-0.3913538723368968,3,2023-09-28,501,491,491,307,62.52545824847251,488,425,87.09016393442623,0.9740518962075848,True,17170.44921875,15795.18576171875,STRONG_MOMENTUM,POINT_IN_TIME,501,491,488,STRONG_MOMENTUM,MOMENTUM_ENABLED,True,True,True,0.9800399201596807,17090.0610546875,-0.4482307347335099,-0.47666916593181635,-0.505107597130123,38.27520682526426,-0.3913538723368968
FACT-2023-11-08,FACT,2023-10-31,2023-11-08,6,755.0004272460938,45.141496138605454,43.7116917506081,701.8742531369468,1.1768811105866943,742.717529296875,725.6911802511063,682.3763916015625,581.3937878417969,399.8937233734131,1425550870.2006226,99.79591836734694,98.16326530612244,98.36734693877553,98.71428571428572,0.9780439121756488,0.9468204958603345,True,0.9760479041916168,98.81390593047036,True,True,True,True,True,True,True,True,True,True,True,True,True,True,,2023-11-09,746.4623332084801,690.9463301992947,55.5160030091854,2023-11-22,709.0143396084599,SMA20,-0.0501672916824342,2023-11-21,-0.6745441236795146,8,2023-11-08,501,491,491,252,51.32382892057027,488,405,82.99180327868852,0.9740518962075848,True,17259.69921875,16010.728994140623,NORMAL,POINT_IN_TIME,501,491,488,NORMAL,MOMENTUM_ENABLED,True,True,True,0.9800399201596807,17206.412890625,-0.7283277026655575,-0.755219492158579,-0.7821112816516005,55.5160030091854,-0.6745441236795146
FACT-2023-12-15,FACT,2023-12-06,2023-12-15,7,811.9712524414062,32.85936452648226,40.82543442579044,743.0170799234918,2.098463360797571,799.9379272460938,797.2416473133525,745.134146118164,696.4268627929688,457.3434109497071,547976216.4001465,58.36734693877551,97.14285714285714,98.36734693877553,85.87755102040816,0.9780439121756488,8.621565177047605,True,0.9780439121756488,88.69387755102042,True,True,True,True,True,True,True,True,True,True,True,True,True,True,,2023-12-18,803.0336948474779,732.8107213170442,70.2229735304337,2023-12-21,743.9658155831961,SMA20,-0.0735559163249068,2023-12-20,-0.841147509065286,3,2023-12-15,501,491,491,423,86.15071283095723,489,439,89.77505112474438,0.9760479041916168,True,19145.05078125,16386.43372558594,STRONG_MOMENTUM,POINT_IN_TIME,501,491,489,STRONG_MOMENTUM,MOMENTUM_ENABLED,True,True,True,0.9800399201596807,17592.4528515625,-0.8868894453277517,-0.9097604134589846,-0.9326313815902174,70.2229735304337,-0.841147509065286
FACT-2024-12-16,FACT,2024-12-06,2024-12-16,6,1029.093994140625,41.011106860061815,39.89711604936932,972.2664554936908,1.3856621534464144,1009.3018188476562,1008.3022268115142,941.473583984375,898.7794299316406,858.1502453613281,429789375.2094727,94.73684210526316,68.0161943319838,85.62753036437248,81.3157894736842,0.988,0.6278293284070934,True,0.988,84.7165991902834,True,True,True,True,True,True,True,True,True,True,True,True,True,True,,2024-12-17,1017.6484985682206,962.2921764813484,55.35632208687218,2024-12-20,962.2921764813484,STOP_INTRADAY,-0.0543963089070103,,-1.0,3,2024-12-16,500,496,496,293,59.07258064516129,488,290,59.42622950819673,0.976,True,23352.44921875,22223.811494140624,NORMAL,POINT_IN_TIME,500,496,488,NORMAL,MOMENTUM_ENABLED,True,True,True,0.992,22916.50890625,-1.0735344011454517,-1.1103016017181775,-1.1470688022909032,55.35632208687218,-1.0
FINCABLES-2024-06-03,FINCABLES,2024-05-29,2024-06-03,3,1463.161376953125,71.276233109184,68.36780632747534,1398.8389281844068,0.9024389472180204,1446.514404296875,1444.0517597165765,1170.489663696289,1049.0533862304687,1017.5048599243164,440484307.23876953,98.16326530612244,95.10204081632652,81.63265306122449,91.9795918367347,0.9780439121756488,1.039329160269281,True,0.9780439121756488,93.97959183673468,True,True,True,True,True,True,True,True,True,True,True,True,True,True,,2024-06-04,1446.5143466339312,1381.746976602538,64.76737003139306,2024-06-04,1381.746976602538,STOP_INTRADAY,-0.0447747858029255,,-1.0,0,2024-06-03,501,493,493,303,61.4604462474645,480,347,72.29166666666667,0.9580838323353292,True,21797.400390625,18918.27002929688,STRONG_MOMENTUM,POINT_IN_TIME,501,493,480,STRONG_MOMENTUM,MOMENTUM_ENABLED,True,True,True,0.9840319361277445,20707.5680859375,-1.0893359940928773,-1.1340039911393158,-1.1786719881857544,64.76737003139306,-1.0
FINCABLES-2024-07-16,FINCABLES,2024-07-05,2024-07-16,7,1641.550048828125,65.83706035453793,68.58267517159534,1531.768733605783,1.6674698814187747,1631.650390625,1601.1639486153929,1588.1910217285156,1402.3062878417968,1091.5215451049803,244555396.31188965,52.73833671399595,97.3630831643002,89.24949290060852,81.54158215010142,0.9801192842942346,2.6588533335074467,True,0.9820717131474104,87.66734279918865,True,True,True,True,True,True,True,True,True,True,True,True,True,True,,2024-07-18,1640.6633406524163,1514.6230648128842,126.04027583953211,2024-07-19,1549.6960095653574,SMA20,-0.0554454584515098,2024-07-18,-0.7217322437700294,1,2024-07-16,503,493,493,413,83.77281947261663,484,421,86.98347107438018,0.9622266401590456,True,23204.25,19716.877265625,STRONG_MOMENTUM,POINT_IN_TIME,503,493,484,STRONG_MOMENTUM,MOMENTUM_ENABLED,True,True,True,0.9801192842942346,21836.4141015625,-0.7738001507854416,-0.7998341042931477,-0.8258680578008538,126.04027583953211,-0.7217322437700294
FINPIPE-2024-06-21,FINPIPE,2024-06-07,2024-06-21,9,341.7528991699219,17.531899401107793,13.785172418933058,314.92389412087635,1.5302965431885986,324.6799011230469,323.7042762620906,321.3384613037109,288.3660858154297,232.9666066741944,352653719.05337524,52.74949083503056,92.4643584521385,86.35437881873727,78.71690427698576,0.9780876494023903,2.421909480883223,True,0.9800399201596808,94.62321792260693,True,True,True,True,True,True,True,True,True,True,True,True,True,True,,2024-06-24,325.606732366702,311.47760101614307,14.129131350558907,2024-06-28,321.1189514057544,SMA20,-0.013782826074657,2024-06-27,-0.3176261052148915,4,2024-06-21,502,493,493,410,83.16430020283975,484,405,83.67768595041323,0.9641434262948207,True,22236.19921875,19238.9940234375,STRONG_MOMENTUM,POINT_IN_TIME,502,493,484,STRONG_MOMENTUM,MOMENTUM_ENABLED,True,True,True,0.9820717131474104,21130.3550390625,-0.409806360118901,-0.45589648757090767,-0.5019866150229144,14.129131350558907,-0.3176261052148875
FLUOROCHEM-2024-09-27,FLUOROCHEM,2024-09-16,2024-09-27,9,4478.28466796875,164.8045539447298,175.88811158326794,4093.815685845894,2.33287838788602,4296.20654296875,4287.163715721731,4025.6762817382814,3576.8237109375,3423.1091125488283,1043874850.3981934,100.0,93.30628803245436,69.97971602434076,88.31643002028399,0.986,0.4922475461653635,True,0.9820717131474104,86.26774847870182,True,True,True,True,True,True,True,True,True,True,True,True,True,True,,2024-09-30,4330.929157031093,4049.843657950077,281.0854990810162,2024-10-04,4049.843657950077,STOP_INTRADAY,-0.064901892616896,,-1.0,3,2024-09-27,500,493,493,298,60.446247464503045,490,402,82.0408163265306,0.98,True,24489.55078125,21285.55428710937,STRONG_MOMENTUM,POINT_IN_TIME,500,493,490,STRONG_MOMENTUM,MOMENTUM_ENABLED,True,True,True,0.986,23471.9529296875,-1.0616314846719688,-1.0924472270079533,-1.1232629693439378,281.0854990810162,-1.0
FORTIS-2023-12-11,FORTIS,2023-12-05,2023-12-11,4,386.28662109375,10.604520360873211,9.98631431917501,374.5371688398844,1.107966400556577,384.3947143554688,382.8514031935742,371.95581817626953,347.9178271484375,308.12370780944826,761130155.2153931,76.32653061224491,70.61224489795919,70.61224489795919,72.32653061224491,0.9780439121756488,1.3609005263126452,True,0.9780439121756488,73.04081632653062,True,True,True,True,True,True,True,True,True,True,True,True,True,True,,2023-12-12,383.39902956094255,372.0405902600906,11.358439300851956,2024-01-16,413.12103643503485,SMA20,0.0775223842066817,2024-01-15,2.6167333457390543,24,2023-12-11,501,491,491,407,82.89205702647658,488,437,89.54918032786885,0.9740518962075848,True,18770.19921875,16308.349477539065,STRONG_MOMENTUM,POINT_IN_TIME,501,491,488,STRONG_MOMENTUM,MOMENTUM_ENABLED,True,True,True,0.9800399201596807,17462.4908203125,2.481715137900523,2.4142060339812574,2.346696930061992,11.358439300851956,2.6167333457390543
FORTIS-2024-01-05,FORTIS,2024-01-02,2024-01-05,3,433.6327209472656,12.913551948837412,12.661383572298108,419.2446868693359,1.1141809886957637,432.4378662109375,428.9528826073344,403.0145721435547,373.7316705322266,320.3053820037842,596777228.746994,81.0204081632653,76.93877551020408,66.53061224489795,75.0408163265306,0.9780439121756488,0.8116825383485397,True,0.9780439121756488,76.22448979591837,True,True,True,True,True,True,True,True,True,True,True,True,True,True,,2024-01-08,431.1434635615849,416.0793409762613,15.064122585323616,2024-01-10,416.0793409762613,STOP_INTRADAY,-0.0349399303444892,,-1.0,2,2024-01-05,501,491,491,432,87.9837067209776,489,448,91.6155419222904,0.9760479041916168,True,19590.599609375,16683.722470703124,STRONG_MOMENTUM,POINT_IN_TIME,501,491,489,STRONG_MOMENTUM,MOMENTUM_ENABLED,True,True,True,0.9800399201596807,18098.6019140625,-1.1144821973187158,-1.1717232959780735,-1.2289643946374313,15.064122585323616,-1.0
FSL-2023-09-01,FSL,2023-08-25,2023-09-01,5,159.96194458007812,4.901196037634522,5.377726997056372,151.78314753259167,1.6687349342251183,159.58152770996094,156.82356785624452,147.04468002319337,135.28956939697267,114.5016117477417,308624843.5618286,85.91836734693878,78.57142857142857,79.79591836734694,81.14285714285714,0.9760956175298804,6.015767918072571,True,0.9760956175298804,85.10204081632654,True,True,True,True,True,True,True,True,True,True,True,True,True,True,,2023-09-04,160.43744078146585,150.43871578332758,9.998724998138272,2023-09-12,150.43871578332758,STOP_INTRADAY,-0.0623216435604808,,-1.0,6,2023-09-01,502,492,491,373,75.96741344195519,483,426,88.19875776397515,0.9621513944223108,True,17074.55078125,15645.876274414062,STRONG_MOMENTUM,POINT_IN_TIME,502,491,483,STRONG_MOMENTUM,MOMENTUM_ENABLED,True,True,True,0.9780876494023905,16766.41412109375,-1.0641831596773943,-1.0962747395160914,-1.1283663193547888,9.998724998138272,-1.0
FSL-2023-09-08,FSL,2023-09-04,2023-09-08,4,162.29193115234375,5.418167118412989,5.300360083317052,156.918668700325,0.9917122035159044,160.91294860839844,160.77030140652494,151.87587280273436,139.04991104125978,116.03940769195556,395232019.7333984,79.18367346938776,80.61224489795919,79.18367346938776,79.75510204081633,0.9780439121756488,1.0772365799789885,True,0.9760956175298804,83.24489795918367,True,True,True,True,True,True,True,True,True,True,True,True,True,True,,2023-09-11,161.76889502095557,155.59357867949572,6.175316341459848,2023-09-12,155.59357867949572,STOP_INTRADAY,-0.038173694273302,,-1.0,1,2023-09-08,501,491,491,414,84.31771894093686,487,451,92.60780287474331,0.9720558882235528,True,17487.44921875,15688.051762695311,STRONG_MOMENTUM,POINT_IN_TIME,501,491,487,STRONG_MOMENTUM,MOMENTUM_ENABLED,True,True,True,0.9800399201596807,16885.0370703125,-1.1047841995946808,-1.1571762993920212,-1.2095683991893615,6.1753163414598475,-1.0
FSL-2024-07-12,FSL,2024-07-08,2024-07-12,4,242.09255981445312,9.08479667503253,9.624420018167674,228.7161195164824,1.4723984230415188,241.4247131347656,235.2010893472074,214.26721649169923,198.39182220458983,182.3249660491944,772423693.653595,96.14604462474644,71.80527383367141,72.21095334685599,79.2292089249493,0.9801192842942346,2.501868746777609,True,0.9820717131474104,80.04056795131845,True,True,True,True,True,True,True,True,True,True,True,True,True,True,,2024-07-15,242.7604252208206,226.31001451194047,16.450410708880128,2024-07-23,226.31001451194047,STOP_INTRADAY,-0.0677639722121777,,-1.0,5,2024-07-12,503,493,493,404,81.94726166328601,484,423,87.39669421487604,0.9622266401590456,True,23095.44921875,19660.458017578127,STRONG_MOMENTUM,POINT_IN_TIME,503,493,484,STRONG_MOMENTUM,MOMENTUM_ENABLED,True,True,True,0.9801192842942346,21748.9951171875,-1.0590284168625106,-1.0885426252937658,-1.1180568337250207,16.450410708880128,-1.0
GAIL-2024-01-12,GAIL,2024-01-02,2024-01-12,8,147.79981994628906,5.30178791584219,4.738851977376443,140.4120728024141,1.393444487245475,146.31324768066406,145.14202694642,140.21836776733397,126.45735412597656,108.17585529327393,3496581143.631859,85.10204081632654,80.81632653061224,77.14285714285715,81.0,0.9780439121756488,1.209941427644819,True,0.9780439121756488,87.75510204081633,True,True,True,True,True,True,True,True,True,True,True,True,True,True,,2024-01-15,147.48447621691585,139.22735980806996,8.257116408845889,2024-01-24,142.97976372569474,SMA20,-0.0305436382646517,2024-01-23,-0.54555516334918,6,2024-01-12,501,491,491,417,84.928716904277,489,437,89.36605316973414,0.9760479041916168,True,19745.599609375,16813.61197265625,STRONG_MOMENTUM,POINT_IN_TIME,501,491,489,STRONG_MOMENTUM,MOMENTUM_ENABLED,True,True,True,0.9800399201596807,18377.1729296875,-0.6170011592219837,-0.6527241571583855,-0.6884471550947875,8.257116408845889,-0.54555516334918
GAIL-2024-01-25,GAIL,2024-01-19,2024-01-25,3,151.62881469726562,4.9061808580219,5.323690104284005,140.32197610737606,2.3046110441285927,149.0160675048828,148.7458117059081,146.70966720581055,132.38466262817383,110.324831199646,4150192887.793785,68.9795918367347,81.22448979591836,79.18367346938776,76.93877551020408,0.9780439121756488,0.6794203857674079,True,0.9780439121756488,82.91836734693878,True,True,True,True,True,True,True,True,True,True,True,True,True,True,,2024-01-29,151.31350202069737,138.99105358130507,12.322448439392303,2024-03-13,167.1418615438568,SMA20,0.1046063921050109,2024-03-12,1.2845141613706788,31,2024-01-25,501,491,491,321,65.37678207739307,489,407,83.23108384458078,0.9760479041916168,True,19393.0,17020.314487304688,STRONG_MOMENTUM,POINT_IN_TIME,501,491,489,STRONG_MOMENTUM,MOMENTUM_ENABLED,True,True,True,0.9800399201596807,18777.58796875,1.235396162536298,1.2108371631191075,1.186278163701917,12.322448439392303,1.2845141613706788
GAIL-2024-02-29,GAIL,2024-02-15,2024-02-29,9,171.18338012695312,6.424257112190075,5.632639822186008,163.79718974256437,1.149734553801311,169.32522583007812,168.90713833320584,166.2435546875,153.47542419433594,118.3740050125122,3025366511.4543457,83.09572301425662,93.68635437881872,86.15071283095723,88.24847250509166,0.9800399201596808,1.0427740462775632,True,0.9780439121756488,87.69387755102042,True,True,True,True,True,True,True,True,True,True,True,True,True,True,,2024-03-01,171.83375322820166,162.38902978701788,9.444723441183784,2024-03-13,167.1418615438568,SMA20,-0.0273048315374561,2024-03-12,-0.496773856170931,7,2024-02-29,501,491,491,264,53.76782077393075,490,373,76.12244897959184,0.9780439121756488,True,20090.05078125,17593.744506835938,NORMAL,POINT_IN_TIME,501,491,490,NORMAL,MOMENTUM_ENABLED,True,True,True,0.9800399201596807,19667.91609375,-0.5695483547778122,-0.6059356040812527,-0.6423228533846933,9.444723441183783,-0.496773856170931
GESHIP-2023-10-09,GESHIP,2023-09-27,2023-10-09,7,781.270751953125,29.13606517791996,27.368839480470854,744.680107904442,1.255854001741192,773.6515502929688,769.1346943473969,757.2039642333984,722.065361328125,623.131605682373,268213539.5889893,91.42857142857144,71.22448979591837,65.51020408163265,75.57142857142857,0.9780439121756488,1.0425100464031167,True,0.9780439121756488,74.55102040816327,True,True,True,True,True,True,True,True,True,True,True,True,True,True,,2023-10-10,777.4839505583635,737.8378980343243,39.64605252403919,2023-10-25,762.6560690904618,SMA20,-0.0190716238672873,2023-10-23,-0.3740065031420454,10,2023-10-09,501,491,491,254,51.73116089613035,488,426,87.29508196721312,0.9740518962075848,True,17127.69921875,15835.60201171875,NORMAL,POINT_IN_TIME,501,491,488,NORMAL,MOMENTUM_ENABLED,True,True,True,0.9800399201596807,17123.0569921875,-0.452449011392968,-0.49167026551842924,-0.5308915196438906,39.64605252403919,-0.3740065031420454
GESHIP-2024-06-28,GESHIP,2024-06-18,2024-06-28,8,1148.272216796875,51.970130912496856,46.81015703521325,1083.1459810805618,1.253147424738405,1146.260498046875,1124.7388307120084,1080.6171112060547,1006.48572265625,876.2488214111328,998123775.3450928,85.16260162601627,69.51219512195121,59.34959349593496,71.15853658536585,0.9800796812749004,1.557493955536134,True,0.9780876494023903,78.67617107942974,True,True,True,True,True,True,True,True,True,True,True,True,True,True,,2024-07-01,1150.938990787227,1071.4434418217586,79.49554896546852,2024-08-05,1185.6075014783144,SMA20,0.0301219360614192,2024-08-02,0.4361063121426666,24,2024-06-28,502,493,493,390,79.10750507099391,484,409,84.50413223140497,0.9641434262948207,True,22559.69921875,19377.443017578124,STRONG_MOMENTUM,POINT_IN_TIME,502,493,484,STRONG_MOMENTUM,MOMENTUM_ENABLED,True,True,True,0.9820717131474104,21299.2430859375,0.3781941897275022,0.34923812851992,0.32028206731233777,79.49554896546852,0.4361063121426666
GICRE-2023-12-07,GICRE,2023-11-30,2023-12-07,5,303.1285400390625,14.240432193952715,14.666747245917382,277.6109284644343,1.7919127191564015,294.8756408691406,293.4527394702504,259.2031410217285,230.8387313842773,180.6416870117188,658308983.5410461,97.55102040816328,94.89795918367348,90.6122448979592,94.40816326530611,0.9780439121756488,2.1387498027231664,True,0.9780439121756488,96.22448979591834,True,True,True,True,True,True,True,True,True,True,True,True,True,True,,2023-12-08,295.9191266361096,273.944241652955,21.974884983154595,2023-12-21,287.2867558555182,SMA20,-0.0291713850291487,2023-12-20,-0.3928289402747152,9,2023-12-07,501,491,491,419,85.33604887983707,488,442,90.57377049180327,0.9740518962075848,True,18703.849609375,16271.023735351562,STRONG_MOMENTUM,POINT_IN_TIME,501,491,488,STRONG_MOMENTUM,MOMENTUM_ENABLED,True,True,True,0.9800399201596807,17404.0028515625,-0.44669390964551353,-0.4736263943309127,-0.5005588790163119,21.974884983154595,-0.3928289402747152
GICRE-2023-12-22,GICRE,2023-12-19,2023-12-22,3,306.4486694335937,13.682342778312668,14.947105386891804,280.36188038628654,1.9066025073320283,298.00604248046875,295.9665379576863,294.6100311279297,249.7739492797852,189.4461312866211,708372024.2992249,85.71428571428571,91.22448979591836,91.22448979591836,89.57142857142857,0.9780439121756488,0.5828633566550065,True,0.9780439121756488,94.46938775510203,True,True,True,True,True,True,True,True,True,True,True,True,True,True,,2023-12-26,298.81239677052025,276.6251040395636,22.18729273095664,2024-01-01,293.07332645576656,SMA20,-0.0192062657934541,2023-12-29,-0.258664740414512,4,2023-12-22,501,491,491,401,81.67006109979633,489,438,89.57055214723927,0.9760479041916168,True,19054.69921875,16496.604721679687,STRONG_MOMENTUM,POINT_IN_TIME,501,491,489,STRONG_MOMENTUM,MOMENTUM_ENABLED,True,True,True,0.9800399201596807,17773.596875,-0.3125356475853729,-0.3394711011708033,-0.36640655475623374,22.187292730956642,-0.25866474041451204
GICRE-2024-07-16,GICRE,2024-07-09,2024-07-16,5,395.9975891113281,16.39291027310597,17.016252866693716,373.80005282219537,1.3540936855824677,395.6180725097656,392.2505434086853,376.15736083984376,353.0814556884766,308.4910589599609,625045633.8976746,62.47464503042597,79.71602434077079,69.1683569979716,71.37931034482759,0.9801192842942346,4.120840322271827,True,0.9820717131474104,71.96754563894524,True,True,True,True,True,True,True,True,True,True,True,True,True,True,,2024-07-18,395.6655333987755,369.5459896055219,26.11954379325357,2024-07-19,369.5459896055219,STOP_INTRADAY,-0.0660142003496896,,-1.0,1,2024-07-16,503,493,493,413,83.77281947261663,484,421,86.98347107438018,0.9622266401590456,True,23204.25,19716.877265625,STRONG_MOMENTUM,POINT_IN_TIME,503,493,484,STRONG_MOMENTUM,MOMENTUM_ENABLED,True,True,True,0.9801192842942346,21836.4141015625,-1.0605930236041827,-1.0908895354062744,-1.1211860472083657,26.11954379325357,-1.0
GILLETTE-2025-07-11,GILLETTE,2025-06-30,2025-07-11,9,10553.8681640625,314.9983744023597,306.29470633182,10033.889310446992,1.650735038242824,10398.6005859375,10389.893096239944,10187.51328125,9316.658251953126,8718.981791992188,267693070.3330078,73.03822937625755,84.50704225352112,68.81287726358148,76.35814889336015,0.994,2.1513476936957256,True,0.9900199600798404,87.98387096774194,True,True,True,True,True,True,True,True,True,True,True,True,True,True,,2025-07-14,10467.28602584826,9957.315633864038,509.97039198422135,2025-07-28,10370.545705419743,SMA20,-0.0092421588738113,2025-07-25,-0.1896979157007763,10,2025-07-11,500,497,497,346,69.61770623742454,479,293,61.16910229645094,0.958,True,23282.69921875,22292.152978515624,STRONG_MOMENTUM,POINT_IN_TIME,500,497,479,STRONG_MOMENTUM,MOMENTUM_ENABLED,True,True,True,0.994,22951.1549609375,-0.2717990430632651,-0.3128496067445076,-0.3539001704257502,509.97039198422135,-0.1896979157007799
GILLETTE-2025-07-23,GILLETTE,2025-07-18,2025-07-23,3,10891.0078125,328.0784188586157,315.19439074265546,10565.960976737284,0.9907595778276226,10845.5400390625,10821.354472748146,10486.803076171876,9791.77822265625,8818.43921142578,288374441.55615234,79.87927565392354,94.3661971830986,77.2635814889336,84.88933601609658,0.9920159680638724,0.9971819571583814,True,0.9920159680638724,81.20724346076459,True,True,True,True,True,True,True,True,True,True,True,True,True,True,,2025-07-24,10849.408760370512,10487.16237905162,362.2463813188915,2025-07-25,10487.16237905162,STOP_INTRADAY,-0.0333885826702431,,-1.0,1,2025-07-23,501,497,497,306,61.56941649899397,479,314,65.55323590814196,0.9560878243512974,True,23428.400390625,22255.32173828125,STRONG_MOMENTUM,POINT_IN_TIME,501,497,479,STRONG_MOMENTUM,MOMENTUM_ENABLED,True,True,True,0.9920159680638723,23150.1589453125,-1.1198014315104459,-1.1797021472656688,-1.2396028630208917,362.2463813188915,-1.0
GLAXO-2024-01-31,GLAXO,2024-01-18,2024-01-31,7,2205.048828125,75.74460142952948,77.54161615107334,2030.0572223548104,2.310284858162424,2129.33544921875,2091.573796982617,2075.685845947265,1805.4805200195312,1442.030552368164,672342868.1661377,87.95918367346938,90.0,84.08163265306122,87.61224489795919,0.9780439121756488,0.6489675420156094,True,0.9780439121756488,93.20408163265306,True,True,True,True,True,True,True,True,True,True,True,True,True,True,,2024-02-01,2129.430222768933,2010.671818317042,118.75840445189124,2024-02-13,2010.671818317042,STOP_INTRADAY,-0.0557700380045643,,-1.0,8,2024-01-31,501,491,491,357,72.70875763747455,489,413,84.45807770961146,0.9760479041916168,True,19802.099609375,17095.401479492186,STRONG_MOMENTUM,POINT_IN_TIME,501,491,489,STRONG_MOMENTUM,MOMENTUM_ENABLED,True,True,True,0.9800399201596807,18917.681953125,-1.0717230997703935,-1.1075846496555901,-1.1434461995407867,118.75840445189124,-1.0
GLAXO-2024-06-24,GLAXO,2024-06-13,2024-06-24,6,2587.89990234375,104.7328976998714,106.62307987662652,2395.151139517642,1.8403841300988328,2528.10595703125,2490.7829460136004,2438.9892578125,2145.5993188476564,1827.418270874024,463319460.1845703,63.13645621181263,79.63340122199592,85.33604887983707,76.39511201629327,0.9780876494023903,2.347786278822576,True,0.9780876494023903,90.32586558044808,True,True,True,True,True,True,True,True,True,True,True,True,True,True,,2024-06-25,2528.1060949528865,2368.495369548485,159.61072540440136,2024-07-05,2487.5728431544608,SMA20,-0.0160330501474389,2024-07-04,-0.2539506771598693,8,2024-06-24,502,493,493,401,81.33874239350912,484,406,83.88429752066115,0.9641434262948207,True,22289.099609375,19265.68827148437,STRONG_MOMENTUM,POINT_IN_TIME,502,493,484,STRONG_MOMENTUM,MOMENTUM_ENABLED,True,True,True,0.9820717131474104,21159.7550390625,-0.3173074744815403,-0.34898587314237584,-0.3806642718032114,159.61072540440136,-0.2539506771598693
GLENMARK-2024-09-05,GLENMARK,2024-08-30,2024-09-05,4,1725.0418701171875,44.19986459710333,43.89778010818917,1660.044585537084,1.4705313053009474,1702.828125,1697.847532410332,1622.6724609375,1471.57455078125,1077.9148583984374,1679430974.8009644,92.0892494929006,89.8580121703854,97.97160243407708,92.96146044624746,0.9820717131474104,0.980031415020596,True,0.9820717131474104,96.32860040567952,True,True,True,True,True,True,True,True,True,True,True,True,True,True,,2024-09-06,1703.0772549068115,1649.0701405100367,54.0071143967748,2024-09-18,1649.0701405100367,STOP_INTRADAY,-0.0317114882728734,,-1.0,8,2024-09-05,502,494,493,302,61.257606490872206,489,410,83.84458077709611,0.9741035856573704,True,23762.80078125,20773.62978515625,STRONG_MOMENTUM,POINT_IN_TIME,502,493,489,STRONG_MOMENTUM,MOMENTUM_ENABLED,True,True,True,0.9820717131474104,23120.591953125,-1.1261372523919566,-1.1892058785879347,-1.252274504783913,54.007114396774796,-1.0
GMDCLTD-2025-09-18,GMDCLTD,2025-09-12,2025-09-18,4,559.341552734375,30.54037412356412,28.00382927305932,533.968226966344,0.8308125390138441,552.0499877929688,549.6732039399936,475.43155670166016,432.3007189941407,345.4121875,2803729564.810974,99.79879275653924,98.99396378269618,100.0,99.53722334004024,0.9920159680638724,0.8488646176674491,True,0.9920159680638724,99.55734406438631,True,True,True,True,True,True,True,True,True,True,True,True,True,True,,2025-09-19,552.0999755859375,526.9672696480792,25.132705937858304,2025-10-15,592.0,SMA20,0.0722695638081074,2025-10-14,1.5875737579836022,17,2025-09-18,501,497,497,312,62.77665995975856,487,335,68.78850102669405,0.9720558882235528,True,23518.900390625,22257.593759765627,STRONG_MOMENTUM,POINT_IN_TIME,501,497,487,STRONG_MOMENTUM,MOMENTUM_ENABLED,True,True,True,0.9920159680638723,23019.8200390625,1.4997041944036154,1.4557694126136222,1.4118346308236287,25.132705937858304,1.5875737579836022
GMRAIRPORT-2024-02-13,GMRAIRPORT,2024-02-07,2024-02-13,4,90.8000030517578,3.948093534974209,4.181850792461961,84.19999694824219,1.6716944634288509,89.8499984741211,89.30000305175781,83.29249954223633,78.70000030517578,58.494499912261965,3186727646.993923,70.81632653061224,94.08163265306122,88.9795918367347,85.57142857142857,0.9780439121756488,2.161825688223045,True,0.9780439121756488,82.73469387755102,True,True,True,True,True,True,True,True,True,True,True,True,True,True,,2024-02-14,88.25,83.1545342501267,5.0954657498732985,2024-02-28,86.25,SMA20,-0.0226628895184136,2024-02-27,-0.3925058273720574,10,2024-02-13,501,491,491,274,55.80448065173116,489,376,76.89161554192229,0.9760479041916168,True,19782.900390625,17321.258740234374,NORMAL,POINT_IN_TIME,501,491,489,NORMAL,MOMENTUM_ENABLED,True,True,True,0.9800399201596807,19320.4969921875,-0.4617831059032255,-0.49642174516880966,-0.5310603844343936,5.0954657498732985,-0.3925058273720574
GODFRYPHLP-2024-05-03,GODFRYPHLP,2024-04-25,2024-05-03,5,1103.1356201171875,45.99486862488435,46.38746539126316,1031.6494960117143,1.554219551934914,1083.469482421875,1083.021765643206,1018.7600799560548,981.518975830078,751.379348449707,177894667.74902344,72.3360655737705,96.31147540983606,80.73770491803278,84.44672131147541,0.9740518962075848,8.815728866566385,True,0.9740518962075848,85.88114754098362,True,True,True,True,True,True,True,True,True,True,True,True,True,True,,2024-05-06,1085.6757456888447,1020.0526296638988,65.62311602494594,2024-05-07,1020.0526296638988,STOP_INTRADAY,-0.0604444893289101,,-1.0,1,2024-05-03,501,493,492,350,71.13821138211382,479,374,78.07933194154488,0.9560878243512974,True,20959.55078125,18499.69776367188,STRONG_MOMENTUM,POINT_IN_TIME,501,492,479,STRONG_MOMENTUM,MOMENTUM_ENABLED,True,True,True,0.9820359281437125,20372.7720703125,-1.0661764214473533,-1.09926463217103,-1.1323528428947063,65.62311602494594,-1.0
GODFRYPHLP-2024-07-04,GODFRYPHLP,2024-06-26,2024-07-04,6,1415.830078125,62.143301578011005,56.63592678454053,1315.5638471494906,1.6134680396670131,1393.02978515625,1381.4377792470991,1325.8046630859376,1214.845460205078,882.1092581176758,345120475.95318604,76.47058823529412,88.64097363083164,96.9574036511156,87.48478701825557,0.9820717131474104,1.4663150721460103,True,0.9780876494023903,88.28920570264765,True,True,True,True,True,True,True,True,True,True,True,True,True,True,,2024-07-05,1394.2290925296688,1301.4048654533551,92.82422707631372,2024-07-10,1314.28472140158,SMA20,-0.0573394799724332,2024-07-09,-0.861244673358432,3,2024-07-04,502,493,493,418,84.78701825557809,484,418,86.36363636363636,0.9641434262948207,True,22914.19921875,19492.55326171875,STRONG_MOMENTUM,POINT_IN_TIME,502,493,484,STRONG_MOMENTUM,MOMENTUM_ENABLED,True,True,True,0.9820717131474104,21488.5041015625,-0.9213250698860942,-0.9513652681499252,-0.9814054664137561,92.82422707631372,-0.861244673358432
GODFRYPHLP-2024-08-26,GODFRYPHLP,2024-08-20,2024-08-26,4,1869.274169921875,92.33866849307422,93.07952109253,1737.6841834555676,1.4250799650222077,1836.5675048828125,1818.108598299992,1491.1005615234376,1410.7281591796875,1013.2957983398436,461748071.0410767,99.59432048681542,95.94320486815415,99.39148073022312,98.07302231237324,0.9801192842942346,3.1189983768121805,True,0.9801192842942346,97.76876267748476,True,True,True,True,True,True,True,True,True,True,True,True,True,True,,2024-08-27,1831.6742018500129,1714.414303182435,117.25989866757776,2024-09-30,2247.700909646993,SMA20,0.2271292063713011,2024-09-27,3.5479026719644517,24,2024-08-26,503,493,493,281,56.99797160243407,487,416,85.42094455852155,0.9681908548707754,True,23561.75,20502.21453125,NORMAL,POINT_IN_TIME,503,493,487,NORMAL,MOMENTUM_ENABLED,True,True,True,0.9801192842942346,22888.52296875,3.48542012771315,3.454178855587499,3.4229375834618483,117.25989866757777,3.5479026719644513
GODREJCP-2024-05-13,GODREJCP,2024-05-08,2024-05-13,3,1289.015625,37.707684769470696,36.11901547196872,1251.8331394469235,0.9860718254221906,1277.56005859375,1275.459986774182,1179.041522216797,1175.4784399414064,1050.3554598999024,1042986065.4783936,86.68032786885246,71.31147540983606,66.18852459016394,74.38524590163935,0.9740518962075848,1.2164334316524592,True,0.9740518962075848,73.54508196721311,True,True,True,True,True,True,True,True,True,True,True,True,True,True,,2024-05-14,1284.9657951873344,1242.8033855789313,42.162409608403095,2024-05-15,1242.8033855789313,STOP_INTRADAY,-0.0328120871126038,,-1.0,1,2024-05-13,501,493,492,257,52.235772357723576,480,346,72.08333333333333,0.9580838323353292,True,20511.0,18618.71850585937,NORMAL,POINT_IN_TIME,501,492,480,NORMAL,MOMENTUM_ENABLED,True,True,True,0.9820359281437125,20419.3970703125,-1.1219062958803225,-1.1828594438204838,-1.2438125917606448,42.162409608403095,-1.0
GODREJIND-2023-10-13,GODREJIND,2023-10-06,2023-10-13,5,719.0999755859375,25.306821449646176,28.10195024344221,657.5,2.4341253487129952,683.9000244140625,681.4000244140625,604.5550018310547,553.4979986572266,476.54599914550784,210354125.7137146,97.75510204081633,91.42857142857144,82.24489795918367,90.57142857142856,0.9780439121756488,1.0455761108139514,True,0.9780439121756488,93.734693877551,True,True,True,True,True,True,True,True,True,True,True,True,True,True,,2023-10-16,687.0,650.4745124391394,36.5254875608606,2023-10-20,650.4745124391394,STOP_INTRADAY,-0.0531666485602046,,-1.0,4,2023-10-13,501,491,491,319,64.96945010183299,488,434,88.9344262295082,0.9740518962075848,True,17390.349609375,15869.979252929688,STRONG_MOMENTUM,POINT_IN_TIME,501,491,488,STRONG_MOMENTUM,MOMENTUM_ENABLED,True,True,True,0.9800399201596807,17153.91796875,-1.0752351353399772,-1.1128527030099657,-1.1504702706799543,36.5254875608606,-1.0
GODREJIND-2024-01-16,GODREJIND,2024-01-08,2024-01-16,6,878.5999755859375,31.392336624190893,30.65526123022783,815.0,2.025971381083097,845.9000244140625,843.5,778.4750061035156,709.1140051269531,560.5820008850097,404287443.0,96.3265306122449,72.24489795918367,88.77551020408163,84.42857142857143,0.9780439121756488,0.6423778258606762,True,0.9780439121756488,93.59183673469389,True,True,True,True,True,True,True,True,True,True,True,True,True,True,,2024-01-17,845.9000244140625,807.336184692443,38.5638397216195,2024-01-17,807.336184692443,STOP_INTRADAY,-0.0455891223650594,,-1.0,0,2024-01-16,501,491,491,405,82.4847250509165,489,433,88.5480572597137,0.9760479041916168,True,19827.55078125,16867.82098144531,STRONG_MOMENTUM,POINT_IN_TIME,501,491,489,STRONG_MOMENTUM,MOMENTUM_ENABLED,True,True,True,0.9800399201596807,18500.753984375,-1.0877402282055266,-1.1316103423082902,-1.1754804564110533,38.5638397216195,-1.0
GODREJPROP-2023-11-30,GODREJPROP,2023-11-21,2023-11-30,6,1881.754150390625,49.53713656382838,46.61133996447078,1814.3797986825448,1.3600776383444904,1867.672119140625,1851.599997910841,1811.881903076172,1695.4775634765624,1465.2018981933593,1143942273.8615112,78.16326530612245,68.9795918367347,67.14285714285714,71.18367346938776,0.9780439121756488,1.458593746252692,True,0.9780439121756488,81.30612244897958,True,True,True,True,True,True,True,True,True,True,True,True,True,True,,2023-12-01,1875.9322902030403,1802.726963691427,73.2053265116133,2023-12-21,1874.290154339947,SMA20,-0.0008753705406475,2023-12-20,-0.0224319177489459,14,2023-11-30,501,491,491,356,72.50509164969449,488,423,86.68032786885246,0.9740518962075848,True,17987.94921875,16182.727231445311,STRONG_MOMENTUM,POINT_IN_TIME,501,491,488,STRONG_MOMENTUM,MOMENTUM_ENABLED,True,True,True,0.9800399201596807,17299.1388671875,-0.12493442020854188,-0.1761856714383398,-0.22743692266813775,73.2053265116133,-0.022431917748945988
GODREJPROP-2024-01-25,GODREJPROP,2024-01-19,2024-01-25,3,2332.127197265625,63.74688727562652,65.28925068328773,2212.654841705976,1.8741676757184929,2315.70654296875,2271.470399886988,2196.005157470703,2020.8338818359373,1648.0007989501953,1465495634.2265625,88.36734693877551,84.6938775510204,77.14285714285715,83.53061224489795,0.9780439121756488,1.397359072699171,True,0.9780439121756488,85.69387755102042,True,True,True,True,True,True,True,True,True,True,True,True,True,True,,2024-01-29,2323.8671298430986,2196.332529035153,127.53460080794548,2024-02-07,2336.655227806154,SMA20,0.0055029385281243,2024-02-06,0.1002715959593821,7,2024-01-25,501,491,491,321,65.37678207739307,489,407,83.23108384458078,0.9760479041916168,True,19393.0,17020.314487304688,STRONG_MOMENTUM,POINT_IN_TIME,501,491,489,STRONG_MOMENTUM,MOMENTUM_ENABLED,True,True,True,0.9800399201596807,18777.58796875,0.027385740195655345,-0.009057187686208064,-0.0455001155680715,127.53460080794548,0.10027159595938219
GODREJPROP-2024-03-01,GODREJPROP,2024-02-27,2024-03-01,3,2481.057373046875,70.61159415493107,74.03782874262181,2324.76284269456,2.2134400479528127,2416.3701171875,2395.12269691746,2325.996875,2241.121096191406,1780.1375927734375,1652978914.3139648,61.30346232179226,77.80040733197556,77.18940936863544,72.66802443991853,0.9800399201596808,1.583425332432566,True,0.9800399201596808,72.03665987780042,True,True,True,True,True,True,True,True,True,True,True,True,True,True,,2024-03-04,2472.05093110053,2306.253385508905,165.79754559162484,2024-03-12,2306.253385508905,STOP_INTRADAY,-0.0670688226952563,,-1.0,5,2024-03-01,501,491,491,284,57.841140529531565,490,378,77.14285714285715,0.9780439121756488,True,20349.80078125,17618.16326171875,NORMAL,POINT_IN_TIME,501,491,490,NORMAL,MOMENTUM_ENABLED,True,True,True,0.9800399201596807,19692.01109375,-1.0596402298304084,-1.0894603447456126,-1.1192804596608168,165.79754559162484,-1.0
GODREJPROP-2024-04-23,GODREJPROP,2024-04-09,2024-04-23,8,2691.490234375,97.4592273381253,82.04860308555598,2465.084452315309,2.3230820543466657,2523.601806640625,2514.6450145515564,2461.9148559570312,2373.981904296875,1935.7864837646484,1440209376.6313477,85.24590163934425,64.75409836065575,80.32786885245902,75.57377049180329,0.9740518962075848,1.5482085282802844,True,0.9740518962075848,83.95491803278689,True,True,True,True,True,True,True,True,True,True,True,True,True,True,,2024-04-24,2535.7429221852326,2444.5723015439203,91.17062064131233,2024-05-03,2537.733436853445,SMA20,0.0007849828351277,2024-05-02,0.0218328520109934,6,2024-04-23,501,493,492,303,61.58536585365854,479,373,77.8705636743215,0.9560878243512974,True,20652.650390625,18340.435766601564,STRONG_MOMENTUM,POINT_IN_TIME,501,492,479,STRONG_MOMENTUM,MOMENTUM_ENABLED,True,True,True,0.9820359281437125,20232.818125,-0.08941978197782051,-0.14504609897222753,-0.20067241596663452,91.17062064131233,0.02183285201099348
GODREJPROP-2024-05-14,GODREJPROP,2024-05-06,2024-05-14,6,2829.0751953125,98.52236326112426,104.62227299459336,2613.516937353073,2.1879119706874075,2808.723388671875,2765.631757129416,2634.595178222656,2476.7053662109374,2011.8343939208985,1599520755.59375,81.14754098360656,88.9344262295082,82.17213114754098,84.56967213114754,0.9740518962075848,1.0032941184485962,True,0.9740518962075848,84.8155737704918,True,True,True,True,True,True,True,True,True,True,True,True,True,True,,2024-05-15,2795.9849897973663,2587.3613691044247,208.6236206929416,2024-05-27,2736.7713229351107,SMA20,-0.0211781061337339,2024-05-24,-0.2838301179203867,7,2024-05-14,501,493,492,288,58.53658536585365,480,357,74.375,0.9580838323353292,True,20683.80078125,18638.31026367188,NORMAL,POINT_IN_TIME,501,492,480,NORMAL,MOMENTUM_ENABLED,True,True,True,0.9820359281437125,20427.9570703125,-0.3374383331456911,-0.3642424407583432,-0.3910465483709954,208.62362069294159,-0.28383011792038676
GODREJPROP-2024-05-27,GODREJPROP,2024-05-16,2024-05-27,6,2846.2421875,100.81920214982824,106.88611773488492,2645.263575531485,1.993455687834536,2829.62255859375,2770.5578400167315,2737.6893676757813,2535.518081054688,2057.8315594482424,2200346212.9244385,80.61224489795919,85.10204081632654,79.18367346938776,81.9795918367347,0.9780439121756488,2.25067793018938,True,0.9780439121756488,83.22448979591837,True,True,True,True,True,True,True,True,True,True,True,True,True,True,,2024-05-28,2830.070389078476,2618.542046097764,211.5283429807123,2024-05-30,2746.7232278175807,SMA20,-0.0294505612236856,2024-05-29,-0.3940236097273041,2,2024-05-27,501,493,492,346,70.32520325203252,480,363,75.625,0.9580838323353292,True,21493.0,18809.538759765623,STRONG_MOMENTUM,POINT_IN_TIME,501,492,480,STRONG_MOMENTUM,MOMENTUM_ENABLED,True,True,True,0.9820359281437125,20572.8700390625,-0.4475402278636553,-0.47429853693183094,-0.5010568460000066,211.5283429807123,-0.39402360972730416
GODREJPROP-2024-06-27,GODREJPROP,2024-06-24,2024-06-27,3,3096.283447265625,116.21851026998525,108.20582764940112,3011.4933890711,0.7295744713776722,3095.686279296875,3085.3364234551423,2911.892260742188,2777.1928955078124,2202.7600189208983,2027480006.0737305,77.18940936863544,85.94704684317719,88.39103869653768,84.05295315682281,0.9780876494023903,0.9653101875889512,True,0.9780876494023903,81.09979633401221,True,True,True,True,True,True,True,True,True,True,True,True,True,True,,2024-06-28,3115.938525557709,2984.4419321587498,131.49659339895925,2024-07-23,3252.179790575839,SMA20,0.0437239900276096,2024-07-22,1.0360820877296453,16,2024-06-27,502,493,493,384,77.89046653144015,484,406,83.88429752066115,0.9641434262948207,True,22537.400390625,19349.281025390625,STRONG_MOMENTUM,POINT_IN_TIME,502,493,484,STRONG_MOMENTUM,MOMENTUM_ENABLED,True,True,True,0.9820717131474104,21257.6241015625,0.9412982322694817,0.8939063045394,0.8465143768093183,131.49659339895925,1.0360820877296453
GODREJPROP-2024-07-08,GODREJPROP,2024-07-03,2024-07-08,3,3314.6279296875,113.3073528269526,104.7540951907028,3212.521750795833,0.9011434504838122,3296.06787109375,3292.087108590689,3086.7445556640623,2876.9735791015623,2259.025546875,2061273976.45874,82.55578093306288,88.64097363083164,88.84381338742394,86.87626774847871,0.9820717131474104,0.9991313064797775,True,0.9800796812749004,84.47154471544715,True,True,True,True,True,True,True,True,True,True,True,True,True,True,,2024-07-09,3296.06781596267,3186.333226998157,109.73458896451302,2024-07-22,3186.333226998157,STOP_INTRADAY,-0.0332925762125022,,-1.0,8,2024-07-08,502,493,493,408,82.75862068965517,484,416,85.9504132231405,0.9641434262948207,True,22971.150390625,19549.66376953125,STRONG_MOMENTUM,POINT_IN_TIME,502,493,484,STRONG_MOMENTUM,MOMENTUM_ENABLED,True,True,True,0.9820717131474104,21580.0141015625,-1.1201469052580524,-1.1802203578870787,-1.240293810516105,109.73458896451302,-1.0
GPPL-2023-12-14,GPPL,2023-12-07,2023-12-14,5,141.1996307373047,5.311912606846619,5.24645085873759,134.48014604600536,1.2649840440971234,140.10997009277344,138.8841142192505,130.41842613220214,120.54318145751954,106.26984107971192,337671980.3542938,76.32653061224491,69.18367346938776,72.24489795918367,72.24489795918367,0.9780439121756488,1.518249000865281,True,0.9780439121756488,82.0204081632653,True,True,True,True,True,True,True,True,True,True,True,True,True,True,,2023-12-15,140.83639018365758,133.16853333132096,7.667856852336627,2023-12-20,133.16853333132096,STOP_INTRADAY,-0.0544451390889624,,-1.0,3,2023-12-14,501,491,491,414,84.31771894093686,489,441,90.1840490797546,0.9760479041916168,True,18973.849609375,16365.27822265625,STRONG_MOMENTUM,POINT_IN_TIME,501,491,489,STRONG_MOMENTUM,MOMENTUM_ENABLED,True,True,True,0.9800399201596807,17554.63984375,-1.0734684503875371,-1.110202675581306,-1.1469369007750743,7.667856852336627,-1.0
GPPL-2024-01-25,GPPL,2024-01-15,2024-01-25,7,151.18801879882812,5.3743169281002094,5.966859340867146,138.9295211452456,2.280940595350384,148.55471801757812,147.19266416452265,144.73414459228516,136.38605346679688,112.91828727722168,441443675.7782898,77.9591836734694,80.61224489795919,74.08163265306122,77.85714285714286,0.9780439121756488,1.5182510101356408,True,0.9780439121756488,74.0,True,True,True,True,True,True,True,True,True,True,True,True,True,True,,2024-01-29,149.82594784403787,137.4378063100288,12.388141534009064,2024-03-12,178.24750199281252,SMA20,0.1896971423024816,2024-03-11,2.294254878405222,30,2024-01-25,501,491,491,321,65.37678207739307,489,407,83.23108384458078,0.9760479041916168,True,19393.0,17020.314487304688,STRONG_MOMENTUM,POINT_IN_TIME,501,491,489,STRONG_MOMENTUM,MOMENTUM_ENABLED,True,True,True,0.9800399201596807,18777.58796875,2.2458776630068598,2.221689055307679,2.1975004476084976,12.388141534009065,2.294254878405222
GRANULES-2023-12-07,GRANULES,2023-11-30,2023-12-07,5,396.4486083984375,10.868254892685526,10.83179704909183,380.8208638088669,1.437925844018279,392.03314208984375,391.9339150695607,374.569760131836,355.9722454833984,309.3044651794433,620697149.0043945,70.20408163265306,87.14285714285714,67.55102040816327,76.18367346938774,0.9780439121756488,0.702645736402001,True,0.9780439121756488,85.10204081632654,True,True,True,True,True,True,True,True,True,True,True,True,True,True,,2023-12-08,394.4145238763018,378.1129145465939,16.3016093297079,2023-12-20,378.1129145465939,STOP_INTRADAY,-0.0413311588262416,,-1.0,8,2023-12-07,501,491,491,419,85.33604887983707,488,442,90.57377049180327,0.9740518962075848,True,18703.849609375,16271.023735351562,STRONG_MOMENTUM,POINT_IN_TIME,501,491,488,STRONG_MOMENTUM,MOMENTUM_ENABLED,True,True,True,0.9800399201596807,17404.0028515625,-1.0967792850139095,-1.1451689275208643,-1.193558570027819,16.3016093297079,-1.0
GRANULES-2024-08-20,GRANULES,2024-08-12,2024-08-20,5,685.5715942382812,20.421093481566096,18.744702915868825,654.8796268439544,1.502954159728625,671.9915161132812,665.2264010292172,623.2058135986329,544.8183581542969,442.1913694763184,1214020499.0188904,98.78296146044624,98.98580121703854,91.68356997971604,96.7342799188641,0.9801192842942346,0.4297046163427876,True,0.9801192842942346,96.99797160243406,True,True,True,True,True,True,True,True,True,True,True,True,True,True,,2024-08-21,674.2300255202435,650.1934511149872,24.03657440525637,2024-09-10,666.3704071678164,SMA20,-0.0116571764159606,2024-09-09,-0.3269857933960983,14,2024-08-20,503,493,493,260,52.73833671399595,487,399,81.93018480492813,0.9681908548707754,True,23280.349609375,20370.33427734375,NORMAL,POINT_IN_TIME,503,493,487,NORMAL,MOMENTUM_ENABLED,True,True,True,0.9801192842942346,22760.4349609375,-0.4391864779283836,-0.49528682019452624,-0.551387162460669,24.036574405256374,-0.3269857933960983
GRANULES-2024-09-04,GRANULES,2024-08-30,2024-09-04,3,714.423095703125,18.98215529058617,20.454782372484065,675.8217780833401,2.033558203947921,700.1963500976562,689.600898566174,677.8239959716797,592.9536694335937,461.6168728637695,1141014143.838684,70.38539553752535,97.3630831643002,88.64097363083164,86.65314401622717,0.9820717131474104,1.1321259563406494,True,0.9820717131474104,94.76673427991888,True,True,True,True,True,True,True,True,True,True,True,True,True,True,,2024-09-05,704.3251387015608,670.708082490219,33.61705621134183,2024-09-09,670.1012534437605,STOP_GAP,-0.0485910318647618,,-1.018051225028258,2,2024-09-04,502,493,493,295,59.83772819472617,489,408,83.43558282208589,0.9741035856573704,True,23748.900390625,20740.75478515625,NORMAL,POINT_IN_TIME,502,493,489,NORMAL,MOMENTUM_ENABLED,True,True,True,0.9820717131474104,23092.7489453125,-1.1018569139349426,-1.1437597583882848,-1.1856626028416273,33.61705621134183,-1.018051225028258
GRANULES-2026-01-02,GRANULES,2025-12-26,2026-01-02,4,616.066650390625,15.198387856012838,15.1090810450537,591.7672925804094,1.5988115345143148,614.07080078125,600.5489872700987,585.2733154296875,567.90798828125,513.5562190246582,628091168.2042236,84.10462776659959,83.29979879275655,91.34808853118712,85.95573440643864,0.9920159680638724,0.8449353894851723,True,0.994011976047904,93.5140562248996,True,True,True,True,True,True,True,True,True,True,True,True,True,True,,2026-01-05,613.721553230522,587.990022319146,25.73153091137601,2026-01-12,587.990022319146,STOP_INTRADAY,-0.0419270445626844,,-1.0,5,2026-01-02,501,498,498,250,50.20080321285141,492,263,53.45528455284553,0.9820359281437124,True,24099.0,22919.6473046875,NORMAL,POINT_IN_TIME,501,498,492,NORMAL,MOMENTUM_ENABLED,True,True,True,0.9940119760479041,23754.1330859375,-1.095403814929518,-1.1431057223942769,-1.190807629859036,25.731530911376012,-1.0
GRAPHITE-2024-04-18,GRAPHITE,2024-04-10,2024-04-18,4,648.11572265625,26.063571436764363,28.990756040854382,594.6015883163341,2.0532157102779385,637.745849609375,629.5641300958391,605.1902557373047,579.5072729492188,486.26904663085935,1273596940.215271,71.10655737704919,81.14754098360656,70.69672131147541,75.0,0.9740518962075848,3.211124205072672,True,0.9740518962075848,74.26229508196721,True,True,True,True,True,True,True,True,True,True,True,True,True,True,,2024-04-19,632.6560941269952,587.3538993061205,45.30219482087466,2024-05-03,637.3178005409962,SMA20,0.0073684683626319,2024-05-02,0.1029024406528976,9,2024-04-18,501,493,492,256,52.03252032520326,479,361,75.36534446764091,0.9560878243512974,True,20324.69921875,18274.34001953125,NORMAL,POINT_IN_TIME,501,492,479,NORMAL,MOMENTUM_ENABLED,True,True,True,0.9820359281437125,20191.3971484375,0.04704147439035568,0.019110991259084716,-0.008819491872186242,45.30219482087466,0.1029024406528976
GRAPHITE-2025-10-06,GRAPHITE,2025-09-23,2025-10-06,8,567.3714599609375,15.002056514558236,16.355310102244115,535.3233522294436,2.1362476338090004,561.38720703125,551.9903611211539,543.9535949707031,534.7427062988281,499.6218101501465,301706959.5324402,86.00405679513185,66.73427991886409,64.3002028397566,71.78498985801217,0.9840319361277444,2.5682593023052185,True,0.994011976047904,73.69477911646585,True,True,True,True,True,True,True,True,True,True,True,True,True,True,,2025-10-07,565.6900071239518,531.2345247038826,34.45548242006919,2025-10-14,549.9626496299743,SMA20,-0.0278020776324786,2025-10-13,-0.4564544272587752,5,2025-10-06,501,498,498,254,51.00401606425703,478,291,60.87866108786611,0.9540918163672656,True,23169.650390625,22256.278515625,NORMAL,POINT_IN_TIME,501,498,478,NORMAL,MOMENTUM_ENABLED,True,True,True,0.9940119760479041,22946.643046875,-0.5221264152724396,-0.5549624092792718,-0.5877984032861039,34.45548242006919,-0.4564544272587752
GRASIM-2024-07-22,GRASIM,2024-07-12,2024-07-22,5,2813.830078125,58.77746489779921,62.850243563119605,2673.571315450384,2.386267643874998,2781.96875,2760.5961144411604,2697.111047363281,2506.1198876953126,2185.4807269287107,2760740111.213379,89.4523326572008,79.71602434077079,74.64503042596348,81.1156186612576,0.9801192842942346,1.223736184481936,True,0.9801192842942346,78.37728194726166,True,True,True,True,True,True,True,True,True,True,True,True,True,True,,2024-07-23,2781.424633706912,2657.858754559604,123.56587914730837,2024-08-01,2752.6801088188245,SMA20,-0.0103344611749478,2024-07-31,-0.2326250991490946,7,2024-07-22,503,493,493,364,73.83367139959432,484,409,84.50413223140497,0.9622266401590456,True,22942.650390625,19798.26501953125,STRONG_MOMENTUM,POINT_IN_TIME,503,493,484,STRONG_MOMENTUM,MOMENTUM_ENABLED,True,True,True,0.9801192842942346,21972.422109375,-0.3226636972766923,-0.36768299634049073,-0.4127022954042891,123.5658791473079,-0.23262509914909552
GRASIM-2026-02-18,GRASIM,2026-02-10,2026-02-18,6,2944.726318359375,59.085129900975865,55.66377213035042,2852.414021597302,1.562360900564734,2924.68896484375,2907.9411234206486,2847.658801269531,2819.3350537109377,2767.5827697753907,1880835911.7661133,70.08032128514057,81.52610441767068,64.45783132530121,72.9718875502008,0.994011976047904,0.5368042757942435,True,0.9920159680638724,75.19114688128772,True,True,True,True,True,True,True,True,True,True,True,True,True,True,,2026-02-19,2919.00669892627,2838.4980785647144,80.50862036155559,2026-02-19,2838.4980785647144,STOP_INTRADAY,-0.027580827543551,,-1.0,0,2026-02-18,501,499,449,232,51.67037861915368,444,181,40.76576576576576,0.8862275449101796,True,23645.80078125,23254.83354492188,NORMAL,POINT_IN_TIME,501,449,444,NORMAL,MOMENTUM_ENABLED,True,True,True,0.8962075848303394,23518.3460546875,-1.145028280738998,-1.2175424211084966,-1.2900565614779957,80.50862036155559,-1.0
GRINDWELL-2024-07-09,GRINDWELL,2024-07-04,2024-07-09,3,2877.02294921875,92.15868740859972,91.5617958482871,2737.751494518192,1.511213523290285,2832.474609375,2813.9435832961626,2704.8133544921875,2446.4060595703127,2175.201988525391,157566112.44018555,68.35699797160242,92.2920892494929,54.96957403651116,73.91480730223122,0.9820717131474104,0.4926955603422987,True,0.9820717131474104,74.98985801217039,True,True,True,True,True,True,True,True,True,True,True,True,True,True,,2024-07-10,2836.103666603244,2714.86104555612,121.24262104712398,2024-07-11,2714.86104555612,STOP_INTRADAY,-0.0427497141500241,,-1.0,1,2024-07-09,502,493,493,413,83.77281947261663,484,419,86.57024793388429,0.9641434262948207,True,23067.349609375,19578.073017578125,STRONG_MOMENTUM,POINT_IN_TIME,502,493,484,STRONG_MOMENTUM,MOMENTUM_ENABLED,True,True,True,0.9820717131474104,21624.0030859375,-1.093567877108197,-1.1403518156622954,-1.1871357542163936,121.24262104712398,-1.0
GRSE-2024-05-29,GRSE,2024-05-24,2024-05-29,3,1439.8201904296875,74.10607661618967,77.64924160133607,1339.5546992500506,1.3529995886697948,1425.0738525390625,1411.0673182285873,1089.9805236816403,939.3177416992188,828.7140084838867,1253807547.2690735,99.18367346938776,99.18367346938776,93.06122448979592,97.3469387755102,0.9780439121756488,2.144445155598674,True,0.9780439121756488,97.42857142857144,True,True,True,True,True,True,True,True,True,True,True,True,True,True,,2024-05-30,1419.4515388385448,1320.1423888497166,99.30914998882828,2024-06-04,1320.1423888497166,STOP_INTRADAY,-0.0699630436626862,,-1.0,3,2024-05-29,501,493,492,305,61.99186991869918,480,354,73.75,0.9580838323353292,True,21256.30078125,18853.419267578123,STRONG_MOMENTUM,POINT_IN_TIME,501,492,480,STRONG_MOMENTUM,MOMENTUM_ENABLED,True,True,True,0.9820359281437125,20616.5400390625,-1.0571730415172509,-1.0857595622758764,-1.1143460830345018,99.30914998882827,-1.0
GRSE-2024-12-12,GRSE,2024-12-06,2024-12-12,4,1757.4500732421875,80.14658279353704,74.88437103088147,1688.0999460485814,0.8652911300317905,1747.4794921875,1742.3955248629288,1583.8547912597655,1597.7954345703124,1515.5146566772462,1055998527.6461182,95.54655870445345,62.34817813765182,85.4251012145749,79.23076923076923,0.988,1.091527095160915,True,0.988,72.48987854251013,True,True,True,True,True,True,True,True,True,True,True,True,True,True,,2024-12-13,1737.459578002736,1669.3788532908611,68.08072471187484,2024-12-18,1669.3788532908611,STOP_INTRADAY,-0.0391840625093193,,-1.0,3,2024-12-12,500,496,496,294,59.2741935483871,488,294,60.245901639344254,0.976,True,23256.400390625,22192.2555078125,NORMAL,POINT_IN_TIME,500,496,488,NORMAL,MOMENTUM_ENABLED,True,True,True,0.992,22942.8159375,-1.1020823197964391,-1.1531234796946588,-1.2041646395928784,68.08072471187484,-1.0
GSFC-2024-01-09,GSFC,2024-01-04,2024-01-09,3,279.9188232421875,12.715806822971606,13.994911883593756,261.1551994237,1.4756140982411203,279.5829162597656,276.03173562461205,239.2099174499512,207.74844207763672,163.56830558776855,1269159575.969902,97.75510204081633,97.75510204081633,92.85714285714286,96.28571428571428,0.9780439121756488,4.841197981254564,True,0.9780439121756488,97.24489795918367,True,True,True,True,True,True,True,True,True,True,True,True,True,True,,2024-01-10,281.1185535180296,257.65647145280155,23.46208206522806,2024-02-02,281.0225570286999,SMA20,-0.0003414804470511,2024-02-01,-0.0040915588421702,15,2024-01-09,501,491,491,415,84.5213849287169,489,441,90.1840490797546,0.9760479041916168,True,19459.55078125,16734.71447265625,STRONG_MOMENTUM,POINT_IN_TIME,501,491,489,STRONG_MOMENTUM,MOMENTUM_ENABLED,True,True,True,0.9800399201596807,18203.1569140625,-0.05201885749136569,-0.07598250681596344,-0.09994615614056118,23.46208206522806,-0.004091558842170209
GVT&D-2025-07-08,GVT&D,2025-06-24,2025-07-08,10,2429.0263671875,98.32013295237398,87.65800683659043,2281.362936619314,1.5018636176958156,2372.669189453125,2354.647015773289,2343.4353149414064,2095.8548754882813,1796.914622192383,671973699.2878418,70.02012072434609,99.19517102615694,82.29376257545272,85.37223340040242,0.9920159680638724,1.847449280557388,True,0.9860834990059644,93.5483870967742,True,True,True,True,True,True,True,True,True,True,True,True,True,True,,2025-07-09,2378.6433358903314,2259.4484349101663,119.19490098016512,2025-07-14,2314.022033739932,SMA20,-0.027167293715437,2025-07-11,-0.5421482095207492,3,2025-07-08,501,498,497,384,77.2635814889336,479,299,62.421711899791234,0.9560878243512974,True,23572.55078125,22299.778984375,STRONG_MOMENTUM,POINT_IN_TIME,501,497,479,STRONG_MOMENTUM,MOMENTUM_ENABLED,True,True,True,0.9920159680638723,22867.8930078125,-0.621971870309264,-0.6618837007035215,-0.7017955310977789,119.19490098016513,-0.5421482095207492
HAL-2023-09-01,HAL,2023-08-23,2023-09-01,7,1946.880859375,43.9470142121616,42.387805881858,1878.5524869646267,1.55478986764622,1910.83837890625,1904.657353115799,1869.138446044922,1850.1469970703124,1466.8612915039062,2911928856.5079346,58.57142857142858,74.6938775510204,83.6734693877551,72.55102040816327,0.9760956175298804,1.1577242588713468,True,0.9741035856573704,76.93251533742331,True,True,True,True,True,True,True,True,True,True,True,True,True,True,,2023-09-04,1921.7939520995624,1867.9555354941624,53.83841660539997,2023-09-18,1987.553044936558,SMA20,0.0342175563437244,2023-09-15,1.2214158027522692,10,2023-09-01,502,492,491,373,75.96741344195519,483,426,88.19875776397515,0.9621513944223108,True,17074.55078125,15645.876274414062,STRONG_MOMENTUM,POINT_IN_TIME,502,491,483,STRONG_MOMENTUM,MOMENTUM_ENABLED,True,True,True,0.9780876494023905,16766.41412109375,1.0786334496838241,1.0072422731496018,0.9358510966153791,53.83841660539997,1.2214158027522692
HAL-2024-06-25,HAL,2024-06-18,2024-06-25,5,5404.236328125,259.628363883883,243.88275721611265,4995.166748086499,1.5755966486830173,5246.21435546875,5219.600393175934,4896.185595703125,4355.264462890625,2969.903016357422,21317792460.900143,42.76985743380855,97.35234215885949,96.5376782077393,80.73319755600815,0.9780876494023903,0.7970393405629779,True,0.9780876494023903,94.39918533604887,True,True,True,True,True,True,True,True,True,True,True,True,True,True,,2024-06-26,5242.209313491549,4934.196058782471,308.01325470907886,2024-07-18,5200.653566266261,SMA20,-0.0079271438319601,2024-07-16,-0.1349154511695878,15,2024-06-25,502,493,493,400,81.13590263691684,484,406,83.88429752066115,0.9641434262948207,True,22370.650390625,19292.890771484374,STRONG_MOMENTUM,POINT_IN_TIME,502,493,484,STRONG_MOMENTUM,MOMENTUM_ENABLED,True,True,True,0.9820717131474104,21191.3540625,-0.2029931618959377,-0.23703201725911266,-0.2710708726222876,308.01325470907886,-0.1349154511695878
HDFCAMC-2023-10-03,HDFCAMC,2023-09-15,2023-10-03,10,1286.4500732421875,37.349948409469015,37.182127463620354,1209.340065312815,2.0645278297044003,1255.7760009765625,1251.5051233613567,1234.196710205078,1201.8734765625,978.6805014038086,1452881924.5667725,68.77551020408164,64.6938775510204,79.18367346938776,70.26530612244898,0.9780439121756488,0.7790485522041263,True,0.9780439121756488,78.89795918367346,True,True,True,True,True,True,True,True,True,True,True,True,True,True,,2023-10-04,1254.336629053658,1200.04453344691,54.29209560674804,2023-10-27,1289.2579694990095,SMA20,0.0278404852704479,2023-10-26,0.6432122402917759,16,2023-10-03,501,491,491,329,67.0061099796334,488,436,89.34426229508196,0.9740518962075848,True,17254.400390625,15809.301513671877,STRONG_MOMENTUM,POINT_IN_TIME,501,491,488,STRONG_MOMENTUM,MOMENTUM_ENABLED,True,True,True,0.9800399201596807,17101.0800390625,0.5507982993645952,0.504591328901007,0.45838435843741865,54.292095606748035,0.6432122402917717
HDFCAMC-2023-12-12,HDFCAMC,2023-12-05,2023-12-12,5,1429.721923828125,33.689067814541815,30.39467265049669,1399.944409055199,0.8838925118632281,1423.681640625,1420.448872224737,1374.44951171875,1330.0861987304688,1068.7781381225586,1073332590.9660645,59.795918367346935,78.36734693877551,83.6734693877551,74.38775510204083,0.9780439121756488,1.279228358411347,True,0.9780439121756488,72.9387755102041,True,True,True,True,True,True,True,True,True,True,True,True,True,True,,2023-12-13,1428.3297997961422,1392.345740892575,35.9840589035673,2024-03-07,1779.100372637401,SMA20,0.2455809385838777,2024-03-06,9.74794349301393,58,2023-12-12,501,491,491,401,81.67006109979633,488,434,88.9344262295082,0.9740518962075848,True,18686.80078125,16326.364731445312,STRONG_MOMENTUM,POINT_IN_TIME,501,491,488,STRONG_MOMENTUM,MOMENTUM_ENABLED,True,True,True,0.9800399201596807,17489.39484375,9.589169875660325,9.509783066983523,9.43039625830672,35.9840589035673,9.74794349301393
HDFCAMC-2024-02-23,HDFCAMC,2024-02-16,2024-02-23,4,1828.8397216796875,45.48844807440979,46.21295528279544,1753.1690313421425,1.66351444247479,1801.6815185546875,1789.9307692833902,1735.4736267089845,1623.1559790039062,1271.422511291504,1164482127.8112793,76.37474541751527,77.18940936863544,77.39307535641548,77.0061099796334,0.9800399201596808,0.592493597901543,True,0.9780439121756488,81.18367346938776,True,True,True,True,True,True,True,True,True,True,True,True,True,True,,2024-02-26,1802.648795409276,1741.6157925214434,61.033002887832254,2024-03-07,1779.100372637401,SMA20,-0.0130632338544503,2024-03-06,-0.3858309710756388,8,2024-02-23,501,491,491,297,60.4887983706721,489,391,79.95910020449898,0.9760479041916168,True,20313.5,17498.107993164063,STRONG_MOMENTUM,POINT_IN_TIME,501,491,489,STRONG_MOMENTUM,MOMENTUM_ENABLED,True,True,True,0.9800399201596807,19558.3800390625,-0.5039735306821047,-0.5630448104853354,-0.6221160902885661,61.03300288783271,-0.38583097107564335
HDFCAMC-2024-03-04,HDFCAMC,2024-02-27,2024-03-04,4,1842.2657470703125,52.01168351913734,51.01414433283905,1751.8476728952123,1.7384185255574638,1819.920654296875,1797.0329405839225,1775.6060180664062,1667.1747900390626,1300.3849017333985,1164482127.8112793,81.4663951120163,80.04073319755601,80.44806517311609,80.59063136456211,0.9800399201596808,1.5293350326111403,True,0.9800399201596808,80.36659877800406,True,True,True,True,True,True,True,True,True,True,True,True,True,True,,2024-03-05,1818.245345272616,1739.0941368120025,79.15120846061313,2024-03-07,1779.100372637401,SMA20,-0.0215289827288656,2024-03-06,-0.4945593806655992,2,2024-03-04,501,491,491,277,56.41547861507128,490,377,76.93877551020408,0.9780439121756488,True,20432.05078125,17642.903266601563,NORMAL,POINT_IN_TIME,501,491,490,NORMAL,MOMENTUM_ENABLED,True,True,True,0.9800399201596807,19717.54109375,-0.586446561196896,-0.6323901514625427,-0.6783337417281896,79.15120846061359,-0.4945593806656022
HDFCLIFE-2025-07-07,HDFCLIFE,2025-06-30,2025-07-07,5,811.4080200195312,15.471980574122709,14.931358812479402,774.4397780546047,2.389367139379483,786.6463012695312,785.9985782203652,776.6477935791015,757.6510400390625,684.3776290893554,1735855919.8780518,73.44064386317908,56.74044265593562,91.75050301810866,72.25352112676056,0.9920159680638724,0.9698973156540216,True,0.9900199600798404,73.89112903225806,True,True,True,True,True,True,True,True,True,True,True,True,True,True,,2025-07-08,782.2120618653523,770.706938351485,11.505123513867376,2025-07-10,770.706938351485,STOP_INTRADAY,-0.0147084455415209,,-1.0,2,2025-07-07,501,498,497,387,77.8672032193159,479,294,61.37787056367432,0.9560878243512974,True,23551.19921875,22301.5572265625,STRONG_MOMENTUM,POINT_IN_TIME,501,497,479,STRONG_MOMENTUM,MOMENTUM_ENABLED,True,True,True,0.9920159680638723,22838.478984375,-1.27195259952578,-1.4079288992886703,-1.54390519905156,11.505123513867375,-1.0
HEG-2023-08-04,HEG,2023-08-01,2023-08-04,3,346.2060852050781,12.665649818853932,12.787740131221891,326.07356188292016,1.5895373399783197,342.6352233886719,339.2463351131999,316.5936950683593,294.02663970947265,223.5293720245361,484753959.3715668,85.07157464212679,96.93251533742333,96.52351738241308,93.25153374233128,0.9741035856573704,1.375548489718766,True,0.9741035856573704,90.63394683026586,True,True,True,True,True,True,True,True,True,True,True,True,True,True,,2023-08-07,343.4872762422622,322.8766268501147,20.610649392147536,2023-08-11,322.8766268501147,STOP_INTRADAY,-0.0600041131585054,,-1.0,4,2023-08-04,502,491,491,374,76.17107942973523,482,403,83.60995850622407,0.9601593625498008,True,16890.599609375,15493.132998046874,STRONG_MOMENTUM,POINT_IN_TIME,502,491,482,STRONG_MOMENTUM,MOMENTUM_ENABLED,True,True,True,0.9780876494023905,16403.5480859375,-1.0666620968038256,-1.0999931452057383,-1.1333241936076512,20.610649392147536,-1.0
HEG-2024-05-06,HEG,2024-04-22,2024-05-06,9,489.9461975097656,22.66262299261433,19.47352634294074,446.2169355485184,1.9295763767282563,473.1272277832031,463.8694736581301,461.45597686767576,393.5454852294922,351.4674887084961,1409205524.1046145,92.62295081967213,93.85245901639344,75.40983606557377,87.95081967213113,0.9740518962075848,0.9909112122868964,True,0.9740518962075848,87.76639344262296,True,True,True,True,True,True,True,True,True,True,True,True,True,True,,2024-05-07,474.4021314566253,441.3485539627832,33.053577493842056,2024-05-10,468.32182718310366,SMA20,-0.0128167726710088,2024-05-09,-0.1839529858652786,3,2024-05-06,501,493,492,314,63.82113821138211,479,368,76.82672233820459,0.9560878243512974,True,20864.94921875,18520.547255859376,STRONG_MOMENTUM,POINT_IN_TIME,501,492,479,STRONG_MOMENTUM,MOMENTUM_ENABLED,True,True,True,0.9820359281437125,20389.3310546875,-0.2413630657932389,-0.270068105757219,-0.2987731457211992,33.053577493842056,-0.18395298586527864
HEG-2024-12-16,HEG,2024-12-09,2024-12-16,5,591.9829711914062,28.71810531587681,28.07953311351078,538.1798528949575,1.8734912246005184,573.404541015625,569.7383731139432,488.66956787109376,464.6873455810547,431.2416825866699,523490534.0847473,99.79757085020243,98.78542510121456,86.63967611336032,95.44534412955466,0.988,2.7018548563613485,True,0.988,96.01214574898783,True,True,True,True,True,True,True,True,True,True,True,True,True,True,,2024-12-17,575.2870660185208,531.1599696165798,44.127096401941,2024-12-23,531.1599696165798,STOP_INTRADAY,-0.0767044820029386,,-1.0,4,2024-12-16,500,496,496,293,59.07258064516129,488,290,59.42622950819673,0.976,True,23352.44921875,22223.811494140624,NORMAL,POINT_IN_TIME,500,496,488,NORMAL,MOMENTUM_ENABLED,True,True,True,0.992,22916.50890625,-1.0521481912862245,-1.0782222869293365,-1.1042963825724488,44.127096401941,-1.0
HEROMOTOCO-2023-12-12,HEROMOTOCO,2023-11-30,2023-12-12,8,3446.347900390625,76.2850291492856,75.73604550152784,3323.5749783547726,1.6093973274309503,3381.46435546875,3364.769893693905,3222.394677734375,2966.105380859375,2601.8722204589844,2335436282.74292,87.14285714285714,87.14285714285714,57.55102040816327,78.26530612244898,0.9780439121756488,0.8219081704234478,True,0.9780439121756488,83.89795918367346,True,True,True,True,True,True,True,True,True,True,True,True,True,True,,2023-12-13,3375.012141308463,3304.6409669793907,70.37117432907235,2024-02-21,4237.116690839914,SMA20,0.2554374661292982,2024-02-20,12.25081942643226,47,2023-12-12,501,491,491,401,81.67006109979633,488,434,88.9344262295082,0.9740518962075848,True,18686.80078125,16326.364731445312,STRONG_MOMENTUM,POINT_IN_TIME,501,491,488,STRONG_MOMENTUM,MOMENTUM_ENABLED,True,True,True,0.9800399201596807,17489.39484375,12.058978822748363,11.963058520906417,11.86713821906447,70.37117432907235,12.25081942643226
HEROMOTOCO-2025-09-17,HEROMOTOCO,2025-09-08,2025-09-17,7,5261.54248046875,126.55840021030068,110.7583835304182,5092.376783055214,1.336661155106536,5171.64306640625,5170.676711795023,5072.15419921875,4601.283037109375,4042.085222167969,3837694739.118408,75.65392354124748,93.158953722334,90.9456740442656,87.24346076458752,0.9920159680638724,0.8264818272350886,True,0.9920159680638724,96.07645875251508,True,True,True,True,True,True,True,True,True,True,True,True,True,True,,2025-09-18,5181.309939478585,5064.68718717261,116.62275230597515,2025-09-25,5094.310201626553,SMA20,-0.0167910699935443,2025-09-24,-0.7459928370047102,5,2025-09-17,501,497,497,310,62.37424547283702,487,337,69.19917864476386,0.9720558882235528,True,23445.19921875,22253.45775390625,STRONG_MOMENTUM,POINT_IN_TIME,501,497,487,STRONG_MOMENTUM,MOMENTUM_ENABLED,True,True,True,0.9920159680638723,23020.893046875,-0.923704641503535,-1.0125605437529477,-1.1014164460023599,116.62275230597515,-0.7459928370047102
HEROMOTOCO-2025-10-27,HEROMOTOCO,2025-10-21,2025-10-27,3,5458.2587890625,100.54396953177422,107.15639280399203,5301.659391594776,1.557521532091837,5458.2587890625,5437.475444930371,5350.862353515625,5170.446416015625,4196.33705078125,3240897170.472168,84.78701825557809,98.58012170385396,93.30628803245436,92.86004056795132,0.9801192842942346,0.6868606988587388,True,0.9801192842942346,92.53549695740368,True,True,True,True,True,True,True,True,True,True,True,True,True,True,,2025-10-28,5451.974896798957,5274.870293393778,177.10460340517875,2025-10-30,5384.792335710846,SMA20,-0.0123226101293233,2025-10-29,-0.3793383107858108,2,2025-10-27,503,498,498,291,58.43373493975904,482,314,65.14522821576763,0.9582504970178928,True,23840.900390625,22310.83252929688,NORMAL,POINT_IN_TIME,503,498,482,NORMAL,MOMENTUM_ENABLED,True,True,True,0.9900596421471173,23130.993125,-0.502474012331094,-0.5640418631037356,-0.6256097138763772,177.10460340517875,-0.3793383107858108
HFCL-2024-02-06,HFCL,2024-01-25,2024-02-06,7,105.4680633544922,5.529849413859152,5.71553930363662,95.8437852350425,1.7404231831935415,103.22406005859376,103.12433133094628,94.46747016906738,82.8086361694336,71.63613748550415,2206563267.185704,78.77551020408163,89.38775510204081,81.42857142857143,83.81632653061224,0.9780439121756488,2.011576184619523,True,0.9780439121756488,91.53061224489797,True,True,True,True,True,True,True,True,True,True,True,True,True,True,,2024-02-07,104.07179036475384,94.41490040913337,9.656889955620471,2024-02-12,94.41490040913337,STOP_INTRADAY,-0.0927906584654181,,-1.0,3,2024-02-06,501,491,491,331,67.41344195519349,489,401,82.0040899795501,0.9760479041916168,True,20033.75,17195.510483398437,STRONG_MOMENTUM,POINT_IN_TIME,501,491,489,STRONG_MOMENTUM,MOMENTUM_ENABLED,True,True,True,0.9800399201596807,19101.29296875,-1.04310778763889,-1.0646616814583347,-1.0862155752777796,9.656889955620471,-1.0
HFCL-2024-03-01,HFCL,2024-02-22,2024-03-01,6,114.84300994873048,6.446081741614002,6.446580422343514,101.82779039211202,2.019090057855772,108.11099243164062,107.31312688110884,105.4830234527588,96.13501281738282,75.40603748321533,3952067362.173317,69.04276985743381,96.13034623217924,78.20773930753563,82.62729124236253,0.9800399201596808,0.8159408765319175,True,0.9800399201596808,92.0570264765784,True,True,True,True,True,True,True,True,True,True,True,True,True,True,,2024-03-04,108.5597996204934,100.21614528652614,8.343654333967251,2024-03-07,103.82245907279544,SMA20,-0.0436380738013418,2024-03-06,-0.5677776616910077,3,2024-03-01,501,491,491,284,57.841140529531565,490,378,77.14285714285715,0.9780439121756488,True,20349.80078125,17618.16326171875,NORMAL,POINT_IN_TIME,501,491,490,NORMAL,MOMENTUM_ENABLED,True,True,True,0.9800399201596807,19692.01109375,-0.6198219076653597,-0.6458440306525366,-0.6718661536397134,8.343654333967251,-0.5677776616910061
HFCL-2024-08-30,HFCL,2024-08-23,2024-08-30,5,149.5801239013672,7.495942768705116,6.9610850348869135,141.3720797255393,1.0949982449300089,149.22109985351562,147.79491244920175,138.88572959899903,128.25833786010742,100.6794634628296,5842070312.109833,89.65517241379311,94.52332657200812,69.5740365111562,85.57809330628803,0.9820717131474104,0.6877677319307423,True,0.9801192842942346,93.10344827586206,True,True,True,True,True,True,True,True,True,True,True,True,True,True,,2024-09-02,149.22109741705805,139.63180846681755,9.5892889502405,2024-09-30,150.2845155424428,SMA20,0.0071264596212732,2024-09-27,0.1108964523754467,20,2024-08-30,502,493,493,299,60.649087221095336,488,408,83.60655737704919,0.9721115537848606,True,23734.55078125,20639.52029296875,STRONG_MOMENTUM,POINT_IN_TIME,502,493,488,STRONG_MOMENTUM,MOMENTUM_ENABLED,True,True,True,0.9820717131474104,23003.3959375,0.048651546338564555,0.01752909332012349,-0.013593359698317589,9.589288950240501,0.1108964523754467
HFCL-2024-09-17,HFCL,2024-09-05,2024-09-17,8,157.1698455810547,6.923941969843413,6.443041567205796,145.86007361263057,1.6334296297806623,153.2204132080078,151.3454260243439,149.7172721862793,136.32816497802733,105.75968284606934,4762214893.3237,85.19269776876268,84.17849898580123,90.66937119675455,86.43002028397567,0.9840319361277444,1.2088335166630215,True,0.9820717131474104,94.50304259634888,True,True,True,True,True,True,True,True,True,True,True,True,True,True,,2024-09-18,153.3899584525074,144.24931322082912,9.140645231678263,2024-09-30,150.2845155424428,SMA20,-0.0202454120295371,2024-09-27,-0.3397400108366773,8,2024-09-17,501,494,493,303,61.4604462474645,489,403,82.41308793456032,0.9760479041916168,True,23969.900390625,21026.62627929688,STRONG_MOMENTUM,POINT_IN_TIME,501,493,489,STRONG_MOMENTUM,MOMENTUM_ENABLED,True,True,True,0.9840319361277445,23285.3129296875,-0.40686435690402567,-0.4404265299376999,-0.4739887029713741,9.140645231678263,-0.3397400108366773
HINDALCO-2024-05-03,HINDALCO,2024-04-29,2024-05-03,3,638.3094482421875,15.76472438752651,15.66795573912204,617.2959994446865,1.332941082948933,635.4127197265625,635.2163868659162,603.2124969482422,552.9043267822266,507.9428857421875,4668104247.583221,85.65573770491804,69.4672131147541,64.13934426229508,72.72540983606558,0.9740518962075848,1.3832552027050626,True,0.9740518962075848,73.29918032786885,True,True,True,True,True,True,True,True,True,True,True,True,True,True,,2024-05-06,638.2603632929519,613.3790105099059,24.88135278304594,2024-05-07,613.3790105099059,STOP_INTRADAY,-0.0389830768350968,,-1.0,1,2024-05-03,501,493,492,350,71.13821138211382,479,374,78.07933194154488,0.9560878243512974,True,20959.55078125,18499.69776367188,STRONG_MOMENTUM,POINT_IN_TIME,501,492,479,STRONG_MOMENTUM,MOMENTUM_ENABLED,True,True,True,0.9820359281437125,20372.7720703125,-1.1026086272492162,-1.1539129408738242,-1.2052172544984323,24.88135278304594,-1.0
HINDALCO-2025-10-16,HINDALCO,2025-10-03,2025-10-16,9,776.3002319335938,15.283506230343193,14.703035572673697,750.5346923390451,1.685839571511075,776.051513671875,764.7107316980594,756.704965209961,729.7304321289063,657.4125796508789,3310408769.536743,79.3103448275862,93.91480730223124,81.13590263691684,85.6997971602434,0.9801192842942346,0.9596887741556936,True,0.9840319361277444,78.76267748478702,True,True,True,True,True,True,True,True,True,True,True,True,True,True,,2025-10-17,775.9520753967423,746.8589334458767,29.09314195086563,2025-11-07,784.4079318210144,SMA20,0.0108973952031104,2025-11-06,0.2906477560434289,13,2025-10-16,503,498,498,268,53.81526104417671,482,307,63.69294605809128,0.9582504970178928,True,23563.80078125,22274.728779296875,NORMAL,POINT_IN_TIME,503,498,482,NORMAL,MOMENTUM_ENABLED,True,True,True,0.9900596421471173,22999.95109375,0.18396253425374118,0.13061992335889727,0.0772773124640534,29.09314195086563,0.29064775604342896
HINDCOPPER-2023-08-09,HINDCOPPER,2023-08-04,2023-08-09,3,151.6155548095703,5.228425285197039,5.260777198804308,143.69018224603138,1.5158240065087307,149.54803466796875,146.93908974746626,130.67732772827148,120.57963607788086,110.29857704162598,936847787.5715104,97.34151329243352,93.25153374233128,80.57259713701431,90.67484662576688,0.9741035856573704,1.2179435325276695,True,0.9741035856573704,86.50306748466258,True,True,True,True,True,True,True,True,True,True,True,True,True,True,,2023-08-10,149.6464959027192,142.3749879463303,7.271507956388916,2023-08-16,142.3749879463303,STOP_INTRADAY,-0.0485912343788919,,-1.0,3,2023-08-09,502,491,491,372,75.76374745417516,483,408,84.472049689441,0.9621513944223108,True,17003.849609375,15523.791245117189,STRONG_MOMENTUM,POINT_IN_TIME,502,491,483,STRONG_MOMENTUM,MOMENTUM_ENABLED,True,True,True,0.9780876494023905,16476.36607421875,-1.0823193740831907,-1.123479061124786,-1.1646387481663816,7.271507956388916,-1.0
HINDCOPPER-2023-09-08,HINDCOPPER,2023-09-04,2023-09-08,4,168.893798828125,6.782989172568728,6.417504883756135,159.0486439406209,1.451447825881711,164.36502075195312,162.83902346070911,151.2118827819824,136.65974380493165,114.8517195892334,1660014131.6119845,68.57142857142857,93.6734693877551,88.9795918367347,84.73469387755102,0.9780439121756488,0.7175329452036503,True,0.9760956175298804,88.75510204081633,True,True,True,True,True,True,True,True,True,True,True,True,True,True,,2023-09-11,165.9894722758152,157.4442677196819,8.545204556133285,2023-09-12,157.4442677196819,STOP_INTRADAY,-0.0514804007686355,,-1.0,1,2023-09-08,501,491,491,414,84.31771894093686,487,451,92.60780287474331,0.9720558882235528,True,17487.44921875,15688.051762695311,STRONG_MOMENTUM,POINT_IN_TIME,501,491,487,STRONG_MOMENTUM,MOMENTUM_ENABLED,True,True,True,0.9800399201596807,16885.0370703125,-1.077699472814458,-1.116549209221687,-1.155398945628916,8.545204556133285,-1.0
HINDCOPPER-2023-12-14,HINDCOPPER,2023-12-08,2023-12-14,4,184.4168701171875,6.332858318350287,6.42981424943426,175.55260828988727,1.399725271227822,182.5846099853516,182.2379563989626,170.44696197509765,157.64870697021485,128.77091934204103,1289324151.6020813,76.53061224489795,63.06122448979592,87.55102040816325,74.44897959183673,0.9780439121756488,0.6114189299267255,True,0.9780439121756488,80.28571428571428,True,True,True,True,True,True,True,True,True,True,True,True,True,True,,2023-12-15,184.21880534262823,173.94515472752872,10.273650615099513,2024-01-19,254.24177366356557,SMA20,0.3801076018851697,2024-01-18,6.815782524083729,24,2023-12-14,501,491,491,414,84.31771894093686,489,441,90.1840490797546,0.9760479041916168,True,18973.849609375,16365.27822265625,STRONG_MOMENTUM,POINT_IN_TIME,501,491,489,STRONG_MOMENTUM,MOMENTUM_ENABLED,True,True,True,0.9800399201596807,17554.63984375,6.744057754673382,6.708195369968206,6.672332985263032,10.273650615099513,6.8157825240837315
HINDCOPPER-2024-01-16,HINDCOPPER,2024-01-05,2024-01-16,7,280.5870056152344,12.146198102211482,11.703405528737033,253.2018109473388,2.254630991314851,264.39361572265625,262.511787611948,252.033113861084,200.3171505737305,145.04814559936523,5188412845.918732,99.79591836734694,98.16326530612244,97.75510204081633,98.53061224489797,0.9780439121756488,0.7865304317577072,True,0.9780439121756488,99.24489795918367,True,True,True,True,True,True,True,True,True,True,True,True,True,True,,2024-01-17,260.48140146790485,250.2759595651545,10.205441902750351,2024-01-18,250.2759595651545,STOP_INTRADAY,-0.0391791576874167,,-1.0,1,2024-01-16,501,491,491,405,82.4847250509165,489,433,88.5480572597137,0.9760479041916168,True,19827.55078125,16867.82098144531,STRONG_MOMENTUM,POINT_IN_TIME,501,491,489,STRONG_MOMENTUM,MOMENTUM_ENABLED,True,True,True,0.9800399201596807,18500.753984375,-1.1020950994381558,-1.1531426491572339,-1.2041901988763117,10.205441902750351,-1.0
HINDCOPPER-2024-05-14,HINDCOPPER,2024-05-02,2024-05-14,8,387.7013549804688,15.460838461459678,16.507072940309055,351.0556760920853,2.370225843813885,375.6181945800781,366.9024545489375,370.3144546508789,318.9401885986328,219.8932522583008,4059334783.809433,79.71311475409836,93.44262295081968,99.18032786885246,91.04508196721312,0.9740518962075848,0.8954494983787198,True,0.9740518962075848,96.27049180327867,True,True,True,True,True,True,True,True,True,True,True,True,True,True,,2024-05-15,381.2140829324473,346.9289078570081,34.28517507543921,2024-05-24,371.4088773136713,SMA20,-0.0257209952563937,2024-05-23,-0.2859896616307525,6,2024-05-14,501,493,492,288,58.53658536585365,480,357,74.375,0.9580838323353292,True,20683.80078125,18638.31026367188,NORMAL,POINT_IN_TIME,501,492,480,NORMAL,MOMENTUM_ENABLED,True,True,True,0.9820359281437125,20427.9570703125,-0.3304653374403286,-0.3527031753451165,-0.37494101324990453,34.28517507543921,-0.28598966163075257
HINDPETRO-2023-12-13,HINDPETRO,2023-12-06,2023-12-13,5,221.9128570556641,8.303245524454985,8.850857034438729,205.5978612093029,1.9648938235428244,216.5707855224609,213.59654574201,198.734017944336,169.7504916381836,153.9774974822998,3254819703.1333084,94.08163265306122,96.12244897959184,73.06122448979592,88.59183673469389,0.9780439121756488,1.2794854561048334,True,0.9780439121756488,91.3265306122449,True,True,True,True,True,True,True,True,True,True,True,True,True,True,,2023-12-14,218.24559223131047,203.3851469506932,14.860445280617313,2024-01-29,250.0670485576572,SMA20,0.1458057228144167,2024-01-25,2.141352814498221,29,2023-12-13,501,491,491,410,83.5030549898167,489,441,90.1840490797546,0.9760479041916168,True,18751.44921875,16345.1022265625,STRONG_MOMENTUM,POINT_IN_TIME,501,491,489,STRONG_MOMENTUM,MOMENTUM_ENABLED,True,True,True,0.9800399201596807,17521.01484375,2.0826074436536652,2.0532347582313824,2.023862072809099,14.860445280617256,2.1413528144982314
HINDPETRO-2024-02-26,HINDPETRO,2024-02-15,2024-02-26,6,341.6395874023437,15.347813355756458,15.621149733793972,303.6136036947737,2.4776157245427903,321.8244934082031,320.5173335678456,307.99749450683595,267.8209259033203,187.0770838165284,5233702480.766785,97.14867617107944,96.74134419551936,96.74134419551936,96.86354378818736,0.9800399201596808,1.3199646877647804,True,0.9780439121756488,97.59183673469389,True,True,True,True,True,True,True,True,True,True,True,True,True,True,,2024-02-27,321.91364612845985,299.7083162613252,22.20532986713465,2024-02-29,300.0784218858477,SMA20,-0.0678294458940046,2024-02-28,-0.9833325770552817,2,2024-02-26,501,491,491,294,59.877800407331975,490,387,78.9795918367347,0.9780439121756488,True,20255.80078125,17522.359497070312,NORMAL,POINT_IN_TIME,501,491,490,NORMAL,MOMENTUM_ENABLED,True,True,True,0.9800399201596807,19588.0920703125,-1.0413211136912381,-1.0703153820092164,-1.0993096503271949,22.20532986713465,-0.9833325770552815
HINDPETRO-2025-01-02,HINDPETRO,2024-12-26,2025-01-02,4,384.5646667480469,11.214288753744986,10.56139939231278,367.6889717353216,1.5048386378574137,378.5114440917969,376.5853906532015,373.1758621215821,358.4990295410156,335.7794995117188,2104890049.458084,84.81781376518218,52.834008097166,86.63967611336032,72.57085020242916,0.988,0.433455163682533,True,0.988,82.7327935222672,True,True,True,True,True,True,True,True,True,True,True,True,True,True,,2025-01-03,379.2451606308528,365.04862188724337,14.196538743609436,2025-01-06,365.04862188724337,STOP_INTRADAY,-0.0374336714540913,,-1.0,1,2025-01-02,500,496,496,249,50.201612903225815,488,240,49.18032786885246,0.976,True,22819.75,22349.360478515624,NORMAL,POINT_IN_TIME,500,496,488,NORMAL,MOMENTUM_ENABLED,True,True,True,0.992,22703.5589453125,-1.1068556688302829,-1.1602835032454244,-1.2137113376605657,14.196538743609437,-1.0
HINDPETRO-2025-07-16,HINDPETRO,2025-07-08,2025-07-16,6,415.1977844238281,10.578306863712193,10.683237449631424,392.5439639473746,2.1415355754298595,409.1445617675781,404.4670179937184,393.3739837646484,378.6269860839844,351.619188079834,1806645901.4164124,92.1529175050302,56.13682092555332,71.22736418511066,71.46881287726359,0.994,1.4544597839403148,True,0.9920159680638724,79.41649899396378,True,True,True,True,True,True,True,True,True,True,True,True,True,True,,2025-07-17,409.0986651805568,389.8731545849668,19.22551059558998,2025-07-21,397.1297647396646,SMA20,-0.02925675750032,2025-07-18,-0.6225530594562028,2,2025-07-16,500,497,497,382,76.86116700201208,479,322,67.22338204592901,0.958,True,23472.5,22281.17173828125,STRONG_MOMENTUM,POINT_IN_TIME,500,497,479,STRONG_MOMENTUM,MOMENTUM_ENABLED,True,True,True,0.994,23031.285,-0.70766885664588,-0.7502267552407186,-0.7927846538355572,19.22551059558998,-0.6225530594562028
HINDPETRO-2025-10-16,HINDPETRO,2025-10-09,2025-10-16,5,431.0687561035156,9.798195884429438,10.472092826219445,413.5154231654378,1.7914862230885022,425.3745422363281,425.2804003311605,412.6283264160156,386.4348559570312,359.0142607116699,1899866060.369278,95.94320486815415,73.42799188640974,69.1683569979716,78.90466531440163,0.9801192842942346,1.125045357651029,True,0.9840319361277444,81.60243407707911,True,True,True,True,True,True,True,True,True,True,True,True,True,True,,2025-10-17,426.36276270474445,410.8973999588829,15.465362745861569,2025-10-24,410.5976875687768,SMA20,-0.0369757317359465,2025-10-23,-1.0193795900575495,4,2025-10-16,503,498,498,268,53.81526104417671,482,307,63.69294605809128,0.9582504970178928,True,23563.80078125,22274.728779296875,NORMAL,POINT_IN_TIME,503,498,482,NORMAL,MOMENTUM_ENABLED,True,True,True,0.9900596421471173,22999.95109375,-1.1296551185947217,-1.1847928828633076,-1.2399306471318938,15.465362745861569,-1.0193795900575495
HINDUNILVR-2024-09-26,HINDUNILVR,2024-09-23,2024-09-26,3,2909.85693359375,55.556232361007865,56.426066103005205,2791.244908103834,2.134990449301308,2869.070556640625,2844.3295785071546,2782.206091308594,2694.387666015625,2407.7331188964845,5048632488.015137,77.89046653144015,80.73022312373224,65.51724137931035,75.31440162271804,0.986,1.052770793781817,True,0.986,73.85395537525355,True,True,True,True,True,True,True,True,True,True,True,True,True,True,,2024-09-27,2869.0706798652327,2777.1383915780825,91.9322882871502,2024-10-03,2777.1383915780825,STOP_INTRADAY,-0.0320425317271962,,-1.0,3,2024-09-26,500,493,493,310,62.88032454361054,490,401,81.83673469387756,0.98,True,24496.900390625,21253.68328125,STRONG_MOMENTUM,POINT_IN_TIME,500,493,490,STRONG_MOMENTUM,MOMENTUM_ENABLED,True,True,True,0.986,23446.3629296875,-1.1248340809663608,-1.1872511214495411,-1.2496681619327217,91.93228828715019,-1.0
HINDZINC-2026-01-02,HINDZINC,2025-12-26,2026-01-02,4,625.4229125976562,16.463282905045748,17.577879953389075,597.3851943241789,1.7030454032278233,617.5173950195312,609.9064196743027,566.9881103515625,509.6688830566407,455.9586218261719,7215194488.284424,99.59758551307849,97.1830985915493,96.17706237424548,97.6056338028169,0.9920159680638724,0.5300323997794201,True,0.994011976047904,98.79518072289156,True,True,True,True,True,True,True,True,True,True,True,True,True,True,,2026-01-05,625.2756194412403,592.9907243358316,32.28489510540874,2026-01-08,592.9907243358316,STOP_INTRADAY,-0.0516330624473399,,-1.0,3,2026-01-02,501,498,498,250,50.20080321285141,492,263,53.45528455284553,0.9820359281437124,True,24099.0,22919.6473046875,NORMAL,POINT_IN_TIME,501,498,492,NORMAL,MOMENTUM_ENABLED,True,True,True,0.9940119760479041,23754.1330859375,-1.0774697414874346,-1.116204612231152,-1.1549394829748694,32.28489510540874,-1.0
HONAUT-2024-06-24,HONAUT,2024-06-14,2024-06-24,5,57496.703125,2269.198520576826,2232.3491496658,54602.654240713535,1.275361700637282,56782.00390625,56555.88949330734,53129.652734375,49031.7096875,40453.62224609375,357145995.94921875,60.28513238289206,89.40936863543789,88.39103869653768,80.36659877800408,0.9780876494023903,1.103256494694475,True,0.9780876494023903,89.04276985743381,True,True,True,True,True,True,True,True,True,True,True,True,True,True,,2024-06-25,56824.8803811336,54044.566953297086,2780.3134278365105,2024-07-15,56120.1959679605,SMA20,-0.0124009836614994,2024-07-12,-0.2534550263714134,14,2024-06-24,502,493,493,401,81.33874239350912,484,406,83.88429752066115,0.9641434262948207,True,22289.099609375,19265.68827148437,STRONG_MOMENTUM,POINT_IN_TIME,502,493,484,STRONG_MOMENTUM,MOMENTUM_ENABLED,True,True,True,0.9820717131474104,21159.7550390625,-0.3352082270173588,-0.37608482734033144,-0.4169614276633042,2780.3134278365105,-0.2534550263714134
HSCL-2024-06-25,HSCL,2024-06-20,2024-06-25,3,400.0503234863281,14.234513821121748,15.38593625952224,381.0003086003453,1.3382975439396907,399.5516662597656,396.2602564294097,356.117790222168,352.22364501953126,312.61043144226073,261809619.50961304,83.29938900203666,65.37678207739307,73.11608961303462,73.07535641547862,0.9780876494023903,1.829608934937928,True,0.9780876494023903,73.56415478615071,True,True,True,True,True,True,True,True,True,True,True,True,True,True,,2024-06-26,399.6015104670022,377.1538245354648,22.447685931537364,2024-07-22,399.7012590585272,SMA20,0.0002496201563614,2024-07-19,0.0044436024198335,17,2024-06-25,502,493,493,400,81.13590263691684,484,406,83.88429752066115,0.9641434262948207,True,22370.650390625,19292.890771484374,STRONG_MOMENTUM,POINT_IN_TIME,502,493,484,STRONG_MOMENTUM,MOMENTUM_ENABLED,True,True,True,0.9820717131474104,21191.3540625,-0.06676222461921841,-0.10236513813874437,-0.13796805165827034,22.447685931537364,0.004443602419833517
HSCL-2024-07-16,HSCL,2024-07-10,2024-07-16,4,431.7172546386719,15.797065061694044,15.54679584435747,411.42050820635257,1.2848428713214866,431.3681640625,423.2893604161564,404.9549697875976,370.64539916992186,324.86890548706054,488660131.7635803,93.71196754563894,87.62677484787018,36.105476673428,73.99594320486815,0.9801192842942346,3.237223604139288,True,0.9820717131474104,79.18864097363083,True,True,True,True,True,True,True,True,True,True,True,True,True,True,,2024-07-18,434.7592471682854,407.5338092452632,27.225437923022184,2024-07-19,407.5338092452632,STOP_INTRADAY,-0.0626218719908764,,-1.0,1,2024-07-16,503,493,493,413,83.77281947261663,484,421,86.98347107438018,0.9622266401590456,True,23204.25,19716.877265625,STRONG_MOMENTUM,POINT_IN_TIME,503,493,484,STRONG_MOMENTUM,MOMENTUM_ENABLED,True,True,True,0.9801192842942346,21836.4141015625,-1.063875445955732,-1.0958131689335981,-1.127750891911464,27.225437923022184,-1.0
HSCL-2024-09-25,HSCL,2024-09-18,2024-09-25,5,659.9185180664062,26.221024323331687,25.490312772976665,630.3460927743606,1.1278135029123115,658.3724975585938,656.2780435930785,580.4794219970703,506.453154296875,388.0806538391113,1150197949.303711,98.58012170385396,99.39148073022312,97.97160243407708,98.72210953346855,0.986,1.5147668688473388,True,0.9840319361277444,99.4523326572008,True,True,True,True,True,True,True,True,True,True,True,True,True,True,,2024-09-26,662.3121600315739,623.9735145811164,38.33864545045742,2024-10-04,623.9735145811164,STOP_INTRADAY,-0.0578860660638176,,-1.0,5,2024-09-25,500,493,493,304,61.66328600405679,490,401,81.83673469387756,0.98,True,24371.25,21221.138525390623,STRONG_MOMENTUM,POINT_IN_TIME,500,493,490,STRONG_MOMENTUM,MOMENTUM_ENABLED,True,True,True,0.986,23420.509921875,-1.069101258247367,-1.1036518873710504,-1.1382025164947338,38.33864545045742,-1.0
HUDCO-2023-08-29,HUDCO,2023-08-23,2023-08-29,4,66.82014465332031,2.427531988480967,2.421841765488776,63.036185909715485,1.5587678191514367,65.97431182861328,64.63879812757816,61.46919345855713,56.54204231262207,47.16434854507446,659260035.3636951,90.81632653061224,82.0408163265306,93.06122448979592,87.9795918367347,0.9760956175298804,0.9716055830682838,True,0.9741035856573704,87.6278118609407,True,True,True,True,True,True,True,True,True,True,True,True,True,True,,2023-08-30,66.50853457537274,62.43072546834329,4.077809107029445,2023-09-13,64.85017414688882,SMA20,-0.024934550717014,2023-09-12,-0.4066792694207257,10,2023-08-29,502,492,491,354,72.09775967413442,483,413,85.5072463768116,0.9621513944223108,True,16927.30078125,15624.319018554688,STRONG_MOMENTUM,POINT_IN_TIME,502,491,483,STRONG_MOMENTUM,MOMENTUM_ENABLED,True,True,True,0.9780876494023905,16718.71912109375,-0.47191874761083863,-0.504538486705895,-0.5371582258009514,4.077809107029445,-0.40667926942072574
HUDCO-2023-10-11,HUDCO,2023-10-06,2023-10-11,3,85.43165588378906,4.368459316197914,4.296505659477626,80.33266569620001,1.167228493735168,84.73634338378906,84.59729147154952,76.59646720886231,68.78251747131348,51.57419284820557,1570629278.6339798,97.75510204081633,97.3469387755102,96.73469387755102,97.28571428571428,0.9780439121756488,0.8324260073861667,True,0.9780439121756488,97.36734693877553,True,True,True,True,True,True,True,True,True,True,True,True,True,True,,2023-10-12,85.47801841096953,79.2585392813306,6.219479129638927,2023-10-18,76.94876098632812,STOP_GAP,-0.0997830504637298,,-1.37137809241858,4,2023-10-11,501,491,491,310,63.13645621181263,488,436,89.34426229508196,0.9740518962075848,True,17407.349609375,15852.197758789063,STRONG_MOMENTUM,POINT_IN_TIME,501,491,488,STRONG_MOMENTUM,MOMENTUM_ENABLED,True,True,True,0.9800399201596807,17139.92,-1.4263524828003233,-1.4538396779911953,-1.4813268731820672,6.219479129638927,-1.3713780924185799
HUDCO-2024-01-11,HUDCO,2024-01-04,2024-01-11,5,119.22423553466795,6.3672664001076384,5.888332678685998,113.75437162992212,0.8590600048795458,117.60181427001952,116.58200968413011,109.83972282409668,90.3600959777832,65.65313375473022,2529258318.566162,98.16326530612244,87.95918367346938,96.93877551020408,93.71428571428572,0.9780439121756488,1.4832040068460788,True,0.9780439121756488,96.14285714285714,True,True,True,True,True,True,True,True,True,True,True,True,True,True,,2024-01-12,118.3434906255603,112.28228846025064,6.061202165309666,2024-02-29,177.35297020283528,SMA20,0.4986288579570583,2024-02-28,9.735606562507751,32,2024-01-11,501,491,491,412,83.91038696537679,489,437,89.36605316973414,0.9760479041916168,True,19584.349609375,16786.46947265625,STRONG_MOMENTUM,POINT_IN_TIME,501,491,489,STRONG_MOMENTUM,MOMENTUM_ENABLED,True,True,True,0.9800399201596807,18318.7829296875,9.657507540301971,9.61845802919908,9.57940851809619,6.061202165309666,9.735606562507751
HUDCO-2024-05-08,HUDCO,2024-04-29,2024-05-08,6,213.7412567138672,10.390025629645391,11.260818983279368,190.1427947880065,2.271261185201336,209.11502075195312,201.8251982935984,195.287728881836,184.87134765625,114.97202243804932,2404349906.220726,82.58196721311475,67.82786885245902,100.0,81.90573770491804,0.9740518962075848,3.0643618100399923,True,0.9740518962075848,96.65983606557376,True,True,True,True,True,True,True,True,True,True,True,True,True,True,,2024-05-09,209.1150368849001,187.3275900421867,21.787446842713397,2024-06-05,214.95623795068016,SMA20,0.0279329557204207,2024-06-04,0.2680993834637216,18,2024-05-08,501,493,492,289,58.73983739837399,479,362,75.5741127348643,0.9560878243512974,True,20704.900390625,18561.658759765625,NORMAL,POINT_IN_TIME,501,492,479,NORMAL,MOMENTUM_ENABLED,True,True,True,0.9820359281437125,20407.4140625,0.22970754464120505,0.21051162522994674,0.19131570581868848,21.787446842713393,0.26809938346372164
ICICIBANK-2024-12-10,ICICIBANK,2024-12-05,2024-12-10,3,1315.1788330078125,23.846367304963064,22.080815613260203,1294.2677540997624,0.8769083626292171,1309.2252197265625,1307.8476391384686,1270.4956604003903,1255.6498413085938,1161.459430541992,14381255767.536987,61.74089068825911,75.30364372469636,71.25506072874494,70.02024291497975,0.988,0.7175441525254137,True,0.988,71.82186234817813,True,True,True,True,True,True,True,True,True,True,True,True,True,True,,2024-12-11,1303.567008056277,1288.7475501964475,14.819457859829528,2024-12-18,1288.7475501964475,STOP_INTRADAY,-0.0113683897860582,,-1.0,5,2024-12-10,500,496,496,301,60.68548387096774,488,304,62.29508196721312,0.976,True,23314.900390625,22160.192255859376,STRONG_MOMENTUM,POINT_IN_TIME,500,496,488,STRONG_MOMENTUM,MOMENTUM_ENABLED,True,True,True,0.992,22985.219921875,-1.3518528195528126,-1.5277792293292187,-1.7037056391056251,14.819457859829527,-1.0
ICICIPRULI-2024-09-26,ICICIPRULI,2024-09-23,2024-09-26,3,787.2708740234375,16.78929532653326,17.639319825828142,757.8620007507407,1.751644288859462,778.4631958007812,772.2429792958402,756.8941802978516,730.0296276855469,603.6091693115235,985283611.3745728,68.35699797160242,90.26369168356996,66.5314401622718,76.57200811359027,0.986,0.9705172230679364,True,0.986,79.81744421906694,True,True,True,True,True,True,True,True,True,True,True,True,True,True,,2024-09-27,766.3213705457865,753.4521707942836,12.869199751502949,2024-10-03,753.4521707942836,STOP_INTRADAY,-0.0167934762700631,,-1.0,3,2024-09-26,500,493,493,310,62.88032454361054,490,401,81.83673469387756,0.98,True,24496.900390625,21253.68328125,STRONG_MOMENTUM,POINT_IN_TIME,500,493,490,STRONG_MOMENTUM,MOMENTUM_ENABLED,True,True,True,0.986,23446.3629296875,-1.2381877305016702,-1.3572815957525055,-1.4763754610033406,12.869199751502947,-1.0
IDEA-2023-09-22,IDEA,2023-09-15,2023-09-22,4,11.699999809265137,0.6545083520291982,0.7289256913830019,10.600000381469728,1.680649947987735,11.300000190734863,11.199999809265137,10.28499994277954,8.87600001335144,7.593500010967254,3283238584.3645363,99.59183673469389,95.51020408163264,92.24489795918367,95.75510204081633,0.9780439121756488,0.9374127331948904,True,0.9780439121756488,95.51020408163264,True,True,True,True,True,True,True,True,True,True,True,True,True,True,,2023-09-25,11.350000381469728,10.417768958623975,0.9322314228457528,2023-10-06,11.199999809265137,SMA20,-0.0132159090011561,2023-10-05,-0.1609048660328313,8,2023-09-22,501,491,491,335,68.22810590631364,488,435,89.13934426229508,0.9740518962075848,True,17260.80078125,15768.456762695312,STRONG_MOMENTUM,POINT_IN_TIME,501,491,488,STRONG_MOMENTUM,MOMENTUM_ENABLED,True,True,True,0.9800399201596807,17051.5020703125,-0.2096052213451311,-0.23395539900128096,-0.25830557665743087,0.9322314228457529,-0.16090486603283136
IDEA-2023-10-11,IDEA,2023-09-26,2023-10-11,10,12.100000381469728,0.7226450715489691,0.6706868310991068,10.550000190734863,2.1448983072872583,11.850000381469728,11.199999809265137,11.312499952316283,9.750999994277954,7.794250011444092,3077210943.0,95.10204081632652,98.16326530612244,94.28571428571428,96.08163265306122,0.9780439121756488,1.4178961939731174,True,0.9780439121756488,96.22448979591836,True,True,True,True,True,True,True,True,True,True,True,True,True,True,,2023-10-12,11.899999618530272,10.382328482960087,1.5176711355701844,2023-10-25,11.0,SMA20,-0.0756302224689842,2023-10-23,-0.5930135965800948,8,2023-10-11,501,491,491,310,63.13645621181263,488,436,89.34426229508196,0.9740518962075848,True,17407.349609375,15852.197758789063,STRONG_MOMENTUM,POINT_IN_TIME,501,491,488,STRONG_MOMENTUM,MOMENTUM_ENABLED,True,True,True,0.9800399201596807,17139.92,-0.6243774390875415,-0.6400593603412649,-0.6557412815949882,1.5176711355701844,-0.5930135965800948
IDEA-2024-01-15,IDEA,2024-01-08,2024-01-15,5,17.149999618530273,0.9823390926688896,0.9133267827025836,15.800000190734863,1.3742702879996709,16.5,16.200000762939453,15.259999990463257,14.24299997329712,9.854249999523162,4193502562.738544,90.81632653061224,86.93877551020408,96.93877551020408,91.10204081632652,0.9780439121756488,0.7329546249028636,True,0.9780439121756488,96.6122448979592,True,True,True,True,True,True,True,True,True,True,True,True,True,True,,2024-01-16,16.5,15.571668495059216,0.9283315049407844,2024-01-16,15.571668495059216,STOP_INTRADAY,-0.0562625154509566,,-1.0,0,2024-01-15,501,491,491,414,84.31771894093686,489,436,89.16155419222905,0.9760479041916168,True,19885.55078125,16840.98322753906,STRONG_MOMENTUM,POINT_IN_TIME,501,491,489,STRONG_MOMENTUM,MOMENTUM_ENABLED,True,True,True,0.9800399201596807,18438.861953125,-1.0710952926284776,-1.1066429389427164,-1.1421905852569552,0.9283315049407843,-1.0
IDEA-2026-02-18,IDEA,2026-02-11,2026-02-18,5,11.850000381469728,0.4980584500466913,0.4370439540932901,11.210000038146973,1.2849904328754105,11.5600004196167,11.460000038146973,10.964500093460083,11.192000102996824,8.721750028133393,5620250951.805958,82.53012048192771,83.13253012048193,99.59839357429718,87.89156626506025,0.994011976047904,0.6825612975678985,True,0.9920159680638724,88.14889336016097,True,True,True,True,True,True,True,True,True,True,True,True,True,True,,2026-02-19,11.600000381469728,11.10073904962365,0.4992613318460783,2026-02-20,11.10073904962365,STOP_INTRADAY,-0.0430397685713542,,-1.0,1,2026-02-18,501,499,449,232,51.67037861915368,444,181,40.76576576576576,0.8862275449101796,True,23645.80078125,23254.83354492188,NORMAL,POINT_IN_TIME,501,449,444,NORMAL,MOMENTUM_ENABLED,True,True,True,0.8962075848303394,23518.3460546875,-1.0929373027033944,-1.1394059540550918,-1.1858746054067892,0.49926133184607835,-1.0
IDFCFIRSTB-2023-08-30,IDFCFIRSTB,2023-08-23,2023-08-30,5,91.67971801757812,1.953350100560483,1.950923687445812,89.54300734767656,1.0938697928694223,91.67971801757812,91.38156927627632,88.6734172821045,84.1276934814453,65.94976694107055,2678991569.660782,66.73469387755102,79.59183673469387,93.06122448979592,79.77551020408163,0.9760956175298804,1.1626742448805,True,0.9741035856573704,86.23721881390594,True,True,True,True,True,True,True,True,True,True,True,True,True,True,,2023-08-31,92.42508388043352,89.05527642581511,3.3698074546184102,2023-09-01,89.05527642581511,STOP_INTRADAY,-0.0364598798631093,,-1.0,1,2023-08-30,502,492,491,371,75.56008146639512,483,427,88.40579710144928,0.9621513944223108,True,16968.94921875,15631.327514648438,STRONG_MOMENTUM,POINT_IN_TIME,502,491,483,STRONG_MOMENTUM,MOMENTUM_ENABLED,True,True,True,0.9780876494023905,16735.25509765625,-1.1097096319301716,-1.1645644478952575,-1.219419263860343,3.3698074546184102,-1.0
IDFCFIRSTB-2026-08-19,IDFCFIRSTB,2026-08-13,2026-08-19,4,86.55000305175781,1.682369031674455,1.495926216492991,84.51000213623047,1.2125763593597174,85.48999786376953,85.47000122070312,84.6520278930664,81.23962677001953,76.70822568893432,1103797565.750122,74.6,88.6,48.4,72.33999999999999,1.0,0.6743871459911626,True,1.0,77.46000000000001,True,True,True,True,True,True,True,True,True,True,True,True,True,True,,2026-08-20,85.66000366210938,84.13602058210722,1.5239830800021537,2026-08-26,85.18000030517578,SMA20,-0.0056035878637945,2026-08-25,-0.314966329503419,4,2026-08-19,500,500,500,250,50.0,420,232,55.23809523809524,0.84,True,23386.19921875,23081.79706054688,NORMAL,POINT_IN_TIME,500,500,420,NORMAL,MOMENTUM_ENABLED,True,True,True,1.0,23252.231015625,-0.5397982316056086,-0.6522141826567033,-0.7646301337077982,1.5239830800021537,-0.314966329503419
IEX-2024-01-04,IEX,2023-12-29,2024-01-04,3,158.13864135742188,5.801830122178897,5.60520175622828,152.53791419216336,0.9653380135775412,156.208984375,155.738330059482,147.15366439819337,135.19913604736328,130.3458236694336,1955965838.1430511,85.51020408163265,74.08163265306122,60.40816326530612,73.40816326530611,0.9780439121756488,1.2940313149056173,True,0.9780439121756488,75.0408163265306,True,True,True,True,True,True,True,True,True,True,True,True,True,True,,2024-01-05,157.05614868107435,151.13661375310627,5.919534927968073,2024-01-08,151.13661375310627,STOP_INTRADAY,-0.0376905646654341,,-1.0,1,2024-01-04,501,491,491,431,87.78004073319755,489,446,91.20654396728015,0.9760479041916168,True,19541.25,16658.041723632814,STRONG_MOMENTUM,POINT_IN_TIME,501,491,489,STRONG_MOMENTUM,MOMENTUM_ENABLED,True,True,True,0.9800399201596807,18050.964921875,-1.1061273566874519,-1.1591910350311778,-1.2122547133749038,5.919534927968073,-1.0
IIFL-2025-10-27,IIFL,2025-10-15,2025-10-27,7,502.53167724609375,14.782062682135038,13.80020339674732,484.3164453898893,1.232252375591571,501.6382751464844,491.7613590727431,476.7797149658203,456.0585363769531,412.4633557128906,596078677.7429047,95.131845841785,37.93103448275862,89.8580121703854,70.66937119675455,0.9801192842942346,1.334426634390553,True,0.9801192842942346,76.36916835699797,True,True,True,True,True,True,True,True,True,True,True,True,True,True,,2025-10-28,502.2835163853502,480.8663945407025,21.41712184464768,2025-11-25,534.0484952436599,SMA20,0.0632411333879802,2025-11-24,1.4831581520954005,19,2025-10-27,503,498,498,291,58.43373493975904,482,314,65.14522821576763,0.9582504970178928,True,23840.900390625,22310.83252929688,NORMAL,POINT_IN_TIME,503,498,482,NORMAL,MOMENTUM_ENABLED,True,True,True,0.9900596421471173,23130.993125,1.3893484385346822,1.342443581754323,1.2955387249739638,21.41712184464768,1.4831581520954005
INDIACEM-2023-08-21,INDIACEM,2023-08-11,2023-08-21,5,252.6999969482422,9.01468113608876,9.559583435740032,233.1499938964844,2.1686849214768853,245.0,240.4499969482422,226.43249969482423,220.10200042724608,210.5610000610352,1123543817.6898956,90.1840490797546,77.30061349693251,61.55419222903885,76.44171779141104,0.9741035856573704,1.1895032746971643,True,0.9741035856573704,84.49897750511246,True,True,True,True,True,True,True,True,True,True,True,True,True,True,,2023-08-22,246.6999969482422,230.76009803754937,15.939898910692818,2023-08-25,230.76009803754937,STOP_INTRADAY,-0.0646124811831149,,-1.0,3,2023-08-21,502,492,491,321,65.37678207739307,483,393,81.36645962732919,0.9621513944223108,True,16852.05078125,15582.721762695312,STRONG_MOMENTUM,POINT_IN_TIME,502,491,483,STRONG_MOMENTUM,MOMENTUM_ENABLED,True,True,True,0.9780876494023905,16614.10609375,-1.0619075436627146,-1.0928613154940714,-1.1238150873254287,15.939898910692818,-1.0
INDIACEM-2024-08-02,INDIACEM,2024-07-26,2024-08-02,5,374.0499877929688,16.757061737274405,14.811137429579064,359.0,0.8981280864706466,372.0499877929688,366.75,334.65999908447264,272.6097994995117,241.90145057678225,3699322684.235962,98.58012170385396,98.78296146044624,84.17849898580123,94.34077079107504,0.9801192842942346,0.5142831754321336,True,0.9801192842942346,95.09127789046651,True,True,True,True,True,True,True,True,True,True,True,True,True,True,,2024-08-05,365.5,355.29721564260524,10.202784357394762,2024-08-21,364.6000061035156,SMA20,-0.0024623636018724,2024-08-20,-0.0882106163335774,11,2024-08-02,503,493,493,340,68.96551724137932,487,423,86.85831622176592,0.9681908548707754,True,23259.44921875,20067.42576171875,STRONG_MOMENTUM,POINT_IN_TIME,503,493,487,STRONG_MOMENTUM,MOMENTUM_ENABLED,True,True,True,0.9801192842942346,22411.5890234375,-0.23150483375378325,-0.3031519424638862,-0.3747990511739891,10.202784357394762,-0.08821061633357746
INDIANB-2023-08-11,INDIANB,2023-08-08,2023-08-11,3,366.5836181640625,11.145009041623071,12.680688247536905,346.23084101572584,1.826178612536382,362.14892578125,360.2817237043498,322.91380310058594,291.37190216064454,265.62171836853025,467155850.8168945,92.0245398773006,91.41104294478528,80.57259713701431,88.34355828220859,0.9741035856573704,3.084384593804962,True,0.9741035856573704,89.77505112474438,True,True,True,True,True,True,True,True,True,True,True,True,True,True,,2023-08-14,362.24231792224873,343.0606689538416,19.181648968407103,2023-08-31,358.5078729549938,SMA20,-0.010309245448392,2023-08-30,-0.1946884219081329,12,2023-08-11,502,491,491,349,71.07942973523421,483,410,84.88612836438924,0.9621513944223108,True,16860.150390625,15541.887749023435,STRONG_MOMENTUM,POINT_IN_TIME,502,491,483,STRONG_MOMENTUM,MOMENTUM_ENABLED,True,True,True,0.9780876494023905,16521.83107421875,-0.2702277706927709,-0.3079974450850898,-0.3457671194774088,19.181648968407103,-0.1946884219081329
INDIANB-2023-10-11,INDIANB,2023-10-03,2023-10-11,6,412.00390625,16.950741149149387,15.704722543352132,375.3129017044133,2.1645663881445025,395.0588684082031,385.5360003352642,388.63090362548826,370.1901580810547,292.3214980316162,847607467.5700836,90.20408163265309,89.59183673469387,81.42857142857143,87.32653061224491,0.9780439121756488,0.7521291310281782,True,0.9780439121756488,88.57142857142857,True,True,True,True,True,True,True,True,True,True,True,True,True,True,,2023-10-12,397.71963999186295,371.3867210685753,26.33291892328765,2023-10-16,393.3316552717825,SMA20,-0.0110328590264494,2023-10-13,-0.166634953491613,2,2023-10-11,501,491,491,310,63.13645621181263,488,436,89.34426229508196,0.9740518962075848,True,17407.349609375,15852.197758789063,STRONG_MOMENTUM,POINT_IN_TIME,501,491,488,STRONG_MOMENTUM,MOMENTUM_ENABLED,True,True,True,0.9800399201596807,17139.92,-0.22704901410532455,-0.2572560444121803,-0.2874630747190361,26.33291892328765,-0.166634953491613
INDIANB-2024-02-08,INDIANB,2024-02-05,2024-02-08,3,523.0106811523438,19.515671406317068,20.03971026375638,497.896404888875,1.2868773889756857,515.1682739257812,512.8809003014865,446.94212036132814,416.0772955322266,352.2110201263428,1470933662.9697418,93.46938775510203,72.44897959183673,80.61224489795919,81.20408163265306,0.9780439121756488,1.318012436769623,True,0.9780439121756488,80.42857142857143,True,True,True,True,True,True,True,True,True,True,True,True,True,True,,2024-02-09,515.168278553672,492.8864773229359,22.281801230736164,2024-02-09,492.8864773229359,STOP_INTRADAY,-0.0432515008363714,,-1.0,0,2024-02-08,501,491,491,324,65.9877800407332,489,392,80.16359918200409,0.9760479041916168,True,19987.55078125,17246.9894921875,STRONG_MOMENTUM,POINT_IN_TIME,501,491,489,STRONG_MOMENTUM,MOMENTUM_ENABLED,True,True,True,0.9800399201596807,19197.8930078125,-1.092482339864523,-1.1387235097967845,-1.184964679729046,22.281801230736164,-1.0
INDIGO-2024-05-08,INDIGO,2024-05-02,2024-05-08,4,4101.3193359375,112.76715979685962,121.39978809826736,3908.9442692720736,1.705949382887479,4068.774169921875,4033.134301145154,3794.490185546875,3477.418515625,2883.1849560546875,3650307676.90393,95.08196721311477,93.64754098360656,83.60655737704919,91.0655737704918,0.9740518962075848,0.9917781983698885,True,0.9740518962075848,86.70081967213115,True,True,True,True,True,True,True,True,True,True,True,True,True,True,,2024-05-09,4088.0415667181855,3878.5943222475066,209.44724447067887,2024-05-30,4033.23415347434,SMA20,-0.0134067651586635,2024-05-29,-0.2616764588254975,14,2024-05-08,501,493,492,289,58.73983739837399,479,362,75.5741127348643,0.9560878243512974,True,20704.900390625,18561.658759765625,NORMAL,POINT_IN_TIME,501,492,479,NORMAL,MOMENTUM_ENABLED,True,True,True,0.9820359281437125,20407.4140625,-0.3397494184779313,-0.3787858983041481,-0.41782237813036505,209.44724447067892,-0.26167645882549756
INDIGO-2024-09-10,INDIGO,2024-08-28,2024-09-10,9,4851.6513671875,122.01360136748862,110.96810822385854,4710.43960336376,1.1573444455461126,4823.69873046875,4817.309294358204,4608.863989257812,4439.319990234375,3673.0930944824217,5303203646.77832,84.78701825557809,45.233265720081135,89.24949290060852,70.30425963488844,0.9820717131474104,0.5702916499483319,True,0.9801192842942346,77.99188640973631,True,True,True,True,True,True,True,True,True,True,True,True,True,True,,2024-09-11,4861.734474840385,4682.697576307794,179.0368985325904,2024-09-25,4801.885228895483,SMA20,-0.012310266275261,2024-09-24,-0.3342844208955463,10,2024-09-10,502,494,493,279,56.5922920892495,489,403,82.41308793456032,0.9741035856573704,True,23643.650390625,20868.0712890625,NORMAL,POINT_IN_TIME,502,493,489,NORMAL,MOMENTUM_ENABLED,True,True,True,0.9820717131474104,23182.3839453125,-0.4429041415159948,-0.49721400182621894,-0.5515238621364432,179.03689853259039,-0.33428442089554633
INDUSTOWER-2024-04-05,INDUSTOWER,2024-04-01,2024-04-05,4,303.76788330078125,12.675053989080372,12.537204947685668,287.577185671995,1.2773671530499706,302.61138916015625,298.7564754049327,259.81694107055665,236.8030569458008,190.7757672119141,4940477334.565109,97.1252566735113,96.50924024640656,86.652977412731,93.73716632443532,0.9720558882235528,1.2591000624307658,True,0.9680638722554892,96.2680412371134,True,True,True,True,True,True,True,True,True,True,True,True,True,True,,2024-04-08,305.0207148542781,284.44288443507355,20.57783041920453,2024-05-08,323.8134767005114,SMA20,0.0616114281130428,2024-05-07,0.9132528290589232,19,2024-04-05,501,493,492,334,67.88617886178862,479,381,79.54070981210856,0.9560878243512974,True,20715.099609375,18115.07103515625,STRONG_MOMENTUM,POINT_IN_TIME,501,492,479,STRONG_MOMENTUM,MOMENTUM_ENABLED,True,True,True,0.9820359281437125,20036.3541796875,0.8539616970706619,0.8243161310765313,0.7946705650824009,20.57783041920453,0.9132528290589231
INDUSTOWER-2024-07-11,INDUSTOWER,2024-07-04,2024-07-11,5,389.3953247070313,14.562071602662929,13.947392842387329,360.00153415550125,2.0185171006956755,379.9507751464844,374.3611428378868,353.1927947998047,338.9238024902344,246.2307514190674,8329732844.422836,79.3103448275862,68.76267748478702,95.33468559837728,79.89858012170386,0.9801192842942346,0.5575462305948244,True,0.9820717131474104,87.60649087221094,True,True,True,True,True,True,True,True,True,True,True,True,True,True,,2024-07-12,382.1191666661476,356.51468594490444,25.60448072124313,2024-08-06,402.887552843093,SMA20,0.0543505481762199,2024-08-05,0.8111231156394691,16,2024-07-11,503,493,493,407,82.55578093306288,484,421,86.98347107438018,0.9622266401590456,True,23005.25,19632.283525390623,STRONG_MOMENTUM,POINT_IN_TIME,503,493,484,STRONG_MOMENTUM,MOMENTUM_ENABLED,True,True,True,0.9801192842942346,21707.0301171875,0.7514274442722102,0.7215796085885819,0.6917317729049536,25.604480721243135,0.8111231156394669
INDUSTOWER-2024-09-05,INDUSTOWER,2024-08-30,2024-09-05,4,441.8704528808594,11.44335830411929,11.630146843671918,415.7051952369051,2.28650165000387,427.0290222167969,425.294296946168,413.8090423583984,400.9205908203125,290.44791458129885,2732702204.5347443,54.76673427991886,80.73022312373224,97.3630831643002,77.93103448275862,0.9820717131474104,1.1328569508421191,True,0.9820717131474104,86.55172413793103,True,True,True,True,True,True,True,True,True,True,True,True,True,True,,2024-09-06,427.12541610055536,412.7976585259872,14.327757574568182,2024-09-06,412.7976585259872,STOP_INTRADAY,-0.0335446148472585,,-1.0,0,2024-09-05,502,494,493,302,61.257606490872206,489,410,83.84458077709611,0.9741035856573704,True,23762.80078125,20773.62978515625,STRONG_MOMENTUM,POINT_IN_TIME,502,493,489,STRONG_MOMENTUM,MOMENTUM_ENABLED,True,True,True,0.9820717131474104,23120.591953125,-1.1192441772908566,-1.1788662659362847,-1.2384883545817134,14.327757574568182,-1.0
INOXWIND-2024-09-06,INOXWIND,2024-08-27,2024-09-06,8,228.07000732421875,12.086993274420676,10.697000246809967,212.3500061035156,1.3005716859271257,225.8800048828125,224.4499969482422,217.28200073242184,183.92399993896484,140.52147459030152,2144926800.617264,99.18864097363084,96.75456389452332,87.62677484787018,94.74645030425964,0.9820717131474104,1.5961669757941928,True,0.9801192842942346,91.96754563894524,True,True,True,True,True,True,True,True,True,True,True,True,True,True,,2024-09-09,224.3000030517578,209.6757560418132,14.62424700994464,2024-09-30,238.17999267578125,SMA20,0.0618813617261547,2024-09-27,0.9491079858391958,15,2024-09-06,502,494,493,264,53.54969574036511,489,402,82.20858895705521,0.9741035856573704,True,23477.69921875,20804.71978515625,NORMAL,POINT_IN_TIME,502,493,489,NORMAL,MOMENTUM_ENABLED,True,True,True,0.9820717131474104,23141.409921875,0.8877578177521208,0.8570827337085826,0.8264076496650441,14.624247009944611,0.9491079858391976
INOXWIND-2024-09-18,INOXWIND,2024-09-13,2024-09-18,3,250.9900054931641,11.78909953144259,12.11962540230648,238.1499938964844,1.089142691724183,248.6499938964844,246.0,231.0800003051758,199.11940032958984,147.6850620651245,2372392102.4921646,88.84381338742394,99.59432048681542,98.17444219066938,95.94320486815415,0.9840319361277444,1.9310748993947389,True,0.9820717131474104,96.75456389452332,True,True,True,True,True,True,True,True,True,True,True,True,True,True,,2024-09-19,250.0399932861328,235.1200875459077,14.91990574022509,2024-09-19,235.1200875459077,STOP_INTRADAY,-0.0596700773509921,,-1.0,0,2024-09-18,501,494,493,287,58.21501014198783,489,397,81.18609406952966,0.9760479041916168,True,23898.650390625,21057.981533203125,NORMAL,POINT_IN_TIME,501,493,489,NORMAL,MOMENTUM_ENABLED,True,True,True,0.9840319361277445,23303.8629296875,-1.0670352742543157,-1.1005529113814738,-1.1340705485086315,14.919905740225119,-1.0
INTELLECT-2023-08-28,INTELLECT,2023-08-16,2023-08-28,8,701.6994018554688,27.326184976380897,24.61209101428593,658.2235873195568,1.5909946658668157,688.7940673828125,686.9784997008643,675.3538299560547,632.5435034179687,495.404541015625,406596224.3814392,94.89795918367348,73.87755102040816,86.93877551020408,84.10204081632654,0.9760956175298804,0.4507717741117028,True,0.9741035856573704,86.76891615541922,True,True,True,True,True,True,True,True,True,True,True,True,True,True,,2023-08-29,687.9598536424278,652.0705645659854,35.889289076442424,2023-09-12,652.0705645659854,STOP_INTRADAY,-0.0521677084591859,,-1.0,10,2023-08-28,502,492,491,336,68.43177189409369,483,407,84.26501035196688,0.9621513944223108,True,16875.30078125,15617.758266601562,STRONG_MOMENTUM,POINT_IN_TIME,502,491,483,STRONG_MOMENTUM,MOMENTUM_ENABLED,True,True,True,0.9780876494023905,16703.802109375,-1.0766757850429531,-1.11501367756443,-1.1533515700859067,35.889289076442424,-1.0
INTELLECT-2024-01-31,INTELLECT,2024-01-19,2024-01-31,6,906.5662841796876,28.926569713972462,32.0498825964846,849.8905124570964,1.959298053070388,883.994140625,873.4440601464386,837.4856475830078,783.2604736328125,652.6426539611816,382917360.6916199,67.14285714285714,79.79591836734694,76.93877551020408,75.14285714285714,0.9780439121756488,1.086789143044618,True,0.9780439121756488,81.85714285714286,True,True,True,True,True,True,True,True,True,True,True,True,True,True,,2024-02-01,883.6997158149302,841.8780418079753,41.821674006954936,2024-02-16,897.390239464136,SMA20,0.0154922802442916,2024-02-15,0.3273547502409659,11,2024-01-31,501,491,491,357,72.70875763747455,489,413,84.45807770961146,0.9760479041916168,True,19802.099609375,17095.401479492186,STRONG_MOMENTUM,POINT_IN_TIME,501,491,489,STRONG_MOMENTUM,MOMENTUM_ENABLED,True,True,True,0.9800399201596807,18917.681953125,0.24283400956779527,0.20057363923120988,0.15831326889462458,41.821674006954936,0.32735475024096594
INTELLECT-2025-11-12,INTELLECT,2025-11-03,2025-11-12,6,1186.5703125,48.276946264429455,49.07272295441208,1079.69974124821,2.213697831391882,1137.04736328125,1113.1772544970067,1042.9487091064452,1009.0631188964844,932.1173706054688,436464923.8122253,94.53441295546558,91.7004048582996,82.99595141700405,89.93927125506073,0.9821073558648112,2.731023088540841,True,0.9801192842942346,92.75862068965516,True,True,True,True,True,True,True,True,True,True,True,True,True,True,,2025-11-13,1137.0473475692766,1067.4315605096072,69.6157870596694,2025-11-18,1067.4315605096072,STOP_INTRADAY,-0.0612250555867269,,-1.0,3,2025-11-12,503,499,498,249,50.0,482,294,60.99585062240664,0.9582504970178928,True,23836.900390625,22414.982529296874,NORMAL,POINT_IN_TIME,503,498,482,NORMAL,MOMENTUM_ENABLED,True,True,True,0.9900596421471173,23320.60515625,-1.0653327295772543,-1.0979990943658815,-1.130665459154509,69.6157870596694,-1.0
IOB-2023-09-26,IOB,2023-09-18,2023-09-26,5,46.400001525878906,2.3909381404270555,2.9382980709120394,41.70000076293945,1.9657559028691416,45.400001525878906,45.0,36.42749996185303,31.48100006103516,27.447250032424925,1842402708.4139748,99.59183673469389,99.59183673469389,96.12244897959184,98.55102040816324,0.9780439121756488,2.549702221221695,True,0.9780439121756488,98.40816326530611,True,True,True,True,True,True,True,True,True,True,True,True,True,True,,2023-09-27,45.09999847412109,40.96542624521145,4.13457222890964,2023-10-16,43.5,SMA20,-0.0354766857706034,2023-10-13,-0.3869804143058917,12,2023-09-26,501,491,491,322,65.58044806517312,488,435,89.13934426229508,0.9740518962075848,True,17276.75,15781.549765625,STRONG_MOMENTUM,POINT_IN_TIME,501,491,488,STRONG_MOMENTUM,MOMENTUM_ENABLED,True,True,True,0.9800399201596807,17074.70109375,-0.4306124961534639,-0.45242853707725,-0.47424457800103603,4.13457222890964,-0.3869804143058917
IOC-2023-11-23,IOC,2023-11-16,2023-11-23,5,92.8890609741211,2.125725086021752,2.2825976299473942,89.54290862515695,1.5741228115373989,92.6213607788086,91.63982643120704,85.11263656616211,80.33339874267578,73.89414524078369,2644919374.041717,94.28571428571428,77.75510204081633,56.734693877551024,76.40816326530611,0.9780439121756488,0.6083138104040707,True,0.9780439121756488,77.46938775510203,True,True,True,True,True,True,True,True,True,True,True,True,True,True,,2023-11-24,92.88905944336084,88.9722592176701,3.916800225690736,2024-02-28,153.92280647607095,SMA20,0.6570606635319144,2024-02-27,15.58255298097229,64,2023-11-23,501,491,491,305,62.11812627291242,488,417,85.45081967213115,0.9740518962075848,True,17639.400390625,16124.258237304688,STRONG_MOMENTUM,POINT_IN_TIME,501,491,488,STRONG_MOMENTUM,MOMENTUM_ENABLED,True,True,True,0.9800399201596807,17278.4748828125,15.487690793379375,15.440259699582919,15.39282860578646,3.9168002256907357,15.58255298097229
IOC-2023-12-13,IOC,2023-12-07,2023-12-13,4,108.28133392333984,2.887097575141554,2.9134833935839644,104.04288570522924,1.4680654559805726,106.76441955566406,106.09519103329168,98.52843017578124,86.56496337890626,76.29764015197753,3136720958.736584,91.63265306122447,92.24489795918367,73.67346938775509,86.48979591836734,0.9780439121756488,0.7885313609912731,True,0.9780439121756488,89.10204081632652,True,True,True,True,True,True,True,True,True,True,True,True,True,True,,2023-12-14,107.5228860240226,103.31451485683326,4.208371167189341,2024-02-28,153.92280647607095,SMA20,0.4315352960455484,2024-02-27,11.025624548948144,51,2023-12-13,501,491,491,410,83.5030549898167,489,441,90.1840490797546,0.9760479041916168,True,18751.44921875,16345.1022265625,STRONG_MOMENTUM,POINT_IN_TIME,501,491,489,STRONG_MOMENTUM,MOMENTUM_ENABLED,True,True,True,0.9800399201596807,17521.01484375,10.923425496866114,10.8723259708251,10.821226444784086,4.208371167189341,11.025624548948143
IOC-2024-01-03,IOC,2023-12-28,2024-01-03,3,118.89978790283205,3.5437522654644704,3.42783190445159,114.48287437183856,1.2463945558605676,118.40900421142578,117.2936247894701,110.9270278930664,96.7927003479004,79.70733587265015,2491193165.395458,86.53061224489797,96.3265306122449,84.48979591836735,89.83673469387756,0.9780439121756488,1.0117146837140238,True,0.9780439121756488,92.6938775510204,True,True,True,True,True,True,True,True,True,True,True,True,True,True,,2024-01-04,117.78439656198074,113.62591639572568,4.15848016625506,2024-02-28,153.92280647607095,SMA20,0.3068183135367457,2024-02-27,8.690292719764209,37,2024-01-03,501,491,491,422,85.94704684317719,489,443,90.59304703476482,0.9760479041916168,True,19367.150390625,16633.734721679688,STRONG_MOMENTUM,POINT_IN_TIME,501,491,489,STRONG_MOMENTUM,MOMENTUM_ENABLED,True,True,True,0.9800399201596807,18006.349921875,8.576997100352319,8.520349290646374,8.46370148094043,4.15848016625506,8.690292719764209
IOC-2026-02-18,IOC,2026-02-11,2026-02-18,5,177.47076416015625,4.149221213529288,4.023171292478796,168.52429686929096,2.156179878212737,174.9552001953125,172.42001615058027,166.31118698120116,161.22148162841796,145.87294273376466,2242864351.4112854,86.94779116465864,84.53815261044177,92.3694779116466,87.61044176706827,0.994011976047904,0.6075115410558996,True,0.9920159680638724,89.47686116700201,True,True,True,True,True,True,True,True,True,True,True,True,True,True,,2026-02-19,173.94701967561355,167.51850404617127,6.428515629442273,2026-03-04,167.51850404617127,STOP_INTRADAY,-0.0369567448837613,,-1.0,8,2026-02-18,501,499,449,232,51.67037861915368,444,181,40.76576576576576,0.8862275449101796,True,23645.80078125,23254.83354492188,NORMAL,POINT_IN_TIME,501,449,444,NORMAL,MOMENTUM_ENABLED,True,True,True,0.8962075848303394,23518.3460546875,-1.1082346405935113,-1.1623519608902668,-1.2164692811870226,6.428515629442273,-1.0
IPCALAB-2024-04-24,IPCALAB,2024-04-18,2024-04-24,4,1341.9407958984375,38.61303898657258,36.38716122253572,1300.5107294800432,1.0729553411426982,1336.9295654296875,1325.666514465934,1278.8950439453124,1219.7659765625,1030.6587533569336,787552979.2264404,75.81967213114754,75.61475409836066,71.31147540983606,74.38524590163935,0.9740518962075848,0.9502881456347284,True,0.9740518962075848,78.5860655737705,True,True,True,True,True,True,True,True,True,True,True,True,True,True,,2024-04-25,1338.6163984409905,1291.4139391744093,47.20245926658117,2024-05-07,1291.4139391744093,STOP_INTRADAY,-0.0352621253718056,,-1.0,7,2024-04-24,501,493,492,329,66.869918699187,479,378,78.91440501043841,0.9560878243512974,True,20730.650390625,18363.75826660156,STRONG_MOMENTUM,POINT_IN_TIME,501,492,479,STRONG_MOMENTUM,MOMENTUM_ENABLED,True,True,True,0.9820359281437125,20246.7561328125,-1.1134361572884162,-1.1701542359326242,-1.2268723145768325,47.20245926658117,-1.0
IPCALAB-2024-09-30,IPCALAB,2024-09-25,2024-09-30,3,1489.2919921875,35.76606400396118,36.42088324076347,1446.107647341379,1.2074111605162337,1488.9442138671875,1479.303505205458,1442.9146850585937,1374.176071777344,1232.948726196289,477848812.3551636,81.79959100204499,92.84253578732108,49.48875255623722,76.52351738241309,0.978,0.9830847961934294,True,0.986,76.57200811359026,True,True,True,True,True,True,True,True,True,True,True,True,True,True,,2024-10-01,1488.8944156363943,1437.0024265311886,51.89198910520577,2024-10-24,1548.825867548395,SMA20,0.0402523182857022,2024-10-23,1.1549268576021583,16,2024-09-30,500,494,494,305,61.74089068825911,485,405,83.50515463917526,0.97,True,24245.19921875,21314.537783203126,STRONG_MOMENTUM,POINT_IN_TIME,500,494,485,STRONG_MOMENTUM,MOMENTUM_ENABLED,True,True,True,0.988,23499.784921875,1.0401581280691423,0.9827737633026343,0.9253893985361262,51.89198910520577,1.1549268576021585
IRB-2023-11-23,IRB,2023-11-17,2023-11-23,4,18.71117210388184,0.752886452962282,0.7347433413067211,17.679849919056732,1.369824335087048,18.539281845092773,18.416510332350764,17.26532769203186,16.326169548034667,14.12619035243988,941432586.370245,88.36734693877551,94.6938775510204,68.9795918367347,85.08163265306122,0.9780439121756488,0.9382797554975574,True,0.9780439121756488,85.38775510204083,True,True,True,True,True,True,True,True,True,True,True,True,True,True,,2023-11-24,18.5638393423809,17.49616408373005,1.0676752586508478,2023-12-21,18.809389968741755,SMA20,0.0132273621761134,2023-12-20,0.229986247570392,18,2023-11-23,501,491,491,305,62.11812627291242,488,417,85.45081967213115,0.9740518962075848,True,17639.400390625,16124.258237304688,STRONG_MOMENTUM,POINT_IN_TIME,501,491,488,STRONG_MOMENTUM,MOMENTUM_ENABLED,True,True,True,0.9800399201596807,17278.4748828125,0.16043761209544874,0.1256632943579771,0.09088897662050546,1.0676752586508478,0.22998624757039204
IRB-2024-04-22,IRB,2024-04-09,2024-04-22,7,34.62417221069336,1.6772940926248308,1.5988530388494375,31.009295180060043,2.155183784720975,32.97658157348633,32.9519861971973,31.34250221252441,31.13223220825196,20.62198359012604,1412892042.8761864,90.98360655737704,96.72131147540983,97.74590163934424,95.30737704918032,0.9740518962075848,0.5533506830972679,True,0.9740518962075848,96.59836065573772,True,True,True,True,True,True,True,True,True,True,True,True,True,True,,2024-04-23,33.19789329920365,30.609581920347683,2.588311378855966,2024-05-07,33.44380919422278,SMA20,0.0074075753181913,2024-05-06,0.0950101664846158,9,2024-04-22,501,493,492,278,56.50406504065041,479,367,76.61795407098121,0.9560878243512974,True,20574.849609375,18317.231513671875,NORMAL,POINT_IN_TIME,501,492,479,NORMAL,MOMENTUM_ENABLED,True,True,True,0.9820359281437125,20216.8351171875,0.0437058395471403,0.01805367607840253,-0.007598487390335234,2.588311378855966,0.09501016648461584
IRCON-2024-06-03,IRCON,2024-05-21,2024-06-03,9,281.3939514160156,12.56393521444227,13.340168609448268,254.5899093253644,2.1334113582375034,278.6747436523437,267.26358110003696,251.5089111328125,234.43346740722657,180.72176963806152,3142389245.0740814,87.34693877551021,82.85714285714286,87.95918367346938,85.73469387755102,0.9780439121756488,1.8230919031477544,True,0.9780439121756488,92.73469387755102,True,True,True,True,True,True,True,True,True,True,True,True,True,True,,2024-06-04,278.67473967401867,251.25486717300228,27.419872501016386,2024-06-04,251.25486717300228,STOP_INTRADAY,-0.098393821173354,,-1.0,0,2024-06-03,501,493,493,303,61.4604462474645,480,347,72.29166666666667,0.9580838323353292,True,21797.400390625,18918.27002929688,STRONG_MOMENTUM,POINT_IN_TIME,501,493,480,STRONG_MOMENTUM,MOMENTUM_ENABLED,True,True,True,0.9840319361277445,20707.5680859375,-1.0406529592234521,-1.060979438835178,-1.0813059184469043,27.419872501016386,-1.0
IRFC-2023-08-24,IRFC,2023-08-16,2023-08-24,6,48.55599594116211,2.197371067768548,2.05037196910153,43.96094075411869,2.0911603208236222,46.045291900634766,45.61895388026944,43.314316749572754,36.16166358947754,30.719985828399658,6505383146.004219,99.79550102249488,95.50102249488752,94.68302658486708,96.5439672801636,0.9741035856573704,0.7612063450458468,True,0.9741035856573704,97.280163599182,True,True,True,True,True,True,True,True,True,True,True,True,True,True,,2023-08-25,46.14003774273664,43.44834776184331,2.691689980893329,2023-10-05,72.39181477286826,SMA20,0.5689587246656332,2023-10-04,9.752897702364322,27,2023-08-24,502,492,491,349,71.07942973523421,483,406,84.05797101449275,0.9621513944223108,True,16930.150390625,15604.355263671874,STRONG_MOMENTUM,POINT_IN_TIME,502,491,483,STRONG_MOMENTUM,MOMENTUM_ENABLED,True,True,True,0.9780876494023905,16672.72509765625,9.684331057512566,9.650047735086686,9.615764412660807,2.6916899808933294,9.752897702364322
ITI-2023-12-04,ITI,2023-11-24,2023-12-04,5,282.54998779296875,14.390179943114967,13.152921156560142,265.20001220703125,1.205681628341184,274.6499938964844,274.5,271.2649978637695,250.933998413086,143.5882494354248,400992794.6101074,17.551020408163264,99.79591836734694,98.9795918367347,74.87755102040816,0.9780439121756488,1.660081935377425,True,0.9780439121756488,85.79591836734694,True,True,True,True,True,True,True,True,True,True,True,True,True,True,,2023-12-05,274.6499938964844,261.91178191789123,12.738211978593142,2023-12-21,282.6499938964844,SMA20,0.0291279817141201,2023-12-20,0.6280316274720646,12,2023-12-04,501,491,491,393,80.04073319755601,488,434,88.9344262295082,0.9740518962075848,True,18448.5,16215.893979492188,STRONG_MOMENTUM,POINT_IN_TIME,501,491,488,STRONG_MOMENTUM,MOMENTUM_ENABLED,True,True,True,0.9800399201596807,17324.8278515625,0.5417871861460638,0.4986649654830634,0.45554274482006296,12.738211978593142,0.6280316274720646
JBCHEPHARM-2023-08-18,JBCHEPHARM,2023-08-09,2023-08-18,6,1315.4813232421875,47.38278708092584,48.19244224018727,1244.0971861171213,1.5065415422513682,1299.19287109375,1278.8393602835224,1246.3617004394532,1183.655126953125,1026.887418823242,140959549.13635254,71.37014314928425,86.70756646216769,78.52760736196319,79.65235173824131,0.9741035856573704,1.4681772566418425,True,0.9741035856573704,78.52760736196319,True,True,True,True,True,True,True,True,True,True,True,True,True,True,,2023-08-21,1300.0692714101172,1232.0490755570745,68.02019585304265,2023-09-25,1341.677135369034,SMA20,0.0320043438253001,2023-09-22,0.6116986791512691,24,2023-08-18,502,491,491,307,62.52545824847251,483,391,80.95238095238095,0.9621513944223108,True,16757.69921875,15574.669506835937,STRONG_MOMENTUM,POINT_IN_TIME,502,491,483,STRONG_MOMENTUM,MOMENTUM_ENABLED,True,True,True,0.9780876494023905,16595.48607421875,0.535246722193138,0.49702074371407234,0.4587947652350068,68.02019585304265,0.6116986791512691
JBCHEPHARM-2023-09-01,JBCHEPHARM,2023-08-28,2023-09-01,4,1422.3121337890625,49.67411759214913,48.92881468137385,1324.4398176279633,1.9702879669586253,1361.5194091796875,1358.4274656052448,1318.8503723144531,1238.309541015625,1046.5293328857422,208016157.968628,70.61224489795919,84.08163265306122,71.63265306122449,76.3061224489796,0.9760956175298804,0.8002799230211691,True,0.9760956175298804,90.20408163265306,True,True,True,True,True,True,True,True,True,True,True,True,True,True,,2023-09-04,1372.134522881148,1312.2076139576195,59.92690892352857,2023-09-25,1341.677135369034,SMA20,-0.0221970856386304,2023-09-22,-0.5082422580977791,14,2023-09-01,502,492,491,373,75.96741344195519,483,426,88.19875776397515,0.9621513944223108,True,17074.55078125,15645.876274414062,STRONG_MOMENTUM,POINT_IN_TIME,502,491,483,STRONG_MOMENTUM,MOMENTUM_ENABLED,True,True,True,0.9780876494023905,16766.41412109375,-0.5998294630799081,-0.6456230655709728,-0.6914166680620373,59.92690892352857,-0.5082422580977791
JBMA-2023-08-25,JBMA,2023-08-21,2023-08-25,4,766.3484497070312,41.16226217743609,39.61395398320131,733.4223061427292,0.7999109335237449,761.1640014648438,760.2168518788536,695.8115295410156,660.9056072998047,392.2032216644287,347922850.0316162,68.9795918367347,99.3877551020408,99.79591836734694,90.3877551020408,0.9760956175298804,2.5115636386704887,True,0.9741035856573704,93.37423312883436,True,True,True,True,True,True,True,True,True,True,True,True,True,True,,2023-08-28,766.6225693044186,723.5188176469289,43.10375165748962,2023-09-12,723.5188176469289,STOP_INTRADAY,-0.0562255187668151,,-1.0,11,2023-08-25,502,492,491,320,65.17311608961303,483,404,83.64389233954451,0.9621513944223108,True,16820.849609375,15611.036010742188,STRONG_MOMENTUM,POINT_IN_TIME,502,491,483,STRONG_MOMENTUM,MOMENTUM_ENABLED,True,True,True,0.9780876494023905,16687.46109375,-1.071142073701254,-1.106713110551881,-1.1422841474025078,43.103751657489624,-1.0
JBMA-2024-01-17,JBMA,2024-01-11,2024-01-17,4,965.9273681640624,41.941506523681376,44.19367550927005,887.7930216909526,1.862936097180796,955.8237915039062,944.4728072494024,835.0111694335938,716.9596716308594,607.2988410949707,351479011.6118164,98.9795918367347,94.89795918367348,63.06122448979592,86.57142857142857,0.9780439121756488,1.016452354115389,True,0.9780439121756488,89.24489795918366,True,True,True,True,True,True,True,True,True,True,True,True,True,True,,2024-01-18,956.8716552324968,876.7446028136351,80.1270524188617,2024-03-05,1041.7666339433092,SMA20,0.088721385199967,2024-03-04,1.0595045761452269,31,2024-01-17,501,491,491,378,76.9857433808554,489,428,87.52556237218813,0.9760479041916168,True,19487.599609375,16893.240981445313,STRONG_MOMENTUM,POINT_IN_TIME,501,491,489,STRONG_MOMENTUM,MOMENTUM_ENABLED,True,True,True,0.9800399201596807,18552.6899609375,1.0117368559385491,0.9878529958352102,0.9639691357318714,80.1270524188617,1.0595045761452269
JBMA-2024-02-27,JBMA,2024-02-21,2024-02-27,4,1152.6815185546875,59.14964674719416,57.60323556822527,1087.594561304656,1.1003777846419502,1122.969482421875,1115.6101255944543,1042.7582916259769,923.7228735351564,692.9555615234375,439341685.08587646,91.44602851323828,97.9633401221996,75.76374745417516,89.34826883910387,0.9800399201596808,1.369883147344226,True,0.9780439121756488,92.53061224489797,True,True,True,True,True,True,True,True,True,True,True,True,True,True,,2024-02-28,1122.969469957124,1073.1937524125997,49.77571754452424,2024-02-29,1073.1937524125997,STOP_INTRADAY,-0.0443250852994469,,-1.0,1,2024-02-27,501,491,491,284,57.841140529531565,490,387,78.9795918367347,0.9780439121756488,True,20292.849609375,17547.430747070313,NORMAL,POINT_IN_TIME,501,491,490,NORMAL,MOMENTUM_ENABLED,True,True,True,0.9800399201596807,19620.213046875,-1.090242353127517,-1.1353635296912754,-1.1804847062550339,49.77571754452424,-1.0
JINDALSAW-2024-09-10,JINDALSAW,2024-09-04,2024-09-10,4,350.87646484375,12.138171597753258,12.30857984129637,325.7683088266381,2.068528675419235,346.949462890625,343.7097346880509,332.2821838378906,305.30769714355466,257.54007629394533,604439439.2138672,72.81947261663286,82.35294117647058,85.39553752535497,80.40567951318458,0.9820717131474104,0.7996871742554847,True,0.9820717131474104,86.14604462474645,True,True,True,True,True,True,True,True,True,True,True,True,True,True,,2024-09-11,346.94946124081605,322.691163866314,24.258297374502035,2024-09-20,346.8513045877124,SMA20,-0.0002829134040232,2024-09-19,-0.0040463125498183,7,2024-09-10,502,494,493,279,56.5922920892495,489,403,82.41308793456032,0.9741035856573704,True,23643.650390625,20868.0712890625,NORMAL,POINT_IN_TIME,502,493,489,NORMAL,MOMENTUM_ENABLED,True,True,True,0.9820717131474104,23182.3839453125,-0.061255514973974516,-0.08986011618605264,-0.11846471739813073,24.258297374502035,-0.004046312549818302
JINDALSAW-2024-09-23,JINDALSAW,2024-09-16,2024-09-23,5,354.0671691894531,12.246661297766668,11.785089390068276,338.21193421883004,1.2946577508038446,354.01806640625,352.6190699000818,344.0471984863281,318.7841412353516,262.91463569641115,590192466.8290405,61.66328600405679,87.4239350912779,91.27789046653145,80.85192697768764,0.986,1.2062630544003914,True,0.9820717131474104,88.94523326572009,True,True,True,True,True,True,True,True,True,True,True,True,True,True,,2024-09-24,355.8097623909887,335.26566187131294,20.544100519675737,2024-10-04,349.99290612900035,SMA20,-0.0163482199670406,2024-10-03,-0.2831399825179665,7,2024-09-23,500,493,493,300,60.85192697768763,490,401,81.83673469387756,0.98,True,24379.19921875,21155.56328125,STRONG_MOMENTUM,POINT_IN_TIME,500,493,490,STRONG_MOMENTUM,MOMENTUM_ENABLED,True,True,True,0.986,23371.3969140625,-0.35241724526309737,-0.3870558766356627,-0.4216945080082282,20.544100519675737,-0.2831399825179665
JINDALSAW-2024-09-27,JINDALSAW,2024-09-24,2024-09-27,3,367.05078125,12.154702937392496,12.385307801195864,351.9809464113635,1.2398357176032615,365.9462890625,364.2036977213046,349.3805374145508,325.66815307617185,265.6333664703369,608087708.5784912,84.98985801217039,94.11764705882352,92.2920892494929,90.8316430020284,0.986,1.0812010485855352,True,0.986,86.61257606490872,True,True,True,True,True,True,True,True,True,True,True,True,True,True,,2024-09-30,369.01425169484855,348.8846194610645,20.12963223378404,2024-10-03,348.8846194610645,STOP_INTRADAY,-0.0545497420257631,,-1.0,2,2024-09-27,500,493,493,298,60.446247464503045,490,402,82.0408163265306,0.98,True,24489.55078125,21285.55428710937,STRONG_MOMENTUM,POINT_IN_TIME,500,493,490,STRONG_MOMENTUM,MOMENTUM_ENABLED,True,True,True,0.986,23471.9529296875,-1.0733275695073103,-1.1099913542609656,-1.1466551390146207,20.129632233784037,-1.0
JINDALSTEL-2024-05-13,JINDALSTEL,2024-05-08,2024-05-13,3,938.0850830078124,27.49038292746864,27.724580194932265,903.2896775461144,1.2657301119996536,933.9594116210938,931.3745566796878,919.8100524902344,863.8157397460938,732.0746667480469,1730650409.335083,77.04918032786885,86.68032786885246,84.42622950819673,83.11475409836066,0.9740518962075848,1.0510751164722878,True,0.9740518962075848,79.1188524590164,True,True,True,True,True,True,True,True,True,True,True,True,True,True,,2024-05-14,934.0090770807049,896.3585324973812,37.65054458332361,2024-06-04,896.3585324973812,STOP_INTRADAY,-0.040310683811556,,-1.0,14,2024-05-13,501,493,492,257,52.235772357723576,480,346,72.08333333333333,0.9580838323353292,True,20511.0,18618.71850585937,NORMAL,POINT_IN_TIME,501,492,480,NORMAL,MOMENTUM_ENABLED,True,True,True,0.9820359281437125,20419.3970703125,-1.0992292767520182,-1.1488439151280274,-1.1984585535040364,37.65054458332361,-1.0
JINDALSTEL-2024-06-03,JINDALSTEL,2024-05-22,2024-06-03,8,1071.4013671875,30.066077551954844,29.20078781184677,1010.6584467598564,2.0203141005898897,1051.269775390625,1040.5328677740672,1001.3556610107422,930.7552136230468,759.3058682250977,1780557478.1995544,84.48979591836735,91.42857142857144,82.85714285714286,86.77551020408164,0.9780439121756488,1.0851128096061569,True,0.9780439121756488,88.24489795918367,True,True,True,True,True,True,True,True,True,True,True,True,True,True,,2024-06-04,1023.9801258627972,1003.3582498068948,20.62187605590236,2024-06-04,1003.3582498068948,STOP_INTRADAY,-0.0201389416992117,,-1.0,0,2024-06-03,501,493,493,303,61.4604462474645,480,347,72.29166666666667,0.9580838323353292,True,21797.400390625,18918.27002929688,STRONG_MOMENTUM,POINT_IN_TIME,501,493,480,STRONG_MOMENTUM,MOMENTUM_ENABLED,True,True,True,0.9840319361277445,20707.5680859375,-1.1986201688123745,-1.2979302532185617,-1.3972403376247489,20.621876055902362,-1.0
JMFINANCIL-2024-09-23,JMFINANCIL,2024-09-16,2024-09-23,5,128.11741638183594,6.19349352050043,6.132934583976453,115.33727017600532,2.063479385831016,122.45967864990234,121.7225474028699,115.6871612548828,102.1755271911621,88.70539051055908,2316082243.342911,99.59432048681542,97.3630831643002,90.66937119675455,96.02434077079108,0.986,0.5880242633606064,True,0.9820717131474104,97.079107505071,True,True,True,True,True,True,True,True,True,True,True,True,True,True,,2024-09-24,122.77559439507095,113.80403653001122,8.971557865059737,2024-10-23,134.01447544954755,SMA20,0.0915400256040446,2024-10-22,1.252723464923197,20,2024-09-23,500,493,493,300,60.85192697768763,490,401,81.83673469387756,0.98,True,24379.19921875,21155.56328125,STRONG_MOMENTUM,POINT_IN_TIME,500,493,490,STRONG_MOMENTUM,MOMENTUM_ENABLED,True,True,True,0.986,23371.3969140625,1.1979835429423211,1.170613581951883,1.1432436209614452,8.971557865059737,1.252723464923197
JMFINANCIL-2024-09-27,JMFINANCIL,2024-09-24,2024-09-27,3,137.5469512939453,7.031004998783288,7.45324293436674,128.75881488347673,1.2499118421888995,136.79067993164062,136.6087917541369,122.80623054504396,105.65766296386718,89.8236169052124,2892201603.625477,99.79716024340772,98.98580121703854,97.3630831643002,98.7423935091278,0.986,2.4647651321447253,True,0.986,98.66125760649086,True,True,True,True,True,True,True,True,True,True,True,True,True,True,,2024-09-30,139.7679308746387,126.89550414988504,12.872426724753652,2024-10-23,134.01447544954755,SMA20,-0.0411643457056795,2024-10-22,-0.4469596563348279,16,2024-09-27,500,493,493,298,60.446247464503045,490,402,82.0408163265306,0.98,True,24489.55078125,21285.55428710937,STRONG_MOMENTUM,POINT_IN_TIME,500,493,490,STRONG_MOMENTUM,MOMENTUM_ENABLED,True,True,True,0.986,23471.9529296875,-0.49039138334737803,-0.512107246853653,-0.5338231103599281,12.872426724753652,-0.4469596563348279
JSL-2023-09-14,JSL,2023-09-11,2023-09-14,3,513.1702270507812,17.234804317786466,19.570521198020835,474.7463700045765,2.229433902336276,510.07470703125,509.0428942086186,452.976919555664,406.5208557128906,300.1426825714111,365483752.439621,96.12244897959184,96.3265306122449,90.6122448979592,94.55102040816328,0.9780439121756488,1.4489870166471308,True,0.9780439121756488,94.73469387755102,True,True,True,True,True,True,True,True,True,True,True,True,True,True,,2023-09-15,504.8019687591284,469.8537397050713,34.948229054057094,2023-09-20,469.8537397050713,STOP_INTRADAY,-0.0692315625075008,,-1.0,2,2023-09-14,501,491,491,407,82.89205702647658,488,449,92.00819672131148,0.9740518962075848,True,17603.5,15728.362763671876,STRONG_MOMENTUM,POINT_IN_TIME,501,491,488,STRONG_MOMENTUM,MOMENTUM_ENABLED,True,True,True,0.9800399201596807,16967.69609375,-1.0577771157420666,-1.0866656736131,-1.1155542314841334,34.948229054057094,-1.0
JSL-2023-12-04,JSL,2023-11-24,2023-12-04,5,535.9166870117188,22.257221135273703,22.059948861677,486.577406072408,2.2167763279808947,516.9020385742188,513.6424309910831,488.829541015625,469.0664447021484,364.131431350708,800142065.9664917,78.57142857142857,74.28571428571429,92.04081632653062,80.89795918367348,0.9780439121756488,0.8018846969747406,True,0.9780439121756488,89.63265306122449,True,True,True,True,True,True,True,True,True,True,True,True,True,True,,2023-12-05,518.6306269834844,481.0624188569887,37.56820812649568,2023-12-21,511.07420456855937,SMA20,-0.014569950214617,2023-12-20,-0.2011387498036059,12,2023-12-04,501,491,491,393,80.04073319755601,488,434,88.9344262295082,0.9740518962075848,True,18448.5,16215.893979492188,STRONG_MOMENTUM,POINT_IN_TIME,501,491,488,STRONG_MOMENTUM,MOMENTUM_ENABLED,True,True,True,0.9800399201596807,17324.8278515625,-0.2563589109821436,-0.28396899157141237,-0.31157907216068115,37.568208126495676,-0.20113874980360594
JSL-2024-05-02,JSL,2024-04-24,2024-05-02,5,728.730224609375,25.984345828976377,26.429999941524464,683.3913271148368,1.744854297774109,725.2236328125,709.5179102017557,696.6028533935547,672.8992333984374,529.0806756591796,905479704.4390868,42.41803278688525,89.95901639344262,79.91803278688525,72.6844262295082,0.9740518962075848,1.65817963282736,True,0.9740518962075848,75.73770491803279,True,True,True,True,True,True,True,True,True,True,True,True,True,True,,2024-05-03,727.0015875720642,676.7838271294557,50.21776044260844,2024-05-08,688.9722763016566,SMA20,-0.0523098049860006,2024-05-07,-0.7572880776686469,3,2024-05-02,501,493,492,362,73.57723577235772,479,379,79.12317327766179,0.9560878243512974,True,21083.599609375,18477.88600585937,STRONG_MOMENTUM,POINT_IN_TIME,501,492,479,STRONG_MOMENTUM,MOMENTUM_ENABLED,True,True,True,0.9820359281437125,20352.0270703125,-0.8151960035629464,-0.8441499665100962,-0.873103929457246,50.21776044260844,-0.7572880776686469
JSL-2024-06-06,JSL,2024-06-03,2024-06-06,3,793.5281982421875,34.31858369113791,36.612838847845104,722.4577685779988,2.0709021766111304,784.737060546875,776.2914397199215,713.264111328125,703.2169763183593,570.0300422668457,1666315269.7531128,83.87755102040816,83.46938775510205,84.89795918367346,84.0204081632653,0.9780439121756488,0.5530931466915201,True,0.9780439121756488,79.51020408163265,True,True,True,True,True,True,True,True,True,True,True,True,True,True,,2024-06-07,783.7986109415477,713.3045588660375,70.49405207551024,2024-07-10,804.9863590744003,SMA20,0.0270321327916115,2024-07-09,0.3005607921382806,22,2024-06-06,501,493,493,286,58.012170385395535,480,356,74.16666666666667,0.9580838323353292,True,21365.0,18978.89002929688,NORMAL,POINT_IN_TIME,501,493,480,NORMAL,MOMENTUM_ENABLED,True,True,True,0.9840319361277445,20780.7190625,0.2560861967439358,0.2338488990467634,0.21161160134959098,70.49405207551024,0.30056079213828063
JSL-2024-06-25,JSL,2024-06-12,2024-06-25,8,813.5800170898438,34.51434564354833,30.74114483752076,771.4514250872322,1.2206110594620676,802.02294921875,799.7511760712368,777.0545532226563,727.5626391601562,593.1645518493652,955596679.9203796,85.33604887983707,59.67413441955194,82.68839103869654,74.27698574338086,0.9780876494023903,0.5103632998683799,True,0.9800399201596808,79.18533604887983,True,True,True,True,True,True,True,True,True,True,True,True,True,True,,2024-06-26,805.0357324357492,763.7661388778521,41.26959355789711,2024-07-10,804.9863590744003,SMA20,-6.133064578327772e-05,2024-07-09,-0.0011963617058557,10,2024-06-25,502,493,493,400,81.13590263691684,484,406,83.88429752066115,0.9641434262948207,True,22370.650390625,19292.890771484374,STRONG_MOMENTUM,POINT_IN_TIME,502,493,484,STRONG_MOMENTUM,MOMENTUM_ENABLED,True,True,True,0.9820717131474104,21191.3540625,-0.07922337026423804,-0.11823687454342918,-0.15725037882262033,41.26959355789711,-0.001196361705855731
JSL-2025-10-23,JSL,2025-10-16,2025-10-23,4,804.5264282226562,22.627601206708785,21.6139554249419,778.1696797026821,1.1648052429066038,795.9728393554688,795.4756014555365,772.3587524414063,762.1486083984375,665.208283996582,372602828.4534302,68.76267748478702,93.10344827586206,92.69776876267748,85.67951318458418,0.9801192842942346,0.5563261841743092,True,0.9801192842942346,92.69776876267748,True,True,True,True,True,True,True,True,True,True,True,True,True,True,,2025-10-24,799.6529087641402,772.7661908464465,26.88671791769366,2025-10-30,772.7661908464465,STOP_INTRADAY,-0.0336229852014756,,-1.0,4,2025-10-23,503,498,498,284,57.0281124497992,482,314,65.14522821576763,0.9582504970178928,True,23755.900390625,22300.83453125,NORMAL,POINT_IN_TIME,503,498,482,NORMAL,MOMENTUM_ENABLED,True,True,True,0.9900596421471173,23084.4841015625,-1.1189662362229646,-1.178449354334447,-1.2379324724459295,26.88671791769366,-1.0
JSWENERGY-2023-08-29,JSWENERGY,2023-08-16,2023-08-29,9,364.1093444824219,13.115878514775032,13.316380475152313,336.55374120962534,2.1009346222409087,362.328369140625,349.960524388355,329.6624053955078,302.88651611328123,268.8060038757324,1146623870.883377,96.73469387755102,91.42857142857144,92.44897959183672,93.32653061224492,0.9760956175298804,2.1394169302563264,True,0.9741035856573704,95.01022494887523,True,True,True,True,True,True,True,True,True,True,True,True,True,True,,2023-08-30,365.5440232382724,333.22464609083727,32.31937714743515,2023-10-10,410.6618695348856,SMA20,0.1234265736228548,2023-10-09,1.3959998700096776,27,2023-08-29,502,492,491,354,72.09775967413442,483,413,85.5072463768116,0.9621513944223108,True,16927.30078125,15624.319018554688,STRONG_MOMENTUM,POINT_IN_TIME,502,491,483,STRONG_MOMENTUM,MOMENTUM_ENABLED,True,True,True,0.9780876494023905,16718.71912109375,1.3507584012065226,1.328137666804945,1.3055169324033673,32.31937714743515,1.3959998700096776
JSWENERGY-2023-09-29,JSWENERGY,2023-09-26,2023-09-29,3,435.2491455078125,19.979895333685164,20.07714907533597,409.2766831767391,1.299929849346361,432.7755737304688,431.39039404824433,398.30640411376953,351.2180700683594,278.8051173400879,2248780181.834244,95.71428571428572,96.53061224489797,92.44897959183672,95.06122448979592,0.9780439121756488,0.6854937682833405,True,0.9780439121756488,95.40816326530611,True,True,True,True,True,True,True,True,True,True,True,True,True,True,,2023-10-03,432.7755886280084,404.2573959079051,28.518192720103286,2023-10-09,404.2573959079051,STOP_INTRADAY,-0.0658960289569753,,-1.0,4,2023-09-29,501,491,491,326,66.39511201629328,488,436,89.34426229508196,0.9740518962075848,True,17292.599609375,15802.09326171875,STRONG_MOMENTUM,POINT_IN_TIME,501,491,488,STRONG_MOMENTUM,MOMENTUM_ENABLED,True,True,True,0.9800399201596807,17096.843046875,-1.0607016851138582,-1.0910525276707874,-1.1214033702277164,28.518192720103286,-1.0
JSWENERGY-2024-03-04,JSWENERGY,2024-02-26,2024-03-04,5,518.1632080078125,19.66210566044983,19.807409477995925,485.01738096915847,1.685771992636913,511.4350891113281,509.35724441929113,493.3557601928711,467.66675659179685,375.4623594665528,1819020789.0902865,77.59674134419552,68.63543788187373,71.89409368635438,72.30142566191446,0.9800399201596808,2.127639697552414,True,0.9800399201596808,70.14256619144604,True,True,True,True,True,True,True,True,True,True,True,True,True,True,,2024-03-05,511.534018025197,480.0655285996595,31.468489425537484,2024-03-13,480.0655285996595,STOP_INTRADAY,-0.0615178821283933,,-1.0,5,2024-03-04,501,491,491,277,56.41547861507128,490,377,76.93877551020408,0.9780439121756488,True,20432.05078125,17642.903266601563,NORMAL,POINT_IN_TIME,501,491,490,NORMAL,MOMENTUM_ENABLED,True,True,True,0.9800399201596807,19717.54109375,-1.0650217442735048,-1.0975326164102572,-1.1300434885470094,31.468489425537484,-1.0
JSWENERGY-2024-06-27,JSWENERGY,2024-06-24,2024-06-27,3,741.6368408203125,29.131924206955908,28.58140872452848,703.8651349094388,1.2965743574828767,730.1713256835938,721.3364731281686,660.3084838867187,622.3713452148437,489.3190609741211,2763223920.887237,91.85336048879836,89.81670061099797,91.85336048879836,91.0386965376782,0.9780876494023903,1.4154482505106718,True,0.9780876494023903,90.77393075356416,True,True,True,True,True,True,True,True,True,True,True,True,True,True,,2024-06-28,733.8442943305528,696.7197827283067,37.12451160224612,2024-07-10,696.7197827283067,STOP_INTRADAY,-0.0505890852992361,,-1.0,8,2024-06-27,502,493,493,384,77.89046653144015,484,406,83.88429752066115,0.9641434262948207,True,22537.400390625,19349.281025390625,STRONG_MOMENTUM,POINT_IN_TIME,502,493,484,STRONG_MOMENTUM,MOMENTUM_ENABLED,True,True,True,0.9820717131474104,21257.6241015625,-1.0790684389002065,-1.11860265835031,-1.1581368778004133,37.124511602246116,-1.0
JSWSTEEL-2025-10-16,JSWSTEEL,2025-10-09,2025-10-16,5,1168.48828125,21.918873077654748,21.072856168976955,1132.8928218287165,1.6239639371593153,1165.406005859375,1157.0539951348271,1140.8172912597656,1094.2427990722656,1011.2656198120116,1650330834.1916504,84.58417849898579,90.87221095334684,64.3002028397566,81.01419878296146,0.9801192842942346,0.4574917031713175,True,0.9840319361277444,79.7971602434077,True,True,True,True,True,True,True,True,True,True,True,True,True,True,,2025-10-17,1168.2895041152165,1127.6246077864723,40.664896328744135,2025-10-21,1143.4322464750542,SMA20,-0.0212766249740362,2025-10-20,-0.6112706507158078,2,2025-10-16,503,498,498,268,53.81526104417671,482,307,63.69294605809128,0.9582504970178928,True,23563.80078125,22274.728779296875,NORMAL,POINT_IN_TIME,503,498,482,NORMAL,MOMENTUM_ENABLED,True,True,True,0.9900596421471173,22999.95109375,-0.7261893751773681,-0.7836487374081483,-0.8411080996389286,40.664896328744135,-0.6112706507158078
JUBLFOOD-2024-08-21,JUBLFOOD,2024-08-12,2024-08-21,6,648.3724365234375,20.198050179387035,19.697633791009203,621.247001778286,1.3429729357160527,643.79345703125,633.9885372183772,606.6515594482422,576.779072265625,515.4845217895507,1493148947.440277,86.20689655172413,90.46653144016229,74.4421906693712,84.38133874239351,0.9801192842942346,1.8469605997829648,True,0.9801192842942346,87.44421906693712,True,True,True,True,True,True,True,True,True,True,True,True,True,True,,2024-08-22,648.9199772303913,616.3225933305337,32.59738389985762,2024-09-10,643.0469176442895,SMA20,-0.0090505143810924,2024-09-09,-0.1801696603673606,13,2024-08-21,503,493,493,270,54.76673427991886,487,408,83.77823408624229,0.9681908548707754,True,23368.650390625,20401.13377929688,NORMAL,POINT_IN_TIME,503,493,487,NORMAL,MOMENTUM_ENABLED,True,True,True,0.9801192842942346,22792.5249609375,-0.2597981335263034,-0.2996123701057748,-0.33942660668524616,32.59738389985762,-0.18016966036736065
JUBLINGREA-2024-04-30,JUBLINGREA,2024-04-25,2024-04-30,3,550.2307739257812,24.17697170779245,23.41835480379784,526.4593172292294,0.983227220673384,543.2073974609375,540.3096080228679,512.0932998657227,478.461591796875,453.42661529541016,317903341.62332153,92.62295081967213,75.20491803278688,51.02459016393443,73.17622950819671,0.9740518962075848,1.1636954098942298,True,0.9740518962075848,71.90573770491804,True,True,True,True,True,True,True,True,True,True,True,True,True,True,,2024-05-02,543.1583033113205,520.60472852828,22.55357478304052,2024-05-06,520.60472852828,STOP_INTRADAY,-0.0415230231141537,,-1.0,2,2024-04-30,501,493,492,353,71.7479674796748,479,384,80.1670146137787,0.9560878243512974,True,20997.19921875,18455.24826171875,STRONG_MOMENTUM,POINT_IN_TIME,501,492,479,STRONG_MOMENTUM,MOMENTUM_ENABLED,True,True,True,0.9820359281437125,20326.0130859375,-1.0963320996403207,-1.144498149460481,-1.1926641992806413,22.553574783040517,-1.0
JUBLINGREA-2024-08-22,JUBLINGREA,2024-08-09,2024-08-22,8,698.8058471679688,32.62897546865556,33.77111048316886,618.4702311933961,2.46209434469512,682.5315551757812,643.2268307535829,629.7917266845703,574.5730438232422,493.76147384643554,595302595.3884277,93.91480730223124,88.84381338742394,80.12170385395537,87.74847870182555,0.9801192842942346,5.185622122433507,True,0.9801192842942346,94.27991886409735,True,True,True,True,True,True,True,True,True,True,True,True,True,True,,2024-08-23,682.531637534978,610.0274535726039,72.5041839623741,2024-08-30,635.1883030192992,SMA20,-0.0693643076922608,2024-08-29,-0.6529738275552152,5,2024-08-22,503,493,493,287,58.21501014198783,487,415,85.21560574948666,0.9681908548707754,True,23440.69921875,20433.893779296875,NORMAL,POINT_IN_TIME,503,493,487,NORMAL,MOMENTUM_ENABLED,True,True,True,0.9801192842942346,22825.1739453125,-0.6906285724394098,-0.7094559448815071,-0.7282833173236044,72.5041839623741,-0.6529738275552152
JUBLINGREA-2024-09-25,JUBLINGREA,2024-09-18,2024-09-25,5,764.9384765625,34.529965005715376,31.046305144622057,737.7654155159316,0.7869414591665731,759.8095703125,756.3081706038648,720.7514038085938,659.9896838378907,529.381732788086,600807009.4750977,93.91480730223124,95.94320486815415,90.87221095334684,93.81338742393508,0.986,0.5561325785639765,True,0.9840319361277444,94.868154158215,True,True,True,True,True,True,True,True,True,True,True,True,True,True,,2024-09-26,764.3959567112208,730.0038392297761,34.39211748144476,2024-09-27,730.0038392297761,STOP_INTRADAY,-0.0449925423852518,,-1.0,1,2024-09-25,500,493,493,304,61.66328600405679,490,401,81.83673469387756,0.98,True,24371.25,21221.138525390623,STRONG_MOMENTUM,POINT_IN_TIME,500,493,490,STRONG_MOMENTUM,MOMENTUM_ENABLED,True,True,True,0.986,23420.509921875,-1.0889036224214608,-1.1333554336321912,-1.1778072448429215,34.39211748144476,-1.0
JUBLINGREA-2024-12-10,JUBLINGREA,2024-12-04,2024-12-10,4,779.7332153320312,31.60400602794672,30.261723286588943,753.5463881460092,0.8285920197226132,774.5550537109375,770.2151739533341,718.095736694336,720.7997143554687,595.9066361999512,193436928.1796875,68.82591093117408,82.5910931174089,94.33198380566802,81.98380566801619,0.988,1.963387914038228,True,0.988,91.05263157894736,True,True,True,True,True,True,True,True,True,True,True,True,True,True,,2024-12-11,776.2316895072456,745.980957324362,30.250732182883667,2024-12-23,742.6969735268113,SMA20,-0.0432019414225696,2024-12-20,-1.10855882025258,8,2024-12-10,500,496,496,301,60.68548387096774,488,304,62.29508196721312,0.976,True,23314.900390625,22160.192255859376,STRONG_MOMENTUM,POINT_IN_TIME,500,496,488,STRONG_MOMENTUM,MOMENTUM_ENABLED,True,True,True,0.992,22985.219921875,-1.2111985427974048,-1.2625184040698172,-1.3138382653422296,30.250732182883667,-1.10855882025258
JUBLPHARMA-2024-01-16,JUBLPHARMA,2024-01-05,2024-01-16,7,575.9683837890625,21.936178555008784,18.71700593712924,542.6296007835497,1.5198081526328766,553.5126953125,553.4635009765625,545.256803894043,477.23235473632815,398.5178388977051,299252178.5444946,77.55102040816327,85.71428571428571,75.10204081632654,80.08163265306123,0.9780439121756488,0.9685024539543982,True,0.9780439121756488,85.83673469387755,True,True,True,True,True,True,True,True,True,True,True,True,True,True,,2024-01-17,550.4102897259891,537.9503492992674,12.459940426721689,2024-01-18,537.9503492992674,STOP_INTRADAY,-0.022637549950101,,-1.0,1,2024-01-16,501,491,491,405,82.4847250509165,489,433,88.5480572597137,0.9760479041916168,True,19827.55078125,16867.82098144531,STRONG_MOMENTUM,POINT_IN_TIME,501,491,489,STRONG_MOMENTUM,MOMENTUM_ENABLED,True,True,True,0.9800399201596807,18500.753984375,-1.1766975670431217,-1.2650463505646823,-1.3533951340862433,12.459940426721687,-1.0
JUBLPHARMA-2024-02-12,JUBLPHARMA,2024-02-02,2024-02-12,6,583.3058471679688,24.44386925550192,24.27805617060915,541.7431627840883,1.700331643466197,577.396484375,564.7405619579579,560.6581512451172,529.0714807128907,421.78954040527344,241115069.3172608,61.63265306122449,90.20408163265309,80.20408163265306,78.63265306122449,0.9780439121756488,1.868872483440088,True,0.9780439121756488,75.3061224489796,True,True,True,True,True,True,True,True,True,True,True,True,True,True,,2024-02-13,578.135196308999,535.6736487414361,42.46154756756289,2024-02-26,567.30126820545,SMA20,-0.018739437025658,2024-02-23,-0.2551468027939982,9,2024-02-12,501,491,491,273,55.60081466395111,489,374,76.48261758691206,0.9760479041916168,True,19675.19921875,17296.579736328124,NORMAL,POINT_IN_TIME,501,491,489,NORMAL,MOMENTUM_ENABLED,True,True,True,0.9800399201596807,19282.9209765625,-0.3096088023609331,-0.33683980214440057,-0.364070801927868,42.46154756756289,-0.2551468027939982
JUBLPHARMA-2024-05-03,JUBLPHARMA,2024-04-18,2024-05-03,10,690.1181030273438,27.309614244246944,24.19480092364665,645.1082336884692,1.6481327394932472,675.8862915039062,675.5415651754105,653.5635772705078,601.9529541015625,489.41056015014647,158860655.50671387,92.82786885245902,77.25409836065575,94.4672131147541,87.09016393442623,0.9740518962075848,0.8949647844702899,True,0.9740518962075848,88.11475409836066,True,True,True,True,True,True,True,True,True,True,True,True,True,True,,2024-05-06,683.7654661419909,639.0595334575576,44.70593268443338,2024-05-28,680.1213378610854,SMA20,-0.005329500335059,2024-05-27,-0.0815133039864845,15,2024-05-03,501,493,492,350,71.13821138211382,479,374,78.07933194154488,0.9560878243512974,True,20959.55078125,18499.69776367188,STRONG_MOMENTUM,POINT_IN_TIME,501,492,479,STRONG_MOMENTUM,MOMENTUM_ENABLED,True,True,True,0.9820359281437125,20372.7720703125,-0.14269225050067535,-0.17328172375777076,-0.20387119701486617,44.70593268443338,-0.08151330398648456
JUBLPHARMA-2024-05-23,JUBLPHARMA,2024-05-17,2024-05-23,3,711.5396118164062,26.80000050121377,26.09781866317319,682.5343678148563,1.0822852036975263,706.9598388671875,704.2021255232645,683.691616821289,632.3971374511718,510.0740245056152,153282286.27963257,59.795918367346935,75.51020408163265,87.75510204081633,74.46938775510203,0.9780439121756488,0.7791312565272782,True,0.9780439121756488,81.22448979591836,True,True,True,True,True,True,True,True,True,True,True,True,True,True,,2024-05-24,706.9597798305902,676.009913149063,30.94986668152717,2024-05-28,680.1213378610854,SMA20,-0.0379631808416825,2024-05-27,-0.8671585647095409,2,2024-05-23,501,493,492,348,70.73170731707317,480,365,76.04166666666666,0.9580838323353292,True,21489.55078125,18764.01451171875,STRONG_MOMENTUM,POINT_IN_TIME,501,492,480,STRONG_MOMENTUM,MOMENTUM_ENABLED,True,True,True,0.9820359281437125,20529.6220703125,-0.9585269427520284,-1.004211131773272,-1.0498953207945159,30.94986668152717,-0.8671585647095409
JUBLPHARMA-2024-09-04,JUBLPHARMA,2024-08-27,2024-09-04,6,930.0400390625,34.25212733217884,31.35714266826665,891.604140693896,1.122146312135614,919.09375,910.3763322714058,883.4736785888672,797.2658911132812,636.8426658630372,278507484.85961914,71.80527383367141,87.62677484787018,93.50912778904666,84.6450304259635,0.9820717131474104,1.763274598995252,True,0.9801192842942346,92.81947261663286,True,True,True,True,True,True,True,True,True,True,True,True,True,True,,2024-09-05,924.2944891132162,883.7648550268294,40.52963408638675,2024-10-04,1096.7111606595429,SMA20,0.1865386774205978,2024-10-03,4.254089024806628,20,2024-09-04,502,493,493,295,59.83772819472617,489,408,83.43558282208589,0.9741035856573704,True,23748.900390625,20740.75478515625,NORMAL,POINT_IN_TIME,502,493,489,NORMAL,MOMENTUM_ENABLED,True,True,True,0.9820717131474104,23092.7489453125,4.162867427577986,4.117256628963661,4.071645830349337,40.52963408638675,4.254089024806634
JUBLPHARMA-2024-09-23,JUBLPHARMA,2024-09-16,2024-09-23,5,1212.7122802734375,50.85025192059528,51.84812748324597,1117.9104718173262,1.86433311292436,1208.5518798828125,1201.8155777032168,1035.716519165039,894.7600329589844,681.4632440185546,700013791.444458,98.98580121703854,98.98580121703854,98.58012170385396,98.86409736308316,0.986,0.5876468012356207,True,0.9820717131474104,98.94523326572008,True,True,True,True,True,True,True,True,True,True,True,True,True,True,,2024-09-24,1213.5048808623676,1104.9484399465148,108.55644091585282,2024-10-03,1104.9484399465148,STOP_INTRADAY,-0.0894569462618955,,-1.0,6,2024-09-23,500,493,493,300,60.85192697768763,490,401,81.83673469387756,0.98,True,24379.19921875,21155.56328125,STRONG_MOMENTUM,POINT_IN_TIME,500,493,490,STRONG_MOMENTUM,MOMENTUM_ENABLED,True,True,True,0.986,23371.3969140625,-1.044714247100382,-1.067071370650573,-1.0894284942007642,108.55644091585282,-1.0
JUSTDIAL-2024-07-01,JUSTDIAL,2024-06-26,2024-07-01,3,1070.8499755859375,42.84949054527202,41.52523246847302,1022.0499877929688,1.138869731517807,1052.3499755859375,1048.9000244140625,1004.0499938964844,1014.0249987792968,849.0942514038086,266141729.943573,66.66666666666666,81.5040650406504,66.05691056910568,72.41869918699186,0.9800796812749004,0.7320996075786376,True,0.9780876494023903,76.9857433808554,True,True,True,True,True,True,True,True,True,True,True,True,True,True,,2024-07-02,1050.0,1011.6686796758504,38.3313203241496,2024-07-08,1011.6686796758504,STOP_INTRADAY,-0.0365060193563329,,-1.0,4,2024-07-01,502,493,493,408,82.75862068965517,484,419,86.57024793388429,0.9641434262948207,True,22727.599609375,19406.23626953125,STRONG_MOMENTUM,POINT_IN_TIME,502,493,484,STRONG_MOMENTUM,MOMENTUM_ENABLED,True,True,True,0.9820717131474104,21345.335078125,-1.109570971322736,-1.1643564569841038,-1.2191419426454717,38.3313203241496,-1.0
JUSTDIAL-2024-08-08,JUSTDIAL,2024-07-25,2024-08-08,10,1284.4000244140625,63.43288372802029,61.069504880471925,1138.0,2.307951582995635,1243.6500244140625,1198.5,1193.5774932861327,1076.8729956054688,904.8685000610352,591055673.2223511,97.97160243407708,70.18255578093306,90.87221095334684,84.7261663286004,0.9801192842942346,1.9141856585543,True,0.9801192842942346,80.81135902636916,True,True,True,True,True,True,True,True,True,True,True,True,True,True,,2024-08-09,1247.949951171875,1122.732623779882,125.21732739199297,2024-08-16,1222.5,SMA20,-0.0203934069214686,2024-08-14,-0.2032462415700975,4,2024-08-08,503,493,493,252,51.115618661257614,487,397,81.51950718685832,0.9681908548707754,True,22705.69921875,20175.52526367188,NORMAL,POINT_IN_TIME,503,493,487,NORMAL,MOMENTUM_ENABLED,True,True,True,0.9801192842942346,22505.3230078125,-0.2431113298023409,-0.2630438739184626,-0.28297641803458423,125.21732739199297,-0.20324624157009757
JUSTDIAL-2024-09-04,JUSTDIAL,2024-08-21,2024-09-04,10,1354.75,64.66259089136966,56.15741825930377,1220.6500244140625,2.073841671627721,1283.050048828125,1275.5999755859375,1274.6849975585938,1184.723994140625,953.9922491455078,424674654.171936,73.22515212981745,82.55578093306288,78.70182555780933,78.60040567951319,0.9820717131474104,0.952033166691371,True,0.9801192842942346,87.8498985801217,True,True,True,True,True,True,True,True,True,True,True,True,True,True,,2024-09-05,1284.0,1206.6106698492365,77.3893301507635,2024-09-06,1268.0,SMA20,-0.0124610591900311,2024-09-05,-0.2067468469985477,1,2024-09-04,502,493,493,295,59.83772819472617,489,408,83.43558282208589,0.9741035856573704,True,23748.900390625,20740.75478515625,NORMAL,POINT_IN_TIME,502,493,489,NORMAL,MOMENTUM_ENABLED,True,True,True,0.9820717131474104,23092.7489453125,-0.27311258488508156,-0.3062954538283485,-0.3394783227716154,77.3893301507635,-0.20674684699854776
JYOTHYLAB-2023-09-07,JYOTHYLAB,2023-09-01,2023-09-07,4,352.8775634765625,13.124774375344744,13.199078715416936,336.5634444757537,1.2430018630609987,348.67840576171875,347.4717396003412,326.3043670654297,283.63638275146485,214.484051361084,317263424.0699158,78.9795918367347,98.77551020408164,96.3265306122449,92.10204081632652,0.9780439121756488,2.128110805969211,True,0.9760956175298804,95.3061224489796,True,True,True,True,True,True,True,True,True,True,True,True,True,True,,2023-09-08,352.34663648528533,333.26367479689947,19.082961688385865,2023-09-12,333.26367479689947,STOP_INTRADAY,-0.0541596249612072,,-1.0,2,2023-09-07,501,491,491,408,83.09572301425662,487,448,91.9917864476386,0.9720558882235528,True,17385.5,15678.368764648438,STRONG_MOMENTUM,POINT_IN_TIME,501,491,487,STRONG_MOMENTUM,MOMENTUM_ENABLED,True,True,True,0.9800399201596807,16860.83208984375,-1.0738557551472168,-1.110783632720825,-1.147711510294433,19.082961688385865,-1.0
JYOTHYLAB-2023-12-19,JYOTHYLAB,2023-12-06,2023-12-19,9,460.1744079589844,16.708743948661635,17.33902166002707,431.5039713573612,1.715894186284402,455.0098571777344,453.5135794280364,435.9831298828125,396.9411853027344,279.0265923309326,281329347.13261414,33.87755102040816,88.9795918367347,98.16326530612244,75.20408163265306,0.9780439121756488,4.9527982047821935,True,0.9780439121756488,92.77551020408164,True,True,True,True,True,True,True,True,True,True,True,True,True,True,,2023-12-20,457.0852981656238,427.1692159423544,29.91608222326937,2024-02-02,495.988238475848,SMA20,0.0851108982641743,2024-02-01,1.3004022391663528,29,2023-12-19,501,491,491,422,85.94704684317719,489,447,91.41104294478528,0.9760479041916168,True,19169.25,16431.214477539062,STRONG_MOMENTUM,POINT_IN_TIME,501,491,489,STRONG_MOMENTUM,MOMENTUM_ENABLED,True,True,True,0.9800399201596807,17672.570859375,1.2392865763928238,1.2087287450060593,1.1781709136192948,29.91608222326937,1.3004022391663528
JYOTHYLAB-2024-01-02,JYOTHYLAB,2023-12-27,2024-01-02,3,468.3314208984375,16.639927642446608,17.32852069312934,448.9765084015499,1.1631608569928735,467.2213134765625,466.6420954048952,452.7220001220703,416.1947552490234,291.6764791870117,355943785.90133667,64.28571428571429,83.06122448979592,97.95918367346938,81.89795918367346,0.9780439121756488,0.9888082703463104,True,0.9780439121756488,85.14285714285714,True,True,True,True,True,True,True,True,True,True,True,True,True,True,,2024-01-03,469.05547081342905,444.6443782282676,24.41109258516144,2024-02-02,495.988238475848,SMA20,0.0574191526126164,2024-02-01,1.1033003774190069,20,2024-01-02,501,491,491,419,85.33604887983707,489,443,90.59304703476482,0.9760479041916168,True,19418.400390625,16610.918720703125,STRONG_MOMENTUM,POINT_IN_TIME,501,491,489,STRONG_MOMENTUM,MOMENTUM_ENABLED,True,True,True,0.9800399201596807,17965.8869140625,1.0264409793110254,0.9880112802570349,0.949581581203044,24.41109258516144,1.1033003774190069
JYOTICNC-2024-12-16,JYOTICNC,2024-12-05,2024-12-16,7,1363.449951171875,59.54017472416526,55.67381729799485,1243.0,2.023002984621552,1295.4000244140625,1279.449951171875,1265.9925109863282,1158.0840014648438,1039.0252471923827,416877466.80029297,94.33198380566802,83.40080971659918,66.39676113360325,81.57894736842105,0.988,1.672484663146361,True,0.988,91.25506072874494,True,True,True,True,True,True,True,True,True,True,True,True,True,True,,2024-12-17,1305.9000244140625,1229.0815456755013,76.81847873856123,2025-01-02,1345.199951171875,SMA20,0.0300941312681618,2025-01-01,0.5115947022533887,11,2024-12-16,500,496,496,293,59.07258064516129,488,290,59.42622950819673,0.976,True,23352.44921875,22223.811494140624,NORMAL,POINT_IN_TIME,500,496,488,NORMAL,MOMENTUM_ENABLED,True,True,True,0.992,22916.50890625,0.4435954371880924,0.4095958046554443,0.37559617212279617,76.81847873856123,0.5115947022533887
JYOTICNC-2025-01-02,JYOTICNC,2024-12-17,2025-01-02,10,1435.9000244140625,63.65426066342825,59.75931371563627,1319.050048828125,1.835697632304324,1381.550048828125,1370.0,1344.1875,1217.9650048828123,1083.9549978637694,448516599.6386109,78.94736842105263,94.53441295546558,63.96761133603239,80.68825910931174,0.988,1.5852547043169023,True,0.988,90.60728744939271,True,True,True,True,True,True,True,True,True,True,True,True,True,True,,2025-01-03,1391.0,1304.110220399216,86.8897796007841,2025-01-08,1304.110220399216,STOP_INTRADAY,-0.0624656934585076,,-1.0,3,2025-01-02,500,496,496,249,50.201612903225815,488,240,49.18032786885246,0.976,True,22819.75,22349.360478515624,NORMAL,POINT_IN_TIME,500,496,488,NORMAL,MOMENTUM_ENABLED,True,True,True,0.992,22703.5589453125,-1.0640351491920437,-1.0960527237880655,-1.1280702983840873,86.8897796007841,-1.0
KAJARIACER-2025-10-16,KAJARIACER,2025-10-13,2025-10-16,3,1253.375,33.080730202380416,34.0471640786033,1193.7662327057697,1.8019181236193216,1243.142333984375,1236.883313844898,1200.9143371582031,1221.3201342773436,1038.581901550293,160287903.2906494,68.96551724137932,76.67342799188641,96.14604462474644,80.2028397565923,0.9801192842942346,4.676453262158093,True,0.9840319361277444,80.87221095334685,True,True,True,True,True,True,True,True,True,True,True,True,True,True,,2025-10-17,1253.0771107653602,1185.2544416861188,67.82266907924145,2025-11-03,1200.5999755859375,SMA20,-0.0418786160313553,2025-10-31,-0.7737403421577289,10,2025-10-16,503,498,498,268,53.81526104417671,482,307,63.69294605809128,0.9582504970178928,True,23563.80078125,22274.728779296875,NORMAL,POINT_IN_TIME,503,498,482,NORMAL,MOMENTUM_ENABLED,True,True,True,0.9900596421471173,22999.95109375,-0.8476434856215352,-0.8845950573534385,-0.9215466290853416,67.82266907924145,-0.7737403421577289
KALYANKJIL-2023-08-28,KALYANKJIL,2023-08-22,2023-08-28,4,222.4489898681641,10.286568261742138,9.78451070999328,208.9687421668732,1.3104708351984338,219.4644317626953,216.479880553732,196.7961112976074,172.08126174926758,126.06478614807128,579466246.4927444,97.3469387755102,99.59183673469389,97.55102040816328,98.3061224489796,0.9760956175298804,1.3211193584053451,True,0.9741035856573704,98.79345603271985,True,True,True,True,True,True,True,True,True,True,True,True,True,True,,2023-08-29,221.1059296617056,206.52261448937483,14.58331517233077,2023-09-13,228.06989627166905,SMA20,0.0314960644457539,2023-09-12,0.4775297336490609,11,2023-08-28,502,492,491,336,68.43177189409369,483,407,84.26501035196688,0.9621513944223108,True,16875.30078125,15617.758266601562,STRONG_MOMENTUM,POINT_IN_TIME,502,491,483,STRONG_MOMENTUM,MOMENTUM_ENABLED,True,True,True,0.9780876494023905,16703.802109375,0.41688346027462064,0.3865603235873995,0.3562371869001784,14.58331517233077,0.4775297336490628
KALYANKJIL-2023-09-08,KALYANKJIL,2023-08-31,2023-09-08,6,250.5038299560547,10.840210248955623,11.46344058676098,232.7954541797297,1.6335823170986048,245.2310943603516,243.53984578742453,227.1670715332031,192.1127182006836,132.37084396362306,1010136065.0620804,98.9795918367347,99.3877551020408,97.75510204081633,98.77551020408164,0.9780439121756488,0.4059712788707333,True,0.9760956175298804,99.3877551020408,True,True,True,True,True,True,True,True,True,True,True,True,True,True,,2023-09-11,246.3254454552384,229.92959403303948,16.395851422198916,2023-09-12,229.92959403303948,STOP_INTRADAY,-0.066561744735293,,-1.0,1,2023-09-08,501,491,491,414,84.31771894093686,487,451,92.60780287474331,0.9720558882235528,True,17487.44921875,15688.051762695311,STRONG_MOMENTUM,POINT_IN_TIME,501,491,487,STRONG_MOMENTUM,MOMENTUM_ENABLED,True,True,True,0.9800399201596807,16885.0370703125,-1.0600945785887594,-1.090141867883139,-1.1201891571775187,16.395851422198916,-1.0
KALYANKJIL-2024-04-12,KALYANKJIL,2024-04-08,2024-04-12,3,431.2187805175781,17.600629084269826,17.1004966240215,410.5755484744577,1.1728689891868602,425.5480651855469,424.15527603674,403.43749542236327,384.2368450927734,291.3649278640748,799815013.4436035,73.15573770491804,70.08196721311475,93.23770491803278,77.95081967213115,0.9740518962075848,1.140791650375276,True,0.9720558882235528,82.25872689938399,True,True,True,True,True,True,True,True,True,True,True,True,True,True,,2024-04-15,416.9923389014439,406.3004243184524,10.6919145829915,2024-04-18,406.3004243184524,STOP_INTRADAY,-0.0256405539995269,,-1.0,2,2024-04-12,501,493,492,321,65.2439024390244,479,382,79.74947807933194,0.9560878243512974,True,20745.5,18210.82552734375,STRONG_MOMENTUM,POINT_IN_TIME,501,492,479,STRONG_MOMENTUM,MOMENTUM_ENABLED,True,True,True,0.9820359281437125,20148.6271484375,-1.1560028695196602,-1.2340043042794904,-1.3120057390393205,10.691914582991501,-1.0
KALYANKJIL-2024-09-30,KALYANKJIL,2024-09-24,2024-09-30,4,769.74755859375,30.45646470054413,31.285858039126595,701.9459271880913,2.2261819312353524,728.1193237304688,727.6706379164675,695.3452545166016,619.6339099121094,451.53389831542967,5462992303.332031,96.11451942740288,97.75051124744375,93.4560327198364,95.97137014314929,0.978,1.5083752684467773,True,0.986,98.70182555780934,True,True,True,True,True,True,True,True,True,True,True,True,True,True,,2024-10-01,728.9668374128514,694.1244626783097,34.84237473454175,2024-10-07,694.1244626783097,STOP_INTRADAY,-0.0477969270292178,,-1.0,3,2024-09-30,500,494,494,305,61.74089068825911,485,405,83.50515463917526,0.97,True,24245.19921875,21314.537783203126,STRONG_MOMENTUM,POINT_IN_TIME,500,494,485,STRONG_MOMENTUM,MOMENTUM_ENABLED,True,True,True,0.988,23499.784921875,-1.0836873884707032,-1.1255310827060547,-1.1673747769414062,34.84237473454175,-1.0
KALYANKJIL-2024-12-16,KALYANKJIL,2024-12-09,2024-12-16,5,773.1875,28.844830626012072,27.6229751811038,735.2485163389808,1.315278434216426,761.0230712890625,760.7737990141894,722.9295349121094,706.2224206542969,544.2324996948242,3762767881.786957,76.11336032388664,77.93522267206477,99.19028340080972,83.76518218623481,0.988,0.4899675487133189,True,0.988,93.31983805668015,True,True,True,True,True,True,True,True,True,True,True,True,True,True,,2024-12-17,761.7708925682765,728.3427725437049,33.428120024571626,2024-12-20,728.3427725437049,STOP_INTRADAY,-0.0438821177741121,,-1.0,3,2024-12-16,500,496,496,293,59.07258064516129,488,290,59.42622950819673,0.976,True,23352.44921875,22223.811494140624,NORMAL,POINT_IN_TIME,500,496,488,NORMAL,MOMENTUM_ENABLED,True,True,True,0.992,22916.50890625,-1.0911533035071468,-1.1367299552607202,-1.1823066070142934,33.428120024571626,-1.0
KARURVYSYA-2023-11-29,KARURVYSYA,2023-11-13,2023-11-29,10,128.65594482421875,4.187386759403447,3.483949420908424,120.1085857408933,2.0412155777421286,124.19998168945312,124.15947114842662,123.0819320678711,115.91268432617188,95.68512729644776,327903971.87252426,40.61224489795918,85.71428571428571,79.79591836734694,70.40816326530611,0.9780439121756488,0.8040546233098432,True,0.9780439121756488,91.22448979591836,True,True,True,True,True,True,True,True,True,True,True,True,True,True,,2023-11-30,125.57728297112892,119.2375983856662,6.33968458546272,2024-01-09,132.8688695360414,SMA20,0.0580645351802112,2024-01-08,1.1501497379905166,27,2023-11-29,501,491,491,336,68.43177189409369,488,420,86.0655737704918,0.9740518962075848,True,17904.099609375,16167.458237304689,STRONG_MOMENTUM,POINT_IN_TIME,501,491,488,STRONG_MOMENTUM,MOMENTUM_ENABLED,True,True,True,0.9800399201596807,17291.4498828125,1.0709172264809785,1.0313009707262095,0.9916847149714405,6.33968458546272,1.1501497379905166
KARURVYSYA-2025-07-15,KARURVYSYA,2025-07-01,2025-07-15,10,224.28012084960932,6.566158593791374,6.112004940826355,214.66050593760792,1.4650293279692137,222.4380645751953,221.8649801512249,214.23028640747071,197.90683502197265,183.595193939209,643999954.6556625,86.11670020120724,81.48893360160966,89.33601609657947,85.23138832997988,0.994,1.3625916724699705,True,0.9900199600798404,87.94354838709677,True,True,True,True,True,True,True,True,True,True,True,True,True,True,,2025-07-16,223.3386169660264,213.1325047024013,10.2061122636251,2025-07-25,213.1325047024013,STOP_INTRADAY,-0.045697929011433,,-1.0,7,2025-07-15,500,497,497,370,74.44668008048289,479,310,64.71816283924844,0.958,True,23449.150390625,22285.705234375,STRONG_MOMENTUM,POINT_IN_TIME,500,497,479,STRONG_MOMENTUM,MOMENTUM_ENABLED,True,True,True,0.994,23003.283984375,-1.087531318957567,-1.1312969784363507,-1.175062637915134,10.206112263625101,-1.0
KARURVYSYA-2025-10-16,KARURVYSYA,2025-10-10,2025-10-16,4,224.84130859375,5.880399472488184,5.728155342502403,218.55023346934263,1.0698380533228329,224.7519989013672,223.56126341705007,215.36897735595704,212.91366333007807,193.95020835876463,366038177.10746,90.06085192697769,61.4604462474645,77.079107505071,74.72616632860041,0.9801192842942346,1.4862965243812445,True,0.9840319361277444,75.25354969574036,True,True,True,True,True,True,True,True,True,True,True,True,True,True,,2025-10-17,226.22057491540448,217.11819463371705,9.10238028168743,2025-11-21,246.34407261750712,SMA20,0.0889552053769992,2025-11-20,2.210795097474446,23,2025-10-16,503,498,498,268,53.81526104417671,482,307,63.69294605809128,0.9582504970178928,True,23563.80078125,22274.728779296875,NORMAL,POINT_IN_TIME,503,498,482,NORMAL,MOMENTUM_ENABLED,True,True,True,0.9900596421471173,22999.95109375,2.111383485164411,2.0616776790093936,2.011971872854376,9.10238028168743,2.210795097474446
KARURVYSYA-2025-11-12,KARURVYSYA,2025-11-03,2025-11-12,6,249.85675048828125,6.734551326364626,6.331307617514649,241.57119301477425,1.2303057875690169,248.09048461914065,246.43338536392727,240.65630645751952,222.9015933227539,199.5439534759521,479949160.5589447,89.27125506072875,79.1497975708502,92.10526315789474,86.07287449392713,0.9821073558648112,1.0379809175552188,True,0.9801192842942346,91.29817444219069,True,True,True,True,True,True,True,True,True,True,True,True,True,True,,2025-11-13,249.9559731302212,239.9883661103956,9.967607019825609,2025-11-21,246.34407261750712,SMA20,-0.0144501468297873,2025-11-20,-0.3623638557910629,6,2025-11-12,503,499,498,249,50.0,482,294,60.99585062240664,0.9582504970178928,True,23836.900390625,22414.982529296874,NORMAL,POINT_IN_TIME,503,498,482,NORMAL,MOMENTUM_ENABLED,True,True,True,0.9900596421471173,23320.60515625,-0.4626711703282664,-0.5128248275968682,-0.5629784848654699,9.967607019825607,-0.3623638557910629
KARURVYSYA-2026-08-12,KARURVYSYA,2026-08-03,2026-08-12,7,348.1000061035156,9.833299167707583,9.125653574196928,330.25,1.8152611650558537,338.79998779296875,335.45001220703125,333.0322631835937,307.88738342285154,284.8234893798828,665003185.469574,91.6,70.39999999999999,54.400000000000006,71.96000000000001,1.0,0.8829018363868393,True,1.0,80.47999999999999,True,True,True,True,True,True,True,True,True,True,True,True,True,True,,2026-08-13,340.0,327.96858660645074,12.031413393549258,2026-08-17,331.75,SMA20,-0.0242647058823529,2026-08-14,-0.6857049733178735,2,2026-08-12,500,500,500,287,57.4,420,243,57.85714285714286,0.84,True,23672.44921875,23085.996064453124,NORMAL,POINT_IN_TIME,500,500,420,NORMAL,MOMENTUM_ENABLED,True,True,True,1.0,23137.885,-0.7987423992223956,-0.8552611121746567,-0.9117798251269179,12.031413393549258,-0.6857049733178735
KAYNES-2024-01-02,KAYNES,2023-12-19,2024-01-02,8,2745.449951171875,90.41647608823985,105.31376116999652,2572.0,1.9183445172382143,2663.300048828125,2630.0,2561.0099853515626,2482.922001953125,1802.924250488281,391598145.03100586,66.53061224489795,65.3061224489796,90.40816326530611,73.20408163265306,0.9780439121756488,0.525165742545528,True,0.9780439121756488,82.46938775510203,True,True,True,True,True,True,True,True,True,True,True,True,True,True,,2024-01-03,2660.0,2545.671559707501,114.32844029249918,2024-01-03,2545.671559707501,STOP_INTRADAY,-0.0429806166513154,,-1.0,0,2024-01-02,501,491,491,419,85.33604887983707,489,443,90.59304703476482,0.9760479041916168,True,19418.400390625,16610.918720703125,STRONG_MOMENTUM,POINT_IN_TIME,501,491,489,STRONG_MOMENTUM,MOMENTUM_ENABLED,True,True,True,0.9800399201596807,17965.8869140625,-1.09306520733405,-1.1395978110010752,-1.1861304146681002,114.32844029249918,-1.0
KEC-2024-06-27,KEC,2024-06-14,2024-06-27,8,914.6228637695312,37.037543126960095,36.37157463366798,833.0840534717238,2.2015177955595635,873.6578979492188,848.6780891163886,808.6028656005859,760.6602038574218,665.617883605957,492658732.8511963,89.0020366598778,81.05906313645622,79.83706720977597,83.07535641547861,0.9780876494023903,6.500829164609142,True,0.9780876494023903,81.58859470468431,True,True,True,True,True,True,True,True,True,True,True,True,True,True,,2024-06-28,884.8034673528333,823.9911598133068,60.8123075395265,2024-07-11,854.4952841826519,SMA20,-0.0342541414997591,2024-07-10,-0.4983889675701235,9,2024-06-27,502,493,493,384,77.89046653144015,484,406,83.88429752066115,0.9641434262948207,True,22537.400390625,19349.281025390625,STRONG_MOMENTUM,POINT_IN_TIME,502,493,484,STRONG_MOMENTUM,MOMENTUM_ENABLED,True,True,True,0.9820717131474104,21257.6241015625,-0.55658794097877,-0.5856874276830931,-0.6147869143874165,60.8123075395265,-0.4983889675701235
KEC-2024-09-24,KEC,2024-09-18,2024-09-24,4,998.9883422851562,34.16916209316248,37.59910667861193,918.4897493997972,2.3558843107091416,965.3449096679688,957.7322345454988,943.849984741211,882.8559240722657,744.6946212768555,979504191.9649048,91.88640973630832,69.97971602434076,74.84787018255578,78.01217038539554,0.986,1.70082281021776,True,0.9840319361277444,79.55375253549695,True,True,True,True,True,True,True,True,True,True,True,True,True,True,,2024-09-25,967.6041707312736,909.0899727301444,58.514198001129216,2024-10-08,962.6436249393804,SMA20,-0.0051266271290915,2024-10-07,-0.084775079576368,8,2024-09-24,500,493,493,306,62.06896551724138,490,403,82.24489795918367,0.98,True,24389.69921875,21188.8027734375,STRONG_MOMENTUM,POINT_IN_TIME,500,493,490,STRONG_MOMENTUM,MOMENTUM_ENABLED,True,True,True,0.986,23397.2819140625,-0.15091999508645526,-0.1839924528414979,-0.21706491059654057,58.514198001129216,-0.08477507957636994
KEI-2023-11-30,KEI,2023-11-21,2023-11-30,6,2955.8056640625,104.76720403202384,102.53173880425317,2731.180647255871,2.1440394337331807,2871.278564453125,2801.9523494999303,2671.7800537109374,2628.960795898437,2215.824102783203,688030111.2294922,83.6734693877551,58.36734693877551,74.48979591836735,70.79591836734694,0.9780439121756488,0.9574053232738154,True,0.9780439121756488,80.3673469387755,True,True,True,True,True,True,True,True,True,True,True,True,True,True,,2023-12-01,2885.582024986856,2705.547712554808,180.03431243204795,2024-01-12,3030.1650606023977,SMA20,0.0501053286177855,2024-01-11,0.803085998787664,29,2023-11-30,501,491,491,356,72.50509164969449,488,423,86.68032786885246,0.9740518962075848,True,17987.94921875,16182.727231445311,STRONG_MOMENTUM,POINT_IN_TIME,501,491,488,STRONG_MOMENTUM,MOMENTUM_ENABLED,True,True,True,0.9800399201596807,17299.1388671875,0.7389741750801474,0.7069182632263891,0.6748623513726307,180.03431243204795,0.803085998787664
KEI-2024-01-03,KEI,2023-12-28,2024-01-03,3,3276.120849609375,108.86904509051574,106.66063749133396,3104.026850181101,1.580743169788913,3216.06494140625,3214.6196865401,3053.547253417969,2811.8930859375,2373.9046411132813,649585289.2224121,80.0,71.42857142857143,68.77551020408164,73.20408163265306,0.9780439121756488,0.7571288736863618,True,0.9780439121756488,82.3061224489796,True,True,True,True,True,True,True,True,True,True,True,True,True,True,,2024-01-04,3248.1113226887014,3077.361690808268,170.7496318804333,2024-01-11,3075.269677129369,STOP_GAP,-0.0532129685186585,,-1.0122519366856615,5,2024-01-03,501,491,491,422,85.94704684317719,489,443,90.59304703476482,0.9760479041916168,True,19367.150390625,16633.734721679688,STRONG_MOMENTUM,POINT_IN_TIME,501,491,489,STRONG_MOMENTUM,MOMENTUM_ENABLED,True,True,True,0.9800399201596807,18006.349921875,-1.0883425563120201,-1.1263878661251994,-1.1644331759383788,170.7496318804333,-1.0122519366856615
KEI-2024-04-30,KEI,2024-04-23,2024-04-30,5,4008.22705078125,163.2910324892728,155.94971723934836,3804.260821783232,1.2490963275121532,3987.121826171875,3955.588944157999,3778.914514160156,3480.4304248046874,2924.48752319336,894087691.2932129,76.84426229508196,78.07377049180327,78.07377049180327,77.70491803278688,0.9740518962075848,1.1770651390112972,True,0.9740518962075848,86.55737704918033,True,True,True,True,True,True,True,True,True,True,True,True,True,True,,2024-05-02,4037.414920624688,3765.273392473395,272.1415281512932,2024-05-06,3765.273392473395,STOP_INTRADAY,-0.0674048948402821,,-1.0,2,2024-04-30,501,493,492,353,71.7479674796748,479,384,80.1670146137787,0.9560878243512974,True,20997.19921875,18455.24826171875,STRONG_MOMENTUM,POINT_IN_TIME,501,492,479,STRONG_MOMENTUM,MOMENTUM_ENABLED,True,True,True,0.9820359281437125,20326.0130859375,-1.0593428713074637,-1.0890143069611957,-1.1186857426149277,272.1415281512932,-1.0
KEI-2024-06-03,KEI,2024-05-23,2024-06-03,7,4277.205078125,155.0660340832469,146.4213070762568,4056.374621712426,1.424105915380678,4198.62158203125,4169.0851520403685,4061.6607177734377,3835.386420898437,3102.849870605469,878301753.4238281,69.18367346938776,87.14285714285714,76.12244897959184,78.44897959183673,0.9780439121756488,0.7410091256829348,True,0.9780439121756488,84.0612244897959,True,True,True,True,True,True,True,True,True,True,True,True,True,True,,2024-06-04,4226.013763533818,4019.769294943362,206.24446859045565,2024-06-04,4019.769294943362,STOP_INTRADAY,-0.0488035487177383,,-1.0,0,2024-06-03,501,493,493,303,61.4604462474645,480,347,72.29166666666667,0.9580838323353292,True,21797.400390625,18918.27002929688,STRONG_MOMENTUM,POINT_IN_TIME,501,493,480,STRONG_MOMENTUM,MOMENTUM_ENABLED,True,True,True,0.9840319361277445,20707.5680859375,-1.0819612529231124,-1.1229418793846688,-1.163922505846225,206.24446859045565,-1.0
KEI-2024-06-21,KEI,2024-06-13,2024-06-21,5,4815.66015625,213.65948221780576,214.59448821206647,4291.923196260908,2.451269443100078,4546.78173828125,4447.392888950368,4349.880346679687,4098.806274414063,3234.284412841797,1325708778.1540527,69.65376782077392,83.91038696537679,82.89205702647658,79.32790224032587,0.9780876494023903,1.5276473219760498,True,0.9780876494023903,89.4501018329939,True,True,True,True,True,True,True,True,True,True,True,True,True,True,,2024-06-24,4589.391190286636,4238.274574207891,351.1166160787443,2024-07-01,4476.48085571659,SMA20,-0.0246024646600225,2024-06-28,-0.3215750249333793,5,2024-06-21,502,493,493,410,83.16430020283975,484,405,83.67768595041323,0.9641434262948207,True,22236.19921875,19238.9940234375,STRONG_MOMENTUM,POINT_IN_TIME,502,493,484,STRONG_MOMENTUM,MOMENTUM_ENABLED,True,True,True,0.9820717131474104,21130.3550390625,-0.3738584086312602,-0.40000010048020074,-0.42614179232914123,351.1166160787443,-0.3215750249333793
KEI-2025-10-06,KEI,2025-09-19,2025-10-06,10,4195.033203125,93.03661807657468,103.86122743629404,3969.000533115232,2.42950221840319,4126.81396484375,4065.1867964258895,4098.622155761719,3974.06662109375,3676.624633789064,1084049837.9838867,49.290060851926974,81.33874239350912,90.66937119675455,74.52332657200812,0.9840319361277444,1.0647536553877563,True,0.9920159680638724,77.18309859154931,True,True,True,True,True,True,True,True,True,True,True,True,True,True,,2025-10-07,4127.612850321314,3943.0352262561582,184.57762406515576,2025-10-17,4167.6652745227575,SMA20,0.0097035321998102,2025-10-16,0.2169950144515081,8,2025-10-06,501,498,498,254,51.00401606425703,478,291,60.87866108786611,0.9540918163672656,True,23169.650390625,22256.278515625,NORMAL,POINT_IN_TIME,501,498,478,NORMAL,MOMENTUM_ENABLED,True,True,True,0.9940119760479041,22946.643046875,0.12754510694019958,0.0828201531845453,0.03809519942889105,184.57762406515576,0.2169950144515081
KFINTECH-2023-11-24,KFINTECH,2023-11-20,2023-11-24,4,520.010009765625,20.02413987782709,18.65778881291264,497.01112802962814,1.1485577845699997,511.8240051269531,510.8007742956673,483.13621978759767,462.3363098144531,364.6246565246582,117955853.9185791,85.71428571428571,93.26530612244898,85.10204081632654,88.55102040816325,0.9780439121756488,2.4433375449509183,True,0.9780439121756488,90.9795918367347,True,True,True,True,True,True,True,True,True,True,True,True,True,True,,2023-11-28,515.5272291083892,492.3466808264,23.18054828198916,2023-12-11,508.9978803163388,SMA20,-0.012665381037861,2023-12-08,-0.2816736132649461,9,2023-11-24,501,491,491,312,63.54378818737271,488,414,84.8360655737705,0.9740518962075848,True,17643.5,16138.237485351565,STRONG_MOMENTUM,POINT_IN_TIME,501,491,488,STRONG_MOMENTUM,MOMENTUM_ENABLED,True,True,True,0.9800399201596807,17278.277890625,-0.3706322043797094,-0.4151114999370922,-0.459590795494475,23.18054828198916,-0.2816736132649437
KFINTECH-2024-08-21,KFINTECH,2024-08-09,2024-08-21,7,1047.9625244140625,47.72530775560396,48.72304426494143,955.089667285221,1.9459876006338848,1022.8197631835938,1001.2338062315372,882.5406921386718,779.5434228515625,635.47890335083,937122662.7305604,99.39148073022312,93.91480730223124,94.32048681541582,95.67951318458418,0.9801192842942346,1.180476082568759,True,0.9801192842942346,95.92292089249494,True,True,True,True,True,True,True,True,True,True,True,True,True,True,,2024-08-22,1029.1054290226457,942.9089062189856,86.19652280366006,2024-09-05,996.250192680207,SMA20,-0.0319260159511953,2024-09-04,-0.3811666094382596,10,2024-08-21,503,493,493,270,54.76673427991886,487,408,83.77823408624229,0.9681908548707754,True,23368.650390625,20401.13377929688,NORMAL,POINT_IN_TIME,503,493,487,NORMAL,MOMENTUM_ENABLED,True,True,True,0.9801192842942346,22792.5249609375,-0.42892284811469716,-0.45280096745291587,-0.47667908679113474,86.19652280366006,-0.3811666094382596
KIMS-2023-09-14,KIMS,2023-09-08,2023-09-14,4,429.760009765625,13.520524356646192,15.09024071004188,411.0199890136719,1.3860424535044913,428.0199890136719,426.0,403.7809997558594,387.0700012207032,321.48730087280273,227528249.41841125,77.9591836734694,83.87755102040816,81.22448979591836,81.3061224489796,0.9780439121756488,1.0003140431923174,True,0.9780439121756488,84.3265306122449,True,True,True,True,True,True,True,True,True,True,True,True,True,True,,2023-09-15,428.0199890136719,407.2474288361614,20.772560177510456,2023-09-15,407.2474288361614,STOP_INTRADAY,-0.0485317525131914,,-1.0,0,2023-09-14,501,491,491,407,82.89205702647658,488,449,92.00819672131148,0.9740518962075848,True,17603.5,15728.362763671876,STRONG_MOMENTUM,POINT_IN_TIME,501,491,488,STRONG_MOMENTUM,MOMENTUM_ENABLED,True,True,True,0.9800399201596807,16967.69609375,-1.082420266997627,-1.1236304004964406,-1.1648405339952541,20.772560177510456,-1.0
KIMS-2024-09-30,KIMS,2024-09-16,2024-09-30,10,574.2999877929688,19.3154120505365,16.399836771590707,539.1500244140625,1.8197884304482093,556.5499877929688,547.2000122070312,542.8509979248047,490.4947973632813,427.8431986999512,176885732.18856812,86.9120654396728,92.0245398773006,66.46216768916156,82.82208588957056,0.978,0.7138497427303799,True,0.9820717131474104,90.08113590263692,True,True,True,True,True,True,True,True,True,True,True,True,True,True,,2024-10-01,560.0,535.0500652211648,24.9499347788352,2024-10-03,535.0500652211648,STOP_INTRADAY,-0.0445534549622057,,-1.0,1,2024-09-30,500,494,494,305,61.74089068825911,485,405,83.50515463917526,0.97,True,24245.19921875,21314.537783203126,STRONG_MOMENTUM,POINT_IN_TIME,500,494,485,STRONG_MOMENTUM,MOMENTUM_ENABLED,True,True,True,0.988,23499.784921875,-1.0897797938093279,-1.1346696907139917,-1.1795595876186555,24.9499347788352,-1.0
KIRLOSBROS-2024-12-10,KIRLOSBROS,2024-12-03,2024-12-10,5,2337.384521484375,104.81516337360767,93.58577391780442,2244.359617046081,0.8875138047222426,2307.45166015625,2305.1188173742694,2197.0727783203124,1965.386462402344,1712.4617236328124,411720288.0732422,84.21052631578947,98.78542510121456,79.75708502024291,88.70445344129554,0.988,0.5655333925543083,True,0.988,95.02024291497976,True,True,True,True,True,True,True,True,True,True,True,True,True,True,,2024-12-11,2303.3315432539125,2220.96317356663,82.36836968728267,2024-12-13,2220.96317356663,STOP_INTRADAY,-0.0357605356156938,,-1.0,2,2024-12-10,500,496,496,301,60.68548387096774,488,304,62.29508196721312,0.976,True,23314.900390625,22160.192255859376,STRONG_MOMENTUM,POINT_IN_TIME,500,496,488,STRONG_MOMENTUM,MOMENTUM_ENABLED,True,True,True,0.992,22985.219921875,-1.1118551478922636,-1.1677827218383956,-1.2237102957845274,82.36836968728267,-1.0
KIRLOSENG-2026-01-02,KIRLOSENG,2025-12-22,2026-01-02,7,1306.8310546875,57.60408054299368,51.018765002831735,1196.3595583254382,1.9177720626859007,1256.227294921875,1221.2629521423898,1205.3197692871097,1116.7921423339844,913.4401852416992,501208363.8335571,97.1830985915493,97.98792756539235,97.78672032193158,97.6861167002012,0.9920159680638724,1.5292047649398794,True,0.9920159680638724,98.43058350100604,True,True,True,True,True,True,True,True,True,True,True,True,True,True,,2026-01-05,1255.131540659057,1183.6048670747302,71.52667358432677,2026-01-08,1216.7803435597657,SMA20,-0.0305555201641681,2026-01-07,-0.5361803531108846,3,2026-01-02,501,498,498,250,50.20080321285141,492,263,53.45528455284553,0.9820359281437124,True,24099.0,22919.6473046875,NORMAL,POINT_IN_TIME,501,498,492,NORMAL,MOMENTUM_ENABLED,True,True,True,0.9940119760479041,23754.1330859375,-0.6063713169995835,-0.6414667989439329,-0.6765622808882823,71.52667358432677,-0.5361803531108846
KPIL-2024-02-23,KPIL,2024-02-14,2024-02-23,6,969.8286743164062,41.90079293028087,44.56667848037055,872.6454141369928,2.319365658332948,964.3046264648438,937.613538292369,863.4427642822266,758.1558056640625,634.0953437805176,218505609.23916623,98.37067209775968,91.85336048879836,77.59674134419552,89.53156822810591,0.9800399201596808,4.273440827502282,True,0.9780439121756488,91.18367346938776,True,True,True,True,True,True,True,True,True,True,True,True,True,True,,2024-02-26,968.8998123001594,861.5037445169002,107.39606778325924,2024-05-10,1168.350412099361,SMA20,0.2058526560405741,2024-05-09,1.857149930309568,48,2024-02-23,501,491,491,297,60.4887983706721,489,391,79.95910020449898,0.9760479041916168,True,20313.5,17498.107993164063,STRONG_MOMENTUM,POINT_IN_TIME,501,491,489,STRONG_MOMENTUM,MOMENTUM_ENABLED,True,True,True,0.9800399201596807,19558.3800390625,1.8210629549742872,1.8030194673066464,1.7849759796390061,107.39606778325924,1.857149930309568
KPIL-2024-04-18,KPIL,2024-04-10,2024-04-18,4,1170.4525146484375,49.5969083051702,53.25527720887436,1080.357514786178,1.816544678710702,1151.5340576171875,1151.0451912320789,1088.0373565673829,996.336025390625,725.4920881652832,341034229.8218994,82.99180327868852,98.97540983606558,93.44262295081968,92.5204918032787,0.9740518962075848,1.3055056352424792,True,0.9740518962075848,94.05737704918032,True,True,True,True,True,True,True,True,True,True,True,True,True,True,,2024-04-19,1157.5469192577818,1067.0436954839593,90.50322377382258,2024-05-10,1168.350412099361,SMA20,0.0093330928205539,2024-05-09,0.1193713592852582,14,2024-04-18,501,493,492,256,52.03252032520326,479,361,75.36534446764091,0.9560878243512974,True,20324.69921875,18274.34001953125,NORMAL,POINT_IN_TIME,501,492,479,NORMAL,MOMENTUM_ENABLED,True,True,True,0.9820359281437125,20191.3971484375,0.06821088694006895,0.04263065076747431,0.01705041459487967,90.50322377382258,0.11937135928525823
KPIL-2024-05-21,KPIL,2024-05-06,2024-05-21,10,1221.8304443359375,51.02571391112174,53.41749188269971,1121.616414603993,1.963990742128578,1212.444580078125,1183.5537690400488,1171.611065673828,1108.499619140625,792.1812042236328,214233507.4255371,57.3469387755102,89.79591836734694,94.89795918367348,81.59183673469389,0.9780439121756488,5.291262691340603,True,0.9740518962075848,93.48360655737704,True,True,True,True,True,True,True,True,True,True,True,True,True,True,,2024-05-22,1212.444623260964,1108.2620416333182,104.18258162764572,2024-05-29,1177.7362561944708,SMA20,-0.0286267648027851,2024-05-28,-0.3331494240615261,5,2024-05-21,501,493,492,337,68.4959349593496,480,362,75.41666666666667,0.9580838323353292,True,21187.650390625,18719.22526367188,STRONG_MOMENTUM,POINT_IN_TIME,501,492,480,STRONG_MOMENTUM,MOMENTUM_ENABLED,True,True,True,0.9820359281437125,20491.3570703125,-0.3797001854006647,-0.402975566070234,-0.42625094673980324,104.18258162764573,-0.33314942406152614
KPITTECH-2024-07-24,KPITTECH,2024-07-16,2024-07-24,5,1831.6021728515625,71.44998427318248,78.28860070551325,1671.6910283252134,2.2380850906130845,1817.046875,1794.4545329444984,1706.0354614257812,1565.1950708007812,1449.006294555664,1949609868.122864,90.87221095334684,88.64097363083164,54.563894523326574,79.08722109533468,0.9801192842942346,1.935497467779038,True,0.9801192842942346,76.34888438133873,True,True,True,True,True,True,True,True,True,True,True,True,True,True,,2024-07-25,1811.1661011605647,1652.1188781488352,159.04722301173,2024-08-06,1724.815282114857,SMA20,-0.0476769187488525,2024-08-05,-0.5429256632751125,8,2024-07-24,503,493,493,356,72.21095334685599,486,414,85.18518518518519,0.9662027833001988,True,22921.44921875,19854.3767578125,STRONG_MOMENTUM,POINT_IN_TIME,503,493,486,STRONG_MOMENTUM,MOMENTUM_ENABLED,True,True,True,0.9801192842942346,22071.8770703125,-0.5884760618765881,-0.6112512611773264,-0.6340264604780648,159.04722301172956,-0.5429256632751112
KPRMILL-2023-08-28,KPRMILL,2023-08-22,2023-08-28,4,717.291259765625,22.716766799850983,23.61549251130628,680.585247906976,1.615811448083793,712.0755615234375,702.3825012169092,655.8653259277344,643.8800207519531,574.837279663086,215131186.343628,89.59183673469387,76.32653061224491,48.16326530612245,71.85714285714286,0.9760956175298804,2.383144280195788,True,0.9741035856573704,73.96728016359918,True,True,True,True,True,True,True,True,True,True,True,True,True,True,,2023-08-29,713.453325321214,674.6813747791493,38.7719505420647,2023-09-18,717.9800550435814,SMA20,0.0063448155074886,2023-09-15,0.1167526951592539,14,2023-08-28,502,492,491,336,68.43177189409369,483,407,84.26501035196688,0.9621513944223108,True,16875.30078125,15617.758266601562,STRONG_MOMENTUM,POINT_IN_TIME,502,491,483,STRONG_MOMENTUM,MOMENTUM_ENABLED,True,True,True,0.9780876494023905,16703.802109375,0.043147595044709,0.006345044987436549,-0.03045750506983592,38.7719505420647,0.1167526951592539
KPRMILL-2024-12-09,KPRMILL,2024-12-04,2024-12-09,3,995.5712890625,34.18737306914261,33.090487363781726,968.2398182136494,0.799460982087561,994.2839965820312,989.283083099778,941.4751892089844,929.1695629882812,854.9468280029297,153641722.01559448,88.25910931174089,88.46153846153845,72.67206477732793,83.66396761133602,0.988,2.9946904032180828,True,0.988,85.22267206477733,True,True,True,True,True,True,True,True,True,True,True,True,True,True,,2024-12-10,1000.12660719501,959.967196372704,40.15941082230597,2024-12-27,1024.28933078102,SMA20,0.0241596647986174,2024-12-26,0.6016702708344799,12,2024-12-09,500,496,496,295,59.4758064516129,488,300,61.47540983606557,0.976,True,23292.0,22143.2292578125,NORMAL,POINT_IN_TIME,500,496,488,NORMAL,MOMENTUM_ENABLED,True,True,True,0.992,23008.859921875,0.5020546054931443,0.45224677282247655,0.40243894015180876,40.15941082230597,0.6016702708344799
KPRMILL-2025-07-22,KPRMILL,2025-07-08,2025-07-22,10,1201.0823974609375,44.27717461276846,38.80432628768231,1158.8816387864135,0.9531041455015128,1192.8409423828125,1187.1810740519556,1161.9400146484377,1143.5265966796876,995.804162902832,544729227.0939331,69.41649899396378,64.58752515090544,83.90342052313883,71.83098591549296,0.9920159680638724,0.4521250362558232,True,0.9920159680638724,82.23340040241449,True,True,True,True,True,True,True,True,True,True,True,True,True,True,,2025-07-23,1198.7114760076925,1149.1805572144929,49.53091879319959,2025-07-28,1149.1805572144929,STOP_INTRADAY,-0.0413201339809995,,-1.0,3,2025-07-22,501,497,497,312,62.77665995975856,479,314,65.55323590814196,0.9560878243512974,True,23320.900390625,22259.40573242188,STRONG_MOMENTUM,POINT_IN_TIME,501,497,479,STRONG_MOMENTUM,MOMENTUM_ENABLED,True,True,True,0.9920159680638723,23131.5809375,-1.0968051072109142,-1.1452076608163713,-1.1936102144218284,49.53091879319959,-1.0
LALPATHLAB-2023-11-16,LALPATHLAB,2023-11-09,2023-11-16,4,1330.238037109375,36.82740908754202,35.47739105600916,1268.3398427386012,1.6807642976902422,1304.9725341796875,1289.0537155650477,1231.8314392089844,1189.8965014648438,1048.70672454834,563485752.7543945,72.85714285714285,75.71428571428571,66.3265306122449,72.0408163265306,0.9780439121756488,1.318037518037518,True,0.9780439121756488,81.0204081632653,True,True,True,True,True,True,True,True,True,True,True,True,True,True,,2023-11-17,1309.4756016408808,1259.470494974599,50.00510666628179,2023-12-11,1266.7820967781238,SMA20,-0.0326035130469468,2023-12-08,-0.85378289756844,15,2023-11-16,501,491,491,293,59.67413441955194,488,408,83.60655737704919,0.9740518962075848,True,17593.099609375,16060.038740234377,NORMAL,POINT_IN_TIME,501,491,488,NORMAL,MOMENTUM_ENABLED,True,True,True,0.9800399201596807,17248.90984375,-0.9585302475045099,-1.010903922472545,-1.06327759744058,50.00510666628179,-0.85378289756844
LALPATHLAB-2024-09-12,LALPATHLAB,2024-08-30,2024-09-12,9,1678.4244384765625,38.65034840627851,33.62617301227633,1645.837447105703,0.8431228362631266,1678.129638671875,1674.544570662867,1649.3665710449218,1558.6355834960937,1296.925638122559,619139304.182373,52.33265720081136,80.32454361054768,88.84381338742394,74.48275862068965,0.9820717131474104,1.0034874691904148,True,0.9820717131474104,83.02231237322515,True,True,True,True,True,True,True,True,True,True,True,True,True,True,,2024-09-13,1680.438083211683,1637.430903852634,43.00717935904913,2024-09-17,1643.6762591931524,SMA20,-0.0218763335500411,2024-09-16,-0.8547834237540066,2,2024-09-12,502,494,493,292,59.2292089249493,489,398,81.39059304703477,0.9741035856573704,True,23907.349609375,20931.13103515625,NORMAL,POINT_IN_TIME,502,493,489,NORMAL,MOMENTUM_ENABLED,True,True,True,0.9820717131474104,23223.0479296875,-1.0110771503601996,-1.0892240136632962,-1.1673708769663926,43.00717935904913,-0.8547834237540066
LATENTVIEW-2024-02-14,LATENTVIEW,2024-02-07,2024-02-14,5,536.5999755859375,19.51673838988584,22.367606678893143,490.1499938964844,2.3800073947563347,521.0999755859375,514.7000122070312,485.9149993896484,471.9320001220703,411.3667503356934,518062145.0171661,83.87755102040816,71.63265306122449,63.87755102040816,72.9795918367347,0.9780439121756488,1.0424881508057453,True,0.9780439121756488,75.12244897959184,True,True,True,True,True,True,True,True,True,True,True,True,True,True,,2024-02-15,524.0,484.55809222676106,39.44190777323894,2024-02-29,505.8999938964844,SMA20,-0.034541996380755,2024-02-28,-0.4589029062077051,10,2024-02-14,501,491,491,281,57.23014256619145,489,380,77.70961145194273,0.9760479041916168,True,19922.30078125,17346.2194921875,NORMAL,POINT_IN_TIME,501,491,489,NORMAL,MOMENTUM_ENABLED,True,True,True,0.9800399201596807,19359.1840234375,-0.512044351901722,-0.5386150747487305,-0.565185797595739,39.44190777323894,-0.45890290620770513
LAURUSLABS-2025-06-23,LAURUSLABS,2025-06-16,2025-06-23,5,679.0131225585938,17.261761070260413,17.972479810839566,639.8843641183732,2.266788323680013,665.0885009765625,651.8126475719446,643.1010498046875,622.7882543945312,560.5149992370606,1041586399.4552002,90.9090909090909,49.494949494949495,88.28282828282829,73.55555555555556,0.9840954274353876,0.9235190231409272,True,0.9801192842942346,74.5841784989858,True,True,True,True,True,True,True,True,True,True,True,True,True,True,,2025-06-24,670.7781380462022,635.3912441656634,35.38689388053888,2025-08-07,826.4944674079183,SMA20,0.2321428211946145,2025-08-06,4.400395521782506,32,2025-06-23,503,498,497,327,65.79476861167002,477,249,52.20125786163522,0.94831013916501,True,23001.5,22311.028994140623,NORMAL,POINT_IN_TIME,503,497,477,NORMAL,MOMENTUM_ENABLED,True,True,True,0.9880715705765407,22455.860078125,4.32457331028119,4.286662204530533,4.248751098779875,35.38689388053888,4.400395521782506
LAURUSLABS-2026-08-20,LAURUSLABS,2026-08-11,2026-08-20,7,1858.0,39.72165934089628,38.96700865542456,1769.4000244140625,2.230520503324429,1825.0,1818.0,1803.725006103516,1616.3680102539065,1222.8881097412109,2908665102.0786133,93.4,94.8,98.4,95.46,1.0,0.8185597856786505,True,1.0,97.64,True,True,True,True,True,True,True,True,True,True,True,True,True,True,,2026-08-21,1825.0,1759.6582722502064,65.34172774979356,2026-08-24,1800.0,SMA20,-0.0136986301369863,2026-08-21,-0.3826039019924597,1,2026-08-20,500,500,500,260,52.0,420,241,57.38095238095238,0.84,True,23512.94921875,23080.1573046875,NORMAL,POINT_IN_TIME,500,500,420,NORMAL,MOMENTUM_ENABLED,True,True,True,1.0,23277.8130078125,-0.4943242413742579,-0.550184411065157,-0.6060445807560562,65.34172774979356,-0.3826039019924597
LEMONTREE-2023-09-27,LEMONTREE,2023-09-14,2023-09-27,8,122.6999969482422,4.838827572703396,4.951439934886859,111.5500030517578,2.3042759281986576,118.3499984741211,116.3499984741211,113.98499908447266,103.6809992980957,89.03849979400634,1005188670.6270866,88.36734693877551,81.83673469387756,84.08163265306122,84.46938775510205,0.9780439121756488,0.7402016117641524,True,0.9780439121756488,89.18367346938776,True,True,True,True,True,True,True,True,True,True,True,True,True,True,,2023-09-28,118.9000015258789,110.3121430680361,8.587858457842813,2023-10-03,114.5,SMA20,-0.0370058996586407,2023-09-29,-0.5123514258506007,2,2023-09-27,501,491,491,340,69.24643584521385,488,441,90.3688524590164,0.9740518962075848,True,17341.599609375,15788.643515625,STRONG_MOMENTUM,POINT_IN_TIME,501,491,488,STRONG_MOMENTUM,MOMENTUM_ENABLED,True,True,True,0.9800399201596807,17084.0920703125,-0.5677319387500858,-0.5954221951998283,-0.6231124516495707,8.587858457842813,-0.5123514258506007
LICHSGFIN-2023-10-10,LICHSGFIN,2023-10-03,2023-10-10,5,453.7431335449219,11.120034057790445,10.829424590309523,434.63514683684457,1.7183388655802436,446.1855163574219,445.1872889844146,438.7514663696289,416.629810180664,365.4477993774414,1076806321.2665403,78.16326530612245,77.9591836734694,70.81632653061224,75.87755102040816,0.9780439121756488,0.7658484114563574,True,0.9780439121756488,77.87755102040816,True,True,True,True,True,True,True,True,True,True,True,True,True,True,,2023-10-11,450.2732606068015,431.9277906892672,18.345469917534277,2023-10-20,442.05019789613306,SMA20,-0.0182623829351687,2023-10-19,-0.4482339644409428,7,2023-10-10,501,491,491,290,59.063136456211815,488,431,88.31967213114754,0.9740518962075848,True,17303.349609375,15843.93701171875,NORMAL,POINT_IN_TIME,501,491,488,NORMAL,MOMENTUM_ENABLED,True,True,True,0.9800399201596807,17130.74,-0.5464104107529424,-0.5954986339089421,-0.6445868570649419,18.345469917534274,-0.4482339644409428
LICHSGFIN-2024-01-25,LICHSGFIN,2024-01-19,2024-01-25,3,555.5097045898438,13.57563370775427,15.476093090993592,527.0854682084829,2.093768658852751,550.6139526367188,550.3763212124079,539.4652297973632,499.6849896240234,412.2710629272461,1158951966.9326477,82.6530612244898,71.83673469387755,81.22448979591836,77.89795918367346,0.9780439121756488,1.2381071439711595,True,0.9780439121756488,76.79591836734694,True,True,True,True,True,True,True,True,True,True,True,True,True,True,,2024-01-29,550.6139722165403,523.2164449357344,27.39752728080589,2024-02-29,609.5064467506144,SMA20,0.1069578279988023,2024-02-28,2.1495543714754444,23,2024-01-25,501,491,491,321,65.37678207739307,489,407,83.23108384458078,0.9760479041916168,True,19393.0,17020.314487304688,STRONG_MOMENTUM,POINT_IN_TIME,501,491,489,STRONG_MOMENTUM,MOMENTUM_ENABLED,True,True,True,0.9800399201596807,18777.58796875,2.0691655149814805,2.0289710867344986,1.9887766584875168,27.39752728080589,2.1495543714754444
LICHSGFIN-2024-02-14,LICHSGFIN,2024-02-09,2024-02-14,3,618.1097412109375,18.237468003481528,19.410475804021463,583.8390654350045,1.8791356217535649,605.1809692382812,601.378431748286,582.9667755126953,540.9354022216797,431.2325617980957,1712734416.3231506,82.6530612244898,84.28571428571429,78.77551020408163,82.14285714285714,0.9780439121756488,0.4461539250965077,True,0.9780439121756488,82.24489795918367,True,True,True,True,True,True,True,True,True,True,True,True,True,True,,2024-02-15,608.2230265713291,578.9864464839991,29.236580087330022,2024-02-29,609.5064467506144,SMA20,0.0021101144205607,2024-02-28,0.0438977532752348,10,2024-02-14,501,491,491,281,57.23014256619145,489,380,77.70961145194273,0.9760479041916168,True,19922.30078125,17346.2194921875,NORMAL,POINT_IN_TIME,501,491,489,NORMAL,MOMENTUM_ENABLED,True,True,True,0.9800399201596807,19359.1840234375,-0.03931622383899113,-0.08092321239610413,-0.12253020095321714,29.236580087330026,0.04389775327523487
LICHSGFIN-2024-03-04,LICHSGFIN,2024-02-26,2024-03-04,5,626.6181030273438,16.052209001422355,15.724960677173268,602.2340444100812,1.5190469184086708,625.2871704101562,622.5778167988063,611.2936462402344,570.9758056640625,449.0981225585937,1099968599.097992,65.78411405295316,82.68839103869654,80.24439918533605,76.88391038696537,0.9800399201596808,0.8239175512721486,True,0.9800399201596808,83.40122199592668,True,True,True,True,True,True,True,True,True,True,True,True,True,True,,2024-03-05,627.4261176876905,598.3028042407879,29.12331344690267,2024-03-06,598.3028042407879,STOP_INTRADAY,-0.0464171200813785,,-1.0,1,2024-03-04,501,491,491,277,56.41547861507128,490,377,76.93877551020408,0.9780439121756488,True,20432.05078125,17642.903266601563,NORMAL,POINT_IN_TIME,501,491,490,NORMAL,MOMENTUM_ENABLED,True,True,True,0.9800399201596807,19717.54109375,-1.086175100759961,-1.1292626511399413,-1.1723502015199219,29.12331344690267,-1.0
LICHSGFIN-2024-07-11,LICHSGFIN,2024-07-01,2024-07-11,8,776.0595703125,25.50199584991552,23.322598168213712,714.6003225837202,2.409977951940708,751.7229614257812,742.4542275837748,731.9424407958984,661.6645434570313,559.4829757690429,1824344946.6639404,85.59837728194725,72.21095334685599,77.28194726166329,77.74847870182555,0.9801192842942346,1.152938764362562,True,0.9800796812749004,88.31300813008131,True,True,True,True,True,True,True,True,True,True,True,True,True,True,,2024-07-12,755.7632498225972,708.7696730416668,46.993576780930425,2024-07-22,731.9971086626484,SMA20,-0.0314465425059071,2024-07-19,-0.5057316933064965,5,2024-07-11,503,493,493,407,82.55578093306288,484,421,86.98347107438018,0.9622266401590456,True,23005.25,19632.283525390623,STRONG_MOMENTUM,POINT_IN_TIME,503,493,484,STRONG_MOMENTUM,MOMENTUM_ENABLED,True,True,True,0.9801192842942346,21707.0301171875,-0.5700607613700519,-0.6022252954018297,-0.6343898294336073,46.993576780930425,-0.5057316933064965
LICI-2024-01-10,LICI,2024-01-05,2024-01-10,3,403.3757629394531,12.154848659674569,11.677570911074609,391.38530756565,0.9864750857477272,400.6050720214844,400.24677545164,389.39210052490233,343.49472961425784,304.56403381347656,2597010440.820373,72.24489795918367,79.18367346938776,65.3061224489796,72.9387755102041,0.9780439121756488,0.7954641956416331,True,0.9780439121756488,76.48979591836735,True,True,True,True,True,True,True,True,True,True,True,True,True,True,,2024-01-11,401.75157216755895,388.46591483788137,13.285657329677576,2024-02-29,485.3021843580403,SMA20,0.207965862435094,2024-02-28,6.288782716369291,33,2024-01-10,501,491,491,410,83.5030549898167,489,434,88.75255623721881,0.9760479041916168,True,19517.849609375,16760.65197265625,STRONG_MOMENTUM,POINT_IN_TIME,501,491,489,STRONG_MOMENTUM,MOMENTUM_ENABLED,True,True,True,0.9800399201596807,18262.404921875,6.167824735232709,6.107345744664418,6.0468667540961265,13.285657329677576,6.288782716369291
LINDEINDIA-2023-08-17,LINDEINDIA,2023-08-07,2023-08-17,7,5108.3955078125,130.79462070170382,124.88780683195354,4847.499733173361,1.9946980482794443,4975.80126953125,4954.956932152462,4841.9024658203125,4528.686020507813,3810.899147949219,172491292.20629883,85.88957055214725,78.7321063394683,86.70756646216769,83.2719836400818,0.9741035856573704,0.558063536590656,True,0.9741035856573704,87.11656441717791,True,True,True,True,True,True,True,True,True,True,True,True,True,True,,2023-08-18,4974.856160877614,4816.277781465373,158.5783794122408,2023-09-15,6034.350966346179,SMA20,0.212969937462807,2023-09-14,6.681205908368504,20,2023-08-17,502,491,491,322,65.58044806517312,483,395,81.78053830227742,0.9621513944223108,True,16802.25,15567.102260742187,STRONG_MOMENTUM,POINT_IN_TIME,502,491,483,STRONG_MOMENTUM,MOMENTUM_ENABLED,True,True,True,0.9780876494023905,16580.46609375,6.5557195418331276,6.49297635856544,6.430233175297752,158.5783794122408,6.681205908368504
LINDEINDIA-2023-10-19,LINDEINDIA,2023-10-12,2023-10-19,5,6620.63818359375,205.3702067223344,199.9828014004689,6283.292780719625,1.6426209441870243,6478.30712890625,6437.463764906551,6072.115405273437,5898.673671875,4433.174464111328,193317328.8005371,86.93877551020408,96.73469387755102,84.6938775510204,90.18367346938776,0.9780439121756488,6.427917234619331,True,0.9780439121756488,86.16326530612244,True,True,True,True,True,True,True,True,True,True,True,True,True,True,,2023-10-20,6517.061777671231,6233.297080369507,283.7646973017236,2023-10-23,6233.297080369507,STOP_INTRADAY,-0.0435418148518951,,-1.0,1,2023-10-19,501,491,491,302,61.5071283095723,489,428,87.52556237218813,0.9760479041916168,True,17310.5,15910.912001953126,STRONG_MOMENTUM,POINT_IN_TIME,501,491,489,STRONG_MOMENTUM,MOMENTUM_ENABLED,True,True,True,0.9800399201596807,17194.65796875,-1.0918657160618077,-1.1377985740927112,-1.1837314321236152,283.7646973017236,-1.0
LODHA-2023-08-07,LODHA,2023-08-01,2023-08-07,4,753.3064575195312,28.506817629223725,29.735482392941258,695.085594209804,2.042348748533833,719.591796875,714.6410649870741,707.3387390136719,657.2608923339844,526.4224105834961,568925118.9170837,48.87525562372189,96.7280163599182,80.16359918200409,77.40286298568508,0.9741035856573704,1.1205114652403032,True,0.9741035856573704,86.97341513292434,True,True,True,True,True,True,True,True,True,True,True,True,True,True,,2023-08-08,723.3049246077043,687.6517236115686,35.65320099613564,2023-08-10,705.9772970198914,SMA20,-0.0239561863859987,2023-08-09,-0.4860048215499924,2,2023-08-07,502,491,491,370,75.35641547861506,482,405,84.02489626556017,0.9601593625498008,True,16956.349609375,15503.839248046876,STRONG_MOMENTUM,POINT_IN_TIME,502,491,482,STRONG_MOMENTUM,MOMENTUM_ENABLED,True,True,True,0.9780876494023905,16428.740078125,-0.5671537680006745,-0.6077282412260155,-0.6483027144513567,35.65320099613564,-0.4860048215499924
LODHA-2023-12-08,LODHA,2023-12-01,2023-12-08,5,911.5712280273438,36.08404796142779,33.150648285259855,879.1992405592149,0.8971273816821503,909.8856811523438,894.6663808895205,870.6501434326171,822.931474609375,639.5933267211914,1597930323.7177124,58.16326530612245,84.6938775510204,85.91836734693878,77.10204081632654,0.9780439121756488,0.4620003940726044,True,0.9780439121756488,88.63265306122449,True,True,True,True,True,True,True,True,True,True,True,True,True,True,,2023-12-11,914.396950083,870.9115784879,43.48537159509999,2023-12-21,870.9115784879,STOP_INTRADAY,-0.0475563392803889,,-1.0,8,2023-12-08,501,491,491,409,83.29938900203666,488,439,89.95901639344262,0.9740518962075848,True,18703.5,16289.696733398438,STRONG_MOMENTUM,POINT_IN_TIME,501,491,488,STRONG_MOMENTUM,MOMENTUM_ENABLED,True,True,True,0.9800399201596807,17432.6218359375,-1.0841107633709204,-1.1261661450563807,-1.1682215267418408,43.48537159509999,-1.0
LODHA-2023-12-22,LODHA,2023-12-14,2023-12-22,6,932.8385620117188,34.21870911269913,34.88985827851845,869.7801196126484,1.842805998069294,929.2196044921876,920.0979777720578,901.3737884521483,850.796162109375,664.1316577148438,785261381.8277893,59.591836734693885,78.36734693877551,79.79591836734694,73.16326530612245,0.9780439121756488,0.889863039197722,True,0.9780439121756488,74.12244897959184,True,True,True,True,True,True,True,True,True,True,True,True,True,True,,2023-12-26,929.4179369613876,861.0576550430187,68.36028191836886,2024-01-24,1063.912952687209,SMA20,0.1447088660302123,2024-01-23,1.9674438424116865,20,2023-12-22,501,491,491,401,81.67006109979633,489,438,89.57055214723927,0.9760479041916168,True,19054.69921875,16496.604721679687,STRONG_MOMENTUM,POINT_IN_TIME,501,491,489,STRONG_MOMENTUM,MOMENTUM_ENABLED,True,True,True,0.9800399201596807,17773.596875,1.9130603372019632,1.885868584597103,1.8586768319922429,68.36028191836886,1.9674438424116831
LODHA-2024-06-27,LODHA,2024-06-21,2024-06-27,4,1581.2200927734375,72.52908485598894,74.59876585113997,1418.1208964158564,2.248741958917927,1525.3995361328125,1482.0220496072457,1456.932470703125,1305.8926611328125,1043.559292602539,1825440110.4781487,82.89205702647658,82.07739307535643,91.0386965376782,85.01018329938901,0.9780876494023903,2.4982548603532173,True,0.9780876494023903,93.13645621181264,True,True,True,True,True,True,True,True,True,True,True,True,True,True,,2024-06-28,1489.2599650102902,1399.4712049530713,89.78876005721895,2024-07-04,1487.2273127640028,SMA20,-0.0013648740273988,2024-07-03,-0.0226381592193952,4,2024-06-27,502,493,493,384,77.89046653144015,484,406,83.88429752066115,0.9641434262948207,True,22537.400390625,19349.281025390625,STRONG_MOMENTUM,POINT_IN_TIME,502,493,484,STRONG_MOMENTUM,MOMENTUM_ENABLED,True,True,True,0.9820717131474104,21257.6241015625,-0.0889832101616843,-0.12215573563282885,-0.15532826110397338,89.78876005721895,-0.02263815921939524
LT-2023-09-22,LT,2023-09-12,2023-09-22,7,2866.15087890625,52.01471839366502,47.68605459280938,2770.6968388884243,1.8351351879942364,2841.228759765625,2828.183453957495,2739.9286254882813,2613.563349609375,2260.927149047852,4665955733.432007,76.53061224489795,77.14285714285715,61.0204081632653,72.12244897959184,0.9780439121756488,1.1552996150116084,True,0.9780439121756488,78.6734693877551,True,True,True,True,True,True,True,True,True,True,True,True,True,True,,2023-09-25,2840.6932363390206,2758.7753252402217,81.91791109879887,2023-10-23,2923.491557824801,SMA20,0.0291472237926286,2023-10-20,1.0107474711595037,19,2023-09-22,501,491,491,335,68.22810590631364,488,435,89.13934426229508,0.9740518962075848,True,17260.80078125,15768.456762695312,STRONG_MOMENTUM,POINT_IN_TIME,501,491,488,STRONG_MOMENTUM,MOMENTUM_ENABLED,True,True,True,0.9800399201596807,17051.5020703125,0.8720382097422865,0.8026835790336753,0.733328948325064,81.91791109879887,1.010747471159509
LTF-2023-11-28,LTF,2023-11-15,2023-11-28,8,144.5524139404297,4.428409952156029,4.213461802087148,133.5512396056678,2.484226721016608,139.0758514404297,138.06701429405095,135.19421272277833,129.7925941467285,108.775980758667,967283383.1055068,64.48979591836735,72.0408163265306,74.08163265306122,70.38775510204081,0.9780439121756488,0.9479494042844236,True,0.9780439121756488,84.99999999999999,True,True,True,True,True,True,True,True,True,True,True,True,True,True,,2023-11-29,139.8925311703028,132.497874155146,7.394657015156781,2023-12-21,141.71805428343046,SMA20,0.0130494680298929,2023-12-20,0.2468705592951654,16,2023-11-28,501,491,491,322,65.58044806517312,488,417,85.45081967213115,0.9740518962075848,True,17741.80078125,16152.749487304687,STRONG_MOMENTUM,POINT_IN_TIME,501,491,488,STRONG_MOMENTUM,MOMENTUM_ENABLED,True,True,True,0.9800399201596807,17283.902890625,0.1711983376445515,0.1333622268192445,0.09552611599393755,7.394657015156781,0.2468705592951654
LTF-2023-12-13,LTF,2023-12-06,2023-12-13,5,149.78875732421875,4.295735208466519,4.082812578039967,145.08085866763764,1.0959471261874452,149.16424560546875,148.7319010284397,142.61399307250977,135.35754974365236,112.02666259765626,934088127.6080476,63.469387755102034,78.9795918367347,79.59183673469387,74.51020408163265,0.9780439121756488,0.5924613119175326,True,0.9780439121756488,73.81632653061224,True,True,True,True,True,True,True,True,True,True,True,True,True,True,,2023-12-14,150.3652442143481,144.06015552312766,6.305088691220448,2023-12-20,144.06015552312766,STOP_INTRADAY,-0.0419318222383388,,-1.0,4,2023-12-13,501,491,491,410,83.5030549898167,489,441,90.1840490797546,0.9760479041916168,True,18751.44921875,16345.1022265625,STRONG_MOMENTUM,POINT_IN_TIME,501,491,489,STRONG_MOMENTUM,MOMENTUM_ENABLED,True,True,True,0.9800399201596807,17521.01484375,-1.0953929447011428,-1.143089417051714,-1.1907858894022856,6.305088691220448,-1.0
LTFOODS-2025-07-09,LTFOODS,2025-07-03,2025-07-09,4,494.9254455566406,21.789327303685408,20.41420340503449,472.3860890168638,1.0344218628523028,489.3773498535156,486.45460628935695,457.5868637084961,421.5352264404297,391.43444900512696,580354788.5145111,78.67203219315896,90.74446680080484,82.69617706237425,84.70824949698189,0.9920159680638724,1.049973627531935,True,0.9920159680638724,88.00804828973843,True,True,True,True,True,True,True,True,True,True,True,True,True,True,,2025-07-10,493.3898460284944,467.2825381656052,26.10730786288917,2025-07-24,485.4639082226307,SMA20,-0.0160642499428452,2025-07-23,-0.3035907741805188,10,2025-07-09,501,498,497,384,77.2635814889336,479,307,64.09185803757829,0.9560878243512974,True,23557.44921875,22297.725234375,STRONG_MOMENTUM,POINT_IN_TIME,501,497,479,STRONG_MOMENTUM,MOMENTUM_ENABLED,True,True,True,0.9920159680638723,22896.793984375,-0.3791849102928576,-0.41698197834902695,-0.4547790464051964,26.107307862889172,-0.3035907741805188
LUPIN-2023-08-22,LUPIN,2023-08-16,2023-08-22,4,1093.217041015625,26.16871766777831,26.86250627767649,1045.327006176002,1.830048970973854,1071.8507080078125,1070.7702009319976,1024.5428649902344,931.4019665527344,764.330813293457,1311225690.8251953,89.16155419222905,90.59304703476482,92.43353783231083,90.71574642126792,0.9741035856573704,0.7135882720261623,True,0.9741035856573704,91.1042944785276,True,True,True,True,True,True,True,True,True,True,True,True,True,True,,2023-08-23,1072.7349237693695,1038.611379606583,34.12354416278663,2023-09-25,1079.6113596008454,SMA20,0.0064101910724724,2023-09-22,0.201515874162185,22,2023-08-22,502,492,491,336,68.43177189409369,483,401,83.02277432712215,0.9621513944223108,True,16905.25,15590.128012695312,STRONG_MOMENTUM,POINT_IN_TIME,502,491,483,STRONG_MOMENTUM,MOMENTUM_ENABLED,True,True,True,0.9780876494023905,16634.6630859375,0.0757686869823447,0.012895093392424535,-0.049978500197495626,34.12354416278663,0.20151587416218503
LUPIN-2023-09-12,LUPIN,2023-09-06,2023-09-12,4,1118.954833984375,23.50518363260013,24.344962023957912,1098.9149158966102,0.8525744108618994,1118.365478515625,1114.8780513921156,1085.2526062011718,1007.9967199707032,792.9238952636719,1054517240.1223145,62.85714285714285,93.26530612244898,94.48979591836736,84.51020408163265,0.9780439121756488,2.8550274888611726,True,0.9760956175298804,78.95918367346938,True,True,True,True,True,True,True,True,True,True,True,True,True,True,,2023-09-13,1122.196685878055,1092.828675390621,29.36801048743405,2023-09-22,1092.828675390621,STOP_INTRADAY,-0.0261701098007211,,-1.0,6,2023-09-12,501,491,491,394,80.24439918533605,488,446,91.3934426229508,0.9740518962075848,True,17460.55078125,15708.806264648438,STRONG_MOMENTUM,POINT_IN_TIME,501,491,488,STRONG_MOMENTUM,MOMENTUM_ENABLED,True,True,True,0.9800399201596807,16928.15609375,-1.1528461298198214,-1.229269194729732,-1.3056922596396427,29.36801048743405,-1.0
LUPIN-2023-10-12,LUPIN,2023-10-03,2023-10-12,7,1153.4847412109375,25.30404515438783,24.08025652868103,1117.9726011388934,1.403417511128102,1152.1585693359375,1147.639647951043,1124.3578186035156,1091.921337890625,832.0432345581055,774035145.9173584,81.0204081632653,81.22448979591836,90.40816326530611,83.91836734693877,0.9780439121756488,2.143989417566404,True,0.9780439121756488,82.46938775510203,True,True,True,True,True,True,True,True,True,True,True,True,True,True,,2023-10-13,1151.2253869238973,1111.952537006723,39.2728499171742,2023-10-26,1122.835164013808,SMA20,-0.024660872868647,2023-10-25,-0.7228969369415206,8,2023-10-12,501,491,491,322,65.58044806517312,488,437,89.54918032786885,0.9740518962075848,True,17419.69921875,15860.66525390625,STRONG_MOMENTUM,POINT_IN_TIME,501,491,488,STRONG_MOMENTUM,MOMENTUM_ENABLED,True,True,True,0.9800399201596807,17147.133984375,-0.8401510083268988,-0.8987780440195879,-0.9574050797122771,39.2728499171742,-0.7228969369415206
LUPIN-2024-01-10,LUPIN,2024-01-03,2024-01-10,5,1381.5882568359375,34.22146039211878,32.162815026665136,1350.7422172723557,0.9013653774602116,1380.45849609375,1376.2834159928452,1294.3204833984375,1231.8641357421875,988.1004162597656,1099094416.538208,86.93877551020408,67.75510204081633,82.85714285714286,78.04081632653062,0.9780439121756488,1.1296946732230608,True,0.9780439121756488,75.53061224489795,True,True,True,True,True,True,True,True,True,True,True,True,True,True,,2024-01-11,1381.1952987347292,1342.7015135156894,38.49378521903986,2024-03-14,1562.931462811878,SMA20,0.1315789043328135,2024-03-13,4.721181952957384,42,2024-01-10,501,491,491,410,83.5030549898167,489,434,88.75255623721881,0.9760479041916168,True,19517.849609375,16760.65197265625,STRONG_MOMENTUM,POINT_IN_TIME,501,491,489,STRONG_MOMENTUM,MOMENTUM_ENABLED,True,True,True,0.9800399201596807,18262.404921875,4.577657974645003,4.505895985488813,4.434133996332623,38.493785219039864,4.721181952957384
LUPIN-2024-02-23,LUPIN,2024-02-09,2024-02-23,9,1593.48291015625,41.48757613879479,38.00486543678943,1525.8968074059312,1.629068483639839,1586.458984375,1579.6315349264703,1545.8999267578124,1415.0198754882813,1113.2845877075194,1894615760.53833,77.59674134419552,76.17107942973523,74.13441955193483,75.9877800407332,0.9800399201596808,0.5484470726463999,True,0.9780439121756488,80.48979591836734,True,True,True,True,True,True,True,True,True,True,True,True,True,True,,2024-02-26,1586.4589395982118,1516.395591046734,70.06334855147793,2024-03-14,1562.931462811878,SMA20,-0.0148301832458975,2024-03-13,-0.3358029165426974,12,2024-02-23,501,491,491,297,60.4887983706721,489,391,79.95910020449898,0.9760479041916168,True,20313.5,17498.107993164063,STRONG_MOMENTUM,POINT_IN_TIME,501,491,489,STRONG_MOMENTUM,MOMENTUM_ENABLED,True,True,True,0.9800399201596807,19558.3800390625,-0.4263757465542454,-0.4716621615600194,-0.5169485765657934,70.06334855147793,-0.33580291654269745
M&M-2024-04-22,M&M,2024-04-09,2024-04-22,7,2037.7584228515625,52.76676653685711,54.65557470264803,1947.4145392562111,1.712136056929829,2037.5150146484373,2033.957683285984,1936.893975830078,1850.641345214844,1612.8203747558591,5842431361.674133,74.38524590163934,88.52459016393442,67.21311475409836,77.88934426229507,0.9740518962075848,0.8357437916061898,True,0.9740518962075848,75.43032786885246,True,True,True,True,True,True,True,True,True,True,True,True,True,True,,2024-04-23,2042.7290039190805,1933.7506455805487,108.97835833853172,2024-07-09,2803.155599258146,SMA20,0.3722601450707109,2024-07-08,6.977776201921367,52,2024-04-22,501,493,492,278,56.50406504065041,479,367,76.61795407098121,0.9560878243512974,True,20574.849609375,18317.231513671875,NORMAL,POINT_IN_TIME,501,492,479,NORMAL,MOMENTUM_ENABLED,True,True,True,0.9820359281437125,20216.8351171875,6.90279878309942,6.8653100736884465,6.827821364277473,108.97835833853173,6.977776201921367
M&M-2025-09-16,M&M,2025-09-09,2025-09-16,5,3657.88671875,90.39853402932238,87.49481052795177,3489.95031654635,1.8577336901190968,3570.50439453125,3565.951988201145,3405.08154296875,3264.923393554688,2984.9261572265623,9232407489.141356,82.09255533199196,90.3420523138833,78.67203219315896,84.3661971830986,0.9920159680638724,0.8944402888066469,True,0.9920159680638724,90.72434607645876,True,True,True,True,True,True,True,True,True,True,True,True,True,True,,2025-09-17,3570.504318927813,3468.0766139143625,102.42770501345058,2025-09-26,3468.0766139143625,STOP_INTRADAY,-0.0286871813795224,,-1.0,7,2025-09-16,501,497,497,294,59.15492957746479,487,331,67.96714579055441,0.9720558882235528,True,23369.30078125,22249.04400390625,NORMAL,POINT_IN_TIME,501,497,487,NORMAL,MOMENTUM_ENABLED,True,True,True,0.9920159680638723,23023.013046875,-1.1394350998476024,-1.2091526497714036,-1.278870199695205,102.42770501345058,-1.0
MAHABANK-2025-10-28,MAHABANK,2025-10-21,2025-10-28,4,58.24287033081055,1.750760853115379,1.718173089760724,56.13747143037799,1.202562244115822,58.23316955566406,57.854777843812194,55.88909282684326,54.06195686340332,50.40155241012573,697381866.0912571,86.00405679513185,69.77687626774848,74.64503042596348,76.10547667342799,0.9801192842942346,2.37701754163246,True,0.9801192842942346,77.66734279918865,True,True,True,True,True,True,True,True,True,True,True,True,True,True,,2025-10-29,58.5048286934118,55.70792815793781,2.796900535473995,2025-11-06,55.70792815793781,STOP_INTRADAY,-0.0478063195455344,,-1.0,5,2025-10-28,503,498,498,277,55.62248995983936,482,312,64.73029045643153,0.9582504970178928,True,23812.55078125,22318.76828125,NORMAL,POINT_IN_TIME,503,498,482,NORMAL,MOMENTUM_ENABLED,True,True,True,0.9900596421471173,23153.2821484375,-1.0836709463942333,-1.12550641959135,-1.1673418927884667,2.796900535473995,-1.0
MANAPPURAM-2023-12-07,MANAPPURAM,2023-12-04,2023-12-07,3,160.91885375976562,6.22815951212894,5.8518683564055225,156.25523961576303,0.7487949104258659,159.8611297607422,159.6207503554504,147.87225799560548,140.1243846130371,124.3824280166626,1637598707.59346,83.46938775510205,57.14285714285714,81.22448979591836,72.26530612244898,0.9780439121756488,0.5098606280642283,True,0.9780439121756488,75.85714285714286,True,True,True,True,True,True,True,True,True,True,True,True,True,True,,2023-12-08,160.00535345338986,154.79227252666166,5.213080926728196,2023-12-21,154.79227252666166,STOP_INTRADAY,-0.0325806656728319,,-1.0,9,2023-12-07,501,491,491,419,85.33604887983707,488,442,90.57377049180327,0.9740518962075848,True,18703.849609375,16271.023735351562,STRONG_MOMENTUM,POINT_IN_TIME,501,491,488,STRONG_MOMENTUM,MOMENTUM_ENABLED,True,True,True,0.9800399201596807,17404.0028515625,-1.1227721999349904,-1.1841582999024858,-1.245544399869981,5.213080926728196,-1.0
MANAPPURAM-2024-04-22,MANAPPURAM,2024-04-09,2024-04-22,7,189.28662109375,6.306338041424999,6.296874535327801,178.12653555179318,1.7696618019282473,184.5520477294922,183.53748513578583,179.13384323120118,174.56927001953125,151.50400424957274,1112868214.644348,79.30327868852459,69.4672131147541,65.77868852459017,71.31147540983606,0.9740518962075848,1.0042595301644457,True,0.9740518962075848,72.04918032786885,True,True,True,True,True,True,True,True,True,True,True,True,True,True,,2024-04-23,184.5520428571062,176.55231691796124,7.999725939144952,2024-05-07,186.48453811607,SMA20,0.0104712753597645,2024-05-06,0.2415701829868411,9,2024-04-22,501,493,492,278,56.50406504065041,479,367,76.61795407098121,0.9560878243512974,True,20574.849609375,18317.231513671875,NORMAL,POINT_IN_TIME,501,492,479,NORMAL,MOMENTUM_ENABLED,True,True,True,0.9820359281437125,20216.8351171875,0.1492910002943241,0.10315140894806556,0.057011817601807006,7.999725939144952,0.24157018298684116
MANAPPURAM-2025-06-20,MANAPPURAM,2025-06-13,2025-06-20,5,276.7771301269531,7.5565549430191,7.976518466347556,258.2817202492767,2.4475981471904547,268.7670288085937,265.1036359736942,250.0578010559082,236.11271240234376,198.1800441741944,2360179739.170578,96.75456389452332,79.91886409736308,99.59432048681542,90.87221095334688,0.9801192842942346,1.0165727278931782,True,0.9801192842942346,93.91480730223124,True,True,True,True,True,True,True,True,True,True,True,True,True,True,,2025-06-23,267.8263983309758,256.28759063268984,11.53880769828595,2025-07-08,269.0640592193888,SMA20,0.0046211310614853,2025-07-07,0.1072607257851145,11,2025-06-20,503,498,497,319,64.1851106639839,476,242,50.84033613445378,0.9463220675944334,True,23041.099609375,22314.17849609375,NORMAL,POINT_IN_TIME,503,497,476,NORMAL,MOMENTUM_ENABLED,True,True,True,0.9880715705765407,22405.44609375,0.014417026389461886,-0.032004823308364426,-0.07842667300619076,11.53880769828595,0.10726072578511453
MANAPPURAM-2026-08-10,MANAPPURAM,2026-07-31,2026-08-10,6,370.7845458984375,10.428040240261293,10.81109113184286,350.9914212744486,1.89806753406745,368.2418212890625,367.44414347081096,352.4073425292969,331.74272399902344,298.3629153442383,1427963891.7966614,81.0,80.0,76.4,79.22,1.0,0.7188276512740904,True,1.0,86.06,True,True,True,True,True,True,True,True,True,True,True,True,True,True,,2026-08-11,370.8343716351238,348.2886484914879,22.54572314363588,2026-08-13,353.9828286939869,SMA20,-0.0454422357529405,2026-08-12,-0.7474385644575635,2,2026-08-10,500,500,500,309,61.8,420,247,58.80952380952381,0.84,True,23743.19921875,23083.93381835937,NORMAL,POINT_IN_TIME,500,500,420,NORMAL,MOMENTUM_ENABLED,True,True,True,1.0,23089.993984375,-0.8132309755987074,-0.8461271811692793,-0.8790233867398514,22.545723143635882,-0.7474385644575635
MANYAVAR-2024-09-10,MANYAVAR,2024-09-05,2024-09-10,3,1276.4356689453125,36.934111803918704,40.4770998406435,1203.167087356465,1.9837645474683936,1255.6572265625,1254.9645936466904,1187.909930419922,1116.9764428710937,1080.4184075927735,148707765.63757324,87.2210953346856,66.32860040567951,63.894523326572006,71.86612576064908,0.9820717131474104,1.2273439376093491,True,0.9820717131474104,71.41987829614605,True,True,True,True,True,True,True,True,True,True,True,True,True,True,,2024-09-11,1266.145394757499,1193.0478123963037,73.09758236119524,2024-10-08,1233.741006720306,SMA20,-0.0255929438841416,2024-10-07,-0.4433031434209964,18,2024-09-10,502,494,493,279,56.5922920892495,489,403,82.41308793456032,0.9741035856573704,True,23643.650390625,20868.0712890625,NORMAL,POINT_IN_TIME,502,493,489,NORMAL,MOMENTUM_ENABLED,True,True,True,0.9820717131474104,23182.3839453125,-0.5125883566309835,-0.5472309632359769,-0.5818735698409705,73.09758236119524,-0.4433031434209964
MANYAVAR-2024-09-27,MANYAVAR,2024-09-23,2024-09-27,4,1341.6895751953125,37.14867415162836,40.08392465339791,1293.206697181402,1.3051038595891675,1336.4454345703125,1324.6216319787468,1273.3633422851562,1178.286218261719,1077.860891723633,206709520.3912353,80.73022312373224,90.26369168356996,77.28194726166329,83.50912778904666,0.986,2.6128536640169067,True,0.986,84.58417849898579,True,True,True,True,True,True,True,True,True,True,True,True,True,True,,2024-09-30,1344.6579418745364,1283.1857160180523,61.4722258564841,2024-10-03,1283.1857160180523,STOP_INTRADAY,-0.0457158835285559,,-1.0,2,2024-09-27,500,493,493,298,60.446247464503045,490,402,82.0408163265306,0.98,True,24489.55078125,21285.55428710937,STRONG_MOMENTUM,POINT_IN_TIME,500,493,490,STRONG_MOMENTUM,MOMENTUM_ENABLED,True,True,True,0.986,23471.9529296875,-1.0874969417905145,-1.1312454126857718,-1.174993883581029,61.4722258564841,-1.0
MAPMYINDIA-2023-11-30,MAPMYINDIA,2023-11-16,2023-11-30,9,2262.570556640625,89.29292790117843,86.52016663764871,2112.832028932284,1.676936026490913,2210.60400390625,2194.9050819495924,2138.333251953125,2029.3759228515623,1445.9256884765623,267881716.48254395,46.53061224489796,83.46938775510205,96.12244897959184,76.18367346938776,0.9780439121756488,1.7045333290864064,True,0.9780439121756488,93.36734693877553,True,True,True,True,True,True,True,True,True,True,True,True,True,True,,2023-12-01,2225.707082134804,2091.201987272871,134.50509486193278,2023-12-11,2165.096486666675,SMA20,-0.0272320629945579,2023-12-08,-0.4506193280659339,6,2023-11-30,501,491,491,356,72.50509164969449,488,423,86.68032786885246,0.9740518962075848,True,17987.94921875,16182.727231445311,STRONG_MOMENTUM,POINT_IN_TIME,501,491,488,STRONG_MOMENTUM,MOMENTUM_ENABLED,True,True,True,0.9800399201596807,17299.1388671875,-0.5168088529882264,-0.5499036154493727,-0.5829983779105189,134.50509486193278,-0.4506193280659339
MARICO-2024-07-23,MARICO,2024-07-18,2024-07-23,3,671.43798828125,16.590111258795602,16.44188475225617,647.0256261197775,1.4715008103715868,659.3788452148438,658.9867219946835,624.6182403564453,610.3855346679687,536.9547566223144,1557865442.877777,85.39553752535497,87.4239350912779,67.54563894523326,80.85192697768763,0.9801192842942346,0.7107001253209264,True,0.9801192842942346,78.01217038539554,True,True,True,True,True,True,True,True,True,True,True,True,True,True,,2024-07-24,658.7906454673329,642.9151549317135,15.875490535619406,2024-07-24,642.9151549317135,STOP_INTRADAY,-0.0240979295089377,,-1.0,0,2024-07-23,503,493,493,335,67.95131845841786,485,404,83.29896907216495,0.9642147117296224,True,22865.19921875,19826.073515625,STRONG_MOMENTUM,POINT_IN_TIME,503,493,485,STRONG_MOMENTUM,MOMENTUM_ENABLED,True,True,True,0.9801192842942346,22022.830078125,-1.1659893642944064,-1.2489840464416095,-1.3319787285888127,15.875490535619406,-1.0
MARUTI-2024-04-04,MARUTI,2024-03-28,2024-04-04,4,12226.005859375,264.69941354976623,249.98227171776108,11952.092940167218,1.0348074275437833,12193.8896484375,12153.380156383902,11586.405419921875,10962.65087890625,10072.155493164062,5798387008.53125,81.72484599589322,80.49281314168378,45.58521560574948,70.39014373716633,0.9720558882235528,0.9835772087462727,True,0.9680638722554892,77.6701030927835,True,True,True,True,True,True,True,True,True,True,True,True,True,True,,2024-04-05,12120.875272234807,11889.597372237778,231.27789999702875,2024-04-12,11889.597372237778,STOP_INTRADAY,-0.0190809570103254,,-1.0,4,2024-04-04,501,493,492,318,64.63414634146342,479,382,79.74947807933194,0.9560878243512974,True,20664.650390625,18090.8825390625,STRONG_MOMENTUM,POINT_IN_TIME,501,492,479,STRONG_MOMENTUM,MOMENTUM_ENABLED,True,True,True,0.9820359281437125,20010.348203125,-1.2096330911408402,-1.3144496367112601,-1.41926618228168,231.27789999702873,-1.0
MARUTI-2025-10-07,MARUTI,2025-09-26,2025-10-07,6,16124.0654296875,278.53893658697297,272.66596852634655,15551.812238492705,2.0544818552364683,15947.8349609375,15897.342062227994,15633.987109375,14318.1112109375,12500.03349609375,7627549448.3671875,84.78701825557809,96.75456389452332,89.04665314401623,90.85192697768764,0.9840319361277444,0.6746000302249306,True,0.994011976047904,94.2570281124498,True,True,True,True,True,True,True,True,True,True,True,True,True,True,,2025-10-08,15947.835495204768,15483.645746361117,464.1897488436516,2025-10-30,16029.01944290984,SMA20,0.0050905934996309,2025-10-29,0.1748938831745225,15,2025-10-07,501,498,498,267,53.6144578313253,480,303,63.125,0.9580838323353292,True,23209.5,22255.53126953125,NORMAL,POINT_IN_TIME,501,498,480,NORMAL,MOMENTUM_ENABLED,True,True,True,0.9940119760479041,22944.8110546875,0.03746874153851651,-0.031243829279484547,-0.09995640009748562,464.1897488436516,0.17489388317451862
MAXHEALTH-2024-06-27,MAXHEALTH,2024-06-20,2024-06-27,5,930.4560546875,37.82317967894884,40.73194231140722,847.3937640736514,2.196068424677643,916.4713134765624,883.724149080594,851.9301361083984,824.1194750976563,719.7614541625976,1751700091.6854248,86.9653767820774,66.80244399185335,74.54175152749491,75.17311608961303,0.9780876494023903,2.169065740945595,True,0.9780876494023903,70.34623217922606,True,True,True,True,True,True,True,True,True,True,True,True,True,True,,2024-06-28,887.8549773839333,837.2107784957996,50.6441988881337,2024-07-11,903.8302819550188,SMA20,0.0179931463786537,2024-07-10,0.3154419444243306,9,2024-06-27,502,493,493,384,77.89046653144015,484,406,83.88429752066115,0.9641434262948207,True,22537.400390625,19349.281025390625,STRONG_MOMENTUM,POINT_IN_TIME,502,493,484,STRONG_MOMENTUM,MOMENTUM_ENABLED,True,True,True,0.9820717131474104,21257.6241015625,0.24531703401987867,0.21025457881765158,0.17519212361542452,50.6441988881337,0.3154419444243328
MCX-2023-11-23,MCX,2023-11-16,2023-11-23,5,588.8422241210938,24.010639996942363,21.912830681970966,563.9216830915406,1.0378957425844002,580.8429565429688,578.600047001065,520.2979034423828,444.6427990722656,333.6628019714356,2857119538.9624023,98.16326530612244,99.59183673469389,97.14285714285714,98.42857142857144,0.9780439121756488,0.7423872911246979,True,0.9780439121756488,98.77551020408164,True,True,True,True,True,True,True,True,True,True,True,True,True,True,,2023-11-24,581.1804153292568,558.4434754210478,22.736939908209024,2023-12-21,613.3359224851533,SMA20,0.055327926247617,2023-12-20,1.4142407591219874,18,2023-11-23,501,491,491,305,62.11812627291242,488,417,85.45081967213115,0.9740518962075848,True,17639.400390625,16124.258237304688,STRONG_MOMENTUM,POINT_IN_TIME,501,491,488,STRONG_MOMENTUM,MOMENTUM_ENABLED,True,True,True,0.9800399201596807,17278.4748828125,1.3119964962307573,1.2608743647851421,1.209752233339527,22.736939908209024,1.4142407591219874
MCX-2024-04-18,MCX,2024-04-10,2024-04-18,4,774.8973388671875,25.519963248523048,28.51004297177269,726.5152111115619,1.8958541313113235,772.207763671875,754.6710900452898,700.1105163574218,709.8001330566407,520.1209739685058,1433873855.3311155,92.21311475409836,83.40163934426229,93.85245901639344,89.18032786885246,0.9740518962075848,3.26127782660769,True,0.9740518962075848,84.34426229508198,True,True,True,True,True,True,True,True,True,True,True,True,True,True,,2024-04-19,768.1585537943994,719.3877003686188,48.770853425780615,2024-05-09,774.8972509841399,SMA20,0.0087725342072336,2024-05-08,0.138170581738854,13,2024-04-18,501,493,492,256,52.03252032520326,479,361,75.36534446764091,0.9560878243512974,True,20324.69921875,18274.34001953125,NORMAL,POINT_IN_TIME,501,492,479,NORMAL,MOMENTUM_ENABLED,True,True,True,0.9820359281437125,20191.3971484375,0.07516913724181394,0.043668414993293866,0.012167692744773799,48.770853425780615,0.13817058173885408
MCX-2024-10-01,MCX,2024-09-24,2024-10-01,5,1168.532958984375,35.29655081022651,36.1271543085399,1118.9741941953037,1.4040682064240857,1158.4462890625,1147.177014301294,1107.40537109375,982.848203125,781.1376165771485,2153136075.536499,91.00204498977506,97.34151329243352,91.41104294478528,93.66053169734153,0.978,0.9249537426625184,True,0.986,95.9634888438134,True,True,True,True,True,True,True,True,True,True,True,True,True,True,,2024-10-03,1142.824430565714,1109.9424056181688,32.88202494754523,2024-11-05,1272.013180039148,SMA20,0.1130433914590745,2024-11-04,3.928856257469581,23,2024-10-01,500,494,494,306,61.943319838056674,485,401,82.68041237113401,0.97,True,24271.30078125,21342.95153320313,STRONG_MOMENTUM,POINT_IN_TIME,500,494,485,STRONG_MOMENTUM,MOMENTUM_ENABLED,True,True,True,0.988,23526.3579296875,3.7898350831484993,3.720324495987958,3.650813908827417,32.88202494754523,3.9288562574695813
MCX-2024-12-16,MCX,2024-12-06,2024-12-16,6,1375.3643798828125,47.36910477269151,44.55816690538556,1279.7645966704165,2.018188514880056,1332.98046875,1322.8936977828344,1265.8092041015625,1265.5452661132813,934.9853271484376,1864112688.29834,72.06477732793523,96.15384615384616,97.165991902834,89.23076923076924,0.988,0.9042906509495556,True,0.988,88.0161943319838,True,True,True,True,True,True,True,True,True,True,True,True,True,True,,2024-12-17,1332.980440518838,1268.62505494407,64.35538557476798,2024-12-20,1268.62505494407,STOP_INTRADAY,-0.0482793172491854,,-1.0,3,2024-12-16,500,496,496,293,59.07258064516129,488,290,59.42622950819673,0.976,True,23352.44921875,22223.811494140624,NORMAL,POINT_IN_TIME,500,496,488,NORMAL,MOMENTUM_ENABLED,True,True,True,0.992,22916.50890625,-1.082851213064068,-1.1242768195961022,-1.1657024261281361,64.35538557476798,-1.0
MCX-2025-10-27,MCX,2025-10-15,2025-10-27,7,1903.5357666015625,50.48699358134884,51.87853424072904,1790.7122961584548,2.2347036818763457,1856.5509033203125,1847.0741958347824,1738.4353820800782,1635.5604541015623,1378.055730895996,4216065565.319824,97.56592292089248,88.84381338742394,95.94320486815415,93.59026369168356,0.9801192842942346,1.3045717793375855,True,0.9801192842942346,96.20689655172411,True,True,True,True,True,True,True,True,True,True,True,True,True,True,,2025-10-28,1859.344121461911,1777.7426625982723,81.60145886363875,2025-11-07,1777.7426625982723,STOP_INTRADAY,-0.0438872277174165,,-1.0,7,2025-10-27,503,498,498,291,58.43373493975904,482,314,65.14522821576763,0.9582504970178928,True,23840.900390625,22310.83252929688,NORMAL,POINT_IN_TIME,503,498,482,NORMAL,MOMENTUM_ENABLED,True,True,True,0.9900596421471173,23130.993125,-1.091142690209448,-1.136714035314172,-1.182285380418896,81.60145886363875,-1.0
MEDANTA-2023-11-23,MEDANTA,2023-11-13,2023-11-23,7,910.1994018554688,34.00739706473876,27.206507608029767,880.6705476503503,0.8683068024555178,897.6083984375,897.5085306237432,845.4007446289063,775.9773767089844,632.8024580383301,278589832.7702637,90.0,89.59183673469387,84.6938775510204,88.24489795918367,0.9780439121756488,0.318314628673283,True,0.9780439121756488,92.24489795918367,True,True,True,True,True,True,True,True,True,True,True,True,True,True,,2023-11-24,897.6084193067477,873.8689207483428,23.739498558404875,2023-12-15,924.9388771975204,SMA20,0.0304480854935395,2023-12-14,1.1512651719889229,14,2023-11-23,501,491,491,305,62.11812627291242,488,417,85.45081967213115,0.9740518962075848,True,17639.400390625,16124.258237304688,STRONG_MOMENTUM,POINT_IN_TIME,501,491,488,STRONG_MOMENTUM,MOMENTUM_ENABLED,True,True,True,0.9800399201596807,17278.4748828125,1.0000221426387548,0.9244006279636731,0.8487791132885913,23.739498558404875,1.1512651719889182
MEDANTA-2024-01-17,MEDANTA,2024-01-11,2024-01-17,4,1044.953125,32.44666612008548,32.057979660662006,990.9917036963716,1.6630806106216487,1029.1644287109375,1022.0195144495711,980.5341644287108,940.7965661621092,721.3409255981445,319780294.49468994,86.53061224489797,83.6734693877551,77.3469387755102,82.63265306122449,0.9780439121756488,1.6893047628505833,True,0.9780439121756488,81.59183673469389,True,True,True,True,True,True,True,True,True,True,True,True,True,True,,2024-01-18,1025.3172537252956,982.977208781206,42.34004494408964,2024-03-04,1326.551788101711,SMA20,0.2937964159697274,2024-03-01,7.114648432097746,30,2024-01-17,501,491,491,378,76.9857433808554,489,428,87.52556237218813,0.9760479041916168,True,19487.599609375,16893.240981445313,STRONG_MOMENTUM,POINT_IN_TIME,501,491,489,STRONG_MOMENTUM,MOMENTUM_ENABLED,True,True,True,0.9800399201596807,18552.6899609375,7.017783418838622,6.96935091220906,6.920918405579497,42.34004494408964,7.114648432097746
MEDANTA-2024-04-22,MEDANTA,2024-04-10,2024-04-22,6,1424.681640625,53.59713700403397,54.34913564496305,1324.053656634963,1.877488045349572,1421.683837890625,1407.9936510738655,1347.0871643066407,1324.0975903320314,945.8479577636718,246757382.49829105,88.31967213114754,94.67213114754098,93.85245901639344,92.5204918032787,0.9740518962075848,0.6916633899090229,True,0.9740518962075848,93.11475409836066,True,True,True,True,True,True,True,True,True,True,True,True,True,True,,2024-04-23,1433.9750432180506,1310.4663727237223,123.50867049432829,2024-05-07,1399.4496681212315,SMA20,-0.0240766917528348,2024-05-06,-0.2795380677213631,9,2024-04-22,501,493,492,278,56.50406504065041,479,367,76.61795407098121,0.9560878243512974,True,20574.849609375,18317.231513671875,NORMAL,POINT_IN_TIME,501,492,479,NORMAL,MOMENTUM_ENABLED,True,True,True,0.9820359281437125,20216.8351171875,-0.3259793430578636,-0.34919998072611375,-0.37242061839436397,123.50867049432827,-0.27953806772136314
MEDANTA-2026-08-18,MEDANTA,2026-08-10,2026-08-18,6,1475.6766357421875,41.0644265786976,41.93865820899769,1379.5107674162407,2.3418290802539388,1442.699951171875,1429.5,1417.428204345703,1348.23220703125,1200.8634475708009,386782146.7746582,82.0,76.4,80.60000000000001,79.34,1.0,1.1406075900796198,True,1.0,86.62,True,True,True,True,True,True,True,True,True,True,True,True,True,True,,2026-08-19,1442.9000244140625,1369.0261028639914,73.87392155007115,2026-08-20,1420.0,SMA20,-0.0158708323699431,2026-08-19,-0.3099879353032727,1,2026-08-18,500,500,500,271,54.2,420,240,57.14285714285714,0.84,True,23472.400390625,23083.2990625,NORMAL,POINT_IN_TIME,500,500,420,NORMAL,MOMENTUM_ENABLED,True,True,True,1.0,23231.9100390625,-0.38811564230125994,-0.42717949580025355,-0.46624334929924716,73.87392155007115,-0.30998793530327273
MFSL-2024-09-26,MFSL,2024-09-23,2024-09-26,3,1195.949951171875,29.73573751554752,28.911500016149468,1170.199951171875,0.8659613701034471,1195.4000244140625,1191.4000244140625,1143.410009765625,1096.4659997558597,1003.6847509765626,1101888063.4397583,86.81541582150102,82.1501014198783,50.70993914807303,74.11764705882354,0.986,0.443931340896142,True,0.986,72.25152129817444,True,True,True,True,True,True,True,True,True,True,True,True,True,True,,2024-09-27,1197.9000244140625,1162.9720761678377,34.92794824622479,2024-10-04,1162.9720761678377,STOP_INTRADAY,-0.0291576488307606,,-1.0,4,2024-09-26,500,493,493,310,62.88032454361054,490,401,81.83673469387756,0.98,True,24496.900390625,21253.68328125,STRONG_MOMENTUM,POINT_IN_TIME,500,493,490,STRONG_MOMENTUM,MOMENTUM_ENABLED,True,True,True,0.986,23446.3629296875,-1.1371852724894642,-1.2057779087341964,-1.2743705449789284,34.92794824622479,-1.0
MGL-2024-02-14,MGL,2024-02-06,2024-02-14,6,1446.2109375,40.542079256930926,41.7191702685201,1353.580585437236,2.284795298132825,1404.869140625,1394.5453953395036,1328.5208068847655,1198.6525659179688,1028.8929425048827,938973363.7183228,91.83673469387756,86.53061224489797,74.28571428571429,84.44897959183675,0.9780439121756488,0.2887915794054451,True,0.9780439121756488,82.59183673469389,True,True,True,True,True,True,True,True,True,True,True,True,True,True,,2024-02-15,1408.8761235067927,1343.1507928701058,65.72533063668698,2024-02-29,1377.6222308863555,SMA20,-0.0221835632664737,2024-02-28,-0.4755227903409242,10,2024-02-14,501,491,491,281,57.23014256619145,489,380,77.70961145194273,0.9760479041916168,True,19922.30078125,17346.2194921875,NORMAL,POINT_IN_TIME,501,491,489,NORMAL,MOMENTUM_ENABLED,True,True,True,0.9800399201596807,19359.1840234375,-0.5612660561325993,-0.6041376890284368,-0.6470093219242742,65.72533063668698,-0.47552279034092426
MGL-2024-07-15,MGL,2024-07-01,2024-07-15,10,1646.8863525390625,56.74206203987767,62.701128807308,1547.656510737108,1.7487880812688292,1642.455078125,1628.8318046045151,1518.1632751464845,1366.5951318359375,1221.3535455322265,1055333695.2114258,91.07505070993916,66.73427991886409,77.079107505071,77.13995943204867,0.9801192842942346,1.3985187742114304,True,0.9800796812749004,82.45934959349593,True,True,True,True,True,True,True,True,True,True,True,True,True,True,,2024-07-16,1641.6537033208158,1531.981228535281,109.67247478553486,2024-08-14,1686.8466940731626,SMA20,0.0275289427124174,2024-08-13,0.4120723166019724,20,2024-07-15,503,493,493,411,83.36713995943205,484,422,87.19008264462809,0.9622266401590456,True,23209.849609375,19688.873515625,STRONG_MOMENTUM,POINT_IN_TIME,503,493,484,STRONG_MOMENTUM,MOMENTUM_ENABLED,True,True,True,0.9801192842942346,21791.5201171875,0.35219754103842,0.3222601532566438,0.2923227654748676,109.67247478553486,0.4120723166019724
MGL-2025-07-17,MGL,2025-07-07,2025-07-17,8,1482.178466796875,41.93302063592083,36.788840341061935,1401.9541910983748,1.9131527965762167,1463.059326171875,1430.4891608907403,1422.4042846679688,1357.999130859375,1318.188668212891,600385281.7856445,70.22132796780684,72.83702213279678,73.03822937625755,72.11267605633803,0.994,2.4376194843670467,True,0.9920159680638724,73.74245472837022,True,True,True,True,True,True,True,True,True,True,True,True,True,True,,2025-07-18,1464.2121987923829,1392.7569810131097,71.4552177792732,2025-07-23,1433.467547146304,SMA20,-0.0209974016549211,2025-07-22,-0.4302646133001763,3,2025-07-17,500,497,497,376,75.65392354124748,479,327,68.26722338204593,0.958,True,23419.69921875,22276.32173828125,STRONG_MOMENTUM,POINT_IN_TIME,500,497,479,STRONG_MOMENTUM,MOMENTUM_ENABLED,True,True,True,0.994,23062.81796875,-0.512229919364479,-0.5532125723966304,-0.5941952254287818,71.4552177792732,-0.4302646133001763
MHRIL-2023-09-08,MHRIL,2023-09-04,2023-09-08,4,414.8500061035156,14.47897060503353,13.954982202148985,398.2000122070313,1.1499432073365838,409.7999877929688,406.8999938964844,384.52750091552736,351.5740002441406,297.2630004119873,152145071.6437683,90.40816326530611,88.9795918367347,81.42857142857143,87.14285714285714,0.9780439121756488,0.618760897962735,True,0.9760956175298804,87.77551020408164,True,True,True,True,True,True,True,True,True,True,True,True,True,True,,2023-09-11,410.0,394.711266656494,15.28873334350601,2023-09-12,394.711266656494,STOP_INTRADAY,-0.0372895935207463,,-1.0,1,2023-09-08,501,491,491,414,84.31771894093686,487,451,92.60780287474331,0.9720558882235528,True,17487.44921875,15688.051762695311,STRONG_MOMENTUM,POINT_IN_TIME,501,491,487,STRONG_MOMENTUM,MOMENTUM_ENABLED,True,True,True,0.9800399201596807,16885.0370703125,-1.1072685331840522,-1.1609027997760784,-1.2145370663681045,15.28873334350601,-1.0
MINDACORP-2024-10-01,MINDACORP,2024-09-26,2024-10-01,3,615.5237426757812,26.955156989523744,25.23654477356971,588.2578554360632,1.0115276735474057,609.6028442382812,602.0898140087112,565.54697265625,541.9317144775391,448.81741256713866,394113405.5266113,84.45807770961146,84.66257668711657,78.93660531697341,82.88343558282209,0.978,0.6201126861613536,True,0.986,81.90669371196756,True,True,True,True,True,True,True,True,True,True,True,True,True,True,,2024-10-03,598.0595756100853,581.9487192426708,16.1108563674145,2024-10-04,581.9487192426708,STOP_INTRADAY,-0.0269385476371307,,-1.0,1,2024-10-01,500,494,494,306,61.943319838056674,485,401,82.68041237113401,0.97,True,24271.30078125,21342.95153320313,STRONG_MOMENTUM,POINT_IN_TIME,500,494,485,STRONG_MOMENTUM,MOMENTUM_ENABLED,True,True,True,0.988,23526.3579296875,-1.1484861045176242,-1.2227291567764362,-1.2969722090352482,16.1108563674145,-1.0
MMTC-2023-08-22,MMTC,2023-08-16,2023-08-22,4,39.59999847412109,1.728570430463667,1.7214808087407685,37.54999923706055,1.185950656642125,39.5,39.29999923706055,37.36749954223633,34.52299999237061,33.78025004386902,170936652.7304535,88.34355828220859,83.84458077709611,53.987730061349694,76.23721881390593,0.9741035856573704,2.2448389362164827,True,0.9741035856573704,76.5439672801636,True,True,True,True,True,True,True,True,True,True,True,True,True,True,,2023-08-23,39.84999847412109,37.11962903487535,2.7303694392457345,2023-09-28,58.0,SMA20,0.4554580231079725,2023-09-27,6.647452635894158,25,2023-08-22,502,492,491,336,68.43177189409369,483,401,83.02277432712215,0.9621513944223108,True,16905.25,15590.128012695312,STRONG_MOMENTUM,POINT_IN_TIME,502,491,483,STRONG_MOMENTUM,MOMENTUM_ENABLED,True,True,True,0.9780876494023905,16634.6630859375,6.589072260108631,6.559882072215869,6.530691884323105,2.7303694392457345,6.647452635894158
MMTC-2023-08-28,MMTC,2023-08-23,2023-08-28,3,43.5,1.937803608116428,1.928226970214152,40.900001525878906,1.3417244468072431,42.84999847412109,42.5,38.984999656677246,35.403999977111816,33.91350003242493,282429419.1056175,93.26530612244898,92.85714285714286,65.3061224489796,84.71428571428572,0.9760956175298804,1.521984095635263,True,0.9741035856573704,88.1799591002045,True,True,True,True,True,True,True,True,True,True,True,True,True,True,,2023-08-29,42.900001525878906,40.41794478332537,2.4820567425535387,2023-09-28,58.0,SMA20,0.351981303893712,2023-09-27,6.083663687150932,21,2023-08-28,502,492,491,336,68.43177189409369,483,407,84.26501035196688,0.9621513944223108,True,16875.30078125,15617.758266601562,STRONG_MOMENTUM,POINT_IN_TIME,502,491,483,STRONG_MOMENTUM,MOMENTUM_ENABLED,True,True,True,0.9780876494023905,16703.802109375,6.014527473154884,5.97995936615686,5.9453912591588365,2.4820567425535387,6.083663687150932
MMTC-2024-07-30,MMTC,2024-07-25,2024-07-30,3,120.91000366210938,7.40995543087923,8.742556024459464,104.0,2.282065502262125,111.41000366210938,109.4000015258789,92.17600021362304,82.29640029907226,71.23085008621216,1345861134.4516563,99.59432048681542,95.74036511156189,92.0892494929006,95.80121703853956,0.9801192842942346,4.414809247492364,True,0.9801192842942346,98.3367139959432,True,True,True,True,True,True,True,True,True,True,True,True,True,True,,2024-07-31,112.70999908447266,101.81436099388512,10.89563809058754,2024-08-05,101.81436099388512,STOP_INTRADAY,-0.0966696671022204,,-1.0,3,2024-07-30,503,493,493,393,79.71602434077079,487,432,88.7063655030801,0.9681908548707754,True,23440.900390625,19974.29201171875,STRONG_MOMENTUM,POINT_IN_TIME,503,493,487,STRONG_MOMENTUM,MOMENTUM_ENABLED,True,True,True,0.9801192842942346,22275.4510546875,-1.0413780260127545,-1.0620670390191318,-1.082756052025509,10.89563809058754,-1.0
MOTHERSON-2024-05-08,MOTHERSON,2024-04-30,2024-05-08,5,86.12973022460938,2.5346186216373767,2.577578821344192,80.71379325090095,2.1367857584071968,84.52135467529297,84.45570512123561,82.76856689453125,79.08376174926758,68.47338539123535,1535235748.9123535,81.76229508196722,71.92622950819673,67.21311475409836,73.46311475409836,0.9740518962075848,0.7047406038096518,True,0.9740518962075848,71.04508196721312,True,True,True,True,True,True,True,True,True,True,True,True,True,True,,2024-05-09,85.11218323323236,80.0693985455649,5.042784687667464,2024-05-10,82.78168841532747,SMA20,-0.0273814479828187,2024-05-09,-0.4621444226251232,1,2024-05-08,501,493,492,289,58.73983739837399,479,362,75.5741127348643,0.9560878243512974,True,20704.900390625,18561.658759765625,NORMAL,POINT_IN_TIME,501,492,479,NORMAL,MOMENTUM_ENABLED,True,True,True,0.9820359281437125,20407.4140625,-0.5296564728154722,-0.5634124979106467,-0.5971685230058212,5.042784687667464,-0.4621444226251232
MOTHERSON-2024-07-15,MOTHERSON,2024-07-04,2024-07-15,7,135.60838317871094,4.423252787359421,4.079637638886036,128.4724664961905,1.613273539986943,132.33255004882812,131.1377501296869,128.61328353881837,107.51156311035156,79.02067607879638,5507165750.104275,91.88640973630832,97.97160243407708,96.55172413793105,95.72008113590265,0.9801192842942346,0.496665170962255,True,0.9820717131474104,97.4239350912779,True,True,True,True,True,True,True,True,True,True,True,True,True,True,,2024-07-16,132.77238090544213,127.452557086469,5.319823818973134,2024-07-19,127.452557086469,STOP_INTRADAY,-0.0400672472896438,,-1.0,2,2024-07-15,503,493,493,411,83.36713995943205,484,422,87.19008264462809,0.9622266401590456,True,23209.849609375,19688.873515625,STRONG_MOMENTUM,POINT_IN_TIME,503,493,484,STRONG_MOMENTUM,MOMENTUM_ENABLED,True,True,True,0.9801192842942346,21791.5201171875,-1.0998321639388957,-1.1497482459083437,-1.1996643278777916,5.319823818973134,-1.0
MOTILALOFS-2023-10-11,MOTILALOFS,2023-10-05,2023-10-11,4,913.2769775390624,30.00617865404381,29.759159921442432,869.0436335635271,1.4741411922365604,908.052978515625,901.9501235370964,864.1540344238281,864.3888696289063,701.9931027221679,119126813.79077148,82.6530612244898,81.0204081632653,75.3061224489796,79.79591836734693,0.9780439121756488,1.1138944871692265,True,0.9780439121756488,78.36734693877551,True,True,True,True,True,True,True,True,True,True,True,True,True,True,,2023-10-12,917.7687000923108,861.6038435831665,56.16485650914433,2023-10-25,944.9140443383692,SMA20,0.029577544149553,2023-10-23,0.4833154740035461,8,2023-10-11,501,491,491,310,63.13645621181263,488,436,89.34426229508196,0.9740518962075848,True,17407.349609375,15852.197758789063,STRONG_MOMENTUM,POINT_IN_TIME,501,491,488,STRONG_MOMENTUM,MOMENTUM_ENABLED,True,True,True,0.9800399201596807,17139.92,0.4179529852776747,0.385271740914738,0.3525904965518013,56.16485650914433,0.48331547400354813
MOTILALOFS-2023-11-28,MOTILALOFS,2023-11-16,2023-11-28,7,1206.84765625,56.5625766367104,50.20489596576728,1083.0332999629236,2.188980128722037,1122.042724609375,1111.7900004386902,1068.8748138427734,965.7955102539064,754.8764566040039,339936534.78430176,91.22448979591836,88.57142857142857,92.6530612244898,90.59183673469389,0.9780439121756488,0.9158781125407548,True,0.9780439121756488,93.81632653061224,True,True,True,True,True,True,True,True,True,True,True,True,True,True,,2023-11-29,1127.8038602431495,1070.4820759714817,57.321784271667866,2023-12-28,1196.1556208243132,SMA20,0.0606060707811616,2023-12-27,1.1924220686715012,20,2023-11-28,501,491,491,322,65.58044806517312,488,417,85.45081967213115,0.9740518962075848,True,17741.80078125,16152.749487304687,STRONG_MOMENTUM,POINT_IN_TIME,501,491,488,STRONG_MOMENTUM,MOMENTUM_ENABLED,True,True,True,0.9800399201596807,17283.902890625,1.1137222253520334,1.0743723036922994,1.0350223820325655,57.321784271667866,1.1924220686715012
MPHASIS-2024-09-10,MPHASIS,2024-09-03,2024-09-10,5,2984.120361328125,83.43838577389691,85.21809139125222,2839.6096917395294,1.7319446948577564,2941.201416015625,2914.0849963648434,2878.503771972656,2711.926591796875,2410.877481689453,1924378230.0560305,86.20689655172413,87.0182555780933,53.7525354969574,76.79513184584178,0.9820717131474104,1.0862345152864772,True,0.9820717131474104,79.77687626774848,True,True,True,True,True,True,True,True,True,True,True,True,True,True,,2024-09-11,2946.548397020125,2818.305168891716,128.24322812840865,2024-09-19,2897.853035582189,SMA20,-0.0165262384582522,2024-09-18,-0.3797109769349943,6,2024-09-10,502,494,493,279,56.5922920892495,489,403,82.41308793456032,0.9741035856573704,True,23643.650390625,20868.0712890625,NORMAL,POINT_IN_TIME,502,493,489,NORMAL,MOMENTUM_ENABLED,True,True,True,0.9820717131474104,23182.3839453125,-0.471615974649802,-0.517568473507204,-0.5635209723646061,128.24322812840865,-0.37971097693499783
MPHASIS-2025-09-16,MPHASIS,2025-09-10,2025-09-16,4,2890.89599609375,82.88948505236347,76.02789503542802,2803.2459147035006,1.057433054806391,2873.658203125,2867.1332173709643,2794.860791015625,2733.40416015625,2584.0272888183595,1068387487.7513428,75.45271629778671,79.87927565392354,77.2635814889336,77.76659959758551,0.9920159680638724,0.7163648056551882,True,0.9920159680638724,82.59557344064386,True,True,True,True,True,True,True,True,True,True,True,True,True,True,,2025-09-17,2882.715506704296,2784.238940944644,98.47656575965176,2025-09-22,2784.238940944644,STOP_INTRADAY,-0.0341610420905656,,-1.0,3,2025-09-16,501,497,497,294,59.15492957746479,487,331,67.96714579055441,0.9720558882235528,True,23369.30078125,22249.04400390625,NORMAL,POINT_IN_TIME,501,497,487,NORMAL,MOMENTUM_ENABLED,True,True,True,0.9920159680638723,23023.013046875,-1.1170924466939693,-1.175638670040954,-1.2341848933879385,98.47656575965175,-1.0
MRF-2024-02-12,MRF,2024-01-29,2024-02-12,10,143185.75,4080.084631360748,4020.7856373481454,135648.33897808974,1.847366342348752,143115.234375,143062.71994204255,139246.59921875,128731.3825,109618.4290234375,1808995413.5,78.9795918367347,80.0,67.14285714285714,75.83673469387755,0.9780439121756488,3.144232991755913,True,0.9780439121756488,76.83673469387756,True,True,True,True,True,True,True,True,True,True,True,True,True,True,,2024-02-13,144109.71215496198,134643.1425687527,9466.569586209283,2024-03-04,144931.69819661038,SMA20,0.0057038906632782,2024-03-01,0.0868304018855842,14,2024-02-12,501,491,491,273,55.60081466395111,489,374,76.48261758691206,0.9760479041916168,True,19675.19921875,17296.579736328124,NORMAL,POINT_IN_TIME,501,491,489,NORMAL,MOMENTUM_ENABLED,True,True,True,0.9800399201596807,19282.9209765625,0.025938349767825213,-0.004507676291054287,-0.034953702349933786,9466.569586209283,0.0868304018855842
MRF-2025-07-08,MRF,2025-07-02,2025-07-08,4,144730.75,2961.01326781121,3003.8815440368985,141730.67964683688,1.0131904459113674,144466.609375,144182.56060275264,139444.5,139225.7765625,125255.7662890625,785401039.5859375,76.05633802816901,78.87323943661971,78.4708249496982,77.90744466800805,0.9920159680638724,0.7734037868780274,True,0.9900199600798404,73.20564516129033,True,True,True,True,True,True,True,True,True,True,True,True,True,True,,2025-07-09,144466.63653978537,140979.70926082766,3486.927278957708,2025-08-01,148135.5857407217,SMA20,0.0253965156856539,2025-07-31,1.0522012383444463,17,2025-07-08,501,498,497,384,77.2635814889336,479,299,62.421711899791234,0.9560878243512974,True,23572.55078125,22299.778984375,STRONG_MOMENTUM,POINT_IN_TIME,501,497,479,STRONG_MOMENTUM,MOMENTUM_ENABLED,True,True,True,0.9920159680638723,22867.8930078125,0.8864775223248011,0.8036156643149786,0.720753806305156,3486.927278957708,1.0522012383444463
MRF-2025-07-24,MRF,2025-07-16,2025-07-24,6,151966.796875,3283.6378255203977,3069.235350503518,146288.8678573835,1.7291581225821226,150611.15625,150032.1889904279,146848.021875,142088.4115625,125991.7158984375,1063130763.25,84.30583501006036,70.02012072434609,92.35412474849096,81.00603621730383,0.9920159680638724,1.077981020492367,True,0.994,82.71629778672032,True,True,True,True,True,True,True,True,True,True,True,True,True,True,,2025-07-25,150531.29180349843,145521.55901975764,5009.732783740794,2025-08-01,148135.5857407217,SMA20,-0.0159150036784647,2025-07-31,-0.4782103489735133,5,2025-07-24,501,497,497,296,59.55734406438632,479,317,66.17954070981212,0.9560878243512974,True,23301.099609375,22250.47073242188,NORMAL,POINT_IN_TIME,501,497,479,NORMAL,MOMENTUM_ENABLED,True,True,True,0.9920159680638723,23160.404921875,-0.5984014236687955,-0.6584969610164365,-0.7185924983640777,5009.732783740794,-0.4782103489735133
MRPL-2023-12-14,MRPL,2023-12-07,2023-12-14,5,125.25211334228516,4.878846480147358,4.57494243129485,120.04533273641792,1.0672155041267,125.05927276611328,123.70937214026095,117.7215648651123,107.31474365234376,79.3429755973816,530745883.8744621,73.46938775510205,93.26530612244898,95.71428571428572,88.06122448979593,0.9780439121756488,1.181610992894359,True,0.9780439121756488,90.71428571428572,True,True,True,True,True,True,True,True,True,True,True,True,True,True,,2023-12-15,126.023492789331,118.9015971285942,7.121895660736797,2023-12-20,118.9015971285942,STOP_INTRADAY,-0.0565124446490482,,-1.0,3,2023-12-14,501,491,491,414,84.31771894093686,489,441,90.1840490797546,0.9760479041916168,True,18973.849609375,16365.27822265625,STRONG_MOMENTUM,POINT_IN_TIME,501,491,489,STRONG_MOMENTUM,MOMENTUM_ENABLED,True,True,True,0.9800399201596807,17554.63984375,-1.0707808700338601,-1.1061713050507902,-1.1415617400677205,7.121895660736797,-1.0
MRPL-2024-01-25,MRPL,2024-01-18,2024-01-25,4,171.2454071044922,8.10414787017695,8.354214716536337,154.805447245661,2.02858587012335,168.15989685058594,167.29209000366745,146.46495094299317,129.9729391479492,91.68980710983276,566372533.2423706,96.93877551020408,97.3469387755102,94.48979591836736,96.36734693877553,0.9780439121756488,0.9280499065557404,True,0.9780439121756488,96.97959183673468,True,True,True,True,True,True,True,True,True,True,True,True,True,True,,2024-01-29,169.17230837138553,152.7168935665269,16.455414804858634,2024-03-12,212.20728341241457,SMA20,0.2543854573796674,2024-03-11,2.615247050978169,30,2024-01-25,501,491,491,321,65.37678207739307,489,407,83.23108384458078,0.9760479041916168,True,19393.0,17020.314487304688,STRONG_MOMENTUM,POINT_IN_TIME,501,491,489,STRONG_MOMENTUM,MOMENTUM_ENABLED,True,True,True,0.9800399201596807,18777.58796875,2.574124463580023,2.5535631698809502,2.533001876181877,16.455414804858634,2.615247050978169
MSUMI-2025-07-15,MSUMI,2025-07-09,2025-07-15,4,42.58194351196289,0.9854401304366992,1.0446662437466332,41.33340131130981,1.2669894010707514,42.53594207763672,42.33223606397018,40.19725856781006,39.12315498352051,37.99126477241517,259704844.56411743,72.63581488933602,71.83098591549296,70.82494969818913,71.77062374245472,0.994,2.2980523108496875,True,0.9920159680638724,71.87122736418512,True,True,True,True,True,True,True,True,True,True,True,True,True,True,,2025-07-16,42.8250839326664,41.07223475037316,1.7528491822932395,2025-07-23,41.07223475037316,STOP_INTRADAY,-0.0409304319181074,,-1.0,5,2025-07-15,500,497,497,370,74.44668008048289,479,310,64.71816283924844,0.958,True,23449.150390625,22285.705234375,STRONG_MOMENTUM,POINT_IN_TIME,500,497,479,STRONG_MOMENTUM,MOMENTUM_ENABLED,True,True,True,0.994,23003.283984375,-1.0977267967267752,-1.146590195090163,-1.1954535934535504,1.7528491822932395,-1.0
MUTHOOTFIN-2024-04-18,MUTHOOTFIN,2024-04-09,2024-04-18,5,1618.0736083984375,49.82109158525044,47.99795235629182,1554.586509307556,1.274301647571223,1598.7137451171875,1597.5066626948528,1495.9395446777344,1382.4030688476562,1311.0912408447266,942924034.479065,92.41803278688523,69.67213114754098,70.08196721311475,76.6188524590164,0.9740518962075848,0.8841013447031814,True,0.9740518962075848,74.26229508196721,True,True,True,True,True,True,True,True,True,True,True,True,True,True,,2024-04-19,1593.2097681968462,1542.5870212184832,50.62274697836301,2024-04-23,1542.5870212184832,STOP_INTRADAY,-0.0317740626431487,,-1.0,2,2024-04-18,501,493,492,256,52.03252032520326,479,361,75.36534446764091,0.9560878243512974,True,20324.69921875,18274.34001953125,NORMAL,POINT_IN_TIME,501,492,479,NORMAL,MOMENTUM_ENABLED,True,True,True,0.9820359281437125,20191.3971484375,-1.1258888435175445,-1.1888332652763167,-1.2517776870350887,50.62274697836301,-1.0
MUTHOOTFIN-2025-06-30,MUTHOOTFIN,2025-06-17,2025-06-30,9,2623.516845703125,71.01996436832232,68.12118144264649,2494.904436042933,1.8109331763838248,2601.899658203125,2567.490637512264,2514.225988769532,2289.39576171875,2107.7495196533205,1817795478.0454104,95.96774193548389,53.83064516129033,89.71774193548387,77.23790322580646,0.9900199600798404,0.8196139009444059,True,0.9801192842942346,82.79918864097363,True,True,True,True,True,True,True,True,True,True,True,True,True,True,,2025-07-01,2602.990574909192,2477.8741406822714,125.11643422692076,2025-07-29,2624.8059416536485,SMA20,0.0083808857991033,2025-07-28,0.1743605216952572,20,2025-06-30,501,497,497,399,80.28169014084507,478,295,61.71548117154811,0.9540918163672656,True,23617.19921875,22302.87673828125,STRONG_MOMENTUM,POINT_IN_TIME,501,497,478,STRONG_MOMENTUM,MOMENTUM_ENABLED,True,True,True,0.9920159680638723,22689.6610546875,0.09114233885643977,0.049533247437031046,0.007924156017622329,125.11643422692077,0.1743605216952572
NAM-INDIA-2023-08-17,NAM-INDIA,2023-08-10,2023-08-17,4,297.6321105957031,7.408497836388209,7.427271279726186,287.1514942026885,1.4146749617091217,294.89605712890625,292.85553250646893,291.9581802368164,264.60405517578124,229.16437377929688,159906363.41461182,68.9161554192229,89.77505112474438,86.29856850715747,82.47443762781185,0.9741035856573704,0.9043945268524808,True,0.9741035856573704,82.88343558282209,True,True,True,True,True,True,True,True,True,True,True,True,True,True,,2023-08-18,295.638029630433,285.29467638275696,10.34335324767602,2023-08-21,288.44995194898746,SMA20,-0.0243137788816651,2023-08-18,-0.6949465525660705,1,2023-08-17,502,491,491,322,65.58044806517312,483,395,81.78053830227742,0.9621513944223108,True,16802.25,15567.102260742187,STRONG_MOMENTUM,POINT_IN_TIME,502,491,483,STRONG_MOMENTUM,MOMENTUM_ENABLED,True,True,True,0.9780876494023905,16580.46609375,-0.8092762182175296,-0.866441051043259,-0.9236058838689886,10.34335324767602,-0.6949465525660705
NAM-INDIA-2023-11-30,NAM-INDIA,2023-11-17,2023-11-30,8,395.8953857421875,13.176391667097764,12.036717839763003,378.8767951397352,1.2915972014514987,393.1686706542969,386.9159666589216,380.2626388549805,347.3559893798828,264.8083097076416,194026049.2403412,77.75510204081633,91.83673469387756,91.83673469387756,87.61224489795919,0.9780439121756488,0.917033204215975,True,0.9780439121756488,91.73469387755102,True,True,True,True,True,True,True,True,True,True,True,True,True,True,,2023-12-01,395.8484121507963,375.8676156797944,19.98079647100189,2023-12-28,413.3371845704141,SMA20,0.0441804788974511,2023-12-27,0.8752790433053682,18,2023-11-30,501,491,491,356,72.50509164969449,488,423,86.68032786885246,0.9740518962075848,True,17987.94921875,16182.727231445311,STRONG_MOMENTUM,POINT_IN_TIME,501,491,488,STRONG_MOMENTUM,MOMENTUM_ENABLED,True,True,True,0.9800399201596807,17299.1388671875,0.7960332709508369,0.7564103847735725,0.7167874985963081,19.980796471001895,0.8752790433053654
NAM-INDIA-2023-12-20,NAM-INDIA,2023-12-13,2023-12-20,5,432.1893615722656,13.965637191365602,15.459578471712314,412.3969737299326,1.4172205371746214,432.1423645019531,427.1589776873343,408.8662780761719,378.4028820800781,280.1016581726074,289374056.33148193,75.51020408163265,95.51020408163264,96.12244897959184,89.6938775510204,0.9780439121756488,9.171173276473944,True,0.9780439121756488,90.81632653061224,True,True,True,True,True,True,True,True,True,True,True,True,True,True,,2023-12-21,427.6761573678246,408.5320791120045,19.14407825582009,2023-12-28,413.3371845704141,SMA20,-0.0335276413014489,2023-12-27,-0.7490030392584296,4,2023-12-20,501,491,491,364,74.13441955193483,489,429,87.73006134969326,0.9760479041916168,True,18779.44921875,16451.95947265625,STRONG_MOMENTUM,POINT_IN_TIME,501,491,489,STRONG_MOMENTUM,MOMENTUM_ENABLED,True,True,True,0.9800399201596807,17702.2878515625,-0.8383625062754051,-0.8830422397838915,-0.9277219732923777,19.14407825582009,-0.7490030392584325
NAM-INDIA-2024-01-18,NAM-INDIA,2024-01-12,2024-01-18,4,483.85650634765625,16.24132379738988,16.335655055011767,453.8152925015224,1.8496776630339515,480.33056640625,470.9750173540224,445.9288848876953,418.5132360839844,305.0751494598389,382402575.5568085,88.36734693877551,86.93877551020408,90.6122448979592,88.46938775510205,0.9780439121756488,1.623033866111639,True,0.9780439121756488,88.14285714285714,True,True,True,True,True,True,True,True,True,True,True,True,True,True,,2024-01-19,482.8222123373566,449.7313787377695,33.090833599587086,2024-02-06,464.2991572585034,SMA20,-0.0383641319838672,2024-02-05,-0.5597639304887221,10,2024-01-18,501,491,491,353,71.89409368635438,489,420,85.88957055214725,0.9760479041916168,True,19414.80078125,16918.919985351564,STRONG_MOMENTUM,POINT_IN_TIME,501,491,489,STRONG_MOMENTUM,MOMENTUM_ENABLED,True,True,True,0.9800399201596807,18600.9669921875,-0.618127188202894,-0.6473088170599792,-0.6764904459170643,33.090833599587086,-0.5597639304887237
NAM-INDIA-2024-05-16,NAM-INDIA,2024-05-03,2024-05-16,9,562.9321899414062,21.0445093790435,18.99017549868988,521.278768964577,1.9793011196691743,545.0203247070312,533.5491493528156,541.2145874023438,494.77103637695313,405.7435775756836,461499301.3491211,76.93877551020408,82.85714285714286,73.87755102040816,78.38775510204081,0.9780439121756488,1.0366599608284517,True,0.9740518962075848,81.45491803278688,True,True,True,True,True,True,True,True,True,True,True,True,True,True,,2024-05-17,548.8283435077826,516.5312250899045,32.297118417878096,2024-06-04,516.5312250899045,STOP_INTRADAY,-0.0588473951827163,,-1.0,11,2024-05-16,501,493,492,309,62.80487804878049,480,362,75.41666666666667,0.9580838323353292,True,20929.05078125,18677.94451171875,STRONG_MOMENTUM,POINT_IN_TIME,501,492,480,STRONG_MOMENTUM,MOMENTUM_ENABLED,True,True,True,0.9820359281437125,20455.110078125,-1.0679724223575287,-1.1019586335362932,-1.1359448447150575,32.297118417878096,-1.0
NAM-INDIA-2025-07-21,NAM-INDIA,2025-07-16,2025-07-21,3,851.2303466796875,25.03995261437312,26.063685291732124,818.2835803482355,1.3157679185279396,845.159912109375,841.7820372910328,790.3289642333984,747.3513720703126,651.9526850891114,576338842.8785706,91.34808853118712,91.34808853118712,86.72032193158954,89.95975855130784,0.9920159680638724,1.4678819648680317,True,0.994,94.74849094567404,True,True,True,True,True,True,True,True,True,True,True,True,True,True,,2025-07-22,848.8805094525272,811.7676590253025,37.11285042722477,2025-07-24,811.7676590253025,STOP_INTRADAY,-0.0437197579800249,,-1.0,2,2025-07-21,501,497,497,340,68.41046277665997,479,317,66.17954070981212,0.9560878243512974,True,23378.44921875,22265.248984375,STRONG_MOMENTUM,POINT_IN_TIME,501,497,479,STRONG_MOMENTUM,MOMENTUM_ENABLED,True,True,True,0.9920159680638723,23112.1509375,-1.0914918147952135,-1.1372377221928203,-1.182983629590427,37.11285042722477,-1.0
NAM-INDIA-2025-10-10,NAM-INDIA,2025-10-03,2025-10-10,5,868.5604248046875,21.03661666152765,20.71735510276023,832.3336387242595,1.722082341628661,853.629150390625,846.9222658196654,837.0774475097656,814.6423327636719,690.5059056091309,659465814.2770996,81.7444219066937,79.3103448275862,94.52332657200812,84.60446247464503,0.9840319361277444,0.9995698517318496,True,0.9840319361277444,89.55375253549695,True,True,True,True,True,True,True,True,True,True,True,True,True,True,,2025-10-13,846.9223093625124,827.1542999485694,19.76800941394299,2025-10-29,827.1542999485694,STOP_INTRADAY,-0.0233409950303736,,-1.0,11,2025-10-10,501,498,498,274,55.020080321285135,481,300,62.37006237006237,0.9600798403193612,True,23337.55078125,22257.0615234375,NORMAL,POINT_IN_TIME,501,498,481,NORMAL,MOMENTUM_ENABLED,True,True,True,0.9940119760479041,22961.2020703125,-1.1713722998867355,-1.2570584498301034,-1.342744599773471,19.76800941394299,-1.0
NATCOPHARM-2024-06-21,NATCOPHARM,2024-06-14,2024-06-21,4,1195.8536376953125,41.30740244648315,42.30543455262936,1153.7725886570236,1.0187290060857277,1186.024658203125,1177.6282699519045,1077.848681640625,1022.6019604492188,894.2044955444336,1359253007.1408997,91.0386965376782,67.61710794297352,87.37270875763747,80.5702647657841,0.9780876494023903,1.0453673375703216,True,0.9780876494023903,79.65376782077394,True,True,True,True,True,True,True,True,True,True,True,True,True,True,,2024-06-24,1195.260980842569,1143.196230018866,52.06475082370321,2024-06-27,1143.196230018866,STOP_INTRADAY,-0.0435593160474472,,-1.0,3,2024-06-21,502,493,493,410,83.16430020283975,484,405,83.67768595041323,0.9641434262948207,True,22236.19921875,19238.9940234375,STRONG_MOMENTUM,POINT_IN_TIME,502,493,484,STRONG_MOMENTUM,MOMENTUM_ENABLED,True,True,True,0.9820717131474104,21130.3550390625,-1.091828806394549,-1.1377432095918234,-1.1836576127890979,52.06475082370321,-1.0
NATCOPHARM-2024-07-23,NATCOPHARM,2024-07-16,2024-07-23,4,1265.84033203125,44.21440733535338,48.94953768349068,1156.1431951656791,2.4810269655669046,1244.4542236328125,1238.7249501639112,1192.6209045410155,1108.4938000488282,928.65708984375,853797939.2857056,71.39959432048681,78.90466531440163,88.64097363083164,79.57403651115618,0.9801192842942346,1.2432127659871408,True,0.9801192842942346,77.18052738336714,True,True,True,True,True,True,True,True,True,True,True,True,True,True,,2024-07-24,1233.7858076144903,1143.9058107448066,89.87999686968374,2024-09-19,1535.026187374725,SMA20,0.2441593815564139,2024-09-18,3.351584226209982,40,2024-07-23,503,493,493,335,67.95131845841786,485,404,83.29896907216495,0.9642147117296224,True,22865.19921875,19826.073515625,STRONG_MOMENTUM,POINT_IN_TIME,503,493,485,STRONG_MOMENTUM,MOMENTUM_ENABLED,True,True,True,0.9801192842942346,22022.830078125,3.2966760886672835,3.2692220198959343,3.2417679511245847,89.87999686968374,3.3515842262099826
NATCOPHARM-2024-09-04,NATCOPHARM,2024-08-26,2024-09-04,7,1547.8431396484375,55.09880587461101,50.4710246967984,1474.850339470648,1.324761925764783,1540.5687255859375,1533.4920348583084,1483.2770446777345,1335.5450830078123,1021.7651519775392,1288638906.1721802,91.27789046653145,96.14604462474644,91.07505070993916,93.16430020283975,0.9820717131474104,1.0151842304864476,True,0.9801192842942346,93.26572008113592,True,True,True,True,True,True,True,True,True,True,True,True,True,True,,2024-09-05,1551.950740681054,1462.2325832964484,89.71815738460555,2024-09-19,1535.026187374725,SMA20,-0.0109053418144585,2024-09-18,-0.1886413386063705,10,2024-09-04,502,493,493,295,59.83772819472617,489,408,83.43558282208589,0.9741035856573704,True,23748.900390625,20740.75478515625,NORMAL,POINT_IN_TIME,502,493,489,NORMAL,MOMENTUM_ENABLED,True,True,True,0.9820717131474104,23092.7489453125,-0.2578336085290851,-0.2924297434904424,-0.3270258784517997,89.71815738460555,-0.18864133860637053
NATIONALUM-2024-06-03,NATIONALUM,2024-05-21,2024-06-03,9,181.00003051757807,6.834213014021371,7.329364802671843,170.0427423655495,1.603299184492521,178.40847778320312,176.13518009239394,171.1043685913086,162.14529663085938,117.1718533706665,3004695501.950989,68.57142857142857,83.6734693877551,96.53061224489797,83.0,0.9780439121756488,1.4190598984011864,True,0.9780439121756488,87.89795918367346,True,True,True,True,True,True,True,True,True,True,True,True,True,True,,2024-06-04,177.3172811773722,168.21040116488152,9.106880012490675,2024-06-04,168.21040116488152,STOP_INTRADAY,-0.0513592355579881,,-1.0,0,2024-06-03,501,493,493,303,61.4604462474645,480,347,72.29166666666667,0.9580838323353292,True,21797.400390625,18918.27002929688,STRONG_MOMENTUM,POINT_IN_TIME,501,493,480,STRONG_MOMENTUM,MOMENTUM_ENABLED,True,True,True,0.9840319361277445,20707.5680859375,-1.0778827791446335,-1.1168241687169502,-1.155765558289267,9.106880012490677,-1.0
NAUKRI-2024-08-09,NAUKRI,2024-08-02,2024-08-09,5,1428.170166015625,43.26478928216687,48.32211575258974,1341.437464696933,2.004694874463241,1426.9833984375,1394.6539022010472,1378.0554565429688,1310.2985522460938,1097.9911349487304,1583874058.6465454,79.71602434077079,68.55983772819472,83.36713995943205,76.34888438133873,0.9801192842942346,1.8752174091526823,True,0.9801192842942346,73.97565922920893,True,True,True,True,True,True,True,True,True,True,True,True,True,True,,2024-08-12,1443.8946172377152,1329.3569357587855,114.5376814789297,2024-09-09,1450.026271482859,SMA20,0.0042466078700911,2024-09-06,0.0535339476578442,19,2024-08-09,503,493,493,258,52.33265720081136,487,402,82.54620123203286,0.9681908548707754,True,22923.5,20203.106015625,NORMAL,POINT_IN_TIME,503,493,487,NORMAL,MOMENTUM_ENABLED,True,True,True,0.9801192842942346,22538.6669921875,0.0031088090102339505,-0.02210376031357123,-0.047316329637376385,114.5376814789297,0.053533947657844284
NAUKRI-2024-09-05,NAUKRI,2024-08-29,2024-09-05,5,1519.6297607421875,37.32748406333855,35.975917106107424,1436.784038797592,2.219429571090834,1478.5086669921875,1474.6911752063909,1463.7180725097655,1402.7158203125,1156.007410888672,1592649774.406433,65.11156186612575,71.6024340770791,77.28194726166329,71.35902636916836,0.9820717131474104,0.5525255725536344,True,0.9801192842942346,85.11156186612575,True,True,True,True,True,True,True,True,True,True,True,True,True,True,,2024-09-06,1480.5753977624154,1427.7900595210651,52.785338241350246,2024-09-09,1450.026271482859,SMA20,-0.0206332796868872,2024-09-06,-0.5787426451617417,1,2024-09-05,502,494,493,302,61.257606490872206,489,410,83.84458077709611,0.9741035856573704,True,23762.80078125,20773.62978515625,STRONG_MOMENTUM,POINT_IN_TIME,502,493,489,STRONG_MOMENTUM,MOMENTUM_ENABLED,True,True,True,0.9820717131474104,23120.591953125,-0.6909386031372525,-0.747036582125008,-0.8031345611127634,52.785338241350246,-0.5787426451617417
NAUKRI-2024-09-19,NAUKRI,2024-09-16,2024-09-19,3,1563.32275390625,36.31548645436108,40.441545757520494,1497.3089071493057,1.817787759497767,1562.9864501953125,1544.7596186091528,1504.7434936523437,1437.77703125,1185.8593725585938,1181728918.085022,77.48478701825557,87.4239350912779,82.1501014198783,82.86004056795132,0.9840319361277444,5.539281470934038,True,0.9820717131474104,78.86409736308316,True,True,True,True,True,True,True,True,True,True,True,True,True,True,,2024-09-20,1560.7906962201464,1487.198520709925,73.5921755102213,2024-10-18,1580.372380963017,SMA20,0.0125460029908509,2024-10-17,0.2660837868578915,19,2024-09-19,501,494,493,272,55.172413793103445,489,388,79.34560327198365,0.9760479041916168,True,23853.94921875,21089.112783203123,NORMAL,POINT_IN_TIME,501,493,489,NORMAL,MOMENTUM_ENABLED,True,True,True,0.9840319361277445,23319.594921875,0.18124918669019788,0.1388318866063495,0.09641458652250116,73.5921755102213,0.2660837868578946
NAVA-2025-07-14,NAVA,2025-07-03,2025-07-14,7,598.4424438476562,22.57592339539652,20.35858994951834,562.8841687533543,1.575052965565638,589.66259765625,580.4437518664987,573.9442932128907,513.0576898193359,473.058648071289,397652130.3309326,83.70221327967808,69.81891348088531,92.1529175050302,80.6841046277666,0.994,0.4918707800946973,True,0.9920159680638724,77.1830985915493,True,True,True,True,True,True,True,True,True,True,True,True,True,True,,2025-07-15,591.8087630161343,557.7945212659747,34.01424175015961,2025-07-29,586.2482436128646,SMA20,-0.0093958044401551,2025-07-28,-0.1634762122322962,10,2025-07-14,500,497,497,337,67.80684104627767,479,294,61.37787056367432,0.958,True,23309.05078125,22289.428486328125,STRONG_MOMENTUM,POINT_IN_TIME,500,497,479,STRONG_MOMENTUM,MOMENTUM_ENABLED,True,True,True,0.994,22973.43296875,-0.23307162081004082,-0.2678693250989131,-0.30266702938778545,34.01424175015961,-0.1634762122322962
NAVA-2025-07-22,NAVA,2025-07-17,2025-07-22,3,600.8812255859375,19.1075357897642,18.75394914079284,574.7857256680634,1.3657177045222828,595.954833984375,595.0768591198181,587.2749877929688,532.2923272705078,473.9694317626953,294988400.5698242,57.94768611670021,84.50704225352112,95.37223340040242,79.79879275653923,0.9920159680638724,0.7062618263471581,True,0.994,89.5774647887324,True,True,True,True,True,True,True,True,True,True,True,True,True,True,,2025-07-23,596.5401451913706,570.0972383828652,26.442906808505427,2025-07-29,586.2482436128646,SMA20,-0.0172526554356276,2025-07-28,-0.3892121865813773,4,2025-07-22,501,497,497,312,62.77665995975856,479,314,65.55323590814196,0.9560878243512974,True,23320.900390625,22259.40573242188,STRONG_MOMENTUM,POINT_IN_TIME,501,497,479,STRONG_MOMENTUM,MOMENTUM_ENABLED,True,True,True,0.9920159680638723,23131.5809375,-0.47945039670122563,-0.5245695017611499,-0.569688606821074,26.442906808505427,-0.3892121865813773
NAVINFLUOR-2025-06-25,NAVINFLUOR,2025-06-18,2025-06-25,5,4722.45361328125,131.03510640952024,133.00092089218035,4498.486053845951,1.7092179765576714,4686.68701171875,4677.620284640554,4494.675048828125,4413.29248046875,3828.292646484375,423007525.9785156,86.89516129032258,50.403225806451616,95.96774193548389,75.02016129032259,0.9860834990059644,1.5315820857380156,True,0.9801192842942346,71.50101419878297,True,True,True,True,True,True,True,True,True,True,True,True,True,True,,2025-06-26,4702.428040651034,4465.235823622906,237.19221702812865,2025-07-21,4853.959799307023,SMA20,0.032224152575232,2025-07-18,0.6388563695495052,17,2025-06-25,503,499,497,380,76.45875251509054,478,277,57.94979079497908,0.9502982107355864,True,23296.849609375,22305.60298828125,NORMAL,POINT_IN_TIME,503,497,478,NORMAL,MOMENTUM_ENABLED,True,True,True,0.9880715705765407,22561.8690625,0.5595548123640369,0.5199040337713029,0.48025325517856865,237.19221702812865,0.6388563695495052
NAVINFLUOR-2025-07-23,NAVINFLUOR,2025-07-09,2025-07-23,10,5098.404296875,149.66606101555388,141.06703803461156,4823.229888972051,1.8385892301552007,5041.83251953125,5011.601776583406,4931.424243164062,4624.35103515625,3988.370892333985,434651439.0419922,82.897384305835,73.8430583501006,92.35412474849096,82.11267605633802,0.9920159680638724,0.5745077439251703,True,0.9920159680638724,88.47082494969818,True,True,True,True,True,True,True,True,True,True,True,True,True,True,,2025-07-24,5048.517478489363,4787.963129463398,260.5543490259652,2025-08-04,5000.127742914298,SMA20,-0.0095849396939286,2025-08-01,-0.1857183952444518,7,2025-07-23,501,497,497,306,61.56941649899397,479,314,65.55323590814196,0.9560878243512974,True,23428.400390625,22255.32173828125,STRONG_MOMENTUM,POINT_IN_TIME,501,497,479,STRONG_MOMENTUM,MOMENTUM_ENABLED,True,True,True,0.9920159680638723,23150.1589453125,-0.2632226471959134,-0.3019747731716442,-0.3407268991473749,260.55434902596517,-0.18571839524445186
NAVINFLUOR-2026-02-12,NAVINFLUOR,2026-02-09,2026-02-12,3,6590.07177734375,228.7755893508452,256.4404426813668,6282.941353207772,1.342496483158302,6579.0849609375,6562.105168584568,6144.982177734375,5982.103076171875,5171.470361328125,1201974917.5029297,92.35412474849096,85.71428571428571,93.96378269617706,90.18108651911469,0.9920159680638724,2.6915143839334177,True,0.9920159680638724,90.48289738430584,True,True,True,True,True,True,True,True,True,True,True,True,True,True,,2026-02-13,6572.592548738276,6218.831242537431,353.76130620084496,2026-02-16,6218.831242537431,STOP_INTRADAY,-0.053823708616892,,-1.0,1,2026-02-12,501,498,449,226,50.33407572383074,443,189,42.66365688487584,0.8842315369261478,True,23651.55078125,23225.438544921875,NORMAL,POINT_IN_TIME,501,449,443,NORMAL,MOMENTUM_ENABLED,True,True,True,0.8962075848303394,23542.9590234375,-1.0743166924537162,-1.111475038680574,-1.1486333849074324,353.76130620084496,-1.0
NAZARA-2023-09-20,NAZARA,2023-09-05,2023-09-20,10,223.8249969482422,9.154450992967744,9.617716235547444,202.75,2.302158476180773,220.1875,210.6000061035156,202.33812408447267,182.7370004272461,155.2580004119873,696555701.4181519,96.3265306122449,84.48979591836735,91.42857142857144,90.12244897959184,0.9780439121756488,2.068002836096412,True,0.9760956175298804,92.6734693877551,True,True,True,True,True,True,True,True,True,True,True,True,True,True,,2023-09-21,222.75,200.34557094111315,22.404429058886848,2023-09-28,206.5,SMA20,-0.0729517396184062,2023-09-27,-0.7253030174207605,5,2023-09-20,501,491,491,379,77.18940936863544,488,445,91.18852459016394,0.9740518962075848,True,17449.349609375,15755.38576171875,STRONG_MOMENTUM,POINT_IN_TIME,501,491,488,STRONG_MOMENTUM,MOMENTUM_ENABLED,True,True,True,0.9800399201596807,17025.9970703125,-0.7650719397913387,-0.784956400976628,-0.8048408621619171,22.404429058886848,-0.7253030174207605
NBCC-2023-08-28,NBCC,2023-08-22,2023-08-28,4,32.90005111694336,1.3212151203497806,1.3108580578279396,31.22443826598137,1.2682362055608245,32.77115631103516,32.70671248446907,30.911872005462648,28.197376480102537,25.529765281677246,703397498.9984169,92.44897959183672,67.9591836734694,87.14285714285714,81.06122448979592,0.9760956175298804,0.9930714649150162,True,0.9741035856573704,84.78527607361963,True,True,True,True,True,True,True,True,True,True,True,True,True,True,,2023-08-29,33.19006435072441,30.89672375152438,2.2933405992000324,2023-10-04,38.003539183958914,SMA20,0.1450275836277323,2023-10-03,2.09889226001299,24,2023-08-28,502,492,491,336,68.43177189409369,483,407,84.26501035196688,0.9621513944223108,True,16875.30078125,15617.758266601562,STRONG_MOMENTUM,POINT_IN_TIME,502,491,483,STRONG_MOMENTUM,MOMENTUM_ENABLED,True,True,True,0.9780876494023905,16703.802109375,2.0410027962982644,2.0120580644409016,1.9831133325835388,2.2933405992000324,2.09889226001299
NBCC-2023-09-27,NBCC,2023-09-14,2023-09-27,8,39.50153350830078,2.025269258949336,1.7578193491566518,36.92888158296343,1.2702764898885532,38.23148727416992,37.97096498116798,37.38385353088379,32.86650905609131,26.795168581008912,1262598210.9816818,91.63265306122447,93.26530612244898,89.38775510204081,91.6122448979592,0.9780439121756488,0.8242873980227736,True,0.9780439121756488,94.0204081632653,True,True,True,True,True,True,True,True,True,True,True,True,True,True,,2023-09-28,39.696922733314864,36.489426745674265,3.2074959876405984,2023-10-04,38.003539183958914,SMA20,-0.0426578039998755,2023-10-03,-0.5279456485311415,3,2023-09-27,501,491,491,340,69.24643584521385,488,441,90.3688524590164,0.9740518962075848,True,17341.599609375,15788.643515625,STRONG_MOMENTUM,POINT_IN_TIME,501,491,488,STRONG_MOMENTUM,MOMENTUM_ENABLED,True,True,True,0.9800399201596807,17084.0920703125,-0.5774508362367892,-0.602203430089613,-0.6269560239424368,3.2074959876405984,-0.5279456485311415
NBCC-2024-07-02,NBCC,2024-06-21,2024-07-02,7,108.16191864013672,5.43177400961189,4.779236530421742,100.95198661302987,1.3273622971700167,105.69347381591795,104.52110820234334,100.4407081604004,94.02276626586914,69.11107345581054,3999274755.712597,71.34146341463415,89.22764227642277,97.5609756097561,86.36178861788618,0.9800796812749004,1.048917488793967,True,0.9780876494023903,88.12627291242363,True,True,True,True,True,True,True,True,True,True,True,True,True,True,,2024-07-03,106.4880595328376,99.75717748042445,6.730882052413151,2024-07-22,110.72153331907931,SMA20,0.0397553848273124,2024-07-19,0.6289627055229612,12,2024-07-02,502,493,493,406,82.35294117647058,484,415,85.74380165289256,0.9641434262948207,True,22677.80078125,19435.00376953125,STRONG_MOMENTUM,POINT_IN_TIME,502,493,484,STRONG_MOMENTUM,MOMENTUM_ENABLED,True,True,True,0.9820717131474104,21392.397109375,0.5656794337593982,0.5340377978776166,0.5023961619958351,6.7308820524131505,0.6289627055229612
NCC-2023-09-11,NCC,2023-09-01,2023-09-11,6,165.5416717529297,5.828348269408943,6.596591451827806,151.40358033454154,2.4257458142290966,159.97360229492188,157.26216541338883,152.12277908325194,141.54397888183593,107.9465566253662,444192897.4889984,49.795918367346935,85.51020408163265,92.6530612244898,76.93877551020408,0.9780439121756488,2.343803559075983,True,0.9760956175298804,88.06122448979592,True,True,True,True,True,True,True,True,True,True,True,True,True,True,,2023-09-12,160.9419508089385,149.75443247158458,11.187518337353907,2023-09-12,149.75443247158458,STOP_INTRADAY,-0.0695127546368263,,-1.0,0,2023-09-11,501,491,491,431,87.78004073319755,487,455,93.42915811088297,0.9720558882235528,True,17653.349609375,15699.04951171875,STRONG_MOMENTUM,POINT_IN_TIME,501,491,487,STRONG_MOMENTUM,MOMENTUM_ENABLED,True,True,True,0.9800399201596807,16909.5040625,-1.0575433964730394,-1.086315094709559,-1.1150867929460786,11.187518337353907,-1.0
NCC-2024-02-14,NCC,2024-02-09,2024-02-14,3,217.97854614257807,8.943378910366915,9.956982543916055,199.04703233533297,2.1168189335353187,215.1702880859375,212.79778499772377,202.9689094543457,182.08325439453125,147.7844961166382,1263443235.1595917,86.12244897959184,87.14285714285714,75.91836734693878,83.46938775510205,0.9780439121756488,0.7569626131776267,True,0.9780439121756488,85.42857142857142,True,True,True,True,True,True,True,True,True,True,True,True,True,True,,2024-02-15,216.71967045437896,196.55778669935395,20.161883755025,2024-03-13,231.438776440429,SMA20,0.0679177204136092,2024-03-12,0.7300461685472002,18,2024-02-14,501,491,491,281,57.23014256619145,489,380,77.70961145194273,0.9760479041916168,True,19922.30078125,17346.2194921875,NORMAL,POINT_IN_TIME,501,491,489,NORMAL,MOMENTUM_ENABLED,True,True,True,0.9800399201596807,19359.1840234375,0.6870502514815906,0.6655522929487858,0.6440543344159809,20.161883755025002,0.7300461685472002
NCC-2024-03-01,NCC,2024-02-27,2024-03-01,3,251.7744140625,11.52296945098601,11.775352193647723,232.5040047566553,1.6723475131833971,245.04429626464844,242.7686455693684,224.95317611694333,198.08739318847657,154.9417057800293,1558480915.7873535,97.5560081466395,94.09368635437882,87.57637474541752,93.17718940936864,0.9800399201596808,1.138563604546882,True,0.9800399201596808,92.9938900203666,True,True,True,True,True,True,True,True,True,True,True,True,True,True,,2024-03-04,249.74084243191209,229.56016670824337,20.180675723668717,2024-03-12,229.56016670824337,STOP_INTRADAY,-0.080806469326981,,-1.0,5,2024-03-01,501,491,491,284,57.841140529531565,490,378,77.14285714285715,0.9780439121756488,True,20349.80078125,17618.16326171875,NORMAL,POINT_IN_TIME,501,491,490,NORMAL,MOMENTUM_ENABLED,True,True,True,0.9800399201596807,19692.01109375,-1.049500987152577,-1.0742514807288654,-1.099001974305154,20.180675723668713,-1.0
NCC-2024-06-20,NCC,2024-06-10,2024-06-20,7,321.8354797363281,19.06062047961785,16.156455984322765,303.6302395872646,0.9551231644599912,315.9768981933594,315.10534828571144,295.6703201293945,265.7691979980469,201.251519241333,2049619619.5098724,79.22606924643586,81.26272912423626,94.5010183299389,84.62321792260693,0.9780876494023903,0.9733133425351996,True,0.9800399201596808,93.84928716904275,True,True,True,True,True,True,True,True,True,True,True,True,True,True,,2024-06-21,315.9768880609557,299.5911255911839,16.38576246977175,2024-07-01,306.4869042940957,SMA20,-0.0300337908417821,2024-06-28,-0.579160340226276,6,2024-06-20,502,493,493,417,84.58417849898579,484,411,84.91735537190083,0.9641434262948207,True,22305.099609375,19212.33927734375,STRONG_MOMENTUM,POINT_IN_TIME,502,493,484,STRONG_MOMENTUM,MOMENTUM_ENABLED,True,True,True,0.9820717131474104,21099.933046875,-0.6562948376032192,-0.6948620862916908,-0.7334293349801624,16.38576246977175,-0.579160340226276
NESTLEIND-2026-02-10,NESTLEIND,2026-01-30,2026-02-10,7,1318.90478515625,25.90419099124781,27.31481742083207,1260.9973459444154,2.235446736452786,1302.339599609375,1300.7472192870343,1292.311749267578,1266.6731762695313,1207.4479040527344,1252450314.1818848,54.929577464788736,73.23943661971832,81.69014084507043,70.28169014084509,0.9920159680638724,0.9239158803576936,True,0.9920159680638724,85.43259557344065,True,True,True,True,True,True,True,True,True,True,True,True,True,True,,2026-02-11,1308.7089659813537,1254.1686415892077,54.540324392145976,2026-02-16,1270.5922119510924,SMA20,-0.0291254625902856,2026-02-13,-0.6988728881808824,3,2026-02-10,501,498,449,242,53.89755011135857,443,188,42.43792325056434,0.8842315369261478,True,23753.75,23210.356787109376,NORMAL,POINT_IN_TIME,501,449,443,NORMAL,MOMENTUM_ENABLED,True,True,True,0.8962075848303394,23551.8859765625,-0.7948539063040392,-0.8428444153656177,-0.8908349244271961,54.540324392145976,-0.6988728881808824
NETWEB-2025-09-18,NETWEB,2025-09-10,2025-09-18,6,3128.25,166.5388286489497,160.79111710501522,2820.541923968512,1.8476656676870928,3035.8076171875,2950.1610797945696,2655.639697265625,2273.087102050781,2003.8371850585936,4500269159.419434,100.0,100.0,99.59758551307849,99.87927565392354,0.9920159680638724,1.277182195333482,True,0.9920159680638724,99.87927565392354,True,True,True,True,True,True,True,True,True,True,True,True,True,True,,2025-09-19,3068.087709722044,2780.3441446922584,287.7435650297857,2025-10-17,3762.6547252556593,SMA20,0.2263843414035057,2025-10-16,2.413840307642387,19,2025-09-18,501,497,497,312,62.77665995975856,487,335,68.78850102669405,0.9720558882235528,True,23518.900390625,22257.593759765627,STRONG_MOMENTUM,POINT_IN_TIME,501,497,487,STRONG_MOMENTUM,MOMENTUM_ENABLED,True,True,True,0.9920159680638723,23019.8200390625,2.371190002543061,2.349864849993398,2.3285396974437345,287.7435650297857,2.413840307642387
NEULANDLAB-2025-10-30,NEULANDLAB,2025-10-20,2025-10-30,7,16412.66796875,536.8360558176234,522.0106632565894,15310.703675084991,2.0527017172620265,16128.193359375,15884.64295490596,15893.377197265623,15062.842109375,13119.0262109375,431941799.2124024,88.23529411764706,89.04665314401623,87.4239350912779,88.31643002028397,0.9801192842942346,2.6817947205426926,True,0.9801192842942346,84.94929006085192,True,True,True,True,True,True,True,True,True,True,True,True,True,True,,2025-10-31,16140.170289308642,15180.201009270844,959.969280037798,2025-11-21,16688.15764476989,SMA20,0.0339517703740857,2025-11-20,0.5708384287460441,14,2025-10-30,503,498,498,305,61.24497991967871,482,324,67.21991701244814,0.9582504970178928,True,23841.30078125,22334.86953125,STRONG_MOMENTUM,POINT_IN_TIME,503,498,482,STRONG_MOMENTUM,MOMENTUM_ENABLED,True,True,True,0.9900596421471173,23196.921171875,0.5035855671183339,0.4699591363044788,0.4363327054906237,959.969280037798,0.5708384287460441
NEWGEN-2024-12-16,NEWGEN,2024-12-09,2024-12-16,5,1406.4373779296875,61.84732049887578,57.70297117586062,1348.7195157627295,0.933231410858084,1406.19140625,1380.161706695363,1225.0516296386718,1238.2209765625,1017.8875228881836,331688677.14849854,87.24696356275304,93.52226720647774,94.93927125506072,92.06477732793522,0.988,0.5522177670914591,True,0.988,93.03643724696356,True,True,True,True,True,True,True,True,True,True,True,True,True,True,,2024-12-17,1411.8007984821224,1334.2937729687644,77.50702551335803,2025-01-14,1530.2872776673275,SMA20,0.0839257771440518,2025-01-13,1.528719214812139,19,2024-12-16,500,496,496,293,59.07258064516129,488,290,59.42622950819673,0.976,True,23352.44921875,22223.811494140624,NORMAL,POINT_IN_TIME,500,496,488,NORMAL,MOMENTUM_ENABLED,True,True,True,0.992,22916.50890625,1.455858681763361,1.419428415238972,1.382998148714583,77.50702551335803,1.528719214812139
NHPC-2023-09-20,NHPC,2023-09-14,2023-09-20,3,52.32586669921875,1.9497794703374496,2.035239776926664,49.51768286631659,1.4402571550392542,51.95144271850586,51.90463943875474,48.95136280059815,46.82113716125488,40.64929779052734,1739433018.0976105,82.44897959183673,76.53061224489795,63.469387755102034,74.38775510204081,0.9780439121756488,1.857984812729496,True,0.9780439121756488,75.59183673469387,True,True,True,True,True,True,True,True,True,True,True,True,True,True,,2023-09-21,50.96857419878373,49.008872922084926,1.9597012766988016,2023-09-21,49.008872922084926,STOP_INTRADAY,-0.0384492073302997,,-1.0,0,2023-09-20,501,491,491,379,77.18940936863544,488,445,91.18852459016394,0.9740518962075848,True,17449.349609375,15755.38576171875,STRONG_MOMENTUM,POINT_IN_TIME,501,491,488,STRONG_MOMENTUM,MOMENTUM_ENABLED,True,True,True,0.9800399201596807,17025.9970703125,-1.1040333540724991,-1.1560500311087487,-1.2080667081449983,1.9597012766988016,-1.0
NHPC-2023-12-13,NHPC,2023-12-07,2023-12-13,4,60.14198303222656,1.7960475532898594,2.0196133543348385,57.28699402391794,1.5895954442180975,60.14198303222656,59.62714897938197,53.38361568450928,50.3226936340332,44.4368302154541,1447667951.2487488,93.6734693877551,82.0408163265306,75.3061224489796,83.51020408163265,0.9780439121756488,1.8422030225064567,True,0.9780439121756488,83.73469387755102,True,True,True,True,True,True,True,True,True,True,True,True,True,True,,2023-12-14,60.7036212879046,56.78209068533423,3.921530602570371,2023-12-20,56.78209068533423,STOP_INTRADAY,-0.0646012629785523,,-1.0,4,2023-12-13,501,491,491,410,83.5030549898167,489,441,90.1840490797546,0.9760479041916168,True,18751.44921875,16345.1022265625,STRONG_MOMENTUM,POINT_IN_TIME,501,491,489,STRONG_MOMENTUM,MOMENTUM_ENABLED,True,True,True,0.9800399201596807,17521.01484375,-1.0619182940947764,-1.0928774411421647,-1.1238365881895531,3.921530602570371,-1.0
NIACL-2023-09-28,NIACL,2023-09-20,2023-09-28,6,141.45977783203125,5.651780960481171,5.554060176352363,132.87759749399905,1.5184913212385975,137.11993408203125,136.53475925735515,131.88488311767577,124.93761444091795,113.14683490753174,178549402.97891235,84.28571428571429,77.55102040816327,68.77551020408164,76.93877551020408,0.9780439121756488,1.6220324265887678,True,0.9780439121756488,80.42857142857143,True,True,True,True,True,True,True,True,True,True,True,True,True,True,,2023-09-29,137.9001175079932,131.48908244991097,6.411035058082234,2023-10-04,131.48908244991097,STOP_INTRADAY,-0.046490424909976,,-1.0,2,2023-09-28,501,491,491,307,62.52545824847251,488,425,87.09016393442623,0.9740518962075848,True,17170.44921875,15795.18576171875,STRONG_MOMENTUM,POINT_IN_TIME,501,491,488,STRONG_MOMENTUM,MOMENTUM_ENABLED,True,True,True,0.9800399201596807,17090.0610546875,-1.08603922222147,-1.1290588333322051,-1.1720784444429402,6.411035058082234,-1.0
NLCINDIA-2025-09-19,NLCINDIA,2025-09-12,2025-09-19,5,257.5333251953125,7.940637409528462,7.985090321526962,249.06456516999745,1.0665088441329518,256.6149597167969,255.77882629004208,237.94501800537108,234.2969790649414,229.43691314697264,270181237.87457275,91.54929577464787,85.3118712273642,39.839034205231385,73.54124748490946,0.9920159680638724,1.993329374797935,True,0.9920159680638724,76.13682092555332,True,True,True,True,True,True,True,True,True,True,True,True,True,True,,2025-09-22,256.398032252475,247.06829258961568,9.32973966285931,2025-10-09,266.60269742372617,SMA20,0.0398000916060176,2025-10-08,1.0937781267225335,12,2025-09-19,501,497,497,322,64.7887323943662,487,338,69.40451745379876,0.9720558882235528,True,23486.650390625,22262.45526367188,STRONG_MOMENTUM,POINT_IN_TIME,501,497,487,STRONG_MOMENTUM,MOMENTUM_ENABLED,True,True,True,0.9920159680638723,23018.4040625,0.983850929815564,0.9288873313620791,0.8739237329085943,9.32973966285931,1.0937781267225335
NMDC-2023-09-29,NMDC,2023-09-14,2023-09-29,10,44.8750228881836,1.4325345337041893,1.3336290878704296,42.156234910509255,1.8978865177122173,44.20279693603516,43.12722642757406,42.79858531951904,37.465309143066406,33.9986035823822,1850586928.555601,95.51020408163264,92.24489795918367,62.04081632653061,84.16326530612245,0.9780439121756488,1.0210080434901627,True,0.9780439121756488,84.14285714285714,True,True,True,True,True,True,True,True,True,True,True,True,True,True,,2023-10-03,44.69576072265602,41.822827638541646,2.872933084114372,2023-10-10,42.79858674031508,SMA20,-0.0424463965187479,2023-10-09,-0.6603613543354674,5,2023-09-29,501,491,491,326,66.39511201629328,488,436,89.34426229508196,0.9740518962075848,True,17292.599609375,15802.09326171875,STRONG_MOMENTUM,POINT_IN_TIME,501,491,488,STRONG_MOMENTUM,MOMENTUM_ENABLED,True,True,True,0.9800399201596807,17096.843046875,-0.7225914995063344,-0.753706572091768,-0.7848216446772014,2.872933084114372,-0.6603613543354674
NMDC-2023-11-20,NMDC,2023-11-13,2023-11-20,4,52.35917282104492,1.4962943994009563,1.4675410256819106,49.81964844394064,1.6972090372863708,50.999778747558594,50.96989580801836,48.14355392456055,45.89054016113281,36.04846124649048,1486315342.643629,71.83673469387755,96.3265306122449,88.57142857142857,86.65306122448979,0.9780439121756488,1.2337564779030266,True,0.9780439121756488,93.3061224489796,True,True,True,True,True,True,True,True,True,True,True,True,True,True,,2023-11-21,51.34336436477434,49.45276318752016,1.890601177254176,2023-12-21,54.077096281801616,SMA20,0.0532441134477513,2023-12-20,1.4459590684258574,21,2023-11-20,501,491,491,294,59.877800407331975,488,417,85.45081967213115,0.9740518962075848,True,17573.650390625,16083.1069921875,NORMAL,POINT_IN_TIME,501,491,488,NORMAL,MOMENTUM_ENABLED,True,True,True,0.9800399201596807,17263.731875,1.3373304163706563,1.2830160903430559,1.2287017643154554,1.890601177254176,1.4459590684258574
NSLNISP-2024-04-23,NSLNISP,2024-04-10,2024-04-23,7,65.8499984741211,3.096355594914656,3.101848226117013,59.900001525878906,1.921612930379912,65.25,64.9000015258789,60.8875,60.71699989318848,51.99900009155274,1023530898.8664263,87.5,89.54918032786885,57.377049180327866,79.2827868852459,0.9740518962075848,1.801624141350116,True,0.9740518962075848,76.33196721311475,True,True,True,True,True,True,True,True,True,True,True,True,True,True,,2024-04-24,65.6500015258789,59.124539469349656,6.52546205652925,2024-05-07,64.3499984741211,SMA20,-0.019802026223036,2024-05-06,-0.1992200767541135,8,2024-04-23,501,493,492,303,61.58536585365854,479,373,77.8705636743215,0.9560878243512974,True,20652.650390625,18340.435766601564,STRONG_MOMENTUM,POINT_IN_TIME,501,492,479,STRONG_MOMENTUM,MOMENTUM_ENABLED,True,True,True,0.9820359281437125,20232.818125,-0.23946243872459852,-0.259583619709841,-0.2797048006950835,6.52546205652925,-0.1992200767541135
NSLNISP-2025-10-09,NSLNISP,2025-10-01,2025-10-09,5,47.31999969482422,1.5971822462461225,1.555601040594848,44.650001525878906,1.6716928673735532,46.34000015258789,45.5,45.950500106811525,41.78880004882812,39.24824995040893,252016837.404171,82.1501014198783,92.0892494929006,81.33874239350912,85.88235294117646,0.9840319361277444,1.3339878118236494,True,0.9840319361277444,93.894523326572,True,True,True,True,True,True,True,True,True,True,True,True,True,True,,2025-10-10,46.369998931884766,44.2611012657302,2.1088976661545686,2025-10-13,44.90999984741211,SMA20,-0.0314858554691218,2025-10-10,-0.6923043767860321,1,2025-10-09,501,498,498,258,51.80722891566265,481,293,60.91476091476091,0.9600798403193612,True,23241.75,22255.045771484376,NORMAL,POINT_IN_TIME,501,498,481,NORMAL,MOMENTUM_ENABLED,True,True,True,0.9940119760479041,22954.598046875,-0.7802555366285812,-0.8242311165498556,-0.8682066964711301,2.1088976661545686,-0.6923043767860321
NTPC-2023-08-16,NTPC,2023-08-01,2023-08-16,10,207.6230926513672,4.529057612891363,4.413255842630642,197.3410792757732,2.270232409128024,203.32830810546875,200.1023397669546,194.36035842895507,181.4680841064453,162.7276338195801,2593617851.460724,92.22903885480572,78.11860940695297,74.23312883435584,81.18609406952966,0.9741035856573704,0.7233204651683179,True,0.9741035856573704,83.00613496932515,True,True,True,True,True,True,True,True,True,True,True,True,True,True,,2023-08-17,205.1984503401739,196.23776531511555,8.960685025058353,2023-10-05,221.8424288481086,SMA20,0.0811116189247171,2023-10-04,1.857444878532186,33,2023-08-16,502,491,491,326,66.39511201629328,483,391,80.95238095238095,0.9621513944223108,True,16853.05078125,15558.881508789062,STRONG_MOMENTUM,POINT_IN_TIME,502,491,483,STRONG_MOMENTUM,MOMENTUM_ENABLED,True,True,True,0.9780876494023905,16561.9891015625,1.7658454306032203,1.7200457066387373,1.6742459826742546,8.960685025058353,1.857444878532186
NTPC-2023-09-18,NTPC,2023-09-11,2023-09-18,5,227.31256103515625,5.212143384889288,5.244504638984469,218.00871601809496,1.7850324386766494,225.5359344482422,223.7593417203356,215.09601593017572,200.3504220581055,169.50172653198243,3087266343.578842,77.3469387755102,84.6938775510204,62.85714285714285,75.93877551020407,0.9780439121756488,0.7959300573387112,True,0.9780439121756488,75.77551020408163,True,True,True,True,True,True,True,True,True,True,True,True,True,True,,2023-09-20,225.81645223150085,216.69758985834883,9.118862373152012,2023-10-04,216.69758985834883,STOP_INTRADAY,-0.0403817449217721,,-1.0,9,2023-09-18,501,491,491,401,81.67006109979633,488,450,92.21311475409836,0.9740518962075848,True,17613.599609375,15747.201264648438,STRONG_MOMENTUM,POINT_IN_TIME,501,491,488,STRONG_MOMENTUM,MOMENTUM_ENABLED,True,True,True,0.9800399201596807,17008.085078125,-1.099054659667353,-1.1485819895010294,-1.198109319334706,9.118862373152012,-1.0
NTPC-2023-12-26,NTPC,2023-12-19,2023-12-26,4,292.33660888671875,6.932711463244415,7.833650981423977,276.806346122468,2.240142669515164,292.2893981933594,291.67578897193164,271.2598731994629,244.85940856933595,197.8276594543457,5091278016.478928,92.24489795918367,85.71428571428571,89.59183673469387,88.83673469387755,0.9780439121756488,0.539685320246161,True,0.9780439121756488,90.3265306122449,True,True,True,True,True,True,True,True,True,True,True,True,True,True,,2023-12-27,294.1775672795284,274.84793337711204,19.329633902416333,2024-01-18,291.6757727968891,SMA20,-0.0085043686565742,2024-01-17,-0.1294279289131573,16,2023-12-26,501,491,491,404,82.28105906313645,489,439,89.77505112474438,0.9760479041916168,True,19148.849609375,16519.02472167969,STRONG_MOMENTUM,POINT_IN_TIME,501,491,489,STRONG_MOMENTUM,MOMENTUM_ENABLED,True,True,True,0.9800399201596807,17808.426875,-0.19030390178768847,-0.220741888224954,-0.2511798746622196,19.329633902416333,-0.12942792891315735
NTPC-2024-01-15,NTPC,2024-01-09,2024-01-15,4,301.8719482421875,7.8332614729710945,7.663103575409397,290.7788999316605,1.416146818129833,299.5588684082031,297.6707405998424,292.7779800415039,265.13841430664064,207.0610340881348,3855503224.675659,63.469387755102034,82.24489795918367,88.9795918367347,78.63265306122449,0.9780439121756488,0.6991366823924792,True,0.9780439121756488,85.44897959183675,True,True,True,True,True,True,True,True,True,True,True,True,True,True,,2024-01-16,299.5116928370003,288.8631240378081,10.648568799192162,2024-01-18,291.6757727968891,SMA20,-0.0261623176240256,2024-01-17,-0.7358660293114381,2,2024-01-15,501,491,491,414,84.31771894093686,489,436,89.16155419222905,0.9760479041916168,True,19885.55078125,16840.98322753906,STRONG_MOMENTUM,POINT_IN_TIME,501,491,489,STRONG_MOMENTUM,MOMENTUM_ENABLED,True,True,True,0.9800399201596807,18438.861953125,-0.8483738032612,-0.9046276902360812,-0.9608815772109622,10.648568799192162,-0.7358660293114381
NTPC-2024-02-01,NTPC,2024-01-29,2024-02-01,3,306.4035339355469,8.819323241768013,8.773210762622533,295.12168927526204,1.2792188641929352,303.9960632324219,302.10792937992125,295.7306182861328,279.8199133300781,214.39991355895995,6207718611.222839,54.08163265306123,78.9795918367347,85.71428571428571,73.53061224489795,0.9780439121756488,1.1479636447329862,True,0.9780439121756488,77.95918367346938,True,True,True,True,True,True,True,True,True,True,True,True,True,True,,2024-02-02,305.8842553160244,292.9283865846064,12.95586873141798,2024-02-13,303.67545339184574,SMA20,-0.0072210383038402,2024-02-12,-0.1704865933707952,7,2024-02-01,501,491,491,339,69.04276985743381,489,410,83.84458077709611,0.9760479041916168,True,19777.349609375,17120.335478515626,STRONG_MOMENTUM,POINT_IN_TIME,501,491,489,STRONG_MOMENTUM,MOMENTUM_ENABLED,True,True,True,0.9800399201596807,18961.366953125,-0.26492541847999235,-0.3121448310345909,-0.35936424358918945,12.95586873141798,-0.17048659337079528
NTPC-2024-02-14,NTPC,2024-02-06,2024-02-14,6,318.5947570800781,8.71666539327144,9.156594140944886,299.8145943913101,2.154512286689901,312.6842041015625,308.8233263320677,302.65431060791013,292.4664318847656,221.3669676971436,6207718611.222839,72.0408163265306,80.40816326530611,82.44897959183673,78.51020408163265,0.9780439121756488,0.6943922752639702,True,0.9780439121756488,74.53061224489797,True,True,True,True,True,True,True,True,True,True,True,True,True,True,,2024-02-15,315.5441343100877,297.525445856074,18.018688454013727,2024-03-14,306.0587187606296,SMA20,-0.0300605034861359,2024-03-13,-0.5264209752927511,19,2024-02-14,501,491,491,281,57.23014256619145,489,380,77.70961145194273,0.9760479041916168,True,19922.30078125,17346.2194921875,NORMAL,POINT_IN_TIME,501,491,489,NORMAL,MOMENTUM_ENABLED,True,True,True,0.9800399201596807,19359.1840234375,-0.5964691666725845,-0.6314932623625015,-0.6665173580524182,18.018688454013727,-0.5264209752927511
NTPC-2024-03-01,NTPC,2024-02-20,2024-03-01,8,329.5577392578125,8.742625936944762,7.703521853107581,315.1627638800516,1.6465276544579552,327.46044921875,320.3106071042847,318.4135803222656,304.02776000976564,231.0412060546875,4335146766.188416,78.81873727087576,82.07739307535643,84.72505091649694,81.89409368635438,0.9800399201596808,0.8828262602722612,True,0.9780439121756488,84.36734693877551,True,True,True,True,True,True,True,True,True,True,True,True,True,True,,2024-03-04,331.75033559848475,313.2368834167747,18.51345218171008,2024-03-13,313.2368834167747,STOP_INTRADAY,-0.0558053758960376,,-1.0,6,2024-03-01,501,491,491,284,57.841140529531565,490,378,77.14285714285715,0.9780439121756488,True,20349.80078125,17618.16326171875,NORMAL,POINT_IN_TIME,501,491,490,NORMAL,MOMENTUM_ENABLED,True,True,True,0.9800399201596807,19692.01109375,-1.0716776822263823,-1.1075165233395734,-1.1433553644527645,18.51345218171008,-1.0
NUVAMA-2024-09-09,NUVAMA,2024-09-03,2024-09-09,4,1305.2156982421875,55.65159289045757,54.53635223137529,1241.2453261035264,1.1494796252207533,1301.8427734375,1285.5755480949726,1238.6804931640625,1109.5636413574218,878.1557885742187,665347331.444397,78.29614604462475,86.61257606490872,95.131845841785,86.67342799188641,0.9820717131474104,1.0227036378303254,True,0.9820717131474104,85.49695740365111,True,True,True,True,True,True,True,True,True,True,True,True,True,True,,2024-09-10,1301.8427674682844,1227.6112380456825,74.23152942260185,2024-09-20,1272.0741176790707,SMA20,-0.022866547737639,2024-09-19,-0.4010243358956009,8,2024-09-09,502,494,493,255,51.72413793103448,489,394,80.57259713701431,0.9741035856573704,True,23502.150390625,20836.13603515625,NORMAL,POINT_IN_TIME,502,493,489,NORMAL,MOMENTUM_ENABLED,True,True,True,0.9820717131474104,23160.704921875,-0.4711747303489801,-0.5062499275756696,-0.5413251248023592,74.23152942260185,-0.40102433589560094
NUVAMA-2024-09-20,NUVAMA,2024-09-13,2024-09-20,5,1341.383544921875,51.558467622818114,53.76840066635203,1249.9186036047624,1.7740042622336032,1339.0994873046875,1305.813190350388,1281.7660400390623,1176.7633837890626,910.2174032592774,463705738.9425659,87.0182555780933,93.91480730223124,90.06085192697769,90.6896551724138,0.9840319361277444,1.893185022057328,True,0.9820717131474104,90.6896551724138,True,True,True,True,True,True,True,True,True,True,True,True,True,True,,2024-09-23,1339.099434115577,1236.4765034381744,102.62293067740256,2024-10-03,1247.7985060563976,SMA20,-0.0681808428359765,2024-10-01,-0.8896737547496651,7,2024-09-20,501,494,493,281,56.99797160243407,489,392,80.16359918200409,0.9760479041916168,True,24193.80078125,21121.88478515625,NORMAL,POINT_IN_TIME,501,493,489,NORMAL,MOMENTUM_ENABLED,True,True,True,0.9840319361277445,23343.9179296875,-0.941868695014042,-0.9679661651462304,-0.9940636352784188,102.62293067740256,-0.8896737547496651
NUVAMA-2024-12-16,NUVAMA,2024-12-10,2024-12-16,4,1431.0382080078125,52.26666633152611,52.20720788171391,1326.7903885136427,1.9945373755603344,1354.4342041015625,1351.7322196569676,1317.270062255859,1312.0662060546874,1094.6534313964844,513988867.03704834,59.10931174089069,67.00404858299595,90.2834008097166,71.61943319838056,0.988,2.444749246580636,True,0.988,70.4655870445344,True,True,True,True,True,True,True,True,True,True,True,True,True,True,,2024-12-17,1354.4342290453774,1313.7385865432143,40.69564250216308,2024-12-23,1313.7385865432143,STOP_INTRADAY,-0.030046230100701,,-1.0,4,2024-12-16,500,496,496,293,59.07258064516129,488,290,59.42622950819673,0.976,True,23352.44921875,22223.811494140624,NORMAL,POINT_IN_TIME,500,496,488,NORMAL,MOMENTUM_ENABLED,True,True,True,0.992,22916.50890625,-1.1331281823574488,-1.1996922735361732,-1.2662563647148977,40.69564250216308,-1.0
NYKAA-2024-09-05,NYKAA,2024-08-23,2024-09-05,9,226.7700042724609,11.231991895278105,9.379819227320835,204.2400054931641,2.005877407084706,215.3999938964844,210.6000061035156,205.152498626709,191.0489993286133,172.93765007019044,2291215466.047592,82.75862068965517,80.12170385395537,76.8762677484787,79.93914807302231,0.9820717131474104,1.4600201346188002,True,0.9801192842942346,88.9655172413793,True,True,True,True,True,True,True,True,True,True,True,True,True,True,,2024-09-06,216.9900054931641,201.89505068633383,15.09495480683026,2024-09-13,208.0,SMA20,-0.0414305049337735,2024-09-12,-0.5955635911606861,5,2024-09-05,502,494,493,302,61.257606490872206,489,410,83.84458077709611,0.9741035856573704,True,23762.80078125,20773.62978515625,STRONG_MOMENTUM,POINT_IN_TIME,502,493,489,STRONG_MOMENTUM,MOMENTUM_ENABLED,True,True,True,0.9820717131474104,23120.591953125,-0.6530635991487801,-0.681813603142827,-0.710563607136874,15.094954806830259,-0.5955635911606861
NYKAA-2025-07-17,NYKAA,2025-07-14,2025-07-17,3,220.02999877929688,5.8257796122830525,5.579339463911078,213.44000244140625,1.131178447601468,217.47000122070312,216.9499969482422,208.42449951171875,202.2970001220703,182.2371996307373,1549386356.947548,84.90945674044266,58.95372233400402,88.93360160965796,75.7344064386318,0.994,0.8949192220667943,True,0.994,81.48893360160966,True,True,True,True,True,True,True,True,True,True,True,True,True,True,,2025-07-18,217.47000122070312,212.04516757542848,5.424833645274646,2025-07-21,212.04516757542848,STOP_INTRADAY,-0.0249452044641741,,-1.0,1,2025-07-17,500,497,497,376,75.65392354124748,479,327,68.26722338204593,0.958,True,23419.69921875,22276.32173828125,STRONG_MOMENTUM,POINT_IN_TIME,500,497,479,STRONG_MOMENTUM,MOMENTUM_ENABLED,True,True,True,0.994,23062.81796875,-1.1603514617707273,-1.240527192656091,-1.3207029235414547,5.424833645274646,-1.0
NYKAA-2025-09-15,NYKAA,2025-09-08,2025-09-15,5,247.27999877929688,6.425759654399899,6.306639741771988,235.1999969482422,1.8799336546587408,240.97999572753903,240.47000122070312,233.8924987792969,220.55339813232425,190.1256494140625,1534954668.9341888,89.53722334004024,92.95774647887325,88.12877263581488,90.48289738430584,0.9920159680638724,0.7996183373057184,True,0.9920159680638724,94.08450704225352,True,True,True,True,True,True,True,True,True,True,True,True,True,True,,2025-09-16,241.02999877929688,233.6233370127992,7.406661766497677,2025-09-24,238.6999969482422,SMA20,-0.0096668540963989,2025-09-23,-0.314581913486844,6,2025-09-15,501,497,497,254,51.10663983903421,487,321,65.91375770020534,0.9720558882235528,True,23215.849609375,22244.965,NORMAL,POINT_IN_TIME,501,497,487,NORMAL,MOMENTUM_ENABLED,True,True,True,0.9920159680638723,23026.876015625,-0.44475121586786553,-0.5098358670583764,-0.5749205182488871,7.4066617664976775,-0.314581913486844
NYKAA-2025-10-16,NYKAA,2025-10-10,2025-10-16,4,265.19000244140625,7.188061495076001,7.103684795826764,254.8600006103516,1.4371053778728788,263.3099975585937,262.7799987792969,248.26249923706047,235.9975988769532,198.81914932250976,934013523.985016,91.68356997971604,95.131845841785,88.03245436105477,91.96754563894524,0.9801192842942346,0.9949868383139368,True,0.9840319361277444,93.4077079107505,True,True,True,True,True,True,True,True,True,True,True,True,True,True,,2025-10-17,261.29998779296875,253.08407941139487,8.215908381573882,2025-10-23,253.08407941139487,STOP_INTRADAY,-0.0314424369130987,,-1.0,3,2025-10-16,503,498,498,268,53.81526104417671,482,307,63.69294605809128,0.9582504970178928,True,23563.80078125,22274.728779296875,NORMAL,POINT_IN_TIME,503,498,482,NORMAL,MOMENTUM_ENABLED,True,True,True,0.9900596421471173,22999.95109375,-1.1272166025507275,-1.1908249038260912,-1.2544332051014548,8.215908381573882,-1.0
OFSS-2024-02-02,OFSS,2024-01-19,2024-02-02,8,6184.23828125,269.4332053161087,258.0249361450089,5738.119462052836,1.655767776186909,5902.77294921875,5864.1045893051205,5022.615112304688,4258.896181640625,3659.931223144531,1340354622.9211426,98.36734693877553,93.87755102040816,88.36734693877551,93.57142857142856,0.9780439121756488,0.7453181918764981,True,0.9780439121756488,95.30612244897958,True,True,True,True,True,True,True,True,True,True,True,True,True,True,,2024-02-05,5922.46623397871,5673.613228016584,248.8530059621262,2024-04-10,7576.188696181012,SMA20,0.2792286856300626,2024-04-09,6.645378687746244,44,2024-02-02,501,491,491,333,67.82077393075356,489,406,83.02658486707567,0.9760479041916168,True,19910.80078125,17145.553232421877,STRONG_MOMENTUM,POINT_IN_TIME,501,491,489,STRONG_MOMENTUM,MOMENTUM_ENABLED,True,True,True,0.9800399201596807,19007.57296875,6.550182470025971,6.502584361165835,6.454986252305699,248.8530059621262,6.645378687746244
OFSS-2024-02-22,OFSS,2024-02-16,2024-02-22,3,7119.81884765625,314.6829236402463,290.9110297939216,6864.881265079465,0.810141140255313,7112.31005859375,7095.089495502441,6493.184765625,5121.561904296875,3929.293483886719,1470641898.1586914,90.4276985743381,98.57433808553972,93.0753564154786,94.48065173116088,0.9800399201596808,0.9896819677199522,True,0.9780439121756488,97.2857142857143,True,True,True,True,True,True,True,True,True,True,True,True,True,True,,2024-02-23,7194.906627711266,6792.153507630985,402.7531200802814,2024-04-10,7576.188696181012,SMA20,0.0529933310046351,2024-04-09,0.9466892978848798,30,2024-02-22,501,491,491,298,60.692464358452135,489,389,79.55010224948876,0.9760479041916168,True,20283.94921875,17472.92249511719,STRONG_MOMENTUM,POINT_IN_TIME,501,491,489,STRONG_MOMENTUM,MOMENTUM_ENABLED,True,True,True,0.9800399201596807,19526.1800390625,0.875232057516119,0.8395034373317385,0.803774817147358,402.7531200802814,0.9466892978848798
OFSS-2024-09-10,OFSS,2024-09-03,2024-09-10,5,10625.5673828125,332.1734264030717,334.9886073801549,9980.117011590051,1.943112602990804,10441.955078125,10225.737858429262,10210.02265625,9985.15177734375,7197.805006103516,2467156178.551269,65.51724137931035,88.64097363083164,88.03245436105477,81.5212981744422,0.9820717131474104,1.4830885492184165,True,0.9820717131474104,90.36511156186612,True,True,True,True,True,True,True,True,True,True,True,True,True,True,,2024-09-11,10576.174395209637,9896.369859745017,679.8045354646201,2024-09-19,10711.228649768656,SMA20,0.012769669779669,2024-09-18,0.198666304082119,6,2024-09-10,502,494,493,279,56.5922920892495,489,403,82.41308793456032,0.9741035856573704,True,23643.650390625,20868.0712890625,NORMAL,POINT_IN_TIME,502,493,489,NORMAL,MOMENTUM_ENABLED,True,True,True,0.9820717131474104,23182.3839453125,0.1364356254475272,0.10532028613022995,0.07420494681293274,679.8045354646201,0.19866630408212166
OFSS-2026-08-14,OFSS,2026-08-11,2026-08-14,3,11896.0,378.38551756778304,385.84547452493416,11318.0,1.527542607114868,11828.0,11686.0,11435.7,10894.22,8571.695830078124,2926115704.0,56.00000000000001,86.0,98.6,80.78,1.0,1.030825698310664,True,1.0,83.42,True,True,True,True,True,True,True,True,True,True,True,True,True,True,,2026-08-17,11815.0,11221.538631368769,593.4613686312314,2026-08-25,11518.0,SMA20,-0.0251375370292001,2026-08-24,-0.500453804912366,6,2026-08-14,500,500,500,285,56.99999999999999,420,244,58.0952380952381,0.84,True,23594.900390625,23085.6903125,NORMAL,POINT_IN_TIME,500,500,420,NORMAL,MOMENTUM_ENABLED,True,True,True,1.0,23183.9540234375,-0.5800883059903404,-0.6199055565293277,-0.6597228070683149,593.4613686312314,-0.500453804912366
OIL-2024-01-18,OIL,2024-01-15,2024-01-18,3,246.4945526123047,8.816674940510461,9.48993694663192,234.0610228671159,1.410228893441423,245.8417816162109,239.34527623844772,236.35657806396483,211.80271759033204,176.6580770111084,1655143799.312378,91.02040816326532,70.61224489795919,85.91836734693878,81.32653061224491,0.9780439121756488,1.84487228886719,True,0.9780439121756488,84.55102040816327,True,True,True,True,True,True,True,True,True,True,True,True,True,True,,2024-01-19,249.13670674635443,231.6885386304579,17.44816811589652,2024-03-14,356.7177052972423,SMA20,0.4318151265458278,2024-03-13,6.1657474776893,36,2024-01-18,501,491,491,353,71.89409368635438,489,420,85.88957055214725,0.9760479041916168,True,19414.80078125,16918.919985351564,STRONG_MOMENTUM,POINT_IN_TIME,501,491,489,STRONG_MOMENTUM,MOMENTUM_ENABLED,True,True,True,0.9800399201596807,18600.9669921875,6.108632781156917,6.080075432890727,6.0515180846245356,17.44816811589652,6.1657474776893
OIL-2024-03-01,OIL,2024-02-20,2024-03-01,8,375.9275207519531,21.67307957514044,20.708880076952493,338.1917836781108,1.7411340618675248,366.2604675292969,355.10137143911265,337.35406494140625,280.789938659668,199.57394104003907,3896221908.0498047,99.79633401221996,99.59266802443992,97.75967413441956,99.10386965376782,0.9800399201596808,1.662664984927786,True,0.9780439121756488,98.3469387755102,True,True,True,True,True,True,True,True,True,True,True,True,True,True,,2024-03-04,369.2755858133261,333.01456365887265,36.26102215445343,2024-03-14,356.7177052972423,SMA20,-0.0340067987122007,2024-03-13,-0.3463189885435012,7,2024-03-01,501,491,491,284,57.841140529531565,490,378,77.14285714285715,0.9780439121756488,True,20349.80078125,17618.16326171875,NORMAL,POINT_IN_TIME,501,491,490,NORMAL,MOMENTUM_ENABLED,True,True,True,0.9800399201596807,19692.01109375,-0.3870542534503094,-0.4074218859037136,-0.4277895183571177,36.26102215445343,-0.3463189885435012
OIL-2024-05-14,OIL,2024-05-08,2024-05-14,4,404.4640197753906,16.19357683843877,16.60117110380969,371.8871838979001,2.0117134220873747,391.1744689941406,390.4483743703851,390.09959869384767,381.4693249511719,252.53961471557616,2375567196.1974792,44.87704918032787,94.05737704918032,97.1311475409836,80.22540983606557,0.9740518962075848,0.6342707452969741,True,0.9740518962075848,87.60245901639345,True,True,True,True,True,True,True,True,True,True,True,True,True,True,,2024-05-15,393.0052968555013,367.7368911219477,25.268405733553607,2024-05-30,404.2430659653014,SMA20,0.0285944469443931,2024-05-29,0.4447359769468016,10,2024-05-14,501,493,492,288,58.53658536585365,480,357,74.375,0.9580838323353292,True,20683.80078125,18638.31026367188,NORMAL,POINT_IN_TIME,501,492,480,NORMAL,MOMENTUM_ENABLED,True,True,True,0.9820359281437125,20427.9570703125,0.38252306157737104,0.3514166038926557,0.3203101462079404,25.268405733553607,0.4447359769468016
OIL-2024-05-24,OIL,2024-05-21,2024-05-24,3,419.2056274414063,16.114511770902357,15.318239036625329,408.5993023026382,0.6581847026802066,417.8799133300781,417.8167809722808,399.6485260009766,387.0572668457031,261.35551040649415,2455651242.1891174,81.42857142857143,75.91836734693878,96.93877551020408,83.87755102040816,0.9780439121756488,0.6520368586901154,True,0.9780439121756488,88.57142857142857,True,True,True,True,True,True,True,True,True,True,True,True,True,True,,2024-05-27,419.3950843542791,404.76974254348187,14.625341810797238,2024-05-29,404.76974254348187,STOP_INTRADAY,-0.0348724683631309,,-1.0,2,2024-05-24,501,493,492,336,68.29268292682927,480,364,75.83333333333333,0.9580838323353292,True,21483.75,18786.948759765623,STRONG_MOMENTUM,POINT_IN_TIME,501,492,480,STRONG_MOMENTUM,MOMENTUM_ENABLED,True,True,True,0.9820359281437125,20551.7060546875,-1.1147036670403583,-1.1720555005605373,-1.2294073340807166,14.625341810797238,-1.0
OLECTRA-2023-09-08,OLECTRA,2023-08-31,2023-09-08,6,1247.9459228515625,58.167620164426864,49.31193003059868,1214.0232282034474,0.5831886288664249,1245.1484375,1242.250576031132,1203.776544189453,1188.7456518554689,750.9511103820801,784313169.4318848,85.3061224489796,95.10204081632652,98.57142857142858,93.20408163265306,0.9780439121756488,1.051013676623891,True,0.9760956175298804,90.24489795918367,True,True,True,True,True,True,True,True,True,True,True,True,True,True,,2023-09-11,1264.932271791395,1201.6952456957977,63.23702609559723,2023-09-12,1201.6952456957977,STOP_INTRADAY,-0.0499924205475768,,-1.0,1,2023-09-08,501,491,491,414,84.31771894093686,487,451,92.60780287474331,0.9720558882235528,True,17487.44921875,15688.051762695311,STRONG_MOMENTUM,POINT_IN_TIME,501,491,487,STRONG_MOMENTUM,MOMENTUM_ENABLED,True,True,True,0.9800399201596807,16885.0370703125,-1.0800121289624949,-1.1200181934437423,-1.1600242579249898,63.23702609559723,-1.0
OLECTRA-2024-01-24,OLECTRA,2024-01-10,2024-01-24,9,1708.2347412109375,75.15776319996493,87.25175830224134,1549.2606858531428,2.1152047185708267,1693.74169921875,1684.995885932828,1524.2925354003903,1345.819719238281,1092.863726196289,2036218852.298035,97.95918367346938,92.44897959183672,63.06122448979592,85.28571428571429,0.9780439121756488,1.989871858752685,True,0.9780439121756488,87.40816326530613,True,True,True,True,True,True,True,True,True,True,True,True,True,True,,2024-01-25,1699.938656200601,1527.4477462775826,172.4909099230183,2024-02-29,1957.066063267645,SMA20,0.1512568739637518,2024-02-28,1.4906722167666604,24,2024-01-24,501,491,491,324,65.9877800407332,489,406,83.02658486707567,0.9760479041916168,True,19451.0,16996.138735351564,STRONG_MOMENTUM,POINT_IN_TIME,501,491,489,STRONG_MOMENTUM,MOMENTUM_ENABLED,True,True,True,0.9800399201596807,18734.1059765625,1.4512512720465178,1.4315407996864464,1.411830327326375,172.4909099230183,1.4906722167666604
ONGC-2024-02-14,ONGC,2024-02-08,2024-02-14,4,242.52410888671875,8.142965942572186,8.798832271035536,226.1427651359592,2.011717090098134,238.70626831054688,232.9794303196176,223.4791206359864,199.2542337036133,162.88314041137696,6448177330.016945,92.85714285714286,84.89795918367346,83.6734693877551,86.91836734693878,0.9780439121756488,1.280273618996167,True,0.9780439121756488,85.75510204081633,True,True,True,True,True,True,True,True,True,True,True,True,True,True,,2024-02-15,241.19227609563865,223.94305706820035,17.2492190274383,2024-02-29,238.73155984611117,SMA20,-0.0102023012069912,2024-02-28,-0.1426566759696917,10,2024-02-14,501,491,491,281,57.23014256619145,489,380,77.70961145194273,0.9760479041916168,True,19922.30078125,17346.2194921875,NORMAL,POINT_IN_TIME,501,491,489,NORMAL,MOMENTUM_ENABLED,True,True,True,0.9800399201596807,19359.1840234375,-0.1985878519173025,-0.22655343989110868,-0.25451902786491487,17.2492190274383,-0.14265667596969014
ONGC-2024-03-01,ONGC,2024-02-20,2024-03-01,8,249.1816864013672,8.37885793508264,7.146632019298101,235.5785165885408,1.6235112133682688,243.7313995361328,239.9477603488145,241.54751586914065,215.650717163086,169.15382347106933,4761935280.356644,85.5397148676171,87.9837067209776,85.33604887983707,86.45621181262729,0.9800399201596808,0.5815341329010121,True,0.9780439121756488,87.89795918367346,True,True,True,True,True,True,True,True,True,True,True,True,True,True,,2024-03-04,245.71333955854007,233.7918585837163,11.921480974823766,2024-03-13,243.95663169422107,SMA20,-0.0071494200008643,2024-03-12,-0.1473565128383696,6,2024-03-01,501,491,491,284,57.841140529531565,490,378,77.14285714285715,0.9780439121756488,True,20349.80078125,17618.16326171875,NORMAL,POINT_IN_TIME,501,491,490,NORMAL,MOMENTUM_ENABLED,True,True,True,0.9800399201596807,19692.01109375,-0.22980041056464934,-0.27102235942778924,-0.3122443082909291,11.921480974823766,-0.14735651283836962
PATANJALI-2023-12-14,PATANJALI,2023-12-08,2023-12-14,4,522.0382080078125,17.42106420067798,17.898968197253687,488.5100740593588,1.9245743866295408,510.8023986816406,510.33017082315104,474.3856552124024,450.2747534179687,382.607960357666,776626637.3422394,52.44897959183673,80.40816326530611,82.0408163265306,72.51020408163265,0.9780439121756488,0.9089387819825198,True,0.9780439121756488,79.77551020408163,True,True,True,True,True,True,True,True,True,True,True,True,True,True,,2023-12-15,514.5639759395289,484.0353320100454,30.52864392948345,2024-01-03,509.15779613164784,SMA20,-0.0105063316918173,2024-01-02,-0.1770854879885419,12,2023-12-14,501,491,491,414,84.31771894093686,489,441,90.1840490797546,0.9760479041916168,True,18973.849609375,16365.27822265625,STRONG_MOMENTUM,POINT_IN_TIME,501,491,489,STRONG_MOMENTUM,MOMENTUM_ENABLED,True,True,True,0.9800399201596807,17554.63984375,-0.24450597048728565,-0.27821621173665745,-0.3119264529860293,30.52864392948345,-0.17708548798854198
PATANJALI-2024-01-03,PATANJALI,2023-12-22,2024-01-03,6,528.1282348632812,18.69509478938013,17.438793792999427,497.9709397113254,1.613112717090201,519.3025512695312,513.114695408712,513.7799209594726,474.4905206298829,395.8373379516602,1059830136.1471252,74.28571428571429,80.81632653061224,64.6938775510204,74.0204081632653,0.9780439121756488,1.6338389699570814,True,0.9780439121756488,82.14285714285714,True,True,True,True,True,True,True,True,True,True,True,True,True,True,,2024-01-04,529.2193854731515,493.6112412630756,35.60814421007592,2024-01-17,514.5640619778374,SMA20,-0.0276923406390555,2024-01-16,-0.4115722349598665,9,2024-01-03,501,491,491,422,85.94704684317719,489,443,90.59304703476482,0.9760479041916168,True,19367.150390625,16633.734721679688,STRONG_MOMENTUM,POINT_IN_TIME,501,491,489,STRONG_MOMENTUM,MOMENTUM_ENABLED,True,True,True,0.9800399201596807,18006.349921875,-0.4710214870580312,-0.5007461131071136,-0.5304707391561959,35.60814421007592,-0.41157223495986656
PATANJALI-2024-09-10,PATANJALI,2024-09-02,2024-09-10,6,644.2559814453125,17.678970175765162,17.260046897596226,614.2586611412634,1.6967798466660873,634.8675537109375,632.0051629611966,619.289013671875,575.4610009765624,508.9566673278808,1077502858.620758,71.39959432048681,87.2210953346856,56.3894523326572,73.22515212981745,0.9820717131474104,1.02019138116573,True,0.9820717131474104,80.64908722109534,True,True,True,True,True,True,True,True,True,True,True,True,True,True,,2024-09-11,628.4722530175702,609.9436494168643,18.52860360070588,2024-09-13,609.9436494168643,STOP_INTRADAY,-0.0294819755553915,,-1.0,2,2024-09-10,502,494,493,279,56.5922920892495,489,403,82.41308793456032,0.9741035856573704,True,23643.650390625,20868.0712890625,NORMAL,POINT_IN_TIME,502,493,489,NORMAL,MOMENTUM_ENABLED,True,True,True,0.9820717131474104,23182.3839453125,-1.1356761181924422,-1.2035141772886633,-1.2713522363848844,18.52860360070588,-1.0
PAYTM-2023-09-05,PAYTM,2023-08-23,2023-09-05,9,904.75,31.64795528112964,29.58605706951687,850.0,1.729969582984249,881.0999755859375,865.0,865.3075012207031,841.7709973144531,675.6419985961915,2353880338.7955933,71.83673469387755,70.81632653061224,75.51020408163265,72.53061224489795,0.9760956175298804,1.0091735228822778,True,0.9741035856573704,79.95910020449898,True,True,True,True,True,True,True,True,True,True,True,True,True,True,,2023-09-06,884.5499877929688,842.6034857326208,41.94650206034794,2023-09-13,868.5499877929688,SMA20,-0.0180882937321851,2023-09-12,-0.3814382419058683,5,2023-09-05,502,492,491,399,81.26272912423626,484,439,90.70247933884298,0.9641434262948207,True,17252.099609375,15661.321015625,STRONG_MOMENTUM,POINT_IN_TIME,502,491,484,STRONG_MOMENTUM,MOMENTUM_ENABLED,True,True,True,0.9780876494023905,16812.02310546875,-0.4657885399612701,-0.507963688988971,-0.550138838016672,41.94650206034794,-0.3814382419058683
PAYTM-2023-10-18,PAYTM,2023-10-11,2023-10-18,5,971.75,29.723335622326854,28.019986252750552,925.0,1.572838277440284,947.9500122070312,946.2999877929688,895.9099945068359,879.9139990234376,731.0894982910156,1672237503.7858276,84.89795918367346,63.6734693877551,76.73469387755102,73.95918367346938,0.9780439121756488,1.0020557702876514,True,0.9780439121756488,79.48979591836735,True,True,True,True,True,True,True,True,True,True,True,True,True,True,,2023-10-19,952.0,917.9950034368125,34.00499656318755,2023-10-23,917.9950034368125,STOP_INTRADAY,-0.0357195342050289,,-1.0,2,2023-10-18,501,491,491,298,60.692464358452135,488,432,88.52459016393442,0.9740518962075848,True,17344.0,15901.523500976562,STRONG_MOMENTUM,POINT_IN_TIME,501,491,488,STRONG_MOMENTUM,MOMENTUM_ENABLED,True,True,True,0.9800399201596807,17187.5749609375,-1.1119835431514906,-1.1679753147272358,-1.223967086302981,34.00499656318755,-1.0
PAYTM-2024-09-24,PAYTM,2024-09-16,2024-09-24,6,682.1500244140625,34.97410037419481,34.61925463157742,628.5,1.533992978805753,680.9500122070312,676.4000244140625,635.0125030517578,558.4289990234375,497.0742494201661,7067076594.876373,98.58012170385396,98.98580121703854,88.84381338742394,95.8215010141988,0.986,1.109669091412841,True,0.9820717131474104,95.94320486815415,True,True,True,True,True,True,True,True,True,True,True,True,True,True,,2024-09-25,680.9500122070312,619.8451863421056,61.1048258649256,2024-10-08,657.25,SMA20,-0.0348043348001669,2024-10-07,-0.3878582725924295,8,2024-09-24,500,493,493,306,62.06896551724138,490,403,82.24489795918367,0.98,True,24389.69921875,21188.8027734375,STRONG_MOMENTUM,POINT_IN_TIME,500,493,490,STRONG_MOMENTUM,MOMENTUM_ENABLED,True,True,True,0.986,23397.2819140625,-0.43243413072267245,-0.45472205978779395,-0.4770099888529154,61.1048258649256,-0.3878582725924295
PAYTM-2025-10-27,PAYTM,2025-10-21,2025-10-27,3,1308.199951171875,32.925862539932005,31.79206568067408,1280.0,0.8564681073327847,1306.199951171875,1297.300048828125,1233.8150024414062,1226.1080004882813,955.5115008544922,4215761641.378784,92.90060851926978,92.90060851926978,93.91480730223124,93.20486815415822,0.9801192842942346,0.9775560489171076,True,0.9801192842942346,96.06490872210954,True,True,True,True,True,True,True,True,True,True,True,True,True,True,,2025-10-28,1313.0,1272.0519835798316,40.948016420168415,2025-11-03,1272.0519835798316,STOP_INTRADAY,-0.0311866080884755,,-1.0,4,2025-10-27,503,498,498,291,58.43373493975904,482,314,65.14522821576763,0.9582504970178928,True,23840.900390625,22310.83252929688,NORMAL,POINT_IN_TIME,503,498,482,NORMAL,MOMENTUM_ENABLED,True,True,True,0.9900596421471173,23130.993125,-1.1282601810575907,-1.192390271586386,-1.2565203621151815,40.948016420168415,-1.0
PCBL-2023-12-14,PCBL,2023-12-04,2023-12-14,8,257.6768493652344,10.866945704974302,10.5618798950304,234.29439479648948,2.1517043706256547,248.0985107421875,241.66598769898224,241.01333465576167,208.4684811401368,152.47305931091307,996683741.016159,92.24489795918367,97.55102040816328,92.44897959183672,94.42857142857144,0.9780439121756488,1.6229992946081797,True,0.9780439121756488,97.14285714285714,True,True,True,True,True,True,True,True,True,True,True,True,True,True,,2023-12-15,251.24432752042893,231.65392482273188,19.590402697697076,2023-12-19,245.09353243534807,SMA20,-0.0244813291738127,2023-12-18,-0.3139698136886119,2,2023-12-14,501,491,491,414,84.31771894093686,489,441,90.1840490797546,0.9760479041916168,True,18973.849609375,16365.27822265625,STRONG_MOMENTUM,POINT_IN_TIME,501,491,489,STRONG_MOMENTUM,MOMENTUM_ENABLED,True,True,True,0.9800399201596807,17554.63984375,-0.3652692854549525,-0.3909190213381219,-0.4165687572212912,19.590402697697044,-0.3139698136886138
PCBL-2024-08-28,PCBL,2024-08-23,2024-08-28,3,478.0137634277344,23.68046885559028,23.121343045412868,450.1650597446314,1.1760199450835078,467.2659912109375,466.3106169708739,393.8084228515625,314.0262261962891,267.70569679260257,3404961270.411529,100.0,99.79716024340772,91.07505070993916,97.24137931034484,0.9801192842942346,0.6795541571208896,True,0.9801192842942346,97.78904665314404,True,True,True,True,True,True,True,True,True,True,True,True,True,True,,2024-08-29,468.6989847837117,444.38472398327815,24.314260800433544,2024-09-09,444.38472398327815,STOP_INTRADAY,-0.0518760688411854,,-1.0,7,2024-08-28,503,493,493,294,59.63488843813387,487,413,84.80492813141683,0.9681908548707754,True,23615.94921875,20570.36078125,NORMAL,POINT_IN_TIME,503,493,487,NORMAL,MOMENTUM_ENABLED,True,True,True,0.9801192842942346,22947.1669140625,-1.0771068450125951,-1.1156602675188927,-1.1542136900251903,24.314260800433544,-1.0
PCBL-2024-09-10,PCBL,2024-09-04,2024-09-10,4,487.4240112304688,22.36312188438965,22.072171992228427,439.4649847235892,2.144558651283694,465.928466796875,464.6864475810269,442.32154235839846,353.25344635009765,280.01726234436035,2579319509.4883423,97.3630831643002,100.0,94.9290060851927,97.68762677484789,0.9820717131474104,0.6624888948811932,True,0.9820717131474104,98.29614604462476,True,True,True,True,True,True,True,True,True,True,True,True,True,True,,2024-09-11,467.2659599018718,433.9469417255321,33.31901817633968,2024-10-08,478.58696336853785,SMA20,0.0242281793200676,2024-10-07,0.3397760224130877,18,2024-09-10,502,494,493,279,56.5922920892495,489,403,82.41308793456032,0.9741035856573704,True,23643.650390625,20868.0712890625,NORMAL,POINT_IN_TIME,502,493,489,NORMAL,MOMENTUM_ENABLED,True,True,True,0.9820717131474104,23182.3839453125,0.2836800165309355,0.2556320135898595,0.22758401064878334,33.31901817633968,0.33977602241308774
PCBL-2024-09-24,PCBL,2024-09-18,2024-09-24,4,508.5852355957031,23.60204334402953,22.364172247197427,479.54231464383696,1.230525701886442,506.7222595214844,503.4740269019752,476.1006393432617,399.7259161376953,292.5258590698242,1871510719.156708,82.1501014198783,100.0,98.37728194726166,94.158215010142,0.986,0.8102717847100032,True,0.9840319361277444,98.90466531440164,True,True,True,True,True,True,True,True,True,True,True,True,True,True,,2024-09-25,505.7191017423704,473.9512715820376,31.767830160332835,2024-10-07,473.9512715820376,STOP_INTRADAY,-0.0628171450334426,,-1.0,7,2024-09-24,500,493,493,306,62.06896551724138,490,403,82.24489795918367,0.98,True,24389.69921875,21188.8027734375,STRONG_MOMENTUM,POINT_IN_TIME,500,493,490,STRONG_MOMENTUM,MOMENTUM_ENABLED,True,True,True,0.986,23397.2819140625,-1.063676883084554,-1.095515324626831,-1.127353766169108,31.767830160332835,-1.0
PERSISTENT-2024-02-02,PERSISTENT,2024-01-29,2024-02-02,4,4237.76123046875,123.7062868604538,126.61200021857525,4039.5530096481775,1.6022485667535982,4187.03955078125,4148.826142180531,3867.189489746094,3552.65390625,2810.287176513672,2279538780.5200195,84.08163265306122,78.36734693877551,90.6122448979592,83.75510204081633,0.9780439121756488,0.6820778371483561,True,0.9780439121756488,87.0,True,True,True,True,True,True,True,True,True,True,True,True,True,True,,2024-02-05,4198.070152699784,4007.900009593535,190.1701431062488,2024-02-22,4222.667932216114,SMA20,0.0058593064483479,2024-02-21,0.1293461692490177,13,2024-02-02,501,491,491,333,67.82077393075356,489,406,83.02658486707567,0.9760479041916168,True,19910.80078125,17145.553232421877,STRONG_MOMENTUM,POINT_IN_TIME,501,491,489,STRONG_MOMENTUM,MOMENTUM_ENABLED,True,True,True,0.9800399201596807,19007.57296875,0.04104481796162227,-0.003105857682075431,-0.047256533325773155,190.17014310624882,0.1293461692490177
PERSISTENT-2024-02-23,PERSISTENT,2024-02-16,2024-02-23,4,4367.7421875,102.5205789233709,97.76013670539184,4180.834865820807,1.8231200373819296,4260.7587890625,4247.560792742625,4235.735046386719,3886.007958984375,2965.783438720703,1600954104.7158203,49.287169042769854,75.35641547861506,87.9837067209776,71.32382892057026,0.9800399201596808,0.8138959394225216,True,0.9780439121756488,87.36734693877551,True,True,True,True,True,True,True,True,True,True,True,True,True,True,,2024-02-26,4259.6257828065945,4156.394831644459,103.23095116213516,2024-02-26,4156.394831644459,STOP_INTRADAY,-0.0242347465307429,,-1.0,0,2024-02-23,501,491,491,297,60.4887983706721,489,391,79.95910020449898,0.9760479041916168,True,20313.5,17498.107993164063,STRONG_MOMENTUM,POINT_IN_TIME,501,491,489,STRONG_MOMENTUM,MOMENTUM_ENABLED,True,True,True,0.9800399201596807,19558.3800390625,-1.165052272980277,-1.2475784094704154,-1.330104545960554,103.23095116213517,-1.0
PERSISTENT-2024-09-10,PERSISTENT,2024-09-03,2024-09-10,5,5222.0654296875,141.5132572206503,136.6351000586124,5065.028619412349,1.1096968111637475,5205.8291015625,5187.816385830623,4969.372094726563,4766.322451171875,3982.5343103027344,1905011651.2854004,83.16430020283975,93.91480730223124,62.47464503042597,81.25760649087222,0.9820717131474104,0.8765405807949748,True,0.9820717131474104,85.43610547667343,True,True,True,True,True,True,True,True,True,True,True,True,True,True,,2024-09-11,5238.1549396604005,5030.869844397696,207.2850952627041,2024-10-04,5192.059570210294,SMA20,-0.0087999247790664,2024-10-03,-0.2223766710852389,16,2024-09-10,502,494,493,279,56.5922920892495,489,403,82.41308793456032,0.9741035856573704,True,23643.650390625,20868.0712890625,NORMAL,POINT_IN_TIME,502,493,489,NORMAL,MOMENTUM_ENABLED,True,True,True,0.9820717131474104,23182.3839453125,-0.323457840148973,-0.37399842468083994,-0.424539009212707,207.2850952627041,-0.22237667108523895
PETRONET-2024-04-25,PETRONET,2024-04-16,2024-04-25,6,285.4234619140625,9.763821783238228,9.590213582268111,269.8548836610886,1.5945168396765326,280.41925048828125,280.2802521841808,266.6346099853516,259.32017333984373,217.90243156433107,1787032751.9768372,82.17213114754098,82.58196721311475,66.39344262295081,77.60245901639344,0.9740518962075848,0.9885240888558156,True,0.9740518962075848,81.98770491803279,True,True,True,True,True,True,True,True,True,True,True,True,True,True,,2024-04-26,282.0872844867029,267.4573302655216,14.629954221181322,2024-05-08,273.5153603884901,SMA20,-0.0303874884463886,2024-05-07,-0.585915989115151,7,2024-04-25,501,493,492,346,70.32520325203252,479,377,78.70563674321504,0.9560878243512974,True,20867.900390625,18387.28026855469,STRONG_MOMENTUM,POINT_IN_TIME,501,492,479,STRONG_MOMENTUM,MOMENTUM_ENABLED,True,True,True,0.9820359281437125,20261.923125,-0.6630419404946284,-0.7016049161843672,-0.7401678918741059,14.629954221181322,-0.585915989115151
PETRONET-2024-05-08,PETRONET,2024-05-02,2024-05-08,4,297.2388610839844,9.969207933349574,10.381688950901866,273.5153603884901,2.3796775886410253,284.82110595703125,283.8480305986282,280.6231399536133,264.5921664428711,221.3121852874756,2129691258.0289764,88.9344262295082,79.30327868852459,80.94262295081968,82.6844262295082,0.9740518962075848,0.9070842979347497,True,0.9740518962075848,81.65983606557377,True,True,True,True,True,True,True,True,True,True,True,True,True,True,,2024-05-09,286.4891296534182,270.9199381507646,15.56919150265361,2024-05-10,275.2297379419409,SMA20,-0.0393012877141216,2024-05-09,-0.7231840978742052,1,2024-05-08,501,493,492,289,58.73983739837399,479,362,75.5741127348643,0.9560878243512974,True,20704.900390625,18561.658759765625,NORMAL,POINT_IN_TIME,501,492,479,NORMAL,MOMENTUM_ENABLED,True,True,True,0.9820359281437125,20407.4140625,-0.796788210099195,-0.8335902662116899,-0.8703923223241847,15.56919150265361,-0.7231840978742052
PETRONET-2024-07-24,PETRONET,2024-07-16,2024-07-24,5,328.5269775390625,8.862278077201884,10.276939895771928,308.4264250609055,2.268102208377489,327.779052734375,325.1612878321883,313.4543762207031,296.4069207763672,245.2954963684082,1360999684.0429993,78.29614604462475,64.50304259634888,89.8580121703854,76.2474645030426,0.9801192842942346,2.9304034245568618,True,0.9801192842942346,71.88640973630832,True,True,True,True,True,True,True,True,True,True,True,True,True,True,,2024-07-25,322.1696101989263,305.85719008696253,16.312420111963775,2024-08-29,343.1115190232505,SMA20,0.0650027443972552,2024-08-28,1.2838014641962945,24,2024-07-24,503,493,493,356,72.21095334685599,486,414,85.18518518518519,0.9662027833001988,True,22921.44921875,19854.3767578125,STRONG_MOMENTUM,POINT_IN_TIME,503,493,486,STRONG_MOMENTUM,MOMENTUM_ENABLED,True,True,True,0.9801192842942346,22071.8770703125,1.2048016326599198,1.1653017168917328,1.1258018011235453,16.312420111963775,1.2838014641962943
PFC-2023-10-10,PFC,2023-09-29,2023-10-10,6,221.5896453857422,8.09369916868459,8.025766748018803,209.5820969150545,1.483567429482208,219.874252319336,215.7397955061866,209.3397415161133,196.4220095825196,137.12403392791748,4099267414.288941,95.3061224489796,90.40816326530611,95.71428571428572,93.46938775510203,0.9780439121756488,1.0508025473726752,True,0.9780439121756488,93.0204081632653,True,True,True,True,True,True,True,True,True,True,True,True,True,True,,2023-10-11,222.55726232910155,207.5756552280498,14.981607101051736,2023-10-25,216.3115843889609,SMA20,-0.0280632403309534,2023-10-23,-0.4168897167048374,9,2023-10-10,501,491,491,290,59.063136456211815,488,431,88.31967213114754,0.9740518962075848,True,17303.349609375,15843.93701171875,NORMAL,POINT_IN_TIME,501,491,488,NORMAL,MOMENTUM_ENABLED,True,True,True,0.9800399201596807,17130.74,-0.47631118219327023,-0.5060219149374866,-0.5357326476817031,14.981607101051736,-0.4168897167048374
PFC-2024-02-01,PFC,2024-01-29,2024-02-01,3,398.5859680175781,16.740010653216725,15.240285514744745,389.9763534239631,0.5143135671756961,397.6937255859375,397.292296944309,366.4537017822266,345.77592712402344,214.8725922012329,4517116557.088379,79.59183673469387,97.75510204081633,96.12244897959184,91.81632653061224,0.9780439121756488,1.0171887066724254,True,0.9780439121756488,93.71428571428572,True,True,True,True,True,True,True,True,True,True,True,True,True,True,,2024-02-02,399.7903828899996,386.1662820452769,13.624100844722705,2024-02-09,386.1662820452769,STOP_INTRADAY,-0.0340781104993996,,-1.0,5,2024-02-01,501,491,491,339,69.04276985743381,489,410,83.84458077709611,0.9760479041916168,True,19777.349609375,17120.335478515626,STRONG_MOMENTUM,POINT_IN_TIME,501,491,489,STRONG_MOMENTUM,MOMENTUM_ENABLED,True,True,True,0.9800399201596807,18961.366953125,-1.1173773997848404,-1.1760660996772605,-1.2347547995696808,13.624100844722705,-1.0
PHOENIXLTD-2023-11-23,PHOENIXLTD,2023-11-20,2023-11-23,3,1143.920654296875,44.17704132749749,44.66185038594814,1085.1491615954096,1.330362806910832,1131.732666015625,1128.0686585756655,1028.0579650878906,963.5728662109376,801.2255361938477,577774964.296814,95.91836734693877,89.38775510204081,86.73469387755102,90.55102040816324,0.9780439121756488,1.1555256793235025,True,0.9780439121756488,90.12244897959184,True,True,True,True,True,True,True,True,True,True,True,True,True,True,,2023-11-24,1128.6419832722845,1073.9836989989226,54.65828427336192,2023-12-11,1107.5562667208171,SMA20,-0.0186823783484762,2023-12-08,-0.3857734803019357,10,2023-11-23,501,491,491,305,62.11812627291242,488,417,85.45081967213115,0.9740518962075848,True,17639.400390625,16124.258237304688,STRONG_MOMENTUM,POINT_IN_TIME,501,491,488,STRONG_MOMENTUM,MOMENTUM_ENABLED,True,True,True,0.9800399201596807,17278.4748828125,-0.4683697050665199,-0.509667817448812,-0.5509659298311042,54.658284273361915,-0.3857734803019357
PHOENIXLTD-2024-04-30,PHOENIXLTD,2024-04-24,2024-04-30,4,1590.0634765625,69.79902724113855,69.65462904526187,1505.520670858774,1.2112318616082058,1571.0462646484375,1552.2784732299417,1506.7755798339845,1419.1289331054688,1114.194775695801,1424825398.263916,78.68852459016394,88.11475409836066,86.47540983606558,84.79508196721312,0.9740518962075848,1.2393865653612506,True,0.9740518962075848,88.70901639344262,True,True,True,True,True,True,True,True,True,True,True,True,True,True,,2024-05-02,1576.7041726581824,1488.1070135974585,88.59715906072392,2024-05-07,1488.1070135974585,STOP_INTRADAY,-0.0561913646181052,,-1.0,3,2024-04-30,501,493,492,353,71.7479674796748,479,384,80.1670146137787,0.9560878243512974,True,20997.19921875,18455.24826171875,STRONG_MOMENTUM,POINT_IN_TIME,501,492,479,STRONG_MOMENTUM,MOMENTUM_ENABLED,True,True,True,0.9820359281437125,20326.0130859375,-1.0711853151669353,-1.106777972750403,-1.1423706303338705,88.59715906072392,-1.0
PHOENIXLTD-2024-06-10,PHOENIXLTD,2024-06-03,2024-06-10,5,1666.38134765625,78.9864820427282,87.69973606925257,1485.4815638284708,2.2902625759420503,1659.2530517578125,1634.90206438567,1566.8528381347655,1519.6566479492187,1211.3972579956055,2114172676.3015137,83.91038696537679,81.67006109979633,74.74541751527495,80.26476578411406,0.9800399201596808,0.5906627363777924,True,0.9780439121756488,73.65306122448979,True,True,True,True,True,True,True,True,True,True,True,True,True,True,,2024-06-11,1678.993008224096,1463.5566298111578,215.4363784129382,2024-07-23,1853.362638343126,SMA20,0.1038536963911864,2024-07-22,0.8093787660355422,28,2024-06-10,501,493,493,372,75.45638945233266,480,386,80.41666666666667,0.9580838323353292,True,21808.25,19026.98653320313,STRONG_MOMENTUM,POINT_IN_TIME,501,493,480,STRONG_MOMENTUM,MOMENTUM_ENABLED,True,True,True,0.9840319361277445,20854.3270703125,0.7782049592607942,0.7626180558734204,0.7470311524860465,215.4363784129382,0.8093787660355422
PHOENIXLTD-2024-06-25,PHOENIXLTD,2024-06-18,2024-06-25,5,1896.5064697265625,93.69376112537722,87.69239242830925,1759.6476310847029,1.460703861153795,1846.8323974609373,1823.9521260476856,1689.532183837891,1594.585732421875,1257.155322265625,1443630153.208496,85.74338085539715,84.11405295315683,88.59470468431772,85.94704684317719,0.9780876494023903,0.5000272060148266,True,0.9780876494023903,89.18533604887983,True,True,True,True,True,True,True,True,True,True,True,True,True,True,,2024-06-26,1844.339957543087,1737.7245329776254,106.61542456546158,2024-07-23,1853.362638343126,SMA20,0.0048920920262761,2024-07-22,0.0846282874810407,18,2024-06-25,502,493,493,400,81.13590263691684,484,406,83.88429752066115,0.9641434262948207,True,22370.650390625,19292.890771484374,STRONG_MOMENTUM,POINT_IN_TIME,502,493,484,STRONG_MOMENTUM,MOMENTUM_ENABLED,True,True,True,0.9820717131474104,21191.3540625,0.015432297686499638,-0.019165697210770917,-0.05376369210804148,106.61542456546158,0.08462828748104076
PHOENIXLTD-2024-07-15,PHOENIXLTD,2024-07-09,2024-07-15,4,2006.72119140625,78.01985325028409,82.26080216460582,1899.7465940907928,1.3711202067028658,1988.2025146484373,1969.010907556164,1862.81264038086,1686.6242919921874,1325.0059768676758,1087327762.8363037,88.23529411764706,84.17849898580123,89.65517241379311,87.03853955375254,0.9801192842942346,1.8935210712879087,True,0.9820717131474104,92.71805273833672,True,True,True,True,True,True,True,True,True,True,True,True,True,True,,2024-07-16,2023.8440635808283,1879.1813935496416,144.66267003118674,2024-07-22,1879.1813935496416,STOP_INTRADAY,-0.0714791582189549,,-1.0,3,2024-07-15,503,493,493,411,83.36713995943205,484,422,87.19008264462809,0.9622266401590456,True,23209.849609375,19688.873515625,STRONG_MOMENTUM,POINT_IN_TIME,503,493,484,STRONG_MOMENTUM,MOMENTUM_ENABLED,True,True,True,0.9801192842942346,21791.5201171875,-1.0559603680243017,-1.0839405520364525,-1.1119207360486032,144.66267003118674,-1.0
PNB-2024-02-07,PNB,2024-02-02,2024-02-07,3,117.04254150390624,4.114406360109261,4.127949512256996,111.1624171989982,1.429154971642592,115.64251708984376,114.66249335212107,99.14548759460448,89.44607620239258,66.13667877197265,7664790538.909164,93.87755102040816,91.02040816326532,93.26530612244898,92.55102040816328,0.9780439121756488,0.8525319689116819,True,0.9780439121756488,93.9795918367347,True,True,True,True,True,True,True,True,True,True,True,True,True,True,,2024-02-08,117.27588751419675,110.13042982093395,7.145457693262799,2024-02-09,110.13042982093395,STOP_INTRADAY,-0.060928617507992,,-1.0,1,2024-02-07,501,491,491,345,70.26476578411406,489,402,82.20858895705521,0.9760479041916168,True,20109.55078125,17221.53673828125,STRONG_MOMENTUM,POINT_IN_TIME,501,491,489,STRONG_MOMENTUM,MOMENTUM_ENABLED,True,True,True,0.9800399201596807,19150.93,-1.0656505951324977,-1.0984758926987466,-1.1313011902649954,7.145457693262799,-1.0
PNB-2024-03-04,PNB,2024-02-16,2024-03-04,10,121.47595977783205,4.715383839762132,4.109064454095436,110.78906837098096,2.266388436236015,117.64922332763672,116.66920215964728,116.72986946105956,102.884501953125,72.49205549240112,6273756324.837162,52.95315682281058,95.11201629327904,95.31568228105908,82.5254582484725,0.9800399201596808,0.7806142839164979,True,0.9780439121756488,95.14285714285715,True,True,True,True,True,True,True,True,True,True,True,True,True,True,,2024-03-05,117.46254419483115,109.76180225745708,7.700741937374076,2024-03-13,117.8825599914409,SMA20,0.0035757423737824,2024-03-12,0.0545422506072149,5,2024-03-04,501,491,491,277,56.41547861507128,490,377,76.93877551020408,0.9780439121756488,True,20432.05078125,17642.903266601563,NORMAL,POINT_IN_TIME,501,491,490,NORMAL,MOMENTUM_ENABLED,True,True,True,0.9800399201596807,19717.54109375,-0.006471373872135174,-0.03697818611181021,-0.06748499835148525,7.700741937374076,0.0545422506072149
PNB-2024-04-10,PNB,2024-04-05,2024-04-10,3,127.4494400024414,4.006562300383265,3.975070945857343,122.50265769238742,1.2346700086457625,127.21610260009766,125.76939523085107,117.23154678344729,116.2809262084961,81.00483930587768,4838628402.84613,63.114754098360656,93.44262295081968,88.52459016393442,82.8688524590164,0.9740518962075848,1.1529704300458197,True,0.9720558882235528,88.64476386036961,True,True,True,True,True,True,True,True,True,True,True,True,True,True,,2024-04-12,126.5627547680286,121.50888995592308,5.053864812105516,2024-04-15,121.50888995592308,STOP_INTRADAY,-0.0399316909731344,,-1.0,1,2024-04-10,501,493,492,344,69.91869918699187,479,382,79.74947807933194,0.9560878243512974,True,20915.19921875,18187.38927734375,STRONG_MOMENTUM,POINT_IN_TIME,501,492,479,STRONG_MOMENTUM,MOMENTUM_ENABLED,True,True,True,0.9820359281437125,20121.5771484375,-1.1001710646987415,-1.1502565970481122,-1.2003421293974827,5.053864812105516,-1.0
PNBHOUSING-2023-10-12,PNBHOUSING,2023-10-03,2023-10-12,7,732.8175659179688,30.554758279905126,29.55686949862143,688.9353783615719,1.436181793827403,731.9290771484375,730.0533113729616,690.7987854003907,660.0383227539063,531.6646862792969,310094047.2576599,91.83673469387756,74.28571428571429,87.14285714285714,83.40816326530613,0.9780439121756488,1.0881230095672645,True,0.9780439121756488,87.06122448979592,True,True,True,True,True,True,True,True,True,True,True,True,True,True,,2023-10-13,728.5725294230716,681.5461609869166,47.02636843615505,2023-10-25,716.7258106533391,SMA20,-0.0162601776642793,2023-10-23,-0.2519165133028748,7,2023-10-12,501,491,491,322,65.58044806517312,488,437,89.54918032786885,0.9740518962075848,True,17419.69921875,15860.66525390625,STRONG_MOMENTUM,POINT_IN_TIME,501,491,488,STRONG_MOMENTUM,MOMENTUM_ENABLED,True,True,True,0.9800399201596807,17147.133984375,-0.313887918167974,-0.3448736206005236,-0.3758593230330732,47.02636843615505,-0.25191651330287484
PNBHOUSING-2023-11-29,PNBHOUSING,2023-11-20,2023-11-29,6,809.4756469726562,28.196341328147863,25.60756825405756,769.0487900032022,1.4337625048217424,788.7932739257812,785.0418577642478,758.6211883544922,725.5713415527343,578.6229666137696,213834706.94491577,60.81632653061224,83.6734693877551,89.18367346938776,78.46938775510203,0.9780439121756488,1.207169672035218,True,0.9780439121756488,84.85714285714286,True,True,True,True,True,True,True,True,True,True,True,True,True,True,,2023-11-30,791.7549439977176,762.6468979396877,29.108046058029917,2023-11-30,762.6468979396877,STOP_INTRADAY,-0.0367639586954241,,-1.0,0,2023-11-29,501,491,491,336,68.43177189409369,488,420,86.0655737704918,0.9740518962075848,True,17904.099609375,16167.458237304689,STRONG_MOMENTUM,POINT_IN_TIME,501,491,488,STRONG_MOMENTUM,MOMENTUM_ENABLED,True,True,True,0.9800399201596807,17291.4498828125,-1.10880221124005,-1.1632033168600748,-1.2176044224800997,29.108046058029913,-1.0
PNCINFRA-2024-06-03,PNCINFRA,2024-05-24,2024-06-03,6,557.4352416992188,23.79864989354884,25.751865247879568,508.2498540411422,2.066730166546521,544.1796264648438,530.2263059507566,474.7194793701172,450.8827154541016,387.5174510192872,532741267.49102783,94.08163265306122,80.81632653061224,86.53061224489797,86.51020408163265,0.9780439121756488,1.4936726755368677,True,0.9780439121756488,92.0204081632653,True,True,True,True,True,True,True,True,True,True,True,True,True,True,,2024-06-04,544.1795972270619,501.8118877291723,42.36770949788957,2024-06-04,501.8118877291723,STOP_INTRADAY,-0.0778561153593037,,-1.0,0,2024-06-03,501,493,493,303,61.4604462474645,480,347,72.29166666666667,0.9580838323353292,True,21797.400390625,18918.27002929688,STRONG_MOMENTUM,POINT_IN_TIME,501,493,480,STRONG_MOMENTUM,MOMENTUM_ENABLED,True,True,True,0.9840319361277445,20707.5680859375,-1.0513768248202484,-1.0770652372303726,-1.1027536496404968,42.367709497889564,-1.0
POLICYBZR-2024-07-11,POLICYBZR,2024-07-01,2024-07-11,8,1517.1500244140625,66.0293160844892,61.53839406517743,1362.550048828125,2.341383869372748,1470.8499755859375,1438.800048828125,1391.4349975585938,1316.842001953125,1013.1442492675782,1670642733.0427246,79.10750507099391,57.200811359026375,94.9290060851927,75.09127789046653,0.9801192842942346,1.0892505353319055,True,0.9800796812749004,88.65853658536585,True,True,True,True,True,True,True,True,True,True,True,True,True,True,,2024-07-12,1468.0,1347.165450311831,120.83454968816908,2024-07-22,1423.699951171875,SMA20,-0.0301771449782867,2024-07-19,-0.3666174032381271,5,2024-07-11,503,493,493,407,82.55578093306288,484,421,86.98347107438018,0.9622266401590456,True,23005.25,19632.283525390623,STRONG_MOMENTUM,POINT_IN_TIME,503,493,484,STRONG_MOMENTUM,MOMENTUM_ENABLED,True,True,True,0.9801192842942346,21707.0301171875,-0.41521277612736734,-0.43951046257198745,-0.46380814901660755,120.83454968816909,-0.36661740323812714
POLICYBZR-2024-09-09,POLICYBZR,2024-08-26,2024-09-09,10,1819.3499755859373,85.55005537707952,70.76465810248389,1680.550048828125,1.6224411094303002,1741.199951171875,1739.0,1688.2300048828124,1548.90900390625,1181.1402499389649,1875534227.8953853,94.52332657200812,89.24949290060852,91.07505070993916,91.3793103448276,0.9820717131474104,0.5897324963930936,True,0.9801192842942346,95.7606490872211,True,True,True,True,True,True,True,True,True,True,True,True,True,True,,2024-09-10,1751.0,1662.858884302504,88.14111569749593,2024-09-26,1722.0,SMA20,-0.0165619645916619,2024-09-25,-0.3290178456502551,12,2024-09-09,502,494,493,255,51.72413793103448,489,394,80.57259713701431,0.9741035856573704,True,23502.150390625,20836.13603515625,NORMAL,POINT_IN_TIME,502,493,489,NORMAL,MOMENTUM_ENABLED,True,True,True,0.9820717131474104,23160.704921875,-0.40848132809626847,-0.4482130693192752,-0.4879448105422819,88.14111569749593,-0.32901784565025516
POLICYBZR-2024-12-17,POLICYBZR,2024-12-10,2024-12-17,5,2172.64990234375,98.82188879005254,88.30937106366198,2072.699951171875,1.0114151064671415,2133.449951171875,2124.89990234375,1971.5699951171875,1793.60900390625,1498.3320001220702,2611158671.23291,94.33198380566802,92.3076923076923,94.93927125506072,93.70445344129554,0.988,1.0203715232700328,True,0.988,96.82186234817814,True,True,True,True,True,True,True,True,True,True,True,True,True,True,,2024-12-18,2147.14990234375,2050.6226084059595,96.52729393779056,2024-12-24,2050.6226084059595,STOP_INTRADAY,-0.0449560106783531,,-1.0,4,2024-12-17,500,496,496,264,53.2258064516129,488,278,56.9672131147541,0.976,True,23095.75,22237.87049804688,NORMAL,POINT_IN_TIME,500,496,488,NORMAL,MOMENTUM_ENABLED,True,True,True,0.992,22907.724921875,-1.0889758664001308,-1.1334637996001962,-1.1779517328002616,96.52729393779055,-1.0
POLYCAB-2023-08-28,POLYCAB,2023-08-23,2023-08-28,3,5059.0693359375,133.60150733381667,132.2804165916177,4857.053378789562,1.5120784277020247,5018.08544921875,4955.573731300507,4717.277856445313,4185.53072265625,3226.137177734375,2734394210.126709,74.08163265306122,95.3061224489796,93.6734693877551,88.44897959183673,0.9760956175298804,1.161243233907831,True,0.9741035856573704,89.20245398773007,True,True,True,True,True,True,True,True,True,True,True,True,True,True,,2023-08-29,5039.316343006663,4823.983274641658,215.3330683650056,2023-09-13,4877.742680597698,SMA20,-0.0320626155238675,2023-09-12,-0.7503430087899253,11,2023-08-28,502,492,491,336,68.43177189409369,483,407,84.26501035196688,0.9621513944223108,True,16875.30078125,15617.758266601562,STRONG_MOMENTUM,POINT_IN_TIME,502,491,483,STRONG_MOMENTUM,MOMENTUM_ENABLED,True,True,True,0.9780876494023905,16703.802109375,-0.8439527154879165,-0.8907575688369122,-0.9375624221859077,215.3330683650056,-0.7503430087899253
POLYCAB-2023-10-13,POLYCAB,2023-10-03,2023-10-13,8,5293.7451171875,140.87254131990568,122.2892097152591,5064.094124666684,1.6302040863968237,5244.5341796875,5195.963884088102,5162.865576171875,4982.1871875,3627.7791455078127,2427664628.128418,81.83673469387756,91.22448979591836,89.79591836734694,87.9795918367347,0.9780439121756488,0.7552903379694812,True,0.9780439121756488,85.04081632653062,True,True,True,True,True,True,True,True,True,True,True,True,True,True,,2023-10-16,5265.913511117373,5033.52182223787,232.3916888795029,2023-10-23,5167.245368935533,SMA20,-0.0187371368659078,2023-10-20,-0.4245768971238883,5,2023-10-13,501,491,491,319,64.96945010183299,488,434,88.9344262295082,0.9740518962075848,True,17390.349609375,15869.979252929688,STRONG_MOMENTUM,POINT_IN_TIME,501,491,488,STRONG_MOMENTUM,MOMENTUM_ENABLED,True,True,True,0.9800399201596807,17153.91796875,-0.5152154829787859,-0.5605347759062347,-0.6058540688336835,232.3916888795029,-0.4245768971238883
POLYCAB-2024-06-21,POLYCAB,2024-06-18,2024-06-21,3,7005.04345703125,215.20686108316323,210.8467774070068,6802.83061541496,0.9396207936797544,6986.6201171875,6921.547644981579,6768.326245117188,6148.6198046875,5251.168388671875,2415936680.758301,63.747454175152754,86.55804480651732,56.82281059063137,70.79429735234217,0.9780876494023903,2.224781755896137,True,0.9780876494023903,74.17515274949083,True,True,True,True,True,True,True,True,True,True,True,True,True,True,,2024-06-24,6896.424805623298,6750.118921063207,146.30588456009082,2024-06-28,6667.857597930113,STOP_GAP,-0.0331428550495922,,-1.56225573824618,4,2024-06-21,502,493,493,410,83.16430020283975,484,405,83.67768595041323,0.9641434262948207,True,22236.19921875,19238.9940234375,STRONG_MOMENTUM,POINT_IN_TIME,502,493,484,STRONG_MOMENTUM,MOMENTUM_ENABLED,True,True,True,0.9820717131474104,21130.3550390625,-1.7508038564947197,-1.8450779156189896,-1.9393519747432593,146.30588456009082,-1.5622557382461801
POLYMED-2023-08-21,POLYMED,2023-08-10,2023-08-21,6,1464.9603271484375,65.6644401333818,69.1709423923809,1311.7023511298507,2.333956943930069,1418.7891845703125,1384.8310922428504,1309.284600830078,1188.230291748047,996.26677734375,181368342.35375977,98.159509202454,95.2965235173824,91.6155419222904,95.05112474437628,0.9741035856573704,2.6360554124192523,True,0.9741035856573704,97.15746421267892,True,True,True,True,True,True,True,True,True,True,True,True,True,True,,2023-08-22,1425.0943227946996,1294.4096155317554,130.68470726294413,2023-09-04,1399.9237082318714,SMA20,-0.0176624200659694,2023-09-01,-0.1926056620548848,9,2023-08-21,502,492,491,321,65.37678207739307,483,393,81.36645962732919,0.9621513944223108,True,16852.05078125,15582.721762695312,STRONG_MOMENTUM,POINT_IN_TIME,502,491,483,STRONG_MOMENTUM,MOMENTUM_ENABLED,True,True,True,0.9780876494023905,16614.10609375,-0.23622497613200452,-0.2580346331705643,-0.27984429020912416,130.68470726294413,-0.19260566205488489
POLYMED-2024-09-18,POLYMED,2024-09-05,2024-09-18,9,2557.680419921875,96.01046128476972,92.12538325179268,2371.0157695307253,1.9442115775019264,2490.367919921875,2441.1641679538006,2412.388708496094,2159.085319824219,1751.9546807861327,314604741.45581055,89.8580121703854,87.4239350912779,92.0892494929006,89.55375253549695,0.9840319361277444,1.6357274024100945,True,0.9820717131474104,93.65111561866128,True,True,True,True,True,True,True,True,True,True,True,True,True,True,,2024-09-19,2520.503482386204,2347.984423717777,172.51905866842662,2024-09-20,2347.984423717777,STOP_INTRADAY,-0.068446268721319,,-1.0,1,2024-09-18,501,494,493,287,58.21501014198783,489,397,81.18609406952966,0.9760479041916168,True,23898.650390625,21057.981533203125,NORMAL,POINT_IN_TIME,501,493,489,NORMAL,MOMENTUM_ENABLED,True,True,True,0.9840319361277445,23303.8629296875,-1.0584400008170805,-1.0876600012256208,-1.1168800016341611,172.51905866842662,-1.0
POONAWALLA-2023-08-22,POONAWALLA,2023-08-08,2023-08-22,9,444.666015625,12.779859979868814,13.411528764296396,415.0415249547962,2.318060660826417,437.14788818359375,426.1942847486078,412.8558074951172,376.4166473388672,321.0971103668213,759387130.5122681,89.36605316973414,77.70961145194273,78.7321063394683,81.51329243353783,0.9741035856573704,1.27254805269168,True,0.9741035856573704,91.75869120654396,True,True,True,True,True,True,True,True,True,True,True,True,True,True,,2023-08-23,438.8905109417343,411.6886427637221,27.201868178012205,2023-08-28,411.6886427637221,STOP_INTRADAY,-0.0619787110904829,,-1.0,3,2023-08-22,502,492,491,336,68.43177189409369,483,401,83.02277432712215,0.9621513944223108,True,16905.25,15590.128012695312,STRONG_MOMENTUM,POINT_IN_TIME,502,491,483,STRONG_MOMENTUM,MOMENTUM_ENABLED,True,True,True,0.9780876494023905,16634.6630859375,-1.0645382895129971,-1.0968074342694958,-1.1290765790259945,27.201868178012205,-1.0
POONAWALLA-2023-12-22,POONAWALLA,2023-12-19,2023-12-22,3,442.6246948242188,12.486153873937043,12.838209700937712,423.2069424422614,1.5551428068245248,440.4837646484375,440.03563595808265,415.8531127929688,386.5313421630859,358.89149520874025,1429341671.7810516,92.44897959183672,71.0204081632653,62.24489795918368,74.81632653061224,0.9780439121756488,0.8868280177938627,True,0.9780439121756488,71.91836734693878,True,True,True,True,True,True,True,True,True,True,True,True,True,True,,2023-12-26,439.53775077591786,419.9973900170269,19.540360758890984,2024-01-04,439.1394504274663,SMA20,-0.00090618006701,2024-01-03,-0.0203834695462495,7,2023-12-22,501,491,491,401,81.67006109979633,489,438,89.57055214723927,0.9760479041916168,True,19054.69921875,16496.604721679687,STRONG_MOMENTUM,POINT_IN_TIME,501,491,489,STRONG_MOMENTUM,MOMENTUM_ENABLED,True,True,True,0.9800399201596807,17773.596875,-0.11035883002180796,-0.15534651025958712,-0.20033419049736634,19.540360758890984,-0.020383469546249585
POWERGRID-2024-02-08,POWERGRID,2024-02-05,2024-02-08,3,260.3931884765625,7.45907944827408,8.35853606779565,245.5740218654797,1.986728618973446,254.22625732421875,252.5693897456716,232.4140327453613,220.13670959472657,182.67859916687013,5752774021.640198,80.0,77.3469387755102,77.3469387755102,78.14285714285714,0.9780439121756488,2.6991026937368434,True,0.9780439121756488,81.26530612244898,True,True,True,True,True,True,True,True,True,True,True,True,True,True,,2024-02-09,256.4352756437262,243.4843878485308,12.9508877951954,2024-02-13,243.4843878485308,STOP_INTRADAY,-0.0505035345183495,,-1.0,2,2024-02-08,501,491,491,324,65.9877800407332,489,392,80.16359918200409,0.9760479041916168,True,19987.55078125,17246.9894921875,STRONG_MOMENTUM,POINT_IN_TIME,501,491,489,STRONG_MOMENTUM,MOMENTUM_ENABLED,True,True,True,0.9800399201596807,19197.8930078125,-1.0792023773810657,-1.1188035660715987,-1.1584047547621317,12.9508877951954,-1.0
POWERGRID-2024-02-26,POWERGRID,2024-02-20,2024-02-26,4,269.4259338378906,8.579234000133642,8.538259762020965,255.71600216603525,1.598036802777708,269.33233642578125,266.89921057410527,254.74934921264648,233.3895541381836,188.78109687805176,6728308167.81514,91.44602851323828,82.4847250509165,83.09572301425662,85.35641547861506,0.9800399201596808,1.17084389177372,True,0.9780439121756488,86.10204081632652,True,True,True,True,True,True,True,True,True,True,True,True,True,True,,2024-02-27,265.86979330951965,253.58143722553,12.28835608398964,2024-03-13,253.58143722553,STOP_INTRADAY,-0.0462194517512706,,-1.0,10,2024-02-26,501,491,491,294,59.877800407331975,490,387,78.9795918367347,0.9780439121756488,True,20255.80078125,17522.359497070312,NORMAL,POINT_IN_TIME,501,491,490,NORMAL,MOMENTUM_ENABLED,True,True,True,0.9800399201596807,19588.0920703125,-1.0865436487980418,-1.1298154731970627,-1.1730872975960835,12.28835608398964,-1.0
POWERGRID-2024-03-01,POWERGRID,2024-02-27,2024-03-01,3,273.73077392578125,8.550042881844782,8.820387074671672,256.7922226150729,1.981107176278121,269.2388000488281,266.7120447273211,259.600244140625,237.56566650390624,190.8683465576172,6588251165.7344055,83.29938900203666,86.9653767820774,84.5213849287169,85.13238289205702,0.9800399201596808,0.5796804852412297,True,0.9800399201596808,86.31364562118125,True,True,True,True,True,True,True,True,True,True,True,True,True,True,,2024-03-04,269.5195229128343,254.58712584640497,14.932397066429331,2024-03-13,254.58712584640497,STOP_INTRADAY,-0.0554037678051939,,-1.0,6,2024-03-01,501,491,491,284,57.841140529531565,490,378,77.14285714285715,0.9780439121756488,True,20349.80078125,17618.16326171875,NORMAL,POINT_IN_TIME,501,491,490,NORMAL,MOMENTUM_ENABLED,True,True,True,0.9800399201596807,19692.01109375,-1.072197255862895,-1.1082958837943422,-1.1443945117257894,14.932397066429331,-1.0
POWERGRID-2024-08-07,POWERGRID,2024-08-01,2024-08-07,4,337.9288024902344,9.109516578568876,9.62371476956812,317.48089604087374,2.244675255047732,329.4595642089844,328.289740473513,321.9565139770508,310.315234375,254.77049102783204,4077349377.289306,71.6024340770791,67.54563894523326,83.97565922920892,73.6916835699797,0.9801192842942346,0.9727771891029944,True,0.9801192842942346,74.48275862068965,True,True,True,True,True,True,True,True,True,True,True,True,True,True,,2024-08-08,332.2202150792375,315.0749673484817,17.145247730755784,2024-08-09,325.57583448292706,SMA20,-0.0199999286459004,2024-08-08,-0.3875348260142957,1,2024-08-07,503,493,493,276,55.98377281947262,487,401,82.34086242299796,0.9681908548707754,True,22848.900390625,20148.513515625,NORMAL,POINT_IN_TIME,503,493,487,NORMAL,MOMENTUM_ENABLED,True,True,True,0.9801192842942346,22478.956015625,-0.4650420677401271,-0.5037956886030427,-0.5425493094659584,17.145247730755784,-0.3875348260142957
POWERINDIA-2024-04-05,POWERINDIA,2024-03-21,2024-04-05,9,7235.626953125,312.9019932045275,282.21100736964746,6808.403139847651,1.3653598332884236,7116.9814453125,7033.854428054174,6764.65166015625,6280.836767578125,4974.35905883789,241735833.15722656,96.9199178644764,87.88501026694045,89.73305954825463,91.1498973305955,0.9720558882235528,1.6548048678136802,True,0.9800399201596808,96.98574338085538,True,True,True,True,True,True,True,True,True,True,True,True,True,True,,2024-04-08,7138.812437737549,6737.850388005239,400.9620497323094,2024-06-05,10037.958076729452,SMA20,0.4061103529862045,2024-06-04,7.230473908758778,38,2024-04-05,501,493,492,334,67.88617886178862,479,381,79.54070981210856,0.9560878243512974,True,20715.099609375,18115.07103515625,STRONG_MOMENTUM,POINT_IN_TIME,501,492,479,STRONG_MOMENTUM,MOMENTUM_ENABLED,True,True,True,0.9820359281437125,20036.3541796875,7.159257069733703,7.123648650221166,7.088040230708628,400.9620497323094,7.230473908758778
POWERINDIA-2024-04-16,POWERINDIA,2024-04-09,2024-04-16,4,7730.64111328125,297.84797487925414,311.4747970865396,7073.819474190498,2.2052244584070904,7555.49462890625,7373.505718132458,7062.244580078125,6484.36453125,5075.88871459961,260835688.3359375,83.40163934426229,87.29508196721312,94.67213114754098,88.34016393442623,0.9740518962075848,1.5631212334663849,True,0.9740518962075848,94.59016393442624,True,True,True,True,True,True,True,True,True,True,True,True,True,True,,2024-04-18,7617.989541029691,6995.950774918863,622.038766110828,2024-06-05,10037.958076729452,SMA20,0.31766498531746,2024-06-04,3.890382187641015,32,2024-04-16,501,493,492,272,55.28455284552846,479,366,76.40918580375782,0.9560878243512974,True,20423.0,18253.716274414062,NORMAL,POINT_IN_TIME,501,492,479,NORMAL,MOMENTUM_ENABLED,True,True,True,0.9820359281437125,20180.94515625,3.841394954329756,3.816901337674127,3.7924077210184968,622.038766110828,3.890382187641015
POWERINDIA-2024-04-24,POWERINDIA,2024-04-18,2024-04-24,4,8281.2548828125,349.0203372679906,333.4232018168417,7952.944661484005,0.9406621513760272,8205.5224609375,8121.845685827862,7432.568286132812,6702.461396484375,5177.399875488281,332198959.1958008,88.72950819672131,92.62295081967213,92.41803278688523,91.39344262295084,0.9740518962075848,0.853674630261661,True,0.9740518962075848,95.63524590163937,True,True,True,True,True,True,True,True,True,True,True,True,True,True,,2024-04-25,8201.67569819227,7869.588861029795,332.0868371624747,2024-06-05,10037.958076729452,SMA20,0.2238911225107226,2024-06-04,5.529524729818707,27,2024-04-24,501,493,492,329,66.869918699187,479,378,78.91440501043841,0.9560878243512974,True,20730.650390625,18363.75826660156,STRONG_MOMENTUM,POINT_IN_TIME,501,492,479,STRONG_MOMENTUM,MOMENTUM_ENABLED,True,True,True,0.9820359281437125,20246.7561328125,5.430735199125209,5.38134043377846,5.331945668431711,332.0868371624747,5.529524729818707
POWERINDIA-2024-05-13,POWERINDIA,2024-05-02,2024-05-13,7,9775.2392578125,523.3227576936218,523.3911406341497,8705.782430156076,2.043589375645948,9432.6416015625,9091.99207416587,8655.755688476562,7465.74904296875,5476.041362304688,985417731.5410156,97.74590163934424,98.77049180327867,97.95081967213116,98.21721311475407,0.9740518962075848,2.2381350299116893,True,0.9740518962075848,98.6065573770492,True,True,True,True,True,True,True,True,True,True,True,True,True,True,,2024-05-14,9491.639905810302,8574.934644997538,916.7052608127632,2024-06-05,10037.958076729452,SMA20,0.0575578273449588,2024-06-04,0.5959583677252788,15,2024-05-13,501,493,492,257,52.235772357723576,480,346,72.08333333333333,0.9580838323353292,True,20511.0,18618.71850585937,NORMAL,POINT_IN_TIME,501,492,480,NORMAL,MOMENTUM_ENABLED,True,True,True,0.9820359281437125,20419.3970703125,0.554542046420894,0.5338338857687016,0.5131257251165093,916.7052608127633,0.5959583677252788
PPLPHARMA-2023-11-20,PPLPHARMA,2023-11-13,2023-11-20,4,120.03500366210938,5.757179336089691,5.32847584566242,115.64105162109752,0.7632126401669885,119.43582916259766,118.83665613341893,107.30001258850098,102.8576188659668,89.18408983230592,830195692.2087402,95.10204081632652,78.9795918367347,89.59183673469387,87.0,0.9780439121756488,1.270649659345717,True,0.9780439121756488,88.0204081632653,True,True,True,True,True,True,True,True,True,True,True,True,True,True,,2023-11-21,119.83528143779787,114.30893265968191,5.52634877811596,2023-12-21,123.18067603040568,SMA20,0.0279166081346775,2023-12-20,0.6053535031765248,21,2023-11-20,501,491,491,294,59.877800407331975,488,417,85.45081967213115,0.9740518962075848,True,17573.650390625,16083.1069921875,NORMAL,POINT_IN_TIME,501,491,488,NORMAL,MOMENTUM_ENABLED,True,True,True,0.9800399201596807,17263.731875,0.5186161029513786,0.4752474028388055,0.43187870272623247,5.52634877811596,0.6053535031765248
PPLPHARMA-2024-01-02,PPLPHARMA,2023-12-22,2024-01-02,5,140.30714416503906,5.686446575726298,4.882268109223877,136.86187635753564,0.6058735911122813,140.30714416503906,139.50823264307252,131.00493125915528,119.46878677368164,95.26318906784056,668361331.150425,73.06122448979592,92.85714285714286,84.89795918367346,84.53061224489795,0.9780439121756488,2.3862603353214435,True,0.9780439121756488,89.36734693877551,True,True,True,True,True,True,True,True,True,True,True,True,True,True,,2024-01-03,140.70659684255693,135.64130933022966,5.065287512327274,2024-01-17,137.81058513828324,SMA20,-0.0205819184690691,2024-01-16,-0.5717368850683664,10,2024-01-02,501,491,491,419,85.33604887983707,489,443,90.59304703476482,0.9760479041916168,True,19418.400390625,16610.918720703125,STRONG_MOMENTUM,POINT_IN_TIME,501,491,489,STRONG_MOMENTUM,MOMENTUM_ENABLED,True,True,True,0.9800399201596807,17965.8869140625,-0.6828512859785792,-0.7384084864336857,-0.7939656868887922,5.065287512327274,-0.5717368850683664
PPLPHARMA-2024-05-13,PPLPHARMA,2024-05-06,2024-05-13,5,155.78585815429688,5.355033957925726,6.929961901553283,144.0519978618425,2.1911831716935546,153.98834228515625,151.59163753926865,144.88335342407223,134.9005743408203,120.79335304260252,526033501.9823456,88.31967213114754,74.59016393442623,74.59016393442623,78.70901639344262,0.9740518962075848,14.836835486958227,True,0.9740518962075848,80.26639344262296,True,True,True,True,True,True,True,True,True,True,True,True,True,True,,2024-05-14,155.23663036538872,142.31950738645418,12.917122978934543,2024-05-22,147.69697627691286,SMA20,-0.048568782192253,2024-05-21,-0.5836945348257231,5,2024-05-13,501,493,492,257,52.235772357723576,480,346,72.08333333333333,0.9580838323353292,True,20511.0,18618.71850585937,NORMAL,POINT_IN_TIME,501,492,480,NORMAL,MOMENTUM_ENABLED,True,True,True,0.9820359281437125,20419.3970703125,-0.6317661156625862,-0.6558019060810178,-0.6798376964994495,12.917122978934543,-0.5836945348257231
PPLPHARMA-2024-09-25,PPLPHARMA,2024-09-11,2024-09-25,10,235.1576385498047,9.73334838705478,9.366273451598136,216.8594884018972,1.879944025454159,226.16346740722656,221.35657456691348,217.97027359008788,191.74796417236328,153.23310958862305,1548387105.173035,97.56592292089248,95.74036511156189,94.52332657200812,95.92292089249491,0.986,5.49681769794246,True,0.9820717131474104,97.72819472616632,True,True,True,True,True,True,True,True,True,True,True,True,True,True,,2024-09-26,228.352054205014,214.5179200389977,13.834134166016328,2024-10-04,220.85690653091228,SMA20,-0.0328227731526014,2024-10-03,-0.5417865393060614,5,2024-09-25,500,493,493,304,61.66328600405679,490,401,81.83673469387756,0.98,True,24371.25,21221.138525390623,STRONG_MOMENTUM,POINT_IN_TIME,500,493,490,STRONG_MOMENTUM,MOMENTUM_ENABLED,True,True,True,0.986,23420.509921875,-0.6078122266283551,-0.640825070289502,-0.673837913950649,13.834134166016327,-0.5417865393060614
PRAJIND-2023-08-17,PRAJIND,2023-08-10,2023-08-17,4,471.7348937988281,14.454848195368612,15.494887680713957,443.3766039101644,1.9618531793194347,468.7829284667969,458.8139724218674,427.3173828125,395.7903082275391,359.725126953125,518527448.39230347,89.77505112474438,88.13905930470347,72.39263803680981,83.90593047034764,0.9741035856573704,1.947219911653677,True,0.9741035856573704,86.89161554192229,True,True,True,True,True,True,True,True,True,True,True,True,True,True,,2023-08-18,470.4282731675914,439.502881989986,30.925391177605377,2023-10-10,559.4230163261099,SMA20,0.1891781345523291,2023-10-09,2.877724089160884,35,2023-08-17,502,491,491,322,65.58044806517312,483,395,81.78053830227742,0.9621513944223108,True,16802.25,15567.102260742187,STRONG_MOMENTUM,POINT_IN_TIME,502,491,483,STRONG_MOMENTUM,MOMENTUM_ENABLED,True,True,True,0.9780876494023905,16580.46609375,2.816877224464375,2.7864537921161205,2.756030359767866,30.925391177605377,2.877724089160884
PRAJIND-2023-08-31,PRAJIND,2023-08-21,2023-08-31,8,482.8652648925781,16.368406572237244,16.82061857109648,451.9905568337088,1.8862378523292875,476.7193908691406,476.18703090934974,458.7558929443359,414.5876379394532,363.2708735656738,661501486.1356964,86.93877551020408,79.38775510204081,75.91836734693878,80.61224489795919,0.9760956175298804,1.0664551723943627,True,0.9741035856573704,87.77096114519426,True,True,True,True,True,True,True,True,True,True,True,True,True,True,,2023-09-01,479.0906273418881,447.7854021909346,31.305225150953504,2023-10-10,559.4230163261099,SMA20,0.1676768118590119,2023-10-09,2.5661016203160893,25,2023-08-31,502,492,491,365,74.33808553971487,483,421,87.16356107660455,0.9621513944223108,True,16924.30078125,15638.749018554689,STRONG_MOMENTUM,POINT_IN_TIME,502,491,483,STRONG_MOMENTUM,MOMENTUM_ENABLED,True,True,True,0.9780876494023905,16749.742109375,2.504886200202454,2.474278490145637,2.4436707800888193,31.305225150953504,2.5661016203160893
PRAJIND-2023-09-14,PRAJIND,2023-09-11,2023-09-14,3,572.63427734375,21.7050106861524,24.603143162334963,527.919187231659,2.0601275327000352,564.60107421875,558.9874659780752,494.385237121582,446.7222283935547,369.9465019226074,722626552.1649628,95.91836734693877,95.10204081632652,91.02040816326532,94.12244897959184,0.9780439121756488,2.8405740316724564,True,0.9780439121756488,91.87755102040816,True,True,True,True,True,True,True,True,True,True,True,True,True,True,,2023-09-15,569.0532245127937,521.7684014410752,47.284823071718506,2023-10-10,559.4230163261099,SMA20,-0.0169232116994485,2023-10-09,-0.2036638304023547,15,2023-09-14,501,491,491,407,82.89205702647658,488,449,92.00819672131148,0.9740518962075848,True,17603.5,15728.362763671876,STRONG_MOMENTUM,POINT_IN_TIME,501,491,488,STRONG_MOMENTUM,MOMENTUM_ENABLED,True,True,True,0.9800399201596807,16967.69609375,-0.25180217057545357,-0.275871340662003,-0.2999405107485523,47.284823071718506,-0.20366383040235478
PRAJIND-2023-10-10,PRAJIND,2023-10-03,2023-10-10,5,579.8448486328125,20.53352088425008,18.89971450012875,547.6635143377911,1.567258458811398,566.7302856445312,557.58407855828,561.1554718017578,500.4571044921875,385.9138598632812,628291026.2813721,94.48979591836736,93.6734693877551,88.9795918367347,92.51020408163264,0.9780439121756488,0.5348232843610283,True,0.9780439121756488,95.16326530612244,True,True,True,True,True,True,True,True,True,True,True,True,True,True,,2023-10-11,570.9889571024937,542.9385857127589,28.050371389734774,2023-10-19,562.2782088630839,SMA20,-0.0152555458928887,2023-10-18,-0.3105394976195409,6,2023-10-10,501,491,491,290,59.063136456211815,488,431,88.31967213114754,0.9740518962075848,True,17303.349609375,15843.93701171875,NORMAL,POINT_IN_TIME,501,491,488,NORMAL,MOMENTUM_ENABLED,True,True,True,0.9800399201596807,17130.74,-0.3919628697623356,-0.4326745558337329,-0.47338624190513023,28.050371389734778,-0.3105394976195409
PRAJIND-2024-08-30,PRAJIND,2024-08-21,2024-08-30,7,767.5936279296875,31.2991974977195,30.14859776937136,707.6170462869953,1.916233847435294,748.5123901367188,726.7470832958481,705.330679321289,697.0891772460938,565.0725717163086,539830049.5391235,84.17849898580123,96.9574036511156,89.04665314401623,90.75050709939148,0.9820717131474104,16.384753092145658,True,0.9801192842942346,91.31845841784988,True,True,True,True,True,True,True,True,True,True,True,True,True,True,,2024-09-02,749.5860582762322,700.0798968446525,49.5061614315797,2024-09-09,717.3772379203517,SMA20,-0.0429688092518005,2024-09-06,-0.650602256860388,5,2024-08-30,502,493,493,299,60.649087221095336,488,408,83.60655737704919,0.9721115537848606,True,23734.55078125,20639.52029296875,STRONG_MOMENTUM,POINT_IN_TIME,502,493,488,STRONG_MOMENTUM,MOMENTUM_ENABLED,True,True,True,0.9820717131474104,23003.3959375,-0.7111673288918524,-0.7414498649075846,-0.7717324009233169,49.5061614315797,-0.650602256860388
PRESTIGE-2023-09-08,PRESTIGE,2023-09-01,2023-09-08,5,664.590087890625,25.096057301149127,23.042811303822344,624.3736741213071,1.602499280533458,644.059326171875,635.7575693290107,590.4755157470703,577.1588537597656,488.3039268493652,198153229.67959595,70.61224489795919,61.224489795918366,88.16326530612245,72.12244897959184,0.9780439121756488,3.4961145923343264,True,0.9760956175298804,87.51020408163265,True,True,True,True,True,True,True,True,True,True,True,True,True,True,,2023-09-11,651.217759130354,618.6129712953515,32.604787835002526,2023-09-12,618.6129712953515,STOP_INTRADAY,-0.0500674119798935,,-1.0,1,2023-09-08,501,491,491,414,84.31771894093686,487,451,92.60780287474331,0.9720558882235528,True,17487.44921875,15688.051762695311,STRONG_MOMENTUM,POINT_IN_TIME,501,491,487,STRONG_MOMENTUM,MOMENTUM_ENABLED,True,True,True,0.9800399201596807,16885.0370703125,-1.0798922860563744,-1.1198384290845615,-1.1597845721127487,32.604787835002526,-1.0
PRESTIGE-2024-05-15,PRESTIGE,2024-05-06,2024-05-15,7,1552.2647705078125,64.63342401016591,77.78628642098748,1416.8713708530588,2.094789216697823,1539.856689453125,1533.8270297393512,1387.2364013671877,1257.5966198730468,978.6162646484376,1306443293.9630127,98.3640081799591,91.41104294478528,93.4560327198364,94.11042944785277,0.9760479041916168,1.1073154339204423,True,0.9740518962075848,91.53688524590164,True,True,True,True,True,True,True,True,True,True,True,True,True,True,,2024-05-16,1549.7732460759055,1397.424799247812,152.34844682809353,2024-05-30,1507.5656616322765,SMA20,-0.0272346838806905,2024-05-29,-0.2770463718035476,9,2024-05-15,501,493,492,300,60.97560975609756,480,361,75.20833333333333,0.9580838323353292,True,20741.849609375,18657.6592578125,STRONG_MOMENTUM,POINT_IN_TIME,501,492,480,STRONG_MOMENTUM,MOMENTUM_ENABLED,True,True,True,0.9820359281437125,20436.9370703125,-0.3177365994584349,-0.3380817132858786,-0.35842682711332224,152.34844682809353,-0.27704637180354763
PRESTIGE-2025-11-03,PRESTIGE,2025-10-27,2025-11-03,5,1782.5560302734375,45.61180395280884,43.99600642508028,1733.2180888569492,1.0816923940902368,1778.4610595703125,1775.7645284805783,1677.2085754394532,1614.8525317382812,1472.4063677978515,1099044593.4891355,94.11764705882352,73.42799188640974,83.97565922920892,82.79918864097363,0.9801192842942346,1.3580949194133063,True,0.9801192842942346,84.62474645030426,True,True,True,True,True,True,True,True,True,True,True,True,True,True,,2025-11-04,1778.461027773905,1722.2190872506792,56.24194052322582,2025-11-06,1722.2190872506792,STOP_INTRADAY,-0.0316239375757498,,-1.0,1,2025-11-03,503,498,498,299,60.040160642570285,482,324,67.21991701244814,0.9582504970178928,True,23810.69921875,22353.247275390622,STRONG_MOMENTUM,POINT_IN_TIME,503,498,482,STRONG_MOMENTUM,MOMENTUM_ENABLED,True,True,True,0.9900596421471173,23223.1481640625,-1.1264864626809572,-1.189729694021436,-1.2529729253619144,56.24194052322582,-1.0
PTCIL-2025-10-31,PTCIL,2025-10-27,2025-10-31,4,17461.0,557.226476923077,525.8802948615161,16810.0,1.168286194142688,17283.0,17215.0,16752.6,15359.88,14380.157504882813,297677570.0,87.82961460446246,89.65517241379311,86.61257606490872,88.1947261663286,0.9801192842942346,0.8200383617285344,True,0.9801192842942346,90.58823529411764,True,True,True,True,True,True,True,True,True,True,True,True,True,True,,2025-11-03,17151.0,16678.52992628462,472.47007371537984,2025-11-17,16950.0,SMA20,-0.0117194332691971,2025-11-14,-0.425423770058893,9,2025-10-31,503,498,498,276,55.42168674698795,482,313,64.93775933609959,0.9582504970178928,True,23710.400390625,22343.18877929688,NORMAL,POINT_IN_TIME,503,498,482,NORMAL,MOMENTUM_ENABLED,True,True,True,0.9900596421471173,23209.7971875,-0.5706266174276508,-0.6432280411120296,-0.7158294647964084,472.47007371537984,-0.42542377005889304
QUESS-2024-09-10,QUESS,2024-09-03,2024-09-10,5,767.512451171875,28.107155749317013,28.97776950359007,722.073778503908,1.6166229366367368,765.7203979492188,756.8518278176309,706.0578399658203,646.9664196777344,536.6164459228515,231194955.9167176,92.2920892494929,91.07505070993916,93.71196754563894,92.2312373225152,0.9820717131474104,1.2110899497330545,True,0.9820717131474104,94.48275862068964,True,True,True,True,True,True,True,True,True,True,True,True,True,True,,2024-09-11,766.138347794077,714.8293361280105,51.30901166606657,2024-09-27,737.6287556161859,SMA20,-0.0372120678464641,2024-09-26,-0.5556449296556237,12,2024-09-10,502,494,493,279,56.5922920892495,489,403,82.41308793456032,0.9741035856573704,True,23643.650390625,20868.0712890625,NORMAL,POINT_IN_TIME,502,493,489,NORMAL,MOMENTUM_ENABLED,True,True,True,0.9820717131474104,23182.3839453125,-0.6153723204524155,-0.6452360158508115,-0.6750997112492073,51.30901166606657,-0.5556449296556237
RADICO-2023-12-11,RADICO,2023-12-05,2023-12-11,4,1711.562255859375,69.27512533055676,72.15431130046751,1553.5696850432605,2.280653698744376,1654.8699951171875,1618.1690929726235,1501.4524719238282,1344.2415600585937,1243.1438787841796,459031443.3450928,90.0,87.55102040816325,72.0408163265306,83.63265306122449,0.9780439121756488,2.266700784941877,True,0.9780439121756488,88.06122448979592,True,True,True,True,True,True,True,True,True,True,True,True,True,True,,2023-12-12,1654.1239411434617,1535.5311072181437,118.59283392531802,2023-12-19,1535.5311072181437,STOP_INTRADAY,-0.0716952526806046,,-1.0,5,2023-12-11,501,491,491,407,82.89205702647658,488,437,89.54918032786885,0.9740518962075848,True,18770.19921875,16308.349477539065,STRONG_MOMENTUM,POINT_IN_TIME,501,491,488,STRONG_MOMENTUM,MOMENTUM_ENABLED,True,True,True,0.9800399201596807,17462.4908203125,-1.0557916995957823,-1.0836875493936735,-1.1115833991915647,118.59283392531802,-1.0
RADICO-2024-12-09,RADICO,2024-11-29,2024-12-09,6,2448.857421875,86.94527719405644,80.01534900478488,2310.415642332261,1.592286366903466,2390.6708984375,2363.670277088552,2326.812963867188,2252.326979980469,1860.2757098388672,446883627.2918701,42.91497975708502,92.91497975708502,88.25910931174089,76.51821862348177,0.988,1.2938377399059249,True,0.988,93.21862348178138,True,True,True,True,True,True,True,True,True,True,True,True,True,True,,2024-12-10,2390.8206505803523,2290.411805081065,100.40884549928752,2025-01-08,2487.0668089202845,SMA20,0.0402565363138256,2025-01-07,0.9585426250181828,20,2024-12-09,500,496,496,295,59.4758064516129,488,300,61.47540983606557,0.976,True,23292.0,22143.2292578125,NORMAL,POINT_IN_TIME,500,496,488,NORMAL,MOMENTUM_ENABLED,True,True,True,0.992,23008.859921875,0.8632991974618999,0.8156774836837584,0.7680557699056167,100.40884549928751,0.9585426250181829
RADICO-2025-11-03,RADICO,2025-10-21,2025-11-03,8,3294.789794921875,77.44448832997485,82.93847469884913,3105.210428607477,2.447938780441546,3186.530029296875,3169.1683757695337,3091.625451660156,2975.7675146484376,2582.536206054688,522349588.3846436,82.1501014198783,87.0182555780933,79.3103448275862,83.24543610547667,0.9801192842942346,2.053084919351984,True,0.9801192842942346,91.52129817444218,True,True,True,True,True,True,True,True,True,True,True,True,True,True,,2025-11-04,3202.8934798828163,3084.4758099327646,118.41766995005172,2025-11-14,3178.946803419572,SMA20,-0.007476575981578,2025-11-13,-0.2022221554717757,7,2025-11-03,503,498,498,299,60.040160642570285,482,324,67.21991701244814,0.9582504970178928,True,23810.69921875,22353.247275390622,STRONG_MOMENTUM,POINT_IN_TIME,503,498,482,STRONG_MOMENTUM,MOMENTUM_ENABLED,True,True,True,0.9900596421471173,23223.1481640625,-0.310411870105873,-0.3645067274229235,-0.4186015847399741,118.41766995005173,-0.20222215547177189
RAINBOW-2024-12-09,RAINBOW,2024-12-04,2024-12-09,3,1669.989501953125,67.39057122307506,64.002441476236,1612.9375742095535,0.8465862020180717,1655.6519775390625,1648.0349853670757,1605.2186584472656,1508.9178271484377,1326.4439770507813,360362879.9556885,75.10121457489879,96.96356275303644,76.92307692307693,84.3927125506073,0.988,0.578005960050482,True,0.988,88.21862348178138,True,True,True,True,True,True,True,True,True,True,True,True,True,True,,2024-12-10,1680.4938528948971,1596.9369638404946,83.55688905440252,2024-12-13,1596.9369638404946,STOP_INTRADAY,-0.04972162731239,,-1.0,3,2024-12-09,500,496,496,295,59.4758064516129,488,300,61.47540983606557,0.976,True,23292.0,22143.2292578125,NORMAL,POINT_IN_TIME,500,496,488,NORMAL,MOMENTUM_ENABLED,True,True,True,0.992,23008.859921875,-1.0804478899065166,-1.1206718348597748,-1.160895779813033,83.55688905440252,-1.0
RAYMOND-2024-06-21,RAYMOND,2024-06-10,2024-06-21,8,2545.865966796875,115.32063817263334,109.07891327434012,2400.050048828125,1.2644390481993837,2527.89990234375,2458.949951171875,2343.630859375,2186.211635742188,1884.8147009277343,357017318.125,82.07739307535643,87.57637474541752,78.81873727087576,83.29938900203666,0.9780876494023903,12.407520748659447,True,0.9800399201596808,91.22199592668024,True,True,True,True,True,True,True,True,True,True,True,True,True,True,,2024-06-24,2533.199951171875,2372.78032050954,160.41963066233484,2024-07-11,1906.0,STOP_GAP,-0.2475919640223142,,-3.909745637627479,13,2024-06-21,502,493,493,410,83.16430020283975,484,405,83.67768595041323,0.9641434262948207,True,22236.19921875,19238.9940234375,STRONG_MOMENTUM,POINT_IN_TIME,502,493,484,STRONG_MOMENTUM,MOMENTUM_ENABLED,True,True,True,0.9820717131474104,21130.3550390625,-3.9729099758250643,-4.004492144923857,-4.036074314022651,160.41963066233484,-3.909745637627479
RBLBANK-2025-09-18,RBLBANK,2025-09-05,2025-09-18,9,274.28985595703125,8.706016089798196,7.712653793931007,262.02164429872454,1.409164827145534,270.49969482421875,268.0559970447349,264.4515609741211,260.9092352294922,202.2478172302246,2024282844.267517,60.56338028169014,88.73239436619718,97.1830985915493,82.8169014084507,0.9920159680638724,1.3844398083133151,True,0.9920159680638724,89.83903420523139,True,True,True,True,True,True,True,True,True,True,True,True,True,True,,2025-09-19,268.2555072708502,260.0934808502418,8.162026420608413,2025-11-14,314.4359342980904,SMA20,0.1721509000768176,2025-11-13,5.65796098265972,37,2025-09-18,501,497,497,312,62.77665995975856,487,335,68.78850102669405,0.9720558882235528,True,23518.900390625,22257.593759765627,STRONG_MOMENTUM,POINT_IN_TIME,501,497,487,STRONG_MOMENTUM,MOMENTUM_ENABLED,True,True,True,0.9920159680638723,23019.8200390625,5.5264958324889095,5.460763257403506,5.395030682318101,8.162026420608413,5.65796098265972
RBLBANK-2025-10-27,RBLBANK,2025-10-20,2025-10-27,4,325.8064880371094,10.890465605415674,10.529491808093656,313.0894003669392,1.167726719034508,321.2183532714844,321.16848947894584,293.5849090576172,275.75956176757813,217.79024291992187,4160497512.5880127,98.98580121703854,96.9574036511156,98.37728194726166,97.99188640973632,0.9801192842942346,1.3089557131601015,True,0.9801192842942346,97.54563894523326,True,True,True,True,True,True,True,True,True,True,True,True,True,True,,2025-10-28,322.16591480404776,310.4570274149158,11.708887389131974,2025-11-14,314.4359342980904,SMA20,-0.0239937875198839,2025-11-13,-0.6601806174284528,12,2025-10-27,503,498,498,291,58.43373493975904,482,314,65.14522821576763,0.9582504970178928,True,23840.900390625,22310.83252929688,NORMAL,POINT_IN_TIME,503,498,482,NORMAL,MOMENTUM_ENABLED,True,True,True,0.9900596421471173,23130.993125,-0.7702392093671122,-0.8252685053364419,-0.8802978013057716,11.708887389131974,-0.6601806174284528
RCF-2024-01-11,RCF,2024-01-03,2024-01-11,6,167.68099975585938,7.033887312944268,6.622692154799263,159.76830221579905,1.12493948054852,166.2645263671875,165.04344408147577,157.07455825805664,138.90619110107423,116.10328369140623,1189430533.8946075,68.57142857142857,89.79591836734694,75.10204081632654,79.0204081632653,0.9780439121756488,1.0274035711096008,True,0.9780439121756488,91.20408163265306,True,True,True,True,True,True,True,True,True,True,True,True,True,True,,2024-01-12,167.04603896577595,158.11262917709922,8.933409788676727,2024-02-05,158.11262917709922,STOP_INTRADAY,-0.0534787286426287,,-1.0,14,2024-01-11,501,491,491,412,83.91038696537679,489,437,89.36605316973414,0.9760479041916168,True,19584.349609375,16786.46947265625,STRONG_MOMENTUM,POINT_IN_TIME,501,491,489,STRONG_MOMENTUM,MOMENTUM_ENABLED,True,True,True,0.9800399201596807,18318.7829296875,-1.074796093727844,-1.1121941405917661,-1.149592187455688,8.933409788676727,-1.0
RCF-2024-07-12,RCF,2024-07-09,2024-07-12,3,225.4340057373047,11.77584032867213,12.52092510648383,208.70985670851104,1.4202085424063744,223.0797119140625,222.2396139459753,197.1944213867188,167.87325500488282,146.34136833190917,3434523324.111313,98.58012170385396,96.14604462474644,71.19675456389453,89.39148073022312,0.9801192842942346,1.996531497634258,True,0.9820717131474104,89.83772819472615,True,True,True,True,True,True,True,True,True,True,True,True,True,True,,2024-07-15,225.65868137789263,205.5796254318901,20.07905594600254,2024-07-23,205.5796254318901,STOP_INTRADAY,-0.0889797628143441,,-1.0,5,2024-07-12,503,493,493,404,81.94726166328601,484,423,87.39669421487604,0.9622266401590456,True,23095.44921875,19660.458017578127,STRONG_MOMENTUM,POINT_IN_TIME,503,493,484,STRONG_MOMENTUM,MOMENTUM_ENABLED,True,True,True,0.9801192842942346,21748.9951171875,-1.044954042059496,-1.0674310630892438,-1.0899080841189919,20.07905594600254,-1.0
RCF-2024-07-30,RCF,2024-07-22,2024-07-30,6,229.5955047607422,13.692008374299762,12.848788729117729,203.77662267844224,1.885689913158586,214.8055725097656,213.83845522359508,213.0017654418945,184.2351690673828,151.509377822876,2685855767.321518,84.38133874239351,95.53752535496956,55.57809330628803,80.2028397565923,0.9801192842942346,0.9840076857775368,True,0.9801192842942346,84.90872210953347,True,True,True,True,True,True,True,True,True,True,True,True,True,True,,2024-07-31,215.88990740576568,200.5644254961628,15.325481909602871,2024-08-01,213.9361487101436,SMA20,-0.009049791716062,2024-07-31,-0.1274843236347356,1,2024-07-30,503,493,493,393,79.71602434077079,487,432,88.7063655030801,0.9681908548707754,True,23440.900390625,19974.29201171875,STRONG_MOMENTUM,POINT_IN_TIME,503,493,487,STRONG_MOMENTUM,MOMENTUM_ENABLED,True,True,True,0.9801192842942346,22275.4510546875,-0.18383228285172654,-0.21200626246022294,-0.2401802420687193,15.325481909602871,-0.1274843236347338
RECLTD-2023-09-04,RECLTD,2023-08-30,2023-09-04,3,214.92791748046875,6.108556148279994,6.742470108047372,202.1690417979436,2.088689270068792,213.61260986328125,211.1572554218823,203.53484954833985,169.84150939941406,119.30916847229004,3901321527.4547577,94.48979591836736,97.95918367346938,98.16326530612244,96.97959183673468,0.9760956175298804,0.5580526127765851,True,0.9760956175298804,98.12244897959184,True,True,True,True,True,True,True,True,True,True,True,True,True,True,,2023-09-05,213.9194867088353,200.4834242709317,13.436062437903615,2023-09-07,207.7811744970673,SMA20,-0.0286944976645481,2023-09-06,-0.4568535045246299,2,2023-09-04,502,492,491,391,79.63340122199592,484,434,89.6694214876033,0.9641434262948207,True,17180.94921875,15653.53001953125,STRONG_MOMENTUM,POINT_IN_TIME,502,491,484,STRONG_MOMENTUM,MOMENTUM_ENABLED,True,True,True,0.9780876494023905,16787.217109375,-0.5205386764855344,-0.5523812624659867,-0.5842238484464389,13.436062437903615,-0.45685350452462997
RECLTD-2023-10-10,RECLTD,2023-10-03,2023-10-10,5,255.879135131836,9.500944207134152,9.264913393248468,243.51481470782696,1.301378068794968,255.0899353027344,250.31080179202385,236.37686767578128,213.97213348388672,136.62830005645753,4492236732.081284,96.73469387755102,99.3877551020408,98.9795918367347,98.46938775510203,0.9780439121756488,0.8053812762107109,True,0.9780439121756488,97.85714285714285,True,True,True,True,True,True,True,True,True,True,True,True,True,True,,2023-10-11,256.93138851105306,241.19858635951485,15.732802151538207,2023-10-25,244.216348701702,SMA20,-0.0494880749410812,2023-10-23,-0.8081865955523946,9,2023-10-10,501,491,491,290,59.063136456211815,488,431,88.31967213114754,0.9740518962075848,True,17303.349609375,15843.93701171875,NORMAL,POINT_IN_TIME,501,491,488,NORMAL,MOMENTUM_ENABLED,True,True,True,0.9800399201596807,17130.74,-0.8735103404355482,-0.906172212877125,-0.9388340853187019,15.732802151538209,-0.8081865955523946
RECLTD-2023-11-29,RECLTD,2023-11-20,2023-11-29,6,307.36767578125,9.990575641320149,9.258958096570408,294.1599359863002,1.3220198984654856,303.9549255371094,303.5117023770107,285.2323616027832,260.2097314453125,165.264026222229,3221619271.787842,95.3061224489796,94.89795918367348,99.3877551020408,96.36734693877553,0.9780439121756488,0.797782932865048,True,0.9780439121756488,96.81632653061224,True,True,True,True,True,True,True,True,True,True,True,True,True,True,,2023-11-30,303.99934127617496,291.8451964621576,12.154144814017345,2024-01-11,374.071089432814,SMA20,0.230499671027184,2024-01-10,5.765255328850897,29,2023-11-29,501,491,491,336,68.43177189409369,488,420,86.0655737704918,0.9740518962075848,True,17904.099609375,16167.458237304689,STRONG_MOMENTUM,POINT_IN_TIME,501,491,488,STRONG_MOMENTUM,MOMENTUM_ENABLED,True,True,True,0.9800399201596807,17291.4498828125,5.665207371243692,5.615183392440088,5.565159413636483,12.154144814017343,5.765255328850903
REDINGTON-2024-02-23,REDINGTON,2024-02-20,2024-02-23,3,196.2876434326172,9.3718461244393,8.860708301611549,186.3802205133624,1.0571474166033183,195.1713104248047,192.52001443176505,181.7893302917481,171.2121224975586,157.64096153259277,356639759.3251648,90.020366598778,75.76374745417516,66.59877800407332,77.29124236252545,0.9800399201596808,0.9121197031328402,True,0.9780439121756488,76.04081632653062,True,True,True,True,True,True,True,True,True,True,True,True,True,True,,2024-02-26,196.9388137480373,184.16504343795947,12.77377031007785,2024-03-11,184.16504343795947,STOP_INTRADAY,-0.064861619032704,,-1.0,9,2024-02-23,501,491,491,297,60.4887983706721,489,391,79.95910020449898,0.9760479041916168,True,20313.5,17498.107993164063,STRONG_MOMENTUM,POINT_IN_TIME,501,491,489,STRONG_MOMENTUM,MOMENTUM_ENABLED,True,True,True,0.9800399201596807,19558.3800390625,-1.0616697526156904,-1.0925046289235354,-1.1233395052313806,12.773770310077822,-1.0
REDINGTON-2024-03-01,REDINGTON,2024-02-27,2024-03-01,3,197.35745239257807,8.622820787829555,8.800582872894223,186.79884684639347,1.224495534116551,196.3341522216797,195.3573567806737,188.21053924560547,174.32202575683593,158.58862823486328,353078830.01075745,93.68635437881872,80.24439918533605,67.82077393075356,80.5498981670061,0.9800399201596808,0.658605660069195,True,0.9800399201596808,78.9816700610998,True,True,True,True,True,True,True,True,True,True,True,True,True,True,,2024-03-04,195.31084397813964,184.59870112816992,10.712142849969725,2024-03-11,184.59870112816992,STOP_INTRADAY,-0.0548466364272569,,-1.0,4,2024-03-01,501,491,491,284,57.841140529531565,490,378,77.14285714285715,0.9780439121756488,True,20349.80078125,17618.16326171875,NORMAL,POINT_IN_TIME,501,491,490,NORMAL,MOMENTUM_ENABLED,True,True,True,0.9800399201596807,19692.01109375,-1.0729306345942509,-1.1093959518913763,-1.1458612691885017,10.712142849969723,-1.0
REDINGTON-2025-07-14,REDINGTON,2025-07-01,2025-07-14,9,315.59130859375,12.397071245074033,10.714681497473393,288.4647495753781,2.188142544486111,301.3321838378906,294.629380781362,294.9367111206055,275.35240814208987,220.47985397338869,761561417.035492,76.65995975855131,93.36016096579478,98.59154929577466,89.9195171026157,0.994,0.9102948055879142,True,0.9900199600798404,94.7983870967742,True,True,True,True,True,True,True,True,True,True,True,True,True,True,,2025-07-15,302.359604308459,285.7860792010098,16.5735251074492,2025-07-22,299.0326645172389,SMA20,-0.0110032548786709,2025-07-21,-0.2007382116750003,5,2025-07-14,500,497,497,337,67.80684104627767,479,294,61.37787056367432,0.958,True,23309.05078125,22289.428486328125,STRONG_MOMENTUM,POINT_IN_TIME,500,497,479,STRONG_MOMENTUM,MOMENTUM_ENABLED,True,True,True,0.994,22973.43296875,-0.2737123321106243,-0.31019939232843635,-0.3466864525462483,16.5735251074492,-0.20073821167500033
RKFORGE-2024-07-01,RKFORGE,2024-06-25,2024-07-01,4,915.1365356445312,42.92047178750155,39.88868190998734,876.704992201194,0.8954128844065614,908.1172485351562,900.0526378160113,792.2454376220703,747.4997009277344,717.1650210571289,521319817.9859009,97.5609756097561,85.77235772357723,55.89430894308944,80.34552845528455,0.9800796812749004,0.8311279589637854,True,0.9780876494023903,79.65376782077392,True,True,True,True,True,True,True,True,True,True,True,True,True,True,,2024-07-02,912.0001900871042,866.7328217236972,45.26736836340706,2024-07-18,905.976721373725,SMA20,-0.0066046792301697,2024-07-16,-0.1330642564644516,11,2024-07-01,502,493,493,408,82.75862068965517,484,419,86.57024793388429,0.9641434262948207,True,22727.599609375,19406.23626953125,STRONG_MOMENTUM,POINT_IN_TIME,502,493,484,STRONG_MOMENTUM,MOMENTUM_ENABLED,True,True,True,0.9820717131474104,21345.335078125,-0.21365212565671873,-0.25394606025285227,-0.29423999484898583,45.26736836340706,-0.13306425646445166
RKFORGE-2024-08-29,RKFORGE,2024-08-23,2024-08-29,4,962.5784301757812,38.111296932639775,35.53769043387372,933.9539855670068,0.7510750594336139,960.2884521484376,958.7950249190176,920.7966552734376,905.3991833496094,769.1963577270508,643104749.8423462,90.66937119675455,93.71196754563894,66.32860040567951,84.5841784989858,0.9801192842942346,1.348274397674943,True,0.9801192842942346,81.05476673427992,True,True,True,True,True,True,True,True,True,True,True,True,True,True,,2024-08-30,963.2753414755998,925.0695629585384,38.20577851706139,2024-10-04,975.7207069898266,SMA20,0.0129198423112982,2024-10-03,0.3257456331813544,24,2024-08-29,503,493,493,280,56.79513184584179,487,406,83.3675564681725,0.9681908548707754,True,23631.400390625,20604.51228515625,NORMAL,POINT_IN_TIME,503,493,487,NORMAL,MOMENTUM_ENABLED,True,True,True,0.9801192842942346,22973.2029296875,0.22489436105816668,0.1744687249965728,0.12404308893497891,38.20577851706139,0.3257456331813544
RKFORGE-2024-09-26,RKFORGE,2024-09-18,2024-09-26,6,1017.2387084960938,36.81384112299228,33.987513133499846,979.8028714766943,1.016895707631512,1005.4404296875,1003.996815508062,985.4456237792969,935.5967456054688,794.4049938964844,504519221.699646,73.42799188640974,69.97971602434076,82.1501014198783,74.66531440162271,0.986,0.4120431507576916,True,0.9840319361277444,82.96146044624747,True,True,True,True,True,True,True,True,True,True,True,True,True,True,,2024-09-27,1010.5679750510188,971.3059931933196,39.2619818576992,2024-10-04,975.7207069898266,SMA20,-0.0344828541191729,2024-10-03,-0.8875575407143841,4,2024-09-26,500,493,493,310,62.88032454361054,490,401,81.83673469387756,0.98,True,24496.900390625,21253.68328125,STRONG_MOMENTUM,POINT_IN_TIME,500,493,490,STRONG_MOMENTUM,MOMENTUM_ENABLED,True,True,True,0.986,23446.3629296875,-0.9905139303040603,-1.0419921250988984,-1.0934703198937363,39.2619818576992,-0.8875575407143841
RRKABEL-2025-07-23,RRKABEL,2025-07-18,2025-07-23,3,1463.6015625,50.28318329407383,48.41765986905891,1410.5875584621635,1.054308827820065,1458.727783203125,1438.437264425208,1373.9932373046877,1349.6328515625,1287.6236627197266,222561737.3233032,80.48289738430584,98.39034205231388,67.80684104627767,83.8430583501006,0.9920159680638724,1.8409728598714497,True,0.9920159680638724,82.897384305835,True,True,True,True,True,True,True,True,True,True,True,True,True,True,,2025-07-24,1458.7277800803515,1398.4831434948987,60.24463658545278,2025-07-25,1398.4831434948987,STOP_INTRADAY,-0.0412994373646152,,-1.0,1,2025-07-23,501,497,497,306,61.56941649899397,479,314,65.55323590814196,0.9560878243512974,True,23428.400390625,22255.32173828125,STRONG_MOMENTUM,POINT_IN_TIME,501,497,479,STRONG_MOMENTUM,MOMENTUM_ENABLED,True,True,True,0.9920159680638723,23150.1589453125,-1.0968536196918541,-1.1452804295377812,-1.1937072393837083,60.24463658545278,-1.0
RRKABEL-2025-11-12,RRKABEL,2025-10-29,2025-11-12,9,1417.848388671875,42.02876787159462,46.42423064674557,1336.630643494902,1.932432219405236,1397.0782470703125,1356.5804330422964,1330.6697998046875,1274.5461279296876,1205.8631481933594,209304680.7159424,89.47368421052632,77.53036437246963,52.42914979757085,73.582995951417,0.9821073558648112,1.888885998569292,True,0.9801192842942346,79.65517241379311,True,True,True,True,True,True,True,True,True,True,True,True,True,True,,2025-11-13,1396.4798461597209,1325.0245858332155,71.45526032650537,2025-11-19,1349.897276162845,SMA20,-0.0333571373228025,2025-11-18,-0.6519123964285207,4,2025-11-12,503,499,498,249,50.0,482,294,60.99585062240664,0.9582504970178928,True,23836.900390625,22414.982529296874,NORMAL,POINT_IN_TIME,503,498,482,NORMAL,MOMENTUM_ENABLED,True,True,True,0.9900596421471173,23320.60515625,-0.7300860586489754,-0.7691728897592027,-0.8082597208694301,71.45526032650537,-0.6519123964285207
RRKABEL-2026-01-02,RRKABEL,2025-12-22,2026-01-02,7,1528.8460693359375,44.29379134313196,43.879629154414815,1426.204919031163,2.3172807563399003,1506.7020263671875,1456.328934589234,1443.316748046875,1398.52953125,1261.774049377441,245664366.758606,85.3118712273642,90.9456740442656,77.2635814889336,85.15090543259558,0.9920159680638724,1.772335909772759,True,0.9920159680638724,92.19315895372232,True,True,True,True,True,True,True,True,True,True,True,True,True,True,,2026-01-05,1506.7019857814732,1415.2350117425592,91.46697403891405,2026-01-19,1464.7078643477005,SMA20,-0.0278715511295964,2026-01-16,-0.4591178605723486,10,2026-01-02,501,498,498,250,50.20080321285141,492,263,53.45528455284553,0.9820359281437124,True,24099.0,22919.6473046875,NORMAL,POINT_IN_TIME,501,498,492,NORMAL,MOMENTUM_ENABLED,True,True,True,0.9940119760479041,23754.1330859375,-0.5250083965439643,-0.557953664529772,-0.5908989325155797,91.46697403891403,-0.4591178605723486
RTNINDIA-2024-01-11,RTNINDIA,2024-01-05,2024-01-11,4,86.0,4.290904417045432,4.2963164913712335,81.0,1.1652555065402337,85.3499984741211,83.94999694824219,79.91249961853028,73.66099990844727,52.665499935150144,712104718.676548,58.97959183673469,94.28571428571428,95.71428571428572,84.12244897959184,0.9780439121756488,1.668461159788634,True,0.9780439121756488,85.42857142857142,True,True,True,True,True,True,True,True,True,True,True,True,True,True,,2024-01-12,85.69999694824219,79.9259208771572,5.774076071084991,2024-01-16,79.9259208771572,STOP_INTRADAY,-0.0673754524702281,,-1.0,2,2024-01-11,501,491,491,412,83.91038696537679,489,437,89.36605316973414,0.9760479041916168,True,19584.349609375,16786.46947265625,STRONG_MOMENTUM,POINT_IN_TIME,501,491,489,STRONG_MOMENTUM,MOMENTUM_ENABLED,True,True,True,0.9800399201596807,18318.7829296875,-1.0593688035233235,-1.0890532052849853,-1.118737607046647,5.774076071084991,-1.0
SAFARI-2023-10-19,SAFARI,2023-10-10,2023-10-19,7,2228.115478515625,73.02670737505963,68.19821871683071,2065.958672624516,2.220513723264069,2112.48828125,2102.5601074947986,2048.5936767578123,1887.7469897460933,1349.765034790039,195659430.5888672,97.75510204081633,92.85714285714286,94.6938775510204,94.87755102040816,0.9780439121756488,1.775083224938821,True,0.9780439121756488,96.3469387755102,True,True,True,True,True,True,True,True,True,True,True,True,True,True,,2023-10-20,2123.9341845927206,2048.909117945308,75.02506664741259,2023-10-25,2090.0945701724645,SMA20,-0.0159325155486139,2023-10-23,-0.4510441100877469,2,2023-10-19,501,491,491,302,61.5071283095723,489,428,87.52556237218813,0.9760479041916168,True,17310.5,15910.912001953126,STRONG_MOMENTUM,POINT_IN_TIME,501,491,489,STRONG_MOMENTUM,MOMENTUM_ENABLED,True,True,True,0.9800399201596807,17194.65796875,-0.5642827530908568,-0.6209020745924118,-0.6775213960939668,75.02506664741259,-0.4510441100877469
SAIL-2024-04-22,SAIL,2024-04-12,2024-04-22,5,152.24366760253906,5.965086826089611,6.160040058001253,137.98460111101582,2.3904206103351417,145.4326171875,144.55062658196968,139.93235702514647,131.90788925170898,103.47643878936768,4757310938.50555,85.24590163934425,90.57377049180327,88.9344262295082,88.48360655737704,0.9740518962075848,0.7698224513146931,True,0.9740518962075848,91.7827868852459,True,True,True,True,True,True,True,True,True,True,True,True,True,True,,2024-04-23,146.706628945023,136.4445910965155,10.262037848507504,2024-05-08,152.8806674242613,SMA20,0.04208425020489,2024-05-07,0.6016386384831205,10,2024-04-22,501,493,492,278,56.50406504065041,479,367,76.61795407098121,0.9560878243512974,True,20574.849609375,18317.231513671875,NORMAL,POINT_IN_TIME,501,492,479,NORMAL,MOMENTUM_ENABLED,True,True,True,0.9820359281437125,20216.8351171875,0.5444544296112501,0.5158623251753149,0.4872702207393798,10.262037848507504,0.6016386384831205
SAIL-2026-02-18,SAIL,2026-02-11,2026-02-18,5,162.1199951171875,5.396980165498052,5.098334801560028,153.83999633789062,1.534191070819466,159.2100067138672,158.83999633789062,156.16300048828126,146.37639999389648,133.62992107391358,4095284835.570252,73.49397590361446,92.1686746987952,92.570281124498,86.6867469879518,0.994011976047904,0.5480434536721435,True,0.9920159680638724,88.75251509054326,True,True,True,True,True,True,True,True,True,True,True,True,True,True,,2026-02-19,160.5,152.56541263750063,7.9345873624993715,2026-02-20,155.89999389648438,SMA20,-0.0286604741652063,2026-02-19,-0.5797410619304892,1,2026-02-18,501,499,449,232,51.67037861915368,444,181,40.76576576576576,0.8862275449101796,True,23645.80078125,23254.83354492188,NORMAL,POINT_IN_TIME,501,449,444,NORMAL,MOMENTUM_ENABLED,True,True,True,0.8962075848303394,23518.3460546875,-0.6606526419118548,-0.7011084319025375,-0.7415642218932202,7.9345873624993715,-0.5797410619304892
SAMMAANCAP-2023-11-28,SAMMAANCAP,2023-11-17,2023-11-28,6,169.02613830566406,6.445318088617112,5.871541103413035,159.7849221455711,1.433787445869212,165.32965087890625,164.09749434871176,154.63184814453126,155.7658953857422,120.23476581573486,1305087680.856804,88.36734693877551,77.14285714285715,88.77551020408163,84.0,0.9780439121756488,0.8981343437330472,True,0.9780439121756488,83.48979591836735,True,True,True,True,True,True,True,True,True,True,True,True,True,True,,2023-11-29,165.81370178705157,158.31703686971784,7.496664917333732,2024-01-10,186.8484626068528,SMA20,0.126857796388958,2024-01-09,2.8058824893139853,29,2023-11-28,501,491,491,322,65.58044806517312,488,417,85.45081967213115,0.9740518962075848,True,17741.80078125,16152.749487304687,STRONG_MOMENTUM,POINT_IN_TIME,501,491,488,STRONG_MOMENTUM,MOMENTUM_ENABLED,True,True,True,0.9800399201596807,17283.902890625,2.717409172917703,2.6731725147195595,2.6289358565214167,7.496664917333732,2.805882489313989
SAMMAANCAP-2025-10-31,SAMMAANCAP,2025-10-27,2025-10-31,4,188.6300048828125,6.077275047781981,6.191363206676504,181.1000061035156,1.2390419587879429,188.58999633789065,185.92999267578125,171.94449920654296,150.16780075073245,131.74575016021728,3407157565.6521378,96.14604462474644,99.59432048681542,96.75456389452332,97.7079107505071,0.9801192842942346,3.1129198899514785,True,0.9801192842942346,98.25557809330628,True,True,True,True,True,True,True,True,True,True,True,True,True,True,,2025-11-03,188.0,179.5521653018465,8.447834698153514,2025-11-10,179.5521653018465,STOP_INTRADAY,-0.044935290947625,,-1.0,4,2025-10-31,503,498,498,276,55.42168674698795,482,313,64.93775933609959,0.9582504970178928,True,23710.400390625,22343.18877929688,NORMAL,POINT_IN_TIME,503,498,482,NORMAL,MOMENTUM_ENABLED,True,True,True,0.9900596421471173,23209.7971875,-1.0890168933069169,-1.133525339960375,-1.1780337866138333,8.447834698153514,-1.0
SAREGAMA-2024-05-10,SAREGAMA,2024-04-26,2024-05-10,9,435.3208618164063,16.556425675357342,15.510252578522076,412.96149174394657,1.3504949987930952,426.396728515625,425.1218712108436,415.2072479248047,389.3272814941406,369.1734121704101,142028823.02082825,89.75409836065575,90.1639344262295,65.77868852459017,82.72540983606557,0.9740518962075848,1.263172493013287,True,0.9740518962075848,79.61065573770492,True,True,True,True,True,True,True,True,True,True,True,True,True,True,,2024-05-13,426.5928741241488,409.083928599316,17.508945524832825,2024-05-16,419.335898940736,SMA20,-0.01701147774283,2024-05-15,-0.414472429143168,3,2024-05-10,501,493,492,250,50.81300813008131,480,346,72.08333333333333,0.9580838323353292,True,20469.099609375,18599.2830078125,NORMAL,POINT_IN_TIME,501,492,480,NORMAL,MOMENTUM_ENABLED,True,True,True,0.9820359281437125,20415.4470703125,-0.5119295543638961,-0.5606581169742617,-0.6093866795846274,17.508945524832825,-0.4144724291431648
SAREGAMA-2026-08-13,SAREGAMA,2026-08-05,2026-08-13,6,557.25,23.37279590137773,23.62270790515513,509.25,2.053669582472613,531.6500244140625,529.5,519.0850006103516,491.4599993896484,395.13304885864255,233688650.3456116,80.0,93.4,92.6,89.14000000000001,1.0,1.406857869202491,True,1.0,97.96,True,True,True,True,True,True,True,True,True,True,True,True,True,True,,2026-08-14,535.6500244140625,503.3443230237112,32.30570139035132,2026-08-19,514.0,SMA20,-0.0404182272515436,2026-08-18,-0.6701611010534714,3,2026-08-13,500,500,500,290,57.99999999999999,420,252,60.0,0.84,True,23658.099609375,23086.29630859375,NORMAL,POINT_IN_TIME,500,500,420,NORMAL,MOMENTUM_ENABLED,True,True,True,1.0,23162.01,-0.7364837625480203,-0.7696450932952948,-0.8028064240425693,32.30570139035132,-0.6701611010534714
SBFC-2025-07-22,SBFC,2025-07-11,2025-07-22,7,119.0199966430664,4.12233331255292,3.596520928462734,113.8000030517578,1.2662715980324026,118.05999755859376,115.98999786376952,112.85749855041504,110.58679962158205,94.04595008850096,257802858.29232025,91.34808853118712,55.73440643863179,94.76861167002012,78.1287726358149,0.9920159680638724,1.1632164898483048,True,0.994,85.85513078470825,True,True,True,True,True,True,True,True,True,True,True,True,True,True,,2025-07-23,118.9000015258789,112.90087281964212,5.999128706236789,2025-07-25,112.90087281964212,STOP_INTRADAY,-0.0504552449894717,,-1.0,2,2025-07-22,501,497,497,312,62.77665995975856,479,314,65.55323590814196,0.9560878243512974,True,23320.900390625,22259.40573242188,STRONG_MOMENTUM,POINT_IN_TIME,501,497,479,STRONG_MOMENTUM,MOMENTUM_ENABLED,True,True,True,0.9920159680638723,23131.5809375,-1.079278180114568,-1.1189172701718522,-1.158556360229136,5.999128706236789,-1.0
SBILIFE-2024-08-08,SBILIFE,2024-08-01,2024-08-08,5,1761.4442138671875,42.26922094381071,46.45966922108067,1664.563547652905,2.291990816274276,1700.6944580078125,1693.3188178907,1668.5753051757813,1538.4282861328124,1457.3402203369142,2289954168.468567,90.87221095334684,72.21095334685599,59.43204868154158,73.97565922920893,0.9801192842942346,0.9708611128969736,True,0.9801192842942346,75.63894523326572,True,True,True,True,True,True,True,True,True,True,True,True,True,True,,2024-08-09,1714.3493962186153,1652.948630347635,61.40076587098042,2024-08-14,1690.6276441600594,SMA20,-0.013837174680307,2024-08-13,-0.3863429343601629,3,2024-08-08,503,493,493,252,51.115618661257614,487,397,81.51950718685832,0.9681908548707754,True,22705.69921875,20175.52526367188,NORMAL,POINT_IN_TIME,503,493,487,NORMAL,MOMENTUM_ENABLED,True,True,True,0.9801192842942346,22505.3230078125,-0.4980255410443158,-0.5538668443863922,-0.6097081477284686,61.40076587098042,-0.3863429343601629
SBILIFE-2024-09-12,SBILIFE,2024-09-03,2024-09-12,7,1922.31396484375,42.62273134532767,39.556538112249214,1832.70930330316,2.1022740381093112,1869.787109375,1864.903288939631,1829.1634948730468,1716.7804174804687,1513.9754931640623,2288570713.832397,79.3103448275862,86.20689655172413,56.18661257606491,75.13184584178498,0.9820717131474104,0.898822853747106,True,0.9820717131474104,80.36511156186612,True,True,True,True,True,True,True,True,True,True,True,True,True,True,,2024-09-13,1862.8599203994463,1822.8201687750973,40.03975162434904,2024-09-16,1822.8201687750973,STOP_INTRADAY,-0.0214936996528238,,-1.0,1,2024-09-12,502,494,493,292,59.2292089249493,489,398,81.39059304703477,0.9741035856573704,True,23907.349609375,20931.13103515625,NORMAL,POINT_IN_TIME,502,493,489,NORMAL,MOMENTUM_ENABLED,True,True,True,0.9820717131474104,23223.0479296875,-1.1861010465675916,-1.2791515698513876,-1.3722020931351833,40.03975162434904,-1.0
SBILIFE-2025-07-08,SBILIFE,2025-07-01,2025-07-08,5,1859.91455078125,32.833108395110195,31.85459970526242,1780.6247281725746,2.414934999589743,1814.3778076171875,1809.2849362764985,1813.6987426757807,1786.3867114257812,1599.3492602539063,1635263125.4499512,59.35613682092556,62.57545271629779,90.74446680080484,70.06036217303823,0.9920159680638724,0.6877783545998525,True,0.9900199600798404,72.1774193548387,True,True,True,True,True,True,True,True,True,True,True,True,True,True,,2025-07-09,1817.473511132652,1772.661078246259,44.81243288639303,2025-07-10,1808.4859499103047,SMA20,-0.0049450851235492,2025-07-09,-0.2005595466135876,1,2025-07-08,501,498,497,384,77.2635814889336,479,299,62.421711899791234,0.9560878243512974,True,23572.55078125,22299.778984375,STRONG_MOMENTUM,POINT_IN_TIME,501,497,479,STRONG_MOMENTUM,MOMENTUM_ENABLED,True,True,True,0.9920159680638723,22867.8930078125,-0.3627889453824842,-0.44390364476692723,-0.5250183441513705,44.812432886393026,-0.20055954661359784
SBIN-2024-03-01,SBIN,2024-02-21,2024-03-01,7,730.6692504882812,18.59481537093894,17.852043020461753,698.1372521616919,1.7495198353747714,728.443603515625,714.0007786982383,694.1452606201171,637.8614709472656,573.8320611572266,14485641597.52536,95.11201629327904,84.72505091649694,67.0061099796334,82.5254582484725,0.9800399201596808,0.7825499891200522,True,0.9780439121756488,80.9591836734694,True,True,True,True,True,True,True,True,True,True,True,True,True,True,,2024-03-04,733.415788130336,693.6742414065765,39.74154672375949,2024-03-13,718.4993277010051,SMA20,-0.020338341048475,2024-03-12,-0.3753366856356666,6,2024-03-01,501,491,491,284,57.841140529531565,490,378,77.14285714285715,0.9780439121756488,True,20349.80078125,17618.16326171875,NORMAL,POINT_IN_TIME,501,491,490,NORMAL,MOMENTUM_ENABLED,True,True,True,0.9800399201596807,19692.01109375,-0.44915523056832907,-0.4860645030346602,-0.5229737755009916,39.741546723759484,-0.3753366856356666
SBIN-2025-11-12,SBIN,2025-11-06,2025-11-12,4,943.739013671875,13.948852426920151,13.751991441954448,927.285620273902,1.1795517576929373,940.2028198242188,938.041768729716,909.6116790771484,862.0396728515625,786.207269897461,9625420993.642488,85.22267206477733,86.43724696356276,77.1255060728745,83.27935222672065,0.9821073558648112,0.6741474813519621,True,0.9821073558648112,88.46153846153845,True,True,True,True,True,True,True,True,True,True,True,True,True,True,,2025-11-13,937.3541550706268,923.8476224134132,13.506532657213596,2025-12-03,953.2672831530164,SMA20,0.0169766443092051,2025-12-02,1.1781801063421444,14,2025-11-12,503,499,498,249,50.0,482,294,60.99585062240664,0.9582504970178928,True,23836.900390625,22414.982529296874,NORMAL,POINT_IN_TIME,503,498,482,NORMAL,MOMENTUM_ENABLED,True,True,True,0.9900596421471173,23320.60515625,0.9005798727781282,0.76177975599612,0.6229796392141119,13.506532657213597,1.1781801063421444
SCHAEFFLER-2024-06-21,SCHAEFFLER,2024-06-14,2024-06-21,4,4746.04931640625,243.94841493670395,230.3142756362825,4546.936521094866,0.8162086044422404,4639.87890625,4613.619115160062,4391.197351074219,3908.042666015625,3208.6853674316408,831105138.1794434,47.45417515274949,94.90835030549898,85.5397148676171,77.86150712830957,0.9780876494023903,1.5649097869453552,True,0.9780876494023903,92.42362525458248,True,True,True,True,True,True,True,True,True,True,True,True,True,True,,2024-06-24,4671.696027868744,4489.357952185796,182.33807568294745,2024-07-05,4489.357952185796,STOP_INTRADAY,-0.0390303809569843,,-1.0,9,2024-06-21,502,493,493,410,83.16430020283975,484,405,83.67768595041323,0.9641434262948207,True,22236.19921875,19238.9940234375,STRONG_MOMENTUM,POINT_IN_TIME,502,493,484,STRONG_MOMENTUM,MOMENTUM_ENABLED,True,True,True,0.9820717131474104,21130.3550390625,-1.102484267432809,-1.1537264011492137,-1.2049685348656183,182.33807568294742,-1.0
SCHAEFFLER-2025-07-14,SCHAEFFLER,2025-07-09,2025-07-14,3,4200.43896484375,127.9531691392892,130.0799144392594,4072.095157447156,1.00305297836648,4190.1240234375,4187.942000038101,3984.466162109375,3992.525830078125,3528.816358642578,209048758.32678223,51.30784708249497,90.14084507042254,86.31790744466801,77.34406438631791,0.994,1.1313831507925505,True,0.9920159680638724,77.20321931589537,True,True,True,True,True,True,True,True,True,True,True,True,True,True,,2025-07-15,4210.357705783574,4039.575178837341,170.7825269462328,2025-07-25,4039.575178837341,STOP_INTRADAY,-0.0405624744690069,,-1.0,8,2025-07-14,500,497,497,337,67.80684104627767,479,294,61.37787056367432,0.958,True,23309.05078125,22289.428486328125,STRONG_MOMENTUM,POINT_IN_TIME,500,497,479,STRONG_MOMENTUM,MOMENTUM_ENABLED,True,True,True,0.994,22973.43296875,-1.0986133132251665,-1.1479199698377498,-1.197226626450333,170.7825269462328,-1.0
SCHNEIDER-2024-04-16,SCHNEIDER,2024-04-08,2024-04-16,5,819.5499877929688,39.83361465916863,42.418217243901545,725.0,2.373623097024309,794.7999877929688,779.0,724.5524963378906,641.7889953613281,419.3322479248047,111802771.64880373,96.51639344262296,100.0,98.97540983606558,98.64754098360656,0.9740518962075848,1.3855927861461217,True,0.9720558882235528,98.27515400410677,True,True,True,True,True,True,True,True,True,True,True,True,True,True,,2024-04-18,794.0,714.3954456890247,79.60455431097535,2024-04-22,708.0,SMA20,-0.1083123425692695,2024-04-19,-1.0803401984268493,2,2024-04-16,501,493,492,272,55.28455284552846,479,366,76.40918580375782,0.9560878243512974,True,20423.0,18253.716274414062,NORMAL,POINT_IN_TIME,501,492,479,NORMAL,MOMENTUM_ENABLED,True,True,True,0.9820359281437125,20180.94515625,-1.1202374131966595,-1.1401860205815644,-1.1601346279664695,79.60455431097535,-1.0803401984268493
SCHNEIDER-2024-05-14,SCHNEIDER,2024-05-06,2024-05-14,6,835.1500244140625,40.68725351609401,41.686953709710565,751.0,2.068215894217992,818.5499877929688,795.0,780.6225036621094,726.9949987792969,465.28024826049807,119179470.12402344,80.94262295081968,97.95081967213116,98.97540983606558,93.15573770491804,0.9740518962075848,0.8246708572310728,True,0.9740518962075848,84.20081967213115,True,True,True,True,True,True,True,True,True,True,True,True,True,True,,2024-05-15,824.0,740.5782615725724,83.42173842742761,2024-05-28,786.0,SMA20,-0.0461165048543689,2024-05-27,-0.4555167599756739,8,2024-05-14,501,493,492,288,58.53658536585365,480,357,74.375,0.9580838323353292,True,20683.80078125,18638.31026367188,NORMAL,POINT_IN_TIME,501,492,480,NORMAL,MOMENTUM_ENABLED,True,True,True,0.9820359281437125,20427.9570703125,-0.49502684526198504,-0.5147818879051406,-0.5345369305482961,83.42173842742761,-0.4555167599756739
SCHNEIDER-2024-07-01,SCHNEIDER,2024-06-20,2024-07-01,7,922.9000244140624,52.0482629965464,48.814751849630966,857.4000244140625,1.258447376127541,904.6500244140624,900.0,825.3074981689454,808.7360009765625,547.5919982910157,228321084.6560669,93.90243902439023,79.0650406504065,98.3739837398374,89.3089430894309,0.9800796812749004,1.765418209197629,True,0.9780876494023903,76.0488798370672,True,True,True,True,True,True,True,True,True,True,True,True,True,True,,2024-07-02,927.0,845.1963364516548,81.80366354834518,2024-07-10,845.1963364516548,STOP_INTRADAY,-0.0882455917457876,,-1.0,6,2024-07-01,502,493,493,408,82.75862068965517,484,419,86.57024793388429,0.9641434262948207,True,22727.599609375,19406.23626953125,STRONG_MOMENTUM,POINT_IN_TIME,502,493,484,STRONG_MOMENTUM,MOMENTUM_ENABLED,True,True,True,0.9820717131474104,21345.335078125,-1.0453280432582168,-1.0679920648873251,-1.0906560865164334,81.80366354834518,-1.0
SCI-2025-10-21,SCI,2025-10-15,2025-10-21,4,227.6051025390625,6.936699667028116,6.838570223142087,217.6655510256803,1.4328934494061216,225.9468994140625,221.4989696499728,220.60791931152343,210.93203521728515,188.26038566589355,539388577.250824,85.39553752535497,82.55578093306288,88.64097363083164,85.23326572008114,0.9801192842942346,0.5253707597936607,True,0.9801192842942346,88.1338742393509,True,True,True,True,True,True,True,True,True,True,True,True,True,True,,2025-10-23,226.298044921875,215.95590846989475,10.342136451980252,2025-11-19,251.1869309207043,SMA20,0.1099827707633165,2025-11-18,2.4065516940712683,18,2025-10-21,503,498,498,279,56.024096385542165,482,309,64.10788381742739,0.9582504970178928,True,23759.19921875,22293.93203125,NORMAL,POINT_IN_TIME,503,498,482,NORMAL,MOMENTUM_ENABLED,True,True,True,0.9900596421471173,23058.2291015625,2.3190270144375766,2.275264674620731,2.2315023348038845,10.342136451980252,2.4065516940712683
SHRIRAMFIN-2023-11-13,SHRIRAMFIN,2023-11-03,2023-11-13,6,384.0946044921875,11.440293528368404,9.94030101403452,371.2532018929929,1.122471426747211,379.1333923339844,378.7769098271554,366.1517166137695,363.8051458740234,299.9771125030518,1621389866.6735077,80.20408163265306,57.95918367346938,80.61224489795919,71.42857142857143,0.9780439121756488,0.6121083824934139,True,0.9760479041916168,80.02044989775051,True,True,True,True,True,True,True,True,True,True,True,True,True,True,,2023-11-15,382.4954167311528,368.7681266394843,13.727290091668465,2023-11-28,376.050667748414,SMA20,-0.0168492188424539,2023-11-24,-0.4694844313554895,8,2023-11-13,501,491,491,254,51.73116089613035,488,399,81.76229508196722,0.9740518962075848,True,17318.599609375,16038.288491210937,NORMAL,POINT_IN_TIME,501,491,488,NORMAL,MOMENTUM_ENABLED,True,True,True,0.9800399201596807,17226.8638671875,-0.5809399084895489,-0.6366676470565807,-0.6923953856236124,13.727290091668465,-0.4694844313554854
SHRIRAMFIN-2024-01-19,SHRIRAMFIN,2024-01-16,2024-01-19,3,445.00677490234375,10.362527952947207,11.305123874138518,423.2063213561969,2.103777538177505,443.494384765625,440.6909954866646,416.7813171386719,399.423125,338.1537684631348,2315836308.9006805,80.20408163265306,73.06122448979592,61.42857142857143,71.71428571428571,0.9780439121756488,0.9760888153408986,True,0.9780439121756488,70.61224489795919,True,True,True,True,True,True,True,True,True,True,True,True,True,True,,2024-01-23,440.6428596860501,420.3800403876623,20.2628192983878,2024-02-12,451.79806199725584,SMA20,0.0253157450892399,2024-02-09,0.5505256769522351,13,2024-01-19,501,491,491,373,75.96741344195519,489,420,85.88957055214725,0.9760479041916168,True,19606.400390625,16945.638486328124,STRONG_MOMENTUM,POINT_IN_TIME,501,491,489,STRONG_MOMENTUM,MOMENTUM_ENABLED,True,True,True,0.9800399201596807,18649.9069921875,0.46354017839999573,0.420047429123876,0.3765546798477563,20.262819298387797,0.5505256769522351
SHRIRAMFIN-2024-09-02,SHRIRAMFIN,2024-08-27,2024-09-02,4,628.1975708007812,18.72055748491012,16.952003845720398,617.5182652552058,0.5704587352264245,627.3804931640625,627.2151975559597,594.4188446044922,570.2409716796875,476.8914553833008,3048995923.519745,81.13590263691684,89.8580121703854,74.0365111561866,82.49492900608519,0.9820717131474104,0.6205422358346095,True,0.9801192842942346,82.81947261663285,True,True,True,True,True,True,True,True,True,True,True,True,True,True,,2024-09-03,624.6085472798404,613.2802642937758,11.328282986064664,2024-10-04,662.7348015632858,SMA20,0.0610402378409398,2024-10-03,3.365581026740408,22,2024-09-02,502,493,493,290,58.82352941176471,489,409,83.640081799591,0.9741035856573704,True,23760.69921875,20673.86978515625,NORMAL,POINT_IN_TIME,502,493,489,NORMAL,MOMENTUM_ENABLED,True,True,True,0.9820717131474104,23032.5079296875,3.145032670719219,3.034758492708625,2.924484314698031,11.328282986064664,3.365581026740408
SHYAMMETL-2023-12-14,SHYAMMETL,2023-12-11,2023-12-14,3,517.61767578125,16.32479700810677,15.991140516616497,500.17972016049606,1.0681882054701437,511.8050231933594,511.2630798542338,471.5772842407226,453.5508117675781,372.6088858032227,260651145.9396515,59.38775510204082,70.81632653061224,86.53061224489797,72.10204081632654,0.9780439121756488,1.2604420882490968,True,0.9780439121756488,75.04081632653062,True,True,True,True,True,True,True,True,True,True,True,True,True,True,,2023-12-15,512.1990180964165,496.18193503134194,16.01708306507453,2024-02-12,671.9471793497592,SMA20,0.3118868947602544,2024-02-09,9.973611337614631,38,2023-12-14,501,491,491,414,84.31771894093686,489,441,90.1840490797546,0.9760479041916168,True,18973.849609375,16365.27822265625,STRONG_MOMENTUM,POINT_IN_TIME,501,491,489,STRONG_MOMENTUM,MOMENTUM_ENABLED,True,True,True,0.9800399201596807,17554.63984375,9.845698154917024,9.78174156356822,9.717784972219414,16.01708306507453,9.973611337614633
SHYAMMETL-2024-08-30,SHYAMMETL,2024-08-26,2024-08-30,4,813.0260009765625,33.172354289436235,31.59723279691924,755.2447566832354,1.7418493661671626,788.2664794921875,788.150045119401,745.1031982421875,707.3167810058594,621.2889384460449,880632895.5205078,83.56997971602435,79.71602434077079,61.4604462474645,75.39553752535497,0.9820717131474104,0.6415673450402029,True,0.9801192842942346,79.95943204868155,True,True,True,True,True,True,True,True,True,True,True,True,True,True,,2024-09-02,797.0650678113875,747.3454484840056,49.71961932738191,2024-10-21,879.8610553455022,SMA20,0.103876070947958,2024-10-18,1.6652578731333283,34,2024-08-30,502,493,493,299,60.649087221095336,488,408,83.60655737704919,0.9721115537848606,True,23734.55078125,20639.52029296875,STRONG_MOMENTUM,POINT_IN_TIME,502,493,488,STRONG_MOMENTUM,MOMENTUM_ENABLED,True,True,True,0.9820717131474104,23003.3959375,1.6011330806595112,1.5690706844226026,1.537008288185694,49.719619327381906,1.6652578731333283
SHYAMMETL-2024-09-10,SHYAMMETL,2024-09-05,2024-09-10,3,820.7423706054688,29.77444222558289,29.37381973175348,783.5211738910317,1.2501055916491937,815.0083618164062,809.6699689047947,777.276010131836,728.39251953125,633.7329942321777,858008204.4554443,79.71602434077079,87.82961460446246,62.06896551724138,77.66734279918863,0.9820717131474104,0.562868412928076,True,0.9820717131474104,84.88843813387423,True,True,True,True,True,True,True,True,True,True,True,True,True,True,,2024-09-11,812.6357154869241,776.1777189580934,36.45799652883079,2024-10-21,879.8610553455022,SMA20,0.0827250618911048,2024-10-18,1.8439120703030576,27,2024-09-10,502,494,493,279,56.5922920892495,489,403,82.41308793456032,0.9741035856573704,True,23643.650390625,20868.0712890625,NORMAL,POINT_IN_TIME,502,493,489,NORMAL,MOMENTUM_ENABLED,True,True,True,0.9820717131474104,23182.3839453125,1.7547534995797,1.710174214218021,1.665594928856342,36.45799652883079,1.8439120703030578
SIEMENS-2024-04-18,SIEMENS,2024-04-08,2024-04-18,6,3299.22314453125,90.83023479070246,88.22976768421869,3152.1027932257466,1.619728845185842,3247.738037109375,3239.705507366799,3108.625769042969,2813.9818359375,2340.529415283203,1462776531.9770508,88.52459016393442,93.44262295081968,83.19672131147541,88.89344262295083,0.9740518962075848,1.830139858269822,True,0.9720558882235528,90.84188911704312,True,True,True,True,True,True,True,True,True,True,True,True,True,True,,2024-04-19,3244.827957352022,3130.045351304692,114.78260604733032,2024-06-05,3853.333204567849,SMA20,0.1875308198812501,2024-06-04,5.301371594271968,31,2024-04-18,501,493,492,256,52.03252032520326,479,361,75.36534446764091,0.9560878243512974,True,20324.69921875,18274.34001953125,NORMAL,POINT_IN_TIME,501,492,479,NORMAL,MOMENTUM_ENABLED,True,True,True,0.9820359281437125,20191.3971484375,5.188294253755269,5.13175558349692,5.07521691323857,114.78260604733032,5.301371594271968
SIEMENS-2024-06-03,SIEMENS,2024-05-23,2024-06-03,7,4290.8818359375,125.5476878899466,118.4814175403137,4029.179224597971,2.0844877013500565,4234.0419921875,4110.699567966869,3990.99482421875,3510.6185009765627,2581.9995556640624,3354629465.276612,94.89795918367348,97.55102040816328,94.6938775510204,95.89795918367346,0.9780439121756488,1.3160320298964292,True,0.9780439121756488,97.04081632653062,True,True,True,True,True,True,True,True,True,True,True,True,True,True,,2024-06-04,4260.81742594566,3999.558870212893,261.25855573276704,2024-06-04,3999.558870212893,STOP_INTRADAY,-0.0613165338044923,,-1.0,0,2024-06-03,501,493,493,303,61.4604462474645,480,347,72.29166666666667,0.9580838323353292,True,21797.400390625,18918.27002929688,STRONG_MOMENTUM,POINT_IN_TIME,501,493,480,STRONG_MOMENTUM,MOMENTUM_ENABLED,True,True,True,0.9840319361277445,20707.5680859375,-1.0652352595917114,-1.097852889387567,-1.1304705191834226,261.25855573276704,-1.0
SIEMENS-2024-07-10,SIEMENS,2024-07-05,2024-07-10,3,4590.01220703125,142.49608669341598,137.83422346252917,4423.800078531454,1.1664329341015895,4567.36962890625,4554.185227190761,4462.1614990234375,4123.353740234375,2860.07201538086,2483480484.168457,80.73022312373224,91.68356997971604,95.74036511156189,89.61460446247466,0.9820717131474104,1.0257992774810027,True,0.9820717131474104,88.70182555780933,True,True,True,True,True,True,True,True,True,True,True,True,True,True,,2024-07-11,4618.126598540951,4389.341522665822,228.7850758751292,2024-07-15,4431.686782167535,SMA20,-0.0403713091001705,2024-07-12,-0.8149124922605293,2,2024-07-10,502,493,493,407,82.55578093306288,484,420,86.77685950413223,0.9641434262948207,True,22977.650390625,19605.5240234375,STRONG_MOMENTUM,POINT_IN_TIME,502,493,484,STRONG_MOMENTUM,MOMENTUM_ENABLED,True,True,True,0.9820717131474104,21666.7691015625,-0.8956542378639274,-0.9360251106656263,-0.9763959834673254,228.78507587512922,-0.8149124922605293
SOBHA-2023-09-25,SOBHA,2023-09-13,2023-09-25,7,693.4075317382812,26.793690173544235,27.87950212851337,640.6142396757476,1.9703628623227525,678.770263671875,661.503283406163,639.2894714355468,601.9014575195313,551.4681481933594,292202155.74713135,91.42857142857144,83.6734693877551,56.12244897959183,77.73469387755101,0.9780439121756488,1.7315604812105492,True,0.9780439121756488,74.9795918367347,True,True,True,True,True,True,True,True,True,True,True,True,True,True,,2023-09-26,676.7856171183238,633.6443641436193,43.14125297470446,2023-10-05,660.5109363383858,SMA20,-0.0240470251853662,2023-10-04,-0.3772417270652871,6,2023-09-25,501,491,491,327,66.59877800407332,488,436,89.34426229508196,0.9740518962075848,True,17272.55078125,15775.002016601562,STRONG_MOMENTUM,POINT_IN_TIME,501,491,488,STRONG_MOMENTUM,MOMENTUM_ENABLED,True,True,True,0.9800399201596807,17064.475078125,-0.4399923956668831,-0.4713677299676811,-0.502743064268479,43.14125297470446,-0.37724172706528714
SOBHA-2023-10-13,SOBHA,2023-10-10,2023-10-13,3,757.0173950195312,33.45005186654852,31.849952931630188,734.8383067485688,0.6630509381404719,756.6701049804688,753.6434315062723,691.9065826416015,635.3319714355468,558.5175015258789,486588855.33984375,94.48979591836736,89.18367346938776,88.77551020408163,90.6530612244898,0.9780439121756488,0.8584296041552231,True,0.9780439121756488,91.75510204081633,True,True,True,True,True,True,True,True,True,True,True,True,True,True,,2023-10-16,756.670101278182,726.8758185156613,29.79428276252065,2023-10-23,726.8758185156613,STOP_INTRADAY,-0.0393755253606447,,-1.0,5,2023-10-13,501,491,491,319,64.96945010183299,488,434,88.9344262295082,0.9740518962075848,True,17390.349609375,15869.979252929688,STRONG_MOMENTUM,POINT_IN_TIME,501,491,488,STRONG_MOMENTUM,MOMENTUM_ENABLED,True,True,True,0.9800399201596807,17153.91796875,-1.10158594617757,-1.1523789192663552,-1.2031718923551402,29.794282762520652,-1.0
SOBHA-2023-11-23,SOBHA,2023-11-16,2023-11-23,5,884.3861083984375,35.10929556424132,32.79164259565776,857.3940456463652,0.7688010345489145,883.4434204101562,882.1532955365418,795.3719268798828,739.50138671875,586.6139401245117,441185490.6569519,93.6734693877551,96.93877551020408,90.40816326530611,94.0,0.9780439121756488,0.6340094504709244,True,0.9780439121756488,93.6530612244898,True,True,True,True,True,True,True,True,True,True,True,True,True,True,,2023-11-24,884.1876586714845,849.1961349974507,34.99152367403383,2024-01-01,982.3810440944112,SMA20,0.1110549151641234,2023-12-29,2.806204906584078,24,2023-11-23,501,491,491,305,62.11812627291242,488,417,85.45081967213115,0.9740518962075848,True,17639.400390625,16124.258237304688,STRONG_MOMENTUM,POINT_IN_TIME,501,491,488,STRONG_MOMENTUM,MOMENTUM_ENABLED,True,True,True,0.9800399201596807,17278.4748828125,2.7051304101536626,2.654593161938455,2.604055913723247,34.99152367403383,2.806204906584078
SOBHA-2023-12-07,SOBHA,2023-12-04,2023-12-07,3,960.79736328125,33.66769165892684,36.79475713689091,910.9811596094088,1.4796441697431508,959.7554321289062,958.5645558225316,882.4262084960938,785.6309765625,602.4176089477539,520233644.0271301,91.02040816326532,96.73469387755102,88.9795918367347,92.6938775510204,0.9780439121756488,0.7449546940698012,True,0.9780439121756488,95.85714285714286,True,True,True,True,True,True,True,True,True,True,True,True,True,True,,2023-12-08,947.698309836662,901.782470325186,45.91583951147607,2024-01-01,982.3810440944112,SMA20,0.0365968092353428,2023-12-29,0.7553544621367686,15,2023-12-07,501,491,491,419,85.33604887983707,488,442,90.57377049180327,0.9740518962075848,True,18703.849609375,16271.023735351562,STRONG_MOMENTUM,POINT_IN_TIME,501,491,488,STRONG_MOMENTUM,MOMENTUM_ENABLED,True,True,True,0.9800399201596807,17404.0028515625,0.6727948644101673,0.6315150655468666,0.590235266683566,45.915839511476065,0.7553544621367686
SOBHA-2024-01-31,SOBHA,2024-01-18,2024-01-31,7,1463.6728515625,80.07167981241511,79.79179229881007,1268.278443879937,2.440243643449418,1436.6807861328125,1414.1048104491877,1318.9404876708984,1101.461602783203,721.1961215209961,926245469.0928956,98.57142857142858,99.18367346938776,96.3265306122449,98.14285714285714,0.9780439121756488,0.4380360745807654,True,0.9780439121756488,99.6938775510204,True,True,True,True,True,True,True,True,True,True,True,True,True,True,,2024-02-01,1438.9136262986606,1248.3304958052345,190.5831304934261,2024-02-13,1340.6705308253515,SMA20,-0.0682758809686313,2024-02-12,-0.5154868388348663,8,2024-01-31,501,491,491,357,72.70875763747455,489,413,84.45807770961146,0.9760479041916168,True,19802.099609375,17095.401479492186,STRONG_MOMENTUM,POINT_IN_TIME,501,491,489,STRONG_MOMENTUM,MOMENTUM_ENABLED,True,True,True,0.9800399201596807,18917.681953125,-0.5456870695178919,-0.5607871848594048,-0.5758873002009176,190.5831304934261,-0.5154868388348663
SOBHA-2024-04-22,SOBHA,2024-04-10,2024-04-22,6,1631.7777099609375,85.64964461392188,78.67717770192861,1501.878523858652,1.516634268452891,1608.010986328125,1594.3162169011782,1519.8401428222655,1465.8491015625,975.7133575439452,407945363.9602051,95.90163934426228,81.9672131147541,98.97540983606558,91.25,0.9740518962075848,0.7163504366429349,True,0.9740518962075848,88.48360655737704,True,True,True,True,True,True,True,True,True,True,True,True,True,True,,2024-04-23,1617.487745260887,1482.20922943317,135.278515827717,2024-05-13,1687.002158170936,SMA20,0.0429767787197897,2024-05-10,0.5138614397468582,13,2024-04-22,501,493,492,278,56.50406504065041,479,367,76.61795407098121,0.9560878243512974,True,20574.849609375,18317.231513671875,NORMAL,POINT_IN_TIME,501,492,479,NORMAL,MOMENTUM_ENABLED,True,True,True,0.9820359281437125,20216.8351171875,0.46603454763870333,0.4421211015846258,0.41820765553054834,135.278515827717,0.5138614397468582
SOBHA-2024-05-31,SOBHA,2024-05-27,2024-05-31,4,1983.8153076171875,104.01104237578774,97.78929183926182,1810.0541005486511,1.6706034580515408,1885.274658203125,1884.480667183053,1813.705987548828,1652.7600268554688,1142.1002386474609,492072941.3990479,79.38775510204081,88.77551020408163,97.75510204081633,88.65306122448979,0.9780439121756488,0.4754766831587464,True,0.9780439121756488,93.3265306122449,True,True,True,True,True,True,True,True,True,True,True,True,True,True,,2024-06-03,1969.773523461191,1785.6067775888357,184.16674587235525,2024-06-04,1785.6067775888357,STOP_INTRADAY,-0.0934964064034866,,-1.0,1,2024-05-31,501,493,492,264,53.65853658536586,480,334,69.58333333333333,0.9580838323353292,True,21103.30078125,18893.5777734375,NORMAL,POINT_IN_TIME,501,492,480,NORMAL,MOMENTUM_ENABLED,True,True,True,0.9820359281437125,20668.1240625,-1.0427823929696065,-1.0641735894544098,-1.0855647859392132,184.16674587235525,-1.0
SOLARINDS-2023-10-20,SOLARINDS,2023-10-13,2023-10-20,5,5338.087890625,144.51701811131483,143.99893232485067,5104.139324667704,1.6188305641422565,5259.08984375,5229.896374903943,5015.747875976563,4713.647998046875,4070.680327148437,211655768.88793945,94.6938775510204,94.89795918367348,72.85714285714285,88.22448979591837,0.9780439121756488,0.4966641781317027,True,0.9780439121756488,86.83673469387755,True,True,True,True,True,True,True,True,True,True,True,True,True,True,,2023-10-23,5296.518322631755,5068.1395915864905,228.37873104526443,2023-10-25,5068.1395915864905,STOP_INTRADAY,-0.0431186521284017,,-1.0,1,2023-10-20,501,491,491,267,54.37881873727088,489,420,85.88957055214725,0.9760479041916168,True,17208.75,15919.529750976562,NORMAL,POINT_IN_TIME,501,491,489,NORMAL,MOMENTUM_ENABLED,True,True,True,0.9800399201596807,17199.84796875,-1.0927672782555569,-1.1391509173833352,-1.1855345565111137,228.37873104526443,-1.0
SOLARINDS-2025-06-23,SOLARINDS,2025-06-17,2025-06-23,4,17134.615234375,457.1539582036888,429.9266059091645,16582.272853722934,1.2082196177900424,17035.73046875,17002.772605043097,16662.325830078124,14617.6805078125,11314.1866015625,2541119150.0253906,88.48484848484848,98.5858585858586,99.7979797979798,95.91919191919192,0.9840954274353876,0.9054892980528676,True,0.9801192842942346,98.94523326572008,True,True,True,True,True,True,True,True,True,True,True,True,True,True,,2025-06-24,17169.573081626164,16474.791202245644,694.78187938052,2025-07-03,17007.76496784345,SMA20,-0.0094241198085391,2025-07-02,-0.2328905208739539,7,2025-06-23,503,498,497,327,65.79476861167002,477,249,52.20125786163522,0.94831013916501,True,23001.5,22311.028994140623,NORMAL,POINT_IN_TIME,503,497,477,NORMAL,MOMENTUM_ENABLED,True,True,True,0.9880715705765407,22455.860078125,-0.3317392306125261,-0.38116358548181206,-0.43058794035109826,694.78187938052,-0.23289052087395393
SONACOMS-2026-02-09,SONACOMS,2026-02-04,2026-02-09,3,531.3057250976562,16.410428432147857,16.657960027698355,504.63329262752177,1.6253343159453086,529.062255859375,521.3846233013252,480.7826171875,481.8679266357422,473.3432521057129,897564357.2186279,95.57344064386318,85.91549295774648,84.30583501006036,88.32997987927565,0.9920159680638724,2.030927407789627,True,0.9920159680638724,90.80482897384309,True,True,True,True,True,True,True,True,True,True,True,True,True,True,,2026-02-10,530.3585212166207,500.4688026205972,29.8897185960235,2026-03-04,500.7445992120305,SMA20,-0.0558375529380712,2026-03-02,-0.9907728608903676,15,2026-02-09,501,498,449,231,51.44766146993318,443,186,41.98645598194131,0.8842315369261478,True,23683.400390625,23202.0137890625,NORMAL,POINT_IN_TIME,501,449,443,NORMAL,MOMENTUM_ENABLED,True,True,True,0.8962075848303394,23555.9149609375,-1.0617482391981685,-1.0972359283520692,-1.1327236175059696,29.8897185960235,-0.9907728608903675
STARHEALTH-2025-10-28,STARHEALTH,2025-10-17,2025-10-28,6,503.9500122070313,13.591866830433952,13.376263718079516,480.0,1.7620840835052964,494.6499938964844,491.1000061035156,477.7325027465821,458.2340008544922,425.9662503051758,212203595.9003601,86.20689655172413,89.24949290060852,77.28194726166329,84.74645030425964,0.9801192842942346,0.8440978991647924,True,0.9801192842942346,91.27789046653145,True,True,True,True,True,True,True,True,True,True,True,True,True,True,,2025-10-29,480.0,476.6559340704801,3.3440659295199,2025-10-29,476.6559340704801,STOP_INTRADAY,-0.0069668040198331,,-1.0,0,2025-10-28,503,498,498,277,55.62248995983936,482,312,64.73029045643153,0.9582504970178928,True,23812.55078125,22318.76828125,NORMAL,POINT_IN_TIME,503,498,482,NORMAL,MOMENTUM_ENABLED,True,True,True,0.9900596421471173,23153.2821484375,-1.5741513595922585,-1.8612270393883876,-2.148302719184517,3.3440659295199,-1.0
SUMICHEM-2024-06-20,SUMICHEM,2024-06-14,2024-06-20,3,494.4630432128906,20.17512722652131,22.056336495818595,466.4380348072479,1.3890870719666326,493.2705078125,488.6493755748766,470.8132278442383,425.8862078857422,399.8445658874512,528223323.2806854,92.26069246435846,86.15071283095723,55.80448065173116,78.87983706720978,0.9780876494023903,1.3612164470621222,True,0.9780876494023903,78.77800407331975,True,True,True,True,True,True,True,True,True,True,True,True,True,True,,2024-06-21,496.40102898457326,460.9239506832932,35.47707830128007,2024-06-26,479.0095611635449,SMA20,-0.0350351163787954,2024-06-25,-0.4902170261410969,3,2024-06-20,502,493,493,417,84.58417849898579,484,411,84.91735537190083,0.9641434262948207,True,22305.099609375,19212.33927734375,STRONG_MOMENTUM,POINT_IN_TIME,502,493,484,STRONG_MOMENTUM,MOMENTUM_ENABLED,True,True,True,0.9820717131474104,21099.933046875,-0.5461856743785887,-0.5741699984973345,-0.6021543226160804,35.47707830128007,-0.49021702614109697
SUNDARMFIN-2023-10-03,SUNDARMFIN,2023-09-26,2023-10-03,4,3142.289794921875,100.50428585725072,103.28667545607443,2940.3895660760863,2.0088718319192247,3077.43359375,3064.4330276212536,2797.040368652344,2640.78654296875,2403.234094238281,233761897.3449707,95.3061224489796,72.24489795918367,59.795918367346935,75.42857142857143,0.9780439121756488,0.821263509153378,True,0.9780439121756488,81.38775510204081,True,True,True,True,True,True,True,True,True,True,True,True,True,True,,2023-10-04,3035.205870023448,2914.567897212068,120.63797281137975,2023-10-25,3127.9699286662485,SMA20,0.030562690840501,2023-10-23,0.7689457679120597,14,2023-10-03,501,491,491,329,67.0061099796334,488,436,89.34426229508196,0.9740518962075848,True,17254.400390625,15809.301513671877,STRONG_MOMENTUM,POINT_IN_TIME,501,491,488,STRONG_MOMENTUM,MOMENTUM_ENABLED,True,True,True,0.9800399201596807,17101.0800390625,0.6683072774172282,0.6179880321698124,0.5676687869223965,120.63797281137977,0.7689457679120597
SUNDARMFIN-2023-10-16,SUNDARMFIN,2023-10-11,2023-10-16,3,3212.5224609375,107.8088107911176,113.4728380354776,3007.7385234932594,1.8995102157375137,3146.932861328125,3132.857244875441,3028.189978027344,2742.77693359375,2441.7131591796874,261678359.09985352,93.6734693877551,78.57142857142857,67.14285714285714,79.6734693877551,0.9780439121756488,0.7156457594185787,True,0.9780439121756488,82.3061224489796,True,True,True,True,True,True,True,True,True,True,True,True,True,True,,2023-10-17,3162.6706035936872,2979.37031398439,183.30028960929712,2023-10-25,3127.9699286662485,SMA20,-0.0109719535407857,2023-10-23,-0.1893105297400397,5,2023-10-16,501,491,491,316,64.35845213849288,488,435,89.13934426229508,0.9740518962075848,True,17393.0,15879.786752929687,STRONG_MOMENTUM,POINT_IN_TIME,501,491,488,STRONG_MOMENTUM,MOMENTUM_ENABLED,True,True,True,0.9800399201596807,17164.598984375,-0.25832669136935066,-0.2928347721840061,-0.32734285299866156,183.30028960929712,-0.18931052974003973
SUNDARMFIN-2023-11-16,SUNDARMFIN,2023-11-07,2023-11-16,6,3264.378662109375,111.6978109859444,108.49588613972908,3089.358943496376,1.5669037474245824,3225.13232421875,3204.2141551424115,3153.8684814453127,3006.290805664062,2538.6229663085937,110109702.68701172,62.04081632653061,86.3265306122449,72.0408163265306,74.75510204081633,0.9780439121756488,1.5138502582732587,True,0.9760479041916168,83.51738241308793,True,True,True,True,True,True,True,True,True,True,True,True,True,True,,2023-11-17,3192.093341338575,3062.2349719614435,129.85836937713157,2023-11-21,3119.1727582800736,SMA20,-0.0228441261770631,2023-11-20,-0.5615393401924469,2,2023-11-16,501,491,491,293,59.67413441955194,488,408,83.60655737704919,0.9740518962075848,True,17593.099609375,16060.038740234377,NORMAL,POINT_IN_TIME,501,491,488,NORMAL,MOMENTUM_ENABLED,True,True,True,0.9800399201596807,17248.90984375,-0.659864719038632,-0.7090274084617244,-0.7581900978848171,129.85836937713157,-0.5615393401924469
SUNDARMFIN-2024-04-12,SUNDARMFIN,2024-04-08,2024-04-12,3,4498.2724609375,153.14185354816846,159.96409989718296,4334.273086514425,1.0708984554081524,4460.20361328125,4453.875814102186,4071.036047363281,3941.546362304688,3215.927243652344,849759809.6229248,90.57377049180327,80.73770491803278,74.38524590163934,81.7827868852459,0.9740518962075848,1.165110463863941,True,0.9720558882235528,83.05954825462011,True,True,True,True,True,True,True,True,True,True,True,True,True,True,,2024-04-15,4388.432200685426,4294.282061540129,94.15013914529754,2024-05-08,4415.169416654189,SMA20,0.0060926578664213,2024-05-07,0.2839848800170187,15,2024-04-12,501,493,492,321,65.2439024390244,479,382,79.74947807933194,0.9560878243512974,True,20745.5,18210.82552734375,STRONG_MOMENTUM,POINT_IN_TIME,501,492,479,STRONG_MOMENTUM,MOMENTUM_ENABLED,True,True,True,0.9820359281437125,20148.6271484375,0.09754087725615343,0.004318875875720767,-0.08890312550471186,94.15013914529754,0.2839848800170187
SUNPHARMA-2024-02-20,SUNPHARMA,2024-02-13,2024-02-20,4,1509.3160400390625,33.00148156043066,30.81915626186098,1472.762553698509,1.10763167628152,1505.8907470703125,1489.5468937734802,1429.003125,1317.0499926757811,1124.631450805664,3317963860.466919,84.08163265306122,74.08163265306122,64.28571428571429,74.14285714285714,0.9780439121756488,0.9936377258845625,True,0.9780439121756488,79.81632653061224,True,True,True,True,True,True,True,True,True,True,True,True,True,True,,2024-02-21,1507.2120554552466,1465.0577646330437,42.15429082220294,2024-03-14,1533.8320658360308,SMA20,0.0176617552151569,2024-03-13,0.6314899352253655,15,2024-02-20,501,491,491,304,61.91446028513238,489,389,79.55010224948876,0.9760479041916168,True,20271.900390625,17423.462744140626,STRONG_MOMENTUM,POINT_IN_TIME,501,491,489,STRONG_MOMENTUM,MOMENTUM_ENABLED,True,True,True,0.9800399201596807,19465.61203125,0.4884713218355856,0.4169620151406957,0.3454527084458058,42.15429082220294,0.6314899352253655
SUNPHARMA-2024-03-05,SUNPHARMA,2024-02-27,2024-03-05,5,1549.0015869140625,28.40306559813831,28.866849417015835,1502.6612997958243,1.631524138059082,1540.6339111328125,1535.6425188891246,1509.0748779296875,1382.642919921875,1154.655237121582,3259988862.599488,83.5030549898167,78.81873727087576,73.11608961303462,78.5132382892057,0.9800399201596808,0.6436708894029196,True,0.9800399201596808,78.12627291242362,True,True,True,True,True,True,True,True,True,True,True,True,True,True,,2024-03-06,1541.4168188994067,1495.4445874415703,45.972231457836415,2024-03-14,1533.8320658360308,SMA20,-0.0049206372801819,2024-03-13,-0.1649855319799374,5,2024-03-05,501,491,491,264,53.76782077393075,490,373,76.12244897959184,0.9780439121756488,True,20382.0,17667.426518554686,NORMAL,POINT_IN_TIME,501,491,490,NORMAL,MOMENTUM_ENABLED,True,True,True,0.9800399201596807,19741.79609375,-0.29910273882582417,-0.36616134224876756,-0.4332199456717109,45.972231457836415,-0.16498553197993746
SUNTECK-2023-10-05,SUNTECK,2023-09-29,2023-10-05,3,448.62884521484375,13.69241801076788,14.15891794265207,423.77681722463007,1.815021128530385,441.4217834472656,437.0478077441624,419.2319198608399,385.25856323242186,331.0107865905762,219431668.444458,97.3469387755102,96.53061224489797,81.0204081632653,92.12244897959184,0.9780439121756488,1.6033638837430697,True,0.9780439121756488,91.16326530612244,True,True,True,True,True,True,True,True,True,True,True,True,True,True,,2023-10-06,443.3602390535826,420.23708773896703,23.12315131461554,2023-10-25,439.93065475136814,SMA20,-0.0077354349806725,2023-10-23,-0.1483182052286569,12,2023-10-05,501,491,491,300,61.09979633401223,488,435,89.13934426229508,0.9740518962075848,True,17195.80078125,15822.233515625,STRONG_MOMENTUM,POINT_IN_TIME,501,491,488,STRONG_MOMENTUM,MOMENTUM_ENABLED,True,True,True,0.9800399201596807,17112.0690234375,-0.22501367515335463,-0.2633614101157035,-0.30170914507805235,23.12315131461554,-0.14831820522865696
SUNTV-2023-10-11,SUNTV,2023-10-05,2023-10-11,4,591.611572265625,16.49467690058226,15.47165923918326,567.7287728438276,1.4479095023046071,580.7431640625,577.8510447968156,564.0741333007812,544.2236169433594,448.4431121826172,408286615.0104065,63.26530612244898,87.75510204081633,77.55102040816327,77.3469387755102,0.9780439121756488,0.9321324808757756,True,0.9780439121756488,83.55102040816325,True,True,True,True,True,True,True,True,True,True,True,True,True,True,,2023-10-12,585.87403923145,563.8608580340318,22.01318119741813,2023-10-16,563.8608580340318,STOP_INTRADAY,-0.0375732319976065,,-1.0,2,2023-10-11,501,491,491,310,63.13645621181263,488,436,89.34426229508196,0.9740518962075848,True,17407.349609375,15852.197758789063,STRONG_MOMENTUM,POINT_IN_TIME,501,491,488,STRONG_MOMENTUM,MOMENTUM_ENABLED,True,True,True,0.9800399201596807,17139.92,-1.1064587683128988,-1.1596881524693483,-1.2129175366257978,22.013181197418135,-1.0
SUNTV-2023-11-24,SUNTV,2023-11-20,2023-11-24,4,634.52587890625,14.620642974479953,14.4791360285081,615.9174345582496,1.2727514364779342,629.5918579101562,626.8194946217415,612.8678344726562,590.6160302734374,474.2166271972656,418455458.832428,51.83673469387755,78.77551020408163,84.28571428571429,72.34693877551021,0.9780439121756488,0.9587574638718006,True,0.9780439121756488,77.34693877551021,True,True,True,True,True,True,True,True,True,True,True,True,True,True,,2023-11-28,629.6856956374836,612.2976505511226,17.38804508636099,2024-01-15,667.3730457466346,SMA20,0.0598510500877694,2024-01-12,2.167428823767692,33,2023-11-24,501,491,491,312,63.54378818737271,488,414,84.8360655737705,0.9740518962075848,True,17643.5,16138.237485351565,STRONG_MOMENTUM,POINT_IN_TIME,501,491,488,STRONG_MOMENTUM,MOMENTUM_ENABLED,True,True,True,0.9800399201596807,17278.277890625,2.022573966879518,1.9501465384354313,1.8777191099913444,17.38804508636099,2.167428823767692
SUPREMEIND-2024-05-15,SUPREMEIND,2024-05-09,2024-05-15,4,5287.21044921875,249.37299785216348,240.83386153596905,4995.720509877488,1.1688913469054352,5280.35791015625,5171.789755611741,4691.165612792969,4252.625922851563,4149.915262451172,1131591876.4470215,98.77300613496932,93.4560327198364,51.53374233128834,82.47443762781185,0.9760479041916168,0.9495053410252092,True,0.9740518962075848,83.81147540983606,True,True,True,True,True,True,True,True,True,True,True,True,True,True,,2024-05-16,5276.344097129487,4935.512044493496,340.8320526359903,2024-06-03,5286.476591915509,SMA20,0.0019203627738256,2024-05-31,0.0297287027662379,11,2024-05-15,501,493,492,300,60.97560975609756,480,361,75.20833333333333,0.9580838323353292,True,20741.849609375,18657.6592578125,STRONG_MOMENTUM,POINT_IN_TIME,501,492,480,STRONG_MOMENTUM,MOMENTUM_ENABLED,True,True,True,0.9820359281437125,20436.9370703125,-0.032194394622312446,-0.06315594331658762,-0.0941174920108628,340.8320526359903,0.029728702766237902
SUPREMEIND-2024-05-27,SUPREMEIND,2024-05-17,2024-05-27,5,5494.75439453125,238.7158468442653,226.55973075781768,5287.45603553261,0.8683896010216621,5487.0693359375,5419.42143155237,5155.340258789062,4458.857260742188,4217.405629882813,1623715690.8571775,97.3469387755102,91.42857142857144,67.9591836734694,86.16326530612245,0.9780439121756488,1.7882490337841517,True,0.9780439121756488,84.3469387755102,True,True,True,True,True,True,True,True,True,True,True,True,True,True,,2024-05-28,5462.594810908836,5230.816102843156,231.7787080656799,2024-05-31,5230.816102843156,STOP_INTRADAY,-0.0424301483248979,,-1.0,3,2024-05-27,501,493,492,346,70.32520325203252,480,363,75.625,0.9580838323353292,True,21493.0,18809.538759765623,STRONG_MOMENTUM,POINT_IN_TIME,501,492,480,STRONG_MOMENTUM,MOMENTUM_ENABLED,True,True,True,0.9820359281437125,20572.8700390625,-1.094272590549791,-1.1414088858246862,-1.1885451810995817,231.7787080656799,-1.0
SUPREMEIND-2024-07-02,SUPREMEIND,2024-06-19,2024-07-02,9,6056.2470703125,265.42389553022633,241.8010281575161,5612.928084007749,1.6702301253591014,5917.1064453125,5915.093450696185,5802.550927734375,5333.1265625,4430.212257080078,1149609144.3425293,73.57723577235772,89.63414634146342,66.26016260162602,77.8048780487805,0.9800796812749004,1.0492181161489913,True,0.9780876494023903,80.32586558044807,True,True,True,True,True,True,True,True,True,True,True,True,True,True,,2024-07-03,5899.864229906132,5552.47782696837,347.3864029377619,2024-07-09,5826.177541199947,SMA20,-0.0124895566804183,2024-07-08,-0.2121173658008339,4,2024-07-02,502,493,493,406,82.35294117647058,484,415,85.74380165289256,0.9641434262948207,True,22677.80078125,19435.00376953125,STRONG_MOMENTUM,POINT_IN_TIME,502,493,484,STRONG_MOMENTUM,MOMENTUM_ENABLED,True,True,True,0.9820717131474104,21392.397109375,-0.2800516796370972,-0.3140188365552289,-0.34798599347336046,347.3864029377619,-0.2121173658008339
SUZLON-2023-08-16,SUZLON,2023-08-10,2023-08-16,3,20.450000762939453,0.8811994593463405,0.8866784870141295,19.299999237060547,1.3050411160396749,20.25,20.200000762939453,18.995000076293945,16.979000053405763,10.96175000190735,2787774273.555847,82.0040899795501,99.79550102249488,99.38650306748468,94.3353783231084,0.9741035856573704,0.4534578336782796,True,0.9741035856573704,95.2760736196319,True,True,True,True,True,True,True,True,True,True,True,True,True,True,,2023-08-17,19.850000381469727,19.078329615307016,0.7716707661627105,2023-09-13,22.200000762939453,SMA20,0.1183879262623837,2023-09-12,3.045340687396492,19,2023-08-16,502,491,491,326,66.39511201629328,483,391,80.95238095238095,0.9621513944223108,True,16853.05078125,15558.881508789062,STRONG_MOMENTUM,POINT_IN_TIME,502,491,483,STRONG_MOMENTUM,MOMENTUM_ENABLED,True,True,True,0.9780876494023905,16561.9891015625,2.9424470635772155,2.8910002516675775,2.839553439757939,0.7716707661627105,3.045340687396492
SUZLON-2024-07-03,SUZLON,2024-06-24,2024-07-03,7,54.70000076293945,2.217878755915921,1.9020119398416784,51.5,1.4428204221731424,53.52999877929688,53.380001068115234,51.128499603271486,46.28039978027344,39.74784986495972,2629203617.6208267,49.79674796747968,79.67479674796748,77.4390243902439,70.04065040650407,0.9800796812749004,0.5846276852792742,True,0.9780876494023903,82.40325865580448,True,True,True,True,True,True,True,True,True,True,True,True,True,True,,2024-07-04,53.59999847412109,51.02449701503958,2.575501459081508,2024-09-02,75.83999633789062,SMA20,0.4149253450913316,2024-08-30,8.635210741329152,40,2024-07-03,502,493,493,418,84.78701825557809,484,415,85.74380165289256,0.9641434262948207,True,22851.19921875,19463.88701171875,STRONG_MOMENTUM,POINT_IN_TIME,502,493,484,STRONG_MOMENTUM,MOMENTUM_ENABLED,True,True,True,0.9820717131474104,21441.717109375,8.551964819203777,8.510341858141091,8.468718897078405,2.575501459081508,8.635210741329152
SUZLON-2024-09-20,SUZLON,2024-09-16,2024-09-20,4,84.69999694824219,3.3724413011114303,3.4830930487107223,78.0,1.986690456564543,83.44999694824219,83.0,78.49749946594238,72.1013996887207,50.67934982299805,4871557667.926407,78.29614604462475,97.97160243407708,98.58012170385396,92.25152129817444,0.9840319361277444,1.2235077764160764,True,0.9820717131474104,87.52535496957404,True,True,True,True,True,True,True,True,True,True,True,True,True,True,,2024-09-23,84.19000244140625,77.12922673782232,7.0607757035839285,2024-10-01,80.30000305175781,SMA20,-0.0462050038822099,2024-09-30,-0.5509308825195992,6,2024-09-20,501,494,493,281,56.99797160243407,489,392,80.16359918200409,0.9760479041916168,True,24193.80078125,21121.88478515625,NORMAL,POINT_IN_TIME,501,493,489,NORMAL,MOMENTUM_ENABLED,True,True,True,0.9840319361277445,23343.9179296875,-0.5986253602799805,-0.6224725991601713,-0.646319838040362,7.0607757035839285,-0.5509308825195992
SWANCORP-2023-11-28,SWANCORP,2023-11-15,2023-11-28,8,433.3235473632813,21.970471151894767,18.682782903008405,415.8886882489906,0.793558726790756,431.0755004882813,430.7757421544249,411.6149124145508,345.3390856933594,272.7801658630371,948689680.857422,96.12244897959184,94.48979591836736,94.48979591836736,94.9795918367347,0.9780439121756488,0.9540866403419398,True,0.9780439121756488,97.42857142857144,True,True,True,True,True,True,True,True,True,True,True,True,True,True,,2023-11-29,433.0737904745076,411.2179925232385,21.855797951269096,2023-12-04,421.633709312725,SMA20,-0.0264160090345065,2023-12-01,-0.5234346138855249,3,2023-11-28,501,491,491,322,65.58044806517312,488,417,85.45081967213115,0.9740518962075848,True,17741.80078125,16152.749487304687,STRONG_MOMENTUM,POINT_IN_TIME,501,491,488,STRONG_MOMENTUM,MOMENTUM_ENABLED,True,True,True,0.9800399201596807,17283.902890625,-0.6026948251008944,-0.6423249307085793,-0.6819550363162641,21.855797951269096,-0.5234346138855249
SWANCORP-2023-12-22,SWANCORP,2023-12-15,2023-12-22,5,513.65380859375,21.84104989419525,23.112988310323544,475.387001622104,1.7520589512419125,505.96044921875,499.5660086365487,461.8562744140625,408.58304931640623,290.733066482544,3274330018.305023,87.34693877551021,99.18367346938776,97.55102040816328,95.14285714285714,0.9780439121756488,1.0395937674827,True,0.9780439121756488,95.53061224489797,True,True,True,True,True,True,True,True,True,True,True,True,True,True,,2023-12-26,511.0560054391436,469.6087545445231,41.44725089462048,2024-03-07,698.3932001581751,SMA20,0.3665688157955509,2024-03-06,4.519894339804004,50,2023-12-22,501,491,491,401,81.67006109979633,489,438,89.57055214723927,0.9760479041916168,True,19054.69921875,16496.604721679687,STRONG_MOMENTUM,POINT_IN_TIME,501,491,489,STRONG_MOMENTUM,MOMENTUM_ENABLED,True,True,True,0.9800399201596807,17773.596875,4.470573239426224,4.445912689237335,4.421252139048445,41.44725089462048,4.5198943398040035
SWANCORP-2024-01-18,SWANCORP,2024-01-12,2024-01-18,4,561.662109375,21.733586635605008,21.89495384890811,525.3435720047352,1.6710788688124794,548.67333984375,545.9257394521254,526.1529083251953,476.3002209472656,315.7950531768799,2716547895.952423,79.18367346938776,99.18367346938776,98.57142857142858,93.0,0.9780439121756488,0.4884518516842693,True,0.9780439121756488,97.42857142857144,True,True,True,True,True,True,True,True,True,True,True,True,True,True,,2024-01-19,555.5174358953491,519.8698335425081,35.64760235284098,2024-03-07,698.3932001581751,SMA20,0.2571940231408715,2024-03-06,4.008004882029306,32,2024-01-18,501,491,491,353,71.89409368635438,489,420,85.88957055214725,0.9760479041916168,True,19414.80078125,16918.919985351564,STRONG_MOMENTUM,POINT_IN_TIME,501,491,489,STRONG_MOMENTUM,MOMENTUM_ENABLED,True,True,True,0.9800399201596807,18600.9669921875,3.945670542637072,3.914503372940955,3.8833362032448373,35.64760235284098,4.008004882029306
SWANCORP-2024-02-23,SWANCORP,2024-02-20,2024-02-23,3,750.6478271484375,30.03641272173325,30.70038111212649,700.7912466383356,1.659871335901159,735.8607177734375,724.7704159196174,690.4576812744141,593.2026666259766,370.30450119018553,3360809556.962982,96.13034623217924,96.33401221995926,98.77800407331976,97.0061099796334,0.9800399201596808,0.349467915816479,True,0.9780439121756488,97.79591836734694,True,True,True,True,True,True,True,True,True,True,True,True,True,True,,2024-02-26,740.3568135699875,693.1161513603039,47.24066220968359,2024-03-06,693.1161513603039,STOP_INTRADAY,-0.063807965758956,,-1.0,7,2024-02-23,501,491,491,297,60.4887983706721,489,391,79.95910020449898,0.9760479041916168,True,20313.5,17498.107993164063,STRONG_MOMENTUM,POINT_IN_TIME,501,491,489,STRONG_MOMENTUM,MOMENTUM_ENABLED,True,True,True,0.9800399201596807,19558.3800390625,-1.0626880978326527,-1.0940321467489793,-1.1253761956653057,47.24066220968359,-1.0
SWIGGY-2025-09-16,SWIGGY,2025-09-08,2025-09-16,6,443.1499938964844,15.696601554431629,14.578694293511848,415.5499877929688,1.7583427857174154,437.2000122070313,427.8999938964844,426.925,408.45000061035154,401.5030001831055,5369809176.152405,80.28169014084507,91.54929577464787,63.581488933601605,79.77867203219316,0.9920159680638724,0.9931539546177922,True,0.9920159680638724,85.51307847082495,True,True,True,True,True,True,True,True,True,True,True,True,True,True,,2025-09-17,437.0,411.9053142195908,25.09468578040918,2025-09-26,425.0,SMA20,-0.0274599542334096,2025-09-25,-0.4781888924613717,7,2025-09-16,501,497,497,294,59.15492957746479,487,331,67.96714579055441,0.9720558882235528,True,23369.30078125,22249.04400390625,NORMAL,POINT_IN_TIME,501,497,487,NORMAL,MOMENTUM_ENABLED,True,True,True,0.9920159680638723,23023.013046875,-0.5478450744632449,-0.5826731654641815,-0.6175012564651181,25.09468578040918,-0.47818889246137175
SWSOLAR-2024-05-03,SWSOLAR,2024-04-26,2024-05-03,4,682.5499877929688,32.42473798020486,30.75416749680141,646.0,1.1272253862246269,680.8499755859375,668.9000244140625,581.6650009155273,563.5890032958985,430.96424987792966,845973954.837326,96.72131147540983,65.98360655737704,98.36065573770492,84.91803278688525,0.9740518962075848,1.1940933377497456,True,0.9740518962075848,96.35245901639344,True,True,True,True,True,True,True,True,True,True,True,True,True,True,,2024-05-06,691.0,638.3114581257996,52.68854187420038,2024-05-30,729.6500244140625,SMA20,0.055933465143361,2024-05-29,0.7335565388456494,17,2024-05-03,501,493,492,350,71.13821138211382,479,374,78.07933194154488,0.9560878243512974,True,20959.55078125,18499.69776367188,STRONG_MOMENTUM,POINT_IN_TIME,501,492,479,STRONG_MOMENTUM,MOMENTUM_ENABLED,True,True,True,0.9820359281437125,20372.7720703125,0.6810973152330592,0.6548677034267641,0.6286380916204691,52.68854187420038,0.7335565388456494
SWSOLAR-2024-05-14,SWSOLAR,2024-05-08,2024-05-14,4,740.5999755859375,33.81089706527454,35.81508656530943,670.6500244140625,2.068858186070344,723.3499755859375,708.4500122070312,650.022492980957,580.6539996337891,445.3512493896485,1534508274.8467712,99.79508196721312,83.60655737704919,99.38524590163934,93.1967213114754,0.9740518962075848,0.490475498362997,True,0.9740518962075848,96.6188524590164,True,True,True,True,True,True,True,True,True,True,True,True,True,True,,2024-05-15,734.4000244140625,661.6962527727352,72.70377164132731,2024-05-30,729.6500244140625,SMA20,-0.0064678647087324,2024-05-29,-0.0653336118988899,10,2024-05-14,501,493,492,288,58.53658536585365,480,357,74.375,0.9580838323353292,True,20683.80078125,18638.31026367188,NORMAL,POINT_IN_TIME,501,492,480,NORMAL,MOMENTUM_ENABLED,True,True,True,0.9820359281437125,20427.9570703125,-0.10573866972929305,-0.1259411986444946,-0.14614372755969612,72.70377164132731,-0.06533361189888996
SYRMA-2023-12-29,SYRMA,2023-12-19,2023-12-29,7,672.4671630859375,22.908631403805533,21.78064996988872,641.8643443661538,1.3358641195257108,666.704345703125,660.6433863692815,635.7959777832032,592.3881616210938,462.44563087463376,575333991.154541,93.87755102040816,72.44897959183673,83.06122448979592,82.06122448979592,0.9780439121756488,0.48922609676925,True,0.9780439121756488,87.20408163265307,True,True,True,True,True,True,True,True,True,True,True,True,True,True,,2024-01-02,658.7058741984242,636.4191818736816,22.286692324742603,2024-01-04,636.4191818736816,STOP_INTRADAY,-0.0338340573505028,,-1.0,2,2023-12-29,501,491,491,425,86.55804480651732,489,444,90.79754601226992,0.9760479041916168,True,19429.150390625,16588.436469726563,STRONG_MOMENTUM,POINT_IN_TIME,501,491,489,STRONG_MOMENTUM,MOMENTUM_ENABLED,True,True,True,0.9800399201596807,17926.872890625,-1.1182240710465825,-1.177336106569874,-1.2364481420931652,22.286692324742603,-1.0
SYRMA-2024-12-10,SYRMA,2024-12-03,2024-12-10,5,582.2255859375,26.17455134807529,25.04311404415072,539.4486132840684,1.63429630882965,576.9906616210938,557.7459875940041,555.4401428222657,488.3495849609375,471.9675686645508,520951722.1547852,48.17813765182186,97.57085020242914,76.72064777327935,76.49797570850203,0.988,2.6414743234693363,True,0.988,88.82591093117409,True,True,True,True,True,True,True,True,True,True,True,True,True,True,,2024-12-11,580.3310584022125,533.1878347730308,47.14322362918176,2024-12-31,568.3655196422221,SMA20,-0.0206184704174447,2024-12-30,-0.2538124854190861,13,2024-12-10,500,496,496,301,60.68548387096774,488,304,62.29508196721312,0.976,True,23314.900390625,22160.192255859376,STRONG_MOMENTUM,POINT_IN_TIME,500,496,488,STRONG_MOMENTUM,MOMENTUM_ENABLED,True,True,True,0.992,22985.219921875,-0.30305231364695345,-0.32767222776088717,-0.3522921418748209,47.14322362918176,-0.2538124854190861
SYRMA-2025-09-19,SYRMA,2025-09-08,2025-09-19,9,857.8329467773438,34.75770894043218,33.26982928604089,788.6320627210205,1.99095067442218,826.704345703125,815.654300202611,796.5682769775391,745.6512573242187,573.1072406005859,954007070.282135,96.37826961770624,99.79879275653924,98.7927565392354,98.4708249496982,0.9920159680638724,1.336279152407512,True,0.9920159680638724,98.83299798792756,True,True,True,True,True,True,True,True,True,True,True,True,True,True,,2025-09-22,828.9520321407684,780.3146053995102,48.6374267412582,2025-09-29,805.1763917140219,SMA20,-0.028681563594634,2025-09-26,-0.4888342583012961,5,2025-09-19,501,497,497,322,64.7887323943662,487,338,69.40451745379876,0.9720558882235528,True,23486.650390625,22262.45526367188,STRONG_MOMENTUM,POINT_IN_TIME,501,497,487,STRONG_MOMENTUM,MOMENTUM_ENABLED,True,True,True,0.9920159680638723,23018.4040625,-0.5570082623702725,-0.5910952644047606,-0.6251822664392488,48.637426741258196,-0.4888342583012961
TANLA-2025-09-17,TANLA,2025-09-11,2025-09-17,4,689.519775390625,20.286246510029056,19.71477374568811,670.7676840107642,0.9243746185668282,685.2601318359375,684.8685176252447,640.8377319335938,631.7407568359375,577.7234826660156,263108188.64978027,91.54929577464787,63.581488933601605,94.96981891348088,81.38832997987927,0.9920159680638724,2.3083785354513755,True,0.9920159680638724,82.35412474849095,True,True,True,True,True,True,True,True,True,True,True,True,True,True,,2025-09-18,688.1978563526847,665.8389905743422,22.35886577834242,2025-09-29,665.8389905743422,STOP_INTRADAY,-0.0324890081710513,,-1.0,7,2025-09-17,501,497,497,310,62.37424547283702,487,337,69.19917864476386,0.9720558882235528,True,23445.19921875,22253.45775390625,STRONG_MOMENTUM,POINT_IN_TIME,501,497,487,STRONG_MOMENTUM,MOMENTUM_ENABLED,True,True,True,0.9920159680638723,23020.893046875,-1.1231185630210807,-1.1846778445316213,-1.2462371260421616,22.35886577834242,-1.0
TANLA-2025-09-24,TANLA,2025-09-19,2025-09-24,3,738.040283203125,22.88179527606388,23.251282190497395,709.1532101579975,1.262447841028699,733.3400268554688,729.9127999003728,667.0882537841796,641.4585656738282,578.6345690917968,433347359.9527588,98.39357429718876,86.74698795180723,95.18072289156626,92.7710843373494,0.994011976047904,1.724844309876927,True,0.9920159680638724,91.50905432595572,True,True,True,True,True,True,True,True,True,True,True,True,True,True,,2025-09-25,733.291039730163,703.3403896103731,29.950650119789884,2025-09-25,703.3403896103731,STOP_INTRADAY,-0.0408441512265186,,-1.0,0,2025-09-24,501,498,498,254,51.00401606425703,488,299,61.270491803278695,0.9740518962075848,True,23178.25,22269.16151367188,NORMAL,POINT_IN_TIME,501,498,488,NORMAL,MOMENTUM_ENABLED,True,True,True,0.9940119760479041,23014.8400390625,-1.0979332384168372,-1.1468998576252556,-1.195866476833674,29.950650119789884,-1.0
TATACOMM-2023-09-14,TATACOMM,2023-09-11,2023-09-14,3,1870.1671142578125,46.181378623518064,50.77001005226004,1777.952884030256,1.9967838331399668,1862.184326171875,1856.3300847342,1775.4323669433593,1671.3426025390625,1352.8563623046875,1679531359.6970215,78.36734693877551,66.93877551020408,89.38775510204081,77.10204081632654,0.9780439121756488,0.913579994594183,True,0.9780439121756488,83.08163265306122,True,True,True,True,True,True,True,True,True,True,True,True,True,True,,2023-09-15,1877.1822875763105,1765.260381517191,111.92190605911946,2023-09-26,1798.8052620518613,SMA20,-0.0417524851172787,2023-09-25,-0.7002831553194675,6,2023-09-14,501,491,491,407,82.89205702647658,488,449,92.00819672131148,0.9740518962075848,True,17603.5,15728.362763671876,STRONG_MOMENTUM,POINT_IN_TIME,501,491,488,STRONG_MOMENTUM,MOMENTUM_ENABLED,True,True,True,0.9800399201596807,16967.69609375,-0.7673721588460781,-0.8009166606093834,-0.8344611623726886,111.92190605911946,-0.7002831553194675
TATACOMM-2025-10-27,TATACOMM,2025-10-16,2025-10-27,6,1953.5360107421875,68.6838994345397,66.05518432229071,1826.491225038494,1.8497025758529548,1923.806396484375,1891.2028346956088,1767.8345947265625,1669.6058251953125,1609.2659576416015,661308513.555542,98.17444219066938,86.61257606490872,77.89046653144015,87.46450304259636,0.9801192842942346,1.4863072239555402,True,0.9801192842942346,89.18864097363084,True,True,True,True,True,True,True,True,True,True,True,True,True,True,,2025-10-28,1923.5090264938744,1809.977428957921,113.53159753595332,2025-11-07,1823.4191792431627,SMA20,-0.052035028623262,2025-11-06,-0.8816034427685663,7,2025-10-27,503,498,498,291,58.43373493975904,482,314,65.14522821576763,0.9582504970178928,True,23840.900390625,22310.83252929688,NORMAL,POINT_IN_TIME,503,498,482,NORMAL,MOMENTUM_ENABLED,True,True,True,0.9900596421471173,23130.993125,-0.9493734404869436,-0.9832584393461331,-1.0171434382053226,113.53159753595355,-0.8816034427685645
TATACONSUM-2024-01-11,TATACONSUM,2024-01-04,2024-01-11,5,1100.308837890625,21.931794993443216,20.691991755835623,1070.1018317324445,1.3773157266521645,1094.150146484375,1092.6348982718937,1021.19375,954.0089733886718,840.3776260375977,1649300558.278656,88.57142857142857,73.06122448979592,63.469387755102034,74.83673469387756,0.9780439121756488,0.6546777144996769,True,0.9780439121756488,76.79591836734694,True,True,True,True,True,True,True,True,True,True,True,True,True,True,,2024-01-12,1100.2109999513966,1064.9288337934856,35.28216615791098,2024-01-31,1099.7711208937208,SMA20,-0.0003998133609782,2024-01-30,-0.0124674617682798,11,2024-01-11,501,491,491,412,83.91038696537679,489,437,89.36605316973414,0.9760479041916168,True,19584.349609375,16786.46947265625,STRONG_MOMENTUM,POINT_IN_TIME,501,491,489,STRONG_MOMENTUM,MOMENTUM_ENABLED,True,True,True,0.9800399201596807,18318.7829296875,-0.13720027947876015,-0.1995666883340003,-0.26193309718924046,35.28216615791098,-0.012467461768279868
TATAELXSI-2023-11-21,TATAELXSI,2023-11-16,2023-11-21,3,8137.83837890625,178.68123790205178,181.59304753852663,7948.1766959591005,1.0614527030035292,8103.30126953125,8080.839086558142,7595.857666015625,7279.593876953125,6799.067658691406,822420385.8798828,82.0408163265306,77.9591836734694,47.3469387755102,70.0,0.9780439121756488,1.2588992237219383,True,0.9780439121756488,73.38775510204083,True,True,True,True,True,True,True,True,True,True,True,True,True,True,,2023-11-22,8104.985836718734,7902.778434074469,202.20740264426516,2023-11-28,7902.778434074469,STOP_INTRADAY,-0.0249485201723841,,-1.0,3,2023-11-21,501,491,491,308,62.72912423625255,488,420,86.0655737704918,0.9740518962075848,True,17627.599609375,16096.871240234375,STRONG_MOMENTUM,POINT_IN_TIME,501,491,488,STRONG_MOMENTUM,MOMENTUM_ENABLED,True,True,True,0.9800399201596807,17270.591875,-1.1603301507408705,-1.2404952261113058,-1.320660301481741,202.20740264426513,-1.0
TATAINVEST-2024-01-18,TATAINVEST,2024-01-11,2024-01-18,5,442.1466979980469,12.787673007627182,13.62667554299085,418.3831559736085,1.8583163653203143,432.554443359375,430.7583573915216,423.0840637207031,404.3239996337891,283.76353233337403,346401233.2019043,50.40816326530613,84.08163265306122,92.85714285714286,76.61224489795919,0.9780439121756488,1.3209110363803118,True,0.9780439121756488,78.93877551020408,True,True,True,True,True,True,True,True,True,True,True,True,True,True,,2024-01-19,437.6712604823398,414.97648708786073,22.694773394479057,2024-03-18,713.0044639126462,SMA20,0.6290867788003097,2024-03-15,12.132009368169614,38,2024-01-18,501,491,491,353,71.89409368635438,489,420,85.88957055214725,0.9760479041916168,True,19414.80078125,16918.919985351564,STRONG_MOMENTUM,POINT_IN_TIME,501,491,489,STRONG_MOMENTUM,MOMENTUM_ENABLED,True,True,True,0.9800399201596807,18600.9669921875,12.054868917745232,12.016298692533043,11.977728467320853,22.694773394479057,12.132009368169614
TATAPOWER-2024-04-26,TATAPOWER,2024-04-12,2024-04-26,9,429.7280883789063,11.97488071922692,10.842867526262612,410.30450188621376,1.6220275548553815,429.6788940429688,425.94172301794185,414.4621353149414,391.9637377929688,302.82085258483886,6183577242.497559,67.82786885245902,81.9672131147541,88.31967213114754,79.63114754098362,0.9740518962075848,0.9887916276098204,True,0.9740518962075848,80.79918032786885,True,True,True,True,True,True,True,True,True,True,True,True,True,True,,2024-04-29,432.5801681327201,407.5937850046481,24.986383128071964,2024-05-09,420.7784778328822,SMA20,-0.0272820881983129,2024-05-08,-0.4723248754870333,7,2024-04-26,501,493,492,349,70.9349593495935,479,378,78.91440501043841,0.9560878243512974,True,20839.349609375,18410.091015625,STRONG_MOMENTUM,POINT_IN_TIME,501,492,479,STRONG_MOMENTUM,MOMENTUM_ENABLED,True,True,True,0.9820359281437125,20278.9591015625,-0.5415754214208657,-0.5762006943877818,-0.610825967354698,24.986383128071964,-0.47232487548703334
TATASTEEL-2024-04-24,TATASTEEL,2024-04-09,2024-04-24,9,155.8002166748047,4.2968766631498365,4.180496081561914,147.63477769968722,1.900319607761739,155.3778533935547,153.45382589886722,151.21537017822266,142.39013122558595,124.20209941864012,9146714214.522614,66.18852459016394,82.99180327868852,62.5,71.80327868852459,0.9740518962075848,0.9984720914637985,True,0.9740518962075848,76.20901639344262,True,True,True,True,True,True,True,True,True,True,True,True,True,True,,2024-04-25,155.2370714736159,146.58965367929673,8.647417794319182,2024-05-08,154.11080411662664,SMA20,-0.0072551443176425,2024-05-07,-0.130243199042512,8,2024-04-24,501,493,492,329,66.869918699187,479,378,78.91440501043841,0.9560878243512974,True,20730.650390625,18363.75826660156,STRONG_MOMENTUM,POINT_IN_TIME,501,492,479,STRONG_MOMENTUM,MOMENTUM_ENABLED,True,True,True,0.9820359281437125,20246.7561328125,-0.202050564046015,-0.23795424654776648,-0.27385792904951795,8.647417794319182,-0.13024319904251208
TATASTEEL-2025-10-16,TATASTEEL,2025-10-09,2025-10-16,5,172.85523986816406,3.387628629778297,3.533284422915225,165.83011656494588,2.073758392955233,170.48414611816406,170.48413994081272,168.2105270385742,162.67890533447266,147.06003749847412,3359102055.0468826,68.15415821501014,86.61257606490872,81.94726166328601,79.67545638945234,0.9801192842942346,0.6053208422402037,True,0.9840319361277444,80.99391480730223,True,True,True,True,True,True,True,True,True,True,True,True,True,True,,2025-10-17,170.09223271611626,164.94679545921707,5.145437256899186,2025-11-14,173.93301396354244,SMA20,0.022580579877721,2025-11-13,0.7464440932160473,18,2025-10-16,503,498,498,268,53.81526104417671,482,307,63.69294605809128,0.9582504970178928,True,23563.80078125,22274.728779296875,NORMAL,POINT_IN_TIME,503,498,482,NORMAL,MOMENTUM_ENABLED,True,True,True,0.9900596421471173,22999.95109375,0.6142164715591703,0.5481026607307318,0.4819888499022931,5.145437256899186,0.7464440932160473
TBOTEK-2025-09-15,TBOTEK,2025-09-09,2025-09-15,4,1642.5999755859375,75.05290329744707,69.05356909010047,1542.699951171875,1.3310614250076669,1590.0999755859375,1580.0,1484.0299987792969,1428.2260009765623,1407.322251586914,256652545.1543579,85.3118712273642,92.75653923541248,63.38028169014085,81.7102615694165,0.9920159680638724,1.039720993806332,True,0.9920159680638724,88.24949698189135,True,True,True,True,True,True,True,True,True,True,True,True,True,True,,2025-09-16,1597.300048828125,1525.4365588993498,71.86348992877515,2025-09-26,1540.0,SMA20,-0.0358730652203784,2025-09-25,-0.7973457576986009,8,2025-09-15,501,497,497,254,51.10663983903421,487,321,65.91375770020534,0.9720558882235528,True,23215.849609375,22244.965,NORMAL,POINT_IN_TIME,501,497,487,NORMAL,MOMENTUM_ENABLED,True,True,True,0.9920159680638723,23026.876015625,-0.8862532154583745,-0.9307069443382614,-0.9751606732181483,71.86348992877515,-0.7973457576986009
TECHM-2024-09-12,TECHM,2024-08-29,2024-09-12,10,1546.5828857421875,35.10881850342422,34.72507864273987,1478.423689529703,1.941369693367401,1542.7335205078125,1527.4775605345287,1522.3163818359376,1448.2796875,1252.3258776855469,2617269472.607544,70.99391480730223,77.68762677484787,67.74847870182555,72.69776876267748,0.9820717131474104,1.381057233867352,True,0.9801192842942346,78.8843813387424,True,True,True,True,True,True,True,True,True,True,True,True,True,True,,2024-09-13,1548.976900303128,1469.742419869018,79.23448043411008,2024-09-19,1520.9057497195486,SMA20,-0.0181223816688848,2024-09-18,-0.3542794807233321,4,2024-09-12,502,494,493,292,59.2292089249493,489,398,81.39059304703477,0.9741035856573704,True,23907.349609375,20931.13103515625,NORMAL,POINT_IN_TIME,502,493,489,NORMAL,MOMENTUM_ENABLED,True,True,True,0.9820717131474104,23223.0479296875,-0.43247659348618933,-0.47157514986761795,-0.5106737062490465,79.23448043411008,-0.3542794807233321
TEJASNET-2024-06-03,TEJASNET,2024-05-17,2024-06-03,10,1200.135986328125,58.92946028298646,58.89338235309175,1091.3771242565422,1.8455770941954923,1165.0621337890625,1149.7672182813803,1149.004864501953,961.0704089355468,855.216159362793,669228800.7367554,68.77551020408164,97.14285714285714,70.0,80.48979591836735,0.9780439121756488,0.9747059501063728,True,0.9780439121756488,90.91836734693878,True,True,True,True,True,True,True,True,True,True,True,True,True,True,,2024-06-04,1160.827370088438,1076.6537786682693,84.1735914201688,2024-06-04,1076.6537786682693,STOP_INTRADAY,-0.0725117218882907,,-1.0,0,2024-06-03,501,493,493,303,61.4604462474645,480,347,72.29166666666667,0.9580838323353292,True,21797.400390625,18918.27002929688,STRONG_MOMENTUM,POINT_IN_TIME,501,493,480,STRONG_MOMENTUM,MOMENTUM_ENABLED,True,True,True,0.9840319361277445,20707.5680859375,-1.055163494892071,-1.0827452423381065,-1.110326989784142,84.1735914201688,-1.0
TEJASNET-2024-07-12,TEJASNET,2024-07-03,2024-07-12,7,1447.048583984375,64.61126314741963,64.95155061545076,1286.1768210964203,2.489840858255677,1407.34130859375,1383.6763289575356,1404.8053955078126,1265.0158666992188,926.6209921264648,839339270.7515259,48.073022312373226,98.17444219066938,90.06085192697769,80.70993914807303,0.9801192842942346,1.1452206940928746,True,0.9800796812749004,94.89837398373984,True,True,True,True,True,True,True,True,True,True,True,True,True,True,,2024-07-15,1429.8603831778328,1269.9389334425575,159.92144973527525,2024-07-22,1380.039445146609,SMA20,-0.0348432186927913,2024-07-19,-0.311533806838885,4,2024-07-12,503,493,493,404,81.94726166328601,484,423,87.39669421487604,0.9622266401590456,True,23095.44921875,19660.458017578127,STRONG_MOMENTUM,POINT_IN_TIME,503,493,484,STRONG_MOMENTUM,MOMENTUM_ENABLED,True,True,True,0.9801192842942346,21748.9951171875,-0.34729787439942156,-0.3651799081796898,-0.3830619419599581,159.92144973527525,-0.31153380683888504
THERMAX-2024-03-04,THERMAX,2024-02-23,2024-03-04,6,3701.254150390625,123.48783187357992,123.85472140432388,3482.7820814564857,1.7691789192460603,3659.14306640625,3612.3310303909575,3461.5287353515623,3236.736826171875,2768.063374023437,363330252.5605469,96.74134419551936,87.78004073319755,63.54378818737271,83.19755600814663,0.9800399201596808,0.4346568831215774,True,0.9800399201596808,81.75152749490836,True,True,True,True,True,True,True,True,True,True,True,True,True,True,,2024-03-05,3642.071101040384,3451.8184011054045,190.2526999349793,2024-03-11,3451.8184011054045,STOP_INTRADAY,-0.0522375029638032,,-1.0,3,2024-03-04,501,491,491,277,56.41547861507128,490,377,76.93877551020408,0.9780439121756488,True,20432.05078125,17642.903266601563,NORMAL,POINT_IN_TIME,501,491,490,NORMAL,MOMENTUM_ENABLED,True,True,True,0.9800399201596807,19717.54109375,-1.0765733385604535,-1.1148600078406803,-1.153146677120907,190.25269993497932,-1.0
TITAGARH-2024-07-05,TITAGARH,2024-06-28,2024-07-05,5,1856.6282958984373,102.68870069391718,90.33014639188433,1756.951239503784,0.9706720965509092,1825.78173828125,1795.6839864748847,1597.435565185547,1339.4367541503907,1025.1702401733398,4432664238.215149,99.39148073022312,98.37728194726166,91.88640973630832,96.7342799188641,0.9820717131474104,0.7175834745492875,True,0.9800796812749004,97.19512195121952,True,True,True,True,True,True,True,True,True,True,True,True,True,True,,2024-07-08,1855.779726627295,1734.368702905813,121.41102372148202,2024-07-09,1734.368702905813,STOP_INTRADAY,-0.0654231868036058,,-1.0,1,2024-07-05,502,493,493,417,84.58417849898579,484,421,86.98347107438018,0.9641434262948207,True,22987.650390625,19521.231015625,STRONG_MOMENTUM,POINT_IN_TIME,502,493,484,STRONG_MOMENTUM,MOMENTUM_ENABLED,True,True,True,0.9820717131474104,21535.2041015625,-1.061140402897334,-1.091710604346001,-1.1222808057946678,121.41102372148202,-1.0
TMPV-2024-02-15,TMPV,2024-02-06,2024-02-15,7,918.1923217773438,23.70743215043949,21.804692769966387,873.6778225478088,1.877660091867425,899.6243286132812,899.037992642887,855.571484375,785.3865234375,638.6440773010254,7810100388.946716,84.89795918367346,83.87755102040816,76.73469387755102,82.0408163265306,0.9780439121756488,0.6580192734763336,True,0.9780439121756488,81.06122448979592,True,True,True,True,True,True,True,True,True,True,True,True,True,True,,2024-02-16,903.9731523989236,868.2266493553171,35.74650304360648,2024-03-18,924.34917162168,SMA20,0.0225405136963231,2024-03-15,0.5700143367282671,20,2024-02-15,501,491,491,293,59.67413441955194,489,380,77.70961145194273,0.9760479041916168,True,20037.0,17371.625991210938,NORMAL,POINT_IN_TIME,501,491,489,NORMAL,MOMENTUM_ENABLED,True,True,True,0.9800399201596807,19397.61703125,0.4688605929568907,0.4182837210712025,0.36770684918551433,35.74650304360648,0.5700143367282671
TORNTPHARM-2025-01-02,TORNTPHARM,2024-12-19,2025-01-02,8,3405.59765625,75.6170371724112,75.85122733307614,3282.69191140738,1.625371072955265,3378.503662109375,3334.475580677327,3322.5455078125,3228.3370068359377,3009.4277575683595,833912542.951416,72.2672064777328,74.49392712550608,81.78137651821862,76.01214574898786,0.988,0.6354489950960911,True,0.988,77.65182186234819,True,True,True,True,True,True,True,True,True,True,True,True,True,True,,2025-01-03,3386.798850400708,3263.729104574111,123.06974582659724,2025-01-07,3318.0811426707537,SMA20,-0.0202898698048819,2025-01-06,-0.558363936387552,2,2025-01-02,500,496,496,249,50.201612903225815,488,240,49.18032786885246,0.976,True,22819.75,22349.360478515624,NORMAL,POINT_IN_TIME,500,496,488,NORMAL,MOMENTUM_ENABLED,True,True,True,0.992,22703.5589453125,-0.6684413182055867,-0.7234800091146042,-0.7785187000236216,123.06974582659723,-0.558363936387552
TORNTPOWER-2023-10-20,TORNTPOWER,2023-10-11,2023-10-20,7,718.30126953125,18.05753006397157,17.109562134637773,683.451872239701,1.929909415523038,706.0128784179688,702.700644856005,702.345458984375,673.3657214355469,559.3367373657227,221965017.24380493,68.36734693877551,77.75510204081633,67.55102040816327,71.87755102040816,0.9780439121756488,0.3746875394520894,True,0.9780439121756488,74.3265306122449,True,True,True,True,True,True,True,True,True,True,True,True,True,True,,2023-10-23,706.0128185479435,679.1744817060415,26.83833684190199,2023-10-25,687.6760246778143,SMA20,-0.0259723242813671,2023-10-23,-0.6832313782387759,1,2023-10-20,501,491,491,267,54.37881873727088,489,420,85.88957055214725,0.9760479041916168,True,17208.75,15919.529750976562,NORMAL,POINT_IN_TIME,501,491,489,NORMAL,MOMENTUM_ENABLED,True,True,True,0.9800399201596807,17199.84796875,-0.7884559042899825,-0.8410681673155858,-0.893680430341189,26.83833684190199,-0.6832313782387759
TORNTPOWER-2023-11-24,TORNTPOWER,2023-11-17,2023-11-24,5,800.6726684570312,26.690407953909386,27.102158717228885,752.8627578739324,1.791276876159401,783.3919677734375,773.6956203857612,744.5799896240235,717.2318310546875,594.2447048950195,273821982.51412964,81.42857142857143,84.08163265306122,78.57142857142857,81.63265306122449,0.9780439121756488,2.5031683364688533,True,0.9780439121756488,88.28571428571428,True,True,True,True,True,True,True,True,True,True,True,True,True,True,,2023-11-28,785.2640461716779,746.0872181946252,39.17682797705277,2023-12-18,864.6592698042457,SMA20,0.1011064036608267,2023-12-15,2.026586319828453,14,2023-11-24,501,491,491,312,63.54378818737271,488,414,84.8360655737705,0.9740518962075848,True,17643.5,16138.237485351565,STRONG_MOMENTUM,POINT_IN_TIME,501,491,488,STRONG_MOMENTUM,MOMENTUM_ENABLED,True,True,True,0.9800399201596807,17278.277890625,1.946409941421132,1.9063217522174716,1.8662335630138112,39.17682797705277,2.0265863198284535
TORNTPOWER-2024-02-27,TORNTPOWER,2024-02-15,2024-02-27,7,1160.159423828125,55.28940302425018,52.25309849158928,1068.9619347821506,1.64945693130336,1116.2335205078125,1116.0877718487106,1094.0696044921874,996.315927734375,748.8868611145019,986159967.6217653,89.20570264765783,85.74338085539715,90.83503054989816,88.30957230142565,0.9800399201596808,1.333576898523409,True,0.9780439121756488,90.06122448979592,True,True,True,True,True,True,True,True,True,True,True,True,True,True,,2024-02-28,1123.6998390915537,1055.8986601592533,67.80117893230045,2024-02-28,1055.8986601592533,STOP_INTRADAY,-0.0603374465080583,,-1.0,0,2024-02-27,501,491,491,284,57.841140529531565,490,387,78.9795918367347,0.9780439121756488,True,20292.849609375,17547.430747070313,NORMAL,POINT_IN_TIME,501,491,490,NORMAL,MOMENTUM_ENABLED,True,True,True,0.9800399201596807,19620.213046875,-1.066293823015294,-1.099440734522941,-1.1325876460305884,67.80117893230045,-1.0
TRENT-2023-08-29,TRENT,2023-08-24,2023-08-29,3,2063.861083984375,48.7266159443069,49.3603707405067,1985.458170270364,1.6090367080616317,2044.16064453125,2021.9664798018405,1885.8261962890624,1782.4276684570314,1478.6026501464844,1353435874.990173,91.83673469387756,83.6734693877551,85.91836734693878,86.79591836734694,0.9760956175298804,0.5021394876188674,True,0.9741035856573704,89.36605316973416,True,True,True,True,True,True,True,True,True,True,True,True,True,True,,2023-08-30,2063.4120726415704,1973.1180775852367,90.2939950563332,2023-09-20,2046.853909506444,SMA20,-0.0080246516702447,2023-09-18,-0.1833805573094408,14,2023-08-29,502,492,491,354,72.09775967413442,483,413,85.5072463768116,0.9621513944223108,True,16927.30078125,15624.319018554688,STRONG_MOMENTUM,POINT_IN_TIME,502,491,483,STRONG_MOMENTUM,MOMENTUM_ENABLED,True,True,True,0.9780876494023905,16718.71912109375,-0.2747891641101126,-0.32049346751044894,-0.36619777091078526,90.29399505633364,-0.18338055730943995
TRENT-2024-01-19,TRENT,2024-01-12,2024-01-19,5,3204.09423828125,67.55596625196601,69.80943805212165,3082.250566401602,1.8035960203011967,3201.99951171875,3177.012315206829,3082.5923706054687,2880.695458984375,2045.0200860595703,1316157963.1826172,63.26530612244898,94.6938775510204,92.24489795918367,84.53061224489797,0.9780439121756488,0.9338719164736592,True,0.9780439121756488,85.67346938775509,True,True,True,True,True,True,True,True,True,True,True,True,True,True,,2024-01-23,3198.957481884374,3064.798206888572,134.15927499580175,2024-01-30,3064.798206888572,STOP_INTRADAY,-0.0419384364298502,,-1.0,4,2024-01-19,501,491,491,373,75.96741344195519,489,420,85.88957055214725,0.9760479041916168,True,19606.400390625,16945.638486328124,STRONG_MOMENTUM,POINT_IN_TIME,501,491,489,STRONG_MOMENTUM,MOMENTUM_ENABLED,True,True,True,0.9800399201596807,18649.9069921875,-1.0953779000962691,-1.143066850144404,-1.1907558001925385,134.15927499580175,-1.0
TRENT-2024-02-27,TRENT,2024-02-20,2024-02-27,5,4015.803466796875,135.14966690747295,132.37444584713916,3814.409817137749,1.49015276372827,3927.62548828125,3904.1341834560185,3677.165026855469,3318.0828173828127,2320.434049682617,2896987390.8997803,95.11201629327904,91.44602851323828,93.48268839103868,93.15682281059064,0.9800399201596808,0.9824001149231336,True,0.9780439121756488,93.6530612244898,True,True,True,True,True,True,True,True,True,True,True,True,True,True,,2024-02-28,3930.069184192153,3781.316205675964,148.75297851618916,2024-02-29,3781.316205675964,STOP_INTRADAY,-0.0378499643503772,,-1.0,1,2024-02-27,501,491,491,284,57.841140529531565,490,387,78.9795918367347,0.9780439121756488,True,20292.849609375,17547.430747070313,NORMAL,POINT_IN_TIME,501,491,490,NORMAL,MOMENTUM_ENABLED,True,True,True,0.9800399201596807,19620.213046875,-1.1056804165777276,-1.1585206248665911,-1.2113608331554548,148.75297851618916,-1.0
TRENT-2024-05-14,TRENT,2024-05-02,2024-05-14,8,4635.046875,172.27260648691984,151.58693181311156,4347.070398569653,1.6716324336348418,4528.9638671875,4510.309876818237,4322.704528808594,4093.890302734375,2926.8015435791017,3155614926.2043457,92.21311475409836,92.00819672131148,96.31147540983606,93.36065573770492,0.9740518962075848,0.7861833416694297,True,0.9740518962075848,92.21311475409836,True,True,True,True,True,True,True,True,True,True,True,True,True,True,,2024-05-15,4538.589292155056,4309.173665616375,229.41562653868093,2024-06-03,4736.062853797161,SMA20,0.0435098989863298,2024-05-31,0.8607677019281402,12,2024-05-14,501,493,492,288,58.53658536585365,480,357,74.375,0.9580838323353292,True,20683.80078125,18638.31026367188,NORMAL,POINT_IN_TIME,501,492,480,NORMAL,MOMENTUM_ENABLED,True,True,True,0.9820359281437125,20427.9570703125,0.7816346566228796,0.7420681339702491,0.7025016113176187,229.41562653868095,0.8607677019281402
TRITURBINE-2024-04-04,TRITURBINE,2024-04-01,2024-04-04,3,563.9171142578125,27.64481198226625,25.604527954902487,539.6478664328835,0.8778952029226103,555.0875854492188,551.1906207743151,497.642643737793,454.5198303222657,408.5292041015625,646599092.1144257,95.48254620123204,89.93839835728953,56.87885010266941,81.68377823408625,0.9720558882235528,0.9182194187922432,True,0.9680638722554892,88.68041237113403,True,True,True,True,True,True,True,True,True,True,True,True,True,True,,2024-04-05,560.3655808609002,533.2467344441578,27.11884641674237,2024-04-09,533.2467344441578,STOP_INTRADAY,-0.0483949181444712,,-1.0,2,2024-04-04,501,493,492,318,64.63414634146342,479,382,79.74947807933194,0.9560878243512974,True,20664.650390625,18090.8825390625,STRONG_MOMENTUM,POINT_IN_TIME,501,492,479,STRONG_MOMENTUM,MOMENTUM_ENABLED,True,True,True,0.9820359281437125,20010.348203125,-1.0826533064496353,-1.1239799596744529,-1.1653066128992706,27.11884641674237,-1.0
TRITURBINE-2024-08-27,TRITURBINE,2024-08-16,2024-08-27,7,799.1129760742188,42.16810946480979,37.82622118913709,708.3494548407662,2.152420926273604,739.8700561523438,729.757799989636,692.7741882324219,639.6928527832031,509.20878280639647,803502782.2168579,95.94320486815415,84.17849898580123,94.11764705882352,90.6896551724138,0.9801192842942346,2.166891477210407,True,0.9801192842942346,95.25354969574036,True,True,True,True,True,True,True,True,True,True,True,True,True,True,,2024-08-28,740.9059440975302,698.8928995434819,42.01304455404829,2024-09-02,720.1388311234409,SMA20,-0.0280293512820779,2024-08-30,-0.4943015483529914,3,2024-08-27,503,493,493,302,61.257606490872206,487,417,85.62628336755647,0.9681908548707754,True,23604.849609375,20536.411533203125,STRONG_MOMENTUM,POINT_IN_TIME,503,493,487,STRONG_MOMENTUM,MOMENTUM_ENABLED,True,True,True,0.9801192842942346,22919.1339453125,-0.5648421104057493,-0.6001123914321281,-0.635382672458507,42.01304455404829,-0.49430154835299145
TRITURBINE-2024-12-06,TRITURBINE,2024-11-27,2024-12-06,7,825.0452270507812,44.39584934245973,37.41466971013664,723.4031666510198,2.28944961984435,746.874267578125,735.7563628028473,705.9308319091797,709.1614477539063,619.8888261413574,1279951477.6968994,91.49797570850204,63.96761133603239,81.78137651821862,77.57085020242916,0.988,0.7040640206427835,True,0.988,92.3684210526316,True,True,True,True,True,True,True,True,True,True,True,True,True,True,,2024-12-09,763.9710926949075,714.0494992234857,49.92159347142183,2024-12-20,778.3008096725941,SMA20,0.0187568837547747,2024-12-19,0.287044462751171,9,2024-12-06,500,496,496,287,57.86290322580645,488,291,59.63114754098361,0.976,True,23312.099609375,22125.683759765627,NORMAL,POINT_IN_TIME,500,496,488,NORMAL,MOMENTUM_ENABLED,True,True,True,0.992,23030.444921875,0.2258307842949934,0.1952239450669046,0.1646171058388158,49.92159347142183,0.287044462751171
TRIVENI-2023-09-28,TRIVENI,2023-09-25,2023-09-28,3,379.6268310546875,15.74138451993511,15.318414171913858,364.4826644567704,0.9620606483971194,376.9486083984375,375.9260318989252,350.4682327270508,313.90916137695314,279.9184561920166,566564302.1408386,97.55102040816328,91.02040816326532,73.67346938775509,87.77551020408163,0.9780439121756488,1.1136823864997911,True,0.9780439121756488,87.12244897959184,True,True,True,True,True,True,True,True,True,True,True,True,True,True,,2023-09-29,378.8964229078592,360.6530609137919,18.2433619940673,2023-10-23,360.6530609137919,STOP_INTRADAY,-0.0481486783487099,,-1.0,15,2023-09-28,501,491,491,307,62.52545824847251,488,425,87.09016393442623,0.9740518962075848,True,17170.44921875,15795.18576171875,STRONG_MOMENTUM,POINT_IN_TIME,501,491,488,STRONG_MOMENTUM,MOMENTUM_ENABLED,True,True,True,0.9800399201596807,17090.0610546875,-1.0830760082557316,-1.1246140123835975,-1.1661520165114634,18.2433619940673,-1.0
TRIVENI-2024-09-13,TRIVENI,2024-08-30,2024-09-13,10,470.3151245117188,20.1088452893552,18.250852926889458,443.833076620344,1.3169352844637636,468.6455993652344,467.4094773692496,454.5105606079102,420.0380383300781,360.878742980957,308517662.15411377,87.4239350912779,78.90466531440163,79.3103448275862,81.58215010141988,0.9820717131474104,0.8273851176288449,True,0.9820717131474104,88.19472616632859,True,True,True,True,True,True,True,True,True,True,True,True,True,True,,2024-09-16,471.1179222565677,439.2703633886216,31.84755886794608,2024-09-27,472.7001327740229,SMA20,0.003358417166294,2024-09-26,0.0496807470869513,9,2024-09-13,502,495,493,315,63.894523326572006,489,409,83.640081799591,0.9741035856573704,True,23928.19921875,20962.80653320313,STRONG_MOMENTUM,POINT_IN_TIME,502,493,489,STRONG_MOMENTUM,MOMENTUM_ENABLED,True,True,True,0.9820717131474104,23244.5879296875,-0.009490874098839237,-0.03907668469173453,-0.06866249528462981,31.847558867946077,0.04968074708695134
TTML-2023-09-06,TTML,2023-09-01,2023-09-06,3,91.5999984741211,3.713520516953464,3.6878656074598415,87.55000305175781,1.0906080642004528,91.0999984741211,90.8499984741211,83.39499969482422,79.44499969482422,75.31750017166138,569591264.3564911,84.89795918367346,85.91836734693878,79.18367346938776,83.59183673469387,0.9760956175298804,1.3687646374161444,True,0.9760956175298804,89.6734693877551,True,True,True,True,True,True,True,True,True,True,True,True,True,True,,2023-09-07,91.6999969482422,86.62803664989285,5.071960298349353,2023-09-27,96.25,SMA20,0.0496183555417775,2023-09-26,0.8970896426848168,13,2023-09-06,502,492,491,401,81.67006109979633,485,446,91.95876288659794,0.9661354581673308,True,17284.599609375,15669.427514648438,STRONG_MOMENTUM,POINT_IN_TIME,502,491,485,STRONG_MOMENTUM,MOMENTUM_ENABLED,True,True,True,0.9780876494023905,16836.39208984375,0.8247704670177002,0.7886108791841417,0.7524512913505833,5.071960298349353,0.8970896426848168
TVSMOTOR-2023-09-25,TVSMOTOR,2023-09-18,2023-09-25,4,1508.3916015625,28.660171178257105,27.192408911952626,1466.034531627242,1.4779070812875004,1498.111328125,1481.2573540603678,1447.9995910644532,1380.3006420898437,1190.220446166992,1350258087.8156738,85.51020408163265,63.87755102040816,73.26530612244898,73.18367346938774,0.9780439121756488,1.339269515500712,True,0.9780439121756488,70.08163265306122,True,True,True,True,True,True,True,True,True,True,True,True,True,True,,2023-09-26,1505.2778250908127,1459.2364293992537,46.041395691559046,2023-10-05,1489.659641998249,SMA20,-0.0103756149411298,2023-10-04,-0.3392204527680507,6,2023-09-25,501,491,491,327,66.59877800407332,488,436,89.34426229508196,0.9740518962075848,True,17272.55078125,15775.002016601562,STRONG_MOMENTUM,POINT_IN_TIME,501,491,488,STRONG_MOMENTUM,MOMENTUM_ENABLED,True,True,True,0.9800399201596807,17064.475078125,-0.4699964905037427,-0.5353845093715887,-0.6007725282394347,46.041395691559046,-0.33922045276805074
TVSMOTOR-2023-10-09,TVSMOTOR,2023-09-26,2023-10-09,8,1513.3834228515625,27.25884464393162,27.944152628103897,1472.3115335348407,1.506736248480922,1504.9813232421875,1499.149304112199,1485.8045288085937,1410.503078613281,1211.9083102416992,1173373862.925354,77.3469387755102,69.59183673469389,69.79591836734694,71.9795918367347,0.9780439121756488,1.4231955672242869,True,0.9780439121756488,77.63265306122449,True,True,True,True,True,True,True,True,True,True,True,True,True,True,,2023-10-10,1512.4938326409383,1465.3254953778146,47.1683372631237,2023-11-02,1551.9347799888817,SMA20,0.0260767657340303,2023-11-01,0.8361742142388047,16,2023-10-09,501,491,491,254,51.73116089613035,488,426,87.29508196721312,0.9740518962075848,True,17127.69921875,15835.60201171875,NORMAL,POINT_IN_TIME,501,491,488,NORMAL,MOMENTUM_ENABLED,True,True,True,0.9800399201596807,17123.0569921875,0.707910728994146,0.6437789863718165,0.5796472437494872,47.1683372631237,0.8361742142388047
TVSMOTOR-2023-11-22,TVSMOTOR,2023-11-17,2023-11-22,3,1727.4912109375,30.39099223274535,30.780158586909582,1686.3698686802477,1.3530766597658357,1719.28662109375,1718.2487849946629,1619.2017150878903,1555.7414306640626,1300.649122314453,1202832498.2525637,79.79591836734694,88.36734693877551,71.42857142857143,80.71428571428571,0.9780439121756488,2.6191394047868,True,0.9780439121756488,82.38775510204081,True,True,True,True,True,True,True,True,True,True,True,True,True,True,,2023-11-23,1733.817562123859,1678.6748290335202,55.14273309033888,2024-01-03,1954.251715897741,SMA20,0.1271380326219897,2024-01-02,3.997519553714367,27,2023-11-22,501,491,491,298,60.692464358452135,488,415,85.04098360655738,0.9740518962075848,True,17627.69921875,16110.738735351562,STRONG_MOMENTUM,POINT_IN_TIME,501,491,488,STRONG_MOMENTUM,MOMENTUM_ENABLED,True,True,True,0.9800399201596807,17275.435859375,3.87175012119216,3.808865404931056,3.745980688669953,55.14273309033888,3.997519553714367
TVSMOTOR-2024-08-07,TVSMOTOR,2024-08-01,2024-08-07,4,2564.564208984375,64.80853094502626,74.86732972929694,2408.558637528298,2.40717648095447,2554.987548828125,2510.7263318538585,2460.736730957032,2396.134833984375,2059.7793090820314,2094496853.5281985,81.94726166328601,85.39553752535497,73.02231237322515,80.64908722109534,0.9801192842942346,2.668058071565302,True,0.9801192842942346,75.05070993914808,True,True,True,True,True,True,True,True,True,True,True,True,True,True,,2024-08-08,2559.403662172052,2389.841805095973,169.56185707607892,2024-09-20,2763.838468674026,SMA20,0.0798759529508836,2024-09-19,1.205665059508332,30,2024-08-07,503,493,493,276,55.98377281947262,487,401,82.34086242299796,0.9681908548707754,True,22848.900390625,20148.513515625,NORMAL,POINT_IN_TIME,503,493,487,NORMAL,MOMENTUM_ENABLED,True,True,True,0.9801192842942346,22478.956015625,1.1452881868718474,1.1150997505536053,1.084911314235363,169.56185707607892,1.205665059508332
TVSMOTOR-2025-09-18,TVSMOTOR,2025-09-08,2025-09-18,8,3578.791015625,74.9987502107332,69.0403427625771,3443.463992056758,1.8043903823463343,3534.246826171875,3512.323599852653,3407.210791015625,3103.6757421875,2680.3335009765624,2689582993.7163086,87.92756539235413,94.16498993963782,92.35412474849096,91.75050301810865,0.9920159680638724,0.8179235068076746,True,0.9920159680638724,96.88128772635817,True,True,True,True,True,True,True,True,True,True,True,True,True,True,,2025-09-19,3531.7556826815567,3426.2039063661136,105.55177631544302,2025-09-25,3440.972826855412,SMA20,-0.0257047383745456,2025-09-24,-0.8600789015131167,4,2025-09-18,501,497,497,312,62.77665995975856,487,335,68.78850102669405,0.9720558882235528,True,23518.900390625,22257.593759765627,STRONG_MOMENTUM,POINT_IN_TIME,501,497,487,STRONG_MOMENTUM,MOMENTUM_ENABLED,True,True,True,0.9920159680638723,23019.8200390625,-0.9939186456071186,-1.0608385176541195,-1.1277583897011205,105.55177631544302,-0.8600789015131167
TVSMOTOR-2025-10-27,TVSMOTOR,2025-10-21,2025-10-27,3,3645.557861328125,65.38377052577889,67.54372988782093,3571.6162084200905,1.1308869512026916,3627.2216796875,3626.524141942,3520.280578613281,3432.0858544921875,2813.042165527344,1778119989.5582275,78.09330628803245,97.97160243407708,85.19269776876268,88.17444219066937,0.9801192842942346,0.7096097168013513,True,0.9801192842942346,88.66125760649088,True,True,True,True,True,True,True,True,True,True,True,True,True,True,,2025-10-28,3637.286500325704,3554.7302759481354,82.55622437756847,2025-10-28,3554.7302759481354,STOP_INTRADAY,-0.0226972014357889,,-1.0,0,2025-10-27,503,498,498,291,58.43373493975904,482,314,65.14522821576763,0.9582504970178928,True,23840.900390625,22310.83252929688,NORMAL,POINT_IN_TIME,503,498,482,NORMAL,MOMENTUM_ENABLED,True,True,True,0.9900596421471173,23130.993125,-1.1762331806111035,-1.2643497709166553,-1.3524663612222072,82.55622437756847,-1.0
UCOBANK-2023-10-03,UCOBANK,2023-09-18,2023-10-03,9,44.90445327758789,2.3140250054592952,2.351583349431768,39.68974095187394,2.253524621994702,43.21449661254883,42.68337364046202,38.04324636459351,32.46157428741455,28.307187843322755,1906992639.919384,99.18367346938776,96.53061224489797,91.83673469387756,95.91836734693878,0.9780439121756488,0.9834735375695766,True,0.9780439121756488,97.36734693877553,True,True,True,True,True,True,True,True,True,True,True,True,True,True,,2023-10-04,43.02136152440526,39.101845114516,3.919516409889255,2023-10-09,39.101845114516,STOP_INTRADAY,-0.0911062846689727,,-1.0,3,2023-10-03,501,491,491,329,67.0061099796334,488,436,89.34426229508196,0.9740518962075848,True,17254.400390625,15809.301513671877,STRONG_MOMENTUM,POINT_IN_TIME,501,491,488,STRONG_MOMENTUM,MOMENTUM_ENABLED,True,True,True,0.9800399201596807,17101.0800390625,-1.0439047647978805,-1.0658571471968208,-1.0878095295957613,3.9195164098892548,-1.0
UJJIVANSFB-2023-10-19,UJJIVANSFB,2023-10-06,2023-10-19,9,58.11256408691406,2.3495341775561687,1.9743676046646748,54.19649384261661,1.6667432556229922,56.03366470336914,55.791931822185326,53.83147850036621,50.095739669799805,35.52753831863404,1292555685.0180893,96.53061224489797,90.0,96.93877551020408,94.04081632653062,0.9780439121756488,1.09730003822174,True,0.9780439121756488,96.44897959183672,True,True,True,True,True,True,True,True,True,True,True,True,True,True,,2023-10-20,56.22705184202894,53.70290194145044,2.5241499005785,2023-10-23,53.70290194145044,STOP_INTRADAY,-0.0448920905131243,,-1.0,1,2023-10-19,501,491,491,302,61.5071283095723,489,428,87.52556237218813,0.9760479041916168,True,17310.5,15910.912001953126,STRONG_MOMENTUM,POINT_IN_TIME,501,491,489,STRONG_MOMENTUM,MOMENTUM_ENABLED,True,True,True,0.9800399201596807,17194.65796875,-1.0891025558016858,-1.1336538337025288,-1.1782051116033718,2.5241499005785,-1.0
UNIONBANK-2023-08-28,UNIONBANK,2023-08-17,2023-08-28,7,86.49616241455078,2.5854080242078106,2.6848874400310137,81.46199555636784,1.9471459866476784,84.25367736816406,83.56719598762545,82.9676685333252,75.35992645263671,67.91443828582764,1203743944.1249657,56.12244897959183,87.34693877551021,73.06122448979592,73.69387755102042,0.9760956175298804,0.6780139574291233,True,0.9741035856573704,85.91002044989776,True,True,True,True,True,True,True,True,True,True,True,True,True,True,,2023-08-29,83.75025037682575,80.79077369636009,2.959476680465656,2023-08-29,80.79077369636009,STOP_INTRADAY,-0.0353369293482681,,-1.0,0,2023-08-28,502,492,491,336,68.43177189409369,483,407,84.26501035196688,0.9621513944223108,True,16875.30078125,15617.758266601562,STRONG_MOMENTUM,POINT_IN_TIME,502,491,483,STRONG_MOMENTUM,MOMENTUM_ENABLED,True,True,True,0.9780876494023905,16703.802109375,-1.1131960267565253,-1.169794040134788,-1.2263920535130506,2.959476680465656,-1.0
UNIONBANK-2023-11-29,UNIONBANK,2023-11-15,2023-11-29,9,103.06315612792967,3.5901942358150523,3.2585670976744576,96.56449739942629,1.8101134093732607,100.95795440673828,100.59183989744486,97.72464561462402,94.86111877441408,74.76204301834106,1385454635.332859,68.9795918367347,81.22448979591836,86.93877551020408,79.26530612244898,0.9780439121756488,1.644015498180878,True,0.9780439121756488,86.26530612244898,True,True,True,True,True,True,True,True,True,True,True,True,True,True,,2023-11-30,100.72913322622124,95.74985562500764,4.979277601213596,2023-12-27,107.822728814011,SMA20,0.0704224821617269,2023-12-26,1.4246234405691425,18,2023-11-29,501,491,491,336,68.43177189409369,488,420,86.0655737704918,0.9740518962075848,True,17904.099609375,16167.458237304689,STRONG_MOMENTUM,POINT_IN_TIME,501,491,488,STRONG_MOMENTUM,MOMENTUM_ENABLED,True,True,True,0.9800399201596807,17291.4498828125,1.3437047681884948,1.3032454319981726,1.26278609580785,4.979277601213596,1.4246234405691394
UNITDSPR-2024-08-21,UNITDSPR,2024-08-07,2024-08-21,9,1432.45556640625,36.72970244215576,30.99664805777047,1362.340657450532,1.9089430159729528,1401.95166015625,1382.170688281116,1389.7207580566403,1308.1453955078125,1146.7685696411131,1167599118.3250122,78.90466531440163,76.06490872210954,65.92292089249493,73.87423935091277,0.9801192842942346,0.727325701210196,True,0.9801192842942346,81.84584178498986,True,True,True,True,True,True,True,True,True,True,True,True,True,True,,2024-08-22,1414.0454722409024,1354.5914954360894,59.45397680481301,2024-10-07,1499.5833873387717,SMA20,0.0604916297085647,2024-10-04,1.438724870813766,31,2024-08-21,503,493,493,270,54.76673427991886,487,408,83.77823408624229,0.9681908548707754,True,23368.650390625,20401.13377929688,NORMAL,POINT_IN_TIME,503,493,487,NORMAL,MOMENTUM_ENABLED,True,True,True,0.9801192842942346,22792.5249609375,1.343589403130371,1.2960216692886735,1.248453935446976,59.45397680481301,1.438724870813766
UNITDSPR-2024-10-01,UNITDSPR,2024-09-26,2024-10-01,3,1610.4842529296875,35.24215904963625,36.79429186812918,1541.3487002065165,1.9617286394343256,1577.5322265625,1577.3364064739417,1523.2936950683593,1447.9188940429688,1214.4911154174804,1029885743.2092896,79.95910020449898,88.95705521472392,73.21063394683026,81.53374233128834,0.978,0.6955749375379588,True,0.986,86.49087221095336,True,True,True,True,True,True,True,True,True,True,True,True,True,True,,2024-10-03,1561.9130824397237,1532.1501272394842,29.762955200239503,2024-10-03,1532.1501272394842,STOP_INTRADAY,-0.0190554490738687,,-1.0,0,2024-10-01,500,494,494,306,61.943319838056674,485,401,82.68041237113401,0.97,True,24271.30078125,21342.95153320313,STRONG_MOMENTUM,POINT_IN_TIME,500,494,485,STRONG_MOMENTUM,MOMENTUM_ENABLED,True,True,True,0.988,23526.3579296875,-1.209913709432611,-1.3148705641489165,-1.419827418865222,29.762955200239503,-1.0
UNOMINDA-2024-08-28,UNOMINDA,2024-08-19,2024-08-28,7,1168.59375,45.96943309284484,44.56150838424652,1073.8238863642905,2.061584345499808,1123.050537109375,1115.9327255986575,1069.1527221679687,1064.1927429199218,789.6333892822265,806513511.9264526,78.29614604462475,90.26369168356996,96.75456389452332,88.62068965517241,0.9801192842942346,0.9990091644415384,True,0.9801192842942346,96.83569979716025,True,True,True,True,True,True,True,True,True,True,True,True,True,True,,2024-08-29,1123.050519956741,1062.6835092682286,60.36701068851244,2024-09-09,1088.6069304722976,SMA20,-0.0306696705734753,2024-09-06,-0.5705697381997071,7,2024-08-28,503,493,493,294,59.63488843813387,487,413,84.80492813141683,0.9681908548707754,True,23615.94921875,20570.36078125,NORMAL,POINT_IN_TIME,503,493,487,NORMAL,MOMENTUM_ENABLED,True,True,True,0.9801192842942346,22947.1669140625,-0.644984588771094,-0.6821920140567873,-0.7193994393424807,60.36701068851244,-0.5705697381997071
UNOMINDA-2025-09-15,UNOMINDA,2025-09-01,2025-09-15,10,1311.6060791015625,34.20606619197444,31.18596476787421,1257.828870685629,1.5721541352963562,1298.535888671875,1291.0530353102436,1273.0241760253907,1159.9941674804688,1022.2165209960938,1062226825.130432,94.96981891348088,92.5553319919517,91.34808853118712,92.91750503018108,0.9920159680638724,0.6855629734050884,True,0.9920159680638724,97.16297786720322,True,True,True,True,True,True,True,True,True,True,True,True,True,True,,2025-09-16,1298.5358496425624,1250.0323794936603,48.503470148902124,2025-09-29,1268.1053219918972,SMA20,-0.0234344917462552,2025-09-26,-0.6273886704857553,9,2025-09-15,501,497,497,254,51.10663983903421,487,321,65.91375770020534,0.9720558882235528,True,23215.849609375,22244.965,NORMAL,POINT_IN_TIME,501,497,487,NORMAL,MOMENTUM_ENABLED,True,True,True,0.9920159680638723,23026.876015625,-0.7344767485680989,-0.7880207876092706,-0.8415648266504425,48.503470148902124,-0.6273886704857553
UNOMINDA-2025-09-19,UNOMINDA,2025-09-16,2025-09-19,3,1318.0911865234375,30.968090579271024,29.086745503487084,1297.1390638192534,0.6765713452869058,1316.6943359375,1315.596931007383,1290.5491577148437,1177.02728515625,1027.756583251953,919063629.2669678,79.87927565392354,91.75050301810866,80.48289738430584,84.80885311871228,0.9920159680638724,1.3699149131198594,True,0.9920159680638724,92.25352112676056,True,True,True,True,True,True,True,True,True,True,True,True,True,True,,2025-09-22,1324.376921535025,1289.8673774433817,34.50954409164342,2025-09-26,1289.8673774433817,STOP_INTRADAY,-0.0260571922769878,,-1.0,4,2025-09-19,501,497,497,322,64.7887323943662,487,338,69.40451745379876,0.9720558882235528,True,23486.650390625,22262.45526367188,STRONG_MOMENTUM,POINT_IN_TIME,501,497,487,STRONG_MOMENTUM,MOMENTUM_ENABLED,True,True,True,0.9920159680638723,23018.4040625,-1.1535084807864184,-1.2302627211796273,-1.3070169615728366,34.50954409164342,-1.0
USHAMART-2024-06-21,USHAMART,2024-06-13,2024-06-21,5,405.2204895019531,18.192861214181345,17.291136648097627,374.3014616523125,1.6995143032003783,395.6957092285156,390.6646342545548,362.5395034790039,351.8922100830078,323.7053028869629,355710821.4537964,84.72505091649694,84.72505091649694,69.24643584521385,80.08146639511202,0.9780876494023903,2.0420461072061453,True,0.9780876494023903,79.5723014256619,True,True,True,True,True,True,True,True,True,True,True,True,True,True,,2024-06-24,395.6468409660173,369.9786774902881,25.668163475729216,2024-06-27,369.9786774902881,STOP_INTRADAY,-0.0648764524773089,,-1.0,3,2024-06-21,502,493,493,410,83.16430020283975,484,405,83.67768595041323,0.9641434262948207,True,22236.19921875,19238.9940234375,STRONG_MOMENTUM,POINT_IN_TIME,502,493,484,STRONG_MOMENTUM,MOMENTUM_ENABLED,True,True,True,0.9820717131474104,21130.3550390625,-1.0616556523555143,-1.0924834785332713,-1.1233113047110286,25.668163475729216,-1.0
UTIAMC-2024-08-30,UTIAMC,2024-08-26,2024-08-30,4,1086.7294921875,34.276149975886746,36.45610815242302,1028.8554899758751,1.6884627431126014,1066.2294921875,1059.814492235219,994.51923828125,957.2391748046877,828.6486303710938,195984428.63232425,88.03245436105477,83.97565922920892,69.77687626774848,80.93306288032454,0.9820717131474104,1.1825069235643544,True,0.9801192842942346,83.7525354969574,True,True,True,True,True,True,True,True,True,True,True,True,True,True,,2024-09-02,1079.384801538975,1019.7414629377696,59.6433386012053,2024-09-30,1162.1282843917736,SMA20,0.07665800253517,2024-09-27,1.3873046813500576,20,2024-08-30,502,493,493,299,60.649087221095336,488,408,83.60655737704919,0.9721115537848606,True,23734.55078125,20639.52029296875,STRONG_MOMENTUM,POINT_IN_TIME,502,493,488,STRONG_MOMENTUM,MOMENTUM_ENABLED,True,True,True,0.9820717131474104,23003.3959375,1.3149153867965724,1.27872073951983,1.2425260922430874,59.6433386012053,1.3873046813500576
VAIBHAVGBL-2023-09-08,VAIBHAVGBL,2023-09-04,2023-09-08,4,427.3970336914063,17.89388306987924,17.323950136153325,400.8018093249924,1.4862746259464288,415.8318481445313,415.7850411737717,384.6081848144531,342.5786328125,301.76621353149415,116644909.6559906,84.28571428571429,92.6530612244898,68.9795918367347,83.04081632653062,0.9780439121756488,1.0181576108938923,True,0.9760956175298804,88.44897959183673,True,True,True,True,True,True,True,True,True,True,True,True,True,True,,2023-09-11,417.0960830234289,396.470821790954,20.625261232474884,2023-09-12,396.470821790954,STOP_INTRADAY,-0.0494496641708244,,-1.0,1,2023-09-08,501,491,491,414,84.31771894093686,487,451,92.60780287474331,0.9720558882235528,True,17487.44921875,15688.051762695311,STRONG_MOMENTUM,POINT_IN_TIME,501,491,487,STRONG_MOMENTUM,MOMENTUM_ENABLED,True,True,True,0.9800399201596807,16885.0370703125,-1.080890337013856,-1.1213355055207843,-1.1617806740277123,20.625261232474884,-1.0
VARROC-2023-10-10,VARROC,2023-10-03,2023-10-10,5,502.9143371582031,21.36311362679805,20.88874369389689,475.1710992023525,1.2986514250923291,496.4890441894531,492.4047558391916,475.66919097900393,422.2796832275391,324.32544975280763,240938012.368515,93.06122448979592,92.44897959183672,94.28571428571428,93.18367346938774,0.9780439121756488,0.4622651702841144,True,0.9780439121756488,93.6938775510204,True,True,True,True,True,True,True,True,True,True,True,True,True,True,,2023-10-11,500.7725842510781,469.9489132788783,30.823670972199807,2023-10-18,486.6270305440897,SMA20,-0.0282474603280121,2023-10-17,-0.4589185278984602,5,2023-10-10,501,491,491,290,59.063136456211815,488,431,88.31967213114754,0.9740518962075848,True,17303.349609375,15843.93701171875,NORMAL,POINT_IN_TIME,501,491,488,NORMAL,MOMENTUM_ENABLED,True,True,True,0.9800399201596807,17130.74,-0.5239039846537871,-0.5563967130314504,-0.5888894414091139,30.823670972199807,-0.45891852789846027
VARROC-2024-07-01,VARROC,2024-06-18,2024-07-01,9,692.2357177734375,33.48955328522828,30.238706281856263,637.6955837374917,1.6285715599557615,668.5767822265625,655.4771195757403,638.9407745361328,573.3930590820313,525.4114875793457,278163763.51446533,89.63414634146342,78.86178861788618,52.4390243902439,74.16666666666667,0.9800796812749004,0.6185080920646766,True,0.9780876494023903,81.4663951120163,True,True,True,True,True,True,True,True,True,True,True,True,True,True,,2024-07-02,672.4119781350009,630.1359071670277,42.27607096797328,2024-07-11,663.4464032263537,SMA20,-0.0133334550843578,2024-07-10,-0.2120720942927548,7,2024-07-01,502,493,493,408,82.75862068965517,484,419,86.57024793388429,0.9641434262948207,True,22727.599609375,19406.23626953125,STRONG_MOMENTUM,POINT_IN_TIME,502,493,484,STRONG_MOMENTUM,MOMENTUM_ENABLED,True,True,True,0.9820717131474104,21345.335078125,-0.2756931416360044,-0.3075036653076291,-0.33931418897925386,42.27607096797328,-0.21207209429275486
VBL-2024-01-04,VBL,2023-12-21,2024-01-04,8,512.4821166992188,19.620432532575244,15.87989083100152,478.6883381279183,1.7223768393073724,500.0599670410156,492.02327272779786,469.0532745361328,426.1463452148437,349.8598175048828,1901301351.6765747,91.22448979591836,86.73469387755102,81.42857142857143,86.48979591836735,0.9780439121756488,1.4869034707901467,True,0.9780439121756488,92.71428571428572,True,True,True,True,True,True,True,True,True,True,True,True,True,True,,2024-01-05,500.0599737267071,474.7183654201679,25.34160830653917,2024-01-18,493.709955669484,SMA20,-0.0126985129601543,2024-01-17,-0.2505767582077452,9,2024-01-04,501,491,491,431,87.78004073319755,489,446,91.20654396728015,0.9760479041916168,True,19541.25,16658.041723632814,STRONG_MOMENTUM,POINT_IN_TIME,501,491,489,STRONG_MOMENTUM,MOMENTUM_ENABLED,True,True,True,0.9800399201596807,18050.964921875,-0.3295078138341847,-0.3689733416474034,-0.408438869460622,25.34160830653917,-0.25057675820774744
VBL-2024-05-08,VBL,2024-05-02,2024-05-08,4,602.4871826171875,16.228450785447453,17.634314504308513,571.1871009102963,1.928716555924053,597.1248779296875,595.8140703634506,574.4392608642578,570.8685986328124,451.2295185852051,2621873178.5543213,46.10655737704918,80.32786885245902,84.42622950819673,71.29098360655738,0.9740518962075848,1.273496160540723,True,0.9740518962075848,71.65983606557378,True,True,True,True,True,True,True,True,True,True,True,True,True,True,,2024-05-09,593.848021802525,566.7785222842192,27.069499518305747,2024-05-10,581.4748882286193,SMA20,-0.0208355220858513,2024-05-09,-0.4570876371592433,1,2024-05-08,501,493,492,289,58.73983739837399,479,362,75.5741127348643,0.9560878243512974,True,20704.900390625,18561.658759765625,NORMAL,POINT_IN_TIME,501,492,479,NORMAL,MOMENTUM_ENABLED,True,True,True,0.9820359281437125,20407.4140625,-0.5448392442993657,-0.588715047869427,-0.6325908514394882,27.069499518305747,-0.4570876371592433
VEDL-2024-04-24,VEDL,2024-04-18,2024-04-24,4,329.9045104980469,11.696538925825385,11.759963287402975,315.1288812797207,1.2632479840427246,325.6162109375,325.40390505812246,282.7816589355469,250.95075775146483,215.6289571380616,6188921729.3506775,98.36065573770492,94.87704918032787,90.57377049180327,94.6311475409836,0.9740518962075848,0.524564974264859,True,0.9740518962075848,96.31147540983604,True,True,True,True,True,True,True,True,True,True,True,True,True,True,,2024-04-25,322.68653204493967,312.18889045786995,10.497641587069722,2024-06-05,364.28138702007874,SMA20,0.1289017385124281,2024-06-04,3.9623047357963497,27,2024-04-24,501,493,492,329,66.869918699187,479,378,78.91440501043841,0.9560878243512974,True,20730.650390625,18363.75826660156,STRONG_MOMENTUM,POINT_IN_TIME,501,492,479,STRONG_MOMENTUM,MOMENTUM_ENABLED,True,True,True,0.9820359281437125,20246.7561328125,3.839348915912995,3.777871005971318,3.7163930960296403,10.497641587069722,3.9623047357963497
VEDL-2024-05-10,VEDL,2024-05-03,2024-05-10,5,352.9595947265625,12.14671774011348,12.780205509466018,332.8765850645123,1.6533692551138977,348.7562255859375,346.8030793466026,332.21214447021487,275.3747311401367,221.9216534423828,4541465636.537231,99.18032786885246,98.5655737704918,94.26229508196722,97.45901639344262,0.9740518962075848,0.8170660702813747,True,0.9740518962075848,97.06967213114754,True,True,True,True,True,True,True,True,True,True,True,True,True,True,,2024-05-13,350.3271286396216,329.6815336871458,20.64559495247579,2024-06-04,329.6815336871458,STOP_INTRADAY,-0.0589323328531423,,-1.0,15,2024-05-10,501,493,492,250,50.81300813008131,480,346,72.08333333333333,0.9580838323353292,True,20469.099609375,18599.2830078125,NORMAL,POINT_IN_TIME,501,492,480,NORMAL,MOMENTUM_ENABLED,True,True,True,0.9820359281437125,20415.4470703125,-1.0678744554363373,-1.1018116831545057,-1.1357489108726744,20.64559495247579,-1.0
VEDL-2024-06-03,VEDL,2024-05-21,2024-06-03,9,417.5393676757813,15.67580317998043,15.692749916774904,380.1045933590601,2.3880610063112484,398.0578308105469,396.3190360376384,377.1132843017578,323.1785971069336,234.3180909729004,5093240800.874939,87.14285714285714,99.3877551020408,95.3061224489796,94.48979591836736,0.9780439121756488,1.092587754271844,True,0.9780439121756488,96.87755102040816,True,True,True,True,True,True,True,True,True,True,True,True,True,True,,2024-06-04,398.1882250572209,376.1814058798664,22.006819177354487,2024-06-04,376.1814058798664,STOP_INTRADAY,-0.0552673780702381,,-1.0,0,2024-06-03,501,493,493,303,61.4604462474645,480,347,72.29166666666667,0.9580838323353292,True,21797.400390625,18918.27002929688,STRONG_MOMENTUM,POINT_IN_TIME,501,493,480,STRONG_MOMENTUM,MOMENTUM_ENABLED,True,True,True,0.9840319361277445,20707.5680859375,-1.0723754254257636,-1.1085631381386454,-1.1447508508515272,22.006819177354487,-1.0
VEDL-2024-06-28,VEDL,2024-06-21,2024-06-28,5,408.8384704589844,16.397475621015282,16.029232243949398,370.4106924145096,2.343517925114345,394.7105712890625,387.8423135341223,390.98085632324216,371.3142077636719,252.125679397583,5343137124.956436,20.528455284552845,97.15447154471543,95.1219512195122,73.5569105691057,0.9800796812749004,1.108994964888035,True,0.9780876494023903,73.36048879837067,True,True,True,True,True,True,True,True,True,True,True,True,True,True,,2024-07-01,397.3188254079511,366.4033843535223,30.91544105442881,2024-07-11,397.3188391541676,SMA20,3.4597445577338135e-08,2024-07-10,4.4463918255936646e-07,8,2024-06-28,502,493,493,390,79.10750507099391,484,409,84.50413223140497,0.9641434262948207,True,22559.69921875,19377.443017578124,STRONG_MOMENTUM,POINT_IN_TIME,502,493,484,STRONG_MOMENTUM,MOMENTUM_ENABLED,True,True,True,0.9820717131474104,21299.2430859375,-0.051406724316735514,-0.07711030879469546,-0.10281389327265542,30.91544105442881,4.446391843980404e-07
VEDL-2024-07-15,VEDL,2024-07-05,2024-07-15,6,411.9683227539063,14.406890117620446,13.534133948646232,383.9734116615545,1.9431612835106191,399.4488525390625,395.0583323304838,398.7229187011719,386.74797790527344,263.55535217285154,4493715348.035614,52.94117647058824,82.75862068965517,93.30628803245436,76.97768762677485,0.9801192842942346,0.9193084212134092,True,0.9820717131474104,77.44421906693712,True,True,True,True,True,True,True,True,True,True,True,True,True,True,,2024-07-16,405.9259707669776,380.5898781743929,25.336092592584748,2024-07-18,399.0141700324041,SMA20,-0.0170272444542388,2024-07-16,-0.272804526164246,1,2024-07-15,503,493,493,411,83.36713995943205,484,422,87.19008264462809,0.9622266401590456,True,23209.849609375,19688.873515625,STRONG_MOMENTUM,POINT_IN_TIME,503,493,484,STRONG_MOMENTUM,MOMENTUM_ENABLED,True,True,True,0.9801192842942346,21791.5201171875,-0.3368911203039884,-0.36893441737385957,-0.40097771444373065,25.336092592584748,-0.27280452616424605
VEDL-2025-11-03,VEDL,2025-10-29,2025-11-03,3,507.72064208984375,11.577354291776045,12.58566913459458,483.1313142807352,2.123915981959329,504.5732116699219,499.065186940434,479.1527465820312,454.28576171875,421.05928970336913,5022062954.910049,84.78701825557809,94.7261663286004,84.17849898580123,88.58012170385396,0.9801192842942346,1.5676959455127315,True,0.9801192842942346,90.50709939148074,True,True,True,True,True,True,True,True,True,True,True,True,True,True,,2025-11-04,502.6060468586412,479.98489699708654,22.62114986155467,2025-11-21,501.6224857502151,SMA20,-0.0019569225531079,2025-11-20,-0.0434797132084648,12,2025-11-03,503,498,498,299,60.040160642570285,482,324,67.21991701244814,0.9582504970178928,True,23810.69921875,22353.247275390622,STRONG_MOMENTUM,POINT_IN_TIME,503,498,482,STRONG_MOMENTUM,MOMENTUM_ENABLED,True,True,True,0.9900596421471173,23223.1481640625,-0.13235336462489183,-0.1767901903331053,-0.22122701604131878,22.62114986155467,-0.04347971320846487
VIJAYA-2023-11-20,VIJAYA,2023-11-10,2023-11-20,5,628.1283569335938,25.68033938906045,27.46213442252608,582.1228018889452,1.7914699002866925,610.63330078125,602.9574211134028,582.0904174804688,534.0131237792968,447.1860298156738,116148061.08380128,66.93877551020408,88.36734693877551,86.73469387755102,81.44897959183673,0.9780439121756488,0.9568029969983955,True,0.9780439121756488,93.6122448979592,True,True,True,True,True,True,True,True,True,True,True,True,True,True,,2023-11-21,615.1192099378532,575.2572682833137,39.86194165453946,2023-11-24,588.0043539983528,SMA20,-0.0440806521751122,2023-11-23,-0.6802191467362328,3,2023-11-20,501,491,491,294,59.877800407331975,488,417,85.45081967213115,0.9740518962075848,True,17573.650390625,16083.1069921875,NORMAL,POINT_IN_TIME,501,491,488,NORMAL,MOMENTUM_ENABLED,True,True,True,0.9800399201596807,17263.731875,-0.7419441088837104,-0.7728065899574493,-0.8036690710311881,39.861941654539464,-0.6802191467362328
VIJAYA-2023-12-11,VIJAYA,2023-11-28,2023-12-11,9,639.39306640625,27.783830370604623,27.34226165741408,593.2378988732086,1.6612240615273026,621.25,620.7017605019635,615.1466491699218,573.9504620361328,460.9449653625488,123511891.82495116,45.51020408163266,87.75510204081633,84.89795918367346,74.22448979591836,0.9780439121756488,1.262096665498558,True,0.9780439121756488,87.9591836734694,True,True,True,True,True,True,True,True,True,True,True,True,True,True,,2023-12-12,621.0506079896367,586.4023334588551,34.64827453078158,2023-12-18,620.053761735984,SMA20,-0.0016050966552942,2023-12-15,-0.0287704443338735,4,2023-12-11,501,491,491,407,82.89205702647658,488,437,89.54918032786885,0.9740518962075848,True,18770.19921875,16308.349477539065,STRONG_MOMENTUM,POINT_IN_TIME,501,491,488,STRONG_MOMENTUM,MOMENTUM_ENABLED,True,True,True,0.9800399201596807,17462.4908203125,-0.1004681685524801,-0.13631703066178338,-0.17216589277108665,34.64827453078158,-0.02877044433387356
VIJAYA-2023-12-27,VIJAYA,2023-12-20,2023-12-27,4,672.4392700195312,28.073993521270086,27.44103865253728,621.7484049864937,1.80561646830302,647.2184448242188,644.7262754127299,625.7757781982422,601.11818359375,474.1689096069336,134992287.6026001,49.38775510204081,93.26530612244898,73.87755102040816,74.28571428571428,0.9780439121756488,1.3540810982165008,True,0.9780439121756488,87.46938775510203,True,True,True,True,True,True,True,True,True,True,True,True,True,True,,2023-12-28,647.2184693339599,614.8881453233594,32.33032401060052,2024-01-19,665.6605691467373,SMA20,0.0284943966938332,2024-01-18,0.5704273117315682,16,2023-12-27,501,491,491,413,84.11405295315683,489,439,89.77505112474438,0.9760479041916168,True,19296.94921875,16542.57321777344,STRONG_MOMENTUM,POINT_IN_TIME,501,491,489,STRONG_MOMENTUM,MOMENTUM_ENABLED,True,True,True,0.9800399201596807,17845.971875,0.49035159468997613,0.45031373616917997,0.41027587764838397,32.33032401060052,0.5704273117315682
VIJAYA-2024-01-05,VIJAYA,2024-01-02,2024-01-05,3,675.479736328125,28.29954678498723,26.197122174513407,649.660815285728,0.912343976338655,673.585693359375,668.1527593817669,641.8752410888671,615.3166137695313,483.5545803833008,175367037.08996582,76.73469387755102,82.85714285714286,71.0204081632653,77.46938775510205,0.9780439121756488,0.6352305114677469,True,0.9780439121756488,72.95918367346938,True,True,True,True,True,True,True,True,True,True,True,True,True,True,,2024-01-08,669.6979355946521,643.1115347420996,26.586400852552515,2024-01-19,665.6605691467373,SMA20,-0.0060286380371321,2024-01-18,-0.1518583305166397,9,2024-01-05,501,491,491,432,87.9837067209776,489,448,91.6155419222904,0.9760479041916168,True,19590.599609375,16683.722470703124,STRONG_MOMENTUM,POINT_IN_TIME,501,491,489,STRONG_MOMENTUM,MOMENTUM_ENABLED,True,True,True,0.9800399201596807,18098.6019140625,-0.25261629912002903,-0.3029952834217237,-0.3533742677234183,26.586400852552515,-0.15185833051663972
VIJAYA-2024-01-16,VIJAYA,2024-01-10,2024-01-16,4,683.1556396484375,26.19899380188807,23.260581361614125,663.7166967453364,0.7419728807180438,667.654296875,666.7571411132812,661.9970825195312,630.3145349121094,493.6367083740234,124100224.02978516,75.71428571428571,67.14285714285714,74.89795918367346,72.0408163265306,0.9780439121756488,0.4183904796594597,True,0.9780439121756488,78.83673469387755,True,True,True,True,True,True,True,True,True,True,True,True,True,True,,2024-01-17,668.9003853291896,657.9015514049329,10.9988339242567,2024-01-17,657.9015514049329,STOP_INTRADAY,-0.016443156807039,,-1.0,0,2024-01-16,501,491,491,405,82.4847250509165,489,433,88.5480572597137,0.9760479041916168,True,19827.55078125,16867.82098144531,STRONG_MOMENTUM,POINT_IN_TIME,501,491,489,STRONG_MOMENTUM,MOMENTUM_ENABLED,True,True,True,0.9800399201596807,18500.753984375,-1.2432622912339841,-1.3648934368509762,-1.4865245824679685,10.9988339242567,-1.0
VOLTAS-2024-01-10,VOLTAS,2024-01-04,2024-01-10,4,1001.6569213867188,22.114025448430745,22.38669554468126,973.1116331005928,1.2908228016962722,999.7308959960938,991.97721928024,939.639877319336,869.7357690429687,824.1345663452148,1576380401.1696167,91.42857142857144,61.224489795918366,62.04081632653061,70.53061224489797,0.9780439121756488,2.274635865557214,True,0.9780439121756488,70.59183673469389,True,True,True,True,True,True,True,True,True,True,True,True,True,True,,2024-01-11,1002.5458992259051,967.5149592144224,35.0309400114827,2024-01-24,994.644076392412,SMA20,-0.0078817566752746,2024-01-23,-0.225566965399813,8,2024-01-10,501,491,491,410,83.5030549898167,489,434,88.75255623721881,0.9760479041916168,True,19517.849609375,16760.65197265625,STRONG_MOMENTUM,POINT_IN_TIME,501,491,489,STRONG_MOMENTUM,MOMENTUM_ENABLED,True,True,True,0.9800399201596807,18262.404921875,-0.3400424432370976,-0.3972801821557383,-0.45451792107437894,35.0309400114827,-0.22556696539981624
VOLTAS-2024-01-19,VOLTAS,2024-01-15,2024-01-19,4,1047.8333740234375,23.43936455308891,24.06362199043657,1003.4348161326028,1.894187779292158,1038.202880859375,1037.116381158587,997.091177368164,900.3850207519531,831.9020416259766,1523103439.19635,74.89795918367346,74.28571428571429,68.77551020408164,72.81632653061224,0.9780439121756488,0.4719038344326738,True,0.9780439121756488,77.79591836734693,True,True,True,True,True,True,True,True,True,True,True,True,True,True,,2024-01-23,1022.2017484175032,997.4189106349936,24.782837782509542,2024-01-23,997.4189106349936,STOP_INTRADAY,-0.0242445660270846,,-1.0,0,2024-01-19,501,491,491,373,75.96741344195519,489,420,85.88957055214725,0.9760479041916168,True,19606.400390625,16945.638486328124,STRONG_MOMENTUM,POINT_IN_TIME,501,491,489,STRONG_MOMENTUM,MOMENTUM_ENABLED,True,True,True,0.9800399201596807,18649.9069921875,-1.1649854237659452,-1.2474781356489175,-1.32997084753189,24.782837782509546,-1.0
VOLTAS-2024-06-24,VOLTAS,2024-06-18,2024-06-24,4,1517.3013916015625,50.87175768206468,50.65019618138855,1451.2222144165155,1.2989363882023648,1494.040283203125,1483.0270558054103,1425.3388061523438,1373.7506591796875,1050.457748413086,2337008276.374512,79.42973523421588,85.33604887983707,93.0753564154786,85.88594704684317,0.9780876494023903,1.6776348544808128,True,0.9780876494023903,88.39103869653768,True,True,True,True,True,True,True,True,True,True,True,True,True,True,,2024-06-25,1493.0490017664636,1438.5596653711684,54.48933639529514,2024-07-01,1438.5596653711684,STOP_INTRADAY,-0.0364953436429932,,-1.0,4,2024-06-24,502,493,493,401,81.33874239350912,484,406,83.88429752066115,0.9641434262948207,True,22289.099609375,19265.68827148437,STRONG_MOMENTUM,POINT_IN_TIME,502,493,484,STRONG_MOMENTUM,MOMENTUM_ENABLED,True,True,True,0.9820717131474104,21159.7550390625,-1.1096030233097411,-1.1644045349646115,-1.219206046619482,54.48933639529514,-1.0
VTL-2024-07-25,VTL,2024-07-16,2024-07-25,6,547.3665161132812,24.360015479970183,25.46244796177768,499.0810016610866,1.9821627162715485,543.3958740234375,531.7779394193235,507.8435028076172,475.6559387207032,420.47024978637694,118149684.34191896,90.46653144016229,70.79107505070994,76.67342799188641,78.45841784989858,0.9801192842942346,1.3650195128806633,True,0.9801192842942346,76.89655172413794,True,True,True,True,True,True,True,True,True,True,True,True,True,True,,2024-07-26,546.0430038255489,492.7153896706422,53.32761415490671,2024-08-05,509.8166072593576,SMA20,-0.0663434863415354,2024-08-02,-0.679317781983653,6,2024-07-25,503,493,493,343,69.5740365111562,486,413,84.97942386831275,0.9662027833001988,True,22917.25,19882.60025390625,STRONG_MOMENTUM,POINT_IN_TIME,503,493,486,STRONG_MOMENTUM,MOMENTUM_ENABLED,True,True,True,0.9801192842942346,22120.0020703125,-0.7202753993440993,-0.7407542080243226,-0.7612330167045458,53.32761415490671,-0.679317781983653
WAAREEENER-2025-10-23,WAAREEENER,2025-10-16,2025-10-23,4,3625.3662109375,122.8710996966793,117.94036925803952,3488.0432428134613,1.1176181255237023,3565.5,3529.020422696804,3424.434033203125,3345.7851708984376,2813.3835595703126,5682045469.484009,76.67342799188641,91.48073022312371,74.64503042596348,81.98782961460446,0.9801192842942346,1.1623717913425955,True,0.9801192842942346,84.38133874239351,True,True,True,True,True,True,True,True,True,True,True,True,True,True,,2025-10-24,3569.0,3458.558150498952,110.44184950104818,2025-10-29,3458.558150498952,STOP_INTRADAY,-0.0309447602972956,,-1.0,3,2025-10-23,503,498,498,284,57.0281124497992,482,314,65.14522821576763,0.9582504970178928,True,23755.900390625,22300.83453125,NORMAL,POINT_IN_TIME,503,498,482,NORMAL,MOMENTUM_ENABLED,True,True,True,0.9900596421471173,23084.4841015625,-1.1292625944286139,-1.1938938916429207,-1.2585251888572275,110.44184950104818,-1.0
WELCORP-2023-08-22,WELCORP,2023-08-10,2023-08-22,7,329.7359619140625,10.678679508480968,10.811175757672205,304.53789863370866,2.359660973095187,317.6526794433594,316.8176888399251,317.28185577392577,294.2975427246094,234.1579611968994,290391796.4618683,43.55828220858896,87.32106339468302,93.86503067484662,76.15541922290389,0.9741035856573704,1.1543945473045325,True,0.9741035856573704,91.30879345603272,True,True,True,True,True,True,True,True,True,True,True,True,True,True,,2023-08-23,318.3894941534907,301.83510469429064,16.55438945920008,2023-08-24,316.8667845959442,SMA20,-0.0047825370670442,2023-08-23,-0.091982223886867,1,2023-08-22,502,492,491,336,68.43177189409369,483,401,83.02277432712215,0.9621513944223108,True,16905.25,15590.128012695312,STRONG_MOMENTUM,POINT_IN_TIME,502,491,483,STRONG_MOMENTUM,MOMENTUM_ENABLED,True,True,True,0.9780876494023905,16634.6630859375,-0.1689139633359583,-0.2073798330605039,-0.24584570278504952,16.55438945920008,-0.09198222388686707
WELCORP-2023-12-12,WELCORP,2023-12-05,2023-12-12,5,551.3118896484375,19.78949721737096,19.402657486312915,515.8479196682473,1.7920601817544102,536.6743774414062,532.0571961303694,526.48466796875,460.4849133300781,312.1828779602051,578418620.2772217,76.32653061224491,97.14285714285714,96.73469387755102,90.77551020408164,0.9780439121756488,0.7981915849265473,True,0.9780439121756488,96.89795918367348,True,True,True,True,True,True,True,True,True,True,True,True,True,True,,2023-12-13,538.4426412088754,510.9972552966691,27.445385912206348,2023-12-14,530.4854294936629,SMA20,-0.0147781975390128,2023-12-13,-0.2899289425430739,1,2023-12-12,501,491,491,401,81.67006109979633,488,434,88.9344262295082,0.9740518962075848,True,18686.80078125,16326.364731445312,STRONG_MOMENTUM,POINT_IN_TIME,501,491,488,STRONG_MOMENTUM,MOMENTUM_ENABLED,True,True,True,0.9800399201596807,17489.39484375,-0.3684037204793394,-0.40764110944747217,-0.4468784984156049,27.445385912206348,-0.28992894254307394
WELCORP-2024-12-16,WELCORP,2024-12-09,2024-12-16,5,798.2293090820312,26.44535270750696,24.789484791012864,768.3403256561896,1.1302168572460418,795.3543701171875,790.496876441745,758.0477020263672,732.3337512207031,631.8635382080079,380137927.1025696,81.57894736842105,91.09311740890688,93.52226720647774,88.96761133603239,0.988,0.729496369694545,True,0.988,84.61538461538461,True,True,True,True,True,True,True,True,True,True,True,True,True,True,,2024-12-17,795.0569722586398,762.1429544584364,32.9140178002034,2024-12-19,762.1429544584364,STOP_INTRADAY,-0.0413983135154447,,-1.0,2,2024-12-16,500,496,496,293,59.07258064516129,488,290,59.42622950819673,0.976,True,23352.44921875,22223.811494140624,NORMAL,POINT_IN_TIME,500,496,488,NORMAL,MOMENTUM_ENABLED,True,True,True,0.992,22916.50890625,-1.0966222935267085,-1.1449334402900626,-1.1932445870534167,32.914017800203396,-1.0
WELSPUNLIV-2023-08-31,WELSPUNLIV,2023-08-23,2023-08-31,6,124.05042266845705,4.261781890176736,4.118365820671371,118.4252175744295,1.3199185784221956,123.21157836914062,122.76748541808112,117.18422622680664,105.11625579833984,84.35089130401612,278225581.3688164,74.28571428571429,81.63265306122449,95.10204081632652,83.46938775510203,0.9760956175298804,1.5611821891741946,True,0.9741035856573704,91.92229038854803,True,True,True,True,True,True,True,True,True,True,True,True,True,True,,2023-09-01,123.21157756996332,117.39562611926164,5.815951450701689,2023-09-12,117.39562611926164,STOP_INTRADAY,-0.0472029622979156,,-1.0,7,2023-08-31,502,492,491,365,74.33808553971487,483,421,87.16356107660455,0.9621513944223108,True,16924.30078125,15638.749018554689,STRONG_MOMENTUM,POINT_IN_TIME,502,491,483,STRONG_MOMENTUM,MOMENTUM_ENABLED,True,True,True,0.9780876494023905,16749.742109375,-1.084740444355049,-1.1271106665325736,-1.1694808887100983,5.815951450701689,-1.0
WELSPUNLIV-2023-11-21,WELSPUNLIV,2023-11-15,2023-11-21,4,166.58480834960938,7.54459408165589,7.138139749024907,156.76538379963466,1.3015179403554529,163.1307373046875,162.4892562195591,149.26759033203126,133.08034439086913,99.82196578979492,865826746.0856323,94.28571428571428,94.48979591836736,92.6530612244898,93.87755102040816,0.9780439121756488,0.7764231659031637,True,0.9780439121756488,95.6122448979592,True,True,True,True,True,True,True,True,True,True,True,True,True,True,,2023-11-22,162.9333782901532,154.98084886237842,7.952529427774778,2023-11-29,154.98084886237842,STOP_INTRADAY,-0.0488084732007019,,-1.0,4,2023-11-21,501,491,491,308,62.72912423625255,488,420,86.0655737704918,0.9740518962075848,True,17627.599609375,16096.871240234375,STRONG_MOMENTUM,POINT_IN_TIME,501,491,488,STRONG_MOMENTUM,MOMENTUM_ENABLED,True,True,True,0.9800399201596807,17270.591875,-1.0819529835230017,-1.1229294752845025,-1.1639059670460035,7.952529427774778,-1.0
WELSPUNLIV-2026-02-09,WELSPUNLIV,2026-02-03,2026-02-09,4,146.52195739746094,6.353416571286799,6.818918136034268,136.9177223515864,1.5116646198329358,145.02285766601562,141.71484268098308,127.5078842163086,131.64050109863285,130.23710441589355,265716471.0555153,94.76861167002012,86.11670020120724,88.93360160965796,89.55734406438631,0.9920159680638724,2.405531559701097,True,0.9920159680638724,90.72434607645876,True,True,True,True,True,True,True,True,True,True,True,True,True,True,,2026-02-10,141.9147267552709,135.21299281757783,6.701733937693064,2026-02-12,135.21299281757783,STOP_INTRADAY,-0.0472236679795048,,-1.0,2,2026-02-09,501,498,449,231,51.44766146993318,443,186,41.98645598194131,0.8842315369261478,True,23683.400390625,23202.0137890625,NORMAL,POINT_IN_TIME,501,449,443,NORMAL,MOMENTUM_ENABLED,True,True,True,0.8962075848303394,23555.9149609375,-1.084703289073945,-1.1270549336109177,-1.1694065781478902,6.701733937693064,-1.0
WESTLIFE-2023-08-07,WESTLIFE,2023-08-01,2023-08-07,4,937.0933227539062,30.392032015738994,29.605288173771047,906.659162952164,1.0013861457496993,928.9874877929688,928.440517569992,900.9080230712892,860.1963781738282,757.7785025024414,102453326.08474731,68.50715746421268,69.73415132924336,73.00613496932516,70.3476482617587,0.9741035856573704,0.9006432420442833,True,0.9741035856573704,73.47648261758691,True,True,True,True,True,True,True,True,True,True,True,True,True,True,,2023-08-08,949.6016938650376,899.2578409087212,50.34385295631648,2023-08-22,920.3026348468665,SMA20,-0.030854050922044,2023-08-21,-0.5819788772145444,9,2023-08-07,502,491,491,370,75.35641547861506,482,405,84.02489626556017,0.9601593625498008,True,16956.349609375,15503.839248046876,STRONG_MOMENTUM,POINT_IN_TIME,502,491,482,STRONG_MOMENTUM,MOMENTUM_ENABLED,True,True,True,0.9780876494023905,16428.740078125,-0.6574281436573819,-0.6951527768788006,-0.7328774101002193,50.34385295631648,-0.5819788772145444
WHIRLPOOL-2024-07-25,WHIRLPOOL,2024-07-16,2024-07-25,6,2029.30029296875,70.35964680856947,69.17308414244096,1932.643429668756,1.3737542424420142,2012.1124267578125,1995.369058354356,1983.2611022949216,1761.9455297851562,1495.9687524414062,296860684.1937866,80.93306288032454,84.78701825557809,87.2210953346856,84.36105476673428,0.9801192842942346,4.84211397290016,True,0.9801192842942346,88.58012170385396,True,True,True,True,True,True,True,True,True,True,True,True,True,True,,2024-07-26,2035.9276091557065,1915.3501586331456,120.57745052256088,2024-08-06,1995.3279277623556,SMA20,-0.0199416134496981,2024-08-05,-0.3367103983157669,7,2024-07-25,503,493,493,343,69.5740365111562,486,413,84.97942386831275,0.9662027833001988,True,22917.25,19882.60025390625,STRONG_MOMENTUM,POINT_IN_TIME,503,493,486,STRONG_MOMENTUM,MOMENTUM_ENABLED,True,True,True,0.9801192842942346,22120.0020703125,-0.404249647166437,-0.438019271591773,-0.471788896017109,120.57745052256087,-0.33671039831576505
WHIRLPOOL-2024-08-08,WHIRLPOOL,2024-07-29,2024-08-08,8,2130.29736328125,72.14462576557045,71.55933234948144,1980.721959546756,2.073271600583669,2077.220458984375,2060.8320722757308,2039.486767578125,1877.249111328125,1518.238822631836,289342340.3469238,73.42799188640974,96.14604462474644,91.88640973630832,88.052738336714,0.9801192842942346,0.6057958351536333,True,0.9801192842942346,85.59837728194726,True,True,True,True,True,True,True,True,True,True,True,True,True,True,,2024-08-09,2084.201702920293,1962.8321264593856,121.3695764609074,2024-08-14,2029.9862575646357,SMA20,-0.0260125712783428,2024-08-13,-0.4466971619788116,3,2024-08-08,503,493,493,252,51.115618661257614,487,397,81.51950718685832,0.9681908548707754,True,22705.69921875,20175.52526367188,NORMAL,POINT_IN_TIME,503,493,487,NORMAL,MOMENTUM_ENABLED,True,True,True,0.9801192842942346,22505.3230078125,-0.5153865902093366,-0.549731304324601,-0.5840760184398653,121.36957646090741,-0.4466971619788079
WIPRO-2024-02-23,WIPRO,2024-02-16,2024-02-23,4,251.6304626464844,7.195575436093956,6.814641962985925,240.740363434254,1.5134438251601403,248.4561462402344,246.99637860554805,233.56219406127929,221.2772702026367,195.02048400878903,3335008964.170471,79.22606924643586,77.39307535641548,59.26680244399185,72.5050916496945,0.9800399201596808,1.5296187843189113,True,0.9780439121756488,75.93877551020407,True,True,True,True,True,True,True,True,True,True,True,True,True,True,,2024-02-26,248.50246298863345,239.03670294350752,9.465760045125933,2024-02-28,239.03670294350752,STOP_INTRADAY,-0.0380912121806973,,-1.0,2,2024-02-23,501,491,491,297,60.4887983706721,489,391,79.95910020449898,0.9760479041916168,True,20313.5,17498.107993164063,STRONG_MOMENTUM,POINT_IN_TIME,501,491,489,STRONG_MOMENTUM,MOMENTUM_ENABLED,True,True,True,0.9800399201596807,19558.3800390625,-1.10501109759975,-1.1575166463996251,-1.2100221951995,9.465760045125933,-1.0
WOCKPHARMA-2025-06-23,WOCKPHARMA,2025-06-11,2025-06-23,8,1831.0999755859373,81.33447667195226,87.73996021240869,1670.5,1.9745621064691683,1752.0999755859375,1739.9000244140625,1592.545007324219,1433.9210009765625,1316.043250427246,1422942604.428955,100.0,79.39393939393939,89.8989898989899,88.72727272727272,0.9840954274353876,0.6821617116521542,True,0.9801192842942346,94.05679513184585,True,True,True,True,True,True,True,True,True,True,True,True,True,True,,2025-06-24,1770.0,1648.5650099468978,121.43499005310218,2025-06-26,1648.5650099468978,STOP_INTRADAY,-0.068607339013052,,-1.0,2,2025-06-23,503,498,497,327,65.79476861167002,477,249,52.20125786163522,0.94831013916501,True,23001.5,22311.028994140623,NORMAL,POINT_IN_TIME,503,497,477,NORMAL,MOMENTUM_ENABLED,True,True,True,0.9880715705765407,22455.860078125,-1.0583028005100013,-1.0874542007650019,-1.1166056010200025,121.43499005310218,-1.0
YESBANK-2024-01-19,YESBANK,2024-01-16,2024-01-19,3,25.64999961853028,0.9993988547623192,0.9842125086353972,23.89999961853028,1.751052636953633,25.14999961853028,25.100000381469727,23.54250011444092,21.49899997711181,17.85524998664856,8179094886.75691,91.42857142857144,92.44897959183672,73.46938775510205,86.44897959183673,0.9780439121756488,0.5883399190151011,True,0.9780439121756488,87.79591836734694,True,True,True,True,True,True,True,True,True,True,True,True,True,True,,2024-01-23,25.450000762939453,23.653946491371425,1.7960542715680283,2024-01-24,23.653946491371425,STOP_INTRADAY,-0.0705718749597626,,-1.0,1,2024-01-19,501,491,491,373,75.96741344195519,489,420,85.88957055214725,0.9760479041916168,True,19606.400390625,16945.638486328124,STRONG_MOMENTUM,POINT_IN_TIME,501,491,489,STRONG_MOMENTUM,MOMENTUM_ENABLED,True,True,True,0.9800399201596807,18649.9069921875,-1.0566798034242486,-1.0850197051363728,-1.1133596068484972,1.7960542715680283,-1.0
ZEEL-2025-07-03,ZEEL,2025-06-23,2025-07-03,8,146.58349609375,6.071251299209025,5.35225900035641,136.92617955576043,1.5906632853836489,140.9810791015625,140.52073475805375,135.16269607543944,124.75836349487304,117.5753392791748,2038628259.441658,89.738430583501,92.5553319919517,81.28772635814889,88.32997987927564,0.9920159680638724,0.8670649861368902,True,0.9840954274353876,92.32323232323232,True,True,True,True,True,True,True,True,True,True,True,True,True,True,,2025-07-04,141.92134193475508,135.58811480567132,6.3332271290837525,2025-07-11,132.03876276884196,STOP_GAP,-0.0696342004041674,,-1.560433403774492,5,2025-07-03,501,498,497,384,77.2635814889336,478,290,60.66945606694561,0.9540918163672656,True,23521.849609375,22303.18198242188,STRONG_MOMENTUM,POINT_IN_TIME,501,497,478,STRONG_MOMENTUM,MOMENTUM_ENABLED,True,True,True,0.9920159680638723,22776.78203125,-1.650069438637677,-1.6948874560692695,-1.7397054735008621,6.3332271290837525,-1.560433403774492
ZFCVINDIA-2026-01-05,ZFCVINDIA,2025-12-19,2026-01-05,9,2590.010498046875,90.8859452213012,75.8050475771395,2404.4987321261306,2.0411491069277616,2515.472900390625,2512.3120422368897,2462.747766113281,2297.7604052734373,2221.7268310546874,271999083.36621094,54.12474849094567,81.48893360160966,78.67203219315896,72.43460764587526,0.9920159680638724,0.6437722307910227,True,0.9920159680638724,92.1529175050302,True,True,True,True,True,True,True,True,True,True,True,True,True,True,,2026-01-06,2515.4730531417463,2385.5474702318456,129.92558290990064,2026-01-09,2412.4850084181585,SMA20,-0.0409418199073764,2026-01-08,-0.7926694836921132,3,2026-01-05,501,498,498,265,53.21285140562249,492,263,53.45528455284553,0.9820359281437124,True,24058.44921875,22938.61780273437,NORMAL,POINT_IN_TIME,501,498,492,NORMAL,MOMENTUM_ENABLED,True,True,True,0.9940119760479041,23760.1180859375,-0.8701129862511481,-0.9088347375306656,-0.947556488810183,129.92558290990064,-0.7926694836921132
ZYDUSLIFE-2023-08-16,ZYDUSLIFE,2023-08-09,2023-08-16,4,651.8445434570312,13.254695757152444,14.94388816295949,627.2604900567271,1.8547429417260053,647.7554931640625,647.4597368982422,626.21865234375,579.4632025146484,482.1529006958008,755579518.3754883,79.75460122699386,80.98159509202453,82.61758691206545,81.1042944785276,0.9741035856573704,1.522789319728263,True,0.9741035856573704,85.97137014314927,True,True,True,True,True,True,True,True,True,True,True,True,True,True,,2023-08-17,648.3465674455302,623.5245180159873,24.82204942954297,2023-08-24,638.5918177096656,SMA20,-0.0150455793639782,2023-08-23,-0.3929872818742595,5,2023-08-16,502,491,491,326,66.39511201629328,483,391,80.95238095238095,0.9621513944223108,True,16853.05078125,15558.881508789062,STRONG_MOMENTUM,POINT_IN_TIME,502,491,483,STRONG_MOMENTUM,MOMENTUM_ENABLED,True,True,True,0.9780876494023905,16561.9891015625,-0.49746641753722765,-0.5497059853687117,-0.6019455532001958,24.82204942954297,-0.3929872818742595
ZYDUSLIFE-2024-04-05,ZYDUSLIFE,2024-03-26,2024-04-05,7,1002.1290283203124,27.65005799300231,26.57359025797776,959.1686755287532,1.5537165528705856,991.7337646484376,976.4611901271788,974.8970092773436,890.9780004882813,684.8916775512695,1165172519.3935547,75.15400410677618,92.81314168377824,87.47433264887063,85.91375770020534,0.9720558882235528,1.56877949175375,True,0.9800399201596808,95.4175152749491,True,True,True,True,True,True,True,True,True,True,True,True,True,True,,2024-04-08,996.9067336295682,952.5252779642587,44.38145566530943,2024-04-10,980.1069834557932,SMA20,-0.0168518775197854,2024-04-09,-0.3785308508234971,2,2024-04-05,501,493,492,334,67.88617886178862,479,381,79.54070981210856,0.9560878243512974,True,20715.099609375,18115.07103515625,STRONG_MOMENTUM,POINT_IN_TIME,501,492,479,STRONG_MOMENTUM,MOMENTUM_ENABLED,True,True,True,0.9820359281437125,20036.3541796875,-0.4683797950444794,-0.5133042671549694,-0.5582287392654592,44.38145566530943,-0.3785308508234997
ZYDUSLIFE-2024-07-24,ZYDUSLIFE,2024-07-15,2024-07-24,6,1170.571044921875,32.673693529568375,33.63398517260266,1106.721651380109,1.954152917667077,1162.146484375,1141.9964761805895,1121.3563354492187,1072.7771447753903,841.1430050659179,1933963150.227478,78.49898580121703,73.02231237322515,95.131845841785,81.29817444219067,0.9801192842942346,0.5904952988701724,True,0.9801192842942346,75.45638945233264,True,True,True,True,True,True,True,True,True,True,True,True,True,True,,2024-07-25,1158.6976937596394,1098.3131550869584,60.38453867268095,2024-08-14,1173.2931040422573,SMA20,0.0125963919331365,2024-08-13,0.2417077384946737,14,2024-07-24,503,493,493,356,72.21095334685599,486,414,85.18518518518519,0.9662027833001988,True,22921.44921875,19854.3767578125,STRONG_MOMENTUM,POINT_IN_TIME,503,493,486,STRONG_MOMENTUM,MOMENTUM_ENABLED,True,True,True,0.9801192842942346,22071.8770703125,0.16495314407503595,0.12657584686521706,0.08819854965539818,60.38453867268095,0.2417077384946737
