Entry_ID,Symbol,Leader_Date,Signal_Date,Pullback_Age,Leader_Close,ATR14_Seed,ATR14_Signal,Pullback_Low,Pullback_Depth_ATR,Close,Prior_High,SMA20,SMA50,SMA200,Median_Traded_Value_20,RS21,RS63,RS126,Composite_RS,RS_Coverage,Resumption_Volume_Ratio,Seed_Membership_OK,Seed_RS_Coverage,Seed_Composite_RS,Seed_RS_Coverage_OK,Seed_Liquidity_OK,Seed_Trend_OK,Seed_RS_OK,Signal_Membership_OK,Signal_RS_Coverage_OK,Signal_Liquidity_OK,Signal_Trend_OK,Signal_RS_OK,Age_OK,Depth_OK,Resumption_OK,Not_New_Leader_OK,Signal_Qualified,Signal_Rejection_Reason,Entry_Date,Entry_Open,Structural_Stop,Initial_Risk,Exit_Date,Exit_Price,Exit_Reason,Return,Exit_Signal_Date,Holding_Sessions,Breadth_Matched_Date,Member_Count,Covered_Member_Count,SMA50_Denominator,Above_SMA50_Count,Pct_Above_SMA50,SMA200_Denominator,Above_SMA200_Count,Pct_Above_SMA200,Coverage_200_Sessions,Coverage_OK,Nifty500_Close,Nifty500_SMA200,Regime,Universe_Method,Universe_Member_Count,Eligible_Count_50,Eligible_Count_200,Momentum_Regime,M1_Regime,DATA_SAFE,INDEX_TREND_OK,BREADTH_OK,SMA50_Breadth_Coverage,Nifty500_SMA50,Base_Net_Return,Stress_Net_Return,Severe_Net_Return
360ONE-2024-01-08,360ONE,2023-12-29,2024-01-08,5,688.0885620117188,25.8392851935368,24.62282448603426,624.3057765056211,2.4684423360926284,651.8351440429688,644.5650827987873,647.7614471435547,582.1755621337891,482.63027099609377,351614143.94140625,56.93877551020409,86.3265306122449,73.26530612244898,73.59183673469389,0.9780439121756488,1.5572950739807636,True,0.9780439121756488,90.89795918367346,True,True,True,True,True,True,True,True,True,True,True,True,True,True,,2024-01-09,654.1130915807823,618.1500703841125,35.96302119666984,2024-01-15,649.16943359375,SMA20,-0.0075578031546274,2024-01-12,4,2024-01-08,501,491,491,413,84.11405295315683,489,439,89.77505112474438,0.9760479041916168,True,19417.69921875,16709.01821777344,STRONG_MOMENTUM,POINT_IN_TIME,501,491,489,STRONG_MOMENTUM,MOMENTUM_ENABLED,True,True,True,0.9800399201596807,18149.1819140625,-0.0115578031546274,-0.013557803154627401,-0.0155578031546274
360ONE-2024-05-03,360ONE,2024-04-25,2024-05-03,5,818.88427734375,41.69373844425685,37.32331024088816,750.3281330289548,1.6442791381361146,776.6597290039062,776.4636234247895,746.525732421875,709.4836877441406,588.1720486450196,585211073.9543457,86.0655737704918,84.8360655737705,73.15573770491804,81.70081967213115,0.9740518962075848,0.925500537137116,True,0.9740518962075848,87.31557377049181,True,True,True,True,True,True,True,True,True,True,True,True,True,True,,2024-05-06,784.5052817843949,740.9973054687327,43.50797631566218,2024-05-08,736.3042077099601,SMA20,-0.0614413633580632,2024-05-07,2,2024-05-03,501,493,492,350,71.13821138211382,479,374,78.07933194154488,0.9560878243512974,True,20959.55078125,18499.69776367188,STRONG_MOMENTUM,POINT_IN_TIME,501,492,479,STRONG_MOMENTUM,MOMENTUM_ENABLED,True,True,True,0.9820359281437125,20372.7720703125,-0.0654413633580632,-0.06744136335806321,-0.0694413633580632
360ONE-2024-07-15,360ONE,2024-07-10,2024-07-15,3,988.7345581054688,42.12604970418057,45.43639166912799,908.415810264412,1.906628995718196,968.336181640625,950.9289286140012,905.7017669677734,820.8654553222656,669.0376193237305,611207260.9077454,96.55172413793105,87.0182555780933,85.39553752535497,89.39148073022312,0.9801192842942346,0.7306655549155207,True,0.9820717131474104,91.4604462474645,True,True,True,True,True,True,True,True,True,True,True,True,True,True,,2024-07-16,952.3017815287484,897.0567123471301,55.24506918161819,2024-08-07,982.9193692188592,SMA20,0.0321511397794087,2024-08-06,15,2024-07-15,503,493,493,411,83.36713995943205,484,422,87.19008264462809,0.9622266401590456,True,23209.849609375,19688.873515625,STRONG_MOMENTUM,POINT_IN_TIME,503,493,484,STRONG_MOMENTUM,MOMENTUM_ENABLED,True,True,True,0.9801192842942346,21791.5201171875,0.0281511397794087,0.0261511397794087,0.0241511397794087
360ONE-2024-12-09,360ONE,2024-12-03,2024-12-09,4,1137.22705078125,41.900361989183374,39.94023801168582,1083.7920872310838,1.2752864417725205,1119.4317626953125,1109.4526738355585,1074.400421142578,1044.8971057128906,904.1659201049804,389781588.0377197,82.99595141700405,71.05263157894737,90.08097165991904,80.34412955465586,0.988,1.7320166473077183,True,0.988,81.88259109311741,True,True,True,True,True,True,True,True,True,True,True,True,True,True,,2024-12-10,1120.8082309451293,1073.8070277281622,47.00120321696704,2025-01-08,1174.8823236349454,SMA20,0.0482456241815941,2025-01-07,20,2024-12-09,500,496,496,295,59.4758064516129,488,300,61.47540983606557,0.976,True,23292.0,22143.2292578125,NORMAL,POINT_IN_TIME,500,496,488,NORMAL,MOMENTUM_ENABLED,True,True,True,0.992,23008.859921875,0.0442456241815941,0.0422456241815941,0.0402456241815941
3MINDIA-2024-07-22,3MINDIA,2024-07-09,2024-07-22,8,38783.078125,1167.9789114855223,1170.063717224618,35874.19335550703,2.4905285026021886,37210.45703125,37194.851916969375,37045.3484375,33668.2580078125,30827.7128125,241169925.75,71.6024340770791,87.2210953346856,47.05882352941176,70.4868154158215,0.9801192842942346,0.448307550926635,True,0.9820717131474104,71.41987829614604,True,True,True,True,True,True,True,True,True,True,True,True,True,True,,2024-07-23,37309.49521963069,35581.67742620088,1727.8177934298146,2024-07-26,36766.814508333846,SMA20,-0.0145453780090626,2024-07-25,3,2024-07-22,503,493,493,364,73.83367139959432,484,409,84.50413223140497,0.9622266401590456,True,22942.650390625,19798.26501953125,STRONG_MOMENTUM,POINT_IN_TIME,503,493,484,STRONG_MOMENTUM,MOMENTUM_ENABLED,True,True,True,0.9801192842942346,21972.422109375,-0.0185453780090626,-0.0205453780090626,-0.022545378009062603
AAVAS-2024-06-18,AAVAS,2024-06-12,2024-06-18,3,1907.449951171875,72.66147453457624,72.80671924352109,1822.1500244140625,1.1739360824176803,1900.449951171875,1868.0,1674.257501220703,1614.052001953125,1547.2722479248048,431809371.7429199,87.37270875763747,85.74338085539715,57.43380855397149,77.73930753564154,0.9780876494023903,1.5046402539692048,True,0.9800399201596808,79.85743380855398,True,True,True,True,True,True,True,True,True,True,True,True,True,True,,2024-06-19,1914.949951171875,1803.9483446031825,111.00160656869276,2024-07-05,1780.050048828125,SMA20,-0.0704456543426612,2024-07-04,12,2024-06-18,502,493,493,422,85.59837728194725,483,411,85.09316770186336,0.9621513944223108,True,22329.599609375,19157.73802734375,STRONG_MOMENTUM,POINT_IN_TIME,502,493,483,STRONG_MOMENTUM,MOMENTUM_ENABLED,True,True,True,0.9820717131474104,21034.7400390625,-0.0744456543426612,-0.0764456543426612,-0.07844565434266121
ABB-2024-05-30,ABB,2024-05-21,2024-05-30,7,8337.0703125,245.61317568810972,214.3157367244156,7907.846507861668,1.7475601764270934,8059.48681640625,8043.688909563592,7619.311206054687,6718.563203125,4990.28701171875,2655673198.383789,97.75510204081633,97.75510204081633,95.10204081632652,96.95918367346938,0.9780439121756488,0.8965512410460735,True,0.9780439121756488,97.3877551020408,True,True,True,True,True,True,True,True,True,True,True,True,True,True,,2024-05-31,8121.264193671889,7854.267573680564,266.99661999132513,2024-06-05,7655.129234188374,SMA20,-0.057396847137017,2024-06-04,3,2024-05-30,501,493,492,270,54.87804878048781,480,342,71.25,0.9580838323353292,True,21038.55078125,18873.31702148437,NORMAL,POINT_IN_TIME,501,492,480,NORMAL,MOMENTUM_ENABLED,True,True,True,0.9820359281437125,20644.3850390625,-0.061396847137017,-0.063396847137017,-0.065396847137017
ABB-2024-06-27,ABB,2024-06-14,2024-06-27,8,8796.0859375,338.2998705036578,315.76632492195614,8031.254794193189,2.260808265070091,8428.4921875,8225.607122947127,8142.919750976563,7521.176591796875,5361.09818359375,3558515691.306885,45.21384928716905,90.4276985743381,94.29735234215886,78.0244399185336,0.9780876494023903,1.5010302560266535,True,0.9780876494023903,87.92260692464359,True,True,True,True,True,True,True,True,True,True,True,True,True,True,,2024-06-28,8503.532499520972,7952.3132129627,551.219286558272,2024-07-11,8371.931752260238,SMA20,-0.0154760092077201,2024-07-10,9,2024-06-27,502,493,493,384,77.89046653144015,484,406,83.88429752066115,0.9641434262948207,True,22537.400390625,19349.281025390625,STRONG_MOMENTUM,POINT_IN_TIME,502,493,484,STRONG_MOMENTUM,MOMENTUM_ENABLED,True,True,True,0.9820717131474104,21257.6241015625,-0.0194760092077201,-0.021476009207720102,-0.0234760092077201
ABCAPITAL-2024-06-28,ABCAPITAL,2024-06-20,2024-06-28,6,243.0200042724609,9.33924617886918,8.269310852334094,232.759994506836,1.0985907822880956,238.7100067138672,238.3999938964844,233.1405029296875,226.1342013549805,189.73505043029783,1724764378.3321917,47.96747967479675,83.73983739837398,81.30081300813008,72.27642276422763,0.9800796812749004,1.0598670666415249,True,0.9780876494023903,75.21384928716904,True,True,True,True,True,True,True,True,True,True,True,True,True,True,,2024-07-01,239.3999938964844,230.6926667937524,8.707327102731966,2024-07-08,236.00999450683597,SMA20,-0.0141603988140212,2024-07-05,5,2024-06-28,502,493,493,390,79.10750507099391,484,409,84.50413223140497,0.9641434262948207,True,22559.69921875,19377.443017578124,STRONG_MOMENTUM,POINT_IN_TIME,502,493,484,STRONG_MOMENTUM,MOMENTUM_ENABLED,True,True,True,0.9820717131474104,21299.2430859375,-0.0181603988140212,-0.0201603988140212,-0.022160398814021202
ABCAPITAL-2025-10-15,ABCAPITAL,2025-10-06,2025-10-15,7,304.04998779296875,8.254336695242637,7.877462457530682,289.8999938964844,1.7142496628032733,303.5,302.3999938964844,294.0800018310547,286.50800170898435,225.56830039978027,1433627900.069809,81.54158215010142,88.64097363083164,95.53752535496956,88.58012170385396,0.9801192842942346,0.7206629510517663,True,0.9840319361277444,89.20892494929006,True,True,True,True,True,True,True,True,True,True,True,True,True,True,,2025-10-16,303.5,287.9306282821017,15.56937171789832,2025-11-24,325.6499938964844,SMA20,0.0729818579785317,2025-11-21,25,2025-10-15,503,498,498,258,51.80722891566265,481,294,61.12266112266113,0.956262425447316,True,23377.349609375,22268.92327148437,NORMAL,POINT_IN_TIME,503,498,481,NORMAL,MOMENTUM_ENABLED,True,True,True,0.9900596421471173,22985.8830859375,0.0689818579785317,0.06698185797853169,0.0649818579785317
ABFRL-2024-07-01,ABFRL,2024-06-18,2024-07-01,9,330.5,13.578164477311018,11.721322656117696,307.04998779296875,1.7270384554713558,322.5,321.25,316.7375,285.86099884033206,241.0454995727539,1468124041.3789978,56.09756097560976,93.90243902439023,77.03252032520325,77.5,0.9800796812749004,0.9594953985214284,True,0.9780876494023903,87.0264765784114,True,True,True,True,True,True,True,True,True,True,True,True,True,True,,2024-07-02,324.45001220703125,304.1196571289393,20.33035507809194,2024-07-09,323.8999938964844,SMA20,-0.0016952328243276,2024-07-08,5,2024-07-01,502,493,493,408,82.75862068965517,484,419,86.57024793388429,0.9641434262948207,True,22727.599609375,19406.23626953125,STRONG_MOMENTUM,POINT_IN_TIME,502,493,484,STRONG_MOMENTUM,MOMENTUM_ENABLED,True,True,True,0.9820717131474104,21345.335078125,-0.0056952328243276,-0.0076952328243276,-0.0096952328243276
ABREL-2023-11-28,ABREL,2023-11-21,2023-11-28,4,1236.840576171875,34.178055731265154,36.39039599124355,1172.2098284867868,1.8910012960733087,1227.53662109375,1198.3806058433322,1162.9232482910156,1124.206988525391,880.871926574707,156721628.1973877,74.89795918367346,84.89795918367346,84.28571428571429,81.71428571428572,0.9780439121756488,2.137763411761758,True,0.9780439121756488,81.0,True,True,True,True,True,True,True,True,True,True,True,True,True,True,,2023-11-29,1237.7859350772842,1163.112229488976,74.67370558830817,2023-12-15,1236.6416345226012,SMA20,-0.0009244737092699,2023-12-14,12,2023-11-28,501,491,491,322,65.58044806517312,488,417,85.45081967213115,0.9740518962075848,True,17741.80078125,16152.749487304687,STRONG_MOMENTUM,POINT_IN_TIME,501,491,488,STRONG_MOMENTUM,MOMENTUM_ENABLED,True,True,True,0.9800399201596807,17283.902890625,-0.0049244737092699,-0.0069244737092699,-0.0089244737092699
ABREL-2024-04-18,ABREL,2024-04-10,2024-04-18,4,1831.7022705078125,75.08860927166526,77.1347231795932,1685.5740934424027,1.946076488601998,1797.8197021484375,1795.8294134246278,1625.9859436035156,1513.5130029296874,1225.093727722168,378238804.6934815,96.1065573770492,77.25409836065575,84.6311475409836,85.12295081967214,0.9740518962075848,1.4934068915619063,True,0.9740518962075848,90.98360655737706,True,True,True,True,True,True,True,True,True,True,True,True,True,True,,2024-04-19,1796.1280290201955,1666.2904126475044,129.83761637269117,2024-05-08,1847.8724530444897,SMA20,0.0288088728577557,2024-05-07,12,2024-04-18,501,493,492,256,52.03252032520326,479,361,75.36534446764091,0.9560878243512974,True,20324.69921875,18274.34001953125,NORMAL,POINT_IN_TIME,501,492,479,NORMAL,MOMENTUM_ENABLED,True,True,True,0.9820359281437125,20191.3971484375,0.0248088728577557,0.0228088728577557,0.0208088728577557
ABREL-2024-06-03,ABREL,2024-05-24,2024-06-03,6,2214.71044921875,95.64889254386058,93.9787773206246,1990.2689261473467,2.3465146025447576,2103.95751953125,2084.6526876386806,2059.7508544921875,1860.395576171875,1388.2345724487304,568155929.0859375,68.9795918367347,92.85714285714286,88.9795918367347,84.53061224489797,0.9780439121756488,0.9440168120616768,True,0.9780439121756488,92.40816326530611,True,True,True,True,True,True,True,True,True,True,True,True,True,True,,2024-06-04,2072.761536875371,1966.7742318171904,105.98730505818024,2024-06-05,1847.8724487517395,SMA20,-0.1084973278993999,2024-06-04,1,2024-06-03,501,493,493,303,61.4604462474645,480,347,72.29166666666667,0.9580838323353292,True,21797.400390625,18918.27002929688,STRONG_MOMENTUM,POINT_IN_TIME,501,493,480,STRONG_MOMENTUM,MOMENTUM_ENABLED,True,True,True,0.9840319361277445,20707.5680859375,-0.11249732789939991,-0.11449732789939991,-0.1164973278993999
ABREL-2024-06-24,ABREL,2024-06-18,2024-06-24,4,2347.305419921875,123.17112277344576,119.08115304305716,2180.827721968309,1.351596820788716,2318.0498046875,2299.590969650432,2131.3098388671874,2024.6561865234376,1467.9363806152344,583296296.9749756,66.80244399185335,95.11201629327904,94.90835030549898,86.55804480651732,0.9780876494023903,2.8951449567804484,True,0.9780876494023903,88.43177189409369,True,True,True,True,True,True,True,True,True,True,True,True,True,True,,2024-06-25,2321.532796209046,2151.057433707545,170.47536250150097,2024-07-09,2249.438945627097,SMA20,-0.0310544183134844,2024-07-08,10,2024-06-24,502,493,493,401,81.33874239350912,484,406,83.88429752066115,0.9641434262948207,True,22289.099609375,19265.68827148437,STRONG_MOMENTUM,POINT_IN_TIME,502,493,484,STRONG_MOMENTUM,MOMENTUM_ENABLED,True,True,True,0.9820717131474104,21159.7550390625,-0.035054418313484395,-0.0370544183134844,-0.0390544183134844
ABREL-2024-09-10,ABREL,2024-08-27,2024-09-10,10,2505.181640625,98.16679984749555,103.28799471010537,2275.987250948496,2.3347444353138083,2478.40234375,2425.791462546549,2317.006396484375,2268.6200537109376,1785.1614208984374,831060549.1514893,86.61257606490872,73.22515212981745,95.53752535496956,83.93509127789048,0.9820717131474104,4.2049521399072445,True,0.9801192842942346,77.54563894523326,True,True,True,True,True,True,True,True,True,True,True,True,True,True,,2024-09-11,2491.8170347730243,2250.165252270969,241.65178250205508,2024-10-08,2650.248564726216,SMA20,0.0635807235211485,2024-10-07,18,2024-09-10,502,494,493,279,56.5922920892495,489,403,82.41308793456032,0.9741035856573704,True,23643.650390625,20868.0712890625,NORMAL,POINT_IN_TIME,502,493,489,NORMAL,MOMENTUM_ENABLED,True,True,True,0.9820717131474104,23182.3839453125,0.0595807235211485,0.05758072352114851,0.055580723521148505
ACC-2024-03-01,ACC,2024-02-16,2024-03-01,9,2686.210205078125,76.20503730235455,72.98309920518936,2524.074222662307,2.1276281484191126,2661.573974609375,2628.544600999126,2592.658728027344,2399.72587890625,2021.438582763672,980817023.170166,75.15274949083503,90.22403258655804,68.63543788187373,79.22606924643584,0.9800399201596808,0.7794961086927846,True,0.9780439121756488,84.14285714285715,True,True,True,True,True,True,True,True,True,True,True,True,True,True,,2024-03-04,2675.941232718875,2505.8284478610094,170.1127848578658,2024-03-07,2608.7957209702527,SMA20,-0.0250922968440527,2024-03-06,3,2024-03-01,501,491,491,284,57.841140529531565,490,378,77.14285714285715,0.9780439121756488,True,20349.80078125,17618.16326171875,NORMAL,POINT_IN_TIME,501,491,490,NORMAL,MOMENTUM_ENABLED,True,True,True,0.9800399201596807,19692.01109375,-0.0290922968440527,-0.0310922968440527,-0.033092296844052696
ACE-2024-04-08,ACE,2024-04-01,2024-04-08,5,1600.4444580078125,100.2864005778531,87.77205154570593,1547.5912003907354,0.5270231787414361,1583.856201171875,1583.4576725361123,1389.210498046875,1229.3165026855468,860.5479646301269,760005698.9854736,92.40246406570844,99.17864476386036,98.76796714579056,97.02258726899385,0.9720558882235528,0.597378302563532,True,0.9680638722554892,99.5257731958763,True,True,True,True,True,True,True,True,True,True,True,True,True,True,,2024-04-09,1600.4942370667354,1525.648187504309,74.84604956242651,2024-04-18,1442.432538313427,SMA20,-0.0987580555385143,2024-04-16,5,2024-04-08,501,493,492,332,67.47967479674797,479,382,79.74947807933194,0.9560878243512974,True,20819.099609375,18139.52103515625,STRONG_MOMENTUM,POINT_IN_TIME,501,492,479,STRONG_MOMENTUM,MOMENTUM_ENABLED,True,True,True,0.9820359281437125,20060.6081640625,-0.1027580555385143,-0.1047580555385143,-0.10675805553851431
ADANIENT-2024-02-14,ADANIENT,2024-02-07,2024-02-14,5,3225.545654296875,95.83283569777238,95.24703078347538,3087.929589452688,1.4360011768637064,3202.926025390625,3189.7436823345943,3081.420556640625,2979.1954833984373,2513.4255578613283,7192241785.944458,63.06122448979592,87.95918367346938,61.836734693877546,72.6530612244898,0.9780439121756488,0.7398993659968569,True,0.9780439121756488,71.3469387755102,True,True,True,True,True,True,True,True,True,True,True,True,True,True,,2024-02-15,3215.5590333419186,3064.1178317568188,151.44120158509986,2024-03-07,3235.6822714736563,SMA20,0.0062580838737778,2024-03-06,15,2024-02-14,501,491,491,281,57.23014256619145,489,380,77.70961145194273,0.9760479041916168,True,19922.30078125,17346.2194921875,NORMAL,POINT_IN_TIME,501,491,489,NORMAL,MOMENTUM_ENABLED,True,True,True,0.9800399201596807,19359.1840234375,0.0022580838737778003,0.0002580838737778002,-0.0017419161262221998
ADANIENT-2024-03-01,ADANIENT,2024-02-26,2024-03-01,4,3323.315185546875,87.03340385411967,86.54238349132864,3201.0785994141256,1.4044789784119582,3314.3271484375,3300.3460399377336,3228.881323242188,3071.822885742188,2594.753080444336,5323397401.544556,71.28309572301426,87.78004073319755,66.80244399185335,76.5376782077393,0.9800399201596808,0.6960781169205866,True,0.9800399201596808,78.35030549898167,True,True,True,True,True,True,True,True,True,True,True,True,True,True,,2024-03-04,3330.555802931704,3179.4430035412934,151.1127993904106,2024-03-07,3235.6822714736563,SMA20,-0.0284857954863076,2024-03-06,3,2024-03-01,501,491,491,284,57.841140529531565,490,378,77.14285714285715,0.9780439121756488,True,20349.80078125,17618.16326171875,NORMAL,POINT_IN_TIME,501,491,490,NORMAL,MOMENTUM_ENABLED,True,True,True,0.9800399201596807,19692.01109375,-0.0324857954863076,-0.0344857954863076,-0.0364857954863076
ADANIGREEN-2024-01-23,ADANIGREEN,2024-01-10,2024-01-23,8,1723.25,74.61701626645183,73.21614570992577,1562.75,2.1509838912194827,1680.9000244140625,1619.1500244140625,1647.6525085449218,1392.2240087890625,1067.9677529907226,1747248338.0046997,77.75510204081633,99.3877551020408,90.6122448979592,90.26530612244898,0.9780439121756488,1.44942758629152,True,0.9780439121756488,92.08163265306122,True,True,True,True,True,True,True,True,True,True,True,True,True,True,,2024-01-24,1687.949951171875,1544.4459635725186,143.50398759935638,2024-01-25,1647.0,SMA20,-0.0242601690550392,2024-01-24,1,2024-01-23,501,491,491,308,62.72912423625255,489,400,81.79959100204499,0.9760479041916168,True,19206.44921875,16970.611733398437,STRONG_MOMENTUM,POINT_IN_TIME,501,491,489,STRONG_MOMENTUM,MOMENTUM_ENABLED,True,True,True,0.9800399201596807,18690.2799609375,-0.0282601690550392,-0.0302601690550392,-0.0322601690550392
ADANIGREEN-2024-03-01,ADANIGREEN,2024-02-27,2024-03-01,3,1979.5,75.33018867680617,80.22701144168731,1855.949951171875,1.6401133595748647,1969.550048828125,1947.3499755859373,1882.3075073242187,1736.2950048828125,1190.9407537841796,3227812481.914551,94.29735234215886,99.18533604887983,95.72301425661914,96.68024439918533,0.9800399201596808,0.5573583488179936,True,0.9800399201596808,95.19348268839104,True,True,True,True,True,True,True,True,True,True,True,True,True,True,,2024-03-04,1977.550048828125,1835.8931983114533,141.65685051667174,2024-03-13,1897.0999755859373,SMA20,-0.0406816875708715,2024-03-12,6,2024-03-01,501,491,491,284,57.841140529531565,490,378,77.14285714285715,0.9780439121756488,True,20349.80078125,17618.16326171875,NORMAL,POINT_IN_TIME,501,491,490,NORMAL,MOMENTUM_ENABLED,True,True,True,0.9800399201596807,19692.01109375,-0.0446816875708715,-0.046681687570871495,-0.0486816875708715
ADANIPORTS-2024-02-09,ADANIPORTS,2024-02-06,2024-02-09,3,1256.229248046875,38.97149541290925,38.15627852685244,1215.772604058811,1.038108585760419,1254.6505126953125,1247.7431416323502,1187.048309326172,1089.5901513671874,838.7791400146484,5512495501.582947,64.89795918367346,91.22448979591836,83.6734693877551,81.06122448979592,0.9780439121756488,0.7783257115724167,True,0.9780439121756488,85.57142857142857,True,True,True,True,True,True,True,True,True,True,True,True,True,True,,2024-02-12,1261.0643077576965,1206.233534427098,54.83077333059828,2024-03-13,1289.680060440218,SMA20,0.0226917473648932,2024-03-12,21,2024-02-09,501,491,491,309,62.93279022403259,489,385,78.7321063394683,0.9760479041916168,True,19961.5,17272.512490234374,STRONG_MOMENTUM,POINT_IN_TIME,501,491,489,STRONG_MOMENTUM,MOMENTUM_ENABLED,True,True,True,0.9800399201596807,19244.2530078125,0.0186917473648932,0.0166917473648932,0.0146917473648932
ADANIPOWER-2023-09-21,ADANIPOWER,2023-09-11,2023-09-21,7,79.68000030517578,3.575297778183953,3.4210629114693094,72.87999725341797,1.901940334382952,76.48999786376953,74.76000213623047,70.92200050354003,60.88680015563965,50.62245015144348,6968659932.991123,83.06122448979592,94.89795918367348,96.12244897959184,91.71428571428572,0.9780439121756488,1.2820457755880317,True,0.9780439121756488,95.63265306122447,True,True,True,True,True,True,True,True,True,True,True,True,True,True,,2023-09-22,77.05999755859375,72.02473152555064,5.035266033043115,2023-10-04,73.45999908447266,SMA20,-0.0467168256965461,2023-10-03,7,2023-09-21,501,491,491,344,70.06109979633402,488,439,89.95901639344262,0.9740518962075848,True,17303.5,15762.172509765624,STRONG_MOMENTUM,POINT_IN_TIME,501,491,488,STRONG_MOMENTUM,MOMENTUM_ENABLED,True,True,True,0.9800399201596807,17039.1070703125,-0.050716825696546106,-0.0527168256965461,-0.0547168256965461
ADANIPOWER-2023-11-24,ADANIPOWER,2023-11-09,2023-11-24,10,80.22000122070312,3.60292480176586,2.856068588898531,76.01000213623047,1.1684948524069272,79.44000244140625,78.0999984741211,76.76650009155273,73.72419998168945,54.02015015602112,5052019365.565395,94.89795918367348,83.26530612244898,83.87755102040816,86.9387755102041,0.9780439121756488,0.7023640263225668,True,0.9780439121756488,94.26530612244898,True,True,True,True,True,True,True,True,True,True,True,True,True,True,,2023-11-28,81.4000015258789,75.29598498900583,6.104016536873075,2024-01-02,105.0,SMA20,0.289926265746053,2024-01-01,24,2023-11-24,501,491,491,312,63.54378818737271,488,414,84.8360655737705,0.9740518962075848,True,17643.5,16138.237485351565,STRONG_MOMENTUM,POINT_IN_TIME,501,491,488,STRONG_MOMENTUM,MOMENTUM_ENABLED,True,True,True,0.9800399201596807,17278.277890625,0.285926265746053,0.283926265746053,0.281926265746053
ADANIPOWER-2023-12-14,ADANIPOWER,2023-12-07,2023-12-14,5,112.4800033569336,5.711855512486975,5.642940925932879,99.5999984741211,2.254959855804278,105.79000091552734,104.0,92.13850059509278,80.01180023193359,58.32925017356872,5264679089.789486,98.16326530612244,91.83673469387756,94.48979591836736,94.53061224489797,0.9780439121756488,0.267043895529422,True,0.9780439121756488,97.89795918367346,True,True,True,True,True,True,True,True,True,True,True,True,True,True,,2023-12-15,107.4000015258789,98.18926324263788,9.210738283241028,2024-01-02,105.0,SMA20,-0.0223463826050375,2024-01-01,11,2023-12-14,501,491,491,414,84.31771894093686,489,441,90.1840490797546,0.9760479041916168,True,18973.849609375,16365.27822265625,STRONG_MOMENTUM,POINT_IN_TIME,501,491,489,STRONG_MOMENTUM,MOMENTUM_ENABLED,True,True,True,0.9800399201596807,17554.63984375,-0.0263463826050375,-0.028346382605037503,-0.0303463826050375
ADANIPOWER-2024-02-07,ADANIPOWER,2024-01-29,2024-02-07,7,114.08999633789062,4.256009040694623,3.9882084761382735,109.0,1.1959552456824405,113.94000244140624,110.9800033569336,108.6025005340576,104.85180038452148,71.0281001853943,819363047.4035072,49.18367346938776,85.10204081632654,94.08163265306122,77.0204081632653,0.9780439121756488,1.8473104767651785,True,0.9780439121756488,89.16326530612245,True,True,True,True,True,True,True,True,True,True,True,True,True,True,,2024-02-08,114.4000015258789,108.00294788096544,6.39705364491347,2024-02-21,111.0,SMA20,-0.0297202926619697,2024-02-20,9,2024-02-07,501,491,491,345,70.26476578411406,489,402,82.20858895705521,0.9760479041916168,True,20109.55078125,17221.53673828125,STRONG_MOMENTUM,POINT_IN_TIME,501,491,489,STRONG_MOMENTUM,MOMENTUM_ENABLED,True,True,True,0.9800399201596807,19150.93,-0.0337202926619697,-0.0357202926619697,-0.037720292661969704
ADANIPOWER-2024-05-30,ADANIPOWER,2024-05-23,2024-05-30,5,142.27000427246094,5.435580891574043,5.281884356620057,133.2100067138672,1.6667947252221176,139.67999267578125,136.8000030517578,128.69199981689454,120.70879974365236,96.42620008468629,3517506306.64711,92.85714285714286,85.3061224489796,92.85714285714286,89.83673469387756,0.9780439121756488,1.605693478472103,True,0.9780439121756488,88.14285714285714,True,True,True,True,True,True,True,True,True,True,True,True,True,True,,2024-05-31,141.16000366210938,131.88953562471218,9.270468037397194,2024-06-24,145.58999633789062,SMA20,0.031382775296501,2024-06-21,15,2024-05-30,501,493,492,270,54.87804878048781,480,342,71.25,0.9580838323353292,True,21038.55078125,18873.31702148437,NORMAL,POINT_IN_TIME,501,492,480,NORMAL,MOMENTUM_ENABLED,True,True,True,0.9820359281437125,20644.3850390625,0.027382775296501,0.025382775296501,0.023382775296501
AEGISLOG-2024-02-28,AEGISLOG,2024-02-20,2024-02-28,6,453.8128356933594,21.182923357218336,21.70705994416414,406.4891839876587,2.23404725153644,434.3524169921875,420.00456369384256,403.1064163208008,373.7706719970704,345.11922805786133,310178463.18122864,96.13034623217924,76.78207739307535,49.287169042769854,74.33808553971487,0.9800399201596808,2.933548763457017,True,0.9780439121756488,80.97959183673468,True,True,True,True,True,True,True,True,True,True,True,True,True,True,,2024-02-29,429.8472925975158,401.0624190016177,28.78487359589809,2024-03-12,397.6748167277335,SMA20,-0.0748462917501885,2024-03-11,7,2024-02-28,501,491,491,253,51.5274949083503,490,374,76.32653061224491,0.9780439121756488,True,20020.400390625,17570.397250976563,NORMAL,POINT_IN_TIME,501,491,490,NORMAL,MOMENTUM_ENABLED,True,True,True,0.9800399201596807,19645.5920703125,-0.07884629175018851,-0.08084629175018851,-0.08284629175018851
AEGISLOG-2026-08-18,AEGISLOG,2026-08-06,2026-08-18,8,1400.0,77.97858195709105,72.48604869428279,1241.5,2.032609416868046,1367.699951171875,1298.9000244140625,1321.0150085449218,1228.0352795410156,834.7370886230469,1187034146.3399048,42.2,100.0,98.8,82.3,1.0,3.4199001915910783,True,1.0,95.56,True,True,True,True,True,True,True,True,True,True,True,True,True,True,,2026-08-19,1372.0999755859375,1223.3784878264294,148.72148775950814,2026-08-26,1328.0,SMA20,-0.0321404973184298,2026-08-25,5,2026-08-18,500,500,500,271,54.2,420,240,57.14285714285714,0.84,True,23472.400390625,23083.2990625,NORMAL,POINT_IN_TIME,500,500,420,NORMAL,MOMENTUM_ENABLED,True,True,True,1.0,23231.9100390625,-0.036140497318429804,-0.0381404973184298,-0.0401404973184298
AFFLE-2024-09-05,AFFLE,2024-08-26,2024-09-05,8,1701.050048828125,61.71349938486019,53.55933324051518,1590.0,1.799445015029698,1628.5,1625.0,1605.144989013672,1488.108994140625,1235.5334973144531,571580793.5828857,71.39959432048681,92.69776876267748,83.36713995943205,83.50912778904664,0.9820717131474104,0.5465880705128833,True,0.9801192842942346,90.18255578093306,True,True,True,True,True,True,True,True,True,True,True,True,True,True,,2024-09-06,1638.4000244140625,1576.6101666898712,61.78985772419128,2024-09-10,1587.1500244140625,SMA20,-0.0312805171120089,2024-09-09,2,2024-09-05,502,494,493,302,61.257606490872206,489,410,83.84458077709611,0.9741035856573704,True,23762.80078125,20773.62978515625,STRONG_MOMENTUM,POINT_IN_TIME,502,493,489,STRONG_MOMENTUM,MOMENTUM_ENABLED,True,True,True,0.9820717131474104,23120.591953125,-0.0352805171120089,-0.0372805171120089,-0.0392805171120089
AFFLE-2025-06-26,AFFLE,2025-06-16,2025-06-26,8,1961.0999755859373,66.80538669091126,57.39028837419151,1884.5,1.1466137594613874,1956.5999755859373,1952.0,1877.9299926757808,1727.2819995117188,1620.0047521972656,579385805.4645996,91.12903225806453,85.28225806451613,70.76612903225806,82.68145161290323,0.9860834990059644,1.046779163141174,True,0.9801192842942346,84.07707910750506,True,True,True,True,True,True,True,True,True,True,True,True,True,True,,2025-06-27,1961.9000244140625,1870.152427906452,91.7475965076103,2025-07-17,1953.0,SMA20,-0.0045364311653549,2025-07-16,14,2025-06-26,503,499,497,385,77.46478873239437,478,281,58.78661087866108,0.9502982107355864,True,23517.55078125,22304.24849609375,NORMAL,POINT_IN_TIME,503,497,478,NORMAL,MOMENTUM_ENABLED,True,True,True,0.9880715705765407,22606.6320703125,-0.0085364311653549,-0.0105364311653549,-0.0125364311653549
AIIL-2026-08-13,AIIL,2026-08-07,2026-08-13,4,596.5999755859375,22.87193524901396,23.19837391122072,547.1500244140625,2.162036164998624,579.0999755859375,567.7999877929688,560.2649993896484,533.6730010986328,521.2378507995605,158407766.66201782,93.8,72.8,70.39999999999999,78.38,1.0,0.8721886500976873,True,1.0,85.38,True,True,True,True,True,True,True,True,True,True,True,True,True,True,,2026-08-14,579.7999877929688,541.3504309362573,38.44955685671141,2026-08-18,552.5,SMA20,-0.0470851817311815,2026-08-17,2,2026-08-13,500,500,500,290,57.99999999999999,420,252,60.0,0.84,True,23658.099609375,23086.29630859375,NORMAL,POINT_IN_TIME,500,500,420,NORMAL,MOMENTUM_ENABLED,True,True,True,1.0,23162.01,-0.0510851817311815,-0.0530851817311815,-0.0550851817311815
AJANTPHARM-2024-05-24,AJANTPHARM,2024-05-14,2024-05-24,7,2367.8154296875,77.68987739986778,61.58434253233084,2301.5369899166426,0.853115515033239,2352.666259765625,2348.150577555365,2279.14560546875,2159.714782714844,1924.171513671875,263028949.006836,83.6734693877551,71.0204081632653,56.53061224489796,70.46938775510203,0.9780439121756488,0.5787471468425057,True,0.9740518962075848,76.10655737704917,True,True,True,True,True,True,True,True,True,True,True,True,True,True,,2024-05-27,2365.873417159544,2286.14090428356,79.73251287598396,2024-06-03,2274.44288918991,SMA20,-0.0386455705138293,2024-05-31,5,2024-05-24,501,493,492,336,68.29268292682927,480,364,75.83333333333333,0.9580838323353292,True,21483.75,18786.948759765623,STRONG_MOMENTUM,POINT_IN_TIME,501,492,480,STRONG_MOMENTUM,MOMENTUM_ENABLED,True,True,True,0.9820359281437125,20551.7060546875,-0.042645570513829306,-0.0446455705138293,-0.0466455705138293
ALKEM-2023-12-13,ALKEM,2023-12-07,2023-12-13,4,4760.09033203125,104.9886537749253,107.1217198628059,4557.984743032208,1.9250231499521475,4756.05029296875,4685.956153716875,4488.934741210937,3969.48615234375,3540.8068359375,1178759681.6513672,75.10204081632654,93.26530612244898,73.46938775510205,81.87755102040816,0.9780439121756488,1.1941529320923083,True,0.9780439121756488,86.73469387755102,True,True,True,True,True,True,True,True,True,True,True,True,True,True,,2023-12-14,4770.312044799793,4531.204313066506,239.10773173328653,2024-01-12,4938.003664647983,SMA20,0.0351531762017527,2024-01-11,20,2023-12-13,501,491,491,410,83.5030549898167,489,441,90.1840490797546,0.9760479041916168,True,18751.44921875,16345.1022265625,STRONG_MOMENTUM,POINT_IN_TIME,501,491,489,STRONG_MOMENTUM,MOMENTUM_ENABLED,True,True,True,0.9800399201596807,17521.01484375,0.0311531762017527,0.0291531762017527,0.0271531762017527
ALKYLAMINE-2025-07-15,ALKYLAMINE,2025-07-07,2025-07-15,6,2384.539306640625,86.46107618452778,84.13565517464265,2185.164884389208,2.305944258962336,2293.1552734375,2256.860266213768,2236.782122802734,2002.2118383789064,1889.821423339844,284213391.79296875,96.37826961770624,85.3118712273642,89.93963782696177,90.02012072434607,0.994,0.3518067242122392,True,0.9920159680638724,95.57344064386318,True,True,True,True,True,True,True,True,True,True,True,True,True,True,,2025-07-16,2293.1553150682025,2164.130970595548,129.02434447265523,2025-07-21,2242.2424664089813,SMA20,-0.0222020934756035,2025-07-18,3,2025-07-15,500,497,497,370,74.44668008048289,479,310,64.71816283924844,0.958,True,23449.150390625,22285.705234375,STRONG_MOMENTUM,POINT_IN_TIME,500,497,479,STRONG_MOMENTUM,MOMENTUM_ENABLED,True,True,True,0.994,23003.283984375,-0.0262020934756035,-0.0282020934756035,-0.0302020934756035
AMBER-2023-09-15,AMBER,2023-09-07,2023-09-15,6,3043.35009765625,112.0203851359472,111.2683417856935,2797.35009765625,2.1960288719009133,2974.60009765625,2947.0,2924.2800048828126,2603.216005859375,2126.1360003662107,482287700.7988281,42.6530612244898,90.20408163265309,80.0,72.87755102040816,0.9780439121756488,0.9171826625386996,True,0.9780439121756488,89.46938775510205,True,True,True,True,True,True,True,True,True,True,True,True,True,True,,2023-09-18,2980.0,2769.5330122098267,210.4669877901733,2023-09-22,2946.5,SMA20,-0.011241610738255,2023-09-21,3,2023-09-15,501,491,491,409,83.29938900203666,488,452,92.62295081967213,0.9740518962075848,True,17665.80078125,15738.055517578125,STRONG_MOMENTUM,POINT_IN_TIME,501,491,488,STRONG_MOMENTUM,MOMENTUM_ENABLED,True,True,True,0.9800399201596807,16987.11109375,-0.015241610738255,-0.017241610738255,-0.019241610738254998
AMBER-2025-01-02,AMBER,2024-12-26,2025-01-02,4,7867.7001953125,327.8440432635892,344.2151401483669,7120.89990234375,2.277913258800059,7544.39990234375,7449.0,6504.0875,6308.52001953125,4716.675246582031,2469076300.107422,98.98785425101214,100.0,97.36842105263158,98.90688259109312,0.988,0.644620526020983,True,0.988,99.27125506072872,True,True,True,True,True,True,True,True,True,True,True,True,True,True,,2025-01-03,7700.0,7034.846117306658,665.153882693342,2025-01-14,7184.0,SMA20,-0.067012987012987,2025-01-13,7,2025-01-02,500,496,496,249,50.201612903225815,488,240,49.18032786885246,0.976,True,22819.75,22349.360478515624,NORMAL,POINT_IN_TIME,500,496,488,NORMAL,MOMENTUM_ENABLED,True,True,True,0.992,22703.5589453125,-0.071012987012987,-0.073012987012987,-0.075012987012987
AMBUJACEM-2024-02-14,AMBUJACEM,2024-02-09,2024-02-14,3,569.55126953125,18.22036356065985,18.343509721779988,546.1247315849441,1.2857338366665103,564.3124389648438,563.4228000061868,547.7482971191406,525.9492767333984,450.8740878295898,1730727327.389923,74.6938775510204,80.61224489795919,55.10204081632652,71.18367346938776,0.9780439121756488,0.6720533839759839,True,0.9780439121756488,70.0408163265306,True,True,True,True,True,True,True,True,True,True,True,True,True,True,,2024-02-15,567.2778967043857,541.5388541544992,25.73904254988656,2024-03-13,582.5495302373403,SMA20,0.026920903531894,2024-03-12,18,2024-02-14,501,491,491,281,57.23014256619145,489,380,77.70961145194273,0.9760479041916168,True,19922.30078125,17346.2194921875,NORMAL,POINT_IN_TIME,501,491,489,NORMAL,MOMENTUM_ENABLED,True,True,True,0.9800399201596807,19359.1840234375,0.022920903531894,0.020920903531894,0.018920903531894
ANANDRATHI-2024-04-19,ANANDRATHI,2024-04-15,2024-04-19,3,1034.16357421875,47.09640074125984,45.40070280222783,998.0347628128576,0.7671246812336782,1030.4334716796875,1025.196409567674,931.7162902832032,914.0810522460938,576.7129504394532,307104671.1533203,86.27049180327869,97.54098360655738,98.97540983606558,94.59016393442624,0.9740518962075848,1.4220640488077965,True,0.9740518962075848,88.77049180327869,True,True,True,True,True,True,True,True,True,True,True,True,True,True,,2024-04-22,1038.733683659484,986.6845871123004,52.04909654718358,2024-05-09,987.4368787725872,SMA20,-0.0493839813744914,2024-05-08,12,2024-04-19,501,493,492,251,51.016260162601625,479,359,74.94780793319416,0.9560878243512974,True,20385.19921875,18295.06126464844,NORMAL,POINT_IN_TIME,501,492,479,NORMAL,MOMENTUM_ENABLED,True,True,True,0.9820359281437125,20203.554140625,-0.05338398137449139,-0.055383981374491395,-0.0573839813744914
ANANTRAJ-2026-08-12,ANANTRAJ,2026-08-04,2026-08-12,6,630.4000244140625,19.96281577944285,19.83757649528633,593.2999877929688,1.8584570949804755,614.6500244140625,613.0,608.6223785400391,568.1304541015625,541.573614654541,1649845278.5378418,75.2,90.2,61.4,77.06,1.0,0.6227925987009005,True,1.0,76.5,True,True,True,True,True,True,True,True,True,True,True,True,True,True,,2026-08-13,614.0,588.3405936691472,25.65940633085279,2026-08-25,614.0,SMA20,0.0,2026-08-24,8,2026-08-12,500,500,500,287,57.4,420,243,57.85714285714286,0.84,True,23672.44921875,23085.996064453124,NORMAL,POINT_IN_TIME,500,500,420,NORMAL,MOMENTUM_ENABLED,True,True,True,1.0,23137.885,-0.004,-0.006,-0.008
ANGELONE-2023-09-08,ANGELONE,2023-09-04,2023-09-08,4,183.43869018554688,5.821651598508325,5.876239951082275,173.2264236161476,1.7541871746526283,179.12472534179688,177.330457600559,171.62684020996093,162.0169235229492,131.83556594848633,592935997.1005249,60.81632653061224,76.12244897959184,90.81632653061224,75.93877551020408,0.9780439121756488,1.1082765056349149,True,0.9760956175298804,94.46938775510203,True,True,True,True,True,True,True,True,True,True,True,True,True,True,,2023-09-11,179.40152122743717,171.75736362837702,7.644157599060151,2023-09-13,169.12244990692034,SMA20,-0.0572964557389983,2023-09-12,2,2023-09-08,501,491,491,414,84.31771894093686,487,451,92.60780287474331,0.9720558882235528,True,17487.44921875,15688.051762695311,STRONG_MOMENTUM,POINT_IN_TIME,501,491,487,STRONG_MOMENTUM,MOMENTUM_ENABLED,True,True,True,0.9800399201596807,16885.0370703125,-0.06129645573899831,-0.06329645573899831,-0.06529645573899831
ANGELONE-2023-12-12,ANGELONE,2023-12-06,2023-12-12,4,301.6229553222656,12.672594932869222,12.225083593758354,282.2366940390888,1.5297783434152248,294.3177185058594,291.53867043015407,288.23640594482424,246.71602478027344,165.3278715133667,2149497895.2755737,74.08163265306122,98.36734693877553,97.75510204081633,90.89795918367346,0.9780439121756488,0.9932659730117576,True,0.9780439121756488,88.26530612244898,True,True,True,True,True,True,True,True,True,True,True,True,True,True,,2023-12-13,294.4233609114292,279.1804231406492,15.242937770780031,2024-01-17,325.4251286835945,SMA20,0.1052965623250646,2024-01-16,24,2023-12-12,501,491,491,401,81.67006109979633,488,434,88.9344262295082,0.9740518962075848,True,18686.80078125,16326.364731445312,STRONG_MOMENTUM,POINT_IN_TIME,501,491,488,STRONG_MOMENTUM,MOMENTUM_ENABLED,True,True,True,0.9800399201596807,17489.39484375,0.10129656232506459,0.09929656232506459,0.09729656232506459
ANGELONE-2023-12-22,ANGELONE,2023-12-18,2023-12-22,4,322.0940246582031,13.244792448802553,13.379074789274574,299.9862654352232,1.669166150276571,316.0511474609375,315.09115187715935,299.0330337524414,266.75678619384763,173.7286014175415,2027076766.324616,70.61224489795919,99.3877551020408,97.3469387755102,90.14285714285714,0.9780439121756488,0.3342191734964453,True,0.9780439121756488,91.30612244897958,True,True,True,True,True,True,True,True,True,True,True,True,True,True,,2023-12-26,316.78548153306974,296.6414967379045,20.14398479516524,2024-01-17,325.4251286835945,SMA20,0.027272863354449,2024-01-16,16,2023-12-22,501,491,491,401,81.67006109979633,489,438,89.57055214723927,0.9760479041916168,True,19054.69921875,16496.604721679687,STRONG_MOMENTUM,POINT_IN_TIME,501,491,489,STRONG_MOMENTUM,MOMENTUM_ENABLED,True,True,True,0.9800399201596807,17773.596875,0.023272863354449,0.021272863354449,0.019272863354449
APARINDS-2023-09-11,APARINDS,2023-08-28,2023-09-11,10,4987.0908203125,214.24450210124823,158.87095783393775,4792.001818047195,0.9105904718764224,4970.7880859375,4865.41285041553,4806.703796386719,4077.863403320313,2709.226294555664,695710861.0686035,95.3061224489796,97.14285714285714,97.95918367346938,96.83673469387756,0.9780439121756488,1.1044011761793164,True,0.9760956175298804,99.10204081632654,True,True,True,True,True,True,True,True,True,True,True,True,True,True,,2023-09-12,5013.322899320252,4752.284078588711,261.0388207315409,2023-09-14,4870.056980611973,SMA20,-0.0285770379417819,2023-09-13,2,2023-09-11,501,491,491,431,87.78004073319755,487,455,93.42915811088297,0.9720558882235528,True,17653.349609375,15699.04951171875,STRONG_MOMENTUM,POINT_IN_TIME,501,491,487,STRONG_MOMENTUM,MOMENTUM_ENABLED,True,True,True,0.9800399201596807,16909.5040625,-0.0325770379417819,-0.0345770379417819,-0.036577037941781895
APARINDS-2024-05-24,APARINDS,2024-05-14,2024-05-24,7,8204.8955078125,342.67943178800203,310.6338863228199,7642.501772535044,1.6411657167255354,7931.35595703125,7879.631756427535,7788.119360351562,7114.705751953125,5766.103175048828,890779456.2937012,59.795918367346935,88.57142857142857,71.22448979591837,74.73469387755102,0.9780439121756488,0.959458686575832,True,0.9740518962075848,91.14754098360656,True,True,True,True,True,True,True,True,True,True,True,True,True,True,,2024-05-27,7933.924565259115,7564.84330095434,369.0812643047757,2024-05-29,7706.7241988335745,SMA20,-0.0286365675091493,2024-05-28,2,2024-05-24,501,493,492,336,68.29268292682927,480,364,75.83333333333333,0.9580838323353292,True,21483.75,18786.948759765623,STRONG_MOMENTUM,POINT_IN_TIME,501,492,480,STRONG_MOMENTUM,MOMENTUM_ENABLED,True,True,True,0.9820359281437125,20551.7060546875,-0.0326365675091493,-0.0346365675091493,-0.0366365675091493
APLAPOLLO-2023-08-31,APLAPOLLO,2023-08-25,2023-08-31,4,1677.32373046875,55.48892681770331,56.03987538761063,1590.7704400570765,1.559829958435231,1658.5186767578125,1628.1333793086892,1561.065692138672,1450.411535644531,1233.3949505615235,1361286226.6083984,66.12244897959184,93.6734693877551,69.79591836734694,78.24489795918367,0.9760956175298804,0.8348440518658458,True,0.9760956175298804,85.57142857142858,True,True,True,True,True,True,True,True,True,True,True,True,True,True,,2023-09-01,1677.6778944533282,1576.7604712101736,100.91742324315464,2023-09-13,1613.1518564880555,SMA20,-0.0384615176599786,2023-09-12,8,2023-08-31,502,492,491,365,74.33808553971487,483,421,87.16356107660455,0.9621513944223108,True,16924.30078125,15638.749018554689,STRONG_MOMENTUM,POINT_IN_TIME,502,491,483,STRONG_MOMENTUM,MOMENTUM_ENABLED,True,True,True,0.9780876494023905,16749.742109375,-0.042461517659978604,-0.0444615176599786,-0.0464615176599786
APLAPOLLO-2026-02-18,APLAPOLLO,2026-02-11,2026-02-18,5,2280.800048828125,54.6717105482213,51.58321426830231,2199.0,1.4962043076368734,2243.89990234375,2237.800048828125,2141.7599853515626,1976.049990234375,1785.0548022460937,2166055751.833374,93.77510040160642,98.79518072289156,95.38152610441767,96.26506024096383,0.994011976047904,0.4921186906000152,True,0.9920159680638724,96.96177062374244,True,True,True,True,True,True,True,True,True,True,True,True,True,True,,2026-02-19,2250.0,2186.1041964329243,63.89580356707575,2026-03-05,2126.0,SMA20,-0.0551111111111111,2026-03-04,9,2026-02-18,501,499,449,232,51.67037861915368,444,181,40.76576576576576,0.8862275449101796,True,23645.80078125,23254.83354492188,NORMAL,POINT_IN_TIME,501,449,444,NORMAL,MOMENTUM_ENABLED,True,True,True,0.8962075848303394,23518.3460546875,-0.0591111111111111,-0.061111111111111095,-0.06311111111111109
APLLTD-2024-03-01,APLLTD,2024-02-22,2024-03-01,6,1040.3031005859375,39.17953345140777,38.65768127116597,975.208840971951,1.661435292350262,1016.6456298828124,997.372678266768,977.8732971191406,886.9427880859375,733.4669412231445,160098883.05322266,84.31771894093686,88.59470468431772,71.4867617107943,82.17922606924643,0.9800399201596808,0.6217594039325257,True,0.9800399201596808,79.77596741344195,True,True,True,True,True,True,True,True,True,True,True,True,True,True,,2024-03-04,1005.0818371038348,965.5444206541596,39.53741644967545,2024-03-05,971.2578673239028,SMA20,-0.0336529509650641,2024-03-04,1,2024-03-01,501,491,491,284,57.841140529531565,490,378,77.14285714285715,0.9780439121756488,True,20349.80078125,17618.16326171875,NORMAL,POINT_IN_TIME,501,491,490,NORMAL,MOMENTUM_ENABLED,True,True,True,0.9800399201596807,19692.01109375,-0.0376529509650641,-0.0396529509650641,-0.0416529509650641
APLLTD-2024-08-01,APLLTD,2024-07-29,2024-08-01,3,1207.4676513671875,52.67126644210954,50.982680878649845,1138.2774996956134,1.3136223285540378,1181.5943603515625,1159.6679662800116,1053.8714630126954,947.2545556640624,876.276704711914,362255767.5804138,98.17444219066938,75.05070993914808,55.98377281947262,76.26774847870183,0.9801192842942346,0.6990953664191204,True,0.9801192842942346,81.6024340770791,True,True,True,True,True,True,True,True,True,True,True,True,True,True,,2024-08-02,1181.594442592493,1125.5318294759509,56.0626131165418,2024-08-12,1101.538309982606,SMA20,-0.0677526312955895,2024-08-09,6,2024-08-01,503,493,493,373,75.65922920892496,487,426,87.47433264887063,0.9681908548707754,True,23506.599609375,20036.74401367188,STRONG_MOMENTUM,POINT_IN_TIME,503,493,487,STRONG_MOMENTUM,MOMENTUM_ENABLED,True,True,True,0.9801192842942346,22371.1550390625,-0.07175263129558951,-0.07375263129558951,-0.07575263129558951
APOLLOTYRE-2024-12-13,APOLLOTYRE,2024-12-09,2024-12-13,4,536.4601440429688,13.464715777368486,12.395267728620944,524.2967275418409,0.9033548648365902,535.1900024414062,531.7217571660462,505.0599609375,493.79244140625,489.4214656066895,564885671.7267761,91.09311740890688,76.31578947368422,70.04048582995951,78.8663967611336,0.988,1.9467099071497544,True,0.988,78.66396761133603,True,True,True,True,True,True,True,True,True,True,True,True,True,True,,2024-12-16,535.3854694056887,521.1979106096857,14.187558796003032,2025-01-01,517.2136391522894,SMA20,-0.0339415828254942,2024-12-31,11,2024-12-13,500,496,496,286,57.66129032258065,488,287,58.81147540983606,0.976,True,23358.94921875,22207.690751953123,NORMAL,POINT_IN_TIME,500,496,488,NORMAL,MOMENTUM_ENABLED,True,True,True,0.992,22924.56890625,-0.0379415828254942,-0.0399415828254942,-0.0419415828254942
APOLLOTYRE-2025-11-03,APOLLOTYRE,2025-10-21,2025-11-03,8,508.6773376464844,11.913876985709065,12.753531907281095,490.8541147749188,1.496005279636922,503.0489501953125,502.35772822219377,489.2692779541016,478.3669995117188,445.7827813720703,360587067.5735626,80.32454361054768,82.75862068965517,43.6105476673428,70.28397565922921,0.9801192842942346,1.1424462937190418,True,0.9801192842942346,81.54158215010142,True,True,True,True,True,True,True,True,True,True,True,True,True,True,,2025-11-04,503.5426426555735,487.6657317980985,15.876910857474911,2025-11-24,505.4681233147701,SMA20,0.0038238681217584,2025-11-21,13,2025-11-03,503,498,498,299,60.040160642570285,482,324,67.21991701244814,0.9582504970178928,True,23810.69921875,22353.247275390622,STRONG_MOMENTUM,POINT_IN_TIME,503,498,482,STRONG_MOMENTUM,MOMENTUM_ENABLED,True,True,True,0.9900596421471173,23223.1481640625,-0.00017613187824160005,-0.0021761318782416,-0.0041761318782416006
ARE&M-2023-12-07,ARE&M,2023-12-01,2023-12-07,4,750.56982421875,20.188482870140326,20.67236397029552,731.3469024678508,0.9521726756065848,746.86181640625,745.2029864473277,666.3730865478516,634.1527514648437,605.7284457397461,471721169.6438599,90.81632653061224,79.59183673469387,54.48979591836734,75.42857142857142,0.9780439121756488,1.248507963099516,True,0.9780439121756488,77.53061224489795,True,True,True,True,True,True,True,True,True,True,True,True,True,True,,2023-12-08,751.252835308463,726.1788114752769,25.07402383318606,2024-01-18,777.6477300593996,SMA20,0.0351345026739219,2024-01-17,28,2023-12-07,501,491,491,419,85.33604887983707,488,442,90.57377049180327,0.9740518962075848,True,18703.849609375,16271.023735351562,STRONG_MOMENTUM,POINT_IN_TIME,501,491,488,STRONG_MOMENTUM,MOMENTUM_ENABLED,True,True,True,0.9800399201596807,17404.0028515625,0.031134502673921902,0.029134502673921904,0.027134502673921902
ARE&M-2024-06-18,ARE&M,2024-06-07,2024-06-18,6,1367.2137451171875,84.2300288375492,77.89094881782337,1289.005168240151,0.9285118140927378,1337.696533203125,1324.0356883080349,1220.124774169922,1090.8973767089844,809.5462432861328,4041735883.448303,89.61303462321793,95.11201629327904,93.48268839103868,92.9735234215886,0.9780876494023903,1.0025187987401647,True,0.9800399201596808,96.45621181262727,True,True,True,True,True,True,True,True,True,True,True,True,True,True,,2024-06-19,1348.4301224740273,1269.5324310356953,78.897691438332,2024-07-18,1537.0168045790415,SMA20,0.1398564738074864,2024-07-16,20,2024-06-18,502,493,493,422,85.59837728194725,483,411,85.09316770186336,0.9621513944223108,True,22329.599609375,19157.73802734375,STRONG_MOMENTUM,POINT_IN_TIME,502,493,483,STRONG_MOMENTUM,MOMENTUM_ENABLED,True,True,True,0.9820717131474104,21034.7400390625,0.1358564738074864,0.1338564738074864,0.13185647380748639
ASAHIINDIA-2025-07-23,ASAHIINDIA,2025-07-17,2025-07-23,4,870.9802856445312,30.41438256366316,28.56735923041484,827.483657688565,1.4301335187363875,851.9754638671875,844.9920485239644,818.5448944091797,767.8214331054687,703.6648880004883,291108294.0649414,99.19517102615694,81.28772635814889,89.93963782696177,89.25553319919516,0.9920159680638724,0.5126541949187158,True,0.994,89.53722334004024,True,True,True,True,True,True,True,True,True,True,True,True,True,True,,2025-07-24,852.8733376663605,820.3418178809613,32.531519785399155,2025-07-29,818.0560500567536,SMA20,-0.0408235151363439,2025-07-28,3,2025-07-23,501,497,497,306,61.56941649899397,479,314,65.55323590814196,0.9560878243512974,True,23428.400390625,22255.32173828125,STRONG_MOMENTUM,POINT_IN_TIME,501,497,479,STRONG_MOMENTUM,MOMENTUM_ENABLED,True,True,True,0.9920159680638723,23150.1589453125,-0.0448235151363439,-0.0468235151363439,-0.0488235151363439
ASAHIINDIA-2025-09-23,ASAHIINDIA,2025-09-18,2025-09-23,3,916.75,29.00078352432115,29.71205289224927,871.0999755859375,1.5740962438404007,916.25,890.7999877929688,864.4876556396484,851.1122766113281,735.7660479736328,165561726.90600586,67.46987951807229,97.59036144578312,91.36546184738955,86.6867469879518,0.994011976047904,2.4864907864315096,True,0.9920159680638724,85.83501006036218,True,True,True,True,True,True,True,True,True,True,True,True,True,True,,2025-09-24,916.25,863.6719623628752,52.5780376371248,2025-10-01,865.4500122070312,SMA20,-0.0554433700332537,2025-09-30,5,2025-09-23,501,498,498,273,54.81927710843374,488,320,65.57377049180327,0.9740518962075848,True,23325.25,22268.37451171875,NORMAL,POINT_IN_TIME,501,498,488,NORMAL,MOMENTUM_ENABLED,True,True,True,0.9940119760479041,23017.4560546875,-0.0594433700332537,-0.061443370033253696,-0.0634433700332537
ASHOKLEY-2023-08-04,ASHOKLEY,2023-08-01,2023-08-04,3,85.12367248535156,1.8894567714715416,1.913308409124014,82.65130809214118,1.3085054024733591,84.33807373046875,84.3380641410364,81.7420753479004,75.73948333740235,68.490234375,1989504794.8848724,84.45807770961146,79.14110429447852,62.16768916155419,75.6441717791411,0.9741035856573704,0.7280070285968734,True,0.9741035856573704,76.99386503067484,True,True,True,True,True,True,True,True,True,True,True,True,True,True,,2023-08-07,84.80019485069019,82.17298098986018,2.627213860830011,2023-09-01,85.33162793310512,SMA20,0.0062668851569343,2023-08-31,18,2023-08-04,502,491,491,374,76.17107942973523,482,403,83.60995850622407,0.9601593625498008,True,16890.599609375,15493.132998046874,STRONG_MOMENTUM,POINT_IN_TIME,502,491,482,STRONG_MOMENTUM,MOMENTUM_ENABLED,True,True,True,0.9780876494023905,16403.5480859375,0.0022668851569342995,0.00026688515693429945,-0.0017331148430657006
ASHOKLEY-2024-08-09,ASHOKLEY,2024-07-31,2024-08-09,7,122.23623657226562,3.63184365797466,3.722546439662531,114.11060771004098,2.23732892366738,120.33914947509766,118.627483727211,114.25371894836424,112.00155532836914,90.1352400970459,2519145798.5506134,89.4523326572008,81.54158215010142,89.24949290060852,86.22718052738335,0.9801192842942346,1.066743640645075,True,0.9801192842942346,84.2393509127789,True,True,True,True,True,True,True,True,True,True,True,True,True,True,,2024-08-12,118.8414416965653,113.17997110012534,5.661470596439955,2024-08-30,121.33759727447004,SMA20,0.0210040836114906,2024-08-29,13,2024-08-09,503,493,493,258,52.33265720081136,487,402,82.54620123203286,0.9681908548707754,True,22923.5,20203.106015625,NORMAL,POINT_IN_TIME,503,493,487,NORMAL,MOMENTUM_ENABLED,True,True,True,0.9801192842942346,22538.6669921875,0.0170040836114906,0.0150040836114906,0.0130040836114906
ASHOKLEY-2025-09-17,ASHOKLEY,2025-09-08,2025-09-17,7,134.07794189453125,3.754701210642388,3.34063802676848,129.16560805331042,1.3083155131751167,133.5701141357422,132.39818860543474,128.96932563781738,123.79908752441406,111.4646585083008,1916968780.71904,54.72837022132797,86.31790744466801,80.88531187122736,75.21126760563381,0.9920159680638724,1.4138296639659995,True,0.9920159680638724,85.67404426559355,True,True,True,True,True,True,True,True,True,True,True,True,True,True,,2025-09-18,134.21466484859107,128.3304485466183,5.884216301972771,2025-10-07,134.8299244776309,SMA20,0.004584146074752,2025-10-06,12,2025-09-17,501,497,497,310,62.37424547283702,487,337,69.19917864476386,0.9720558882235528,True,23445.19921875,22253.45775390625,STRONG_MOMENTUM,POINT_IN_TIME,501,497,487,STRONG_MOMENTUM,MOMENTUM_ENABLED,True,True,True,0.9920159680638723,23020.893046875,0.0005841460747519995,-0.0014158539252480005,-0.0034158539252480006
ASTERDM-2024-02-27,ASTERDM,2024-02-20,2024-02-27,5,359.2335510253906,11.91548645808361,12.343983457111143,342.9201975367744,1.3690883327343368,358.0629272460937,356.2880983958444,341.26998748779295,322.5413531494141,260.7870177459717,169572027.18856812,82.4847250509165,83.70672097759673,76.17107942973523,81.07942973523421,0.9800399201596808,2.7935359397178727,True,0.9780439121756488,76.65306122448979,True,True,True,True,True,True,True,True,True,True,True,True,True,True,,2024-02-28,358.5538179387464,339.8342016724966,18.71961626624983,2024-03-06,342.5048117807312,SMA20,-0.0447603828353515,2024-03-05,5,2024-02-27,501,491,491,284,57.841140529531565,490,387,78.9795918367347,0.9780439121756488,True,20292.849609375,17547.430747070313,NORMAL,POINT_IN_TIME,501,491,490,NORMAL,MOMENTUM_ENABLED,True,True,True,0.9800399201596807,19620.213046875,-0.0487603828353515,-0.050760382835351496,-0.0527603828353515
ASTERDM-2024-12-05,ASTERDM,2024-11-29,2024-12-05,4,492.7407531738281,15.02030939136004,15.669946044255047,469.67817990694647,1.53542597998332,481.7022399902344,479.1890518384416,447.3055023193359,429.9770318603516,375.0392706298828,455026822.15911865,87.24696356275304,93.1174089068826,86.8421052631579,89.47368421052632,0.988,2.8696338881123737,True,0.988,93.4412955465587,True,True,True,True,True,True,True,True,True,True,True,True,True,True,,2024-12-06,483.9197769573696,465.7606933958827,18.15908356148685,2025-01-13,484.018352223126,SMA20,0.0002037016680247,2025-01-10,25,2024-12-05,500,496,496,271,54.63709677419355,488,295,60.45081967213115,0.976,True,23277.94921875,22107.4992578125,NORMAL,POINT_IN_TIME,500,496,488,NORMAL,MOMENTUM_ENABLED,True,True,True,0.992,23051.9969140625,-0.0037962983319753,-0.0057962983319753,-0.0077962983319753
AUBANK-2025-07-09,AUBANK,2025-07-01,2025-07-09,6,836.5050048828125,18.64442908051242,17.548287953190503,801.2219077095701,1.892420358965084,824.9488525390625,820.4032922589025,802.4198822021484,742.9362744140625,632.6558515930176,1878739166.4190369,88.73239436619718,93.7625754527163,96.78068410462777,93.158953722334,0.9920159680638724,0.6532534865372338,True,0.9900199600798404,96.39112903225804,True,True,True,True,True,True,True,True,True,True,True,True,True,True,,2025-07-10,824.9987884883292,796.8348357212725,28.163952767056685,2025-07-15,803.2199808632687,SMA20,-0.0263985934633509,2025-07-14,3,2025-07-09,501,498,497,384,77.2635814889336,479,307,64.09185803757829,0.9560878243512974,True,23557.44921875,22297.725234375,STRONG_MOMENTUM,POINT_IN_TIME,501,497,479,STRONG_MOMENTUM,MOMENTUM_ENABLED,True,True,True,0.9920159680638723,22896.793984375,-0.0303985934633509,-0.0323985934633509,-0.034398593463350904
AUROPHARMA-2023-10-06,AUROPHARMA,2023-09-29,2023-10-06,4,906.908935546875,24.17869742928469,25.363100799310462,863.9613044904492,1.7762590884821057,893.518798828125,882.7075598274763,875.4223052978516,852.1006591796875,625.8814445495606,1440601724.1820984,80.0,72.85714285714285,89.59183673469387,80.0204081632653,0.9780439121756488,1.197551734294375,True,0.9780439121756488,83.16326530612245,True,True,True,True,True,True,True,True,True,True,True,True,True,True,,2023-10-09,885.7326678314356,857.6205292906216,28.112138540814044,2023-10-20,875.8141484450798,SMA20,-0.0111980959341147,2023-10-19,9,2023-10-06,501,491,491,307,62.52545824847251,488,435,89.13934426229508,0.9740518962075848,True,17293.599609375,15828.882514648438,STRONG_MOMENTUM,POINT_IN_TIME,501,491,488,STRONG_MOMENTUM,MOMENTUM_ENABLED,True,True,True,0.9800399201596807,17120.0030078125,-0.0151980959341147,-0.0171980959341147,-0.0191980959341147
AUROPHARMA-2023-11-30,AUROPHARMA,2023-11-22,2023-11-30,5,1050.2860107421875,27.989825793313,26.59626564053829,1004.1759861252266,1.647385194800926,1036.1595458984375,1026.5595031707526,961.588232421875,911.6165026855468,715.0563221740723,2324652820.3842773,89.79591836734694,83.06122448979592,89.79591836734694,87.10204081632654,0.9780439121756488,1.3585184750616757,True,0.9780439121756488,89.95918367346938,True,True,True,True,True,True,True,True,True,True,True,True,True,True,,2023-12-01,1043.5709770820738,997.526919715092,46.04405736698175,2023-12-12,999.7987182677386,SMA20,-0.041944687784176,2023-12-11,7,2023-11-30,501,491,491,356,72.50509164969449,488,423,86.68032786885246,0.9740518962075848,True,17987.94921875,16182.727231445311,STRONG_MOMENTUM,POINT_IN_TIME,501,491,488,STRONG_MOMENTUM,MOMENTUM_ENABLED,True,True,True,0.9800399201596807,17299.1388671875,-0.045944687784176,-0.047944687784176,-0.049944687784176
AUROPHARMA-2023-12-28,AUROPHARMA,2023-12-21,2023-12-28,4,1086.4976806640625,32.721718651930594,33.06494217975874,1040.7357122281855,1.3985197086576924,1084.060302734375,1075.604271727685,1034.3464965820312,968.5385009765624,769.8535282897949,2015749293.8372805,50.61224489795918,78.77551020408163,83.06122448979592,71.61224489795919,0.9780439121756488,1.1915391964548885,True,0.9780439121756488,76.6938775510204,True,True,True,True,True,True,True,True,True,True,True,True,True,True,,2023-12-29,1089.2335052690655,1032.4694766832458,56.76402858581992,2024-01-18,1081.871753573389,SMA20,-0.0067586533650174,2024-01-17,14,2023-12-28,501,491,491,415,84.5213849287169,489,438,89.57055214723927,0.9760479041916168,True,19399.25,16565.695717773437,STRONG_MOMENTUM,POINT_IN_TIME,501,491,489,STRONG_MOMENTUM,MOMENTUM_ENABLED,True,True,True,0.9800399201596807,17886.1498828125,-0.0107586533650174,-0.0127586533650174,-0.0147586533650174
AUROPHARMA-2024-09-12,AUROPHARMA,2024-08-30,2024-09-12,9,1563.5308837890625,37.760169157947125,36.79278759119303,1496.7815158269543,1.767718986715918,1555.610595703125,1540.4176444879856,1532.7240417480468,1439.0651171875,1185.6203802490234,1579579818.9840698,44.01622718052739,82.1501014198783,82.96146044624746,70.95334685598377,0.9820717131474104,3.9548885046335074,True,0.9820717131474104,85.17241379310346,True,True,True,True,True,True,True,True,True,True,True,True,True,True,,2024-09-13,1559.1473303968437,1487.5833189291563,71.56401146768712,2024-09-19,1544.303103092972,SMA20,-0.0095207341952049,2024-09-18,4,2024-09-12,502,494,493,292,59.2292089249493,489,398,81.39059304703477,0.9741035856573704,True,23907.349609375,20931.13103515625,NORMAL,POINT_IN_TIME,502,493,489,NORMAL,MOMENTUM_ENABLED,True,True,True,0.9820717131474104,23223.0479296875,-0.0135207341952049,-0.0155207341952049,-0.0175207341952049
AVANTIFEED-2024-01-31,AVANTIFEED,2024-01-17,2024-01-31,8,535.6630859375,25.679381657635407,28.25068449834057,479.1935777405695,2.199021337421499,503.8295593261719,497.0667252974254,479.46650390625,423.4225915527344,394.517784576416,507563930.1903076,92.04081632653062,65.71428571428571,63.87755102040816,73.0612244897959,0.9780439121756488,4.891665758079035,True,0.9780439121756488,83.26530612244899,True,True,True,True,True,True,True,True,True,True,True,True,True,True,,2024-02-01,510.2542134816887,472.1309066159843,38.123306865704365,2024-02-12,512.4763011111919,SMA20,0.004354863851767,2024-02-09,7,2024-01-31,501,491,491,357,72.70875763747455,489,413,84.45807770961146,0.9760479041916168,True,19802.099609375,17095.401479492186,STRONG_MOMENTUM,POINT_IN_TIME,501,491,489,STRONG_MOMENTUM,MOMENTUM_ENABLED,True,True,True,0.9800399201596807,18917.681953125,0.0003548638517670002,-0.0016451361482329998,-0.003645136148233
AVANTIFEED-2024-07-01,AVANTIFEED,2024-06-18,2024-07-01,9,618.07275390625,27.46638593816569,26.00371739491636,564.2601281156407,1.959217565491004,598.5089111328125,584.8867202309019,576.822021484375,534.4795623779297,466.2162202453613,415455906.6666565,90.2439024390244,68.69918699186992,83.73983739837398,79.67479674796749,0.9800796812749004,1.3359665655068973,True,0.9780876494023903,81.56822810590631,True,True,True,True,True,True,True,True,True,True,True,True,True,True,,2024-07-02,605.271722324738,557.7591987669116,47.5125235578264,2024-07-05,580.6840795185049,SMA20,-0.0406224872224271,2024-07-04,3,2024-07-01,502,493,493,408,82.75862068965517,484,419,86.57024793388429,0.9641434262948207,True,22727.599609375,19406.23626953125,STRONG_MOMENTUM,POINT_IN_TIME,502,493,484,STRONG_MOMENTUM,MOMENTUM_ENABLED,True,True,True,0.9820717131474104,21345.335078125,-0.04462248722242711,-0.0466224872224271,-0.048622487222427103
AVANTIFEED-2024-08-01,AVANTIFEED,2024-07-24,2024-08-01,6,709.853759765625,32.38903307568557,32.19618229765586,660.3951883871349,1.52701598911326,691.7567138671875,679.1242809698493,621.8504821777344,583.4791241455079,487.6379331970215,625548506.5639648,91.48073022312371,91.07505070993916,75.86206896551724,86.63286004056795,0.9801192842942346,2.6187902455395022,True,0.9801192842942346,87.7079107505071,True,True,True,True,True,True,True,True,True,True,True,True,True,True,,2024-08-02,686.7329748304177,652.3461428127209,34.38683201769675,2024-08-07,643.8121557240486,SMA20,-0.0625000119106964,2024-08-06,3,2024-08-01,503,493,493,373,75.65922920892496,487,426,87.47433264887063,0.9681908548707754,True,23506.599609375,20036.74401367188,STRONG_MOMENTUM,POINT_IN_TIME,503,493,487,STRONG_MOMENTUM,MOMENTUM_ENABLED,True,True,True,0.9801192842942346,22371.1550390625,-0.0665000119106964,-0.0685000119106964,-0.07050001191069641
BAJAJ-AUTO-2023-12-11,BAJAJ-AUTO,2023-12-04,2023-12-11,5,5916.38623046875,101.79551319571884,101.72585561244138,5712.37424884428,2.0041353024295145,5855.998046875,5838.444372972058,5600.122338867188,5223.0350390625,4458.221118164062,2508433251.574951,77.9591836734694,88.9795918367347,62.85714285714285,77.83673469387756,0.9780439121756488,0.4061609131724432,True,0.9780439121756488,78.85714285714286,True,True,True,True,True,True,True,True,True,True,True,True,True,True,,2023-12-12,5880.419758846438,5686.94278494117,193.4769739052672,2024-03-01,7589.023626653724,SMA20,0.2905581468460447,2024-02-29,55,2023-12-11,501,491,491,407,82.89205702647658,488,437,89.54918032786885,0.9740518962075848,True,18770.19921875,16308.349477539065,STRONG_MOMENTUM,POINT_IN_TIME,501,491,488,STRONG_MOMENTUM,MOMENTUM_ENABLED,True,True,True,0.9800399201596807,17462.4908203125,0.2865581468460447,0.2845581468460447,0.2825581468460447
BAJAJ-AUTO-2023-12-22,BAJAJ-AUTO,2023-12-18,2023-12-22,4,6168.240234375,113.11500728566962,113.47942200554952,5945.291536111909,1.9709913265534984,6078.9462890625,6053.092874940639,5910.108374023437,5450.83357421875,4571.282132568359,2363325726.23291,69.59183673469389,80.61224489795919,74.48979591836735,75.46938775510205,0.9780439121756488,0.5895753773808828,True,0.9780439121756488,82.40816326530613,True,True,True,True,True,True,True,True,True,True,True,True,True,True,,2023-12-26,6086.340036539321,5916.921680610522,169.41835592879852,2024-03-01,7589.023626653724,SMA20,0.2468944523462454,2024-02-29,46,2023-12-22,501,491,491,401,81.67006109979633,489,438,89.57055214723927,0.9760479041916168,True,19054.69921875,16496.604721679687,STRONG_MOMENTUM,POINT_IN_TIME,501,491,489,STRONG_MOMENTUM,MOMENTUM_ENABLED,True,True,True,0.9800399201596807,17773.596875,0.2428944523462454,0.2408944523462454,0.2388944523462454
BAJAJ-AUTO-2024-04-12,BAJAJ-AUTO,2024-04-02,2024-04-12,7,8849.3447265625,244.11783638166813,212.39065991792765,8491.835806620453,1.4644932350747892,8647.8134765625,8633.456430388202,8467.554272460937,8038.3613671875,5905.244851074219,4360210311.362793,58.40163934426229,88.31967213114754,92.21311475409836,80.51229508196721,0.9740518962075848,0.9471751264857704,True,0.9680638722554892,92.57731958762886,True,True,True,True,True,True,True,True,True,True,True,True,True,True,,2024-04-15,8642.326979411031,8438.738141640972,203.5888377700594,2024-04-18,8555.323876707007,SMA20,-0.0100670922207983,2024-04-16,2,2024-04-12,501,493,492,321,65.2439024390244,479,382,79.74947807933194,0.9560878243512974,True,20745.5,18210.82552734375,STRONG_MOMENTUM,POINT_IN_TIME,501,492,479,STRONG_MOMENTUM,MOMENTUM_ENABLED,True,True,True,0.9820359281437125,20148.6271484375,-0.0140670922207983,-0.0160670922207983,-0.0180670922207983
BAJAJ-AUTO-2024-09-10,BAJAJ-AUTO,2024-09-02,2024-09-10,6,10700.498046875,213.6488279126596,191.9192882498011,10367.638585077237,1.557974668289963,10567.44140625,10485.356860835333,10049.17001953125,9521.92849609375,8157.182595214844,2877778178.783203,84.38133874239351,63.69168356997972,74.4421906693712,73.12373225152129,0.9820717131474104,1.6093286823201751,True,0.9820717131474104,78.9655172413793,True,True,True,True,True,True,True,True,True,True,True,True,True,True,,2024-09-11,10644.381056962004,10319.658763014784,324.72229394722126,2024-10-04,11215.129996501611,SMA20,0.053619739511891,2024-10-03,16,2024-09-10,502,494,493,279,56.5922920892495,489,403,82.41308793456032,0.9741035856573704,True,23643.650390625,20868.0712890625,NORMAL,POINT_IN_TIME,502,493,489,NORMAL,MOMENTUM_ENABLED,True,True,True,0.9820717131474104,23182.3839453125,0.049619739511891,0.047619739511891,0.045619739511891
BAJAJFINSV-2024-09-18,BAJAJFINSV,2024-09-13,2024-09-18,3,1891.9130859375,44.36533986105347,46.99794512986595,1835.588679693172,1.2695587686407726,1885.67138671875,1874.336570146036,1801.8363464355468,1674.8321557617187,1629.8344708251952,4522770506.881348,94.32048681541582,76.47058823529412,37.93103448275862,70.26369168356997,0.9840319361277444,1.1653553968041868,True,0.9820717131474104,73.30628803245435,True,True,True,True,True,True,True,True,True,True,True,True,True,True,,2024-09-19,1887.469041544652,1823.839193410705,63.62984813394655,2024-10-07,1882.0264169043949,SMA20,-0.0028835570387968,2024-10-04,11,2024-09-18,501,494,493,287,58.21501014198783,489,397,81.18609406952966,0.9760479041916168,True,23898.650390625,21057.981533203125,NORMAL,POINT_IN_TIME,501,493,489,NORMAL,MOMENTUM_ENABLED,True,True,True,0.9840319361277445,23303.8629296875,-0.0068835570387968,-0.0088835570387968,-0.010883557038796801
BAJAJHLDNG-2024-07-12,BAJAJHLDNG,2024-07-08,2024-07-12,4,9657.5244140625,288.02167854274484,261.7659014797611,9420.452751338516,0.8231035383289738,9655.7685546875,9546.520097728073,8756.240649414063,8283.015556640625,7795.038078613281,620744007.265625,90.46653144016229,70.99391480730223,52.12981744421906,71.17647058823529,0.9801192842942346,0.5207322241513664,True,0.9820717131474104,70.66937119675458,True,True,True,True,True,True,True,True,True,True,True,True,True,True,,2024-07-15,9672.0019553425,9355.011275968576,316.99067937392465,2024-07-26,9174.60593770508,SMA20,-0.0514263768694418,2024-07-25,8,2024-07-12,503,493,493,404,81.94726166328601,484,423,87.39669421487604,0.9622266401590456,True,23095.44921875,19660.458017578127,STRONG_MOMENTUM,POINT_IN_TIME,503,493,484,STRONG_MOMENTUM,MOMENTUM_ENABLED,True,True,True,0.9801192842942346,21748.9951171875,-0.055426376869441796,-0.0574263768694418,-0.0594263768694418
BAJAJHLDNG-2024-09-26,BAJAJHLDNG,2024-09-20,2024-09-26,4,10884.3193359375,306.2156273455693,306.2026643583045,10387.52728678367,1.622360208916418,10608.51953125,10564.135070806504,10387.764306640624,9774.35,8548.746391601562,786486529.28125,81.54158215010142,89.4523326572008,63.28600405679513,79.22920892494929,0.986,0.7258722955419985,True,0.9840319361277444,83.69168356997972,True,True,True,True,True,True,True,True,True,True,True,True,True,True,,2024-09-27,10608.51923242358,10310.976620694097,297.54261172948645,2024-09-30,10338.484493614847,SMA20,-0.0254545175337388,2024-09-27,1,2024-09-26,500,493,493,310,62.88032454361054,490,401,81.83673469387756,0.98,True,24496.900390625,21253.68328125,STRONG_MOMENTUM,POINT_IN_TIME,500,493,490,STRONG_MOMENTUM,MOMENTUM_ENABLED,True,True,True,0.986,23446.3629296875,-0.0294545175337388,-0.0314545175337388,-0.0334545175337388
BAJFINANCE-2025-09-22,BAJFINANCE,2025-09-15,2025-09-22,5,1003.6801147460938,20.526708359534208,18.916730806487216,982.5599604241896,1.0289109170343074,1000.3506469726562,989.9147731644084,940.719692993164,914.3055676269532,853.7491000366211,5807721285.56131,93.36016096579478,72.63581488933602,55.53319919517102,73.72233400402415,0.9920159680638724,0.6632347363408447,True,0.9920159680638724,77.22334004024145,True,True,True,True,True,True,True,True,True,True,True,True,True,True,,2025-09-23,992.8964637224412,977.830777722568,15.065685999873269,2025-10-06,986.933141732111,SMA20,-0.0060059857278303,2025-10-03,8,2025-09-22,501,497,497,290,58.35010060362173,487,323,66.32443531827515,0.9720558882235528,True,23381.44921875,22265.927509765625,NORMAL,POINT_IN_TIME,501,497,487,NORMAL,MOMENTUM_ENABLED,True,True,True,0.9920159680638723,23016.6050390625,-0.0100059857278303,-0.0120059857278303,-0.0140059857278303
BAJFINANCE-2026-02-18,BAJFINANCE,2026-02-13,2026-02-18,3,1018.4891357421876,25.07840537243897,23.80883510920257,997.1701631461748,0.8500928300426209,1017.544921875,1010.1404286879872,958.70166015625,970.6849938964843,957.041120300293,5947462909.11319,70.68273092369478,66.46586345381526,77.51004016064257,71.0441767068273,0.994011976047904,0.7826577610876452,True,0.9920159680638724,79.21529175050301,True,True,True,True,True,True,True,True,True,True,True,True,True,True,,2026-02-19,1017.7437317964992,991.2179543688742,26.52577742762503,2026-03-04,961.0919675381564,SMA20,-0.0556640758261829,2026-03-02,8,2026-02-18,501,499,449,232,51.67037861915368,444,181,40.76576576576576,0.8862275449101796,True,23645.80078125,23254.83354492188,NORMAL,POINT_IN_TIME,501,449,444,NORMAL,MOMENTUM_ENABLED,True,True,True,0.8962075848303394,23518.3460546875,-0.0596640758261829,-0.0616640758261829,-0.0636640758261829
BALRAMCHIN-2024-09-12,BALRAMCHIN,2024-08-30,2024-09-12,9,590.69189453125,21.805853473025,20.222015254122663,538.8403940879078,2.377870717488092,565.1361694335938,556.6998178233716,561.991015625,497.4510412597657,416.3620198059082,1373771050.5138245,81.54158215010142,92.0892494929006,86.81541582150102,87.34279918864098,0.9820717131474104,0.9131952748415628,True,0.9820717131474104,96.14604462474644,True,True,True,True,True,True,True,True,True,True,True,True,True,True,,2024-09-13,564.8401686388709,533.7848902743772,31.055278364493688,2024-09-16,557.8345048102965,SMA20,-0.0124029136338804,2024-09-13,1,2024-09-12,502,494,493,292,59.2292089249493,489,398,81.39059304703477,0.9741035856573704,True,23907.349609375,20931.13103515625,NORMAL,POINT_IN_TIME,502,493,489,NORMAL,MOMENTUM_ENABLED,True,True,True,0.9820717131474104,23223.0479296875,-0.016402913633880398,-0.0184029136338804,-0.0204029136338804
BALRAMCHIN-2026-08-10,BALRAMCHIN,2026-08-04,2026-08-10,4,658.7000122070312,22.5368813857038,22.23607347117117,623.2999877929688,1.5707596720333452,655.25,637.0,615.9474975585938,575.2170007324219,496.3753887939453,279823057.2832031,94.6,80.2,92.6,88.24000000000001,1.0,1.9942460873169687,True,1.0,93.36,True,True,True,True,True,True,True,True,True,True,True,True,True,True,,2026-08-11,650.0,617.740969425176,32.25903057482401,2026-08-13,605.0999755859375,SMA20,-0.0690769606370192,2026-08-12,2,2026-08-10,500,500,500,309,61.8,420,247,58.80952380952381,0.84,True,23743.19921875,23083.93381835937,NORMAL,POINT_IN_TIME,500,500,420,NORMAL,MOMENTUM_ENABLED,True,True,True,1.0,23089.993984375,-0.0730769606370192,-0.0750769606370192,-0.07707696063701919
BANKBARODA-2024-02-21,BANKBARODA,2024-02-15,2024-02-21,3,251.1539459228516,9.622050645214488,8.611520306276452,245.7336694380611,0.5633182244250844,250.6073760986328,250.3340476808178,232.6476272583008,216.9771514892578,187.43801856994628,5683102356.911316,91.02040816326532,85.10204081632654,73.26530612244898,83.32653061224491,0.9780439121756488,0.6938340822534267,True,0.9780439121756488,82.12244897959184,True,True,True,True,True,True,True,True,True,True,True,True,True,True,,2024-02-22,250.7440065100105,243.580789361492,7.163217148518527,2024-02-29,238.1271053261295,SMA20,-0.0503178574813802,2024-02-28,5,2024-02-21,501,491,491,292,59.47046843177189,489,386,78.93660531697341,0.9760479041916168,True,20128.30078125,17448.00649902344,NORMAL,POINT_IN_TIME,501,491,489,NORMAL,MOMENTUM_ENABLED,True,True,True,0.9800399201596807,19494.578046875,-0.0543178574813802,-0.0563178574813802,-0.0583178574813802
BANKBARODA-2025-10-09,BANKBARODA,2025-10-06,2025-10-09,3,258.24725341796875,5.24917894818894,5.2046022625056665,250.40103381648365,1.4947517847895408,255.8740081787109,254.9537917104516,244.72898712158204,236.9311004638672,222.95500686645508,2582618067.6261063,94.9290060851927,83.36713995943205,55.78093306288032,78.55983772819474,0.9840319361277444,0.5203627000749269,True,0.9840319361277444,82.47464503042598,True,True,True,True,True,True,True,True,True,True,True,True,True,True,,2025-10-10,256.2130518971427,249.09988325085723,7.113168646285459,2025-11-25,272.92259315909047,SMA20,0.0652173694439886,2025-11-24,30,2025-10-09,501,498,498,258,51.80722891566265,481,293,60.91476091476091,0.9600798403193612,True,23241.75,22255.045771484376,NORMAL,POINT_IN_TIME,501,498,481,NORMAL,MOMENTUM_ENABLED,True,True,True,0.9940119760479041,22954.598046875,0.06121736944398859,0.059217369443988595,0.05721736944398859
BANKINDIA-2023-10-10,BANKINDIA,2023-10-03,2023-10-10,5,103.06072998046876,4.124960810646998,4.024789799444829,94.56370200448984,2.0599051399584427,98.03560638427734,97.98992309160906,97.60390167236328,87.18407791137696,74.87058305740356,2426024113.589058,95.51020408163264,89.79591836734694,73.06122448979592,86.48979591836735,0.9780439121756488,0.4064534689681983,True,0.9780439121756488,90.3469387755102,True,True,True,True,True,True,True,True,True,True,True,True,True,True,,2023-10-11,98.58379437647451,93.55750455462864,5.0262898218458645,2023-10-12,98.12697428968342,SMA20,-0.0046338253632902,2023-10-11,1,2023-10-10,501,491,491,290,59.063136456211815,488,431,88.31967213114754,0.9740518962075848,True,17303.349609375,15843.93701171875,NORMAL,POINT_IN_TIME,501,491,488,NORMAL,MOMENTUM_ENABLED,True,True,True,0.9800399201596807,17130.74,-0.008633825363290201,-0.0106338253632902,-0.012633825363290201
BBTC-2024-02-16,BBTC,2024-02-13,2024-02-16,3,1748.601318359375,88.08667779062206,84.17642640156758,1669.1996816274716,0.9014034667153348,1730.99462890625,1714.3689933099824,1655.300714111328,1530.5102001953126,1221.222483215332,202424477.90350345,68.77551020408164,65.71428571428571,89.18367346938776,73.6734693877551,0.9780439121756488,1.5999706745999591,True,0.9780439121756488,78.71428571428571,True,True,True,True,True,True,True,True,True,True,True,True,True,True,,2024-02-20,1752.818974334039,1648.1555750270795,104.66339930695926,2024-02-22,1684.0598372295765,SMA20,-0.0392277457691183,2024-02-21,2,2024-02-16,501,491,491,298,60.692464358452135,489,390,79.75460122699386,0.9760479041916168,True,20164.900390625,17397.47849121094,STRONG_MOMENTUM,POINT_IN_TIME,501,491,489,STRONG_MOMENTUM,MOMENTUM_ENABLED,True,True,True,0.9800399201596807,19431.9450390625,-0.043227745769118295,-0.0452277457691183,-0.0472277457691183
BBTC-2024-09-10,BBTC,2024-09-04,2024-09-10,4,2698.94677734375,118.03077048217528,115.47173193674996,2512.3825332072333,1.580640737787026,2666.70751953125,2633.094662732424,2480.430615234375,2290.129565429688,1737.0329809570312,322078904.9416504,90.06085192697769,99.18864097363084,90.87221095334684,93.95537525354968,0.9820717131474104,1.3454918770661672,True,0.9820717131474104,97.03853955375254,True,True,True,True,True,True,True,True,True,True,True,True,True,True,,2024-09-11,2670.3386664130026,2483.514600223046,186.8240661899568,2024-09-20,2551.638627656419,SMA20,-0.0444513050908371,2024-09-19,7,2024-09-10,502,494,493,279,56.5922920892495,489,403,82.41308793456032,0.9741035856573704,True,23643.650390625,20868.0712890625,NORMAL,POINT_IN_TIME,502,493,489,NORMAL,MOMENTUM_ENABLED,True,True,True,0.9820717131474104,23182.3839453125,-0.0484513050908371,-0.0504513050908371,-0.0524513050908371
BDL-2024-01-04,BDL,2023-12-27,2024-01-04,5,871.0347290039062,36.48247848436296,34.3786222412804,804.366153873164,1.8274135393327955,830.4956665039062,826.9426885600948,758.3211242675782,624.494580078125,553.0050325012207,2037576930.156067,98.16326530612244,97.95918367346938,77.75510204081633,91.95918367346938,0.9780439121756488,0.815001486342698,True,0.9780439121756488,93.83673469387756,True,True,True,True,True,True,True,True,True,True,True,True,True,True,,2024-01-05,836.4420963181324,795.7714983128438,40.670598005288525,2024-01-24,823.6116459543342,SMA20,-0.0153393168759385,2024-01-23,12,2024-01-04,501,491,491,431,87.78004073319755,489,446,91.20654396728015,0.9760479041916168,True,19541.25,16658.041723632814,STRONG_MOMENTUM,POINT_IN_TIME,501,491,489,STRONG_MOMENTUM,MOMENTUM_ENABLED,True,True,True,0.9800399201596807,18050.964921875,-0.019339316875938498,-0.0213393168759385,-0.0233393168759385
BDL-2024-06-26,BDL,2024-06-18,2024-06-26,6,1614.12060546875,93.23687759712722,85.23941381640002,1483.883884643633,1.396837004643852,1576.8743896484375,1572.956572458441,1492.815899658203,1225.637459716797,830.6314994812012,6075401482.1501465,37.270875763747455,98.16700610997964,97.5560081466395,79.71486761710794,0.9780876494023903,1.733694834919062,True,0.9780876494023903,99.12423625254584,True,True,True,True,True,True,True,True,True,True,True,True,True,True,,2024-06-27,1594.629493672424,1462.5740311895331,132.05546248289056,2024-07-18,1589.0253169313096,SMA20,-0.0035144068031802,2024-07-16,14,2024-06-26,502,493,493,393,79.71602434077079,484,407,84.0909090909091,0.9641434262948207,True,22436.80078125,19320.97052734375,STRONG_MOMENTUM,POINT_IN_TIME,502,493,484,STRONG_MOMENTUM,MOMENTUM_ENABLED,True,True,True,0.9820717131474104,21221.78609375,-0.007514406803180201,-0.0095144068031802,-0.0115144068031802
BEL-2025-06-27,BEL,2025-06-23,2025-06-27,4,417.5787963867188,9.6171456852391,9.777369379396765,401.8042751065992,1.640249799306991,411.2293395996094,410.6340475503591,396.6254699707032,359.85987976074216,300.24645355224607,8906764055.27533,77.41935483870968,91.93548387096774,95.56451612903226,88.66935483870968,0.9900199600798404,1.8350899990635776,True,0.9840954274353876,92.04040404040404,True,True,True,True,True,True,True,True,True,True,True,True,True,True,,2025-06-30,413.362366245052,399.35993276175,14.002433483301957,2025-07-11,407.756910371369,SMA20,-0.0135606342798025,2025-07-10,9,2025-06-27,501,497,497,403,81.08651911468813,478,288,60.25104602510461,0.9540918163672656,True,23620.150390625,22303.60474609375,STRONG_MOMENTUM,POINT_IN_TIME,501,497,478,STRONG_MOMENTUM,MOMENTUM_ENABLED,True,True,True,0.9920159680638723,22650.9480859375,-0.0175606342798025,-0.0195606342798025,-0.021560634279802503
BEL-2025-10-16,BEL,2025-10-10,2025-10-16,4,411.18890380859375,8.330640165204718,8.213280860878976,399.3554233605078,1.4204767236870732,409.4984130859375,407.9570691489724,404.1758239746094,389.14076049804686,340.7613803100586,4828678503.317322,74.64503042596348,66.73427991886409,90.06085192697769,76.10547667342799,0.9801192842942346,0.9630712308731184,True,0.9840319361277444,76.34888438133873,True,True,True,True,True,True,True,True,True,True,True,True,True,True,,2025-10-17,408.0565397477839,397.3021031452881,10.754436602495788,2025-10-30,405.5207702577559,SMA20,-0.0062142601405074,2025-10-29,8,2025-10-16,503,498,498,268,53.81526104417671,482,307,63.69294605809128,0.9582504970178928,True,23563.80078125,22274.728779296875,NORMAL,POINT_IN_TIME,503,498,482,NORMAL,MOMENTUM_ENABLED,True,True,True,0.9900596421471173,22999.95109375,-0.0102142601405074,-0.0122142601405074,-0.0142142601405074
BEML-2023-08-08,BEML,2023-08-02,2023-08-08,4,1009.977783203125,35.55011502543702,40.33992633210068,938.0262121501348,2.02394763002896,1006.8067016601562,991.6396752151408,884.5638427734375,811.461513671875,718.0523797607422,493426797.1435547,98.3640081799591,94.47852760736195,86.29856850715747,93.19018404907976,0.9741035856573704,3.149106671799917,True,0.9741035856573704,93.47648261758692,True,True,True,True,True,True,True,True,True,True,True,True,True,True,,2023-08-09,1006.8804056846272,927.9412305671096,78.9391751175175,2023-09-20,1156.3437387840434,SMA20,0.1484419919740008,2023-09-18,28,2023-08-08,502,491,491,375,76.37474541751527,483,403,83.4368530020704,0.9621513944223108,True,16949.25,15514.05474609375,STRONG_MOMENTUM,POINT_IN_TIME,502,491,483,STRONG_MOMENTUM,MOMENTUM_ENABLED,True,True,True,0.9780876494023905,16452.2780859375,0.1444419919740008,0.1424419919740008,0.14044199197400078
BEML-2024-01-19,BEML,2024-01-12,2024-01-19,5,1583.5552978515625,58.27317216916107,54.983275092701625,1493.3435971864426,1.5480828880096753,1572.814697265625,1558.8220591566646,1482.781695556641,1308.444521484375,993.6421807861328,809460891.1621094,95.10204081632652,86.53061224489797,94.89795918367348,91.6122448979592,0.9780439121756488,0.6592817969581014,True,0.9780439121756488,91.51020408163264,True,True,True,True,True,True,True,True,True,True,True,True,True,True,,2024-01-23,1569.7106536794954,1479.5977784132672,90.11287526622824,2024-02-12,1603.657247094518,SMA20,0.0216260196332679,2024-02-09,13,2024-01-19,501,491,491,373,75.96741344195519,489,420,85.88957055214725,0.9760479041916168,True,19606.400390625,16945.638486328124,STRONG_MOMENTUM,POINT_IN_TIME,501,491,489,STRONG_MOMENTUM,MOMENTUM_ENABLED,True,True,True,0.9800399201596807,18649.9069921875,0.0176260196332679,0.0156260196332679,0.0136260196332679
BEML-2024-04-22,BEML,2024-04-16,2024-04-22,3,1713.42626953125,65.4375275964098,61.05020853976141,1660.6232571110384,0.8069224856091394,1707.1094970703125,1705.4809099357756,1625.402117919922,1570.52279296875,1260.9623638916016,876594123.7658691,89.54918032786885,67.21311475409836,80.32786885245902,77.84836065573771,0.9740518962075848,0.4026431903261374,True,0.9740518962075848,79.077868852459,True,True,True,True,True,True,True,True,True,True,True,True,True,True,,2024-04-23,1719.1506190671794,1645.360704976098,73.7899140910813,2024-05-07,1714.8572400442608,SMA20,-0.0024973838681151,2024-05-06,9,2024-04-22,501,493,492,278,56.50406504065041,479,367,76.61795407098121,0.9560878243512974,True,20574.849609375,18317.231513671875,NORMAL,POINT_IN_TIME,501,492,479,NORMAL,MOMENTUM_ENABLED,True,True,True,0.9820359281437125,20216.8351171875,-0.0064973838681151,-0.0084973838681151,-0.0104973838681151
BEML-2024-05-03,BEML,2024-04-24,2024-05-03,6,1782.9332275390625,60.56769405037637,58.75229759500475,1702.5447892894797,1.3272494439481388,1753.0283203125,1748.8581670343387,1707.6510986328126,1594.850751953125,1299.543185119629,847216814.1738281,73.5655737704918,64.54918032786885,86.47540983606558,73.83196721311475,0.9740518962075848,2.9037371123567253,True,0.9740518962075848,80.71721311475409,True,True,True,True,True,True,True,True,True,True,True,True,True,True,,2024-05-06,1759.2460391452123,1687.8567148907282,71.38932425448434,2024-05-07,1714.8572400442608,SMA20,-0.0252317175160554,2024-05-06,1,2024-05-03,501,493,492,350,71.13821138211382,479,374,78.07933194154488,0.9560878243512974,True,20959.55078125,18499.69776367188,STRONG_MOMENTUM,POINT_IN_TIME,501,492,479,STRONG_MOMENTUM,MOMENTUM_ENABLED,True,True,True,0.9820359281437125,20372.7720703125,-0.0292317175160554,-0.0312317175160554,-0.0332317175160554
BEML-2024-07-11,BEML,2024-07-08,2024-07-11,3,2567.252197265625,136.0320843412999,141.28963076529135,2353.968168280989,1.5678950301865069,2521.259765625,2504.4313975498712,2287.948876953125,2080.695690917969,1558.8497491455078,3591879785.104248,96.9574036511156,94.9290060851927,93.50912778904666,95.11156186612575,0.9801192842942346,2.024130106927895,True,0.9820717131474104,94.74645030425964,True,True,True,True,True,True,True,True,True,True,True,True,True,True,,2024-07-12,2536.5081794760104,2318.645760589666,217.86241888634413,2024-07-22,2270.026848817836,SMA20,-0.1050583368168852,2024-07-19,5,2024-07-11,503,493,493,407,82.55578093306288,484,421,86.98347107438018,0.9622266401590456,True,23005.25,19632.283525390623,STRONG_MOMENTUM,POINT_IN_TIME,503,493,484,STRONG_MOMENTUM,MOMENTUM_ENABLED,True,True,True,0.9801192842942346,21707.0301171875,-0.1090583368168852,-0.1110583368168852,-0.11305833681688521
BEML-2025-07-03,BEML,2025-06-23,2025-07-03,8,2387.087158203125,107.0351686228889,91.00881005697067,2157.535386691128,2.144638761870547,2219.7958984375,2217.752409843144,2202.055053710937,1958.815986328125,1807.3111407470703,2638898048.666016,49.29577464788733,91.75050301810866,68.81287726358148,72.13279678068412,0.9920159680638724,0.9502757971888108,True,0.9840954274353876,93.57575757575756,True,True,True,True,True,True,True,True,True,True,True,True,True,True,,2025-07-04,2243.4243055308257,2134.783184176885,108.64112135394087,2025-07-14,2243.1746995729704,SMA20,-0.0001112611454016,2025-07-11,6,2025-07-03,501,498,497,384,77.2635814889336,478,290,60.66945606694561,0.9540918163672656,True,23521.849609375,22303.18198242188,STRONG_MOMENTUM,POINT_IN_TIME,501,497,478,STRONG_MOMENTUM,MOMENTUM_ENABLED,True,True,True,0.9920159680638723,22776.78203125,-0.0041112611454016,-0.0061112611454016,-0.0081112611454016
BHARATFORG-2026-02-09,BHARATFORG,2026-02-04,2026-02-09,3,1584.3759765625,47.72293691042899,46.76154407141227,1534.9824371898728,1.035006279377435,1583.7784423828125,1567.1478838685236,1461.2507263183593,1441.1786499023438,1285.1326696777344,981632656.8601074,85.51307847082495,96.37826961770624,94.56740442655936,92.57545271629778,0.9920159680638724,1.6678304528510532,True,0.9920159680638724,94.58752515090542,True,True,True,True,True,True,True,True,True,True,True,True,True,True,,2026-02-10,1583.8779930294372,1523.2920511720197,60.58594185741754,2026-03-12,1784.4859342527895,SMA20,0.1266561831821751,2026-03-11,21,2026-02-09,501,498,449,231,51.44766146993318,443,186,41.98645598194131,0.8842315369261478,True,23683.400390625,23202.0137890625,NORMAL,POINT_IN_TIME,501,449,443,NORMAL,MOMENTUM_ENABLED,True,True,True,0.8962075848303394,23555.9149609375,0.12265618318217511,0.12065618318217511,0.1186561831821751
BHARTIARTL-2025-11-03,BHARTIARTL,2025-10-29,2025-11-03,3,2074.4921875,33.884606488017965,33.51638659097499,2021.75570003092,1.5563553169114794,2048.22265625,2048.0251375948988,1980.317236328125,1924.203432617188,1804.6991448974609,8065119957.451294,87.4239350912779,70.38539553752535,58.012170385395535,71.78498985801217,0.9801192842942346,0.7295925550745685,True,0.9801192842942346,74.21906693711968,True,True,True,True,True,True,True,True,True,True,True,True,True,True,,2025-11-04,2080.81243316112,2013.376603383176,67.43582977794313,2025-11-10,1970.2044759274668,SMA20,-0.0531561401070735,2025-11-07,3,2025-11-03,503,498,498,299,60.040160642570285,482,324,67.21991701244814,0.9582504970178928,True,23810.69921875,22353.247275390622,STRONG_MOMENTUM,POINT_IN_TIME,503,498,482,STRONG_MOMENTUM,MOMENTUM_ENABLED,True,True,True,0.9900596421471173,23223.1481640625,-0.0571561401070735,-0.0591561401070735,-0.0611561401070735
BHEL-2023-08-28,BHEL,2023-08-22,2023-08-28,4,110.36811065673828,3.847205705181232,4.130021865322623,104.35524911042349,1.562916570386911,108.8773193359375,108.52945604182187,101.79468727111816,95.22155242919922,81.61723846435547,2473846784.406849,66.93877551020408,84.28571428571429,88.77551020408163,80.42857142857143,0.9760956175298804,1.7107620904309218,True,0.9741035856573704,89.52965235173825,True,True,True,True,True,True,True,True,True,True,True,True,True,True,,2023-08-29,109.12578183514717,103.3227436440928,5.803038191054355,2023-09-21,122.2447208888094,SMA20,0.1202185114557127,2023-09-20,16,2023-08-28,502,492,491,336,68.43177189409369,483,407,84.26501035196688,0.9621513944223108,True,16875.30078125,15617.758266601562,STRONG_MOMENTUM,POINT_IN_TIME,502,491,483,STRONG_MOMENTUM,MOMENTUM_ENABLED,True,True,True,0.9780876494023905,16703.802109375,0.1162185114557127,0.1142185114557127,0.11221851145571271
BHEL-2024-01-10,BHEL,2024-01-02,2024-01-10,6,200.75961303710932,7.960857099001197,7.408127609957319,190.6719626221808,1.2671563236820675,198.424057006836,198.02650691848768,187.4220268249512,163.1996841430664,113.61005340576172,5790406240.120285,79.38775510204081,95.91836734693877,96.53061224489797,91.14285714285714,0.9780439121756488,1.432429612099607,True,0.9780439121756488,95.22448979591836,True,True,True,True,True,True,True,True,True,True,True,True,True,True,,2024-01-11,199.7657642774425,188.8199307196914,10.945833557751117,2024-02-13,215.66751339175943,SMA20,0.0796019737007185,2024-02-12,21,2024-01-10,501,491,491,410,83.5030549898167,489,434,88.75255623721881,0.9760479041916168,True,19517.849609375,16760.65197265625,STRONG_MOMENTUM,POINT_IN_TIME,501,491,489,STRONG_MOMENTUM,MOMENTUM_ENABLED,True,True,True,0.9800399201596807,18262.404921875,0.0756019737007185,0.0736019737007185,0.0716019737007185
BHEL-2024-04-22,BHEL,2024-04-10,2024-04-22,6,260.8881225585937,9.5259327954183,9.505410123874842,244.7379016027213,1.6953952229896274,257.7574768066406,254.7758886075908,249.16058197021485,237.9637615966797,164.3297506713867,4463267772.253693,81.14754098360656,89.13934426229508,96.1065573770492,88.83196721311475,0.9740518962075848,0.6865248062792308,True,0.9740518962075848,79.69262295081967,True,True,True,True,True,True,True,True,True,True,True,True,True,True,,2024-04-23,258.403478405719,242.36154907175265,16.04192933396638,2024-05-29,289.21312724854414,SMA20,0.1192307821586323,2024-05-28,24,2024-04-22,501,493,492,278,56.50406504065041,479,367,76.61795407098121,0.9560878243512974,True,20574.849609375,18317.231513671875,NORMAL,POINT_IN_TIME,501,492,479,NORMAL,MOMENTUM_ENABLED,True,True,True,0.9820359281437125,20216.8351171875,0.11523078215863229,0.11323078215863229,0.1112307821586323
BIKAJI-2023-11-24,BIKAJI,2023-11-15,2023-11-24,7,546.9208984375,16.220246738578997,16.843705160731066,529.5014984841463,1.0739294065066594,545.626953125,542.4914885565166,511.9053604125976,493.9837371826172,427.08428771972655,169356731.89233398,83.6734693877551,70.61224489795919,74.28571428571429,75.6326530612245,0.9780439121756488,0.991713819547392,True,0.9780439121756488,78.16326530612244,True,True,True,True,True,True,True,True,True,True,True,True,True,True,,2023-11-28,549.0609995584637,525.2905721939635,23.770427364500165,2023-12-08,523.7282315338686,SMA20,-0.0461383490085197,2023-12-07,8,2023-11-24,501,491,491,312,63.54378818737271,488,414,84.8360655737705,0.9740518962075848,True,17643.5,16138.237485351565,STRONG_MOMENTUM,POINT_IN_TIME,501,491,488,STRONG_MOMENTUM,MOMENTUM_ENABLED,True,True,True,0.9800399201596807,17278.277890625,-0.0501383490085197,-0.0521383490085197,-0.0541383490085197
BIKAJI-2024-09-02,BIKAJI,2024-08-19,2024-09-02,10,870.0995483398438,38.33754340705578,33.0071956985537,812.9334711125232,1.49112520383347,838.3018798828125,836.258421582476,826.1285278320313,757.2178259277343,600.1240898132324,559319481.4507141,96.55172413793105,93.10344827586206,92.2920892494929,93.894523326572,0.9820717131474104,0.816810137704738,True,0.9801192842942346,95.63894523326572,True,True,True,True,True,True,True,True,True,True,True,True,True,True,,2024-09-03,843.136313675966,804.6816721878847,38.45464148808128,2024-09-10,892.1286064653924,SMA20,0.0581072028268196,2024-09-09,5,2024-09-02,502,493,493,290,58.82352941176471,489,409,83.640081799591,0.9741035856573704,True,23760.69921875,20673.86978515625,NORMAL,POINT_IN_TIME,502,493,489,NORMAL,MOMENTUM_ENABLED,True,True,True,0.9820717131474104,23032.5079296875,0.054107202826819606,0.052107202826819604,0.0501072028268196
BIKAJI-2024-09-10,BIKAJI,2024-09-05,2024-09-10,3,878.6719360351562,33.40767159465064,35.80654178783352,822.3531731335371,1.6858032964691,860.48046875,859.7328628214251,849.6602935791016,773.9459838867188,610.269217376709,427123730.9174194,62.27180527383367,82.96146044624746,94.7261663286004,80.2839756592292,0.9820717131474104,3.385042903436392,True,0.9820717131474104,90.32454361054766,True,True,True,True,True,True,True,True,True,True,True,True,True,True,,2024-09-11,861.2280435030573,813.4015376865788,47.82650581647852,2024-09-17,846.8741964725969,SMA20,-0.0166667204333894,2024-09-16,4,2024-09-10,502,494,493,279,56.5922920892495,489,403,82.41308793456032,0.9741035856573704,True,23643.650390625,20868.0712890625,NORMAL,POINT_IN_TIME,502,493,489,NORMAL,MOMENTUM_ENABLED,True,True,True,0.9820717131474104,23182.3839453125,-0.0206667204333894,-0.022666720433389402,-0.0246667204333894
BIKAJI-2024-09-26,BIKAJI,2024-09-23,2024-09-26,3,975.56005859375,39.75606079358516,38.325222485307485,937.034029156664,0.9690605323579358,975.1613159179688,957.8670001055392,889.153173828125,823.6500024414063,632.5014277648926,527994285.8716736,94.9290060851927,92.90060851926978,97.16024340770792,94.7870182555781,0.986,1.4302269324563754,True,0.986,93.42799188640971,True,True,True,True,True,True,True,True,True,True,True,True,True,True,,2024-09-27,980.8430489894562,927.452723535337,53.39032545411919,2024-10-07,899.0562591352251,SMA20,-0.0833841764372948,2024-10-04,5,2024-09-26,500,493,493,310,62.88032454361054,490,401,81.83673469387756,0.98,True,24496.900390625,21253.68328125,STRONG_MOMENTUM,POINT_IN_TIME,500,493,490,STRONG_MOMENTUM,MOMENTUM_ENABLED,True,True,True,0.986,23446.3629296875,-0.0873841764372948,-0.08938417643729481,-0.0913841764372948
BIKAJI-2025-09-15,BIKAJI,2025-09-04,2025-09-15,7,799.7852172851562,23.64348291860688,21.39471581537946,756.1206366419918,1.84679138828575,790.0542602539062,778.4270402959291,783.8115173339844,757.7578015136719,724.1531747436524,245590818.35888672,86.31790744466801,74.04426559356136,63.581488933601605,74.58752515090544,0.9920159680638724,0.571203953279425,True,0.9920159680638724,74.42655935613682,True,True,True,True,True,True,True,True,True,True,True,True,True,True,,2025-09-16,792.299839827713,750.7719576881469,41.52788213956603,2025-09-19,780.4730195572669,SMA20,-0.0149272026522406,2025-09-18,3,2025-09-15,501,497,497,254,51.10663983903421,487,321,65.91375770020534,0.9720558882235528,True,23215.849609375,22244.965,NORMAL,POINT_IN_TIME,501,497,487,NORMAL,MOMENTUM_ENABLED,True,True,True,0.9920159680638723,23026.876015625,-0.0189272026522406,-0.0209272026522406,-0.022927202652240602
BIOCON-2024-05-14,BIOCON,2024-05-02,2024-05-14,8,309.684814453125,10.843193401618493,11.77718804537798,291.0579228268498,1.7178418696741955,309.684814453125,305.0530045019119,290.63209075927733,275.7748922729492,261.0053450012207,2577915700.41098,91.3934426229508,68.23770491803278,69.26229508196722,75.49180327868852,0.9740518962075848,0.8093103178445602,True,0.9740518962075848,74.13934426229508,True,True,True,True,True,True,True,True,True,True,True,True,True,True,,2024-05-15,312.77270626737527,288.1136258155053,24.659080451869954,2024-06-05,293.6477474655398,SMA20,-0.0611465080507581,2024-06-04,14,2024-05-14,501,493,492,288,58.53658536585365,480,357,74.375,0.9580838323353292,True,20683.80078125,18638.31026367188,NORMAL,POINT_IN_TIME,501,492,480,NORMAL,MOMENTUM_ENABLED,True,True,True,0.9820359281437125,20427.9570703125,-0.0651465080507581,-0.0671465080507581,-0.0691465080507581
BIOCON-2024-06-20,BIOCON,2024-06-11,2024-06-20,6,343.10369873046875,14.122142866574809,12.591994032601946,325.22384468871934,1.2660864721931535,341.46014404296875,337.87423326071155,323.00755615234374,303.37658325195315,268.81619583129884,2615548932.725464,74.74541751527495,71.89409368635438,76.17107942973523,74.03258655804481,0.9780876494023903,0.989144664746102,True,0.9800399201596808,77.53564154786152,True,True,True,True,True,True,True,True,True,True,True,True,True,True,,2024-06-21,344.149585474728,322.0758461805689,22.07373929415911,2024-07-19,342.43206705044634,SMA20,-0.0049906159901731,2024-07-18,19,2024-06-20,502,493,493,417,84.58417849898579,484,411,84.91735537190083,0.9641434262948207,True,22305.099609375,19212.33927734375,STRONG_MOMENTUM,POINT_IN_TIME,502,493,484,STRONG_MOMENTUM,MOMENTUM_ENABLED,True,True,True,0.9820717131474104,21099.933046875,-0.0089906159901731,-0.0109906159901731,-0.0129906159901731
BIOCON-2025-07-23,BIOCON,2025-07-18,2025-07-23,3,398.2737121582031,9.44038064894711,9.493446601787374,384.1406064133711,1.4970906651320592,396.4758605957031,394.2784879651822,376.7298522949219,355.0569659423828,347.2336367797852,1655933476.732544,91.54929577464787,81.08651911468813,37.82696177062374,71.24748490945673,0.9920159680638724,0.8440406981999081,True,0.9920159680638724,71.3682092555332,True,True,True,True,True,True,True,True,True,True,True,True,True,True,,2025-07-24,396.3260288265204,381.7672447629242,14.558784063596136,2025-08-04,382.6424133841168,SMA20,-0.0345261588872156,2025-08-01,7,2025-07-23,501,497,497,306,61.56941649899397,479,314,65.55323590814196,0.9560878243512974,True,23428.400390625,22255.32173828125,STRONG_MOMENTUM,POINT_IN_TIME,501,497,479,STRONG_MOMENTUM,MOMENTUM_ENABLED,True,True,True,0.9920159680638723,23150.1589453125,-0.0385261588872156,-0.0405261588872156,-0.0425261588872156
BLS-2023-12-22,BLS,2023-12-12,2023-12-22,8,313.2099914550781,10.751580219566064,11.855219481042736,289.8006851053533,2.1772898375555845,306.04888916015625,305.0117582977884,286.123876953125,269.0277108764648,222.7530625152588,940241535.554657,85.10204081632654,65.91836734693878,87.14285714285714,78.04081632653062,0.9780439121756488,1.6324205811679946,True,0.9780439121756488,75.71428571428571,True,True,True,True,True,True,True,True,True,True,True,True,True,True,,2023-12-26,308.76519050786175,286.8368802350926,21.928310272769124,2024-02-12,380.277014511281,SMA20,0.2316058487221164,2024-02-09,32,2023-12-22,501,491,491,401,81.67006109979633,489,438,89.57055214723927,0.9760479041916168,True,19054.69921875,16496.604721679687,STRONG_MOMENTUM,POINT_IN_TIME,501,491,489,STRONG_MOMENTUM,MOMENTUM_ENABLED,True,True,True,0.9800399201596807,17773.596875,0.2276058487221164,0.2256058487221164,0.2236058487221164
BLUESTARCO-2023-11-13,BLUESTARCO,2023-11-03,2023-11-13,6,958.3623046875,38.6352711032131,38.521086820114114,899.679011979288,1.5189046441900491,946.5269165039062,946.3296838378906,907.231378173828,858.6233618164063,751.9272058105469,220923658.4232788,88.36734693877551,88.77551020408163,71.22448979591837,83.38775510204081,0.9780439121756488,0.5739169404174541,True,0.9760479041916168,84.62167689161554,True,True,True,True,True,True,True,True,True,True,True,True,True,True,,2023-11-15,946.5269883359216,890.0487402742594,56.47824806166227,2023-12-18,955.2555077393722,SMA20,0.0092216276038743,2023-12-15,22,2023-11-13,501,491,491,254,51.73116089613035,488,399,81.76229508196722,0.9740518962075848,True,17318.599609375,16038.288491210937,NORMAL,POINT_IN_TIME,501,491,488,NORMAL,MOMENTUM_ENABLED,True,True,True,0.9800399201596807,17226.8638671875,0.005221627603874301,0.0032216276038743007,0.0012216276038743007
BLUESTARCO-2024-04-16,BLUESTARCO,2024-04-10,2024-04-16,3,1400.1143798828125,50.752520475863946,50.31446795710166,1327.5739395058583,1.429297297883989,1374.7672119140625,1363.7701409764768,1302.9392333984374,1258.5061157226562,965.4864172363282,414241262.13391113,55.94262295081968,95.6967213114754,83.81147540983606,80.20491803278688,0.9740518962075848,1.6330675077162229,True,0.9740518962075848,85.22540983606558,True,True,True,True,True,True,True,True,True,True,True,True,True,True,,2024-04-18,1400.5087992022898,1314.995322516583,85.51347668570679,2024-05-10,1375.7039031838906,SMA20,-0.0177113460711762,2024-05-09,15,2024-04-16,501,493,492,272,55.28455284552846,479,366,76.40918580375782,0.9560878243512974,True,20423.0,18253.716274414062,NORMAL,POINT_IN_TIME,501,492,479,NORMAL,MOMENTUM_ENABLED,True,True,True,0.9820359281437125,20180.94515625,-0.0217113460711762,-0.023711346071176198,-0.0257113460711762
BLUESTARCO-2024-06-10,BLUESTARCO,2024-06-04,2024-06-10,4,1579.6654052734375,69.52531890012156,68.48731734270144,1493.218646187103,1.2433852940756955,1573.9945068359375,1564.9700357495522,1513.5382751464845,1433.5312524414062,1093.575728149414,565551245.6192627,78.81873727087576,80.04073319755601,87.9837067209776,82.05702647657841,0.9800399201596808,0.6549781756523662,True,0.9780439121756488,90.24489795918367,True,True,True,True,True,True,True,True,True,True,True,True,True,True,,2024-06-11,1582.7722777096662,1476.096816851428,106.67546085823824,2024-07-01,1621.3356528140127,SMA20,0.0243644494204493,2024-06-28,13,2024-06-10,501,493,493,372,75.45638945233266,480,386,80.41666666666667,0.9580838323353292,True,21808.25,19026.98653320313,STRONG_MOMENTUM,POINT_IN_TIME,501,493,480,STRONG_MOMENTUM,MOMENTUM_ENABLED,True,True,True,0.9840319361277445,20854.3270703125,0.0203644494204493,0.0183644494204493,0.0163644494204493
BLUESTARCO-2024-09-20,BLUESTARCO,2024-09-16,2024-09-20,4,1916.2520751953125,61.28220856191806,63.861635821879744,1825.2873847358103,1.4843572481170202,1911.498291015625,1892.037710674433,1763.3228454589844,1708.7595068359376,1392.5490225219726,719576843.6907349,84.58417849898579,71.19675456389453,79.71602434077079,77.76876267748479,0.9840319361277444,1.38944351517401,True,0.9820717131474104,74.09736308316431,True,True,True,True,True,True,True,True,True,True,True,True,True,True,,2024-09-23,1925.314067319085,1809.3219757803408,115.99209153874472,2024-10-08,1928.235454331337,SMA20,0.0015173560832699,2024-10-07,10,2024-09-20,501,494,493,281,56.99797160243407,489,392,80.16359918200409,0.9760479041916168,True,24193.80078125,21121.88478515625,NORMAL,POINT_IN_TIME,501,493,489,NORMAL,MOMENTUM_ENABLED,True,True,True,0.9840319361277445,23343.9179296875,-0.0024826439167301003,-0.0044826439167301,-0.0064826439167301
BOSCHLTD-2024-02-26,BOSCHLTD,2024-02-20,2024-02-26,4,28226.98046875,742.3750640067875,757.6284489002416,27039.34802095036,1.5997741645438457,28065.474609375,28005.147624527413,25538.52109375,23262.5158984375,19820.49638671875,905951649.3779296,96.13034623217924,80.44806517311609,81.26272912423626,85.39714867617108,0.9800399201596808,0.8780546883410486,True,0.9780439121756488,87.10204081632654,True,True,True,True,True,True,True,True,True,True,True,True,True,True,,2024-02-27,28128.198071017763,26849.940908725297,1278.257162292466,2024-03-14,27731.100289736078,SMA20,-0.0141174269421418,2024-03-13,11,2024-02-26,501,491,491,294,59.877800407331975,490,387,78.9795918367347,0.9780439121756488,True,20255.80078125,17522.359497070312,NORMAL,POINT_IN_TIME,501,491,490,NORMAL,MOMENTUM_ENABLED,True,True,True,0.9800399201596807,19588.0920703125,-0.0181174269421418,-0.0201174269421418,-0.022117426942141798
BOSCHLTD-2024-05-27,BOSCHLTD,2024-05-14,2024-05-27,8,31098.296875,853.1907453865064,807.080171067147,29791.42772890691,1.531743227595678,30790.501953125,30548.50105810465,29704.36669921875,29380.391796875,23037.28431640625,1457777807.7392578,75.71428571428571,65.91836734693878,79.79591836734694,73.0204081632653,0.9780439121756488,2.476971737577798,True,0.9740518962075848,87.56147540983608,True,True,True,True,True,True,True,True,True,True,True,True,True,True,,2024-05-28,30774.458806322185,29589.657686140123,1184.8011201820627,2024-05-31,30335.423126274047,SMA20,-0.0142662356082747,2024-05-30,3,2024-05-27,501,493,492,346,70.32520325203252,480,363,75.625,0.9580838323353292,True,21493.0,18809.538759765623,STRONG_MOMENTUM,POINT_IN_TIME,501,492,480,STRONG_MOMENTUM,MOMENTUM_ENABLED,True,True,True,0.9820359281437125,20572.8700390625,-0.0182662356082747,-0.020266235608274702,-0.0222662356082747
BPCL-2024-01-03,BPCL,2023-12-28,2024-01-03,3,207.7126617431641,4.923018641918988,4.998473341106112,199.8197709085252,1.603262430784193,205.59451293945312,204.8587375260318,200.95755767822263,179.15513031005858,158.41020042419433,3576787778.2037506,48.36734693877551,91.42857142857144,63.469387755102034,70.12244897959184,0.9780439121756488,0.8032498933454723,True,0.9780439121756488,79.28571428571428,True,True,True,True,True,True,True,True,True,True,True,True,True,True,,2024-01-04,203.6993329052515,198.5701525732486,5.129180332002903,2024-01-11,202.4061589314894,SMA20,-0.0063484448148075,2024-01-10,5,2024-01-03,501,491,491,422,85.94704684317719,489,443,90.59304703476482,0.9760479041916168,True,19367.150390625,16633.734721679688,STRONG_MOMENTUM,POINT_IN_TIME,501,491,489,STRONG_MOMENTUM,MOMENTUM_ENABLED,True,True,True,0.9800399201596807,18006.349921875,-0.010348444814807501,-0.0123484448148075,-0.014348444814807501
BPCL-2024-03-01,BPCL,2024-02-20,2024-03-01,8,293.2414245605469,11.469408207511249,10.736470693472995,265.08113249502003,2.455252403265657,277.9461364746094,272.81794986004263,276.5303237915039,235.96971954345705,178.02983322143555,6890038576.41748,97.9633401221996,93.0753564154786,92.66802443991853,94.41955193482688,0.9800399201596808,0.6191643562751051,True,0.9780439121756488,95.91836734693878,True,True,True,True,True,True,True,True,True,True,True,True,True,True,,2024-03-04,278.79339786494234,262.3970148216518,16.39638304329054,2024-03-11,275.136799472042,SMA20,-0.0131157998033788,2024-03-07,4,2024-03-01,501,491,491,284,57.841140529531565,490,378,77.14285714285715,0.9780439121756488,True,20349.80078125,17618.16326171875,NORMAL,POINT_IN_TIME,501,491,490,NORMAL,MOMENTUM_ENABLED,True,True,True,0.9800399201596807,19692.01109375,-0.017115799803378802,-0.0191157998033788,-0.0211157998033788
BPCL-2024-08-09,BPCL,2024-07-31,2024-08-09,7,312.1933288574219,9.584231202796646,9.874420013543784,296.80882566175626,1.605189072564993,306.8683776855469,306.7530136840724,292.93505096435547,280.4139782714844,242.99472061157223,5374091117.599594,92.0892494929006,59.2292089249493,64.50304259634888,70.66937119675455,0.9801192842942346,0.6167250312400077,True,0.9801192842942346,70.95334685598377,True,True,True,True,True,True,True,True,True,True,True,True,True,True,,2024-08-12,305.39569836262746,294.3402206583703,11.055477704257155,2024-09-11,322.1013747009063,SMA20,0.0547017408164096,2024-09-10,21,2024-08-09,503,493,493,258,52.33265720081136,487,402,82.54620123203286,0.9681908548707754,True,22923.5,20203.106015625,NORMAL,POINT_IN_TIME,503,493,487,NORMAL,MOMENTUM_ENABLED,True,True,True,0.9801192842942346,22538.6669921875,0.0507017408164096,0.0487017408164096,0.0467017408164096
BPCL-2026-02-18,BPCL,2026-02-09,2026-02-18,7,388.2999877929688,9.842850706074874,9.01160783109463,366.5499877929688,2.2097256830865266,380.8999938964844,375.7999877929688,368.6468032836914,360.4913427734375,327.34816497802734,2239742661.1506653,79.71887550200803,81.72690763052208,91.36546184738955,84.0160642570281,0.994011976047904,0.4066479708777567,True,0.9920159680638724,89.43661971830986,True,True,True,True,True,True,True,True,True,True,True,True,True,True,,2026-02-19,377.4500122070313,364.2970858351951,13.152926371836145,2026-02-20,364.8500061035156,SMA20,-0.0333819199788622,2026-02-19,1,2026-02-18,501,499,449,232,51.67037861915368,444,181,40.76576576576576,0.8862275449101796,True,23645.80078125,23254.83354492188,NORMAL,POINT_IN_TIME,501,449,444,NORMAL,MOMENTUM_ENABLED,True,True,True,0.8962075848303394,23518.3460546875,-0.0373819199788622,-0.0393819199788622,-0.0413819199788622
BRIGADE-2023-12-14,BRIGADE,2023-12-05,2023-12-14,7,648.4204711914062,27.15275442288176,25.28605321236228,590.2513620272003,2.1422912850118268,634.0550537109375,610.3110006407495,591.4087829589844,518.242182006836,433.7076759338379,226224457.7815857,90.6122448979592,92.85714285714286,80.0,88.32653061224491,0.9780439121756488,3.493082874292786,True,0.9780439121756488,91.71428571428572,True,True,True,True,True,True,True,True,True,True,True,True,True,True,,2023-12-15,636.3996431643961,583.9298487241098,52.46979444028637,2024-01-24,695.2014388174987,SMA20,0.0923975936892735,2024-01-23,26,2023-12-14,501,491,491,414,84.31771894093686,489,441,90.1840490797546,0.9760479041916168,True,18973.849609375,16365.27822265625,STRONG_MOMENTUM,POINT_IN_TIME,501,491,489,STRONG_MOMENTUM,MOMENTUM_ENABLED,True,True,True,0.9800399201596807,17554.63984375,0.0883975936892735,0.0863975936892735,0.08439759368927349
BRIGADE-2024-01-25,BRIGADE,2024-01-18,2024-01-25,4,738.2608032226562,26.90132601056598,30.072179426662053,672.5366567594173,2.443156387065256,725.6817016601562,711.6882702464923,698.6886444091797,640.3840148925781,480.6420487976074,377633672.1812439,84.48979591836735,93.26530612244898,88.9795918367347,89.34693877551021,0.9780439121756488,0.4294105526253114,True,0.9780439121756488,92.55102040816328,True,True,True,True,True,True,True,True,True,True,True,True,True,True,,2024-01-29,729.4405610511183,665.0186119027518,64.42194914836648,2024-02-13,726.3887514318924,SMA20,-0.004183767372119,2024-02-12,11,2024-01-25,501,491,491,321,65.37678207739307,489,407,83.23108384458078,0.9760479041916168,True,19393.0,17020.314487304688,STRONG_MOMENTUM,POINT_IN_TIME,501,491,489,STRONG_MOMENTUM,MOMENTUM_ENABLED,True,True,True,0.9800399201596807,18777.58796875,-0.008183767372119,-0.010183767372119,-0.012183767372119
BSE-2024-04-10,BSE,2024-04-04,2024-04-10,4,952.5966186523438,41.72149819058548,41.86768898119717,888.4902074599122,1.5365318594167183,943.7963256835938,927.0858533978536,800.1117370605468,782.6334692382812,568.8911192321777,2669203593.417664,98.5655737704918,82.58196721311475,97.74590163934424,91.92622950819673,0.9740518962075848,1.070085074607682,True,0.9720558882235528,94.04517453798768,True,True,True,True,True,True,True,True,True,True,True,True,True,True,,2024-04-12,942.807543237182,878.0232852146129,64.78425802256902,2024-04-30,931.0410123673406,SMA20,-0.0124803104878015,2024-04-29,11,2024-04-10,501,493,492,344,69.91869918699187,479,382,79.74947807933194,0.9560878243512974,True,20915.19921875,18187.38927734375,STRONG_MOMENTUM,POINT_IN_TIME,501,492,479,STRONG_MOMENTUM,MOMENTUM_ENABLED,True,True,True,0.9820359281437125,20121.5771484375,-0.0164803104878015,-0.0184803104878015,-0.020480310487801502
BSE-2024-10-01,BSE,2024-09-20,2024-10-01,7,1320.6610107421875,64.74124330181357,66.80794984286653,1186.4390587310984,2.0732062772623525,1278.8865966796875,1267.6516324371858,1124.6638916015625,965.425635986328,855.1067031860351,6590325060.26239,99.79550102249488,98.159509202454,84.86707566462167,94.66257668711656,0.978,2.079850923569705,True,0.9840319361277444,97.54563894523326,True,True,True,True,True,True,True,True,True,True,True,True,True,True,,2024-10-03,1259.366373388198,1169.7370712703816,89.62930211781645,2024-10-23,1362.1041771202154,SMA20,0.0815789637574739,2024-10-22,14,2024-10-01,500,494,494,306,61.943319838056674,485,401,82.68041237113401,0.97,True,24271.30078125,21342.95153320313,STRONG_MOMENTUM,POINT_IN_TIME,500,494,485,STRONG_MOMENTUM,MOMENTUM_ENABLED,True,True,True,0.988,23526.3579296875,0.07757896375747389,0.07557896375747389,0.07357896375747389
BSOFT-2023-08-16,BSOFT,2023-08-09,2023-08-16,4,433.1746520996094,11.54839491025034,10.931173665768036,418.390518424279,1.280189480029646,430.6947326660156,428.1671122314612,402.18521575927736,359.7166271972656,296.6332319641113,953957935.6726228,91.6155419222904,92.0245398773006,92.22903885480572,91.96319018404908,0.9741035856573704,0.970622032241396,True,0.9741035856573704,96.23721881390594,True,True,True,True,True,True,True,True,True,True,True,True,True,True,,2023-08-17,431.8869408101696,415.657725007837,16.22921580233259,2023-09-20,465.4612344958118,SMA20,0.0777386174785946,2023-09-18,23,2023-08-16,502,491,491,326,66.39511201629328,483,391,80.95238095238095,0.9621513944223108,True,16853.05078125,15558.881508789062,STRONG_MOMENTUM,POINT_IN_TIME,502,491,483,STRONG_MOMENTUM,MOMENTUM_ENABLED,True,True,True,0.9780876494023905,16561.9891015625,0.0737386174785946,0.0717386174785946,0.06973861747859461
BSOFT-2023-08-22,BSOFT,2023-08-17,2023-08-22,3,448.387939453125,11.54362179344599,11.7217259045343,427.5471229132752,1.805396686825135,444.7634887695313,442.3789343682911,416.3803497314453,369.51782287597655,300.35649017333986,953957935.6726228,93.04703476482618,89.77505112474438,91.6155419222904,91.30879345603272,0.9741035856573704,0.8744338347386648,True,0.9741035856573704,94.29447852760735,True,True,True,True,True,True,True,True,True,True,True,True,True,True,,2023-08-23,446.7664822136095,424.6166914371416,22.149790776467853,2023-09-20,465.4612344958118,SMA20,0.0418445721119784,2023-09-18,19,2023-08-22,502,492,491,336,68.43177189409369,483,401,83.02277432712215,0.9621513944223108,True,16905.25,15590.128012695312,STRONG_MOMENTUM,POINT_IN_TIME,502,491,483,STRONG_MOMENTUM,MOMENTUM_ENABLED,True,True,True,0.9780876494023905,16634.6630859375,0.037844572111978406,0.035844572111978404,0.0338445721119784
BSOFT-2024-02-15,BSOFT,2024-02-06,2024-02-15,7,819.5999755859375,23.875037116555625,25.47345995808899,769.9475923382428,2.0796777406165523,810.8123779296875,805.7703999806738,795.0235382080078,726.7961999511718,499.6879763793945,1440423427.3276062,73.06122448979592,86.73469387755102,91.42857142857144,84.04081632653062,0.9780439121756488,0.6235493865267062,True,0.9780439121756488,88.69387755102042,True,True,True,True,True,True,True,True,True,True,True,True,True,True,,2024-02-16,812.5411534988909,763.5792273487206,48.96192615017037,2024-02-20,797.1268445169057,SMA20,-0.0189704963442275,2024-02-19,2,2024-02-15,501,491,491,293,59.67413441955194,489,380,77.70961145194273,0.9760479041916168,True,20037.0,17371.625991210938,NORMAL,POINT_IN_TIME,501,491,489,NORMAL,MOMENTUM_ENABLED,True,True,True,0.9800399201596807,19397.61703125,-0.0229704963442275,-0.024970496344227502,-0.0269704963442275
CAMS-2024-05-30,CAMS,2024-05-23,2024-05-30,5,680.6753540039062,23.13231058123471,24.403049621526662,640.7620144982169,1.7254367809702362,664.0425415039062,663.0160362918705,637.5275695800781,609.4447375488281,532.2509365844727,904792342.1624756,76.93877551020408,77.14285714285715,56.326530612244895,70.83673469387755,0.9780439121756488,0.900502314309265,True,0.9780439121756488,73.48979591836735,True,True,True,True,True,True,True,True,True,True,True,True,True,True,,2024-05-31,671.4572829333073,634.6612520928352,36.7960308404721,2024-06-05,640.7620935677378,SMA20,-0.0457142846548263,2024-06-04,3,2024-05-30,501,493,492,270,54.87804878048781,480,342,71.25,0.9580838323353292,True,21038.55078125,18873.31702148437,NORMAL,POINT_IN_TIME,501,492,480,NORMAL,MOMENTUM_ENABLED,True,True,True,0.9820359281437125,20644.3850390625,-0.0497142846548263,-0.0517142846548263,-0.0537142846548263
CAMS-2024-10-01,CAMS,2024-09-23,2024-10-01,6,890.8095092773438,30.582044747904693,28.81952506258361,849.9721984180362,1.3353361816039286,884.7824096679688,865.2330510991359,857.781283569336,840.0519018554687,663.4047146606446,1027438614.5767212,60.73619631901841,84.04907975460122,85.48057259713701,77.48466257668711,0.978,1.5250247502188832,True,0.986,77.01825557809332,True,True,True,True,True,True,True,True,True,True,True,True,True,True,,2024-10-03,865.4165140871997,842.7673171523903,22.649196934809424,2024-10-04,852.4738792953517,SMA20,-0.0149553822710435,2024-10-03,1,2024-10-01,500,494,494,306,61.943319838056674,485,401,82.68041237113401,0.97,True,24271.30078125,21342.95153320313,STRONG_MOMENTUM,POINT_IN_TIME,500,494,485,STRONG_MOMENTUM,MOMENTUM_ENABLED,True,True,True,0.988,23526.3579296875,-0.0189553822710435,-0.0209553822710435,-0.0229553822710435
CANBK-2023-11-28,CANBK,2023-11-15,2023-11-28,8,74.138427734375,1.795312446874221,1.6396132253790456,70.78999746576397,1.86509611429526,72.0820541381836,72.02745808252226,71.34048995971679,68.99623062133789,58.55104585647583,1671331194.270153,65.10204081632654,77.75510204081633,70.0,71.63265306122449,0.9780439121756488,0.986677092001339,True,0.9780439121756488,82.42857142857144,True,True,True,True,True,True,True,True,True,True,True,True,True,True,,2023-11-29,72.58249543339058,70.38009415941922,2.202401273971361,2023-12-26,77.88719835664827,SMA20,0.0730851549203878,2023-12-22,18,2023-11-28,501,491,491,322,65.58044806517312,488,417,85.45081967213115,0.9740518962075848,True,17741.80078125,16152.749487304687,STRONG_MOMENTUM,POINT_IN_TIME,501,491,488,STRONG_MOMENTUM,MOMENTUM_ENABLED,True,True,True,0.9800399201596807,17283.902890625,0.06908515492038779,0.06708515492038779,0.0650851549203878
CANBK-2024-01-25,CANBK,2024-01-19,2024-01-25,3,84.92070770263672,2.0909596054809163,2.4720867035335417,80.61688640979881,2.058299587211796,84.67503356933594,83.64684559695354,82.84068069458007,79.14940994262696,64.64079832077026,2768956194.863568,76.32653061224491,74.08163265306122,69.38775510204081,73.34693877551021,0.9780439121756488,1.848653595772612,True,0.9780439121756488,70.75510204081633,True,True,True,True,True,True,True,True,True,True,True,True,True,True,,2024-01-29,85.51214037327134,79.99886473391543,5.513275639355911,2024-02-29,100.27976751289069,SMA20,0.172696263655158,2024-02-28,23,2024-01-25,501,491,491,321,65.37678207739307,489,407,83.23108384458078,0.9760479041916168,True,19393.0,17020.314487304688,STRONG_MOMENTUM,POINT_IN_TIME,501,491,489,STRONG_MOMENTUM,MOMENTUM_ENABLED,True,True,True,0.9800399201596807,18777.58796875,0.168696263655158,0.166696263655158,0.164696263655158
CANBK-2024-02-14,CANBK,2024-02-09,2024-02-14,3,103.9102554321289,3.246416492309592,3.556372658774776,97.28620969716664,2.040417719246414,103.0822525024414,100.95309440569886,91.63028831481934,85.1416293334961,67.53595642089844,4358559354.639931,93.87755102040816,88.57142857142857,87.55102040816325,89.85714285714286,0.9780439121756488,0.9267985757925924,True,0.9780439121756488,88.42857142857142,True,True,True,True,True,True,True,True,True,True,True,True,True,True,,2024-02-15,103.555403775934,96.39711653247294,7.158287243461061,2024-02-29,100.27976751289069,SMA20,-0.0316317270137916,2024-02-28,10,2024-02-14,501,491,491,281,57.23014256619145,489,380,77.70961145194273,0.9760479041916168,True,19922.30078125,17346.2194921875,NORMAL,POINT_IN_TIME,501,491,489,NORMAL,MOMENTUM_ENABLED,True,True,True,0.9800399201596807,19359.1840234375,-0.035631727013791595,-0.0376317270137916,-0.0396317270137916
CANBK-2025-07-14,CANBK,2025-07-01,2025-07-14,9,111.73413848876952,2.770143574454157,2.4093862338564733,107.65858337223408,1.4712432792724552,110.04002380371094,109.86577194062062,108.09034156799316,104.4238331604004,94.00157169342042,1940612831.091744,49.899396378269614,78.87323943661971,85.3118712273642,72.11267605633803,0.994,1.514217677834171,True,0.9900199600798404,74.39516129032258,True,True,True,True,True,True,True,True,True,True,True,True,True,True,,2025-07-15,110.15619323868452,107.05623681376996,3.0999564249145664,2025-07-22,109.09132685171444,SMA20,-0.009666877146551,2025-07-21,5,2025-07-14,500,497,497,337,67.80684104627767,479,294,61.37787056367432,0.958,True,23309.05078125,22289.428486328125,STRONG_MOMENTUM,POINT_IN_TIME,500,497,479,STRONG_MOMENTUM,MOMENTUM_ENABLED,True,True,True,0.994,22973.43296875,-0.013666877146551,-0.015666877146551,-0.017666877146550998
CANBK-2025-10-10,CANBK,2025-10-07,2025-10-10,3,123.97048950195312,2.700509666462996,2.654781795981612,120.71778753577036,1.2044770683761323,123.32188415527344,122.93465982227649,117.01929626464845,109.70449447631836,97.80418434143068,3621321626.2328,96.34888438133872,88.43813387423936,89.65517241379311,91.1764705882353,0.9840319361277444,0.7776418895027305,True,0.9840319361277444,90.89249492900608,True,True,True,True,True,True,True,True,True,True,True,True,True,True,,2025-10-13,123.23476501988112,120.05409208677496,3.1806729331061376,2025-12-04,141.41503337045975,SMA20,0.1475254839626274,2025-12-03,36,2025-10-10,501,498,498,274,55.020080321285135,481,300,62.37006237006237,0.9600798403193612,True,23337.55078125,22257.0615234375,NORMAL,POINT_IN_TIME,501,498,481,NORMAL,MOMENTUM_ENABLED,True,True,True,0.9940119760479041,22961.2020703125,0.1435254839626274,0.1415254839626274,0.1395254839626274
CANBK-2025-10-20,CANBK,2025-10-15,2025-10-20,3,124.30931854248048,2.69961559437836,2.800587822208196,120.62098134622356,1.3662453291266488,123.51549530029295,123.47677951225884,120.67858390808104,111.95815155029295,98.67536262512208,3386745001.688141,94.9290060851927,86.81541582150102,86.81541582150102,89.24949290060853,0.9801192842942346,0.9883727940386636,True,0.9801192842942346,91.76470588235294,True,True,True,True,True,True,True,True,True,True,True,True,True,True,,2025-10-21,124.14474492054802,119.92083439067152,4.223910529876491,2025-12-04,141.41503337045975,SMA20,0.1391141321444143,2025-12-03,30,2025-10-20,503,498,498,263,52.81124497991968,482,307,63.69294605809128,0.9582504970178928,True,23716.099609375,22286.92178710937,NORMAL,POINT_IN_TIME,503,498,482,NORMAL,MOMENTUM_ENABLED,True,True,True,0.9900596421471173,23036.927109375,0.13511413214441428,0.13311413214441428,0.13111413214441428
CAPLIPOINT-2024-08-26,CAPLIPOINT,2024-08-19,2024-08-26,5,1834.9100341796875,82.6665128178056,85.72570647297218,1725.6176242993472,1.3220880638961674,1830.7850341796875,1767.3664485514205,1619.488720703125,1520.3805029296875,1374.4969631958008,282181996.0727539,95.131845841785,93.30628803245436,52.53549695740365,81.62271805273834,0.9801192842942346,19.791416645689296,True,0.9801192842942346,86.55172413793103,True,True,True,True,True,True,True,True,True,True,True,True,True,True,,2024-08-27,1812.3955346288049,1704.1861976811042,108.20933694770042,2024-09-20,1918.4574380477109,SMA20,0.0585202851101862,2024-09-19,18,2024-08-26,503,493,493,281,56.99797160243407,487,416,85.42094455852155,0.9681908548707754,True,23561.75,20502.21453125,NORMAL,POINT_IN_TIME,503,493,487,NORMAL,MOMENTUM_ENABLED,True,True,True,0.9801192842942346,22888.52296875,0.054520285110186195,0.0525202851101862,0.0505202851101862
CAPLIPOINT-2024-08-30,CAPLIPOINT,2024-08-27,2024-08-30,3,1945.49462890625,91.07626337891485,94.8244375120278,1771.8892840968122,1.906153572497457,1893.6070556640625,1851.858094218733,1680.8296508789062,1558.6154541015626,1391.4169232177735,441996157.5866089,97.16024340770792,94.7261663286004,64.50304259634888,86.38945233265719,0.9820717131474104,1.7809499393628647,True,0.9801192842942346,86.2474645030426,True,True,True,True,True,True,True,True,True,True,True,True,True,True,,2024-09-02,1913.1889720589984,1748.1831747188053,165.0057973401931,2024-09-20,1918.4574380477109,SMA20,0.0027537614243314,2024-09-19,14,2024-08-30,502,493,493,299,60.649087221095336,488,408,83.60655737704919,0.9721115537848606,True,23734.55078125,20639.52029296875,STRONG_MOMENTUM,POINT_IN_TIME,502,493,488,STRONG_MOMENTUM,MOMENTUM_ENABLED,True,True,True,0.9820717131474104,23003.3959375,-0.0012462385756686002,-0.0032462385756686003,-0.0052462385756686
CAPLIPOINT-2024-09-17,CAPLIPOINT,2024-09-05,2024-09-17,8,2106.923828125,99.30526970962778,89.71555853305615,1893.606914035406,2.148092590789396,1995.841796875,1957.6714143757245,1908.199176025391,1688.7226684570312,1437.802776489258,480310626.4553223,76.06490872210954,95.53752535496956,83.56997971602435,86.105476673428,0.9840319361277444,0.5863883461337563,True,0.9820717131474104,93.4077079107505,True,True,True,True,True,True,True,True,True,True,True,True,True,True,,2024-09-18,2012.243134204864,1871.178024402141,141.0651098027222,2024-09-20,1918.4574380477109,SMA20,-0.0466075369138791,2024-09-19,2,2024-09-17,501,494,493,303,61.4604462474645,489,403,82.41308793456032,0.9760479041916168,True,23969.900390625,21026.62627929688,STRONG_MOMENTUM,POINT_IN_TIME,501,493,489,STRONG_MOMENTUM,MOMENTUM_ENABLED,True,True,True,0.9840319361277445,23285.3129296875,-0.050607536913879106,-0.0526075369138791,-0.0546075369138791
CAPLIPOINT-2025-01-02,CAPLIPOINT,2024-12-27,2025-01-02,3,2587.935302734375,100.23815840343886,101.59070542266466,2440.481372073916,1.4710359109650306,2547.67529296875,2521.100714345548,2425.743273925781,2173.722277832031,1697.2927001953126,300931083.0749512,90.2834008097166,95.1417004048583,98.582995951417,94.7165991902834,0.988,2.4368672184296263,True,0.988,99.08906882591091,True,True,True,True,True,True,True,True,True,True,True,True,True,True,,2025-01-03,2538.020859540852,2415.083695718249,122.93716382260254,2025-01-13,2324.5285855514658,SMA20,-0.0841176199111337,2025-01-10,6,2025-01-02,500,496,496,249,50.201612903225815,488,240,49.18032786885246,0.976,True,22819.75,22349.360478515624,NORMAL,POINT_IN_TIME,500,496,488,NORMAL,MOMENTUM_ENABLED,True,True,True,0.992,22703.5589453125,-0.0881176199111337,-0.0901176199111337,-0.09211761991113371
CARBORUNIV-2024-05-13,CARBORUNIV,2024-05-06,2024-05-13,5,1501.3455810546875,66.02117040083809,59.239371708526576,1429.6078426842337,1.0865868922787707,1491.939208984375,1470.402808276129,1374.7424926757812,1239.017868652344,1159.4053552246094,225406153.29901123,94.67213114754098,95.90163934426228,71.31147540983606,88.15573770491802,0.9740518962075848,1.1153152690711,True,0.9740518962075848,82.29508196721312,True,True,True,True,True,True,True,True,True,True,True,True,True,True,,2024-05-14,1510.0097283375098,1414.797999757102,95.21172858040792,2024-06-05,1515.009987511586,SMA20,0.0033114085825004,2024-06-04,15,2024-05-13,501,493,492,257,52.235772357723576,480,346,72.08333333333333,0.9580838323353292,True,20511.0,18618.71850585937,NORMAL,POINT_IN_TIME,501,492,480,NORMAL,MOMENTUM_ENABLED,True,True,True,0.9820359281437125,20419.3970703125,-0.0006885914174996001,-0.0026885914174996,-0.0046885914174996
CARBORUNIV-2024-06-03,CARBORUNIV,2024-05-22,2024-06-03,8,1721.6090087890625,80.79237407119402,73.14716945242594,1554.567416879917,2.067541569727225,1657.990478515625,1615.1657926801963,1574.9970092773438,1395.2063330078124,1188.2585681152343,248754202.616272,83.87755102040816,97.3469387755102,74.28571428571429,86.38775510204083,0.9780439121756488,1.4953502299804524,True,0.9780439121756488,92.59183673469389,True,True,True,True,True,True,True,True,True,True,True,True,True,True,,2024-06-04,1673.3878022815995,1536.2806245168103,137.10717776478918,2024-06-05,1515.009987511586,SMA20,-0.0946450156706482,2024-06-04,1,2024-06-03,501,493,493,303,61.4604462474645,480,347,72.29166666666667,0.9580838323353292,True,21797.400390625,18918.27002929688,STRONG_MOMENTUM,POINT_IN_TIME,501,493,480,STRONG_MOMENTUM,MOMENTUM_ENABLED,True,True,True,0.9840319361277445,20707.5680859375,-0.0986450156706482,-0.10064501567064821,-0.10264501567064821
CASTROLIND-2024-02-09,CASTROLIND,2024-02-06,2024-02-09,3,173.1193084716797,7.983221207808901,7.90136488972269,163.8008119053039,1.1672602228860658,172.34991455078125,172.2216592039324,158.97910766601564,145.75107803344727,120.56863536834716,751425943.9806519,78.9795918367347,87.55102040816325,66.53061224489795,78.67346938775509,0.9780439121756488,2.3956573824589853,True,0.9780439121756488,72.53061224489797,True,True,True,True,True,True,True,True,True,True,True,True,True,True,,2024-02-12,173.5467671651336,161.82547068287323,11.721296482260357,2024-02-27,170.34085356046225,SMA20,-0.018472908813224,2024-02-26,11,2024-02-09,501,491,491,309,62.93279022403259,489,385,78.7321063394683,0.9760479041916168,True,19961.5,17272.512490234374,STRONG_MOMENTUM,POINT_IN_TIME,501,491,489,STRONG_MOMENTUM,MOMENTUM_ENABLED,True,True,True,0.9800399201596807,19244.2530078125,-0.022472908813224002,-0.024472908813224004,-0.026472908813224002
CASTROLIND-2024-02-27,CASTROLIND,2024-02-16,2024-02-27,6,177.56484985351562,8.32907256611726,7.488592665317014,169.058502078986,1.0212839073024185,175.42758178710938,174.8291462713155,171.19363555908205,158.3293733215332,125.083042678833,823701098.9631882,74.54175152749491,89.40936863543789,71.69042769857434,79.63340122199594,0.9800399201596808,1.414579775479293,True,0.9780439121756488,84.53061224489795,True,True,True,True,True,True,True,True,True,True,True,True,True,True,,2024-02-28,176.6671896871706,167.18635391265676,9.48083577451385,2024-02-29,168.71652237435754,SMA20,-0.0450036440093462,2024-02-28,1,2024-02-27,501,491,491,284,57.841140529531565,490,387,78.9795918367347,0.9780439121756488,True,20292.849609375,17547.430747070313,NORMAL,POINT_IN_TIME,501,491,490,NORMAL,MOMENTUM_ENABLED,True,True,True,0.9800399201596807,19620.213046875,-0.0490036440093462,-0.0510036440093462,-0.0530036440093462
CASTROLIND-2024-08-07,CASTROLIND,2024-07-30,2024-08-07,6,237.29969787597656,11.414926395678668,12.214938707800671,210.00745368325136,2.3909259899439355,227.16416931152344,224.8392407811625,226.1437644958496,199.8722595214844,165.0799845123291,2144366014.4827728,68.96551724137932,89.4523326572008,81.13590263691684,80.81135902636916,0.9801192842942346,1.1087551314713109,True,0.9801192842942346,88.70182555780933,True,True,True,True,True,True,True,True,True,True,True,True,True,True,,2024-08-08,226.23188645499965,206.9537190063012,19.27816744869844,2024-08-13,228.0520377734317,SMA20,0.008045511828387,2024-08-12,3,2024-08-07,503,493,493,276,55.98377281947262,487,401,82.34086242299796,0.9681908548707754,True,22848.900390625,20148.513515625,NORMAL,POINT_IN_TIME,503,493,487,NORMAL,MOMENTUM_ENABLED,True,True,True,0.9801192842942346,22478.956015625,0.0040455118283869995,0.0020455118283869995,4.551182838699944e-05
CASTROLIND-2024-09-03,CASTROLIND,2024-08-27,2024-09-03,5,244.03387451171875,10.601455078353178,9.623558347401069,231.3371951562573,1.1976355379165304,238.39584350585932,235.73221336241332,230.5647415161133,221.3335748291016,175.22834411621093,1215836948.1085052,65.11156186612575,93.30628803245436,80.12170385395537,80.89249492900608,0.9820717131474104,2.4127389871135936,True,0.9801192842942346,81.6632860040568,True,True,True,True,True,True,True,True,True,True,True,True,True,True,,2024-09-04,237.06402732363932,228.93130556940704,8.132721754232335,2024-09-10,230.13857088538768,SMA20,-0.029213442952258,2024-09-09,4,2024-09-03,502,493,493,301,61.05476673427992,489,411,84.04907975460122,0.9741035856573704,True,23788.44921875,20707.80728515625,STRONG_MOMENTUM,POINT_IN_TIME,502,493,489,STRONG_MOMENTUM,MOMENTUM_ENABLED,True,True,True,0.9820717131474104,23063.5529296875,-0.033213442952258004,-0.035213442952258,-0.037213442952258
CDSL-2024-05-06,CDSL,2024-04-25,2024-05-06,6,1047.49609375,39.04471135024976,38.1124455175295,991.0063681594902,1.4467958306509148,1045.231689453125,1021.540054102791,979.9031707763672,920.6292980957032,788.4369708251953,3251068552.161377,89.95901639344262,82.78688524590164,81.76229508196722,84.6311475409836,0.9740518962075848,2.776031416975678,True,0.9740518962075848,81.45491803278689,True,True,True,True,True,True,True,True,True,True,True,True,True,True,,2024-05-07,1048.8595757126182,981.4782567801078,67.38131893251034,2024-05-13,973.9620074682196,SMA20,-0.0714085755412124,2024-05-10,4,2024-05-06,501,493,492,314,63.82113821138211,479,368,76.82672233820459,0.9560878243512974,True,20864.94921875,18520.547255859376,STRONG_MOMENTUM,POINT_IN_TIME,501,492,479,STRONG_MOMENTUM,MOMENTUM_ENABLED,True,True,True,0.9820359281437125,20389.3310546875,-0.0754085755412124,-0.0774085755412124,-0.07940857554121239
CENTRALBK-2023-10-10,CENTRALBK,2023-10-03,2023-10-10,5,50.6010971069336,2.869472469373684,2.8861102366529425,44.76992249084838,2.0321416839932174,47.56502914428711,46.84215562979596,46.30000190734863,38.16671955108642,29.87271836280823,2445385258.646303,98.77551020408164,97.95918367346938,95.51020408163264,97.46938775510203,0.9780439121756488,0.5608349775402449,True,0.9780439121756488,98.16326530612244,True,True,True,True,True,True,True,True,True,True,True,True,True,True,,2023-10-11,47.854183335452696,44.048394931685145,3.805788403767551,2023-10-13,46.74577528220252,SMA20,-0.0231621976595099,2023-10-12,2,2023-10-10,501,491,491,290,59.063136456211815,488,431,88.31967213114754,0.9740518962075848,True,17303.349609375,15843.93701171875,NORMAL,POINT_IN_TIME,501,491,488,NORMAL,MOMENTUM_ENABLED,True,True,True,0.9800399201596807,17130.74,-0.0271621976595099,-0.0291621976595099,-0.0311621976595099
CENTURYPLY-2024-10-01,CENTURYPLY,2024-09-23,2024-10-01,6,915.340087890625,32.637754280560394,31.71438302119564,862.4071530004919,1.6218314052833238,895.964599609375,892.2693358951958,849.1902435302734,778.002509765625,723.1658413696289,120651284.23010254,92.0245398773006,86.29856850715747,74.23312883435584,84.39672801635993,0.978,0.9034967215914576,True,0.986,86.47058823529412,True,True,True,True,True,True,True,True,True,True,True,True,True,True,,2024-10-03,888.8736438879055,854.478557245193,34.3950866427125,2024-10-08,838.9369277337985,SMA20,-0.0561797691915865,2024-10-07,3,2024-10-01,500,494,494,306,61.943319838056674,485,401,82.68041237113401,0.97,True,24271.30078125,21342.95153320313,STRONG_MOMENTUM,POINT_IN_TIME,500,494,485,STRONG_MOMENTUM,MOMENTUM_ENABLED,True,True,True,0.988,23526.3579296875,-0.060179769191586505,-0.0621797691915865,-0.0641797691915865
CERA-2023-08-18,CERA,2023-08-14,2023-08-18,3,8224.5,245.17516137418048,237.79488343444467,8016.075192032851,0.8501057235934918,8215.11328125,8195.947768723527,7775.831762695312,7566.575029296875,6253.066357421875,168295363.18701172,81.39059304703477,53.578732106339466,80.98159509202453,70.14314928425358,0.9741035856573704,0.5480366799905949,True,0.9741035856573704,77.87321063394683,True,True,True,True,True,True,True,True,True,True,True,True,True,True,,2023-08-21,8267.207948789423,7956.62647117424,310.58147761518285,2023-09-13,8649.182270812815,SMA20,0.0462035459116914,2023-09-12,17,2023-08-18,502,491,491,307,62.52545824847251,483,391,80.95238095238095,0.9621513944223108,True,16757.69921875,15574.669506835937,STRONG_MOMENTUM,POINT_IN_TIME,502,491,483,STRONG_MOMENTUM,MOMENTUM_ENABLED,True,True,True,0.9780876494023905,16595.48607421875,0.0422035459116914,0.0402035459116914,0.0382035459116914
CESC-2023-11-29,CESC,2023-11-22,2023-11-29,4,87.59056091308594,2.7656847624637604,2.6121574830656367,84.65186469499456,1.0625564626799675,86.84492492675781,86.49402828764734,81.0881576538086,79.15958648681641,67.95615810394287,377894044.1598129,83.87755102040816,79.18367346938776,73.06122448979592,78.75510204081633,0.9780439121756488,2.256251206128165,True,0.9780439121756488,83.69387755102042,True,True,True,True,True,True,True,True,True,True,True,True,True,True,,2023-11-30,87.19581375840349,83.99882532422815,3.1969884341753385,2024-01-24,116.23184041442596,SMA20,0.33299794341588,2024-01-23,37,2023-11-29,501,491,491,336,68.43177189409369,488,420,86.0655737704918,0.9740518962075848,True,17904.099609375,16167.458237304689,STRONG_MOMENTUM,POINT_IN_TIME,501,491,488,STRONG_MOMENTUM,MOMENTUM_ENABLED,True,True,True,0.9800399201596807,17291.4498828125,0.32899794341588,0.32699794341588,0.32499794341588
CESC-2024-04-26,CESC,2024-04-22,2024-04-26,4,130.01361083984375,5.050833672331694,4.605865878473518,127.2965067606745,0.5379516047129914,129.96832275390625,129.01733592407405,124.194474029541,117.24863983154296,94.97638925552369,731179778.1212692,87.90983606557377,46.72131147540984,85.45081967213115,70.69672131147541,0.9740518962075848,0.852504134637813,True,0.9740518962075848,78.38114754098362,True,True,True,True,True,True,True,True,True,True,True,True,True,True,,2024-04-29,130.8740324281372,126.14504029105612,4.728992137081093,2024-05-08,126.79836366234755,SMA20,-0.0311419209003711,2024-05-07,6,2024-04-26,501,493,492,349,70.9349593495935,479,378,78.91440501043841,0.9560878243512974,True,20839.349609375,18410.091015625,STRONG_MOMENTUM,POINT_IN_TIME,501,492,479,STRONG_MOMENTUM,MOMENTUM_ENABLED,True,True,True,0.9820359281437125,20278.9591015625,-0.035141920900371104,-0.0371419209003711,-0.0391419209003711
CGPOWER-2024-05-24,CGPOWER,2024-05-17,2024-05-24,4,651.8114624023438,23.606755969437977,24.086372984829072,619.4473945454546,1.3709663411096666,644.4922485351562,643.2972023617276,590.4641937255859,538.9366900634766,455.4823672485352,1821888788.4696045,91.42857142857144,95.91836734693877,84.28571428571429,91.08163265306122,0.9780439121756488,0.4255396471536667,True,0.9780439121756488,93.79591836734694,True,True,True,True,True,True,True,True,True,True,True,True,True,True,,2024-05-27,651.7118839860683,613.4258012992473,38.28608268682103,2024-06-06,642.301436465445,SMA20,-0.0144395825085559,2024-06-05,8,2024-05-24,501,493,492,336,68.29268292682927,480,364,75.83333333333333,0.9580838323353292,True,21483.75,18786.948759765623,STRONG_MOMENTUM,POINT_IN_TIME,501,492,480,STRONG_MOMENTUM,MOMENTUM_ENABLED,True,True,True,0.9820359281437125,20551.7060546875,-0.018439582508555902,-0.0204395825085559,-0.0224395825085559
CHALET-2023-10-11,CHALET,2023-10-06,2023-10-11,3,608.3759765625,19.28578706188705,19.39336802636549,584.352613348969,1.2456511697677302,605.0297241210938,604.3305111867593,567.0817657470703,533.5988580322265,424.3146746826172,113413287.85253906,87.34693877551021,88.57142857142857,87.75510204081633,87.95918367346938,0.9780439121756488,0.9533001485845838,True,0.9780439121756488,90.10204081632654,True,True,True,True,True,True,True,True,True,True,True,True,True,True,,2023-10-12,604.3304911181193,579.5042713423777,24.82621977574161,2023-10-25,572.1661061091179,SMA20,-0.053223170900233,2023-10-23,8,2023-10-11,501,491,491,310,63.13645621181263,488,436,89.34426229508196,0.9740518962075848,True,17407.349609375,15852.197758789063,STRONG_MOMENTUM,POINT_IN_TIME,501,491,488,STRONG_MOMENTUM,MOMENTUM_ENABLED,True,True,True,0.9800399201596807,17139.92,-0.057223170900233,-0.059223170900233,-0.061223170900233
CHALET-2024-04-10,CHALET,2024-04-01,2024-04-10,7,900.4025268554688,47.05783363151684,36.62328404867195,841.6176168521816,1.2492056150225348,858.69873046875,858.0494260269754,817.9163757324219,811.3741235351563,624.5088905334472,331207538.05200195,91.59836065573772,84.01639344262296,77.6639344262295,84.38524590163935,0.9740518962075848,0.2253869436938442,True,0.9680638722554892,88.80412371134021,True,True,True,True,True,True,True,True,True,True,True,True,True,True,,2024-04-12,865.041673264434,832.4617958400137,32.579877424420374,2024-05-02,872.4334967726609,SMA20,0.0085450490267504,2024-04-30,12,2024-04-10,501,493,492,344,69.91869918699187,479,382,79.74947807933194,0.9560878243512974,True,20915.19921875,18187.38927734375,STRONG_MOMENTUM,POINT_IN_TIME,501,492,479,STRONG_MOMENTUM,MOMENTUM_ENABLED,True,True,True,0.9820359281437125,20121.5771484375,0.004545049026750399,0.0025450490267503994,0.0005450490267503993
CHAMBLFERT-2024-01-12,CHAMBLFERT,2024-01-03,2024-01-12,7,367.8067321777344,11.691816023987668,11.55714475207554,350.0203598888804,1.521266863279611,365.0008544921875,363.2412531723699,351.03808746337893,320.45487609863284,274.2030534362793,1264175524.4078827,56.12244897959183,85.51020408163265,73.46938775510205,73.08163265306123,0.9780439121756488,2.185675420324608,True,0.9780439121756488,86.9591836734694,True,True,True,True,True,True,True,True,True,True,True,True,True,True,,2024-01-15,365.0483948953935,347.13107370086146,17.917321194532008,2024-01-23,357.1539378166199,SMA20,-0.0216257821953602,2024-01-19,5,2024-01-12,501,491,491,417,84.928716904277,489,437,89.36605316973414,0.9760479041916168,True,19745.599609375,16813.61197265625,STRONG_MOMENTUM,POINT_IN_TIME,501,491,489,STRONG_MOMENTUM,MOMENTUM_ENABLED,True,True,True,0.9800399201596807,18377.1729296875,-0.0256257821953602,-0.027625782195360202,-0.0296257821953602
CHAMBLFERT-2024-12-16,CHAMBLFERT,2024-12-05,2024-12-16,7,527.024658203125,15.14063881984727,13.63513326806645,500.18986158026905,1.7723688506246686,514.4050903320312,511.55234049628746,491.45045318603513,474.7452966308594,437.0109608459472,702251815.2851257,81.78137651821862,76.51821862348179,79.75708502024291,79.06882591093117,0.988,0.5481974680574372,True,0.988,84.79757085020242,True,True,True,True,True,True,True,True,True,True,True,True,True,True,,2024-12-17,523.1565317877239,496.7810782632524,26.37545352447148,2024-12-23,495.0163216301717,SMA20,-0.0537892742376585,2024-12-20,4,2024-12-16,500,496,496,293,59.07258064516129,488,290,59.42622950819673,0.976,True,23352.44921875,22223.811494140624,NORMAL,POINT_IN_TIME,500,496,488,NORMAL,MOMENTUM_ENABLED,True,True,True,0.992,22916.50890625,-0.057789274237658506,-0.0597892742376585,-0.0617892742376585
CHENNPETRO-2025-07-15,CHENNPETRO,2025-07-04,2025-07-15,7,727.7493896484375,28.616088447562102,26.589315002833256,671.5508215684765,1.96388015024984,701.84423828125,684.9044764960969,658.5228088378906,635.1298840332031,604.3129602050781,1229894639.5465393,97.38430583501008,67.6056338028169,80.28169014084507,80.3420523138833,0.994,1.189645027373376,True,0.9920159680638724,88.18913480885313,True,True,True,True,True,True,True,True,True,True,True,True,True,True,,2025-07-16,704.9112933690556,664.9034928177682,40.00780055128735,2025-07-28,646.4951308386188,SMA20,-0.0828702321553713,2025-07-25,8,2025-07-15,500,497,497,370,74.44668008048289,479,310,64.71816283924844,0.958,True,23449.150390625,22285.705234375,STRONG_MOMENTUM,POINT_IN_TIME,500,497,479,STRONG_MOMENTUM,MOMENTUM_ENABLED,True,True,True,0.994,23003.283984375,-0.0868702321553713,-0.0888702321553713,-0.0908702321553713
CHOLAFIN-2026-08-13,CHOLAFIN,2026-08-06,2026-08-13,5,1940.0,56.862761592023965,52.96930109983749,1862.0,1.3717237400397542,1927.9000244140625,1917.5999755859373,1830.444580078125,1759.2844213867188,1665.3407318115237,2653137535.34668,74.8,88.6,65.8,77.61999999999999,1.0,0.6191222604050612,True,1.0,76.3,True,True,True,True,True,True,True,True,True,True,True,True,True,True,,2026-08-14,1900.0999755859373,1848.7576747250407,51.34230086089679,2026-08-24,1856.300048828125,SMA20,-0.023051380096095,2026-08-21,6,2026-08-13,500,500,500,290,57.99999999999999,420,252,60.0,0.84,True,23658.099609375,23086.29630859375,NORMAL,POINT_IN_TIME,500,500,420,NORMAL,MOMENTUM_ENABLED,True,True,True,1.0,23162.01,-0.027051380096095,-0.029051380096095,-0.031051380096095
CHOLAHLDNG-2024-08-09,CHOLAHLDNG,2024-08-01,2024-08-09,6,1544.7152099609375,55.64133238273418,64.5561510846362,1427.1889850657146,2.112210830732945,1540.3717041015625,1504.72423213928,1494.9302917480468,1382.811787109375,1154.2578427124024,356328457.2194824,77.079107505071,92.69776876267748,78.70182555780933,83.81338742393508,0.9801192842942346,2.429167662656617,True,0.9801192842942346,70.89249492900609,True,True,True,True,True,True,True,True,True,True,True,True,True,True,,2024-08-12,1537.575794232847,1411.0499472945555,126.5258469382918,2024-08-13,1532.8327063717277,SMA20,-0.0030847831234792,2024-08-12,1,2024-08-09,503,493,493,258,52.33265720081136,487,402,82.54620123203286,0.9681908548707754,True,22923.5,20203.106015625,NORMAL,POINT_IN_TIME,503,493,487,NORMAL,MOMENTUM_ENABLED,True,True,True,0.9801192842942346,22538.6669921875,-0.0070847831234792,-0.0090847831234792,-0.0110847831234792
CHOLAHLDNG-2025-07-10,CHOLAHLDNG,2025-06-30,2025-07-10,8,2162.801025390625,79.7781445236184,80.7382430951396,2000.4411826548271,2.035141876328436,2113.274169921875,2094.402132181021,2054.52611694336,1942.8303247070312,1725.3118060302734,370437913.4859619,85.51307847082495,63.38028169014085,94.96981891348088,79.49698189134809,0.994,0.6987483270804538,True,0.9900199600798404,88.75,True,True,True,True,True,True,True,True,True,True,True,True,True,True,,2025-07-11,2101.891122137306,1980.2566218810423,121.63450025626366,2025-07-15,2046.5728851326407,SMA20,-0.0263183170726818,2025-07-14,2,2025-07-10,500,497,497,379,76.25754527162978,479,303,63.25678496868476,0.958,True,23471.400390625,22295.232734375,STRONG_MOMENTUM,POINT_IN_TIME,500,497,479,STRONG_MOMENTUM,MOMENTUM_ENABLED,True,True,True,0.994,22925.6209765625,-0.0303183170726818,-0.0323183170726818,-0.0343183170726818
CIEINDIA-2024-07-16,CIEINDIA,2024-07-09,2024-07-16,5,600.14892578125,18.069419733389434,18.4286633608144,570.1899473303965,1.65799338843704,593.8953857421875,584.6362056003638,572.490200805664,533.3940393066406,475.5376780700684,184014005.27664185,68.76267748478702,76.8762677484787,63.69168356997972,70.4868154158215,0.9801192842942346,1.14023698859384,True,0.9820717131474104,71.58215010141988,True,True,True,True,True,True,True,True,True,True,True,True,True,True,,2024-07-18,593.8953341801681,565.5827814901929,28.312552689975178,2024-07-22,564.2757248131484,SMA20,-0.0498734501895145,2024-07-19,2,2024-07-16,503,493,493,413,83.77281947261663,484,421,86.98347107438018,0.9622266401590456,True,23204.25,19716.877265625,STRONG_MOMENTUM,POINT_IN_TIME,503,493,484,STRONG_MOMENTUM,MOMENTUM_ENABLED,True,True,True,0.9801192842942346,21836.4141015625,-0.053873450189514505,-0.0558734501895145,-0.0578734501895145
CLEAN-2024-08-12,CLEAN,2024-08-02,2024-08-12,6,1634.6260986328125,66.3609043626126,68.25628685872267,1530.987913670257,1.5617355724426305,1621.2501220703125,1596.8269381333305,1527.1932556152344,1450.9599096679688,1395.9155096435547,336096760.7167969,84.78701825557809,79.71602434077079,55.172413793103445,73.87423935091277,0.9801192842942346,1.3475482142731592,True,0.9801192842942346,70.06085192697769,True,True,True,True,True,True,True,True,True,True,True,True,True,True,,2024-08-13,1632.4461399146596,1513.9238419555763,118.52229795908328,2024-08-20,1542.679472101485,SMA20,-0.0549890533098182,2024-08-19,4,2024-08-12,503,493,493,250,50.70993914807303,487,396,81.3141683778234,0.9681908548707754,True,22915.849609375,20230.586767578126,NORMAL,POINT_IN_TIME,503,493,487,NORMAL,MOMENTUM_ENABLED,True,True,True,0.9801192842942346,22576.21296875,-0.0589890533098182,-0.0609890533098182,-0.0629890533098182
COALINDIA-2023-12-22,COALINDIA,2023-12-19,2023-12-22,3,314.7489929199219,7.881256416266765,8.799628101691596,296.86501224356294,2.2691788887171254,311.5752868652344,306.0428514207612,300.2402282714844,278.5949783325196,214.27183753967284,3983040336.301529,63.26530612244898,89.38775510204081,89.79591836734694,81.6734693877551,0.9780439121756488,1.0468671254145443,True,0.9780439121756488,84.57142857142857,True,True,True,True,True,True,True,True,True,True,True,True,True,True,,2023-12-26,312.0470669200117,294.66510521814007,17.381961701871603,2024-01-19,326.50008608257934,SMA20,0.0463167922237592,2024-01-18,18,2023-12-22,501,491,491,401,81.67006109979633,489,438,89.57055214723927,0.9760479041916168,True,19054.69921875,16496.604721679687,STRONG_MOMENTUM,POINT_IN_TIME,501,491,489,STRONG_MOMENTUM,MOMENTUM_ENABLED,True,True,True,0.9800399201596807,17773.596875,0.0423167922237592,0.0403167922237592,0.0383167922237592
COCHINSHIP-2023-08-23,COCHINSHIP,2023-08-17,2023-08-23,4,426.1167907714844,18.03243550553904,20.127938306881127,397.6019697118249,1.5813072533047778,421.9806823730469,412.0297122907929,350.4271667480469,316.5930407714844,269.92427040100097,1136187819.88385,96.93251533742333,98.97750511247445,95.91002044989774,97.4437627811861,0.9741035856573704,4.131573319618941,True,0.9741035856573704,98.07770961145197,True,True,True,True,True,True,True,True,True,True,True,True,True,True,,2023-08-24,424.8029820033482,392.5699851351046,32.23299686824362,2023-09-25,491.63422181774206,SMA20,0.1573229064900188,2023-09-22,21,2023-08-23,502,492,491,351,71.4867617107943,483,404,83.64389233954451,0.9621513944223108,True,16950.25,15597.192260742188,STRONG_MOMENTUM,POINT_IN_TIME,502,491,483,STRONG_MOMENTUM,MOMENTUM_ENABLED,True,True,True,0.9780876494023905,16655.08609375,0.15332290649001878,0.15132290649001878,0.14932290649001878
COCHINSHIP-2024-01-16,COCHINSHIP,2024-01-10,2024-01-16,4,789.3307495117188,35.698817950264484,35.9227793478474,738.0065542391676,1.4377001318098517,778.8594360351562,777.7287476457302,682.7617797851562,610.2947674560547,414.210396194458,3304296557.406128,96.93877551020408,95.10204081632652,98.9795918367347,96.81632653061224,0.9780439121756488,1.5836803304491698,True,0.9780439121756488,96.46938775510203,True,True,True,True,True,True,True,True,True,True,True,True,True,True,,2024-01-17,779.6951446607284,729.0258594022057,50.66928525852268,2024-02-13,806.9841955297613,SMA20,0.0349996419189032,2024-02-12,17,2024-01-16,501,491,491,405,82.4847250509165,489,433,88.5480572597137,0.9760479041916168,True,19827.55078125,16867.82098144531,STRONG_MOMENTUM,POINT_IN_TIME,501,491,489,STRONG_MOMENTUM,MOMENTUM_ENABLED,True,True,True,0.9800399201596807,18500.753984375,0.0309996419189032,0.028999641918903203,0.0269996419189032
COCHINSHIP-2024-01-25,COCHINSHIP,2024-01-19,2024-01-25,3,859.041259765625,41.879348344698485,43.72032807666712,782.890716956252,1.8183316078033689,856.9765014648438,840.1634130475571,743.0332977294922,651.9830102539063,433.0575547790528,2905957419.597656,95.10204081632652,97.14285714285714,98.36734693877553,96.89795918367346,0.9780439121756488,0.6001154173070653,True,0.9780439121756488,97.93877551020408,True,True,True,True,True,True,True,True,True,True,True,True,True,True,,2024-01-29,863.2198782982908,771.9606349370853,91.25924336120556,2024-02-13,806.9841955297613,SMA20,-0.065146417711545,2024-02-12,11,2024-01-25,501,491,491,321,65.37678207739307,489,407,83.23108384458078,0.9760479041916168,True,19393.0,17020.314487304688,STRONG_MOMENTUM,POINT_IN_TIME,501,491,489,STRONG_MOMENTUM,MOMENTUM_ENABLED,True,True,True,0.9800399201596807,18777.58796875,-0.069146417711545,-0.071146417711545,-0.07314641771154501
COCHINSHIP-2024-02-08,COCHINSHIP,2024-01-31,2024-02-08,6,896.8953247070312,43.68982332555747,40.8999484520857,848.7174133633391,1.1027261654205234,896.1088256835938,881.9503241309632,839.6766754150391,713.7981799316407,461.8507403564453,3310346437.6389465,96.53061224489797,96.12244897959184,98.57142857142858,96.9795918367347,0.9780439121756488,1.020410887668251,True,0.9780439121756488,97.38775510204084,True,True,True,True,True,True,True,True,True,True,True,True,True,True,,2024-02-09,900.1399517458204,838.4924262503177,61.64752549550269,2024-02-13,806.9841955297613,SMA20,-0.103490302852777,2024-02-12,2,2024-02-08,501,491,491,324,65.9877800407332,489,392,80.16359918200409,0.9760479041916168,True,19987.55078125,17246.9894921875,STRONG_MOMENTUM,POINT_IN_TIME,501,491,489,STRONG_MOMENTUM,MOMENTUM_ENABLED,True,True,True,0.9800399201596807,19197.8930078125,-0.107490302852777,-0.109490302852777,-0.111490302852777
COCHINSHIP-2024-04-16,COCHINSHIP,2024-04-08,2024-04-16,5,1126.5201416015625,54.00016496034937,54.76702628323024,1011.0251612638408,2.138789398560655,1089.1571044921875,1071.0431090297734,975.2958282470704,896.4952319335938,602.8022857666016,3884745404.043396,99.59016393442624,94.05737704918032,97.74590163934424,96.82377049180327,0.9740518962075848,1.1077902294858433,True,0.9720558882235528,98.48049281314168,True,True,True,True,True,True,True,True,True,True,True,True,True,True,,2024-04-18,1105.592810303625,997.3334046930332,108.25940561059156,2024-05-14,1224.0491974640056,SMA20,0.1071428703736319,2024-05-13,17,2024-04-16,501,493,492,272,55.28455284552846,479,366,76.40918580375782,0.9560878243512974,True,20423.0,18253.716274414062,NORMAL,POINT_IN_TIME,501,492,479,NORMAL,MOMENTUM_ENABLED,True,True,True,0.9820359281437125,20180.94515625,0.1031428703736319,0.1011428703736319,0.0991428703736319
COCHINSHIP-2024-06-03,COCHINSHIP,2024-05-29,2024-06-03,3,1992.0909423828125,124.56861779285823,124.18140610513387,1876.546612695375,0.927555685650884,1987.10595703125,1984.144498431196,1570.3688842773438,1272.6667639160155,780.4121546936035,14054598277.419497,99.3877551020408,100.0,100.0,99.81632653061224,0.9780439121756488,0.6167152292818172,True,0.9780439121756488,99.87755102040816,True,True,True,True,True,True,True,True,True,True,True,True,True,True,,2024-06-04,1983.15735582638,1845.5012611690915,137.65609465728812,2024-07-25,2487.633857310478,SMA20,0.2543804706177152,2024-07-24,35,2024-06-03,501,493,493,303,61.4604462474645,480,347,72.29166666666667,0.9580838323353292,True,21797.400390625,18918.27002929688,STRONG_MOMENTUM,POINT_IN_TIME,501,493,480,STRONG_MOMENTUM,MOMENTUM_ENABLED,True,True,True,0.9840319361277445,20707.5680859375,0.2503804706177152,0.24838047061771518,0.24638047061771517
COFORGE-2023-09-15,COFORGE,2023-09-06,2023-09-15,7,1088.9212646484375,32.0006551701289,28.92509497932169,1039.0976000873436,1.5569576402798757,1087.6243896484375,1072.3426592960998,1040.4786468505858,978.9578515625,843.6329507446289,2326805004.175415,77.9591836734694,73.87755102040816,71.83673469387755,74.48979591836735,0.9780439121756488,1.0263199960925184,True,0.9760956175298804,73.71428571428572,True,True,True,True,True,True,True,True,True,True,True,True,True,True,,2023-09-18,1082.610779866152,1031.8663263425133,50.74445352363864,2023-09-21,1044.381887922539,SMA20,-0.0353117599183147,2023-09-20,2,2023-09-15,501,491,491,409,83.29938900203666,488,452,92.62295081967213,0.9740518962075848,True,17665.80078125,15738.055517578125,STRONG_MOMENTUM,POINT_IN_TIME,501,491,488,STRONG_MOMENTUM,MOMENTUM_ENABLED,True,True,True,0.9800399201596807,16987.11109375,-0.039311759918314704,-0.0413117599183147,-0.0433117599183147
COHANCE-2023-10-20,COHANCE,2023-10-12,2023-10-20,6,589.9500122070312,16.391278757574504,17.219763494557302,564.8499755859375,1.531304359612265,589.0999755859375,576.0999755859375,564.8725006103516,537.02,495.0449995422363,150050126.0,87.75510204081633,79.79591836734694,48.36734693877551,72.75510204081633,0.9780439121756488,3.2304217217271467,True,0.9780439121756488,73.51020408163265,True,True,True,True,True,True,True,True,True,True,True,True,True,True,,2023-10-23,588.0499877929688,560.5450347122982,27.50495308067059,2023-10-27,569.9500122070312,SMA20,-0.0307796547260704,2023-10-26,3,2023-10-20,501,491,491,267,54.37881873727088,489,420,85.88957055214725,0.9760479041916168,True,17208.75,15919.529750976562,NORMAL,POINT_IN_TIME,501,491,489,NORMAL,MOMENTUM_ENABLED,True,True,True,0.9800399201596807,17199.84796875,-0.0347796547260704,-0.0367796547260704,-0.038779654726070395
COHANCE-2024-07-23,COHANCE,2024-07-18,2024-07-23,3,872.2999877929688,32.368391858838514,35.239601306010364,815.0499877929688,1.7687007822221268,867.0999755859375,852.0,819.464990234375,723.2439953613281,662.4277474975586,263900177.09277344,97.16024340770792,88.64097363083164,56.99797160243407,81.70385395537525,0.9801192842942346,1.0523550372634003,True,0.9801192842942346,78.84381338742395,True,True,True,True,True,True,True,True,True,True,True,True,True,True,,2024-07-24,855.4000244140625,806.2400874664662,49.15993694759629,2024-09-30,1164.6500244140625,SMA20,0.3615267607828654,2024-09-27,47,2024-07-23,503,493,493,335,67.95131845841786,485,404,83.29896907216495,0.9642147117296224,True,22865.19921875,19826.073515625,STRONG_MOMENTUM,POINT_IN_TIME,503,493,485,STRONG_MOMENTUM,MOMENTUM_ENABLED,True,True,True,0.9801192842942346,22022.830078125,0.3575267607828654,0.3555267607828654,0.3535267607828654
COHANCE-2024-09-19,COHANCE,2024-09-13,2024-09-19,4,1208.0,49.14362636335129,52.0910106124199,1134.949951171875,1.4864602845548625,1179.5,1167.5,1135.525,1017.1819970703124,760.7862469482421,331147928.5925293,93.50912778904666,98.98580121703854,95.33468559837728,96.2474645030426,0.9840319361277444,8.937276192284738,True,0.9820717131474104,97.16024340770792,True,True,True,True,True,True,True,True,True,True,True,True,True,True,,2024-09-20,1189.949951171875,1121.92719851877,68.02275265310504,2024-09-30,1164.6500244140625,SMA20,-0.0212613368595014,2024-09-27,6,2024-09-19,501,494,493,272,55.172413793103445,489,388,79.34560327198365,0.9760479041916168,True,23853.94921875,21089.112783203123,NORMAL,POINT_IN_TIME,501,493,489,NORMAL,MOMENTUM_ENABLED,True,True,True,0.9840319361277445,23319.594921875,-0.0252613368595014,-0.027261336859501398,-0.0292613368595014
COLPAL-2023-12-22,COLPAL,2023-12-19,2023-12-22,3,2292.200927734375,46.83862735347384,47.65112150533658,2229.1337835421286,1.3464772081449332,2278.99072265625,2277.8546095059432,2193.274609375,2067.36396484375,1738.1853466796874,655909729.9970703,70.0,79.38775510204081,80.61224489795919,76.93877551020408,0.9780439121756488,0.4066419172996705,True,0.9780439121756488,78.20408163265307,True,True,True,True,True,True,True,True,True,True,True,True,True,True,,2023-12-26,2278.990310888725,2217.221003165794,61.769307722930535,2024-01-11,2272.646141174918,SMA20,-0.0027837633549803,2024-01-10,12,2023-12-22,501,491,491,401,81.67006109979633,489,438,89.57055214723927,0.9760479041916168,True,19054.69921875,16496.604721679687,STRONG_MOMENTUM,POINT_IN_TIME,501,491,489,STRONG_MOMENTUM,MOMENTUM_ENABLED,True,True,True,0.9800399201596807,17773.596875,-0.0067837633549803,-0.0087837633549803,-0.0107837633549803
COLPAL-2024-01-04,COLPAL,2023-12-29,2024-01-04,3,2395.513427734375,49.95310530556693,46.95412183188992,2330.457630491725,1.3023373991406288,2369.709228515625,2369.5195652516613,2286.234875488281,2134.757961425781,1777.2730932617187,605739798.5407715,63.6734693877551,77.55102040816327,76.73469387755102,73.14285714285714,0.9780439121756488,1.3028885012974858,True,0.9780439121756488,77.40816326530613,True,True,True,True,True,True,True,True,True,True,True,True,True,True,,2024-01-05,2372.123690025035,2318.7191000337525,53.40458999128259,2024-01-11,2272.646141174918,SMA20,-0.0419360715751999,2024-01-10,4,2024-01-04,501,491,491,431,87.78004073319755,489,446,91.20654396728015,0.9760479041916168,True,19541.25,16658.041723632814,STRONG_MOMENTUM,POINT_IN_TIME,501,491,489,STRONG_MOMENTUM,MOMENTUM_ENABLED,True,True,True,0.9800399201596807,18050.964921875,-0.0459360715751999,-0.0479360715751999,-0.0499360715751999
COLPAL-2024-09-20,COLPAL,2024-09-09,2024-09-20,9,3533.41357421875,63.47194728711042,66.26278202820626,3437.395697875668,1.5127608407656434,3512.73193359375,3504.3347501263715,3489.0153930664064,3312.438295898437,2706.1110571289064,1342010224.1589355,50.91277890466531,90.26369168356996,65.92292089249493,71.15618661257606,0.9840319361277444,3.0400358774706384,True,0.9820717131474104,78.07302231237323,True,True,True,True,True,True,True,True,True,True,True,True,True,True,,2024-09-23,3514.363421566666,3420.8300023686165,93.5334191980496,2024-10-11,3512.3960270330467,SMA20,-0.0005598153342782,2024-10-10,13,2024-09-20,501,494,493,281,56.99797160243407,489,392,80.16359918200409,0.9760479041916168,True,24193.80078125,21121.88478515625,NORMAL,POINT_IN_TIME,501,493,489,NORMAL,MOMENTUM_ENABLED,True,True,True,0.9840319361277445,23343.9179296875,-0.0045598153342782,-0.0065598153342782,-0.0085598153342782
CONCOR-2024-02-14,CONCOR,2024-02-08,2024-02-14,4,919.9246826171876,31.10171555586245,33.81418812513182,864.9236961592969,1.768422914134821,909.0889892578124,903.2841499277728,861.2669006347656,841.6239111328125,704.3647525024414,1694803371.475983,72.24489795918367,73.46938775510205,67.9591836734694,71.44897959183673,0.9780439121756488,0.7488099952850132,True,0.9780439121756488,70.12244897959184,True,True,True,True,True,True,True,True,True,True,True,True,True,True,,2024-02-15,918.1348371141282,856.470149128014,61.664687986114245,2024-02-29,921.2307359727008,SMA20,0.0033719435680095,2024-02-28,10,2024-02-14,501,491,491,281,57.23014256619145,489,380,77.70961145194273,0.9760479041916168,True,19922.30078125,17346.2194921875,NORMAL,POINT_IN_TIME,501,491,489,NORMAL,MOMENTUM_ENABLED,True,True,True,0.9800399201596807,19359.1840234375,-0.0006280564319904999,-0.0026280564319905,-0.0046280564319905
CONCOR-2024-05-03,CONCOR,2024-04-26,2024-05-03,4,1033.2645263671875,33.32577121267595,33.064125572417915,991.0342399433168,1.2671960734042291,1024.99267578125,1021.219480918042,936.930551147461,915.471434326172,778.8912216186524,1864403184.7960813,90.3688524590164,82.58196721311475,73.36065573770492,82.15163934426229,0.9740518962075848,1.3447346103375868,True,0.9740518962075848,83.34016393442623,True,True,True,True,True,True,True,True,True,True,True,True,True,True,,2024-05-06,1034.2320115818698,982.7682085502124,51.46380303165745,2024-06-05,947.1591436778332,SMA20,-0.0841908458923618,2024-06-04,21,2024-05-03,501,493,492,350,71.13821138211382,479,374,78.07933194154488,0.9560878243512974,True,20959.55078125,18499.69776367188,STRONG_MOMENTUM,POINT_IN_TIME,501,492,479,STRONG_MOMENTUM,MOMENTUM_ENABLED,True,True,True,0.9820359281437125,20372.7720703125,-0.0881908458923618,-0.0901908458923618,-0.09219084589236179
CONCORDBIO-2024-12-11,CONCORDBIO,2024-12-05,2024-12-11,4,2171.41845703125,79.9628920322384,81.43145239103988,2045.6779036391044,1.5724863145451409,2167.81298828125,2083.755744249317,2031.11103515625,1931.3814477539063,1674.1820092773437,146686885.8413086,96.35627530364371,88.8663967611336,92.71255060728744,92.26720647773278,0.988,1.3721198615145846,True,0.988,94.06882591093115,True,True,True,True,True,True,True,True,True,True,True,True,True,True,,2024-12-12,2172.406196505745,2025.3200405413445,147.0861559644004,2024-12-18,2052.5426359480216,SMA20,-0.0551754827207363,2024-12-17,4,2024-12-11,500,496,496,317,63.91129032258065,488,309,63.31967213114754,0.976,True,23358.150390625,22176.7980078125,STRONG_MOMENTUM,POINT_IN_TIME,500,496,488,STRONG_MOMENTUM,MOMENTUM_ENABLED,True,True,True,0.992,22962.5919140625,-0.059175482720736305,-0.0611754827207363,-0.06317548272073631
COROMANDEL-2024-08-30,COROMANDEL,2024-08-22,2024-08-30,6,1760.4786376953125,53.52686575288224,46.27633034489836,1685.871769887549,1.3938209674409432,1737.454345703125,1720.803644217661,1690.6123779296877,1622.4947094726565,1275.0210485839843,660015413.6066284,76.47058823529412,87.62677484787018,93.91480730223124,86.16632860040568,0.9820717131474104,0.791338099283103,True,0.9801192842942346,90.91277890466532,True,True,True,True,True,True,True,True,True,True,True,True,True,True,,2024-09-02,1737.4541397125502,1674.302687301324,63.151452411226046,2024-09-05,1712.2064425390456,SMA20,-0.0145314322815344,2024-09-04,3,2024-08-30,502,493,493,299,60.649087221095336,488,408,83.60655737704919,0.9721115537848606,True,23734.55078125,20639.52029296875,STRONG_MOMENTUM,POINT_IN_TIME,502,493,488,STRONG_MOMENTUM,MOMENTUM_ENABLED,True,True,True,0.9820717131474104,23003.3959375,-0.0185314322815344,-0.020531432281534402,-0.0225314322815344
CRAFTSMAN-2023-08-22,CRAFTSMAN,2023-08-17,2023-08-22,3,4876.76953125,142.92166423410805,144.89101830442488,4693.417904826552,1.28288197178501,4822.56982421875,4802.363647168934,4701.3040771484375,4351.402641601562,3544.7400646972656,143006259.40234375,68.9161554192229,92.22903885480572,82.20858895705521,82.22903885480574,0.9741035856573704,0.7664987279892254,True,0.9741035856573704,85.72597137014316,True,True,True,True,True,True,True,True,True,True,True,True,True,True,,2023-08-23,4877.764596286042,4657.195150250446,220.56944603559623,2023-09-08,4829.189434489875,SMA20,-0.0099584883274508,2023-09-07,12,2023-08-22,502,492,491,336,68.43177189409369,483,401,83.02277432712215,0.9621513944223108,True,16905.25,15590.128012695312,STRONG_MOMENTUM,POINT_IN_TIME,502,491,483,STRONG_MOMENTUM,MOMENTUM_ENABLED,True,True,True,0.9780876494023905,16634.6630859375,-0.0139584883274508,-0.015958488327450802,-0.0179584883274508
CRAFTSMAN-2023-08-31,CRAFTSMAN,2023-08-24,2023-08-31,5,4928.330078125,141.50304685216403,134.95772478813367,4770.411544058043,1.11600801240657,4895.43310546875,4868.806045255881,4781.438037109375,4475.7330322265625,3601.7242602539063,131869566.21972656,66.53061224489795,85.51020408163265,78.16326530612245,77.61224489795919,0.9760956175298804,3.5275855756910124,True,0.9741035856573704,82.20858895705521,True,True,True,True,True,True,True,True,True,True,True,True,True,True,,2023-09-01,4915.240955238815,4736.672112861009,178.5688423778065,2023-09-08,4829.189434489875,SMA20,-0.0175070808394905,2023-09-07,5,2023-08-31,502,492,491,365,74.33808553971487,483,421,87.16356107660455,0.9621513944223108,True,16924.30078125,15638.749018554689,STRONG_MOMENTUM,POINT_IN_TIME,502,491,483,STRONG_MOMENTUM,MOMENTUM_ENABLED,True,True,True,0.9780876494023905,16749.742109375,-0.0215070808394905,-0.023507080839490498,-0.0255070808394905
CRAFTSMAN-2024-09-04,CRAFTSMAN,2024-08-26,2024-09-04,7,6250.84716796875,250.64780738719944,241.6179121227672,5773.083725082613,1.9061145910927155,6007.150390625,5925.5685930981945,5676.684790039062,5507.8478125,4798.694692382813,256613858.7055664,87.62677484787018,86.81541582150102,80.73022312373224,85.23326572008114,0.9820717131474104,1.7110097263706086,True,0.9801192842942346,90.85192697768764,True,True,True,True,True,True,True,True,True,True,True,True,True,True,,2024-09-05,6071.267837225389,5712.67924705192,358.5885901734682,2024-10-04,6297.001868253471,SMA20,0.037180707074726,2024-10-03,20,2024-09-04,502,493,493,295,59.83772819472617,489,408,83.43558282208589,0.9741035856573704,True,23748.900390625,20740.75478515625,NORMAL,POINT_IN_TIME,502,493,489,NORMAL,MOMENTUM_ENABLED,True,True,True,0.9820717131474104,23092.7489453125,0.03318070707472599,0.031180707074725998,0.029180707074725996
CRAFTSMAN-2024-09-12,CRAFTSMAN,2024-09-05,2024-09-12,5,6349.34423828125,254.47233185527045,249.27707719305292,5889.343641314726,1.807664486008432,6099.859375,6019.524822423914,5917.018774414062,5576.23568359375,4833.744650878906,323374593.70288086,85.19269776876268,93.71196754563894,82.75862068965517,87.87018255578094,0.9820717131474104,0.7431474894914315,True,0.9820717131474104,91.947261663286,True,True,True,True,True,True,True,True,True,True,True,True,True,True,,2024-09-13,6165.572958820693,5827.024372016463,338.5485868042306,2024-10-04,6297.001868253471,SMA20,0.0213165767902804,2024-10-03,14,2024-09-12,502,494,493,292,59.2292089249493,489,398,81.39059304703477,0.9741035856573704,True,23907.349609375,20931.13103515625,NORMAL,POINT_IN_TIME,502,493,489,NORMAL,MOMENTUM_ENABLED,True,True,True,0.9820717131474104,23223.0479296875,0.0173165767902804,0.0153165767902804,0.0133165767902804
CRAFTSMAN-2026-02-18,CRAFTSMAN,2026-02-11,2026-02-18,5,8109.1044921875,293.9547988348673,275.47903970268425,7643.672689874952,1.5833448004841382,7984.75634765625,7834.93903671103,7685.896044921875,7496.602021484375,6585.200249023437,370534154.8569336,68.67469879518072,95.38152610441767,77.10843373493977,81.88755020080322,0.994011976047904,1.0340450554575502,True,0.9920159680638724,85.63380281690141,True,True,True,True,True,True,True,True,True,True,True,True,True,True,,2026-02-19,7980.261726149579,7574.802929949281,405.4587962002979,2026-02-26,7785.49946679146,SMA20,-0.0244054977194451,2026-02-25,5,2026-02-18,501,499,449,232,51.67037861915368,444,181,40.76576576576576,0.8862275449101796,True,23645.80078125,23254.83354492188,NORMAL,POINT_IN_TIME,501,449,444,NORMAL,MOMENTUM_ENABLED,True,True,True,0.8962075848303394,23518.3460546875,-0.0284054977194451,-0.030405497719445097,-0.0324054977194451
CRAFTSMAN-2026-08-12,CRAFTSMAN,2026-08-06,2026-08-12,4,10555.0,323.9234503758333,336.9989500776805,10200.0,1.0959379433261471,10511.0,10404.0,9824.825,9475.00345703125,7973.616335449219,402237013.75,92.0,88.8,88.4,89.64,1.0,1.8190517505358783,True,1.0,88.76,True,True,True,True,True,True,True,True,True,True,True,True,True,True,,2026-08-13,10620.0,10115.75026248058,504.2497375194198,2026-08-26,10419.0,SMA20,-0.0189265536723163,2026-08-25,9,2026-08-12,500,500,500,287,57.4,420,243,57.85714285714286,0.84,True,23672.44921875,23085.996064453124,NORMAL,POINT_IN_TIME,500,500,420,NORMAL,MOMENTUM_ENABLED,True,True,True,1.0,23137.885,-0.0229265536723163,-0.024926553672316297,-0.0269265536723163
CRISIL-2024-02-29,CRISIL,2024-02-21,2024-02-29,6,4882.36669921875,172.30879984339495,163.8112067080522,4614.520254988675,1.5544559794596116,4837.38818359375,4748.540124103839,4504.582836914063,4194.06453125,3890.5596484375,136049161.07922363,97.9633401221996,60.4887983706721,59.063136456211815,71.30346232179227,0.9800399201596808,1.5966008986130102,True,0.9780439121756488,72.18367346938776,True,True,True,True,True,True,True,True,True,True,True,True,True,True,,2024-03-01,4878.075917616348,4573.567453311663,304.50846430468573,2024-03-14,4708.8157411141565,SMA20,-0.0346981431533152,2024-03-13,8,2024-02-29,501,491,491,264,53.76782077393075,490,373,76.12244897959184,0.9780439121756488,True,20090.05078125,17593.744506835938,NORMAL,POINT_IN_TIME,501,491,490,NORMAL,MOMENTUM_ENABLED,True,True,True,0.9800399201596807,19667.91609375,-0.0386981431533152,-0.0406981431533152,-0.0426981431533152
CROMPTON-2024-09-10,CROMPTON,2024-08-30,2024-09-10,7,467.2217102050781,13.88893818204471,13.163208805709363,447.9275836071922,1.389172184726756,457.3298034667969,456.7421636851736,450.7213073730469,432.6128717041016,340.8967245483398,1146272935.704559,69.77687626774848,64.50304259634888,91.27789046653145,74.11764705882352,0.9820717131474104,1.1570289187112666,True,0.9820717131474104,79.81744421906694,True,True,True,True,True,True,True,True,True,True,True,True,True,True,,2024-09-11,459.337541897719,444.6367814057649,14.700760491954156,2024-09-12,453.5101281380958,SMA20,-0.0126865610321065,2024-09-11,1,2024-09-10,502,494,493,279,56.5922920892495,489,403,82.41308793456032,0.9741035856573704,True,23643.650390625,20868.0712890625,NORMAL,POINT_IN_TIME,502,493,489,NORMAL,MOMENTUM_ENABLED,True,True,True,0.9820717131474104,23182.3839453125,-0.0166865610321065,-0.018686561032106502,-0.0206865610321065
CUB-2025-10-13,CUB,2025-10-06,2025-10-13,5,163.89950561523438,4.191441818188914,4.238813020905662,157.30874812501287,1.572432059445672,161.76698303222656,160.91992484397966,157.05946044921876,155.06640563964845,138.44698760986327,339944511.0005722,88.64097363083164,70.18255578093306,79.91886409736308,78.64097363083164,0.9840319361277444,1.0332622355985337,True,0.9840319361277444,80.52738336713996,True,True,True,True,True,True,True,True,True,True,True,True,True,True,,2025-10-14,162.695779669223,156.24904486978645,6.446734799436541,2025-12-09,197.0538946589708,SMA20,0.2111801243990551,2025-12-08,38,2025-10-13,501,498,498,260,52.20883534136546,481,292,60.70686070686071,0.9600798403193612,True,23294.80078125,22259.774775390622,NORMAL,POINT_IN_TIME,501,498,481,NORMAL,MOMENTUM_ENABLED,True,True,True,0.9940119760479041,22966.4270703125,0.2071801243990551,0.20518012439905509,0.20318012439905508
CUMMINSIND-2024-03-04,CUMMINSIND,2024-02-23,2024-03-04,6,2717.21875,79.46661607789932,84.0872024706334,2561.7323506672114,1.956625398272512,2690.10400390625,2671.2063388530887,2544.244189453125,2213.286884765625,1843.9523620605469,1308524209.8289795,97.75967413441956,91.0386965376782,84.928716904277,91.22199592668024,0.9800399201596808,1.5301381956135771,True,0.9800399201596808,90.77393075356416,True,True,True,True,True,True,True,True,True,True,True,True,True,True,,2024-03-05,2689.959314544455,2540.710550049553,149.24876449490193,2024-03-14,2574.588786435762,SMA20,-0.0428893208476765,2024-03-13,6,2024-03-04,501,491,491,277,56.41547861507128,490,377,76.93877551020408,0.9780439121756488,True,20432.05078125,17642.903266601563,NORMAL,POINT_IN_TIME,501,491,490,NORMAL,MOMENTUM_ENABLED,True,True,True,0.9800399201596807,19717.54109375,-0.0468893208476765,-0.0488893208476765,-0.0508893208476765
CUMMINSIND-2024-04-10,CUMMINSIND,2024-04-03,2024-04-10,5,2947.5244140625,78.78672124647203,75.59978224147251,2825.097544889225,1.553902323086667,2900.883056640625,2894.503530294702,2800.5349609375,2616.5114501953126,1978.722360839844,1532578989.5621338,74.79508196721312,96.31147540983606,90.77868852459017,88.19672131147541,0.9740518962075848,1.031807183033404,True,0.9700598802395208,93.10699588477368,True,True,True,True,True,True,True,True,True,True,True,True,True,True,,2024-04-12,2929.9311929822293,2806.197599328857,123.73359365337184,2024-05-31,3472.9498841615896,SMA20,0.1853349636605796,2024-05-30,32,2024-04-10,501,493,492,344,69.91869918699187,479,382,79.74947807933194,0.9560878243512974,True,20915.19921875,18187.38927734375,STRONG_MOMENTUM,POINT_IN_TIME,501,492,479,STRONG_MOMENTUM,MOMENTUM_ENABLED,True,True,True,0.9820359281437125,20121.5771484375,0.1813349636605796,0.1793349636605796,0.1773349636605796
CUMMINSIND-2024-07-04,CUMMINSIND,2024-06-27,2024-07-04,5,3967.296875,151.309694125148,142.60432264809316,3755.6963686435615,1.3984596795326485,3928.77587890625,3845.35340283472,3715.45703125,3524.5083349609376,2458.137495727539,3374779430.883789,82.1501014198783,85.39553752535497,96.75456389452332,87.82961460446246,0.9820717131474104,1.21963972925632,True,0.9780876494023903,80.69246435845214,True,True,True,True,True,True,True,True,True,True,True,True,True,True,,2024-07-05,3957.485412863412,3720.0452879815393,237.44012488187212,2024-07-15,3837.6203072439575,SMA20,-0.0302881989734806,2024-07-12,6,2024-07-04,502,493,493,418,84.78701825557809,484,418,86.36363636363636,0.9641434262948207,True,22914.19921875,19492.55326171875,STRONG_MOMENTUM,POINT_IN_TIME,502,493,484,STRONG_MOMENTUM,MOMENTUM_ENABLED,True,True,True,0.9820717131474104,21488.5041015625,-0.0342881989734806,-0.0362881989734806,-0.0382881989734806
CYIENT-2023-08-14,CYIENT,2023-08-07,2023-08-14,5,1564.69775390625,50.18840697756216,49.97584831091168,1444.391416444363,2.397094163910656,1480.9503173828125,1478.4718654466687,1436.502734375,1404.4381079101563,1027.1611019897462,379088259.2043457,75.4601226993865,81.18609406952966,96.52351738241308,84.06952965235175,0.9741035856573704,0.7702308174989949,True,0.9741035856573704,89.93865030674847,True,True,True,True,True,True,True,True,True,True,True,True,True,True,,2023-08-16,1488.576697780798,1431.897454366635,56.67924341416301,2023-09-20,1595.8229415970277,SMA20,0.0720461659625027,2023-09-18,24,2023-08-14,502,491,491,328,66.80244399185335,483,395,81.78053830227742,0.9621513944223108,True,16825.55078125,15550.610004882812,STRONG_MOMENTUM,POINT_IN_TIME,502,491,483,STRONG_MOMENTUM,MOMENTUM_ENABLED,True,True,True,0.9780876494023905,16542.1180859375,0.0680461659625027,0.06604616596250269,0.0640461659625027
DATAPATTNS-2023-08-31,DATAPATTNS,2023-08-22,2023-08-31,7,2384.691162109375,86.50530875731229,88.42428113917309,2218.9408279719987,1.916071239077168,2355.155029296875,2331.575605863141,2189.789337158203,2042.0656518554688,1568.189051208496,380743231.9790039,92.44897959183672,91.63265306122447,96.93877551020408,93.46938775510203,0.9760956175298804,3.3172208810683337,True,0.9741035856573704,93.94683026584867,True,True,True,True,True,True,True,True,True,True,True,True,True,True,,2023-09-01,2371.8342374352046,2196.8347576872056,174.99947974799898,2023-09-07,2253.3417051522038,SMA20,-0.0499581844349855,2023-09-06,4,2023-08-31,502,492,491,365,74.33808553971487,483,421,87.16356107660455,0.9621513944223108,True,16924.30078125,15638.749018554689,STRONG_MOMENTUM,POINT_IN_TIME,502,491,483,STRONG_MOMENTUM,MOMENTUM_ENABLED,True,True,True,0.9780876494023905,16749.742109375,-0.0539581844349855,-0.0559581844349855,-0.0579581844349855
DATAPATTNS-2024-04-22,DATAPATTNS,2024-04-10,2024-04-22,6,2985.393798828125,155.787099254829,157.932091056116,2621.030679898396,2.338852964543112,2888.1474609375,2879.162489282329,2627.781884765625,2398.285849609375,2102.10899230957,708608523.454834,94.05737704918032,97.1311475409836,73.97540983606558,89.26229508196721,0.9740518962075848,2.584880135616181,True,0.9740518962075848,87.25409836065575,True,True,True,True,True,True,True,True,True,True,True,True,True,True,,2024-04-23,2898.9694529874923,2581.547657134367,317.42179585312533,2024-05-07,2812.643990917365,SMA20,-0.0297779826486841,2024-05-06,9,2024-04-22,501,493,492,278,56.50406504065041,479,367,76.61795407098121,0.9560878243512974,True,20574.849609375,18317.231513671875,NORMAL,POINT_IN_TIME,501,492,479,NORMAL,MOMENTUM_ENABLED,True,True,True,0.9820359281437125,20216.8351171875,-0.033777982648684104,-0.0357779826486841,-0.0377779826486841
DEEPAKFERT-2024-07-22,DEEPAKFERT,2024-07-15,2024-07-22,4,764.8194580078125,34.4422842749994,34.89593158539329,717.9079045064304,1.3620337468567298,759.536376953125,747.8452267612346,719.9281677246094,626.2166271972657,593.7036103820801,1382573789.7666626,75.65922920892496,93.30628803245436,53.34685598377283,76.02434077079108,0.9801192842942346,0.851861410526195,True,0.9801192842942346,78.64097363083164,True,True,True,True,True,True,True,True,True,True,True,True,True,True,,2024-07-23,759.5363518278925,709.1839216100822,50.352430217810365,2024-09-12,1016.8328390656986,SMA20,0.3387546713446946,2024-09-11,36,2024-07-22,503,493,493,364,73.83367139959432,484,409,84.50413223140497,0.9622266401590456,True,22942.650390625,19798.26501953125,STRONG_MOMENTUM,POINT_IN_TIME,503,493,484,STRONG_MOMENTUM,MOMENTUM_ENABLED,True,True,True,0.9801192842942346,21972.422109375,0.3347546713446946,0.3327546713446946,0.3307546713446946
DELHIVERY-2025-07-15,DELHIVERY,2025-07-09,2025-07-15,4,421.2999877929688,11.10581051854672,10.943836302471626,404.0499877929688,1.5532409787824557,417.5499877929688,411.9500122070313,389.0074981689453,364.57599853515626,335.0512993621826,1066232041.4517976,93.96378269617706,98.99396378269618,82.897384305835,92.65593561368208,0.994,0.8283311015960637,True,0.9920159680638724,93.64185110663983,True,True,True,True,True,True,True,True,True,True,True,True,True,True,,2025-07-16,418.6000061035156,401.3140287173508,17.285977386164802,2025-07-31,406.9500122070313,SMA20,-0.0278308498008082,2025-07-30,11,2025-07-15,500,497,497,370,74.44668008048289,479,310,64.71816283924844,0.958,True,23449.150390625,22285.705234375,STRONG_MOMENTUM,POINT_IN_TIME,500,497,479,STRONG_MOMENTUM,MOMENTUM_ENABLED,True,True,True,0.994,23003.283984375,-0.0318308498008082,-0.0338308498008082,-0.035830849800808195
DELHIVERY-2025-10-28,DELHIVERY,2025-10-21,2025-10-28,4,476.5499877929688,12.80458475347898,12.058199315611136,462.2999877929688,1.112882633396472,475.7999877929688,474.0,462.5149978637695,466.8189996337891,367.2162996673584,1203753921.045822,72.81947261663286,83.36713995943205,96.34888438133872,84.0973630831643,0.9801192842942346,0.5874133418834362,True,0.9801192842942346,80.14198782961459,True,True,True,True,True,True,True,True,True,True,True,True,True,True,,2025-10-29,477.0,459.285437964066,17.714562035934023,2025-11-03,466.7999877929688,SMA20,-0.0213836733900026,2025-10-31,3,2025-10-28,503,498,498,277,55.62248995983936,482,312,64.73029045643153,0.9582504970178928,True,23812.55078125,22318.76828125,NORMAL,POINT_IN_TIME,503,498,482,NORMAL,MOMENTUM_ENABLED,True,True,True,0.9900596421471173,23153.2821484375,-0.0253836733900026,-0.027383673390002597,-0.0293836733900026
DIVISLAB-2024-09-27,DIVISLAB,2024-09-13,2024-09-27,10,5451.24658203125,122.86164101809672,123.08742291265996,5246.626418038041,1.665451985645133,5410.84814453125,5371.887273115744,5290.972924804688,4975.3884765625,4144.418212890625,2620821516.1401367,79.71602434077079,79.3103448275862,88.23529411764706,82.10953346855983,0.986,13.680311635270725,True,0.9820717131474104,84.40162271805274,True,True,True,True,True,True,True,True,True,True,True,True,True,True,,2024-09-30,5425.768257034107,5215.854562309876,209.91369472423048,2024-10-08,5355.132920731177,SMA20,-0.0130184948852829,2024-10-07,5,2024-09-27,500,493,493,298,60.446247464503045,490,402,82.0408163265306,0.98,True,24489.55078125,21285.55428710937,STRONG_MOMENTUM,POINT_IN_TIME,500,493,490,STRONG_MOMENTUM,MOMENTUM_ENABLED,True,True,True,0.986,23471.9529296875,-0.017018494885282898,-0.0190184948852829,-0.0210184948852829
DIXON-2023-08-21,DIXON,2023-08-09,2023-08-21,7,4894.38916015625,172.30023891781974,164.04801559919102,4578.488252270388,1.8334327907492551,4886.7998046875,4769.217233325645,4469.885327148438,4396.948559570313,3670.453797607422,2675181362.714844,88.13905930470347,95.91002044989774,97.34151329243352,94.0081799591002,0.9741035856573704,1.3403981950328958,True,0.9741035856573704,92.65848670756648,True,True,True,True,True,True,True,True,True,True,True,True,True,True,,2023-08-22,4932.98435935936,4537.476248370591,395.5081109887688,2023-09-20,4911.764240123005,SMA20,-0.0043016798129703,2023-09-18,20,2023-08-21,502,492,491,321,65.37678207739307,483,393,81.36645962732919,0.9621513944223108,True,16852.05078125,15582.721762695312,STRONG_MOMENTUM,POINT_IN_TIME,502,491,483,STRONG_MOMENTUM,MOMENTUM_ENABLED,True,True,True,0.9780876494023905,16614.10609375,-0.0083016798129703,-0.0103016798129703,-0.0123016798129703
DIXON-2023-09-08,DIXON,2023-09-05,2023-09-08,3,5120.267578125,145.6575448053398,143.00629828009386,4952.956034220084,1.1486637656052436,5113.92724609375,5097.74963101385,4924.768359375,4563.225068359375,3705.933585205078,2334987608.677246,44.48979591836735,73.06122448979592,91.63265306122447,70.06122448979592,0.9780439121756488,0.8200939834524862,True,0.9760956175298804,82.20408163265306,True,True,True,True,True,True,True,True,True,True,True,True,True,True,,2023-09-11,5131.701684654728,4917.20445965006,214.4972250046676,2023-09-20,4911.764240123005,SMA20,-0.0428585794823964,2023-09-18,6,2023-09-08,501,491,491,414,84.31771894093686,487,451,92.60780287474331,0.9720558882235528,True,17487.44921875,15688.051762695311,STRONG_MOMENTUM,POINT_IN_TIME,501,491,487,STRONG_MOMENTUM,MOMENTUM_ENABLED,True,True,True,0.9800399201596807,16885.0370703125,-0.0468585794823964,-0.0488585794823964,-0.0508585794823964
DIXON-2023-10-10,DIXON,2023-10-03,2023-10-10,5,5293.20166015625,150.50155113715095,139.6362044387068,5023.967239581177,1.7889145895228808,5166.30322265625,5158.758944035771,5080.744921875,4896.143930664062,3791.086313476562,1606666626.1464844,69.38775510204081,76.53061224489795,91.83673469387756,78.9795918367347,0.9780439121756488,0.9903131350304816,True,0.9780439121756488,77.28571428571428,True,True,True,True,True,True,True,True,True,True,True,True,True,True,,2023-10-11,5195.829514982216,4989.0581884715,206.77132651071588,2023-10-31,5150.865373120814,SMA20,-0.0086538909199671,2023-10-30,13,2023-10-10,501,491,491,290,59.063136456211815,488,431,88.31967213114754,0.9740518962075848,True,17303.349609375,15843.93701171875,NORMAL,POINT_IN_TIME,501,491,488,NORMAL,MOMENTUM_ENABLED,True,True,True,0.9800399201596807,17130.74,-0.0126538909199671,-0.0146538909199671,-0.0166538909199671
DIXON-2023-12-19,DIXON,2023-12-11,2023-12-19,6,6367.5390625,179.8592526111323,193.7754433808398,6175.04333649946,1.070257566435734,6361.09375,6323.624575522803,5890.152075195312,5542.769833984375,4324.768092041016,2170204775.7648926,85.71428571428571,82.6530612244898,69.59183673469389,79.6530612244898,0.9780439121756488,2.2634831723944018,True,0.9780439121756488,87.10204081632654,True,True,True,True,True,True,True,True,True,True,True,True,True,True,,2023-12-20,6413.851824818656,6126.5994756542495,287.25234916440604,2024-01-09,6367.838528570342,SMA20,-0.0071740503998336,2024-01-08,13,2023-12-19,501,491,491,422,85.94704684317719,489,447,91.41104294478528,0.9760479041916168,True,19169.25,16431.214477539062,STRONG_MOMENTUM,POINT_IN_TIME,501,491,489,STRONG_MOMENTUM,MOMENTUM_ENABLED,True,True,True,0.9800399201596807,17672.570859375,-0.0111740503998336,-0.0131740503998336,-0.0151740503998336
DIXON-2024-05-03,DIXON,2024-04-26,2024-05-03,4,8573.2685546875,254.60595252801087,235.8697742437793,8263.816278131428,1.2154165033593527,8444.8720703125,8417.242917010124,7908.354467773437,7355.689580078125,5891.942224121094,2431944581.7824707,79.09836065573771,95.49180327868852,74.18032786885246,84.18032786885246,0.9740518962075848,0.8627953015705424,True,0.9740518962075848,88.03278688524591,True,True,True,True,True,True,True,True,True,True,True,True,True,True,,2024-05-06,8493.183305312949,8204.848834570483,288.3344707424658,2024-05-15,8088.507272861709,SMA20,-0.0476471563021715,2024-05-14,7,2024-05-03,501,493,492,350,71.13821138211382,479,374,78.07933194154488,0.9560878243512974,True,20959.55078125,18499.69776367188,STRONG_MOMENTUM,POINT_IN_TIME,501,492,479,STRONG_MOMENTUM,MOMENTUM_ENABLED,True,True,True,0.9820359281437125,20372.7720703125,-0.051647156302171496,-0.0536471563021715,-0.0556471563021715
DIXON-2024-10-01,DIXON,2024-09-24,2024-10-01,5,14334.470703125,469.0142020087503,436.9943410633181,13747.882124950502,1.2506840425347172,14189.4853515625,14030.556138314088,13470.322021484377,12668.541796875,9262.335090332032,5721869241.095215,90.1840490797546,70.5521472392638,95.0920245398773,83.8036809815951,0.978,0.9206507878677476,True,0.986,84.50304259634888,True,True,True,True,True,True,True,True,True,True,True,True,True,True,,2024-10-03,13887.319722461643,13638.633539684672,248.6861827769717,2024-10-08,13499.992571560326,SMA20,-0.027890705956373,2024-10-07,3,2024-10-01,500,494,494,306,61.943319838056674,485,401,82.68041237113401,0.97,True,24271.30078125,21342.95153320313,STRONG_MOMENTUM,POINT_IN_TIME,500,494,485,STRONG_MOMENTUM,MOMENTUM_ENABLED,True,True,True,0.988,23526.3579296875,-0.031890705956373,-0.033890705956373,-0.035890705956373004
DLF-2024-01-19,DLF,2024-01-15,2024-01-19,4,785.1508178710938,18.366325567865875,18.44851103539438,743.5731454919267,2.263799159256564,765.7998657226562,760.9743418123327,738.2235870361328,673.4886157226563,525.1574189758301,3573598878.583924,83.06122448979592,86.73469387755102,84.6938775510204,85.0204081632653,0.9780439121756488,0.6950157035582062,True,0.9780439121756488,87.61224489795919,True,True,True,True,True,True,True,True,True,True,True,True,True,True,,2024-01-23,770.1380337366816,738.961017733078,31.177016003603512,2024-01-24,721.3463640615322,SMA20,-0.0633544475636581,2024-01-23,1,2024-01-19,501,491,491,373,75.96741344195519,489,420,85.88957055214725,0.9760479041916168,True,19606.400390625,16945.638486328124,STRONG_MOMENTUM,POINT_IN_TIME,501,491,489,STRONG_MOMENTUM,MOMENTUM_ENABLED,True,True,True,0.9800399201596807,18649.9069921875,-0.0673544475636581,-0.0693544475636581,-0.07135444756365811
DLF-2024-04-08,DLF,2024-04-01,2024-04-08,5,924.4093627929688,27.87047382952236,27.273990914280464,861.3846618968191,2.261342999823327,895.16357421875,886.9259580491652,855.445425415039,838.0554138183594,629.2294882202149,3707589449.703186,32.648870636550306,86.44763860369609,90.34907597535934,71.47843942505133,0.9720558882235528,1.0732436572678965,True,0.9680638722554892,86.0,True,True,True,True,True,True,True,True,True,True,True,True,True,True,,2024-04-09,898.7705243702235,854.566164168249,44.20436020197451,2024-04-18,858.8501303659051,SMA20,-0.0444166702421521,2024-04-16,5,2024-04-08,501,493,492,332,67.47967479674797,479,382,79.74947807933194,0.9560878243512974,True,20819.099609375,18139.52103515625,STRONG_MOMENTUM,POINT_IN_TIME,501,492,479,STRONG_MOMENTUM,MOMENTUM_ENABLED,True,True,True,0.9820359281437125,20060.6081640625,-0.0484166702421521,-0.0504166702421521,-0.0524166702421521
DMART-2024-04-19,DMART,2024-04-12,2024-04-19,4,4765.0498046875,123.65762581271144,125.8915304647268,4605.0,1.29429789417037,4696.0,4694.2998046875,4507.302465820312,4100.547983398437,3867.4194921875,2054852321.3503416,89.95901639344262,82.78688524590164,55.73770491803278,76.82377049180327,0.9740518962075848,1.7051055604984156,True,0.9740518962075848,78.44262295081967,True,True,True,True,True,True,True,True,True,True,True,True,True,True,,2024-04-22,4743.0,4573.527117383818,169.47288261618178,2024-04-29,4560.5,SMA20,-0.0384777566940754,2024-04-26,5,2024-04-19,501,493,492,251,51.016260162601625,479,359,74.94780793319416,0.9560878243512974,True,20385.19921875,18295.06126464844,NORMAL,POINT_IN_TIME,501,492,479,NORMAL,MOMENTUM_ENABLED,True,True,True,0.9820359281437125,20203.554140625,-0.0424777566940754,-0.0444777566940754,-0.0464777566940754
DMART-2025-06-26,DMART,2025-06-23,2025-06-26,3,4335.7998046875,108.4298167130558,102.51129815699797,4236.7001953125,0.9139516452126182,4315.39990234375,4294.0,4151.584985351563,4159.833989257812,4030.974243164064,1831662612.160889,75.0,52.41935483870967,88.91129032258065,70.14112903225806,0.9860834990059644,0.7357333246249287,True,0.9840954274353876,70.60606060606061,True,True,True,True,True,True,True,True,True,True,True,True,True,True,,2025-06-27,4322.89990234375,4211.07237077325,111.82753157049956,2025-07-09,4213.0,SMA20,-0.0254227266016882,2025-07-08,8,2025-06-26,503,499,497,385,77.46478873239437,478,281,58.78661087866108,0.9502982107355864,True,23517.55078125,22304.24849609375,NORMAL,POINT_IN_TIME,503,497,478,NORMAL,MOMENTUM_ENABLED,True,True,True,0.9880715705765407,22606.6320703125,-0.0294227266016882,-0.0314227266016882,-0.0334227266016882
ECLERX-2024-01-29,ECLERX,2024-01-15,2024-01-29,8,1397.343994140625,49.519090269591615,48.15517648677831,1279.3296879995526,2.383208283887678,1347.1517333984375,1336.289010239551,1312.691320800781,1287.41087890625,955.6924523925782,156082335.76586914,54.48979591836734,80.20408163265306,79.18367346938776,72.18367346938776,0.9780439121756488,0.8133627876664212,True,0.9780439121756488,80.30612244897958,True,True,True,True,True,True,True,True,True,True,True,True,True,True,,2024-01-30,1372.872093180201,1267.290893877858,105.58119930234308,2024-02-06,1316.0375321895517,SMA20,-0.041398292873005,2024-02-05,5,2024-01-29,501,491,491,329,67.0061099796334,489,410,83.84458077709611,0.9760479041916168,True,19711.650390625,17045.86298828125,STRONG_MOMENTUM,POINT_IN_TIME,501,491,489,STRONG_MOMENTUM,MOMENTUM_ENABLED,True,True,True,0.9800399201596807,18826.688984375,-0.045398292873004994,-0.047398292873004996,-0.049398292873005
ECLERX-2025-10-30,ECLERX,2025-10-27,2025-10-30,3,2392.32373046875,90.80523380662136,87.62068369460516,2245.005353665545,1.6223555694700746,2359.341796875,2355.993869700698,2121.2489685058595,2129.201484375,1722.5853021240234,218415447.66210932,94.9290060851927,96.75456389452332,98.98580121703854,96.87626774847872,0.9801192842942346,2.5226611635220126,True,0.9801192842942346,98.2555780933063,True,True,True,True,True,True,True,True,True,True,True,True,True,True,,2025-10-31,2352.645594794733,2223.100182741894,129.54541205283886,2025-11-10,2138.5645015472387,SMA20,-0.090995895735912,2025-11-07,5,2025-10-30,503,498,498,305,61.24497991967871,482,324,67.21991701244814,0.9582504970178928,True,23841.30078125,22334.86953125,STRONG_MOMENTUM,POINT_IN_TIME,503,498,482,STRONG_MOMENTUM,MOMENTUM_ENABLED,True,True,True,0.9900596421471173,23196.921171875,-0.09499589573591201,-0.09699589573591201,-0.098995895735912
EICHERMOT-2025-10-07,EICHERMOT,2025-09-26,2025-10-07,6,6973.9697265625,125.04918758657011,120.72012303462172,6779.010937471861,1.5590568227856014,6884.90234375,6883.417762862804,6859.765478515625,6235.87529296875,5432.005339355469,3199016535.165528,76.47058823529412,94.9290060851927,81.7444219066937,85.43610547667342,0.9840319361277444,0.6154953035586,True,0.994011976047904,93.87550200803211,True,True,True,True,True,True,True,True,True,True,True,True,True,True,,2025-10-08,6884.902485017317,6748.830906713206,136.07157830411143,2025-10-09,6853.233941979174,SMA20,-0.0045997082902857,2025-10-08,1,2025-10-07,501,498,498,267,53.6144578313253,480,303,63.125,0.9580838323353292,True,23209.5,22255.53126953125,NORMAL,POINT_IN_TIME,501,498,480,NORMAL,MOMENTUM_ENABLED,True,True,True,0.9940119760479041,22944.8110546875,-0.0085997082902857,-0.010599708290285701,-0.0125997082902857
EIDPARRY-2024-09-16,EIDPARRY,2024-09-06,2024-09-16,6,844.9500122070312,27.91222246753476,26.847242460194536,800.2999877929688,1.599658517554301,836.25,815.4000244140625,822.6750030517578,797.27,660.1739999389648,344411545.3473511,77.079107505071,68.35699797160242,76.26774847870182,73.34685598377281,0.9820717131474104,1.619004735206112,True,0.9820717131474104,74.68559837728195,True,True,True,True,True,True,True,True,True,True,True,True,True,True,,2024-09-17,836.2999877929688,793.5881771779201,42.71181061504865,2024-09-18,826.4500122070312,SMA20,-0.0117780410495186,2024-09-17,1,2024-09-16,502,495,493,307,62.27180527383367,489,404,82.61758691206545,0.9741035856573704,True,23968.19921875,20994.64502929688,STRONG_MOMENTUM,POINT_IN_TIME,502,493,489,STRONG_MOMENTUM,MOMENTUM_ENABLED,True,True,True,0.9820717131474104,23265.6679296875,-0.0157780410495186,-0.0177780410495186,-0.0197780410495186
EIDPARRY-2025-07-10,EIDPARRY,2025-07-03,2025-07-10,5,1114.699951171875,38.64474833409573,36.57442492295646,1054.5999755859375,1.5551912789379487,1109.800048828125,1091.9000244140625,1037.5524993896483,979.352000732422,856.2895007324219,249258845.2905273,92.35412474849096,92.1529175050302,89.33601609657947,91.3682092555332,0.994,1.046552354396375,True,0.9920159680638724,90.98591549295774,True,True,True,True,True,True,True,True,True,True,True,True,True,True,,2025-07-11,1111.0,1045.4563693551984,65.54363064480162,2025-08-08,1135.0,SMA20,0.0216021602160216,2025-08-07,20,2025-07-10,500,497,497,379,76.25754527162978,479,303,63.25678496868476,0.958,True,23471.400390625,22295.232734375,STRONG_MOMENTUM,POINT_IN_TIME,500,497,479,STRONG_MOMENTUM,MOMENTUM_ENABLED,True,True,True,0.994,22925.6209765625,0.0176021602160216,0.015602160216021599,0.013602160216021598
EIHOTEL-2024-04-22,EIHOTEL,2024-04-09,2024-04-22,7,485.1734313964844,22.49548773283396,24.28218217933607,430.3424172867238,2.4374227738894656,472.8624267578125,451.6024396032284,455.0435623168945,421.9906524658203,282.83923446655274,376400611.5658417,85.86065573770492,99.59016393442624,97.3360655737705,94.79508196721312,0.9740518962075848,0.7868666488500572,True,0.9740518962075848,96.45491803278688,True,True,True,True,True,True,True,True,True,True,True,True,True,True,,2024-04-23,476.4716995742172,424.27187174188975,52.1998278323274,2024-04-25,453.23400176179086,SMA20,-0.0487703631363456,2024-04-24,2,2024-04-22,501,493,492,278,56.50406504065041,479,367,76.61795407098121,0.9560878243512974,True,20574.849609375,18317.231513671875,NORMAL,POINT_IN_TIME,501,492,479,NORMAL,MOMENTUM_ENABLED,True,True,True,0.9820359281437125,20216.8351171875,-0.0527703631363456,-0.0547703631363456,-0.0567703631363456
ELECON-2024-04-29,ELECON,2024-04-19,2024-04-29,6,578.2168579101562,24.85458864533756,25.18441294606649,551.9894573842586,1.0552337397391465,574.4983520507812,567.9043998188602,519.3205154418945,490.4483483886719,444.2489710998535,191243972.73376465,91.59836065573772,63.729508196721305,75.40983606557377,75.59426229508196,0.9740518962075848,1.3449770446965574,True,0.9740518962075848,82.39754098360656,True,True,True,True,True,True,True,True,True,True,True,True,True,True,,2024-04-30,575.118125776492,545.693354147742,29.424771628750023,2024-05-07,525.5389651454944,SMA20,-0.08620691716864,2024-05-06,4,2024-04-29,501,493,492,358,72.76422764227642,479,381,79.54070981210856,0.9560878243512974,True,20992.19921875,18432.90201171875,STRONG_MOMENTUM,POINT_IN_TIME,501,492,479,STRONG_MOMENTUM,MOMENTUM_ENABLED,True,True,True,0.9820359281437125,20299.5730859375,-0.09020691716864,-0.09220691716864,-0.09420691716863999
ELGIEQUIP-2024-07-08,ELGIEQUIP,2024-06-24,2024-07-08,10,760.3094482421875,30.03283743235207,26.430570198804123,698.8284132768996,2.047127085603277,732.830810546875,731.4469514020012,697.8992401123047,652.4091760253906,579.8582868957519,143914011.4831543,87.0182555780933,77.079107505071,69.97971602434076,77.93103448275862,0.9820717131474104,0.5889460059625318,True,0.9780876494023903,75.25458248472505,True,True,True,True,True,True,True,True,True,True,True,True,True,True,,2024-07-09,739.3545150470677,692.2207707271986,47.13374431986915,2024-07-11,708.9105106300626,SMA20,-0.0411764637902657,2024-07-10,2,2024-07-08,502,493,493,408,82.75862068965517,484,416,85.9504132231405,0.9641434262948207,True,22971.150390625,19549.66376953125,STRONG_MOMENTUM,POINT_IN_TIME,502,493,484,STRONG_MOMENTUM,MOMENTUM_ENABLED,True,True,True,0.9820717131474104,21580.0141015625,-0.0451764637902657,-0.047176463790265695,-0.0491764637902657
EMAMILTD-2023-08-31,EMAMILTD,2023-08-22,2023-08-31,7,509.3966064453125,15.039254001522398,15.738789926091126,480.6395748781508,1.9121315169123847,496.2005004882813,494.26134065481335,481.4980316162109,434.1950915527344,392.5799221801758,250897335.2019043,86.12244897959184,86.53061224489797,70.40816326530613,81.57142857142857,0.9760956175298804,1.2406342211905417,True,0.9741035856573704,87.50511247443762,True,True,True,True,True,True,True,True,True,True,True,True,True,True,,2023-09-01,515.5452245344018,476.704877396628,38.84034713777373,2023-09-22,496.6261925012839,SMA20,-0.0366971336999659,2023-09-21,14,2023-08-31,502,492,491,365,74.33808553971487,483,421,87.16356107660455,0.9621513944223108,True,16924.30078125,15638.749018554689,STRONG_MOMENTUM,POINT_IN_TIME,502,491,483,STRONG_MOMENTUM,MOMENTUM_ENABLED,True,True,True,0.9780876494023905,16749.742109375,-0.0406971336999659,-0.042697133699965896,-0.0446971336999659
EMAMILTD-2024-07-01,EMAMILTD,2024-06-18,2024-07-01,9,712.3856201171875,32.93393612760684,34.76487480950409,655.0157810368636,1.741967278312467,693.5347900390625,684.2537452405185,676.8745269775391,564.7043377685546,496.4627894592285,474920855.8904114,83.130081300813,96.34146341463416,77.23577235772358,86.64634146341463,0.9800796812749004,15.452178218256869,True,0.9780876494023903,91.83299389002038,True,True,True,True,True,True,True,True,True,True,True,True,True,True,,2024-07-02,706.9034755149744,646.3245623344876,60.57891318048678,2024-08-05,739.5556604494727,SMA20,0.0461904433426521,2024-08-02,23,2024-07-01,502,493,493,408,82.75862068965517,484,419,86.57024793388429,0.9641434262948207,True,22727.599609375,19406.23626953125,STRONG_MOMENTUM,POINT_IN_TIME,502,493,484,STRONG_MOMENTUM,MOMENTUM_ENABLED,True,True,True,0.9820717131474104,21345.335078125,0.042190443342652095,0.0401904433426521,0.0381904433426521
EMAMILTD-2024-09-03,EMAMILTD,2024-08-28,2024-09-03,4,807.6492919921875,27.61400650268589,27.454926486904377,759.8010044767391,1.7327542640650295,790.9144287109375,788.6542071783874,778.0410736083984,751.3028161621094,555.2053833007812,403738249.29245,69.5740365111562,80.93306288032454,96.14604462474644,82.08924949290062,0.9820717131474104,1.1907884622207503,True,0.9801192842942346,90.6896551724138,True,True,True,True,True,True,True,True,True,True,True,True,True,True,,2024-09-04,778.9404132424423,752.937272855013,26.003140387429312,2024-09-12,788.654240782444,SMA20,0.0124705656233274,2024-09-11,6,2024-09-03,502,493,493,301,61.05476673427992,489,411,84.04907975460122,0.9741035856573704,True,23788.44921875,20707.80728515625,STRONG_MOMENTUM,POINT_IN_TIME,502,493,489,STRONG_MOMENTUM,MOMENTUM_ENABLED,True,True,True,0.9820717131474104,23063.5529296875,0.0084705656233274,0.006470565623327399,0.004470565623327399
ENDURANCE-2024-01-17,ENDURANCE,2024-01-05,2024-01-17,8,2092.61279296875,82.3986177303763,103.72666594917489,1893.283410543905,2.419086483672429,2019.1002197265625,2002.143255283338,1910.3192993164064,1754.1877978515624,1572.2679553222656,277922889.9091797,91.02040816326532,81.83673469387756,48.16326530612245,74.48979591836735,0.9780439121756488,3.4810527373309523,True,0.9780439121756488,78.30612244897961,True,True,True,True,True,True,True,True,True,True,True,True,True,True,,2024-01-18,2026.3671800004367,1867.351744056612,159.0154359438252,2024-01-29,1967.8836822044448,SMA20,-0.0288612539589095,2024-01-25,5,2024-01-17,501,491,491,378,76.9857433808554,489,428,87.52556237218813,0.9760479041916168,True,19487.599609375,16893.240981445313,STRONG_MOMENTUM,POINT_IN_TIME,501,491,489,STRONG_MOMENTUM,MOMENTUM_ENABLED,True,True,True,0.9800399201596807,18552.6899609375,-0.0328612539589095,-0.0348612539589095,-0.036861253958909504
ENDURANCE-2025-07-14,ENDURANCE,2025-07-01,2025-07-14,9,2861.413330078125,124.26703534032784,108.67537902009482,2581.27349301039,2.2543374942559864,2670.453857421875,2633.1546881699264,2626.0571533203124,2431.8292431640625,2187.0053118896485,460419691.0053711,92.35412474849096,92.95774647887325,90.14084507042254,91.93158953722336,0.994,0.4282214191450383,True,0.9900199600798404,94.51612903225806,True,True,True,True,True,True,True,True,True,True,True,True,True,True,,2025-07-15,2702.396242462982,2554.1046482553666,148.29159420761562,2025-07-21,2658.053994651176,SMA20,-0.0164084922540421,2025-07-18,4,2025-07-14,500,497,497,337,67.80684104627767,479,294,61.37787056367432,0.958,True,23309.05078125,22289.428486328125,STRONG_MOMENTUM,POINT_IN_TIME,500,497,479,STRONG_MOMENTUM,MOMENTUM_ENABLED,True,True,True,0.994,22973.43296875,-0.0204084922540421,-0.022408492254042102,-0.0244084922540421
ENDURANCE-2025-09-16,ENDURANCE,2025-09-10,2025-09-16,4,3028.728515625,102.39460107415483,102.0205592506072,2815.7055810256447,2.080411783088863,2910.21630859375,2883.725627057649,2891.5532836914062,2711.5657080078126,2268.165355834961,466446978.55322266,87.72635814889335,90.14084507042254,91.34808853118712,89.77867203219316,0.9920159680638724,1.931579271294929,True,0.9920159680638724,95.71428571428572,True,True,True,True,True,True,True,True,True,True,True,True,True,True,,2025-09-17,2920.972205346294,2790.200441212993,130.77176413330062,2025-09-18,2878.1484812311974,SMA20,-0.0146607776810459,2025-09-17,1,2025-09-16,501,497,497,294,59.15492957746479,487,331,67.96714579055441,0.9720558882235528,True,23369.30078125,22249.04400390625,NORMAL,POINT_IN_TIME,501,497,487,NORMAL,MOMENTUM_ENABLED,True,True,True,0.9920159680638723,23023.013046875,-0.0186607776810459,-0.0206607776810459,-0.0226607776810459
ENGINERSIN-2023-09-11,ENGINERSIN,2023-09-04,2023-09-11,5,156.4445343017578,5.744252324047861,5.432381098743206,148.96305144195452,1.30242935681684,153.91896057128906,151.67924810643308,149.23162307739258,137.52150131225585,95.6450855255127,542331010.77005,59.795918367346935,92.6530612244898,96.93877551020408,84.08163265306122,0.9780439121756488,2.482493794189955,True,0.9760956175298804,90.10204081632652,True,True,True,True,True,True,True,True,True,True,True,True,True,True,,2023-09-12,155.34851552590905,147.6049561672687,7.74355935864034,2023-09-13,140.7667474027931,SMA20,-0.0938648694115393,2023-09-12,1,2023-09-11,501,491,491,431,87.78004073319755,487,455,93.42915811088297,0.9720558882235528,True,17653.349609375,15699.04951171875,STRONG_MOMENTUM,POINT_IN_TIME,501,491,487,STRONG_MOMENTUM,MOMENTUM_ENABLED,True,True,True,0.9800399201596807,16909.5040625,-0.09786486941153931,-0.09986486941153931,-0.1018648694115393
ENGINERSIN-2025-07-22,ENGINERSIN,2025-07-11,2025-07-22,7,244.96124267578125,7.753890206738744,7.369596089886326,228.0157655062127,2.185416186940796,236.85516357421875,233.64795189086607,235.5727722167969,221.23268493652344,184.89206245422363,800001369.386734,64.98993963782696,90.74446680080484,93.7625754527163,83.9235412474849,0.9920159680638724,1.063953924399681,True,0.994,96.23742454728372,True,True,True,True,True,True,True,True,True,True,True,True,True,True,,2025-07-23,237.55919963199617,226.17336648374112,11.385833148255044,2025-07-24,235.5058040997271,SMA20,-0.0086437213774502,2025-07-23,1,2025-07-22,501,497,497,312,62.77665995975856,479,314,65.55323590814196,0.9560878243512974,True,23320.900390625,22259.40573242188,STRONG_MOMENTUM,POINT_IN_TIME,501,497,479,STRONG_MOMENTUM,MOMENTUM_ENABLED,True,True,True,0.9920159680638723,23131.5809375,-0.0126437213774502,-0.0146437213774502,-0.0166437213774502
ERIS-2023-08-18,ERIS,2023-08-09,2023-08-18,6,829.019287109375,24.769929789778583,25.63848453281632,782.3363204936243,1.8846628558073124,821.1564331054688,805.1338459517458,788.2928253173828,723.710517578125,654.7588513183593,124835825.74737547,85.48057259713701,86.29856850715747,68.50715746421268,80.7157464212679,0.9741035856573704,0.873099285146942,True,0.9741035856573704,82.29038854805725,True,True,True,True,True,True,True,True,True,True,True,True,True,True,,2023-08-21,825.8543598394803,775.9266993604202,49.92766047906002,2023-08-29,797.8148898730952,SMA20,-0.0339520759711615,2023-08-28,6,2023-08-18,502,491,491,307,62.52545824847251,483,391,80.95238095238095,0.9621513944223108,True,16757.69921875,15574.669506835937,STRONG_MOMENTUM,POINT_IN_TIME,502,491,483,STRONG_MOMENTUM,MOMENTUM_ENABLED,True,True,True,0.9780876494023905,16595.48607421875,-0.0379520759711615,-0.039952075971161495,-0.0419520759711615
ESCORTS-2023-08-08,ESCORTS,2023-08-02,2023-08-08,4,2523.189697265625,65.83969603402407,63.89472287828367,2456.8171557410774,1.0080930733678992,2517.460205078125,2515.0815942171503,2371.83349609375,2225.585283203125,2049.3611346435546,480209240.89941406,82.82208588957054,78.52760736196319,63.59918200408998,75.33742331288343,0.9741035856573704,0.8475247524752475,True,0.9741035856573704,81.24744376278119,True,True,True,True,True,True,True,True,True,True,True,True,True,True,,2023-08-09,2531.5410044068326,2440.8434750215065,90.6975293853261,2023-09-22,3029.750746289985,SMA20,0.1968009765656109,2023-09-21,30,2023-08-08,502,491,491,375,76.37474541751527,483,403,83.4368530020704,0.9621513944223108,True,16949.25,15514.05474609375,STRONG_MOMENTUM,POINT_IN_TIME,502,491,483,STRONG_MOMENTUM,MOMENTUM_ENABLED,True,True,True,0.9780876494023905,16452.2780859375,0.1928009765656109,0.1908009765656109,0.1888009765656109
ESCORTS-2023-09-06,ESCORTS,2023-08-30,2023-09-06,5,3158.66064453125,92.87009961234978,99.10271371741516,2938.4694882813374,2.370958544989348,3061.116455078125,3026.1089037860934,2829.855029296875,2515.3627392578123,2138.6925915527345,1683923399.8724363,94.6938775510204,91.83673469387756,84.6938775510204,90.55102040816324,0.9760956175298804,0.932517362610673,True,0.9760956175298804,93.89795918367346,True,True,True,True,True,True,True,True,True,True,True,True,True,True,,2023-09-07,3061.698800911977,2913.693809851984,148.00499105999324,2023-09-22,3029.750746289985,SMA20,-0.0104347477330153,2023-09-21,10,2023-09-06,502,492,491,401,81.67006109979633,485,446,91.95876288659794,0.9661354581673308,True,17284.599609375,15669.427514648438,STRONG_MOMENTUM,POINT_IN_TIME,502,491,485,STRONG_MOMENTUM,MOMENTUM_ENABLED,True,True,True,0.9780876494023905,16836.39208984375,-0.0144347477330153,-0.0164347477330153,-0.018434747733015303
ESCORTS-2024-05-27,ESCORTS,2024-05-21,2024-05-27,4,3774.95263671875,101.49764275521235,95.31287184254508,3659.055051215019,1.1418746520374652,3743.48974609375,3726.981623009705,3496.2374755859373,3103.626015625,2976.0014208984376,968259648.892578,91.22448979591836,88.57142857142857,51.83673469387755,78.34693877551021,0.9780439121756488,0.7740409003422707,True,0.9780439121756488,81.0612244897959,True,True,True,True,True,True,True,True,True,True,True,True,True,True,,2024-05-28,3743.4898924434456,3635.226833254383,108.26305918906291,2024-07-03,4010.583574750252,SMA20,0.0713488455908368,2024-07-02,25,2024-05-27,501,493,492,346,70.32520325203252,480,363,75.625,0.9580838323353292,True,21493.0,18809.538759765623,STRONG_MOMENTUM,POINT_IN_TIME,501,492,480,STRONG_MOMENTUM,MOMENTUM_ENABLED,True,True,True,0.9820359281437125,20572.8700390625,0.0673488455908368,0.0653488455908368,0.06334884559083681
ESCORTS-2025-09-23,ESCORTS,2025-09-18,2025-09-23,3,3733.41064453125,109.85282730198898,113.14487991751254,3527.0977948012173,1.8780841130549328,3678.708984375,3657.4576062041415,3608.206311035157,3469.4304931640627,3274.919886474609,426029663.3847656,70.48192771084338,83.53413654618474,60.8433734939759,72.81124497991968,0.994011976047904,1.7149993562508048,True,0.9920159680638724,75.61368209255534,True,True,True,True,True,True,True,True,True,True,True,True,True,True,,2025-09-24,3684.513728546032,3498.81157482184,185.70215372419307,2025-09-26,3554.448641042792,SMA20,-0.035300475744072,2025-09-25,2,2025-09-23,501,498,498,273,54.81927710843374,488,320,65.57377049180327,0.9740518962075848,True,23325.25,22268.37451171875,NORMAL,POINT_IN_TIME,501,498,488,NORMAL,MOMENTUM_ENABLED,True,True,True,0.9940119760479041,23017.4560546875,-0.039300475744072,-0.041300475744072,-0.043300475744072
ETERNAL-2023-08-22,ETERNAL,2023-08-07,2023-08-22,10,97.5999984741211,4.018600793563797,3.6412416070279554,88.30000305175781,2.3142371935172514,91.9000015258789,90.5,89.6625,81.82900024414063,64.4925001335144,6240652885.865921,86.70756646216769,92.63803680981594,97.13701431492842,92.2085889570552,0.9741035856573704,1.4180430454910251,True,0.9741035856573704,98.200408997955,True,True,True,True,True,True,True,True,True,True,True,True,True,True,,2023-08-23,92.9499969482422,87.38969265000082,5.560304298241363,2023-08-28,96.0,SMA20,0.0328133744152369,2023-08-25,3,2023-08-22,502,492,491,336,68.43177189409369,483,401,83.02277432712215,0.9621513944223108,True,16905.25,15590.128012695312,STRONG_MOMENTUM,POINT_IN_TIME,502,491,483,STRONG_MOMENTUM,MOMENTUM_ENABLED,True,True,True,0.9780876494023905,16634.6630859375,0.0288133744152369,0.0268133744152369,0.0248133744152369
ETERNAL-2023-09-29,ETERNAL,2023-09-15,2023-09-29,9,102.9499969482422,3.423542410247301,3.1508353610845785,97.75,1.5188936852885555,101.5,100.5999984741211,99.63999938964844,93.77599990844726,68.94075006484985,4822186200.602051,51.02040816326531,87.55102040816325,94.08163265306122,78.55102040816325,0.9780439121756488,1.0202178785602285,True,0.9780439121756488,88.44897959183675,True,True,True,True,True,True,True,True,True,True,True,True,True,True,,2023-10-03,101.0,96.96229115972884,4.037708840271151,2023-10-27,107.3499984741211,SMA20,0.0628712720210009,2023-10-26,17,2023-09-29,501,491,491,326,66.39511201629328,488,436,89.34426229508196,0.9740518962075848,True,17292.599609375,15802.09326171875,STRONG_MOMENTUM,POINT_IN_TIME,501,491,488,STRONG_MOMENTUM,MOMENTUM_ENABLED,True,True,True,0.9800399201596807,17096.843046875,0.0588712720210009,0.0568712720210009,0.0548712720210009
ETERNAL-2023-10-20,ETERNAL,2023-10-17,2023-10-20,3,113.8499984741211,3.5088879216882,3.527013620216214,109.5,1.2397085832334644,113.3499984741211,113.1500015258789,105.95249977111816,100.08399978637696,72.25025003433228,6247033020.219856,94.08163265306122,96.53061224489797,96.53061224489797,95.79591836734696,0.9780439121756488,1.1594137185732143,True,0.9780439121756488,94.48979591836736,True,True,True,True,True,True,True,True,True,True,True,True,True,True,,2023-10-23,113.8000030517578,108.61824659494594,5.181756456811868,2023-10-27,107.3499984741211,SMA20,-0.0566784218336369,2023-10-26,3,2023-10-20,501,491,491,267,54.37881873727088,489,420,85.88957055214725,0.9760479041916168,True,17208.75,15919.529750976562,NORMAL,POINT_IN_TIME,501,491,489,NORMAL,MOMENTUM_ENABLED,True,True,True,0.9800399201596807,17199.84796875,-0.060678421833636906,-0.06267842183363691,-0.0646784218336369
ETERNAL-2024-01-02,ETERNAL,2023-12-19,2024-01-02,8,130.25,4.193440121895168,4.489284714548985,120.1999969482422,2.3966010625223504,128.6999969482422,125.5500030517578,123.58999938964844,118.49599990844726,88.07825002670288,5942292483.0,71.0204081632653,80.20408163265306,89.18367346938776,80.14285714285714,0.9780439121756488,1.369672674563993,True,0.9780439121756488,77.06122448979592,True,True,True,True,True,True,True,True,True,True,True,True,True,True,,2024-01-03,128.8000030517578,119.07767576960494,9.722327282152875,2024-01-18,128.0500030517578,SMA20,-0.0058229812284912,2024-01-17,11,2024-01-02,501,491,491,419,85.33604887983707,489,443,90.59304703476482,0.9760479041916168,True,19418.400390625,16610.918720703125,STRONG_MOMENTUM,POINT_IN_TIME,501,491,489,STRONG_MOMENTUM,MOMENTUM_ENABLED,True,True,True,0.9800399201596807,17965.8869140625,-0.0098229812284912,-0.011822981228491201,-0.0138229812284912
ETERNAL-2024-04-22,ETERNAL,2024-04-10,2024-04-22,6,196.8999938964844,7.085175985964203,7.352778767846994,181.3999938964844,2.1876661963945057,193.3500061035156,191.0,184.70000076293945,168.14000061035156,122.59225036621092,7041669905.5620575,91.59836065573772,94.05737704918032,91.8032786885246,92.6434426229508,0.9740518962075848,0.7371026017368943,True,0.9740518962075848,95.63524590163934,True,True,True,True,True,True,True,True,True,True,True,True,True,True,,2024-04-23,194.3999938964844,179.56179920452263,14.838194691961746,2024-04-25,184.0,SMA20,-0.0534979126698032,2024-04-24,2,2024-04-22,501,493,492,278,56.50406504065041,479,367,76.61795407098121,0.9560878243512974,True,20574.849609375,18317.231513671875,NORMAL,POINT_IN_TIME,501,492,479,NORMAL,MOMENTUM_ENABLED,True,True,True,0.9820359281437125,20216.8351171875,-0.0574979126698032,-0.0594979126698032,-0.0614979126698032
ETERNAL-2024-05-16,ETERNAL,2024-05-10,2024-05-16,4,201.3000030517578,7.921434306514539,8.979366359101357,182.1000061035156,2.423803089858642,195.1999969482422,193.3999938964844,191.98999938964843,180.8920001220703,132.41975021362305,7049540327.7495575,59.38775510204082,91.83673469387756,82.85714285714286,79.40816326530613,0.9780439121756488,0.9637909509398592,True,0.9740518962075848,91.35245901639344,True,True,True,True,True,True,True,True,True,True,True,True,True,True,,2024-05-17,195.1499938964844,179.85516451374028,15.294829382744098,2024-05-22,190.0,SMA20,-0.0263899259931115,2024-05-21,2,2024-05-16,501,493,492,309,62.80487804878049,480,362,75.41666666666667,0.9580838323353292,True,20929.05078125,18677.94451171875,STRONG_MOMENTUM,POINT_IN_TIME,501,492,480,STRONG_MOMENTUM,MOMENTUM_ENABLED,True,True,True,0.9820359281437125,20455.110078125,-0.0303899259931115,-0.0323899259931115,-0.0343899259931115
ETERNAL-2024-09-19,ETERNAL,2024-09-12,2024-09-19,5,283.8999938964844,10.4715066743499,10.417748521621515,269.20001220703125,1.4038076989876664,278.8500061035156,277.8500061035156,262.32000198364256,249.25000061035155,185.3415504837036,13959399749.408625,80.12170385395537,95.94320486815415,94.7261663286004,90.8316430020284,0.9840319361277444,0.8433377801608909,True,0.9820717131474104,90.38539553752535,True,True,True,True,True,True,True,True,True,True,True,True,True,True,,2024-09-20,279.0,266.5955750766259,12.404424923374108,2024-10-01,272.54998779296875,SMA20,-0.0231183233226926,2024-09-30,7,2024-09-19,501,494,493,272,55.172413793103445,489,388,79.34560327198365,0.9760479041916168,True,23853.94921875,21089.112783203123,NORMAL,POINT_IN_TIME,501,493,489,NORMAL,MOMENTUM_ENABLED,True,True,True,0.9840319361277445,23319.594921875,-0.0271183233226926,-0.029118323322692603,-0.0311183233226926
ETERNAL-2024-12-16,ETERNAL,2024-12-06,2024-12-16,6,302.95001220703125,10.127072489198609,9.831208567501942,278.20001220703125,2.4439441927958945,294.1499938964844,288.95001220703125,283.91699981689453,270.4927996826172,226.41750015258788,13592433638.902891,75.7085020242915,80.36437246963563,95.54655870445345,83.52226720647774,0.988,0.6547233597701076,True,0.988,95.06072874493928,True,True,True,True,True,True,True,True,True,True,True,True,True,True,,2024-12-17,295.5,275.74221006515575,19.75778993484425,2024-12-23,273.8999938964844,SMA20,-0.0730964673553828,2024-12-20,4,2024-12-16,500,496,496,293,59.07258064516129,488,290,59.42622950819673,0.976,True,23352.44921875,22223.811494140624,NORMAL,POINT_IN_TIME,500,496,488,NORMAL,MOMENTUM_ENABLED,True,True,True,0.992,22916.50890625,-0.07709646735538281,-0.07909646735538281,-0.08109646735538281
ETERNAL-2025-09-16,ETERNAL,2025-09-08,2025-09-16,6,329.6499938964844,7.760719479707286,7.138626269151681,320.70001220703125,1.1532412314161746,327.29998779296875,325.6000061035156,323.0174987792969,303.7269982910156,256.6266992950439,8872366292.669128,43.25955734406438,97.1830985915493,93.96378269617706,80.04024144869214,0.9920159680638724,0.7043410320919092,True,0.9920159680638724,91.7102615694165,True,True,True,True,True,True,True,True,True,True,True,True,True,True,,2025-09-17,327.29998779296875,318.9153556397433,8.384632153225425,2025-09-29,326.95001220703125,SMA20,-0.0010692807790719,2025-09-26,8,2025-09-16,501,497,497,294,59.15492957746479,487,331,67.96714579055441,0.9720558882235528,True,23369.30078125,22249.04400390625,NORMAL,POINT_IN_TIME,501,497,487,NORMAL,MOMENTUM_ENABLED,True,True,True,0.9920159680638723,23023.013046875,-0.0050692807790719,-0.0070692807790719,-0.0090692807790719
EXIDEIND-2023-08-07,EXIDEIND,2023-08-01,2023-08-07,4,259.5159912109375,6.377244923098465,6.7224061680372245,248.32059704037687,1.7555220640829885,259.4173583984375,256.9020925572109,248.571314239502,230.1145004272461,191.61871032714845,796753491.6109924,65.439672801636,90.79754601226992,85.48057259713701,81.59509202453987,0.9741035856573704,0.6789987148418722,True,0.9741035856573704,84.56032719836402,True,True,True,True,True,True,True,True,True,True,True,True,True,True,,2023-08-08,260.35440347722783,246.63999549836765,13.714407978860208,2023-08-28,256.8527669240598,SMA20,-0.0134495000138314,2023-08-25,13,2023-08-07,502,491,491,370,75.35641547861506,482,405,84.02489626556017,0.9601593625498008,True,16956.349609375,15503.839248046876,STRONG_MOMENTUM,POINT_IN_TIME,502,491,482,STRONG_MOMENTUM,MOMENTUM_ENABLED,True,True,True,0.9780876494023905,16428.740078125,-0.0174495000138314,-0.0194495000138314,-0.021449500013831398
EXIDEIND-2024-05-14,EXIDEIND,2024-04-30,2024-05-14,9,465.96484375,20.666197313691697,19.15968886413194,429.0743274449181,1.7850655224626806,454.9667053222656,453.3885333130913,448.88571014404295,370.9500341796875,303.71816459655764,3784169508.8301086,96.51639344262296,94.87704918032787,91.59836065573772,94.38524590163937,0.9740518962075848,0.3170268637060028,True,0.9740518962075848,95.77868852459017,True,True,True,True,True,True,True,True,True,True,True,True,True,True,,2024-05-15,455.7065128965597,424.2844052288851,31.422107667674595,2024-06-05,456.6435883032445,SMA20,0.0020563133950589,2024-06-04,14,2024-05-14,501,493,492,288,58.53658536585365,480,357,74.375,0.9580838323353292,True,20683.80078125,18638.31026367188,NORMAL,POINT_IN_TIME,501,492,480,NORMAL,MOMENTUM_ENABLED,True,True,True,0.9820359281437125,20427.9570703125,-0.0019436866049411003,-0.003943686604941101,-0.005943686604941101
EXIDEIND-2024-05-24,EXIDEIND,2024-05-17,2024-05-24,4,469.8117065429688,18.250817596711222,18.54614904086312,454.0790098147528,0.8620269554965564,468.2828369140625,464.4359763398772,456.7298828125,391.2496899414063,311.3466217803955,2006485417.7349243,52.44897959183673,93.26530612244898,89.38775510204081,79.85714285714286,0.9780439121756488,3.504471891067909,True,0.9780439121756488,81.0,True,True,True,True,True,True,True,True,True,True,True,True,True,True,,2024-05-27,473.36267425696354,449.442472554537,23.92020170242654,2024-06-05,456.6435883032445,SMA20,-0.0353198231777842,2024-06-04,7,2024-05-24,501,493,492,336,68.29268292682927,480,364,75.83333333333333,0.9580838323353292,True,21483.75,18786.948759765623,STRONG_MOMENTUM,POINT_IN_TIME,501,492,480,STRONG_MOMENTUM,MOMENTUM_ENABLED,True,True,True,0.9820359281437125,20551.7060546875,-0.039319823177784194,-0.041319823177784196,-0.0433198231777842
EXIDEIND-2024-07-08,EXIDEIND,2024-06-25,2024-07-08,9,571.75390625,22.189454404470144,17.120203018478783,549.6589775843336,0.9957400602520146,563.6655883789062,563.2216969417298,552.7414337158203,502.4963342285157,352.21280654907224,2999375673.221161,50.10141987829615,97.7687626774848,92.0892494929006,81.76470588235294,0.9820717131474104,0.4973400555201003,True,0.9780876494023903,96.47657841140528,True,True,True,True,True,True,True,True,True,True,True,True,True,True,,2024-07-09,564.6026778049819,545.3789268297139,19.22375097526799,2024-07-12,555.7745342595389,SMA20,-0.0156360284718527,2024-07-11,3,2024-07-08,502,493,493,408,82.75862068965517,484,416,85.9504132231405,0.9641434262948207,True,22971.150390625,19549.66376953125,STRONG_MOMENTUM,POINT_IN_TIME,502,493,484,STRONG_MOMENTUM,MOMENTUM_ENABLED,True,True,True,0.9820717131474104,21580.0141015625,-0.0196360284718527,-0.021636028471852697,-0.0236360284718527
EXIDEIND-2025-09-18,EXIDEIND,2025-09-08,2025-09-18,8,425.3118591308594,10.241002845020724,8.831267560835785,411.87626033660695,1.3119417109414189,423.1223449707031,418.9921320318135,410.2913345336914,393.4971032714844,383.9142713928223,931284149.1195984,83.29979879275655,80.08048289738431,65.99597585513078,76.82092555331992,0.9920159680638724,0.8852157914835858,True,0.9920159680638724,77.82696177062374,True,True,True,True,True,True,True,True,True,True,True,True,True,True,,2025-09-19,421.38067963385487,409.668443446398,11.71223618745688,2025-09-23,402.07320525612215,SMA20,-0.045819552985935,2025-09-22,2,2025-09-18,501,497,497,312,62.77665995975856,487,335,68.78850102669405,0.9720558882235528,True,23518.900390625,22257.593759765627,STRONG_MOMENTUM,POINT_IN_TIME,501,497,487,STRONG_MOMENTUM,MOMENTUM_ENABLED,True,True,True,0.9920159680638723,23019.8200390625,-0.049819552985935,-0.051819552985935,-0.053819552985935
FACT-2023-09-28,FACT,2023-09-15,2023-09-28,8,564.9357299804688,31.250043479361,27.475499569987733,512.8370860178478,1.6671542872261709,543.1949462890625,538.9008452043366,516.7561401367187,486.38154174804686,352.70275421142577,810576926.5078735,92.44897959183672,70.40816326530613,98.9795918367347,85.59183673469389,0.9780439121756488,1.1287415097585418,True,0.9780439121756488,96.3469387755102,True,True,True,True,True,True,True,True,True,True,True,True,True,True,,2023-09-29,544.2434179506151,505.9682111253509,38.27520682526426,2023-10-05,529.2642675450523,SMA20,-0.0275228875747689,2023-10-04,3,2023-09-28,501,491,491,307,62.52545824847251,488,425,87.09016393442623,0.9740518962075848,True,17170.44921875,15795.18576171875,STRONG_MOMENTUM,POINT_IN_TIME,501,491,488,STRONG_MOMENTUM,MOMENTUM_ENABLED,True,True,True,0.9800399201596807,17090.0610546875,-0.0315228875747689,-0.0335228875747689,-0.0355228875747689
FACT-2023-11-08,FACT,2023-10-31,2023-11-08,6,755.0004272460938,45.141496138605454,43.7116917506081,701.8742531369468,1.1768811105866943,742.717529296875,725.6911802511063,682.3763916015625,581.3937878417969,399.8937233734131,1425550870.2006226,99.79591836734694,98.16326530612244,98.36734693877553,98.71428571428572,0.9780439121756488,0.9468204958603345,True,0.9760479041916168,98.81390593047036,True,True,True,True,True,True,True,True,True,True,True,True,True,True,,2023-11-09,746.4623332084801,690.9463301992947,55.5160030091854,2023-11-22,709.0143396084599,SMA20,-0.0501672916824342,2023-11-21,8,2023-11-08,501,491,491,252,51.32382892057027,488,405,82.99180327868852,0.9740518962075848,True,17259.69921875,16010.728994140623,NORMAL,POINT_IN_TIME,501,491,488,NORMAL,MOMENTUM_ENABLED,True,True,True,0.9800399201596807,17206.412890625,-0.0541672916824342,-0.0561672916824342,-0.0581672916824342
FACT-2023-12-15,FACT,2023-12-06,2023-12-15,7,811.9712524414062,32.85936452648226,40.82543442579044,743.0170799234918,2.098463360797571,799.9379272460938,797.2416473133525,745.134146118164,696.4268627929688,457.3434109497071,547976216.4001465,58.36734693877551,97.14285714285714,98.36734693877553,85.87755102040816,0.9780439121756488,8.621565177047605,True,0.9780439121756488,88.69387755102042,True,True,True,True,True,True,True,True,True,True,True,True,True,True,,2023-12-18,803.0336948474779,732.8107213170442,70.2229735304337,2023-12-21,743.9658155831961,SMA20,-0.0735559163249068,2023-12-20,3,2023-12-15,501,491,491,423,86.15071283095723,489,439,89.77505112474438,0.9760479041916168,True,19145.05078125,16386.43372558594,STRONG_MOMENTUM,POINT_IN_TIME,501,491,489,STRONG_MOMENTUM,MOMENTUM_ENABLED,True,True,True,0.9800399201596807,17592.4528515625,-0.0775559163249068,-0.0795559163249068,-0.0815559163249068
FACT-2024-12-16,FACT,2024-12-06,2024-12-16,6,1029.093994140625,41.011106860061815,39.89711604936932,972.2664554936908,1.3856621534464144,1009.3018188476562,1008.3022268115142,941.473583984375,898.7794299316406,858.1502453613281,429789375.2094727,94.73684210526316,68.0161943319838,85.62753036437248,81.3157894736842,0.988,0.6278293284070934,True,0.988,84.7165991902834,True,True,True,True,True,True,True,True,True,True,True,True,True,True,,2024-12-17,1017.6484985682206,962.2921764813484,55.35632208687218,2024-12-23,944.6772914106208,SMA20,-0.0717057090540264,2024-12-20,4,2024-12-16,500,496,496,293,59.07258064516129,488,290,59.42622950819673,0.976,True,23352.44921875,22223.811494140624,NORMAL,POINT_IN_TIME,500,496,488,NORMAL,MOMENTUM_ENABLED,True,True,True,0.992,22916.50890625,-0.0757057090540264,-0.0777057090540264,-0.07970570905402641
FINCABLES-2024-06-03,FINCABLES,2024-05-29,2024-06-03,3,1463.161376953125,71.276233109184,68.36780632747534,1398.8389281844068,0.9024389472180204,1446.514404296875,1444.0517597165765,1170.489663696289,1049.0533862304687,1017.5048599243164,440484307.23876953,98.16326530612244,95.10204081632652,81.63265306122449,91.9795918367347,0.9780439121756488,1.039329160269281,True,0.9780439121756488,93.97959183673468,True,True,True,True,True,True,True,True,True,True,True,True,True,True,,2024-06-04,1446.5143466339312,1381.746976602538,64.76737003139328,2024-07-10,1593.7762021354988,SMA20,0.1018046283773465,2024-07-09,25,2024-06-03,501,493,493,303,61.4604462474645,480,347,72.29166666666667,0.9580838323353292,True,21797.400390625,18918.27002929688,STRONG_MOMENTUM,POINT_IN_TIME,501,493,480,STRONG_MOMENTUM,MOMENTUM_ENABLED,True,True,True,0.9840319361277445,20707.5680859375,0.09780462837734649,0.09580462837734649,0.09380462837734649
FINCABLES-2024-07-16,FINCABLES,2024-07-05,2024-07-16,7,1641.550048828125,65.83706035453793,68.58267517159534,1531.768733605783,1.6674698814187747,1631.650390625,1601.1639486153929,1588.1910217285156,1402.3062878417968,1091.5215451049803,244555396.31188965,52.73833671399595,97.3630831643002,89.24949290060852,81.54158215010142,0.9801192842942346,2.6588533335074467,True,0.9820717131474104,87.66734279918865,True,True,True,True,True,True,True,True,True,True,True,True,True,True,,2024-07-18,1640.6633406524163,1514.6230648128842,126.04027583953211,2024-07-19,1549.6960095653574,SMA20,-0.0554454584515098,2024-07-18,1,2024-07-16,503,493,493,413,83.77281947261663,484,421,86.98347107438018,0.9622266401590456,True,23204.25,19716.877265625,STRONG_MOMENTUM,POINT_IN_TIME,503,493,484,STRONG_MOMENTUM,MOMENTUM_ENABLED,True,True,True,0.9801192842942346,21836.4141015625,-0.059445458451509794,-0.061445458451509796,-0.0634454584515098
FINPIPE-2024-06-21,FINPIPE,2024-06-07,2024-06-21,9,341.7528991699219,17.531899401107793,13.785172418933058,314.92389412087635,1.5302965431885986,324.6799011230469,323.7042762620906,321.3384613037109,288.3660858154297,232.9666066741944,352653719.05337524,52.74949083503056,92.4643584521385,86.35437881873727,78.71690427698576,0.9780876494023903,2.421909480883223,True,0.9800399201596808,94.62321792260693,True,True,True,True,True,True,True,True,True,True,True,True,True,True,,2024-06-24,325.606732366702,311.47760101614307,14.129131350558907,2024-06-28,321.1189514057544,SMA20,-0.013782826074657,2024-06-27,4,2024-06-21,502,493,493,410,83.16430020283975,484,405,83.67768595041323,0.9641434262948207,True,22236.19921875,19238.9940234375,STRONG_MOMENTUM,POINT_IN_TIME,502,493,484,STRONG_MOMENTUM,MOMENTUM_ENABLED,True,True,True,0.9820717131474104,21130.3550390625,-0.017782826074657,-0.019782826074657,-0.021782826074657
FLUOROCHEM-2024-09-27,FLUOROCHEM,2024-09-16,2024-09-27,9,4478.28466796875,164.8045539447298,175.88811158326794,4093.815685845894,2.33287838788602,4296.20654296875,4287.163715721731,4025.6762817382814,3576.8237109375,3423.1091125488283,1043874850.3981934,100.0,93.30628803245436,69.97971602434076,88.31643002028399,0.986,0.4922475461653635,True,0.9820717131474104,86.26774847870182,True,True,True,True,True,True,True,True,True,True,True,True,True,True,,2024-09-30,4330.929157031093,4049.843657950077,281.0854990810162,2024-10-07,4051.7997462156873,SMA20,-0.0644502370495371,2024-10-04,4,2024-09-27,500,493,493,298,60.446247464503045,490,402,82.0408163265306,0.98,True,24489.55078125,21285.55428710937,STRONG_MOMENTUM,POINT_IN_TIME,500,493,490,STRONG_MOMENTUM,MOMENTUM_ENABLED,True,True,True,0.986,23471.9529296875,-0.06845023704953711,-0.07045023704953711,-0.0724502370495371
FORTIS-2023-12-11,FORTIS,2023-12-05,2023-12-11,4,386.28662109375,10.604520360873211,9.98631431917501,374.5371688398844,1.107966400556577,384.3947143554688,382.8514031935742,371.95581817626953,347.9178271484375,308.12370780944826,761130155.2153931,76.32653061224491,70.61224489795919,70.61224489795919,72.32653061224491,0.9780439121756488,1.3609005263126452,True,0.9780439121756488,73.04081632653062,True,True,True,True,True,True,True,True,True,True,True,True,True,True,,2023-12-12,383.39902956094255,372.0405902600906,11.358439300851956,2024-01-16,413.12103643503485,SMA20,0.0775223842066817,2024-01-15,24,2023-12-11,501,491,491,407,82.89205702647658,488,437,89.54918032786885,0.9740518962075848,True,18770.19921875,16308.349477539065,STRONG_MOMENTUM,POINT_IN_TIME,501,491,488,STRONG_MOMENTUM,MOMENTUM_ENABLED,True,True,True,0.9800399201596807,17462.4908203125,0.0735223842066817,0.0715223842066817,0.06952238420668169
FORTIS-2024-01-05,FORTIS,2024-01-02,2024-01-05,3,433.6327209472656,12.913551948837412,12.661383572298108,419.2446868693359,1.1141809886957637,432.4378662109375,428.9528826073344,403.0145721435547,373.7316705322266,320.3053820037842,596777228.746994,81.0204081632653,76.93877551020408,66.53061224489795,75.0408163265306,0.9780439121756488,0.8116825383485397,True,0.9780439121756488,76.22448979591837,True,True,True,True,True,True,True,True,True,True,True,True,True,True,,2024-01-08,431.1434635615849,416.0793409762613,15.06412258532356,2024-01-16,413.12103643503485,SMA20,-0.0418014620415918,2024-01-15,6,2024-01-05,501,491,491,432,87.9837067209776,489,448,91.6155419222904,0.9760479041916168,True,19590.599609375,16683.722470703124,STRONG_MOMENTUM,POINT_IN_TIME,501,491,489,STRONG_MOMENTUM,MOMENTUM_ENABLED,True,True,True,0.9800399201596807,18098.6019140625,-0.0458014620415918,-0.047801462041591795,-0.0498014620415918
FSL-2023-09-01,FSL,2023-08-25,2023-09-01,5,159.96194458007812,4.901196037634522,5.377726997056372,151.78314753259167,1.6687349342251183,159.58152770996094,156.82356785624452,147.04468002319337,135.28956939697267,114.5016117477417,308624843.5618286,85.91836734693878,78.57142857142857,79.79591836734694,81.14285714285714,0.9760956175298804,6.015767918072571,True,0.9760956175298804,85.10204081632654,True,True,True,True,True,True,True,True,True,True,True,True,True,True,,2023-09-04,160.43744078146585,150.43871578332758,9.998724998138272,2023-09-13,150.6419216021523,SMA20,-0.0610550700110964,2023-09-12,7,2023-09-01,502,492,491,373,75.96741344195519,483,426,88.19875776397515,0.9621513944223108,True,17074.55078125,15645.876274414062,STRONG_MOMENTUM,POINT_IN_TIME,502,491,483,STRONG_MOMENTUM,MOMENTUM_ENABLED,True,True,True,0.9780876494023905,16766.41412109375,-0.0650550700110964,-0.0670550700110964,-0.0690550700110964
FSL-2023-09-08,FSL,2023-09-04,2023-09-08,4,162.29193115234375,5.418167118412989,5.300360083317052,156.918668700325,0.9917122035159044,160.91294860839844,160.77030140652494,151.87587280273436,139.04991104125978,116.03940769195556,395232019.7333984,79.18367346938776,80.61224489795919,79.18367346938776,79.75510204081633,0.9780439121756488,1.0772365799789885,True,0.9760956175298804,83.24489795918367,True,True,True,True,True,True,True,True,True,True,True,True,True,True,,2023-09-11,161.76889502095557,155.59357867949572,6.175316341459848,2023-09-13,150.6419216021523,SMA20,-0.0687831453467112,2023-09-12,2,2023-09-08,501,491,491,414,84.31771894093686,487,451,92.60780287474331,0.9720558882235528,True,17487.44921875,15688.051762695311,STRONG_MOMENTUM,POINT_IN_TIME,501,491,487,STRONG_MOMENTUM,MOMENTUM_ENABLED,True,True,True,0.9800399201596807,16885.0370703125,-0.07278314534671121,-0.07478314534671121,-0.07678314534671121
FSL-2024-07-12,FSL,2024-07-08,2024-07-12,4,242.09255981445312,9.08479667503253,9.624420018167674,228.7161195164824,1.4723984230415188,241.4247131347656,235.2010893472074,214.26721649169923,198.39182220458983,182.3249660491944,772423693.653595,96.14604462474644,71.80527383367141,72.21095334685599,79.2292089249493,0.9801192842942346,2.501868746777609,True,0.9820717131474104,80.04056795131845,True,True,True,True,True,True,True,True,True,True,True,True,True,True,,2024-07-15,242.7604252208206,226.31001451194047,16.450410708880128,2024-09-16,301.9865984495841,SMA20,0.2439696386875661,2024-09-13,43,2024-07-12,503,493,493,404,81.94726166328601,484,423,87.39669421487604,0.9622266401590456,True,23095.44921875,19660.458017578127,STRONG_MOMENTUM,POINT_IN_TIME,503,493,484,STRONG_MOMENTUM,MOMENTUM_ENABLED,True,True,True,0.9801192842942346,21748.9951171875,0.2399696386875661,0.2379696386875661,0.2359696386875661
GAIL-2024-01-12,GAIL,2024-01-02,2024-01-12,8,147.79981994628906,5.30178791584219,4.738851977376443,140.4120728024141,1.393444487245475,146.31324768066406,145.14202694642,140.21836776733397,126.45735412597656,108.17585529327393,3496581143.631859,85.10204081632654,80.81632653061224,77.14285714285715,81.0,0.9780439121756488,1.209941427644819,True,0.9780439121756488,87.75510204081633,True,True,True,True,True,True,True,True,True,True,True,True,True,True,,2024-01-15,147.48447621691585,139.22735980806996,8.257116408845889,2024-01-24,142.97976372569474,SMA20,-0.0305436382646517,2024-01-23,6,2024-01-12,501,491,491,417,84.928716904277,489,437,89.36605316973414,0.9760479041916168,True,19745.599609375,16813.61197265625,STRONG_MOMENTUM,POINT_IN_TIME,501,491,489,STRONG_MOMENTUM,MOMENTUM_ENABLED,True,True,True,0.9800399201596807,18377.1729296875,-0.034543638264651705,-0.0365436382646517,-0.0385436382646517
GAIL-2024-01-25,GAIL,2024-01-19,2024-01-25,3,151.62881469726562,4.9061808580219,5.323690104284005,140.32197610737606,2.3046110441285927,149.0160675048828,148.7458117059081,146.70966720581055,132.38466262817383,110.324831199646,4150192887.793785,68.9795918367347,81.22448979591836,79.18367346938776,76.93877551020408,0.9780439121756488,0.6794203857674079,True,0.9780439121756488,82.91836734693878,True,True,True,True,True,True,True,True,True,True,True,True,True,True,,2024-01-29,151.31350202069737,138.99105358130507,12.322448439392303,2024-03-13,167.1418615438568,SMA20,0.1046063921050109,2024-03-12,31,2024-01-25,501,491,491,321,65.37678207739307,489,407,83.23108384458078,0.9760479041916168,True,19393.0,17020.314487304688,STRONG_MOMENTUM,POINT_IN_TIME,501,491,489,STRONG_MOMENTUM,MOMENTUM_ENABLED,True,True,True,0.9800399201596807,18777.58796875,0.10060639210501089,0.09860639210501089,0.0966063921050109
GAIL-2024-02-29,GAIL,2024-02-15,2024-02-29,9,171.18338012695312,6.424257112190075,5.632639822186008,163.79718974256437,1.149734553801311,169.32522583007812,168.90713833320584,166.2435546875,153.47542419433594,118.3740050125122,3025366511.4543457,83.09572301425662,93.68635437881872,86.15071283095723,88.24847250509166,0.9800399201596808,1.0427740462775632,True,0.9780439121756488,87.69387755102042,True,True,True,True,True,True,True,True,True,True,True,True,True,True,,2024-03-01,171.83375322820166,162.38902978701788,9.444723441183784,2024-03-13,167.1418615438568,SMA20,-0.0273048315374561,2024-03-12,7,2024-02-29,501,491,491,264,53.76782077393075,490,373,76.12244897959184,0.9780439121756488,True,20090.05078125,17593.744506835938,NORMAL,POINT_IN_TIME,501,491,490,NORMAL,MOMENTUM_ENABLED,True,True,True,0.9800399201596807,19667.91609375,-0.0313048315374561,-0.0333048315374561,-0.0353048315374561
GESHIP-2023-10-09,GESHIP,2023-09-27,2023-10-09,7,781.270751953125,29.13606517791996,27.368839480470854,744.680107904442,1.255854001741192,773.6515502929688,769.1346943473969,757.2039642333984,722.065361328125,623.131605682373,268213539.5889893,91.42857142857144,71.22448979591837,65.51020408163265,75.57142857142857,0.9780439121756488,1.0425100464031167,True,0.9780439121756488,74.55102040816327,True,True,True,True,True,True,True,True,True,True,True,True,True,True,,2023-10-10,777.4839505583635,737.8378980343243,39.64605252403919,2023-10-25,762.6560690904618,SMA20,-0.0190716238672873,2023-10-23,10,2023-10-09,501,491,491,254,51.73116089613035,488,426,87.29508196721312,0.9740518962075848,True,17127.69921875,15835.60201171875,NORMAL,POINT_IN_TIME,501,491,488,NORMAL,MOMENTUM_ENABLED,True,True,True,0.9800399201596807,17123.0569921875,-0.0230716238672873,-0.0250716238672873,-0.0270716238672873
GESHIP-2024-06-28,GESHIP,2024-06-18,2024-06-28,8,1148.272216796875,51.970130912496856,46.81015703521325,1083.1459810805618,1.253147424738405,1146.260498046875,1124.7388307120084,1080.6171112060547,1006.48572265625,876.2488214111328,998123775.3450928,85.16260162601627,69.51219512195121,59.34959349593496,71.15853658536585,0.9800796812749004,1.557493955536134,True,0.9780876494023903,78.67617107942974,True,True,True,True,True,True,True,True,True,True,True,True,True,True,,2024-07-01,1150.938990787227,1071.4434418217586,79.49554896546874,2024-08-05,1185.6075014783144,SMA20,0.0301219360614192,2024-08-02,24,2024-06-28,502,493,493,390,79.10750507099391,484,409,84.50413223140497,0.9641434262948207,True,22559.69921875,19377.443017578124,STRONG_MOMENTUM,POINT_IN_TIME,502,493,484,STRONG_MOMENTUM,MOMENTUM_ENABLED,True,True,True,0.9820717131474104,21299.2430859375,0.0261219360614192,0.0241219360614192,0.0221219360614192
GICRE-2023-12-07,GICRE,2023-11-30,2023-12-07,5,303.1285400390625,14.240432193952715,14.666747245917382,277.6109284644343,1.7919127191564015,294.8756408691406,293.4527394702504,259.2031410217285,230.8387313842773,180.6416870117188,658308983.5410461,97.55102040816328,94.89795918367348,90.6122448979592,94.40816326530611,0.9780439121756488,2.1387498027231664,True,0.9780439121756488,96.22448979591834,True,True,True,True,True,True,True,True,True,True,True,True,True,True,,2023-12-08,295.9191266361096,273.944241652955,21.974884983154595,2023-12-21,287.2867558555182,SMA20,-0.0291713850291487,2023-12-20,9,2023-12-07,501,491,491,419,85.33604887983707,488,442,90.57377049180327,0.9740518962075848,True,18703.849609375,16271.023735351562,STRONG_MOMENTUM,POINT_IN_TIME,501,491,488,STRONG_MOMENTUM,MOMENTUM_ENABLED,True,True,True,0.9800399201596807,17404.0028515625,-0.033171385029148695,-0.0351713850291487,-0.0371713850291487
GICRE-2023-12-22,GICRE,2023-12-19,2023-12-22,3,306.4486694335937,13.682342778312668,14.947105386891804,280.36188038628654,1.9066025073320283,298.00604248046875,295.9665379576863,294.6100311279297,249.7739492797852,189.4461312866211,708372024.2992249,85.71428571428571,91.22448979591836,91.22448979591836,89.57142857142857,0.9780439121756488,0.5828633566550065,True,0.9780439121756488,94.46938775510203,True,True,True,True,True,True,True,True,True,True,True,True,True,True,,2023-12-26,298.81239677052025,276.6251040395636,22.18729273095664,2024-01-01,293.07332645576656,SMA20,-0.0192062657934541,2023-12-29,4,2023-12-22,501,491,491,401,81.67006109979633,489,438,89.57055214723927,0.9760479041916168,True,19054.69921875,16496.604721679687,STRONG_MOMENTUM,POINT_IN_TIME,501,491,489,STRONG_MOMENTUM,MOMENTUM_ENABLED,True,True,True,0.9800399201596807,17773.596875,-0.0232062657934541,-0.0252062657934541,-0.0272062657934541
GICRE-2024-07-16,GICRE,2024-07-09,2024-07-16,5,395.9975891113281,16.39291027310597,17.016252866693716,373.80005282219537,1.3540936855824677,395.6180725097656,392.2505434086853,376.15736083984376,353.0814556884766,308.4910589599609,625045633.8976746,62.47464503042597,79.71602434077079,69.1683569979716,71.37931034482759,0.9801192842942346,4.120840322271827,True,0.9820717131474104,71.96754563894524,True,True,True,True,True,True,True,True,True,True,True,True,True,True,,2024-07-18,395.6655333987755,369.5459896055219,26.11954379325357,2024-07-22,364.26652298850576,SMA20,-0.0793574566390748,2024-07-19,2,2024-07-16,503,493,493,413,83.77281947261663,484,421,86.98347107438018,0.9622266401590456,True,23204.25,19716.877265625,STRONG_MOMENTUM,POINT_IN_TIME,503,493,484,STRONG_MOMENTUM,MOMENTUM_ENABLED,True,True,True,0.9801192842942346,21836.4141015625,-0.0833574566390748,-0.0853574566390748,-0.0873574566390748
GILLETTE-2025-07-11,GILLETTE,2025-06-30,2025-07-11,9,10553.8681640625,314.9983744023597,306.29470633182,10033.889310446992,1.650735038242824,10398.6005859375,10389.893096239944,10187.51328125,9316.658251953126,8718.981791992188,267693070.3330078,73.03822937625755,84.50704225352112,68.81287726358148,76.35814889336015,0.994,2.1513476936957256,True,0.9900199600798404,87.98387096774194,True,True,True,True,True,True,True,True,True,True,True,True,True,True,,2025-07-14,10467.28602584826,9957.315633864038,509.97039198422135,2025-07-28,10370.545705419743,SMA20,-0.0092421588738113,2025-07-25,10,2025-07-11,500,497,497,346,69.61770623742454,479,293,61.16910229645094,0.958,True,23282.69921875,22292.152978515624,STRONG_MOMENTUM,POINT_IN_TIME,500,497,479,STRONG_MOMENTUM,MOMENTUM_ENABLED,True,True,True,0.994,22951.1549609375,-0.0132421588738113,-0.0152421588738113,-0.0172421588738113
GILLETTE-2025-07-23,GILLETTE,2025-07-18,2025-07-23,3,10891.0078125,328.0784188586157,315.19439074265546,10565.960976737284,0.9907595778276226,10845.5400390625,10821.354472748146,10486.803076171876,9791.77822265625,8818.43921142578,288374441.55615234,79.87927565392354,94.3661971830986,77.2635814889336,84.88933601609658,0.9920159680638724,0.9971819571583814,True,0.9920159680638724,81.20724346076459,True,True,True,True,True,True,True,True,True,True,True,True,True,True,,2025-07-24,10849.408760370512,10487.16237905162,362.2463813188915,2025-07-28,10370.545705419743,SMA20,-0.0441372489070467,2025-07-25,2,2025-07-23,501,497,497,306,61.56941649899397,479,314,65.55323590814196,0.9560878243512974,True,23428.400390625,22255.32173828125,STRONG_MOMENTUM,POINT_IN_TIME,501,497,479,STRONG_MOMENTUM,MOMENTUM_ENABLED,True,True,True,0.9920159680638723,23150.1589453125,-0.048137248907046695,-0.0501372489070467,-0.0521372489070467
GLAXO-2024-01-31,GLAXO,2024-01-18,2024-01-31,7,2205.048828125,75.74460142952948,77.54161615107334,2030.0572223548104,2.310284858162424,2129.33544921875,2091.573796982617,2075.685845947265,1805.4805200195312,1442.030552368164,672342868.1661377,87.95918367346938,90.0,84.08163265306122,87.61224489795919,0.9780439121756488,0.6489675420156094,True,0.9780439121756488,93.20408163265306,True,True,True,True,True,True,True,True,True,True,True,True,True,True,,2024-02-01,2129.430222768933,2010.671818317042,118.75840445189124,2024-02-14,2040.9880477712163,SMA20,-0.0415332580762913,2024-02-13,9,2024-01-31,501,491,491,357,72.70875763747455,489,413,84.45807770961146,0.9760479041916168,True,19802.099609375,17095.401479492186,STRONG_MOMENTUM,POINT_IN_TIME,501,491,489,STRONG_MOMENTUM,MOMENTUM_ENABLED,True,True,True,0.9800399201596807,18917.681953125,-0.0455332580762913,-0.0475332580762913,-0.0495332580762913
GLAXO-2024-06-24,GLAXO,2024-06-13,2024-06-24,6,2587.89990234375,104.7328976998714,106.62307987662652,2395.151139517642,1.8403841300988328,2528.10595703125,2490.7829460136004,2438.9892578125,2145.5993188476564,1827.418270874024,463319460.1845703,63.13645621181263,79.63340122199592,85.33604887983707,76.39511201629327,0.9780876494023903,2.347786278822576,True,0.9780876494023903,90.32586558044808,True,True,True,True,True,True,True,True,True,True,True,True,True,True,,2024-06-25,2528.1060949528865,2368.495369548485,159.6107254044009,2024-07-05,2487.5728431544608,SMA20,-0.0160330501474389,2024-07-04,8,2024-06-24,502,493,493,401,81.33874239350912,484,406,83.88429752066115,0.9641434262948207,True,22289.099609375,19265.68827148437,STRONG_MOMENTUM,POINT_IN_TIME,502,493,484,STRONG_MOMENTUM,MOMENTUM_ENABLED,True,True,True,0.9820717131474104,21159.7550390625,-0.0200330501474389,-0.0220330501474389,-0.0240330501474389
GLENMARK-2024-09-05,GLENMARK,2024-08-30,2024-09-05,4,1725.0418701171875,44.19986459710333,43.89778010818917,1660.044585537084,1.4705313053009474,1702.828125,1697.847532410332,1622.6724609375,1471.57455078125,1077.9148583984374,1679430974.8009644,92.0892494929006,89.8580121703854,97.97160243407708,92.96146044624746,0.9820717131474104,0.980031415020596,True,0.9820717131474104,96.32860040567952,True,True,True,True,True,True,True,True,True,True,True,True,True,True,,2024-09-06,1703.0772549068115,1649.0701405100367,54.00711439677502,2024-09-19,1642.0223593994117,SMA20,-0.0358497509913257,2024-09-18,9,2024-09-05,502,494,493,302,61.257606490872206,489,410,83.84458077709611,0.9741035856573704,True,23762.80078125,20773.62978515625,STRONG_MOMENTUM,POINT_IN_TIME,502,493,489,STRONG_MOMENTUM,MOMENTUM_ENABLED,True,True,True,0.9820717131474104,23120.591953125,-0.039849750991325705,-0.0418497509913257,-0.0438497509913257
GMDCLTD-2025-09-18,GMDCLTD,2025-09-12,2025-09-18,4,559.341552734375,30.54037412356412,28.00382927305932,533.968226966344,0.8308125390138441,552.0499877929688,549.6732039399936,475.43155670166016,432.3007189941407,345.4121875,2803729564.810974,99.79879275653924,98.99396378269618,100.0,99.53722334004024,0.9920159680638724,0.8488646176674491,True,0.9920159680638724,99.55734406438631,True,True,True,True,True,True,True,True,True,True,True,True,True,True,,2025-09-19,552.0999755859375,526.9672696480792,25.132705937858304,2025-10-15,592.0,SMA20,0.0722695638081074,2025-10-14,17,2025-09-18,501,497,497,312,62.77665995975856,487,335,68.78850102669405,0.9720558882235528,True,23518.900390625,22257.593759765627,STRONG_MOMENTUM,POINT_IN_TIME,501,497,487,STRONG_MOMENTUM,MOMENTUM_ENABLED,True,True,True,0.9920159680638723,23019.8200390625,0.06826956380810739,0.06626956380810739,0.06426956380810739
GMRAIRPORT-2024-02-13,GMRAIRPORT,2024-02-07,2024-02-13,4,90.8000030517578,3.948093534974209,4.181850792461961,84.19999694824219,1.6716944634288509,89.8499984741211,89.30000305175781,83.29249954223633,78.70000030517578,58.494499912261965,3186727646.993923,70.81632653061224,94.08163265306122,88.9795918367347,85.57142857142857,0.9780439121756488,2.161825688223045,True,0.9780439121756488,82.73469387755102,True,True,True,True,True,True,True,True,True,True,True,True,True,True,,2024-02-14,88.25,83.1545342501267,5.0954657498732985,2024-02-28,86.25,SMA20,-0.0226628895184136,2024-02-27,10,2024-02-13,501,491,491,274,55.80448065173116,489,376,76.89161554192229,0.9760479041916168,True,19782.900390625,17321.258740234374,NORMAL,POINT_IN_TIME,501,491,489,NORMAL,MOMENTUM_ENABLED,True,True,True,0.9800399201596807,19320.4969921875,-0.0266628895184136,-0.0286628895184136,-0.0306628895184136
GODFRYPHLP-2024-05-03,GODFRYPHLP,2024-04-25,2024-05-03,5,1103.1356201171875,45.99486862488435,46.38746539126316,1031.6494960117143,1.554219551934914,1083.469482421875,1083.021765643206,1018.7600799560548,981.518975830078,751.379348449707,177894667.74902344,72.3360655737705,96.31147540983606,80.73770491803278,84.44672131147541,0.9740518962075848,8.815728866566385,True,0.9740518962075848,85.88114754098362,True,True,True,True,True,True,True,True,True,True,True,True,True,True,,2024-05-06,1085.6757456888447,1020.0526296638988,65.62311602494594,2024-05-08,1010.4963556409843,SMA20,-0.0692466331189521,2024-05-07,2,2024-05-03,501,493,492,350,71.13821138211382,479,374,78.07933194154488,0.9560878243512974,True,20959.55078125,18499.69776367188,STRONG_MOMENTUM,POINT_IN_TIME,501,492,479,STRONG_MOMENTUM,MOMENTUM_ENABLED,True,True,True,0.9820359281437125,20372.7720703125,-0.0732466331189521,-0.0752466331189521,-0.07724663311895211
GODFRYPHLP-2024-07-04,GODFRYPHLP,2024-06-26,2024-07-04,6,1415.830078125,62.143301578011005,56.63592678454053,1315.5638471494906,1.6134680396670131,1393.02978515625,1381.4377792470991,1325.8046630859376,1214.845460205078,882.1092581176758,345120475.95318604,76.47058823529412,88.64097363083164,96.9574036511156,87.48478701825557,0.9820717131474104,1.4663150721460103,True,0.9780876494023903,88.28920570264765,True,True,True,True,True,True,True,True,True,True,True,True,True,True,,2024-07-05,1394.2290925296688,1301.4048654533551,92.82422707631348,2024-07-10,1314.28472140158,SMA20,-0.0573394799724332,2024-07-09,3,2024-07-04,502,493,493,418,84.78701825557809,484,418,86.36363636363636,0.9641434262948207,True,22914.19921875,19492.55326171875,STRONG_MOMENTUM,POINT_IN_TIME,502,493,484,STRONG_MOMENTUM,MOMENTUM_ENABLED,True,True,True,0.9820717131474104,21488.5041015625,-0.061339479972433206,-0.06333947997243321,-0.0653394799724332
GODFRYPHLP-2024-08-26,GODFRYPHLP,2024-08-20,2024-08-26,4,1869.274169921875,92.33866849307422,93.07952109253,1737.6841834555676,1.4250799650222077,1836.5675048828125,1818.108598299992,1491.1005615234376,1410.7281591796875,1013.2957983398436,461748071.0410767,99.59432048681542,95.94320486815415,99.39148073022312,98.07302231237324,0.9801192842942346,3.1189983768121805,True,0.9801192842942346,97.76876267748476,True,True,True,True,True,True,True,True,True,True,True,True,True,True,,2024-08-27,1831.6742018500129,1714.414303182435,117.25989866757754,2024-09-30,2247.700909646993,SMA20,0.2271292063713011,2024-09-27,24,2024-08-26,503,493,493,281,56.99797160243407,487,416,85.42094455852155,0.9681908548707754,True,23561.75,20502.21453125,NORMAL,POINT_IN_TIME,503,493,487,NORMAL,MOMENTUM_ENABLED,True,True,True,0.9801192842942346,22888.52296875,0.2231292063713011,0.2211292063713011,0.2191292063713011
GODREJCP-2024-05-13,GODREJCP,2024-05-08,2024-05-13,3,1289.015625,37.707684769470696,36.11901547196872,1251.8331394469235,0.9860718254221906,1277.56005859375,1275.459986774182,1179.041522216797,1175.4784399414064,1050.3554598999024,1042986065.4783936,86.68032786885246,71.31147540983606,66.18852459016394,74.38524590163935,0.9740518962075848,1.2164334316524592,True,0.9740518962075848,73.54508196721311,True,True,True,True,True,True,True,True,True,True,True,True,True,True,,2024-05-14,1284.9657951873344,1242.8033855789313,42.162409608403095,2024-05-31,1240.5308281216614,SMA20,-0.0345806613935546,2024-05-30,12,2024-05-13,501,493,492,257,52.235772357723576,480,346,72.08333333333333,0.9580838323353292,True,20511.0,18618.71850585937,NORMAL,POINT_IN_TIME,501,492,480,NORMAL,MOMENTUM_ENABLED,True,True,True,0.9820359281437125,20419.3970703125,-0.038580661393554594,-0.040580661393554596,-0.0425806613935546
GODREJIND-2023-10-13,GODREJIND,2023-10-06,2023-10-13,5,719.0999755859375,25.306821449646176,28.10195024344221,657.5,2.4341253487129952,683.9000244140625,681.4000244140625,604.5550018310547,553.4979986572266,476.54599914550784,210354125.7137146,97.75510204081633,91.42857142857144,82.24489795918367,90.57142857142856,0.9780439121756488,1.0455761108139514,True,0.9780439121756488,93.734693877551,True,True,True,True,True,True,True,True,True,True,True,True,True,True,,2023-10-16,687.0,650.4745124391394,36.5254875608606,2023-10-25,617.75,SMA20,-0.1008005822416302,2023-10-23,6,2023-10-13,501,491,491,319,64.96945010183299,488,434,88.9344262295082,0.9740518962075848,True,17390.349609375,15869.979252929688,STRONG_MOMENTUM,POINT_IN_TIME,501,491,488,STRONG_MOMENTUM,MOMENTUM_ENABLED,True,True,True,0.9800399201596807,17153.91796875,-0.1048005822416302,-0.10680058224163021,-0.1088005822416302
GODREJIND-2024-01-16,GODREJIND,2024-01-08,2024-01-16,6,878.5999755859375,31.392336624190893,30.65526123022783,815.0,2.025971381083097,845.9000244140625,843.5,778.4750061035156,709.1140051269531,560.5820008850097,404287443.0,96.3265306122449,72.24489795918367,88.77551020408163,84.42857142857143,0.9780439121756488,0.6423778258606762,True,0.9780439121756488,93.59183673469389,True,True,True,True,True,True,True,True,True,True,True,True,True,True,,2024-01-17,845.9000244140625,807.336184692443,38.5638397216195,2024-02-09,846.0499877929688,SMA20,0.0001772826274714,2024-02-08,15,2024-01-16,501,491,491,405,82.4847250509165,489,433,88.5480572597137,0.9760479041916168,True,19827.55078125,16867.82098144531,STRONG_MOMENTUM,POINT_IN_TIME,501,491,489,STRONG_MOMENTUM,MOMENTUM_ENABLED,True,True,True,0.9800399201596807,18500.753984375,-0.0038227173725286,-0.0058227173725286,-0.0078227173725286
GODREJPROP-2023-11-30,GODREJPROP,2023-11-21,2023-11-30,6,1881.754150390625,49.53713656382838,46.61133996447078,1814.3797986825448,1.3600776383444904,1867.672119140625,1851.599997910841,1811.881903076172,1695.4775634765624,1465.2018981933593,1143942273.8615112,78.16326530612245,68.9795918367347,67.14285714285714,71.18367346938776,0.9780439121756488,1.458593746252692,True,0.9780439121756488,81.30612244897958,True,True,True,True,True,True,True,True,True,True,True,True,True,True,,2023-12-01,1875.9322902030403,1802.726963691427,73.2053265116133,2023-12-21,1874.290154339947,SMA20,-0.0008753705406475,2023-12-20,14,2023-11-30,501,491,491,356,72.50509164969449,488,423,86.68032786885246,0.9740518962075848,True,17987.94921875,16182.727231445311,STRONG_MOMENTUM,POINT_IN_TIME,501,491,488,STRONG_MOMENTUM,MOMENTUM_ENABLED,True,True,True,0.9800399201596807,17299.1388671875,-0.0048753705406475,-0.0068753705406475,-0.0088753705406475
GODREJPROP-2024-01-25,GODREJPROP,2024-01-19,2024-01-25,3,2332.127197265625,63.74688727562652,65.28925068328773,2212.654841705976,1.8741676757184929,2315.70654296875,2271.470399886988,2196.005157470703,2020.8338818359373,1648.0007989501953,1465495634.2265625,88.36734693877551,84.6938775510204,77.14285714285715,83.53061224489795,0.9780439121756488,1.397359072699171,True,0.9780439121756488,85.69387755102042,True,True,True,True,True,True,True,True,True,True,True,True,True,True,,2024-01-29,2323.8671298430986,2196.332529035153,127.53460080794548,2024-02-07,2336.655227806154,SMA20,0.0055029385281243,2024-02-06,7,2024-01-25,501,491,491,321,65.37678207739307,489,407,83.23108384458078,0.9760479041916168,True,19393.0,17020.314487304688,STRONG_MOMENTUM,POINT_IN_TIME,501,491,489,STRONG_MOMENTUM,MOMENTUM_ENABLED,True,True,True,0.9800399201596807,18777.58796875,0.0015029385281243,-0.0004970614718757,-0.0024970614718757
GODREJPROP-2024-03-01,GODREJPROP,2024-02-27,2024-03-01,3,2481.057373046875,70.61159415493107,74.03782874262181,2324.76284269456,2.2134400479528127,2416.3701171875,2395.12269691746,2325.996875,2241.121096191406,1780.1375927734375,1652978914.3139648,61.30346232179226,77.80040733197556,77.18940936863544,72.66802443991853,0.9800399201596808,1.583425332432566,True,0.9800399201596808,72.03665987780042,True,True,True,True,True,True,True,True,True,True,True,True,True,True,,2024-03-04,2472.05093110053,2306.253385508905,165.7975455916253,2024-03-13,2308.0436510121035,SMA20,-0.0663446201795737,2024-03-12,6,2024-03-01,501,491,491,284,57.841140529531565,490,378,77.14285714285715,0.9780439121756488,True,20349.80078125,17618.16326171875,NORMAL,POINT_IN_TIME,501,491,490,NORMAL,MOMENTUM_ENABLED,True,True,True,0.9800399201596807,19692.01109375,-0.0703446201795737,-0.0723446201795737,-0.07434462017957369
GODREJPROP-2024-04-23,GODREJPROP,2024-04-09,2024-04-23,8,2691.490234375,97.4592273381253,82.04860308555598,2465.084452315309,2.3230820543466657,2523.601806640625,2514.6450145515564,2461.9148559570312,2373.981904296875,1935.7864837646484,1440209376.6313477,85.24590163934425,64.75409836065575,80.32786885245902,75.57377049180329,0.9740518962075848,1.5482085282802844,True,0.9740518962075848,83.95491803278689,True,True,True,True,True,True,True,True,True,True,True,True,True,True,,2024-04-24,2535.7429221852326,2444.5723015439203,91.17062064131233,2024-05-03,2537.733436853445,SMA20,0.0007849828351277,2024-05-02,6,2024-04-23,501,493,492,303,61.58536585365854,479,373,77.8705636743215,0.9560878243512974,True,20652.650390625,18340.435766601564,STRONG_MOMENTUM,POINT_IN_TIME,501,492,479,STRONG_MOMENTUM,MOMENTUM_ENABLED,True,True,True,0.9820359281437125,20232.818125,-0.0032150171648723,-0.0052150171648723005,-0.0072150171648723005
GODREJPROP-2024-05-14,GODREJPROP,2024-05-06,2024-05-14,6,2829.0751953125,98.52236326112426,104.62227299459336,2613.516937353073,2.1879119706874075,2808.723388671875,2765.631757129416,2634.595178222656,2476.7053662109374,2011.8343939208985,1599520755.59375,81.14754098360656,88.9344262295082,82.17213114754098,84.56967213114754,0.9740518962075848,1.0032941184485962,True,0.9740518962075848,84.8155737704918,True,True,True,True,True,True,True,True,True,True,True,True,True,True,,2024-05-15,2795.9849897973663,2587.3613691044247,208.6236206929416,2024-05-27,2736.7713229351107,SMA20,-0.0211781061337339,2024-05-24,7,2024-05-14,501,493,492,288,58.53658536585365,480,357,74.375,0.9580838323353292,True,20683.80078125,18638.31026367188,NORMAL,POINT_IN_TIME,501,492,480,NORMAL,MOMENTUM_ENABLED,True,True,True,0.9820359281437125,20427.9570703125,-0.0251781061337339,-0.0271781061337339,-0.0291781061337339
GODREJPROP-2024-05-27,GODREJPROP,2024-05-16,2024-05-27,6,2846.2421875,100.81920214982824,106.88611773488492,2645.263575531485,1.993455687834536,2829.62255859375,2770.5578400167315,2737.6893676757813,2535.518081054688,2057.8315594482424,2200346212.9244385,80.61224489795919,85.10204081632654,79.18367346938776,81.9795918367347,0.9780439121756488,2.25067793018938,True,0.9780439121756488,83.22448979591837,True,True,True,True,True,True,True,True,True,True,True,True,True,True,,2024-05-28,2830.070389078476,2618.542046097764,211.52834298071184,2024-05-30,2746.7232278175807,SMA20,-0.0294505612236856,2024-05-29,2,2024-05-27,501,493,492,346,70.32520325203252,480,363,75.625,0.9580838323353292,True,21493.0,18809.538759765623,STRONG_MOMENTUM,POINT_IN_TIME,501,492,480,STRONG_MOMENTUM,MOMENTUM_ENABLED,True,True,True,0.9820359281437125,20572.8700390625,-0.0334505612236856,-0.0354505612236856,-0.037450561223685605
GODREJPROP-2024-06-27,GODREJPROP,2024-06-24,2024-06-27,3,3096.283447265625,116.21851026998525,108.20582764940112,3011.4933890711,0.7295744713776722,3095.686279296875,3085.3364234551423,2911.892260742188,2777.1928955078124,2202.7600189208983,2027480006.0737305,77.18940936863544,85.94704684317719,88.39103869653768,84.05295315682281,0.9780876494023903,0.9653101875889512,True,0.9780876494023903,81.09979633401221,True,True,True,True,True,True,True,True,True,True,True,True,True,True,,2024-06-28,3115.938525557709,2984.4419321587498,131.49659339895925,2024-07-23,3252.179790575839,SMA20,0.0437239900276096,2024-07-22,16,2024-06-27,502,493,493,384,77.89046653144015,484,406,83.88429752066115,0.9641434262948207,True,22537.400390625,19349.281025390625,STRONG_MOMENTUM,POINT_IN_TIME,502,493,484,STRONG_MOMENTUM,MOMENTUM_ENABLED,True,True,True,0.9820717131474104,21257.6241015625,0.039723990027609596,0.0377239900276096,0.0357239900276096
GODREJPROP-2024-07-08,GODREJPROP,2024-07-03,2024-07-08,3,3314.6279296875,113.3073528269526,104.7540951907028,3212.521750795833,0.9011434504838122,3296.06787109375,3292.087108590689,3086.7445556640623,2876.9735791015623,2259.025546875,2061273976.45874,82.55578093306288,88.64097363083164,88.84381338742394,86.87626774847871,0.9820717131474104,0.9991313064797775,True,0.9800796812749004,84.47154471544715,True,True,True,True,True,True,True,True,True,True,True,True,True,True,,2024-07-09,3296.06781596267,3186.333226998157,109.73458896451255,2024-07-23,3252.179790575839,SMA20,-0.0133152677181834,2024-07-22,9,2024-07-08,502,493,493,408,82.75862068965517,484,416,85.9504132231405,0.9641434262948207,True,22971.150390625,19549.66376953125,STRONG_MOMENTUM,POINT_IN_TIME,502,493,484,STRONG_MOMENTUM,MOMENTUM_ENABLED,True,True,True,0.9820717131474104,21580.0141015625,-0.0173152677181834,-0.0193152677181834,-0.0213152677181834
GPPL-2023-12-14,GPPL,2023-12-07,2023-12-14,5,141.1996307373047,5.311912606846619,5.24645085873759,134.48014604600536,1.2649840440971234,140.10997009277344,138.8841142192505,130.41842613220214,120.54318145751954,106.26984107971192,337671980.3542938,76.32653061224491,69.18367346938776,72.24489795918367,72.24489795918367,0.9780439121756488,1.518249000865281,True,0.9780439121756488,82.0204081632653,True,True,True,True,True,True,True,True,True,True,True,True,True,True,,2023-12-15,140.83639018365758,133.16853333132096,7.667856852336627,2023-12-21,127.21586814567014,SMA20,-0.0967116667803371,2023-12-20,4,2023-12-14,501,491,491,414,84.31771894093686,489,441,90.1840490797546,0.9760479041916168,True,18973.849609375,16365.27822265625,STRONG_MOMENTUM,POINT_IN_TIME,501,491,489,STRONG_MOMENTUM,MOMENTUM_ENABLED,True,True,True,0.9800399201596807,17554.63984375,-0.1007116667803371,-0.10271166678033711,-0.10471166678033711
GPPL-2024-01-25,GPPL,2024-01-15,2024-01-25,7,151.18801879882812,5.3743169281002094,5.966859340867146,138.9295211452456,2.280940595350384,148.55471801757812,147.19266416452265,144.73414459228516,136.38605346679688,112.91828727722168,441443675.7782898,77.9591836734694,80.61224489795919,74.08163265306122,77.85714285714286,0.9780439121756488,1.5182510101356408,True,0.9780439121756488,74.0,True,True,True,True,True,True,True,True,True,True,True,True,True,True,,2024-01-29,149.82594784403787,137.4378063100288,12.388141534009064,2024-03-12,178.24750199281252,SMA20,0.1896971423024816,2024-03-11,30,2024-01-25,501,491,491,321,65.37678207739307,489,407,83.23108384458078,0.9760479041916168,True,19393.0,17020.314487304688,STRONG_MOMENTUM,POINT_IN_TIME,501,491,489,STRONG_MOMENTUM,MOMENTUM_ENABLED,True,True,True,0.9800399201596807,18777.58796875,0.1856971423024816,0.1836971423024816,0.1816971423024816
GRANULES-2023-12-07,GRANULES,2023-11-30,2023-12-07,5,396.4486083984375,10.868254892685526,10.83179704909183,380.8208638088669,1.437925844018279,392.03314208984375,391.9339150695607,374.569760131836,355.9722454833984,309.3044651794433,620697149.0043945,70.20408163265306,87.14285714285714,67.55102040816327,76.18367346938774,0.9780439121756488,0.702645736402001,True,0.9780439121756488,85.10204081632654,True,True,True,True,True,True,True,True,True,True,True,True,True,True,,2023-12-08,394.4145238763018,378.1129145465939,16.301609329707958,2023-12-21,371.0969380987572,SMA20,-0.0591194907032824,2023-12-20,9,2023-12-07,501,491,491,419,85.33604887983707,488,442,90.57377049180327,0.9740518962075848,True,18703.849609375,16271.023735351562,STRONG_MOMENTUM,POINT_IN_TIME,501,491,488,STRONG_MOMENTUM,MOMENTUM_ENABLED,True,True,True,0.9800399201596807,17404.0028515625,-0.0631194907032824,-0.0651194907032824,-0.06711949070328241
GRANULES-2024-08-20,GRANULES,2024-08-12,2024-08-20,5,685.5715942382812,20.421093481566096,18.744702915868825,654.8796268439544,1.502954159728625,671.9915161132812,665.2264010292172,623.2058135986329,544.8183581542969,442.1913694763184,1214020499.0188904,98.78296146044624,98.98580121703854,91.68356997971604,96.7342799188641,0.9801192842942346,0.4297046163427876,True,0.9801192842942346,96.99797160243406,True,True,True,True,True,True,True,True,True,True,True,True,True,True,,2024-08-21,674.2300255202435,650.1934511149872,24.03657440525637,2024-09-10,666.3704071678164,SMA20,-0.0116571764159606,2024-09-09,14,2024-08-20,503,493,493,260,52.73833671399595,487,399,81.93018480492813,0.9681908548707754,True,23280.349609375,20370.33427734375,NORMAL,POINT_IN_TIME,503,493,487,NORMAL,MOMENTUM_ENABLED,True,True,True,0.9801192842942346,22760.4349609375,-0.0156571764159606,-0.0176571764159606,-0.019657176415960598
GRANULES-2024-09-04,GRANULES,2024-08-30,2024-09-04,3,714.423095703125,18.98215529058617,20.454782372484065,675.8217780833401,2.033558203947921,700.1963500976562,689.600898566174,677.8239959716797,592.9536694335937,461.6168728637695,1141014143.838684,70.38539553752535,97.3630831643002,88.64097363083164,86.65314401622717,0.9820717131474104,1.1321259563406494,True,0.9820717131474104,94.76673427991888,True,True,True,True,True,True,True,True,True,True,True,True,True,True,,2024-09-05,704.3251387015608,670.708082490219,33.61705621134183,2024-09-10,666.3704071678164,SMA20,-0.0538880830005795,2024-09-09,3,2024-09-04,502,493,493,295,59.83772819472617,489,408,83.43558282208589,0.9741035856573704,True,23748.900390625,20740.75478515625,NORMAL,POINT_IN_TIME,502,493,489,NORMAL,MOMENTUM_ENABLED,True,True,True,0.9820717131474104,23092.7489453125,-0.0578880830005795,-0.059888083000579496,-0.0618880830005795
GRANULES-2026-01-02,GRANULES,2025-12-26,2026-01-02,4,616.066650390625,15.198387856012838,15.1090810450537,591.7672925804094,1.5988115345143148,614.07080078125,600.5489872700987,585.2733154296875,567.90798828125,513.5562190246582,628091168.2042236,84.10462776659959,83.29979879275655,91.34808853118712,85.95573440643864,0.9920159680638724,0.8449353894851723,True,0.994011976047904,93.5140562248996,True,True,True,True,True,True,True,True,True,True,True,True,True,True,,2026-01-05,613.721553230522,587.990022319146,25.73153091137601,2026-01-13,599.7506468972538,SMA20,-0.022764242610884,2026-01-12,6,2026-01-02,501,498,498,250,50.20080321285141,492,263,53.45528455284553,0.9820359281437124,True,24099.0,22919.6473046875,NORMAL,POINT_IN_TIME,501,498,492,NORMAL,MOMENTUM_ENABLED,True,True,True,0.9940119760479041,23754.1330859375,-0.026764242610884,-0.028764242610884,-0.030764242610884
GRAPHITE-2024-04-18,GRAPHITE,2024-04-10,2024-04-18,4,648.11572265625,26.063571436764363,28.990756040854382,594.6015883163341,2.0532157102779385,637.745849609375,629.5641300958391,605.1902557373047,579.5072729492188,486.26904663085935,1273596940.215271,71.10655737704919,81.14754098360656,70.69672131147541,75.0,0.9740518962075848,3.211124205072672,True,0.9740518962075848,74.26229508196721,True,True,True,True,True,True,True,True,True,True,True,True,True,True,,2024-04-19,632.6560941269952,587.3538993061205,45.30219482087466,2024-05-03,637.3178005409962,SMA20,0.0073684683626319,2024-05-02,9,2024-04-18,501,493,492,256,52.03252032520326,479,361,75.36534446764091,0.9560878243512974,True,20324.69921875,18274.34001953125,NORMAL,POINT_IN_TIME,501,492,479,NORMAL,MOMENTUM_ENABLED,True,True,True,0.9820359281437125,20191.3971484375,0.0033684683626318997,0.0013684683626318996,-0.0006315316373681004
GRAPHITE-2025-10-06,GRAPHITE,2025-09-23,2025-10-06,8,567.3714599609375,15.002056514558236,16.355310102244115,535.3233522294436,2.1362476338090004,561.38720703125,551.9903611211539,543.9535949707031,534.7427062988281,499.6218101501465,301706959.5324402,86.00405679513185,66.73427991886409,64.3002028397566,71.78498985801217,0.9840319361277444,2.5682593023052185,True,0.994011976047904,73.69477911646585,True,True,True,True,True,True,True,True,True,True,True,True,True,True,,2025-10-07,565.6900071239518,531.2345247038826,34.45548242006919,2025-10-14,549.9626496299743,SMA20,-0.0278020776324786,2025-10-13,5,2025-10-06,501,498,498,254,51.00401606425703,478,291,60.87866108786611,0.9540918163672656,True,23169.650390625,22256.278515625,NORMAL,POINT_IN_TIME,501,498,478,NORMAL,MOMENTUM_ENABLED,True,True,True,0.9940119760479041,22946.643046875,-0.031802077632478595,-0.0338020776324786,-0.0358020776324786
GRASIM-2024-07-22,GRASIM,2024-07-12,2024-07-22,5,2813.830078125,58.77746489779921,62.850243563119605,2673.571315450384,2.386267643874998,2781.96875,2760.5961144411604,2697.111047363281,2506.1198876953126,2185.4807269287107,2760740111.213379,89.4523326572008,79.71602434077079,74.64503042596348,81.1156186612576,0.9801192842942346,1.223736184481936,True,0.9801192842942346,78.37728194726166,True,True,True,True,True,True,True,True,True,True,True,True,True,True,,2024-07-23,2781.424633706912,2657.858754559604,123.56587914730837,2024-08-01,2752.6801088188245,SMA20,-0.0103344611749478,2024-07-31,7,2024-07-22,503,493,493,364,73.83367139959432,484,409,84.50413223140497,0.9622266401590456,True,22942.650390625,19798.26501953125,STRONG_MOMENTUM,POINT_IN_TIME,503,493,484,STRONG_MOMENTUM,MOMENTUM_ENABLED,True,True,True,0.9801192842942346,21972.422109375,-0.0143344611749478,-0.0163344611749478,-0.018334461174947803
GRASIM-2026-02-18,GRASIM,2026-02-10,2026-02-18,6,2944.726318359375,59.085129900975865,55.66377213035042,2852.414021597302,1.562360900564734,2924.68896484375,2907.9411234206486,2847.658801269531,2819.3350537109377,2767.5827697753907,1880835911.7661133,70.08032128514057,81.52610441767068,64.45783132530121,72.9718875502008,0.994011976047904,0.5368042757942435,True,0.9920159680638724,75.19114688128772,True,True,True,True,True,True,True,True,True,True,True,True,True,True,,2026-02-19,2919.00669892627,2838.4980785647144,80.50862036155559,2026-02-23,2835.167719873986,SMA20,-0.0287217494509771,2026-02-20,2,2026-02-18,501,499,449,232,51.67037861915368,444,181,40.76576576576576,0.8862275449101796,True,23645.80078125,23254.83354492188,NORMAL,POINT_IN_TIME,501,449,444,NORMAL,MOMENTUM_ENABLED,True,True,True,0.8962075848303394,23518.3460546875,-0.0327217494509771,-0.0347217494509771,-0.0367217494509771
GRINDWELL-2024-07-09,GRINDWELL,2024-07-04,2024-07-09,3,2877.02294921875,92.15868740859972,91.5617958482871,2737.751494518192,1.511213523290285,2832.474609375,2813.9435832961626,2704.8133544921875,2446.4060595703127,2175.201988525391,157566112.44018555,68.35699797160242,92.2920892494929,54.96957403651116,73.91480730223122,0.9820717131474104,0.4926955603422987,True,0.9820717131474104,74.98985801217039,True,True,True,True,True,True,True,True,True,True,True,True,True,True,,2024-07-10,2836.103666603244,2714.86104555612,121.24262104712398,2024-07-12,2694.813545739844,SMA20,-0.0498183908180694,2024-07-11,2,2024-07-09,502,493,493,413,83.77281947261663,484,419,86.57024793388429,0.9641434262948207,True,23067.349609375,19578.073017578125,STRONG_MOMENTUM,POINT_IN_TIME,502,493,484,STRONG_MOMENTUM,MOMENTUM_ENABLED,True,True,True,0.9820717131474104,21624.0030859375,-0.0538183908180694,-0.0558183908180694,-0.0578183908180694
GRSE-2024-05-29,GRSE,2024-05-24,2024-05-29,3,1439.8201904296875,74.10607661618967,77.64924160133607,1339.5546992500506,1.3529995886697948,1425.0738525390625,1411.0673182285873,1089.9805236816403,939.3177416992188,828.7140084838867,1253807547.2690735,99.18367346938776,99.18367346938776,93.06122448979592,97.3469387755102,0.9780439121756488,2.144445155598674,True,0.9780439121756488,97.42857142857144,True,True,True,True,True,True,True,True,True,True,True,True,True,True,,2024-05-30,1419.4515388385448,1320.1423888497166,99.30914998882828,2024-06-06,1200.4256205189834,SMA20,-0.1543032025586289,2024-06-05,5,2024-05-29,501,493,492,305,61.99186991869918,480,354,73.75,0.9580838323353292,True,21256.30078125,18853.419267578123,STRONG_MOMENTUM,POINT_IN_TIME,501,492,480,STRONG_MOMENTUM,MOMENTUM_ENABLED,True,True,True,0.9820359281437125,20616.5400390625,-0.1583032025586289,-0.1603032025586289,-0.1623032025586289
GRSE-2024-12-12,GRSE,2024-12-06,2024-12-12,4,1757.4500732421875,80.14658279353704,74.88437103088147,1688.0999460485814,0.8652911300317905,1747.4794921875,1742.3955248629288,1583.8547912597655,1597.7954345703124,1515.5146566772462,1055998527.6461182,95.54655870445345,62.34817813765182,85.4251012145749,79.23076923076923,0.988,1.091527095160915,True,0.988,72.48987854251013,True,True,True,True,True,True,True,True,True,True,True,True,True,True,,2024-12-13,1737.459578002736,1669.3788532908611,68.08072471187484,2024-12-20,1640.467873541612,SMA20,-0.0558238624305831,2024-12-19,5,2024-12-12,500,496,496,294,59.2741935483871,488,294,60.245901639344254,0.976,True,23256.400390625,22192.2555078125,NORMAL,POINT_IN_TIME,500,496,488,NORMAL,MOMENTUM_ENABLED,True,True,True,0.992,22942.8159375,-0.0598238624305831,-0.0618238624305831,-0.0638238624305831
GSFC-2024-01-09,GSFC,2024-01-04,2024-01-09,3,279.9188232421875,12.715806822971606,13.994911883593756,261.1551994237,1.4756140982411203,279.5829162597656,276.03173562461205,239.2099174499512,207.74844207763672,163.56830558776855,1269159575.969902,97.75510204081633,97.75510204081633,92.85714285714286,96.28571428571428,0.9780439121756488,4.841197981254564,True,0.9780439121756488,97.24489795918367,True,True,True,True,True,True,True,True,True,True,True,True,True,True,,2024-01-10,281.1185535180296,257.65647145280155,23.46208206522806,2024-02-02,281.0225570286999,SMA20,-0.0003414804470511,2024-02-01,15,2024-01-09,501,491,491,415,84.5213849287169,489,441,90.1840490797546,0.9760479041916168,True,19459.55078125,16734.71447265625,STRONG_MOMENTUM,POINT_IN_TIME,501,491,489,STRONG_MOMENTUM,MOMENTUM_ENABLED,True,True,True,0.9800399201596807,18203.1569140625,-0.0043414804470511,-0.0063414804470511,-0.0083414804470511
GVT&D-2025-07-08,GVT&D,2025-06-24,2025-07-08,10,2429.0263671875,98.32013295237398,87.65800683659043,2281.362936619314,1.5018636176958156,2372.669189453125,2354.647015773289,2343.4353149414064,2095.8548754882813,1796.914622192383,671973699.2878418,70.02012072434609,99.19517102615694,82.29376257545272,85.37223340040242,0.9920159680638724,1.847449280557388,True,0.9860834990059644,93.5483870967742,True,True,True,True,True,True,True,True,True,True,True,True,True,True,,2025-07-09,2378.6433358903314,2259.4484349101663,119.19490098016512,2025-07-14,2314.022033739932,SMA20,-0.027167293715437,2025-07-11,3,2025-07-08,501,498,497,384,77.2635814889336,479,299,62.421711899791234,0.9560878243512974,True,23572.55078125,22299.778984375,STRONG_MOMENTUM,POINT_IN_TIME,501,497,479,STRONG_MOMENTUM,MOMENTUM_ENABLED,True,True,True,0.9920159680638723,22867.8930078125,-0.031167293715437,-0.033167293715437,-0.035167293715437004
HAL-2023-09-01,HAL,2023-08-23,2023-09-01,7,1946.880859375,43.9470142121616,42.387805881858,1878.5524869646267,1.55478986764622,1910.83837890625,1904.657353115799,1869.138446044922,1850.1469970703124,1466.8612915039062,2911928856.5079346,58.57142857142858,74.6938775510204,83.6734693877551,72.55102040816327,0.9760956175298804,1.1577242588713468,True,0.9741035856573704,76.93251533742331,True,True,True,True,True,True,True,True,True,True,True,True,True,True,,2023-09-04,1921.7939520995624,1867.9555354941624,53.8384166054002,2023-09-18,1987.553044936558,SMA20,0.0342175563437244,2023-09-15,10,2023-09-01,502,492,491,373,75.96741344195519,483,426,88.19875776397515,0.9621513944223108,True,17074.55078125,15645.876274414062,STRONG_MOMENTUM,POINT_IN_TIME,502,491,483,STRONG_MOMENTUM,MOMENTUM_ENABLED,True,True,True,0.9780876494023905,16766.41412109375,0.0302175563437244,0.0282175563437244,0.0262175563437244
HAL-2024-06-25,HAL,2024-06-18,2024-06-25,5,5404.236328125,259.628363883883,243.88275721611265,4995.166748086499,1.5755966486830173,5246.21435546875,5219.600393175934,4896.185595703125,4355.264462890625,2969.903016357422,21317792460.900143,42.76985743380855,97.35234215885949,96.5376782077393,80.73319755600815,0.9780876494023903,0.7970393405629779,True,0.9780876494023903,94.39918533604887,True,True,True,True,True,True,True,True,True,True,True,True,True,True,,2024-06-26,5242.209313491549,4934.196058782471,308.01325470907886,2024-07-18,5200.653566266261,SMA20,-0.0079271438319601,2024-07-16,15,2024-06-25,502,493,493,400,81.13590263691684,484,406,83.88429752066115,0.9641434262948207,True,22370.650390625,19292.890771484374,STRONG_MOMENTUM,POINT_IN_TIME,502,493,484,STRONG_MOMENTUM,MOMENTUM_ENABLED,True,True,True,0.9820717131474104,21191.3540625,-0.011927143831960101,-0.013927143831960101,-0.015927143831960103
HDFCAMC-2023-10-03,HDFCAMC,2023-09-15,2023-10-03,10,1286.4500732421875,37.349948409469015,37.182127463620354,1209.340065312815,2.0645278297044003,1255.7760009765625,1251.5051233613567,1234.196710205078,1201.8734765625,978.6805014038086,1452881924.5667725,68.77551020408164,64.6938775510204,79.18367346938776,70.26530612244898,0.9780439121756488,0.7790485522041263,True,0.9780439121756488,78.89795918367346,True,True,True,True,True,True,True,True,True,True,True,True,True,True,,2023-10-04,1254.336629053658,1200.04453344691,54.29209560674804,2023-10-27,1289.2579694990095,SMA20,0.0278404852704479,2023-10-26,16,2023-10-03,501,491,491,329,67.0061099796334,488,436,89.34426229508196,0.9740518962075848,True,17254.400390625,15809.301513671877,STRONG_MOMENTUM,POINT_IN_TIME,501,491,488,STRONG_MOMENTUM,MOMENTUM_ENABLED,True,True,True,0.9800399201596807,17101.0800390625,0.023840485270447898,0.0218404852704479,0.019840485270447898
HDFCAMC-2023-12-12,HDFCAMC,2023-12-05,2023-12-12,5,1429.721923828125,33.689067814541815,30.39467265049669,1399.944409055199,0.8838925118632281,1423.681640625,1420.448872224737,1374.44951171875,1330.0861987304688,1068.7781381225586,1073332590.9660645,59.795918367346935,78.36734693877551,83.6734693877551,74.38775510204083,0.9780439121756488,1.279228358411347,True,0.9780439121756488,72.9387755102041,True,True,True,True,True,True,True,True,True,True,True,True,True,True,,2023-12-13,1428.3297997961422,1392.345740892575,35.9840589035673,2024-03-07,1779.100372637401,SMA20,0.2455809385838777,2024-03-06,58,2023-12-12,501,491,491,401,81.67006109979633,488,434,88.9344262295082,0.9740518962075848,True,18686.80078125,16326.364731445312,STRONG_MOMENTUM,POINT_IN_TIME,501,491,488,STRONG_MOMENTUM,MOMENTUM_ENABLED,True,True,True,0.9800399201596807,17489.39484375,0.2415809385838777,0.2395809385838777,0.2375809385838777
HDFCAMC-2024-02-23,HDFCAMC,2024-02-16,2024-02-23,4,1828.8397216796875,45.48844807440979,46.21295528279544,1753.1690313421425,1.66351444247479,1801.6815185546875,1789.9307692833902,1735.4736267089845,1623.1559790039062,1271.422511291504,1164482127.8112793,76.37474541751527,77.18940936863544,77.39307535641548,77.0061099796334,0.9800399201596808,0.592493597901543,True,0.9780439121756488,81.18367346938776,True,True,True,True,True,True,True,True,True,True,True,True,True,True,,2024-02-26,1802.648795409276,1741.6157925214434,61.033002887832026,2024-03-07,1779.100372637401,SMA20,-0.0130632338544503,2024-03-06,8,2024-02-23,501,491,491,297,60.4887983706721,489,391,79.95910020449898,0.9760479041916168,True,20313.5,17498.107993164063,STRONG_MOMENTUM,POINT_IN_TIME,501,491,489,STRONG_MOMENTUM,MOMENTUM_ENABLED,True,True,True,0.9800399201596807,19558.3800390625,-0.0170632338544503,-0.0190632338544503,-0.0210632338544503
HDFCAMC-2024-03-04,HDFCAMC,2024-02-27,2024-03-04,4,1842.2657470703125,52.01168351913734,51.01414433283905,1751.8476728952123,1.7384185255574638,1819.920654296875,1797.0329405839225,1775.6060180664062,1667.1747900390626,1300.3849017333985,1164482127.8112793,81.4663951120163,80.04073319755601,80.44806517311609,80.59063136456211,0.9800399201596808,1.5293350326111403,True,0.9800399201596808,80.36659877800406,True,True,True,True,True,True,True,True,True,True,True,True,True,True,,2024-03-05,1818.245345272616,1739.0941368120025,79.1512084606129,2024-03-07,1779.100372637401,SMA20,-0.0215289827288656,2024-03-06,2,2024-03-04,501,491,491,277,56.41547861507128,490,377,76.93877551020408,0.9780439121756488,True,20432.05078125,17642.903266601563,NORMAL,POINT_IN_TIME,501,491,490,NORMAL,MOMENTUM_ENABLED,True,True,True,0.9800399201596807,19717.54109375,-0.0255289827288656,-0.0275289827288656,-0.0295289827288656
HDFCLIFE-2025-07-07,HDFCLIFE,2025-06-30,2025-07-07,5,811.4080200195312,15.471980574122709,14.931358812479402,774.4397780546047,2.389367139379483,786.6463012695312,785.9985782203652,776.6477935791015,757.6510400390625,684.3776290893554,1735855919.8780518,73.44064386317908,56.74044265593562,91.75050301810866,72.25352112676056,0.9920159680638724,0.9698973156540216,True,0.9900199600798404,73.89112903225806,True,True,True,True,True,True,True,True,True,True,True,True,True,True,,2025-07-08,782.2120618653523,770.706938351485,11.505123513867376,2025-07-11,762.2831346112278,SMA20,-0.0254776527053287,2025-07-10,3,2025-07-07,501,498,497,387,77.8672032193159,479,294,61.37787056367432,0.9560878243512974,True,23551.19921875,22301.5572265625,STRONG_MOMENTUM,POINT_IN_TIME,501,497,479,STRONG_MOMENTUM,MOMENTUM_ENABLED,True,True,True,0.9920159680638723,22838.478984375,-0.0294776527053287,-0.0314776527053287,-0.0334776527053287
HEG-2023-08-04,HEG,2023-08-01,2023-08-04,3,346.2060852050781,12.665649818853932,12.787740131221891,326.07356188292016,1.5895373399783197,342.6352233886719,339.2463351131999,316.5936950683593,294.02663970947265,223.5293720245361,484753959.3715668,85.07157464212679,96.93251533742333,96.52351738241308,93.25153374233128,0.9741035856573704,1.375548489718766,True,0.9741035856573704,90.63394683026586,True,True,True,True,True,True,True,True,True,True,True,True,True,True,,2023-08-07,343.4872762422622,322.8766268501147,20.610649392147536,2023-08-14,323.5749947534252,SMA20,-0.0579709435140558,2023-08-11,5,2023-08-04,502,491,491,374,76.17107942973523,482,403,83.60995850622407,0.9601593625498008,True,16890.599609375,15493.132998046874,STRONG_MOMENTUM,POINT_IN_TIME,502,491,482,STRONG_MOMENTUM,MOMENTUM_ENABLED,True,True,True,0.9780876494023905,16403.5480859375,-0.0619709435140558,-0.0639709435140558,-0.0659709435140558
HEG-2024-05-06,HEG,2024-04-22,2024-05-06,9,489.9461975097656,22.66262299261433,19.47352634294074,446.2169355485184,1.9295763767282563,473.1272277832031,463.8694736581301,461.45597686767576,393.5454852294922,351.4674887084961,1409205524.1046145,92.62295081967213,93.85245901639344,75.40983606557377,87.95081967213113,0.9740518962075848,0.9909112122868964,True,0.9740518962075848,87.76639344262296,True,True,True,True,True,True,True,True,True,True,True,True,True,True,,2024-05-07,474.4021314566253,441.3485539627832,33.053577493842056,2024-05-10,468.32182718310366,SMA20,-0.0128167726710088,2024-05-09,3,2024-05-06,501,493,492,314,63.82113821138211,479,368,76.82672233820459,0.9560878243512974,True,20864.94921875,18520.547255859376,STRONG_MOMENTUM,POINT_IN_TIME,501,492,479,STRONG_MOMENTUM,MOMENTUM_ENABLED,True,True,True,0.9820359281437125,20389.3310546875,-0.016816772671008798,-0.0188167726710088,-0.0208167726710088
HEG-2024-12-16,HEG,2024-12-09,2024-12-16,5,591.9829711914062,28.71810531587681,28.07953311351078,538.1798528949575,1.8734912246005184,573.404541015625,569.7383731139432,488.66956787109376,464.6873455810547,431.2416825866699,523490534.0847473,99.79757085020243,98.78542510121456,86.63967611336032,95.44534412955466,0.988,2.7018548563613485,True,0.988,96.01214574898783,True,True,True,True,True,True,True,True,True,True,True,True,True,True,,2024-12-17,575.2870660185208,531.1599696165798,44.127096401941,2024-12-26,530.1044349408614,SMA20,-0.0785392784690291,2024-12-24,6,2024-12-16,500,496,496,293,59.07258064516129,488,290,59.42622950819673,0.976,True,23352.44921875,22223.811494140624,NORMAL,POINT_IN_TIME,500,496,488,NORMAL,MOMENTUM_ENABLED,True,True,True,0.992,22916.50890625,-0.0825392784690291,-0.0845392784690291,-0.08653927846902909
HEROMOTOCO-2023-12-12,HEROMOTOCO,2023-11-30,2023-12-12,8,3446.347900390625,76.2850291492856,75.73604550152784,3323.5749783547726,1.6093973274309503,3381.46435546875,3364.769893693905,3222.394677734375,2966.105380859375,2601.8722204589844,2335436282.74292,87.14285714285714,87.14285714285714,57.55102040816327,78.26530612244898,0.9780439121756488,0.8219081704234478,True,0.9780439121756488,83.89795918367346,True,True,True,True,True,True,True,True,True,True,True,True,True,True,,2023-12-13,3375.012141308463,3304.6409669793907,70.37117432907235,2024-02-21,4237.116690839914,SMA20,0.2554374661292982,2024-02-20,47,2023-12-12,501,491,491,401,81.67006109979633,488,434,88.9344262295082,0.9740518962075848,True,18686.80078125,16326.364731445312,STRONG_MOMENTUM,POINT_IN_TIME,501,491,488,STRONG_MOMENTUM,MOMENTUM_ENABLED,True,True,True,0.9800399201596807,17489.39484375,0.2514374661292982,0.24943746612929818,0.24743746612929818
HEROMOTOCO-2025-09-17,HEROMOTOCO,2025-09-08,2025-09-17,7,5261.54248046875,126.55840021030068,110.7583835304182,5092.376783055214,1.336661155106536,5171.64306640625,5170.676711795023,5072.15419921875,4601.283037109375,4042.085222167969,3837694739.118408,75.65392354124748,93.158953722334,90.9456740442656,87.24346076458752,0.9920159680638724,0.8264818272350886,True,0.9920159680638724,96.07645875251508,True,True,True,True,True,True,True,True,True,True,True,True,True,True,,2025-09-18,5181.309939478585,5064.68718717261,116.62275230597515,2025-09-25,5094.310201626553,SMA20,-0.0167910699935443,2025-09-24,5,2025-09-17,501,497,497,310,62.37424547283702,487,337,69.19917864476386,0.9720558882235528,True,23445.19921875,22253.45775390625,STRONG_MOMENTUM,POINT_IN_TIME,501,497,487,STRONG_MOMENTUM,MOMENTUM_ENABLED,True,True,True,0.9920159680638723,23020.893046875,-0.0207910699935443,-0.0227910699935443,-0.0247910699935443
HEROMOTOCO-2025-10-27,HEROMOTOCO,2025-10-21,2025-10-27,3,5458.2587890625,100.54396953177422,107.15639280399203,5301.659391594776,1.557521532091837,5458.2587890625,5437.475444930371,5350.862353515625,5170.446416015625,4196.33705078125,3240897170.472168,84.78701825557809,98.58012170385396,93.30628803245436,92.86004056795132,0.9801192842942346,0.6868606988587388,True,0.9801192842942346,92.53549695740368,True,True,True,True,True,True,True,True,True,True,True,True,True,True,,2025-10-28,5451.974896798957,5274.870293393778,177.10460340517875,2025-10-30,5384.792335710846,SMA20,-0.0123226101293233,2025-10-29,2,2025-10-27,503,498,498,291,58.43373493975904,482,314,65.14522821576763,0.9582504970178928,True,23840.900390625,22310.83252929688,NORMAL,POINT_IN_TIME,503,498,482,NORMAL,MOMENTUM_ENABLED,True,True,True,0.9900596421471173,23130.993125,-0.0163226101293233,-0.018322610129323298,-0.0203226101293233
HFCL-2024-02-06,HFCL,2024-01-25,2024-02-06,7,105.4680633544922,5.529849413859152,5.71553930363662,95.8437852350425,1.7404231831935415,103.22406005859376,103.12433133094628,94.46747016906738,82.8086361694336,71.63613748550415,2206563267.185704,78.77551020408163,89.38775510204081,81.42857142857143,83.81632653061224,0.9780439121756488,2.011576184619523,True,0.9780439121756488,91.53061224489797,True,True,True,True,True,True,True,True,True,True,True,True,True,True,,2024-02-07,104.07179036475384,94.41490040913337,9.6568899556205,2024-02-13,94.7467198730822,SMA20,-0.0896022876034787,2024-02-12,4,2024-02-06,501,491,491,331,67.41344195519349,489,401,82.0040899795501,0.9760479041916168,True,20033.75,17195.510483398437,STRONG_MOMENTUM,POINT_IN_TIME,501,491,489,STRONG_MOMENTUM,MOMENTUM_ENABLED,True,True,True,0.9800399201596807,19101.29296875,-0.0936022876034787,-0.0956022876034787,-0.0976022876034787
HFCL-2024-03-01,HFCL,2024-02-22,2024-03-01,6,114.84300994873048,6.446081741614002,6.446580422343514,101.82779039211202,2.019090057855772,108.11099243164062,107.31312688110884,105.4830234527588,96.13501281738282,75.40603748321533,3952067362.173317,69.04276985743381,96.13034623217924,78.20773930753563,82.62729124236253,0.9800399201596808,0.8159408765319175,True,0.9800399201596808,92.0570264765784,True,True,True,True,True,True,True,True,True,True,True,True,True,True,,2024-03-04,108.5597996204934,100.21614528652614,8.343654333967265,2024-03-07,103.82245907279544,SMA20,-0.0436380738013418,2024-03-06,3,2024-03-01,501,491,491,284,57.841140529531565,490,378,77.14285714285715,0.9780439121756488,True,20349.80078125,17618.16326171875,NORMAL,POINT_IN_TIME,501,491,490,NORMAL,MOMENTUM_ENABLED,True,True,True,0.9800399201596807,19692.01109375,-0.0476380738013418,-0.049638073801341796,-0.0516380738013418
HFCL-2024-08-30,HFCL,2024-08-23,2024-08-30,5,149.5801239013672,7.495942768705116,6.9610850348869135,141.3720797255393,1.0949982449300089,149.22109985351562,147.79491244920175,138.88572959899903,128.25833786010742,100.6794634628296,5842070312.109833,89.65517241379311,94.52332657200812,69.5740365111562,85.57809330628803,0.9820717131474104,0.6877677319307423,True,0.9801192842942346,93.10344827586206,True,True,True,True,True,True,True,True,True,True,True,True,True,True,,2024-09-02,149.22109741705805,139.63180846681755,9.589288950240473,2024-09-30,150.2845155424428,SMA20,0.0071264596212732,2024-09-27,20,2024-08-30,502,493,493,299,60.649087221095336,488,408,83.60655737704919,0.9721115537848606,True,23734.55078125,20639.52029296875,STRONG_MOMENTUM,POINT_IN_TIME,502,493,488,STRONG_MOMENTUM,MOMENTUM_ENABLED,True,True,True,0.9820717131474104,23003.3959375,0.0031264596212732003,0.0011264596212732002,-0.0008735403787267998
HFCL-2024-09-17,HFCL,2024-09-05,2024-09-17,8,157.1698455810547,6.923941969843413,6.443041567205796,145.86007361263057,1.6334296297806623,153.2204132080078,151.3454260243439,149.7172721862793,136.32816497802733,105.75968284606934,4762214893.3237,85.19269776876268,84.17849898580123,90.66937119675455,86.43002028397567,0.9840319361277444,1.2088335166630215,True,0.9820717131474104,94.50304259634888,True,True,True,True,True,True,True,True,True,True,True,True,True,True,,2024-09-18,153.3899584525074,144.24931322082912,9.140645231678263,2024-09-30,150.2845155424428,SMA20,-0.0202454120295371,2024-09-27,8,2024-09-17,501,494,493,303,61.4604462474645,489,403,82.41308793456032,0.9760479041916168,True,23969.900390625,21026.62627929688,STRONG_MOMENTUM,POINT_IN_TIME,501,493,489,STRONG_MOMENTUM,MOMENTUM_ENABLED,True,True,True,0.9840319361277445,23285.3129296875,-0.0242454120295371,-0.026245412029537098,-0.0282454120295371
HINDALCO-2024-05-03,HINDALCO,2024-04-29,2024-05-03,3,638.3094482421875,15.76472438752651,15.66795573912204,617.2959994446865,1.332941082948933,635.4127197265625,635.2163868659162,603.2124969482422,552.9043267822266,507.9428857421875,4668104247.583221,85.65573770491804,69.4672131147541,64.13934426229508,72.72540983606558,0.9740518962075848,1.3832552027050626,True,0.9740518962075848,73.29918032786885,True,True,True,True,True,True,True,True,True,True,True,True,True,True,,2024-05-06,638.2603632929519,613.3790105099059,24.88135278304594,2024-05-10,608.9003607942366,SMA20,-0.0460000404023827,2024-05-09,4,2024-05-03,501,493,492,350,71.13821138211382,479,374,78.07933194154488,0.9560878243512974,True,20959.55078125,18499.69776367188,STRONG_MOMENTUM,POINT_IN_TIME,501,492,479,STRONG_MOMENTUM,MOMENTUM_ENABLED,True,True,True,0.9820359281437125,20372.7720703125,-0.050000040402382706,-0.0520000404023827,-0.0540000404023827
HINDALCO-2025-10-16,HINDALCO,2025-10-03,2025-10-16,9,776.3002319335938,15.283506230343193,14.703035572673697,750.5346923390451,1.685839571511075,776.051513671875,764.7107316980594,756.704965209961,729.7304321289063,657.4125796508789,3310408769.536743,79.3103448275862,93.91480730223124,81.13590263691684,85.6997971602434,0.9801192842942346,0.9596887741556936,True,0.9840319361277444,78.76267748478702,True,True,True,True,True,True,True,True,True,True,True,True,True,True,,2025-10-17,775.9520753967423,746.8589334458767,29.09314195086563,2025-11-07,784.4079318210144,SMA20,0.0108973952031104,2025-11-06,13,2025-10-16,503,498,498,268,53.81526104417671,482,307,63.69294605809128,0.9582504970178928,True,23563.80078125,22274.728779296875,NORMAL,POINT_IN_TIME,503,498,482,NORMAL,MOMENTUM_ENABLED,True,True,True,0.9900596421471173,22999.95109375,0.006897395203110401,0.004897395203110401,0.0028973952031104006
HINDCOPPER-2023-08-09,HINDCOPPER,2023-08-04,2023-08-09,3,151.6155548095703,5.228425285197039,5.260777198804308,143.69018224603138,1.5158240065087307,149.54803466796875,146.93908974746626,130.67732772827148,120.57963607788086,110.29857704162598,936847787.5715104,97.34151329243352,93.25153374233128,80.57259713701431,90.67484662576688,0.9741035856573704,1.2179435325276695,True,0.9741035856573704,86.50306748466258,True,True,True,True,True,True,True,True,True,True,True,True,True,True,,2023-08-10,149.6464959027192,142.3749879463303,7.271507956388916,2023-08-21,139.16143112524784,SMA20,-0.0700655549214289,2023-08-18,6,2023-08-09,502,491,491,372,75.76374745417516,483,408,84.472049689441,0.9621513944223108,True,17003.849609375,15523.791245117189,STRONG_MOMENTUM,POINT_IN_TIME,502,491,483,STRONG_MOMENTUM,MOMENTUM_ENABLED,True,True,True,0.9780876494023905,16476.36607421875,-0.0740655549214289,-0.0760655549214289,-0.07806555492142889
HINDCOPPER-2023-09-08,HINDCOPPER,2023-09-04,2023-09-08,4,168.893798828125,6.782989172568728,6.417504883756135,159.0486439406209,1.451447825881711,164.36502075195312,162.83902346070911,151.2118827819824,136.65974380493165,114.8517195892334,1660014131.6119845,68.57142857142857,93.6734693877551,88.9795918367347,84.73469387755102,0.9780439121756488,0.7175329452036503,True,0.9760956175298804,88.75510204081633,True,True,True,True,True,True,True,True,True,True,True,True,True,True,,2023-09-11,165.9894722758152,157.4442677196819,8.545204556133285,2023-09-20,155.06133390391548,SMA20,-0.0658363342088409,2023-09-18,6,2023-09-08,501,491,491,414,84.31771894093686,487,451,92.60780287474331,0.9720558882235528,True,17487.44921875,15688.051762695311,STRONG_MOMENTUM,POINT_IN_TIME,501,491,487,STRONG_MOMENTUM,MOMENTUM_ENABLED,True,True,True,0.9800399201596807,16885.0370703125,-0.0698363342088409,-0.0718363342088409,-0.07383633420884089
HINDCOPPER-2023-12-14,HINDCOPPER,2023-12-08,2023-12-14,4,184.4168701171875,6.332858318350287,6.42981424943426,175.55260828988727,1.399725271227822,182.5846099853516,182.2379563989626,170.44696197509765,157.64870697021485,128.77091934204103,1289324151.6020813,76.53061224489795,63.06122448979592,87.55102040816325,74.44897959183673,0.9780439121756488,0.6114189299267255,True,0.9780439121756488,80.28571428571428,True,True,True,True,True,True,True,True,True,True,True,True,True,True,,2023-12-15,184.21880534262823,173.94515472752872,10.273650615099513,2024-01-19,254.24177366356557,SMA20,0.3801076018851697,2024-01-18,24,2023-12-14,501,491,491,414,84.31771894093686,489,441,90.1840490797546,0.9760479041916168,True,18973.849609375,16365.27822265625,STRONG_MOMENTUM,POINT_IN_TIME,501,491,489,STRONG_MOMENTUM,MOMENTUM_ENABLED,True,True,True,0.9800399201596807,17554.63984375,0.3761076018851697,0.37410760188516967,0.37210760188516967
HINDCOPPER-2024-01-16,HINDCOPPER,2024-01-05,2024-01-16,7,280.5870056152344,12.146198102211482,11.703405528737033,253.2018109473388,2.254630991314851,264.39361572265625,262.511787611948,252.033113861084,200.3171505737305,145.04814559936523,5188412845.918732,99.79591836734694,98.16326530612244,97.75510204081633,98.53061224489797,0.9780439121756488,0.7865304317577072,True,0.9780439121756488,99.24489795918367,True,True,True,True,True,True,True,True,True,True,True,True,True,True,,2024-01-17,260.48140146790485,250.2759595651545,10.205441902750351,2024-01-19,254.24177366356557,SMA20,-0.0239542161903951,2024-01-18,2,2024-01-16,501,491,491,405,82.4847250509165,489,433,88.5480572597137,0.9760479041916168,True,19827.55078125,16867.82098144531,STRONG_MOMENTUM,POINT_IN_TIME,501,491,489,STRONG_MOMENTUM,MOMENTUM_ENABLED,True,True,True,0.9800399201596807,18500.753984375,-0.0279542161903951,-0.0299542161903951,-0.031954216190395096
HINDCOPPER-2024-05-14,HINDCOPPER,2024-05-02,2024-05-14,8,387.7013549804688,15.460838461459678,16.507072940309055,351.0556760920853,2.370225843813885,375.6181945800781,366.9024545489375,370.3144546508789,318.9401885986328,219.8932522583008,4059334783.809433,79.71311475409836,93.44262295081968,99.18032786885246,91.04508196721312,0.9740518962075848,0.8954494983787198,True,0.9740518962075848,96.27049180327867,True,True,True,True,True,True,True,True,True,True,True,True,True,True,,2024-05-15,381.2140829324473,346.9289078570081,34.28517507543921,2024-05-24,371.4088773136713,SMA20,-0.0257209952563937,2024-05-23,6,2024-05-14,501,493,492,288,58.53658536585365,480,357,74.375,0.9580838323353292,True,20683.80078125,18638.31026367188,NORMAL,POINT_IN_TIME,501,492,480,NORMAL,MOMENTUM_ENABLED,True,True,True,0.9820359281437125,20427.9570703125,-0.0297209952563937,-0.0317209952563937,-0.0337209952563937
HINDPETRO-2023-12-13,HINDPETRO,2023-12-06,2023-12-13,5,221.9128570556641,8.303245524454985,8.850857034438729,205.5978612093029,1.9648938235428244,216.5707855224609,213.59654574201,198.734017944336,169.7504916381836,153.9774974822998,3254819703.1333084,94.08163265306122,96.12244897959184,73.06122448979592,88.59183673469389,0.9780439121756488,1.2794854561048334,True,0.9780439121756488,91.3265306122449,True,True,True,True,True,True,True,True,True,True,True,True,True,True,,2023-12-14,218.24559223131047,203.3851469506932,14.86044528061737,2024-01-29,250.0670485576572,SMA20,0.1458057228144167,2024-01-25,29,2023-12-13,501,491,491,410,83.5030549898167,489,441,90.1840490797546,0.9760479041916168,True,18751.44921875,16345.1022265625,STRONG_MOMENTUM,POINT_IN_TIME,501,491,489,STRONG_MOMENTUM,MOMENTUM_ENABLED,True,True,True,0.9800399201596807,17521.01484375,0.1418057228144167,0.1398057228144167,0.1378057228144167
HINDPETRO-2024-02-26,HINDPETRO,2024-02-15,2024-02-26,6,341.6395874023437,15.347813355756458,15.621149733793972,303.6136036947737,2.4776157245427903,321.8244934082031,320.5173335678456,307.99749450683595,267.8209259033203,187.0770838165284,5233702480.766785,97.14867617107944,96.74134419551936,96.74134419551936,96.86354378818736,0.9800399201596808,1.3199646877647804,True,0.9780439121756488,97.59183673469389,True,True,True,True,True,True,True,True,True,True,True,True,True,True,,2024-02-27,321.91364612845985,299.7083162613252,22.20532986713465,2024-02-29,300.0784218858477,SMA20,-0.0678294458940046,2024-02-28,2,2024-02-26,501,491,491,294,59.877800407331975,490,387,78.9795918367347,0.9780439121756488,True,20255.80078125,17522.359497070312,NORMAL,POINT_IN_TIME,501,491,490,NORMAL,MOMENTUM_ENABLED,True,True,True,0.9800399201596807,19588.0920703125,-0.0718294458940046,-0.0738294458940046,-0.07582944589400459
HINDPETRO-2025-01-02,HINDPETRO,2024-12-26,2025-01-02,4,384.5646667480469,11.214288753744986,10.56139939231278,367.6889717353216,1.5048386378574137,378.5114440917969,376.5853906532015,373.1758621215821,358.4990295410156,335.7794995117188,2104890049.458084,84.81781376518218,52.834008097166,86.63967611336032,72.57085020242916,0.988,0.433455163682533,True,0.988,82.7327935222672,True,True,True,True,True,True,True,True,True,True,True,True,True,True,,2025-01-03,379.2451606308528,365.04862188724337,14.196538743609436,2025-01-07,359.43448327061986,SMA20,-0.0522371263150174,2025-01-06,2,2025-01-02,500,496,496,249,50.201612903225815,488,240,49.18032786885246,0.976,True,22819.75,22349.360478515624,NORMAL,POINT_IN_TIME,500,496,488,NORMAL,MOMENTUM_ENABLED,True,True,True,0.992,22703.5589453125,-0.0562371263150174,-0.0582371263150174,-0.0602371263150174
HINDPETRO-2025-07-16,HINDPETRO,2025-07-08,2025-07-16,6,415.1977844238281,10.578306863712193,10.683237449631424,392.5439639473746,2.1415355754298595,409.1445617675781,404.4670179937184,393.3739837646484,378.6269860839844,351.619188079834,1806645901.4164124,92.1529175050302,56.13682092555332,71.22736418511066,71.46881287726359,0.994,1.4544597839403148,True,0.9920159680638724,79.41649899396378,True,True,True,True,True,True,True,True,True,True,True,True,True,True,,2025-07-17,409.0986651805568,389.8731545849668,19.22551059559004,2025-07-21,397.1297647396646,SMA20,-0.02925675750032,2025-07-18,2,2025-07-16,500,497,497,382,76.86116700201208,479,322,67.22338204592901,0.958,True,23472.5,22281.17173828125,STRONG_MOMENTUM,POINT_IN_TIME,500,497,479,STRONG_MOMENTUM,MOMENTUM_ENABLED,True,True,True,0.994,23031.285,-0.03325675750032,-0.03525675750032,-0.037256757500319995
HINDPETRO-2025-10-16,HINDPETRO,2025-10-09,2025-10-16,5,431.0687561035156,9.798195884429438,10.472092826219445,413.5154231654378,1.7914862230885022,425.3745422363281,425.2804003311605,412.6283264160156,386.4348559570312,359.0142607116699,1899866060.369278,95.94320486815415,73.42799188640974,69.1683569979716,78.90466531440163,0.9801192842942346,1.125045357651029,True,0.9840319361277444,81.60243407707911,True,True,True,True,True,True,True,True,True,True,True,True,True,True,,2025-10-17,426.36276270474445,410.8973999588829,15.465362745861512,2025-10-24,410.5976875687768,SMA20,-0.0369757317359465,2025-10-23,4,2025-10-16,503,498,498,268,53.81526104417671,482,307,63.69294605809128,0.9582504970178928,True,23563.80078125,22274.728779296875,NORMAL,POINT_IN_TIME,503,498,482,NORMAL,MOMENTUM_ENABLED,True,True,True,0.9900596421471173,22999.95109375,-0.0409757317359465,-0.0429757317359465,-0.0449757317359465
HINDUNILVR-2024-09-26,HINDUNILVR,2024-09-23,2024-09-26,3,2909.85693359375,55.556232361007865,56.426066103005205,2791.244908103834,2.134990449301308,2869.070556640625,2844.3295785071546,2782.206091308594,2694.387666015625,2407.7331188964845,5048632488.015137,77.89046653144015,80.73022312373224,65.51724137931035,75.31440162271804,0.986,1.052770793781817,True,0.986,73.85395537525355,True,True,True,True,True,True,True,True,True,True,True,True,True,True,,2024-09-27,2869.0706798652327,2777.1383915780825,91.9322882871502,2024-10-04,2777.697431456368,SMA20,-0.0318476812196056,2024-10-03,4,2024-09-26,500,493,493,310,62.88032454361054,490,401,81.83673469387756,0.98,True,24496.900390625,21253.68328125,STRONG_MOMENTUM,POINT_IN_TIME,500,493,490,STRONG_MOMENTUM,MOMENTUM_ENABLED,True,True,True,0.986,23446.3629296875,-0.035847681219605604,-0.0378476812196056,-0.0398476812196056
HINDZINC-2026-01-02,HINDZINC,2025-12-26,2026-01-02,4,625.4229125976562,16.463282905045748,17.577879953389075,597.3851943241789,1.7030454032278233,617.5173950195312,609.9064196743027,566.9881103515625,509.6688830566407,455.9586218261719,7215194488.284424,99.59758551307849,97.1830985915493,96.17706237424548,97.6056338028169,0.9920159680638724,0.5300323997794201,True,0.994011976047904,98.79518072289156,True,True,True,True,True,True,True,True,True,True,True,True,True,True,,2026-01-05,625.2756194412403,592.9907243358316,32.28489510540874,2026-01-09,577.5967910853919,SMA20,-0.0762524986956235,2026-01-08,4,2026-01-02,501,498,498,250,50.20080321285141,492,263,53.45528455284553,0.9820359281437124,True,24099.0,22919.6473046875,NORMAL,POINT_IN_TIME,501,498,492,NORMAL,MOMENTUM_ENABLED,True,True,True,0.9940119760479041,23754.1330859375,-0.08025249869562351,-0.08225249869562351,-0.08425249869562351
HONAUT-2024-06-24,HONAUT,2024-06-14,2024-06-24,5,57496.703125,2269.198520576826,2232.3491496658,54602.654240713535,1.275361700637282,56782.00390625,56555.88949330734,53129.652734375,49031.7096875,40453.62224609375,357145995.94921875,60.28513238289206,89.40936863543789,88.39103869653768,80.36659877800408,0.9780876494023903,1.103256494694475,True,0.9780876494023903,89.04276985743381,True,True,True,True,True,True,True,True,True,True,True,True,True,True,,2024-06-25,56824.8803811336,54044.566953297086,2780.3134278365105,2024-07-15,56120.1959679605,SMA20,-0.0124009836614994,2024-07-12,14,2024-06-24,502,493,493,401,81.33874239350912,484,406,83.88429752066115,0.9641434262948207,True,22289.099609375,19265.68827148437,STRONG_MOMENTUM,POINT_IN_TIME,502,493,484,STRONG_MOMENTUM,MOMENTUM_ENABLED,True,True,True,0.9820717131474104,21159.7550390625,-0.016400983661499398,-0.0184009836614994,-0.0204009836614994
HSCL-2024-06-25,HSCL,2024-06-20,2024-06-25,3,400.0503234863281,14.234513821121748,15.38593625952224,381.0003086003453,1.3382975439396907,399.5516662597656,396.2602564294097,356.117790222168,352.22364501953126,312.61043144226073,261809619.50961304,83.29938900203666,65.37678207739307,73.11608961303462,73.07535641547862,0.9780876494023903,1.829608934937928,True,0.9780876494023903,73.56415478615071,True,True,True,True,True,True,True,True,True,True,True,True,True,True,,2024-06-26,399.6015104670022,377.1538245354648,22.44768593153742,2024-07-22,399.7012590585272,SMA20,0.0002496201563614,2024-07-19,17,2024-06-25,502,493,493,400,81.13590263691684,484,406,83.88429752066115,0.9641434262948207,True,22370.650390625,19292.890771484374,STRONG_MOMENTUM,POINT_IN_TIME,502,493,484,STRONG_MOMENTUM,MOMENTUM_ENABLED,True,True,True,0.9820717131474104,21191.3540625,-0.0037503798436386003,-0.0057503798436386,-0.0077503798436386
HSCL-2024-07-16,HSCL,2024-07-10,2024-07-16,4,431.7172546386719,15.797065061694044,15.54679584435747,411.42050820635257,1.2848428713214866,431.3681640625,423.2893604161564,404.9549697875976,370.64539916992186,324.86890548706054,488660131.7635803,93.71196754563894,87.62677484787018,36.105476673428,73.99594320486815,0.9801192842942346,3.237223604139288,True,0.9820717131474104,79.18864097363083,True,True,True,True,True,True,True,True,True,True,True,True,True,True,,2024-07-18,434.7592471682854,407.5338092452632,27.22543792302224,2024-07-22,399.7012590585272,SMA20,-0.0806377054383573,2024-07-19,2,2024-07-16,503,493,493,413,83.77281947261663,484,421,86.98347107438018,0.9622266401590456,True,23204.25,19716.877265625,STRONG_MOMENTUM,POINT_IN_TIME,503,493,484,STRONG_MOMENTUM,MOMENTUM_ENABLED,True,True,True,0.9801192842942346,21836.4141015625,-0.0846377054383573,-0.0866377054383573,-0.0886377054383573
HSCL-2024-09-25,HSCL,2024-09-18,2024-09-25,5,659.9185180664062,26.221024323331687,25.490312772976665,630.3460927743606,1.1278135029123115,658.3724975585938,656.2780435930785,580.4794219970703,506.453154296875,388.0806538391113,1150197949.303711,98.58012170385396,99.39148073022312,97.97160243407708,98.72210953346855,0.986,1.5147668688473388,True,0.9840319361277444,99.4523326572008,True,True,True,True,True,True,True,True,True,True,True,True,True,True,,2024-09-26,662.3121600315739,623.9735145811164,38.33864545045742,2024-10-08,594.3904122466882,SMA20,-0.1025524697925637,2024-10-07,7,2024-09-25,500,493,493,304,61.66328600405679,490,401,81.83673469387756,0.98,True,24371.25,21221.138525390623,STRONG_MOMENTUM,POINT_IN_TIME,500,493,490,STRONG_MOMENTUM,MOMENTUM_ENABLED,True,True,True,0.986,23420.509921875,-0.1065524697925637,-0.10855246979256371,-0.1105524697925637
HUDCO-2023-08-29,HUDCO,2023-08-23,2023-08-29,4,66.82014465332031,2.427531988480967,2.421841765488776,63.036185909715485,1.5587678191514367,65.97431182861328,64.63879812757816,61.46919345855713,56.54204231262207,47.16434854507446,659260035.3636951,90.81632653061224,82.0408163265306,93.06122448979592,87.9795918367347,0.9760956175298804,0.9716055830682838,True,0.9741035856573704,87.6278118609407,True,True,True,True,True,True,True,True,True,True,True,True,True,True,,2023-08-30,66.50853457537274,62.43072546834329,4.077809107029445,2023-09-13,64.85017414688882,SMA20,-0.024934550717014,2023-09-12,10,2023-08-29,502,492,491,354,72.09775967413442,483,413,85.5072463768116,0.9621513944223108,True,16927.30078125,15624.319018554688,STRONG_MOMENTUM,POINT_IN_TIME,502,491,483,STRONG_MOMENTUM,MOMENTUM_ENABLED,True,True,True,0.9780876494023905,16718.71912109375,-0.028934550717014,-0.030934550717014002,-0.032934550717014
HUDCO-2023-10-11,HUDCO,2023-10-06,2023-10-11,3,85.43165588378906,4.368459316197914,4.296505659477626,80.33266569620001,1.167228493735168,84.73634338378906,84.59729147154952,76.59646720886231,68.78251747131348,51.57419284820557,1570629278.6339798,97.75510204081633,97.3469387755102,96.73469387755102,97.28571428571428,0.9780439121756488,0.8324260073861667,True,0.9780439121756488,97.36734693877553,True,True,True,True,True,True,True,True,True,True,True,True,True,True,,2023-10-12,85.47801841096953,79.2585392813306,6.219479129638927,2023-10-19,73.56486061211348,SMA20,-0.1393710104693678,2023-10-18,5,2023-10-11,501,491,491,310,63.13645621181263,488,436,89.34426229508196,0.9740518962075848,True,17407.349609375,15852.197758789063,STRONG_MOMENTUM,POINT_IN_TIME,501,491,488,STRONG_MOMENTUM,MOMENTUM_ENABLED,True,True,True,0.9800399201596807,17139.92,-0.14337101046936782,-0.14537101046936782,-0.14737101046936782
HUDCO-2024-01-11,HUDCO,2024-01-04,2024-01-11,5,119.22423553466795,6.3672664001076384,5.888332678685998,113.75437162992212,0.8590600048795458,117.60181427001952,116.58200968413011,109.83972282409668,90.3600959777832,65.65313375473022,2529258318.566162,98.16326530612244,87.95918367346938,96.93877551020408,93.71428571428572,0.9780439121756488,1.4832040068460788,True,0.9780439121756488,96.14285714285714,True,True,True,True,True,True,True,True,True,True,True,True,True,True,,2024-01-12,118.3434906255603,112.28228846025064,6.061202165309666,2024-02-29,177.35297020283528,SMA20,0.4986288579570583,2024-02-28,32,2024-01-11,501,491,491,412,83.91038696537679,489,437,89.36605316973414,0.9760479041916168,True,19584.349609375,16786.46947265625,STRONG_MOMENTUM,POINT_IN_TIME,501,491,489,STRONG_MOMENTUM,MOMENTUM_ENABLED,True,True,True,0.9800399201596807,18318.7829296875,0.4946288579570583,0.4926288579570583,0.4906288579570583
HUDCO-2024-05-08,HUDCO,2024-04-29,2024-05-08,6,213.7412567138672,10.390025629645391,11.260818983279368,190.1427947880065,2.271261185201336,209.11502075195312,201.8251982935984,195.287728881836,184.87134765625,114.97202243804932,2404349906.220726,82.58196721311475,67.82786885245902,100.0,81.90573770491804,0.9740518962075848,3.0643618100399923,True,0.9740518962075848,96.65983606557376,True,True,True,True,True,True,True,True,True,True,True,True,True,True,,2024-05-09,209.1150368849001,187.3275900421867,21.7874468427134,2024-06-05,214.95623795068016,SMA20,0.0279329557204207,2024-06-04,18,2024-05-08,501,493,492,289,58.73983739837399,479,362,75.5741127348643,0.9560878243512974,True,20704.900390625,18561.658759765625,NORMAL,POINT_IN_TIME,501,492,479,NORMAL,MOMENTUM_ENABLED,True,True,True,0.9820359281437125,20407.4140625,0.0239329557204207,0.0219329557204207,0.0199329557204207
ICICIBANK-2024-12-10,ICICIBANK,2024-12-05,2024-12-10,3,1315.1788330078125,23.846367304963064,22.080815613260203,1294.2677540997624,0.8769083626292171,1309.2252197265625,1307.8476391384686,1270.4956604003903,1255.6498413085938,1161.459430541992,14381255767.536987,61.74089068825911,75.30364372469636,71.25506072874494,70.02024291497975,0.988,0.7175441525254137,True,0.988,71.82186234817813,True,True,True,True,True,True,True,True,True,True,True,True,True,True,,2024-12-11,1303.567008056277,1288.7475501964475,14.819457859829528,2024-12-20,1263.4669884903512,SMA20,-0.0307617631606971,2024-12-19,7,2024-12-10,500,496,496,301,60.68548387096774,488,304,62.29508196721312,0.976,True,23314.900390625,22160.192255859376,STRONG_MOMENTUM,POINT_IN_TIME,500,496,488,STRONG_MOMENTUM,MOMENTUM_ENABLED,True,True,True,0.992,22985.219921875,-0.034761763160697096,-0.0367617631606971,-0.0387617631606971
ICICIPRULI-2024-09-26,ICICIPRULI,2024-09-23,2024-09-26,3,787.2708740234375,16.78929532653326,17.639319825828142,757.8620007507407,1.751644288859462,778.4631958007812,772.2429792958402,756.8941802978516,730.0296276855469,603.6091693115235,985283611.3745728,68.35699797160242,90.26369168356996,66.5314401622718,76.57200811359027,0.986,0.9705172230679364,True,0.986,79.81744421906694,True,True,True,True,True,True,True,True,True,True,True,True,True,True,,2024-09-27,766.3213705457865,753.4521707942836,12.869199751502949,2024-10-04,753.8314170403135,SMA20,-0.016298584360994,2024-10-03,4,2024-09-26,500,493,493,310,62.88032454361054,490,401,81.83673469387756,0.98,True,24496.900390625,21253.68328125,STRONG_MOMENTUM,POINT_IN_TIME,500,493,490,STRONG_MOMENTUM,MOMENTUM_ENABLED,True,True,True,0.986,23446.3629296875,-0.020298584360994,-0.022298584360994002,-0.024298584360994
IDEA-2023-09-22,IDEA,2023-09-15,2023-09-22,4,11.699999809265137,0.6545083520291982,0.7289256913830019,10.600000381469728,1.680649947987735,11.300000190734863,11.199999809265137,10.28499994277954,8.87600001335144,7.593500010967254,3283238584.3645363,99.59183673469389,95.51020408163264,92.24489795918367,95.75510204081633,0.9780439121756488,0.9374127331948904,True,0.9780439121756488,95.51020408163264,True,True,True,True,True,True,True,True,True,True,True,True,True,True,,2023-09-25,11.350000381469728,10.417768958623975,0.9322314228457512,2023-10-06,11.199999809265137,SMA20,-0.0132159090011561,2023-10-05,8,2023-09-22,501,491,491,335,68.22810590631364,488,435,89.13934426229508,0.9740518962075848,True,17260.80078125,15768.456762695312,STRONG_MOMENTUM,POINT_IN_TIME,501,491,488,STRONG_MOMENTUM,MOMENTUM_ENABLED,True,True,True,0.9800399201596807,17051.5020703125,-0.017215909001156098,-0.0192159090011561,-0.0212159090011561
IDEA-2023-10-11,IDEA,2023-09-26,2023-10-11,10,12.100000381469728,0.7226450715489691,0.6706868310991068,10.550000190734863,2.1448983072872583,11.850000381469728,11.199999809265137,11.312499952316283,9.750999994277954,7.794250011444092,3077210943.0,95.10204081632652,98.16326530612244,94.28571428571428,96.08163265306122,0.9780439121756488,1.4178961939731174,True,0.9780439121756488,96.22448979591836,True,True,True,True,True,True,True,True,True,True,True,True,True,True,,2023-10-12,11.899999618530272,10.382328482960087,1.5176711355701862,2023-10-25,11.0,SMA20,-0.0756302224689842,2023-10-23,8,2023-10-11,501,491,491,310,63.13645621181263,488,436,89.34426229508196,0.9740518962075848,True,17407.349609375,15852.197758789063,STRONG_MOMENTUM,POINT_IN_TIME,501,491,488,STRONG_MOMENTUM,MOMENTUM_ENABLED,True,True,True,0.9800399201596807,17139.92,-0.0796302224689842,-0.0816302224689842,-0.08363022246898419
IDEA-2024-01-15,IDEA,2024-01-08,2024-01-15,5,17.149999618530273,0.9823390926688896,0.9133267827025836,15.800000190734863,1.3742702879996709,16.5,16.200000762939453,15.259999990463257,14.24299997329712,9.854249999523162,4193502562.738544,90.81632653061224,86.93877551020408,96.93877551020408,91.10204081632652,0.9780439121756488,0.7329546249028636,True,0.9780439121756488,96.6122448979592,True,True,True,True,True,True,True,True,True,True,True,True,True,True,,2024-01-16,16.5,15.571668495059216,0.9283315049407824,2024-01-18,15.149999618530272,SMA20,-0.0818182049375591,2024-01-17,2,2024-01-15,501,491,491,414,84.31771894093686,489,436,89.16155419222905,0.9760479041916168,True,19885.55078125,16840.98322753906,STRONG_MOMENTUM,POINT_IN_TIME,501,491,489,STRONG_MOMENTUM,MOMENTUM_ENABLED,True,True,True,0.9800399201596807,18438.861953125,-0.08581820493755911,-0.08781820493755911,-0.0898182049375591
IDEA-2026-02-18,IDEA,2026-02-11,2026-02-18,5,11.850000381469728,0.4980584500466913,0.4370439540932901,11.210000038146973,1.2849904328754105,11.5600004196167,11.460000038146973,10.964500093460083,11.192000102996824,8.721750028133393,5620250951.805958,82.53012048192771,83.13253012048193,99.59839357429718,87.89156626506025,0.994011976047904,0.6825612975678985,True,0.9920159680638724,88.14889336016097,True,True,True,True,True,True,True,True,True,True,True,True,True,True,,2026-02-19,11.600000381469728,11.10073904962365,0.4992613318460766,2026-02-24,10.979999542236328,SMA20,-0.0534483464521098,2026-02-23,3,2026-02-18,501,499,449,232,51.67037861915368,444,181,40.76576576576576,0.8862275449101796,True,23645.80078125,23254.83354492188,NORMAL,POINT_IN_TIME,501,449,444,NORMAL,MOMENTUM_ENABLED,True,True,True,0.8962075848303394,23518.3460546875,-0.057448346452109805,-0.0594483464521098,-0.0614483464521098
IDFCFIRSTB-2023-08-30,IDFCFIRSTB,2023-08-23,2023-08-30,5,91.67971801757812,1.953350100560483,1.950923687445812,89.54300734767656,1.0938697928694223,91.67971801757812,91.38156927627632,88.6734172821045,84.1276934814453,65.94976694107055,2678991569.660782,66.73469387755102,79.59183673469387,93.06122448979592,79.77551020408163,0.9760956175298804,1.1626742448805,True,0.9741035856573704,86.23721881390594,True,True,True,True,True,True,True,True,True,True,True,True,True,True,,2023-08-31,92.42508388043352,89.05527642581511,3.3698074546184245,2023-09-14,93.22014204347256,SMA20,0.0086021903325246,2023-09-13,10,2023-08-30,502,492,491,371,75.56008146639512,483,427,88.40579710144928,0.9621513944223108,True,16968.94921875,15631.327514648438,STRONG_MOMENTUM,POINT_IN_TIME,502,491,483,STRONG_MOMENTUM,MOMENTUM_ENABLED,True,True,True,0.9780876494023905,16735.25509765625,0.004602190332524601,0.0026021903325246006,0.0006021903325246006
IDFCFIRSTB-2026-08-19,IDFCFIRSTB,2026-08-13,2026-08-19,4,86.55000305175781,1.682369031674455,1.495926216492991,84.51000213623047,1.2125763593597174,85.48999786376953,85.47000122070312,84.6520278930664,81.23962677001953,76.70822568893432,1103797565.750122,74.6,88.6,48.4,72.33999999999999,1.0,0.6743871459911626,True,1.0,77.46000000000001,True,True,True,True,True,True,True,True,True,True,True,True,True,True,,2026-08-20,85.66000366210938,84.13602058210722,1.5239830800021537,2026-08-26,85.18000030517578,SMA20,-0.0056035878637945,2026-08-25,4,2026-08-19,500,500,500,250,50.0,420,232,55.23809523809524,0.84,True,23386.19921875,23081.79706054688,NORMAL,POINT_IN_TIME,500,500,420,NORMAL,MOMENTUM_ENABLED,True,True,True,1.0,23252.231015625,-0.0096035878637945,-0.0116035878637945,-0.0136035878637945
IEX-2024-01-04,IEX,2023-12-29,2024-01-04,3,158.13864135742188,5.801830122178897,5.60520175622828,152.53791419216336,0.9653380135775412,156.208984375,155.738330059482,147.15366439819337,135.19913604736328,130.3458236694336,1955965838.1430511,85.51020408163265,74.08163265306122,60.40816326530612,73.40816326530611,0.9780439121756488,1.2940313149056173,True,0.9780439121756488,75.0408163265306,True,True,True,True,True,True,True,True,True,True,True,True,True,True,,2024-01-05,157.05614868107435,151.13661375310627,5.919534927968073,2024-01-18,136.5828671441708,SMA20,-0.13035644709764,2024-01-17,9,2024-01-04,501,491,491,431,87.78004073319755,489,446,91.20654396728015,0.9760479041916168,True,19541.25,16658.041723632814,STRONG_MOMENTUM,POINT_IN_TIME,501,491,489,STRONG_MOMENTUM,MOMENTUM_ENABLED,True,True,True,0.9800399201596807,18050.964921875,-0.13435644709764,-0.13635644709764,-0.13835644709764
IIFL-2025-10-27,IIFL,2025-10-15,2025-10-27,7,502.53167724609375,14.782062682135038,13.80020339674732,484.3164453898893,1.232252375591571,501.6382751464844,491.7613590727431,476.7797149658203,456.0585363769531,412.4633557128906,596078677.7429047,95.131845841785,37.93103448275862,89.8580121703854,70.66937119675455,0.9801192842942346,1.334426634390553,True,0.9801192842942346,76.36916835699797,True,True,True,True,True,True,True,True,True,True,True,True,True,True,,2025-10-28,502.2835163853502,480.8663945407025,21.41712184464768,2025-11-25,534.0484952436599,SMA20,0.0632411333879802,2025-11-24,19,2025-10-27,503,498,498,291,58.43373493975904,482,314,65.14522821576763,0.9582504970178928,True,23840.900390625,22310.83252929688,NORMAL,POINT_IN_TIME,503,498,482,NORMAL,MOMENTUM_ENABLED,True,True,True,0.9900596421471173,23130.993125,0.05924113338798019,0.057241133387980196,0.055241133387980194
INDIACEM-2023-08-21,INDIACEM,2023-08-11,2023-08-21,5,252.6999969482422,9.01468113608876,9.559583435740032,233.1499938964844,2.1686849214768853,245.0,240.4499969482422,226.43249969482423,220.10200042724608,210.5610000610352,1123543817.6898956,90.1840490797546,77.30061349693251,61.55419222903885,76.44171779141104,0.9741035856573704,1.1895032746971643,True,0.9741035856573704,84.49897750511246,True,True,True,True,True,True,True,True,True,True,True,True,True,True,,2023-08-22,246.6999969482422,230.76009803754937,15.939898910692818,2023-08-28,232.0,SMA20,-0.0595865307259256,2023-08-25,4,2023-08-21,502,492,491,321,65.37678207739307,483,393,81.36645962732919,0.9621513944223108,True,16852.05078125,15582.721762695312,STRONG_MOMENTUM,POINT_IN_TIME,502,491,483,STRONG_MOMENTUM,MOMENTUM_ENABLED,True,True,True,0.9780876494023905,16614.10609375,-0.0635865307259256,-0.0655865307259256,-0.0675865307259256
INDIACEM-2024-08-02,INDIACEM,2024-07-26,2024-08-02,5,374.0499877929688,16.757061737274405,14.811137429579064,359.0,0.8981280864706466,372.0499877929688,366.75,334.65999908447264,272.6097994995117,241.90145057678225,3699322684.235962,98.58012170385396,98.78296146044624,84.17849898580123,94.34077079107504,0.9801192842942346,0.5142831754321336,True,0.9801192842942346,95.09127789046651,True,True,True,True,True,True,True,True,True,True,True,True,True,True,,2024-08-05,365.5,355.29721564260524,10.202784357394762,2024-08-21,364.6000061035156,SMA20,-0.0024623636018724,2024-08-20,11,2024-08-02,503,493,493,340,68.96551724137932,487,423,86.85831622176592,0.9681908548707754,True,23259.44921875,20067.42576171875,STRONG_MOMENTUM,POINT_IN_TIME,503,493,487,STRONG_MOMENTUM,MOMENTUM_ENABLED,True,True,True,0.9801192842942346,22411.5890234375,-0.0064623636018724,-0.0084623636018724,-0.0104623636018724
INDIANB-2023-08-11,INDIANB,2023-08-08,2023-08-11,3,366.5836181640625,11.145009041623071,12.680688247536905,346.23084101572584,1.826178612536382,362.14892578125,360.2817237043498,322.91380310058594,291.37190216064454,265.62171836853025,467155850.8168945,92.0245398773006,91.41104294478528,80.57259713701431,88.34355828220859,0.9741035856573704,3.084384593804962,True,0.9741035856573704,89.77505112474438,True,True,True,True,True,True,True,True,True,True,True,True,True,True,,2023-08-14,362.24231792224873,343.0606689538416,19.181648968407103,2023-08-31,358.5078729549938,SMA20,-0.010309245448392,2023-08-30,12,2023-08-11,502,491,491,349,71.07942973523421,483,410,84.88612836438924,0.9621513944223108,True,16860.150390625,15541.887749023435,STRONG_MOMENTUM,POINT_IN_TIME,502,491,483,STRONG_MOMENTUM,MOMENTUM_ENABLED,True,True,True,0.9780876494023905,16521.83107421875,-0.014309245448392,-0.016309245448392,-0.018309245448392
INDIANB-2023-10-11,INDIANB,2023-10-03,2023-10-11,6,412.00390625,16.950741149149387,15.704722543352132,375.3129017044133,2.1645663881445025,395.0588684082031,385.5360003352642,388.63090362548826,370.1901580810547,292.3214980316162,847607467.5700836,90.20408163265309,89.59183673469387,81.42857142857143,87.32653061224491,0.9780439121756488,0.7521291310281782,True,0.9780439121756488,88.57142857142857,True,True,True,True,True,True,True,True,True,True,True,True,True,True,,2023-10-12,397.71963999186295,371.3867210685753,26.33291892328765,2023-10-16,393.3316552717825,SMA20,-0.0110328590264494,2023-10-13,2,2023-10-11,501,491,491,310,63.13645621181263,488,436,89.34426229508196,0.9740518962075848,True,17407.349609375,15852.197758789063,STRONG_MOMENTUM,POINT_IN_TIME,501,491,488,STRONG_MOMENTUM,MOMENTUM_ENABLED,True,True,True,0.9800399201596807,17139.92,-0.0150328590264494,-0.017032859026449403,-0.0190328590264494
INDIANB-2024-02-08,INDIANB,2024-02-05,2024-02-08,3,523.0106811523438,19.515671406317068,20.03971026375638,497.896404888875,1.2868773889756857,515.1682739257812,512.8809003014865,446.94212036132814,416.0772955322266,352.2110201263428,1470933662.9697418,93.46938775510203,72.44897959183673,80.61224489795919,81.20408163265306,0.9780439121756488,1.318012436769623,True,0.9780439121756488,80.42857142857143,True,True,True,True,True,True,True,True,True,True,True,True,True,True,,2024-02-09,515.168278553672,492.8864773229359,22.281801230736164,2024-02-26,486.41302540368144,SMA20,-0.0558172044884451,2024-02-23,11,2024-02-08,501,491,491,324,65.9877800407332,489,392,80.16359918200409,0.9760479041916168,True,19987.55078125,17246.9894921875,STRONG_MOMENTUM,POINT_IN_TIME,501,491,489,STRONG_MOMENTUM,MOMENTUM_ENABLED,True,True,True,0.9800399201596807,19197.8930078125,-0.0598172044884451,-0.0618172044884451,-0.0638172044884451
INDIGO-2024-05-08,INDIGO,2024-05-02,2024-05-08,4,4101.3193359375,112.76715979685962,121.39978809826736,3908.9442692720736,1.705949382887479,4068.774169921875,4033.134301145154,3794.490185546875,3477.418515625,2883.1849560546875,3650307676.90393,95.08196721311477,93.64754098360656,83.60655737704919,91.0655737704918,0.9740518962075848,0.9917781983698885,True,0.9740518962075848,86.70081967213115,True,True,True,True,True,True,True,True,True,True,True,True,True,True,,2024-05-09,4088.0415667181855,3878.5943222475066,209.44724447067887,2024-05-30,4033.23415347434,SMA20,-0.0134067651586635,2024-05-29,14,2024-05-08,501,493,492,289,58.73983739837399,479,362,75.5741127348643,0.9560878243512974,True,20704.900390625,18561.658759765625,NORMAL,POINT_IN_TIME,501,492,479,NORMAL,MOMENTUM_ENABLED,True,True,True,0.9820359281437125,20407.4140625,-0.0174067651586635,-0.0194067651586635,-0.0214067651586635
INDIGO-2024-09-10,INDIGO,2024-08-28,2024-09-10,9,4851.6513671875,122.01360136748862,110.96810822385854,4710.43960336376,1.1573444455461126,4823.69873046875,4817.309294358204,4608.863989257812,4439.319990234375,3673.0930944824217,5303203646.77832,84.78701825557809,45.233265720081135,89.24949290060852,70.30425963488844,0.9820717131474104,0.5702916499483319,True,0.9801192842942346,77.99188640973631,True,True,True,True,True,True,True,True,True,True,True,True,True,True,,2024-09-11,4861.734474840385,4682.697576307794,179.0368985325904,2024-09-25,4801.885228895483,SMA20,-0.012310266275261,2024-09-24,10,2024-09-10,502,494,493,279,56.5922920892495,489,403,82.41308793456032,0.9741035856573704,True,23643.650390625,20868.0712890625,NORMAL,POINT_IN_TIME,502,493,489,NORMAL,MOMENTUM_ENABLED,True,True,True,0.9820717131474104,23182.3839453125,-0.016310266275261,-0.018310266275261,-0.020310266275261002
INDUSTOWER-2024-04-05,INDUSTOWER,2024-04-01,2024-04-05,4,303.76788330078125,12.675053989080372,12.537204947685668,287.577185671995,1.2773671530499706,302.61138916015625,298.7564754049327,259.81694107055665,236.8030569458008,190.7757672119141,4940477334.565109,97.1252566735113,96.50924024640656,86.652977412731,93.73716632443532,0.9720558882235528,1.2591000624307658,True,0.9680638722554892,96.2680412371134,True,True,True,True,True,True,True,True,True,True,True,True,True,True,,2024-04-08,305.0207148542781,284.44288443507355,20.57783041920453,2024-05-08,323.8134767005114,SMA20,0.0616114281130428,2024-05-07,19,2024-04-05,501,493,492,334,67.88617886178862,479,381,79.54070981210856,0.9560878243512974,True,20715.099609375,18115.07103515625,STRONG_MOMENTUM,POINT_IN_TIME,501,492,479,STRONG_MOMENTUM,MOMENTUM_ENABLED,True,True,True,0.9820359281437125,20036.3541796875,0.057611428113042804,0.0556114281130428,0.0536114281130428
INDUSTOWER-2024-07-11,INDUSTOWER,2024-07-04,2024-07-11,5,389.3953247070313,14.562071602662929,13.947392842387329,360.00153415550125,2.0185171006956755,379.9507751464844,374.3611428378868,353.1927947998047,338.9238024902344,246.2307514190674,8329732844.422836,79.3103448275862,68.76267748478702,95.33468559837728,79.89858012170386,0.9801192842942346,0.5575462305948244,True,0.9820717131474104,87.60649087221094,True,True,True,True,True,True,True,True,True,True,True,True,True,True,,2024-07-12,382.1191666661476,356.51468594490444,25.604480721243192,2024-08-06,402.887552843093,SMA20,0.0543505481762199,2024-08-05,16,2024-07-11,503,493,493,407,82.55578093306288,484,421,86.98347107438018,0.9622266401590456,True,23005.25,19632.283525390623,STRONG_MOMENTUM,POINT_IN_TIME,503,493,484,STRONG_MOMENTUM,MOMENTUM_ENABLED,True,True,True,0.9801192842942346,21707.0301171875,0.050350548176219895,0.0483505481762199,0.0463505481762199
INDUSTOWER-2024-09-05,INDUSTOWER,2024-08-30,2024-09-05,4,441.8704528808594,11.44335830411929,11.630146843671918,415.7051952369051,2.28650165000387,427.0290222167969,425.294296946168,413.8090423583984,400.9205908203125,290.44791458129885,2732702204.5347443,54.76673427991886,80.73022312373224,97.3630831643002,77.93103448275862,0.9820717131474104,1.1328569508421191,True,0.9820717131474104,86.55172413793103,True,True,True,True,True,True,True,True,True,True,True,True,True,True,,2024-09-06,427.12541610055536,412.7976585259872,14.327757574568182,2024-09-09,405.6823928152407,SMA20,-0.050203107745446,2024-09-06,1,2024-09-05,502,494,493,302,61.257606490872206,489,410,83.84458077709611,0.9741035856573704,True,23762.80078125,20773.62978515625,STRONG_MOMENTUM,POINT_IN_TIME,502,493,489,STRONG_MOMENTUM,MOMENTUM_ENABLED,True,True,True,0.9820717131474104,23120.591953125,-0.054203107745446,-0.056203107745446,-0.058203107745446
INOXWIND-2024-09-06,INOXWIND,2024-08-27,2024-09-06,8,228.07000732421875,12.086993274420676,10.697000246809967,212.3500061035156,1.3005716859271257,225.8800048828125,224.4499969482422,217.28200073242184,183.92399993896484,140.52147459030152,2144926800.617264,99.18864097363084,96.75456389452332,87.62677484787018,94.74645030425964,0.9820717131474104,1.5961669757941928,True,0.9801192842942346,91.96754563894524,True,True,True,True,True,True,True,True,True,True,True,True,True,True,,2024-09-09,224.3000030517578,209.6757560418132,14.624247009944668,2024-09-30,238.17999267578125,SMA20,0.0618813617261547,2024-09-27,15,2024-09-06,502,494,493,264,53.54969574036511,489,402,82.20858895705521,0.9741035856573704,True,23477.69921875,20804.71978515625,NORMAL,POINT_IN_TIME,502,493,489,NORMAL,MOMENTUM_ENABLED,True,True,True,0.9820717131474104,23141.409921875,0.0578813617261547,0.0558813617261547,0.0538813617261547
INOXWIND-2024-09-18,INOXWIND,2024-09-13,2024-09-18,3,250.9900054931641,11.78909953144259,12.11962540230648,238.1499938964844,1.089142691724183,248.6499938964844,246.0,231.0800003051758,199.11940032958984,147.6850620651245,2372392102.4921646,88.84381338742394,99.59432048681542,98.17444219066938,95.94320486815415,0.9840319361277444,1.9310748993947389,True,0.9820717131474104,96.75456389452332,True,True,True,True,True,True,True,True,True,True,True,True,True,True,,2024-09-19,250.0399932861328,235.1200875459077,14.919905740225062,2024-09-30,238.17999267578125,SMA20,-0.0474324145289013,2024-09-27,7,2024-09-18,501,494,493,287,58.21501014198783,489,397,81.18609406952966,0.9760479041916168,True,23898.650390625,21057.981533203125,NORMAL,POINT_IN_TIME,501,493,489,NORMAL,MOMENTUM_ENABLED,True,True,True,0.9840319361277445,23303.8629296875,-0.051432414528901294,-0.053432414528901295,-0.0554324145289013
INTELLECT-2023-08-28,INTELLECT,2023-08-16,2023-08-28,8,701.6994018554688,27.326184976380897,24.61209101428593,658.2235873195568,1.5909946658668157,688.7940673828125,686.9784997008643,675.3538299560547,632.5435034179687,495.404541015625,406596224.3814392,94.89795918367348,73.87755102040816,86.93877551020408,84.10204081632654,0.9760956175298804,0.4507717741117028,True,0.9741035856573704,86.76891615541922,True,True,True,True,True,True,True,True,True,True,True,True,True,True,,2023-08-29,687.9598536424278,652.0705645659854,35.889289076442424,2023-09-13,660.4317382830155,SMA20,-0.040014130495644,2023-09-12,11,2023-08-28,502,492,491,336,68.43177189409369,483,407,84.26501035196688,0.9621513944223108,True,16875.30078125,15617.758266601562,STRONG_MOMENTUM,POINT_IN_TIME,502,491,483,STRONG_MOMENTUM,MOMENTUM_ENABLED,True,True,True,0.9780876494023905,16703.802109375,-0.044014130495644,-0.046014130495644,-0.048014130495644
INTELLECT-2024-01-31,INTELLECT,2024-01-19,2024-01-31,6,906.5662841796876,28.926569713972462,32.0498825964846,849.8905124570964,1.959298053070388,883.994140625,873.4440601464386,837.4856475830078,783.2604736328125,652.6426539611816,382917360.6916199,67.14285714285714,79.79591836734694,76.93877551020408,75.14285714285714,0.9780439121756488,1.086789143044618,True,0.9780439121756488,81.85714285714286,True,True,True,True,True,True,True,True,True,True,True,True,True,True,,2024-02-01,883.6997158149302,841.8780418079753,41.821674006954936,2024-02-16,897.390239464136,SMA20,0.0154922802442916,2024-02-15,11,2024-01-31,501,491,491,357,72.70875763747455,489,413,84.45807770961146,0.9760479041916168,True,19802.099609375,17095.401479492186,STRONG_MOMENTUM,POINT_IN_TIME,501,491,489,STRONG_MOMENTUM,MOMENTUM_ENABLED,True,True,True,0.9800399201596807,18917.681953125,0.0114922802442916,0.0094922802442916,0.0074922802442916
INTELLECT-2025-11-12,INTELLECT,2025-11-03,2025-11-12,6,1186.5703125,48.276946264429455,49.07272295441208,1079.69974124821,2.213697831391882,1137.04736328125,1113.1772544970067,1042.9487091064452,1009.0631188964844,932.1173706054688,436464923.8122253,94.53441295546558,91.7004048582996,82.99595141700405,89.93927125506073,0.9821073558648112,2.731023088540841,True,0.9801192842942346,92.75862068965516,True,True,True,True,True,True,True,True,True,True,True,True,True,True,,2025-11-13,1137.0473475692766,1067.4315605096072,69.6157870596694,2025-11-24,1083.9586793255585,SMA20,-0.0466899363137413,2025-11-21,7,2025-11-12,503,499,498,249,50.0,482,294,60.99585062240664,0.9582504970178928,True,23836.900390625,22414.982529296874,NORMAL,POINT_IN_TIME,503,498,482,NORMAL,MOMENTUM_ENABLED,True,True,True,0.9900596421471173,23320.60515625,-0.0506899363137413,-0.0526899363137413,-0.0546899363137413
IOB-2023-09-26,IOB,2023-09-18,2023-09-26,5,46.400001525878906,2.3909381404270555,2.9382980709120394,41.70000076293945,1.9657559028691416,45.400001525878906,45.0,36.42749996185303,31.48100006103516,27.447250032424925,1842402708.4139748,99.59183673469389,99.59183673469389,96.12244897959184,98.55102040816324,0.9780439121756488,2.549702221221695,True,0.9780439121756488,98.40816326530611,True,True,True,True,True,True,True,True,True,True,True,True,True,True,,2023-09-27,45.09999847412109,40.96542624521145,4.134572228909647,2023-10-16,43.5,SMA20,-0.0354766857706034,2023-10-13,12,2023-09-26,501,491,491,322,65.58044806517312,488,435,89.13934426229508,0.9740518962075848,True,17276.75,15781.549765625,STRONG_MOMENTUM,POINT_IN_TIME,501,491,488,STRONG_MOMENTUM,MOMENTUM_ENABLED,True,True,True,0.9800399201596807,17074.70109375,-0.0394766857706034,-0.0414766857706034,-0.0434766857706034
IOC-2023-11-23,IOC,2023-11-16,2023-11-23,5,92.8890609741211,2.125725086021752,2.2825976299473942,89.54290862515695,1.5741228115373989,92.6213607788086,91.63982643120704,85.11263656616211,80.33339874267578,73.89414524078369,2644919374.041717,94.28571428571428,77.75510204081633,56.734693877551024,76.40816326530611,0.9780439121756488,0.6083138104040707,True,0.9780439121756488,77.46938775510203,True,True,True,True,True,True,True,True,True,True,True,True,True,True,,2023-11-24,92.88905944336084,88.9722592176701,3.91680022569075,2024-02-28,153.92280647607095,SMA20,0.6570606635319144,2024-02-27,64,2023-11-23,501,491,491,305,62.11812627291242,488,417,85.45081967213115,0.9740518962075848,True,17639.400390625,16124.258237304688,STRONG_MOMENTUM,POINT_IN_TIME,501,491,488,STRONG_MOMENTUM,MOMENTUM_ENABLED,True,True,True,0.9800399201596807,17278.4748828125,0.6530606635319144,0.6510606635319144,0.6490606635319144
IOC-2023-12-13,IOC,2023-12-07,2023-12-13,4,108.28133392333984,2.887097575141554,2.9134833935839644,104.04288570522924,1.4680654559805726,106.76441955566406,106.09519103329168,98.52843017578124,86.56496337890626,76.29764015197753,3136720958.736584,91.63265306122447,92.24489795918367,73.67346938775509,86.48979591836734,0.9780439121756488,0.7885313609912731,True,0.9780439121756488,89.10204081632652,True,True,True,True,True,True,True,True,True,True,True,True,True,True,,2023-12-14,107.5228860240226,103.31451485683326,4.208371167189355,2024-02-28,153.92280647607095,SMA20,0.4315352960455484,2024-02-27,51,2023-12-13,501,491,491,410,83.5030549898167,489,441,90.1840490797546,0.9760479041916168,True,18751.44921875,16345.1022265625,STRONG_MOMENTUM,POINT_IN_TIME,501,491,489,STRONG_MOMENTUM,MOMENTUM_ENABLED,True,True,True,0.9800399201596807,17521.01484375,0.4275352960455484,0.4255352960455484,0.4235352960455484
IOC-2024-01-03,IOC,2023-12-28,2024-01-03,3,118.89978790283205,3.5437522654644704,3.42783190445159,114.48287437183856,1.2463945558605676,118.40900421142578,117.2936247894701,110.9270278930664,96.7927003479004,79.70733587265015,2491193165.395458,86.53061224489797,96.3265306122449,84.48979591836735,89.83673469387756,0.9780439121756488,1.0117146837140238,True,0.9780439121756488,92.6938775510204,True,True,True,True,True,True,True,True,True,True,True,True,True,True,,2024-01-04,117.78439656198074,113.62591639572568,4.1584801662550746,2024-02-28,153.92280647607095,SMA20,0.3068183135367457,2024-02-27,37,2024-01-03,501,491,491,422,85.94704684317719,489,443,90.59304703476482,0.9760479041916168,True,19367.150390625,16633.734721679688,STRONG_MOMENTUM,POINT_IN_TIME,501,491,489,STRONG_MOMENTUM,MOMENTUM_ENABLED,True,True,True,0.9800399201596807,18006.349921875,0.3028183135367457,0.3008183135367457,0.2988183135367457
IOC-2026-02-18,IOC,2026-02-11,2026-02-18,5,177.47076416015625,4.149221213529288,4.023171292478796,168.52429686929096,2.156179878212737,174.9552001953125,172.42001615058027,166.31118698120116,161.22148162841796,145.87294273376466,2242864351.4112854,86.94779116465864,84.53815261044177,92.3694779116466,87.61044176706827,0.994011976047904,0.6075115410558996,True,0.9920159680638724,89.47686116700201,True,True,True,True,True,True,True,True,True,True,True,True,True,True,,2026-02-19,173.94701967561355,167.51850404617127,6.428515629442273,2026-03-05,167.37907960695765,SMA20,-0.0377582788190575,2026-03-04,9,2026-02-18,501,499,449,232,51.67037861915368,444,181,40.76576576576576,0.8862275449101796,True,23645.80078125,23254.83354492188,NORMAL,POINT_IN_TIME,501,449,444,NORMAL,MOMENTUM_ENABLED,True,True,True,0.8962075848303394,23518.3460546875,-0.0417582788190575,-0.0437582788190575,-0.0457582788190575
IPCALAB-2024-04-24,IPCALAB,2024-04-18,2024-04-24,4,1341.9407958984375,38.61303898657258,36.38716122253572,1300.5107294800432,1.0729553411426982,1336.9295654296875,1325.666514465934,1278.8950439453124,1219.7659765625,1030.6587533569336,787552979.2264404,75.81967213114754,75.61475409836066,71.31147540983606,74.38524590163935,0.9740518962075848,0.9502881456347284,True,0.9740518962075848,78.5860655737705,True,True,True,True,True,True,True,True,True,True,True,True,True,True,,2024-04-25,1338.6163984409905,1291.4139391744093,47.20245926658117,2024-05-08,1240.424441584747,SMA20,-0.0733533198686359,2024-05-07,8,2024-04-24,501,493,492,329,66.869918699187,479,378,78.91440501043841,0.9560878243512974,True,20730.650390625,18363.75826660156,STRONG_MOMENTUM,POINT_IN_TIME,501,492,479,STRONG_MOMENTUM,MOMENTUM_ENABLED,True,True,True,0.9820359281437125,20246.7561328125,-0.0773533198686359,-0.0793533198686359,-0.08135331986863589
IPCALAB-2024-09-30,IPCALAB,2024-09-25,2024-09-30,3,1489.2919921875,35.76606400396118,36.42088324076347,1446.107647341379,1.2074111605162337,1488.9442138671875,1479.303505205458,1442.9146850585937,1374.176071777344,1232.948726196289,477848812.3551636,81.79959100204499,92.84253578732108,49.48875255623722,76.52351738241309,0.978,0.9830847961934294,True,0.986,76.57200811359026,True,True,True,True,True,True,True,True,True,True,True,True,True,True,,2024-10-01,1488.8944156363943,1437.0024265311886,51.89198910520577,2024-10-24,1548.825867548395,SMA20,0.0402523182857022,2024-10-23,16,2024-09-30,500,494,494,305,61.74089068825911,485,405,83.50515463917526,0.97,True,24245.19921875,21314.537783203126,STRONG_MOMENTUM,POINT_IN_TIME,500,494,485,STRONG_MOMENTUM,MOMENTUM_ENABLED,True,True,True,0.988,23499.784921875,0.036252318285702204,0.0342523182857022,0.0322523182857022
IRB-2023-11-23,IRB,2023-11-17,2023-11-23,4,18.71117210388184,0.752886452962282,0.7347433413067211,17.679849919056732,1.369824335087048,18.539281845092773,18.416510332350764,17.26532769203186,16.326169548034667,14.12619035243988,941432586.370245,88.36734693877551,94.6938775510204,68.9795918367347,85.08163265306122,0.9780439121756488,0.9382797554975574,True,0.9780439121756488,85.38775510204083,True,True,True,True,True,True,True,True,True,True,True,True,True,True,,2023-11-24,18.5638393423809,17.49616408373005,1.0676752586508478,2023-12-21,18.809389968741755,SMA20,0.0132273621761134,2023-12-20,18,2023-11-23,501,491,491,305,62.11812627291242,488,417,85.45081967213115,0.9740518962075848,True,17639.400390625,16124.258237304688,STRONG_MOMENTUM,POINT_IN_TIME,501,491,488,STRONG_MOMENTUM,MOMENTUM_ENABLED,True,True,True,0.9800399201596807,17278.4748828125,0.0092273621761134,0.007227362176113399,0.005227362176113399
IRB-2024-04-22,IRB,2024-04-09,2024-04-22,7,34.62417221069336,1.6772940926248308,1.5988530388494375,31.009295180060043,2.155183784720975,32.97658157348633,32.9519861971973,31.34250221252441,31.13223220825196,20.62198359012604,1412892042.8761864,90.98360655737704,96.72131147540983,97.74590163934424,95.30737704918032,0.9740518962075848,0.5533506830972679,True,0.9740518962075848,96.59836065573772,True,True,True,True,True,True,True,True,True,True,True,True,True,True,,2024-04-23,33.19789329920365,30.609581920347683,2.588311378855966,2024-05-07,33.44380919422278,SMA20,0.0074075753181913,2024-05-06,9,2024-04-22,501,493,492,278,56.50406504065041,479,367,76.61795407098121,0.9560878243512974,True,20574.849609375,18317.231513671875,NORMAL,POINT_IN_TIME,501,492,479,NORMAL,MOMENTUM_ENABLED,True,True,True,0.9820359281437125,20216.8351171875,0.0034075753181913,0.0014075753181913,-0.0005924246818087
IRCON-2024-06-03,IRCON,2024-05-21,2024-06-03,9,281.3939514160156,12.56393521444227,13.340168609448268,254.5899093253644,2.1334113582375034,278.6747436523437,267.26358110003696,251.5089111328125,234.43346740722657,180.72176963806152,3142389245.0740814,87.34693877551021,82.85714285714286,87.95918367346938,85.73469387755102,0.9780439121756488,1.8230919031477544,True,0.9780439121756488,92.73469387755102,True,True,True,True,True,True,True,True,True,True,True,True,True,True,,2024-06-04,278.67473967401867,251.25486717300228,27.419872501016386,2024-06-05,230.45655023634183,SMA20,-0.1730267676721626,2024-06-04,1,2024-06-03,501,493,493,303,61.4604462474645,480,347,72.29166666666667,0.9580838323353292,True,21797.400390625,18918.27002929688,STRONG_MOMENTUM,POINT_IN_TIME,501,493,480,STRONG_MOMENTUM,MOMENTUM_ENABLED,True,True,True,0.9840319361277445,20707.5680859375,-0.1770267676721626,-0.1790267676721626,-0.1810267676721626
IRFC-2023-08-24,IRFC,2023-08-16,2023-08-24,6,48.55599594116211,2.197371067768548,2.05037196910153,43.96094075411869,2.0911603208236222,46.045291900634766,45.61895388026944,43.314316749572754,36.16166358947754,30.719985828399658,6505383146.004219,99.79550102249488,95.50102249488752,94.68302658486708,96.5439672801636,0.9741035856573704,0.7612063450458468,True,0.9741035856573704,97.280163599182,True,True,True,True,True,True,True,True,True,True,True,True,True,True,,2023-08-25,46.14003774273664,43.44834776184331,2.691689980893329,2023-10-05,72.39181477286826,SMA20,0.5689587246656332,2023-10-04,27,2023-08-24,502,492,491,349,71.07942973523421,483,406,84.05797101449275,0.9621513944223108,True,16930.150390625,15604.355263671874,STRONG_MOMENTUM,POINT_IN_TIME,502,491,483,STRONG_MOMENTUM,MOMENTUM_ENABLED,True,True,True,0.9780876494023905,16672.72509765625,0.5649587246656332,0.5629587246656332,0.5609587246656332
ITI-2023-12-04,ITI,2023-11-24,2023-12-04,5,282.54998779296875,14.390179943114967,13.152921156560142,265.20001220703125,1.205681628341184,274.6499938964844,274.5,271.2649978637695,250.933998413086,143.5882494354248,400992794.6101074,17.551020408163264,99.79591836734694,98.9795918367347,74.87755102040816,0.9780439121756488,1.660081935377425,True,0.9780439121756488,85.79591836734694,True,True,True,True,True,True,True,True,True,True,True,True,True,True,,2023-12-05,274.6499938964844,261.91178191789123,12.738211978593142,2023-12-21,282.6499938964844,SMA20,0.0291279817141201,2023-12-20,12,2023-12-04,501,491,491,393,80.04073319755601,488,434,88.9344262295082,0.9740518962075848,True,18448.5,16215.893979492188,STRONG_MOMENTUM,POINT_IN_TIME,501,491,488,STRONG_MOMENTUM,MOMENTUM_ENABLED,True,True,True,0.9800399201596807,17324.8278515625,0.0251279817141201,0.023127981714120102,0.0211279817141201
JBCHEPHARM-2023-08-18,JBCHEPHARM,2023-08-09,2023-08-18,6,1315.4813232421875,47.38278708092584,48.19244224018727,1244.0971861171213,1.5065415422513682,1299.19287109375,1278.8393602835224,1246.3617004394532,1183.655126953125,1026.887418823242,140959549.13635254,71.37014314928425,86.70756646216769,78.52760736196319,79.65235173824131,0.9741035856573704,1.4681772566418425,True,0.9741035856573704,78.52760736196319,True,True,True,True,True,True,True,True,True,True,True,True,True,True,,2023-08-21,1300.0692714101172,1232.0490755570745,68.02019585304265,2023-09-25,1341.677135369034,SMA20,0.0320043438253001,2023-09-22,24,2023-08-18,502,491,491,307,62.52545824847251,483,391,80.95238095238095,0.9621513944223108,True,16757.69921875,15574.669506835937,STRONG_MOMENTUM,POINT_IN_TIME,502,491,483,STRONG_MOMENTUM,MOMENTUM_ENABLED,True,True,True,0.9780876494023905,16595.48607421875,0.028004343825300097,0.0260043438253001,0.024004343825300097
JBCHEPHARM-2023-09-01,JBCHEPHARM,2023-08-28,2023-09-01,4,1422.3121337890625,49.67411759214913,48.92881468137385,1324.4398176279633,1.9702879669586253,1361.5194091796875,1358.4274656052448,1318.8503723144531,1238.309541015625,1046.5293328857422,208016157.968628,70.61224489795919,84.08163265306122,71.63265306122449,76.3061224489796,0.9760956175298804,0.8002799230211691,True,0.9760956175298804,90.20408163265306,True,True,True,True,True,True,True,True,True,True,True,True,True,True,,2023-09-04,1372.134522881148,1312.2076139576195,59.92690892352812,2023-09-25,1341.677135369034,SMA20,-0.0221970856386304,2023-09-22,14,2023-09-01,502,492,491,373,75.96741344195519,483,426,88.19875776397515,0.9621513944223108,True,17074.55078125,15645.876274414062,STRONG_MOMENTUM,POINT_IN_TIME,502,491,483,STRONG_MOMENTUM,MOMENTUM_ENABLED,True,True,True,0.9780876494023905,16766.41412109375,-0.0261970856386304,-0.028197085638630402,-0.0301970856386304
JBMA-2023-08-25,JBMA,2023-08-21,2023-08-25,4,766.3484497070312,41.16226217743609,39.61395398320131,733.4223061427292,0.7999109335237449,761.1640014648438,760.2168518788536,695.8115295410156,660.9056072998047,392.2032216644287,347922850.0316162,68.9795918367347,99.3877551020408,99.79591836734694,90.3877551020408,0.9760956175298804,2.5115636386704887,True,0.9741035856573704,93.37423312883436,True,True,True,True,True,True,True,True,True,True,True,True,True,True,,2023-08-28,766.6225693044186,723.5188176469289,43.10375165748962,2023-09-13,739.4325694365438,SMA20,-0.0354672572352587,2023-09-12,12,2023-08-25,502,492,491,320,65.17311608961303,483,404,83.64389233954451,0.9621513944223108,True,16820.849609375,15611.036010742188,STRONG_MOMENTUM,POINT_IN_TIME,502,491,483,STRONG_MOMENTUM,MOMENTUM_ENABLED,True,True,True,0.9780876494023905,16687.46109375,-0.03946725723525871,-0.0414672572352587,-0.043467257235258704
JBMA-2024-01-17,JBMA,2024-01-11,2024-01-17,4,965.9273681640624,41.941506523681376,44.19367550927005,887.7930216909526,1.862936097180796,955.8237915039062,944.4728072494024,835.0111694335938,716.9596716308594,607.2988410949707,351479011.6118164,98.9795918367347,94.89795918367348,63.06122448979592,86.57142857142857,0.9780439121756488,1.016452354115389,True,0.9780439121756488,89.24489795918366,True,True,True,True,True,True,True,True,True,True,True,True,True,True,,2024-01-18,956.8716552324968,876.7446028136351,80.12705241886158,2024-03-05,1041.7666339433092,SMA20,0.088721385199967,2024-03-04,31,2024-01-17,501,491,491,378,76.9857433808554,489,428,87.52556237218813,0.9760479041916168,True,19487.599609375,16893.240981445313,STRONG_MOMENTUM,POINT_IN_TIME,501,491,489,STRONG_MOMENTUM,MOMENTUM_ENABLED,True,True,True,0.9800399201596807,18552.6899609375,0.084721385199967,0.082721385199967,0.080721385199967
JBMA-2024-02-27,JBMA,2024-02-21,2024-02-27,4,1152.6815185546875,59.14964674719416,57.60323556822527,1087.594561304656,1.1003777846419502,1122.969482421875,1115.6101255944543,1042.7582916259769,923.7228735351564,692.9555615234375,439341685.08587646,91.44602851323828,97.9633401221996,75.76374745417516,89.34826883910387,0.9800399201596808,1.369883147344226,True,0.9780439121756488,92.53061224489797,True,True,True,True,True,True,True,True,True,True,True,True,True,True,,2024-02-28,1122.969469957124,1073.1937524125997,49.77571754452447,2024-03-05,1041.7666339433092,SMA20,-0.072310813593993,2024-03-04,4,2024-02-27,501,491,491,284,57.841140529531565,490,387,78.9795918367347,0.9780439121756488,True,20292.849609375,17547.430747070313,NORMAL,POINT_IN_TIME,501,491,490,NORMAL,MOMENTUM_ENABLED,True,True,True,0.9800399201596807,19620.213046875,-0.076310813593993,-0.078310813593993,-0.080310813593993
JINDALSAW-2024-09-10,JINDALSAW,2024-09-04,2024-09-10,4,350.87646484375,12.138171597753258,12.30857984129637,325.7683088266381,2.068528675419235,346.949462890625,343.7097346880509,332.2821838378906,305.30769714355466,257.54007629394533,604439439.2138672,72.81947261663286,82.35294117647058,85.39553752535497,80.40567951318458,0.9820717131474104,0.7996871742554847,True,0.9820717131474104,86.14604462474645,True,True,True,True,True,True,True,True,True,True,True,True,True,True,,2024-09-11,346.94946124081605,322.691163866314,24.25829737450209,2024-09-20,346.8513045877124,SMA20,-0.0002829134040232,2024-09-19,7,2024-09-10,502,494,493,279,56.5922920892495,489,403,82.41308793456032,0.9741035856573704,True,23643.650390625,20868.0712890625,NORMAL,POINT_IN_TIME,502,493,489,NORMAL,MOMENTUM_ENABLED,True,True,True,0.9820717131474104,23182.3839453125,-0.0042829134040232005,-0.0062829134040232005,-0.0082829134040232
JINDALSAW-2024-09-23,JINDALSAW,2024-09-16,2024-09-23,5,354.0671691894531,12.246661297766668,11.785089390068276,338.21193421883004,1.2946577508038446,354.01806640625,352.6190699000818,344.0471984863281,318.7841412353516,262.91463569641115,590192466.8290405,61.66328600405679,87.4239350912779,91.27789046653145,80.85192697768764,0.986,1.2062630544003914,True,0.9820717131474104,88.94523326572009,True,True,True,True,True,True,True,True,True,True,True,True,True,True,,2024-09-24,355.8097623909887,335.26566187131294,20.544100519675737,2024-10-04,349.99290612900035,SMA20,-0.0163482199670406,2024-10-03,7,2024-09-23,500,493,493,300,60.85192697768763,490,401,81.83673469387756,0.98,True,24379.19921875,21155.56328125,STRONG_MOMENTUM,POINT_IN_TIME,500,493,490,STRONG_MOMENTUM,MOMENTUM_ENABLED,True,True,True,0.986,23371.3969140625,-0.0203482199670406,-0.022348219967040603,-0.0243482199670406
JINDALSAW-2024-09-27,JINDALSAW,2024-09-24,2024-09-27,3,367.05078125,12.154702937392496,12.385307801195864,351.9809464113635,1.2398357176032615,365.9462890625,364.2036977213046,349.3805374145508,325.66815307617185,265.6333664703369,608087708.5784912,84.98985801217039,94.11764705882352,92.2920892494929,90.8316430020284,0.986,1.0812010485855352,True,0.986,86.61257606490872,True,True,True,True,True,True,True,True,True,True,True,True,True,True,,2024-09-30,369.01425169484855,348.8846194610645,20.12963223378404,2024-10-04,349.99290612900035,SMA20,-0.0515463711184186,2024-10-03,3,2024-09-27,500,493,493,298,60.446247464503045,490,402,82.0408163265306,0.98,True,24489.55078125,21285.55428710937,STRONG_MOMENTUM,POINT_IN_TIME,500,493,490,STRONG_MOMENTUM,MOMENTUM_ENABLED,True,True,True,0.986,23471.9529296875,-0.055546371118418605,-0.0575463711184186,-0.0595463711184186
JINDALSTEL-2024-05-13,JINDALSTEL,2024-05-08,2024-05-13,3,938.0850830078124,27.49038292746864,27.724580194932265,903.2896775461144,1.2657301119996536,933.9594116210938,931.3745566796878,919.8100524902344,863.8157397460938,732.0746667480469,1730650409.335083,77.04918032786885,86.68032786885246,84.42622950819673,83.11475409836066,0.9740518962075848,1.0510751164722878,True,0.9740518962075848,79.1188524590164,True,True,True,True,True,True,True,True,True,True,True,True,True,True,,2024-05-14,934.0090770807049,896.3585324973812,37.65054458332361,2024-06-05,973.1788292560888,SMA20,0.0419372285950486,2024-06-04,15,2024-05-13,501,493,492,257,52.235772357723576,480,346,72.08333333333333,0.9580838323353292,True,20511.0,18618.71850585937,NORMAL,POINT_IN_TIME,501,492,480,NORMAL,MOMENTUM_ENABLED,True,True,True,0.9820359281437125,20419.3970703125,0.0379372285950486,0.0359372285950486,0.0339372285950486
JINDALSTEL-2024-06-03,JINDALSTEL,2024-05-22,2024-06-03,8,1071.4013671875,30.066077551954844,29.20078781184677,1010.6584467598564,2.0203141005898897,1051.269775390625,1040.5328677740672,1001.3556610107422,930.7552136230468,759.3058682250977,1780557478.1995544,84.48979591836735,91.42857142857144,82.85714285714286,86.77551020408164,0.9780439121756488,1.0851128096061569,True,0.9780439121756488,88.24489795918367,True,True,True,True,True,True,True,True,True,True,True,True,True,True,,2024-06-04,1023.9801258627972,1003.3582498068948,20.62187605590248,2024-06-05,973.1788292560888,SMA20,-0.0496116040962256,2024-06-04,1,2024-06-03,501,493,493,303,61.4604462474645,480,347,72.29166666666667,0.9580838323353292,True,21797.400390625,18918.27002929688,STRONG_MOMENTUM,POINT_IN_TIME,501,493,480,STRONG_MOMENTUM,MOMENTUM_ENABLED,True,True,True,0.9840319361277445,20707.5680859375,-0.053611604096225604,-0.0556116040962256,-0.0576116040962256
JMFINANCIL-2024-09-23,JMFINANCIL,2024-09-16,2024-09-23,5,128.11741638183594,6.19349352050043,6.132934583976453,115.33727017600532,2.063479385831016,122.45967864990234,121.7225474028699,115.6871612548828,102.1755271911621,88.70539051055908,2316082243.342911,99.59432048681542,97.3630831643002,90.66937119675455,96.02434077079108,0.986,0.5880242633606064,True,0.9820717131474104,97.079107505071,True,True,True,True,True,True,True,True,True,True,True,True,True,True,,2024-09-24,122.77559439507095,113.80403653001122,8.97155786505975,2024-10-23,134.01447544954755,SMA20,0.0915400256040446,2024-10-22,20,2024-09-23,500,493,493,300,60.85192697768763,490,401,81.83673469387756,0.98,True,24379.19921875,21155.56328125,STRONG_MOMENTUM,POINT_IN_TIME,500,493,490,STRONG_MOMENTUM,MOMENTUM_ENABLED,True,True,True,0.986,23371.3969140625,0.0875400256040446,0.0855400256040446,0.08354002560404461
JMFINANCIL-2024-09-27,JMFINANCIL,2024-09-24,2024-09-27,3,137.5469512939453,7.031004998783288,7.45324293436674,128.75881488347673,1.2499118421888995,136.79067993164062,136.6087917541369,122.80623054504396,105.65766296386718,89.8236169052124,2892201603.625477,99.79716024340772,98.98580121703854,97.3630831643002,98.7423935091278,0.986,2.4647651321447253,True,0.986,98.66125760649086,True,True,True,True,True,True,True,True,True,True,True,True,True,True,,2024-09-30,139.7679308746387,126.89550414988504,12.872426724753623,2024-10-23,134.01447544954755,SMA20,-0.0411643457056795,2024-10-22,16,2024-09-27,500,493,493,298,60.446247464503045,490,402,82.0408163265306,0.98,True,24489.55078125,21285.55428710937,STRONG_MOMENTUM,POINT_IN_TIME,500,493,490,STRONG_MOMENTUM,MOMENTUM_ENABLED,True,True,True,0.986,23471.9529296875,-0.045164345705679496,-0.0471643457056795,-0.0491643457056795
JSL-2023-09-14,JSL,2023-09-11,2023-09-14,3,513.1702270507812,17.234804317786466,19.570521198020835,474.7463700045765,2.229433902336276,510.07470703125,509.0428942086186,452.976919555664,406.5208557128906,300.1426825714111,365483752.439621,96.12244897959184,96.3265306122449,90.6122448979592,94.55102040816328,0.9780439121756488,1.4489870166471308,True,0.9780439121756488,94.73469387755102,True,True,True,True,True,True,True,True,True,True,True,True,True,True,,2023-09-15,504.8019687591284,469.8537397050713,34.948229054057094,2023-09-21,454.63714380879895,SMA20,-0.099375256149736,2023-09-20,3,2023-09-14,501,491,491,407,82.89205702647658,488,449,92.00819672131148,0.9740518962075848,True,17603.5,15728.362763671876,STRONG_MOMENTUM,POINT_IN_TIME,501,491,488,STRONG_MOMENTUM,MOMENTUM_ENABLED,True,True,True,0.9800399201596807,16967.69609375,-0.103375256149736,-0.105375256149736,-0.107375256149736
JSL-2023-12-04,JSL,2023-11-24,2023-12-04,5,535.9166870117188,22.257221135273703,22.059948861677,486.577406072408,2.2167763279808947,516.9020385742188,513.6424309910831,488.829541015625,469.0664447021484,364.131431350708,800142065.9664917,78.57142857142857,74.28571428571429,92.04081632653062,80.89795918367348,0.9780439121756488,0.8018846969747406,True,0.9780439121756488,89.63265306122449,True,True,True,True,True,True,True,True,True,True,True,True,True,True,,2023-12-05,518.6306269834844,481.0624188569887,37.56820812649568,2023-12-21,511.07420456855937,SMA20,-0.014569950214617,2023-12-20,12,2023-12-04,501,491,491,393,80.04073319755601,488,434,88.9344262295082,0.9740518962075848,True,18448.5,16215.893979492188,STRONG_MOMENTUM,POINT_IN_TIME,501,491,488,STRONG_MOMENTUM,MOMENTUM_ENABLED,True,True,True,0.9800399201596807,17324.8278515625,-0.018569950214617,-0.020569950214617,-0.022569950214617
JSL-2024-05-02,JSL,2024-04-24,2024-05-02,5,728.730224609375,25.984345828976377,26.429999941524464,683.3913271148368,1.744854297774109,725.2236328125,709.5179102017557,696.6028533935547,672.8992333984374,529.0806756591796,905479704.4390868,42.41803278688525,89.95901639344262,79.91803278688525,72.6844262295082,0.9740518962075848,1.65817963282736,True,0.9740518962075848,75.73770491803279,True,True,True,True,True,True,True,True,True,True,True,True,True,True,,2024-05-03,727.0015875720642,676.7838271294557,50.21776044260844,2024-05-08,688.9722763016566,SMA20,-0.0523098049860006,2024-05-07,3,2024-05-02,501,493,492,362,73.57723577235772,479,379,79.12317327766179,0.9560878243512974,True,21083.599609375,18477.88600585937,STRONG_MOMENTUM,POINT_IN_TIME,501,492,479,STRONG_MOMENTUM,MOMENTUM_ENABLED,True,True,True,0.9820359281437125,20352.0270703125,-0.056309804986000606,-0.0583098049860006,-0.0603098049860006
JSL-2024-06-06,JSL,2024-06-03,2024-06-06,3,793.5281982421875,34.31858369113791,36.612838847845104,722.4577685779988,2.0709021766111304,784.737060546875,776.2914397199215,713.264111328125,703.2169763183593,570.0300422668457,1666315269.7531128,83.87755102040816,83.46938775510205,84.89795918367346,84.0204081632653,0.9780439121756488,0.5530931466915201,True,0.9780439121756488,79.51020408163265,True,True,True,True,True,True,True,True,True,True,True,True,True,True,,2024-06-07,783.7986109415477,713.3045588660375,70.49405207551024,2024-07-10,804.9863590744003,SMA20,0.0270321327916115,2024-07-09,22,2024-06-06,501,493,493,286,58.012170385395535,480,356,74.16666666666667,0.9580838323353292,True,21365.0,18978.89002929688,NORMAL,POINT_IN_TIME,501,493,480,NORMAL,MOMENTUM_ENABLED,True,True,True,0.9840319361277445,20780.7190625,0.0230321327916115,0.0210321327916115,0.0190321327916115
JSL-2024-06-25,JSL,2024-06-12,2024-06-25,8,813.5800170898438,34.51434564354833,30.74114483752076,771.4514250872322,1.2206110594620676,802.02294921875,799.7511760712368,777.0545532226563,727.5626391601562,593.1645518493652,955596679.9203796,85.33604887983707,59.67413441955194,82.68839103869654,74.27698574338086,0.9780876494023903,0.5103632998683799,True,0.9800399201596808,79.18533604887983,True,True,True,True,True,True,True,True,True,True,True,True,True,True,,2024-06-26,805.0357324357492,763.7661388778521,41.26959355789711,2024-07-10,804.9863590744003,SMA20,-6.133064578327772e-05,2024-07-09,10,2024-06-25,502,493,493,400,81.13590263691684,484,406,83.88429752066115,0.9641434262948207,True,22370.650390625,19292.890771484374,STRONG_MOMENTUM,POINT_IN_TIME,502,493,484,STRONG_MOMENTUM,MOMENTUM_ENABLED,True,True,True,0.9820717131474104,21191.3540625,-0.004061330645783278,-0.006061330645783278,-0.008061330645783278
JSL-2025-10-23,JSL,2025-10-16,2025-10-23,4,804.5264282226562,22.627601206708785,21.6139554249419,778.1696797026821,1.1648052429066038,795.9728393554688,795.4756014555365,772.3587524414063,762.1486083984375,665.208283996582,372602828.4534302,68.76267748478702,93.10344827586206,92.69776876267748,85.67951318458418,0.9801192842942346,0.5563261841743092,True,0.9801192842942346,92.69776876267748,True,True,True,True,True,True,True,True,True,True,True,True,True,True,,2025-10-24,799.6529087641402,772.7661908464465,26.88671791769366,2025-10-31,778.4680796118834,SMA20,-0.0264925305968034,2025-10-30,5,2025-10-23,503,498,498,284,57.0281124497992,482,314,65.14522821576763,0.9582504970178928,True,23755.900390625,22300.83453125,NORMAL,POINT_IN_TIME,503,498,482,NORMAL,MOMENTUM_ENABLED,True,True,True,0.9900596421471173,23084.4841015625,-0.0304925305968034,-0.0324925305968034,-0.0344925305968034
JSWENERGY-2023-08-29,JSWENERGY,2023-08-16,2023-08-29,9,364.1093444824219,13.115878514775032,13.316380475152313,336.55374120962534,2.1009346222409087,362.328369140625,349.960524388355,329.6624053955078,302.88651611328123,268.8060038757324,1146623870.883377,96.73469387755102,91.42857142857144,92.44897959183672,93.32653061224492,0.9760956175298804,2.1394169302563264,True,0.9741035856573704,95.01022494887523,True,True,True,True,True,True,True,True,True,True,True,True,True,True,,2023-08-30,365.5440232382724,333.22464609083727,32.31937714743509,2023-10-10,410.6618695348856,SMA20,0.1234265736228548,2023-10-09,27,2023-08-29,502,492,491,354,72.09775967413442,483,413,85.5072463768116,0.9621513944223108,True,16927.30078125,15624.319018554688,STRONG_MOMENTUM,POINT_IN_TIME,502,491,483,STRONG_MOMENTUM,MOMENTUM_ENABLED,True,True,True,0.9780876494023905,16718.71912109375,0.11942657362285479,0.11742657362285479,0.1154265736228548
JSWENERGY-2023-09-29,JSWENERGY,2023-09-26,2023-09-29,3,435.2491455078125,19.979895333685164,20.07714907533597,409.2766831767391,1.299929849346361,432.7755737304688,431.39039404824433,398.30640411376953,351.2180700683594,278.8051173400879,2248780181.834244,95.71428571428572,96.53061224489797,92.44897959183672,95.06122448979592,0.9780439121756488,0.6854937682833405,True,0.9780439121756488,95.40816326530611,True,True,True,True,True,True,True,True,True,True,True,True,True,True,,2023-10-03,432.7755886280084,404.2573959079051,28.518192720103286,2023-10-10,410.6618695348856,SMA20,-0.0510974271058772,2023-10-09,5,2023-09-29,501,491,491,326,66.39511201629328,488,436,89.34426229508196,0.9740518962075848,True,17292.599609375,15802.09326171875,STRONG_MOMENTUM,POINT_IN_TIME,501,491,488,STRONG_MOMENTUM,MOMENTUM_ENABLED,True,True,True,0.9800399201596807,17096.843046875,-0.0550974271058772,-0.057097427105877195,-0.0590974271058772
JSWENERGY-2024-03-04,JSWENERGY,2024-02-26,2024-03-04,5,518.1632080078125,19.66210566044983,19.807409477995925,485.01738096915847,1.685771992636913,511.4350891113281,509.35724441929113,493.3557601928711,467.66675659179685,375.4623594665528,1819020789.0902865,77.59674134419552,68.63543788187373,71.89409368635438,72.30142566191446,0.9800399201596808,2.127639697552414,True,0.9800399201596808,70.14256619144604,True,True,True,True,True,True,True,True,True,True,True,True,True,True,,2024-03-05,511.534018025197,480.0655285996595,31.46848942553754,2024-03-14,455.13664303829,SMA20,-0.1102514651999723,2024-03-13,6,2024-03-04,501,491,491,277,56.41547861507128,490,377,76.93877551020408,0.9780439121756488,True,20432.05078125,17642.903266601563,NORMAL,POINT_IN_TIME,501,491,490,NORMAL,MOMENTUM_ENABLED,True,True,True,0.9800399201596807,19717.54109375,-0.1142514651999723,-0.1162514651999723,-0.11825146519997229
JSWENERGY-2024-06-27,JSWENERGY,2024-06-24,2024-06-27,3,741.6368408203125,29.131924206955908,28.58140872452848,703.8651349094388,1.2965743574828767,730.1713256835938,721.3364731281686,660.3084838867187,622.3713452148437,489.3190609741211,2763223920.887237,91.85336048879836,89.81670061099797,91.85336048879836,91.0386965376782,0.9780876494023903,1.4154482505106718,True,0.9780876494023903,90.77393075356416,True,True,True,True,True,True,True,True,True,True,True,True,True,True,,2024-06-28,733.8442943305528,696.7197827283067,37.12451160224612,2024-07-12,709.7716284742281,SMA20,-0.0328035061964811,2024-07-11,10,2024-06-27,502,493,493,384,77.89046653144015,484,406,83.88429752066115,0.9641434262948207,True,22537.400390625,19349.281025390625,STRONG_MOMENTUM,POINT_IN_TIME,502,493,484,STRONG_MOMENTUM,MOMENTUM_ENABLED,True,True,True,0.9820717131474104,21257.6241015625,-0.036803506196481095,-0.0388035061964811,-0.0408035061964811
JSWSTEEL-2025-10-16,JSWSTEEL,2025-10-09,2025-10-16,5,1168.48828125,21.918873077654748,21.072856168976955,1132.8928218287165,1.6239639371593153,1165.406005859375,1157.0539951348271,1140.8172912597656,1094.2427990722656,1011.2656198120116,1650330834.1916504,84.58417849898579,90.87221095334684,64.3002028397566,81.01419878296146,0.9801192842942346,0.4574917031713175,True,0.9840319361277444,79.7971602434077,True,True,True,True,True,True,True,True,True,True,True,True,True,True,,2025-10-17,1168.2895041152165,1127.6246077864723,40.664896328744135,2025-10-21,1143.4322464750542,SMA20,-0.0212766249740362,2025-10-20,2,2025-10-16,503,498,498,268,53.81526104417671,482,307,63.69294605809128,0.9582504970178928,True,23563.80078125,22274.728779296875,NORMAL,POINT_IN_TIME,503,498,482,NORMAL,MOMENTUM_ENABLED,True,True,True,0.9900596421471173,22999.95109375,-0.0252766249740362,-0.027276624974036198,-0.0292766249740362
JUBLFOOD-2024-08-21,JUBLFOOD,2024-08-12,2024-08-21,6,648.3724365234375,20.198050179387035,19.697633791009203,621.247001778286,1.3429729357160527,643.79345703125,633.9885372183772,606.6515594482422,576.779072265625,515.4845217895507,1493148947.440277,86.20689655172413,90.46653144016229,74.4421906693712,84.38133874239351,0.9801192842942346,1.8469605997829648,True,0.9801192842942346,87.44421906693712,True,True,True,True,True,True,True,True,True,True,True,True,True,True,,2024-08-22,648.9199772303913,616.3225933305337,32.59738389985762,2024-09-10,643.0469176442895,SMA20,-0.0090505143810924,2024-09-09,13,2024-08-21,503,493,493,270,54.76673427991886,487,408,83.77823408624229,0.9681908548707754,True,23368.650390625,20401.13377929688,NORMAL,POINT_IN_TIME,503,493,487,NORMAL,MOMENTUM_ENABLED,True,True,True,0.9801192842942346,22792.5249609375,-0.0130505143810924,-0.0150505143810924,-0.0170505143810924
JUBLINGREA-2024-04-30,JUBLINGREA,2024-04-25,2024-04-30,3,550.2307739257812,24.17697170779245,23.41835480379784,526.4593172292294,0.983227220673384,543.2073974609375,540.3096080228679,512.0932998657227,478.461591796875,453.42661529541016,317903341.62332153,92.62295081967213,75.20491803278688,51.02459016393443,73.17622950819671,0.9740518962075848,1.1636954098942298,True,0.9740518962075848,71.90573770491804,True,True,True,True,True,True,True,True,True,True,True,True,True,True,,2024-05-02,543.1583033113205,520.60472852828,22.55357478304052,2024-05-08,513.6895655217469,SMA20,-0.0542544182974279,2024-05-07,4,2024-04-30,501,493,492,353,71.7479674796748,479,384,80.1670146137787,0.9560878243512974,True,20997.19921875,18455.24826171875,STRONG_MOMENTUM,POINT_IN_TIME,501,492,479,STRONG_MOMENTUM,MOMENTUM_ENABLED,True,True,True,0.9820359281437125,20326.0130859375,-0.058254418297427904,-0.0602544182974279,-0.0622544182974279
JUBLINGREA-2024-08-22,JUBLINGREA,2024-08-09,2024-08-22,8,698.8058471679688,32.62897546865556,33.77111048316886,618.4702311933961,2.46209434469512,682.5315551757812,643.2268307535829,629.7917266845703,574.5730438232422,493.76147384643554,595302595.3884277,93.91480730223124,88.84381338742394,80.12170385395537,87.74847870182555,0.9801192842942346,5.185622122433507,True,0.9801192842942346,94.27991886409735,True,True,True,True,True,True,True,True,True,True,True,True,True,True,,2024-08-23,682.531637534978,610.0274535726039,72.5041839623741,2024-08-30,635.1883030192992,SMA20,-0.0693643076922608,2024-08-29,5,2024-08-22,503,493,493,287,58.21501014198783,487,415,85.21560574948666,0.9681908548707754,True,23440.69921875,20433.893779296875,NORMAL,POINT_IN_TIME,503,493,487,NORMAL,MOMENTUM_ENABLED,True,True,True,0.9801192842942346,22825.1739453125,-0.07336430769226081,-0.07536430769226081,-0.0773643076922608
JUBLINGREA-2024-09-25,JUBLINGREA,2024-09-18,2024-09-25,5,764.9384765625,34.529965005715376,31.046305144622057,737.7654155159316,0.7869414591665731,759.8095703125,756.3081706038648,720.7514038085938,659.9896838378907,529.381732788086,600807009.4750977,93.91480730223124,95.94320486815415,90.87221095334684,93.81338742393508,0.986,0.5561325785639765,True,0.9840319361277444,94.868154158215,True,True,True,True,True,True,True,True,True,True,True,True,True,True,,2024-09-26,764.3959567112208,730.0038392297761,34.39211748144476,2024-10-08,722.8225842188708,SMA20,-0.0543872218676006,2024-10-07,7,2024-09-25,500,493,493,304,61.66328600405679,490,401,81.83673469387756,0.98,True,24371.25,21221.138525390623,STRONG_MOMENTUM,POINT_IN_TIME,500,493,490,STRONG_MOMENTUM,MOMENTUM_ENABLED,True,True,True,0.986,23420.509921875,-0.058387221867600606,-0.0603872218676006,-0.0623872218676006
JUBLINGREA-2024-12-10,JUBLINGREA,2024-12-04,2024-12-10,4,779.7332153320312,31.60400602794672,30.261723286588943,753.5463881460092,0.8285920197226132,774.5550537109375,770.2151739533341,718.095736694336,720.7997143554687,595.9066361999512,193436928.1796875,68.82591093117408,82.5910931174089,94.33198380566802,81.98380566801619,0.988,1.963387914038228,True,0.988,91.05263157894736,True,True,True,True,True,True,True,True,True,True,True,True,True,True,,2024-12-11,776.2316895072456,745.980957324362,30.250732182883667,2024-12-23,742.6969735268113,SMA20,-0.0432019414225696,2024-12-20,8,2024-12-10,500,496,496,301,60.68548387096774,488,304,62.29508196721312,0.976,True,23314.900390625,22160.192255859376,STRONG_MOMENTUM,POINT_IN_TIME,500,496,488,STRONG_MOMENTUM,MOMENTUM_ENABLED,True,True,True,0.992,22985.219921875,-0.0472019414225696,-0.049201941422569596,-0.0512019414225696
JUBLPHARMA-2024-01-16,JUBLPHARMA,2024-01-05,2024-01-16,7,575.9683837890625,21.936178555008784,18.71700593712924,542.6296007835497,1.5198081526328766,553.5126953125,553.4635009765625,545.256803894043,477.23235473632815,398.5178388977051,299252178.5444946,77.55102040816327,85.71428571428571,75.10204081632654,80.08163265306123,0.9780439121756488,0.9685024539543982,True,0.9780439121756488,85.83673469387755,True,True,True,True,True,True,True,True,True,True,True,True,True,True,,2024-01-17,550.4102897259891,537.9503492992674,12.459940426721689,2024-01-19,556.4673893936266,SMA20,0.0110046991865885,2024-01-18,2,2024-01-16,501,491,491,405,82.4847250509165,489,433,88.5480572597137,0.9760479041916168,True,19827.55078125,16867.82098144531,STRONG_MOMENTUM,POINT_IN_TIME,501,491,489,STRONG_MOMENTUM,MOMENTUM_ENABLED,True,True,True,0.9800399201596807,18500.753984375,0.0070046991865884995,0.0050046991865884995,0.0030046991865884994
JUBLPHARMA-2024-02-12,JUBLPHARMA,2024-02-02,2024-02-12,6,583.3058471679688,24.44386925550192,24.27805617060915,541.7431627840883,1.700331643466197,577.396484375,564.7405619579579,560.6581512451172,529.0714807128907,421.78954040527344,241115069.3172608,61.63265306122449,90.20408163265309,80.20408163265306,78.63265306122449,0.9780439121756488,1.868872483440088,True,0.9780439121756488,75.3061224489796,True,True,True,True,True,True,True,True,True,True,True,True,True,True,,2024-02-13,578.135196308999,535.6736487414361,42.46154756756289,2024-02-26,567.30126820545,SMA20,-0.018739437025658,2024-02-23,9,2024-02-12,501,491,491,273,55.60081466395111,489,374,76.48261758691206,0.9760479041916168,True,19675.19921875,17296.579736328124,NORMAL,POINT_IN_TIME,501,491,489,NORMAL,MOMENTUM_ENABLED,True,True,True,0.9800399201596807,19282.9209765625,-0.022739437025658,-0.024739437025658,-0.026739437025658
JUBLPHARMA-2024-05-03,JUBLPHARMA,2024-04-18,2024-05-03,10,690.1181030273438,27.309614244246944,24.19480092364665,645.1082336884692,1.6481327394932472,675.8862915039062,675.5415651754105,653.5635772705078,601.9529541015625,489.41056015014647,158860655.50671387,92.82786885245902,77.25409836065575,94.4672131147541,87.09016393442623,0.9740518962075848,0.8949647844702899,True,0.9740518962075848,88.11475409836066,True,True,True,True,True,True,True,True,True,True,True,True,True,True,,2024-05-06,683.7654661419909,639.0595334575576,44.70593268443338,2024-05-28,680.1213378610854,SMA20,-0.005329500335059,2024-05-27,15,2024-05-03,501,493,492,350,71.13821138211382,479,374,78.07933194154488,0.9560878243512974,True,20959.55078125,18499.69776367188,STRONG_MOMENTUM,POINT_IN_TIME,501,492,479,STRONG_MOMENTUM,MOMENTUM_ENABLED,True,True,True,0.9820359281437125,20372.7720703125,-0.009329500335058999,-0.011329500335059,-0.013329500335058999
JUBLPHARMA-2024-05-23,JUBLPHARMA,2024-05-17,2024-05-23,3,711.5396118164062,26.80000050121377,26.09781866317319,682.5343678148563,1.0822852036975263,706.9598388671875,704.2021255232645,683.691616821289,632.3971374511718,510.0740245056152,153282286.27963257,59.795918367346935,75.51020408163265,87.75510204081633,74.46938775510203,0.9780439121756488,0.7791312565272782,True,0.9780439121756488,81.22448979591836,True,True,True,True,True,True,True,True,True,True,True,True,True,True,,2024-05-24,706.9597798305902,676.009913149063,30.94986668152717,2024-05-28,680.1213378610854,SMA20,-0.0379631808416825,2024-05-27,2,2024-05-23,501,493,492,348,70.73170731707317,480,365,76.04166666666666,0.9580838323353292,True,21489.55078125,18764.01451171875,STRONG_MOMENTUM,POINT_IN_TIME,501,492,480,STRONG_MOMENTUM,MOMENTUM_ENABLED,True,True,True,0.9820359281437125,20529.6220703125,-0.041963180841682504,-0.0439631808416825,-0.0459631808416825
JUBLPHARMA-2024-09-04,JUBLPHARMA,2024-08-27,2024-09-04,6,930.0400390625,34.25212733217884,31.35714266826665,891.604140693896,1.122146312135614,919.09375,910.3763322714058,883.4736785888672,797.2658911132812,636.8426658630372,278507484.85961914,71.80527383367141,87.62677484787018,93.50912778904666,84.6450304259635,0.9820717131474104,1.763274598995252,True,0.9801192842942346,92.81947261663286,True,True,True,True,True,True,True,True,True,True,True,True,True,True,,2024-09-05,924.2944891132162,883.7648550268294,40.52963408638675,2024-10-04,1096.7111606595429,SMA20,0.1865386774205978,2024-10-03,20,2024-09-04,502,493,493,295,59.83772819472617,489,408,83.43558282208589,0.9741035856573704,True,23748.900390625,20740.75478515625,NORMAL,POINT_IN_TIME,502,493,489,NORMAL,MOMENTUM_ENABLED,True,True,True,0.9820717131474104,23092.7489453125,0.1825386774205978,0.1805386774205978,0.17853867742059779
JUBLPHARMA-2024-09-23,JUBLPHARMA,2024-09-16,2024-09-23,5,1212.7122802734375,50.85025192059528,51.84812748324597,1117.9104718173262,1.86433311292436,1208.5518798828125,1201.8155777032168,1035.716519165039,894.7600329589844,681.4632440185546,700013791.444458,98.98580121703854,98.98580121703854,98.58012170385396,98.86409736308316,0.986,0.5876468012356207,True,0.9820717131474104,98.94523326572008,True,True,True,True,True,True,True,True,True,True,True,True,True,True,,2024-09-24,1213.5048808623676,1104.9484399465148,108.55644091585282,2024-10-04,1096.7111606595429,SMA20,-0.0962449529826583,2024-10-03,7,2024-09-23,500,493,493,300,60.85192697768763,490,401,81.83673469387756,0.98,True,24379.19921875,21155.56328125,STRONG_MOMENTUM,POINT_IN_TIME,500,493,490,STRONG_MOMENTUM,MOMENTUM_ENABLED,True,True,True,0.986,23371.3969140625,-0.1002449529826583,-0.1022449529826583,-0.10424495298265829
JUSTDIAL-2024-07-01,JUSTDIAL,2024-06-26,2024-07-01,3,1070.8499755859375,42.84949054527202,41.52523246847302,1022.0499877929688,1.138869731517807,1052.3499755859375,1048.9000244140625,1004.0499938964844,1014.0249987792968,849.0942514038086,266141729.943573,66.66666666666666,81.5040650406504,66.05691056910568,72.41869918699186,0.9800796812749004,0.7320996075786376,True,0.9780876494023903,76.9857433808554,True,True,True,True,True,True,True,True,True,True,True,True,True,True,,2024-07-02,1050.0,1011.6686796758504,38.33132032414949,2024-07-09,1017.8499755859376,SMA20,-0.0306190708705357,2024-07-08,5,2024-07-01,502,493,493,408,82.75862068965517,484,419,86.57024793388429,0.9641434262948207,True,22727.599609375,19406.23626953125,STRONG_MOMENTUM,POINT_IN_TIME,502,493,484,STRONG_MOMENTUM,MOMENTUM_ENABLED,True,True,True,0.9820717131474104,21345.335078125,-0.0346190708705357,-0.0366190708705357,-0.038619070870535704
JUSTDIAL-2024-08-08,JUSTDIAL,2024-07-25,2024-08-08,10,1284.4000244140625,63.43288372802029,61.069504880471925,1138.0,2.307951582995635,1243.6500244140625,1198.5,1193.5774932861327,1076.8729956054688,904.8685000610352,591055673.2223511,97.97160243407708,70.18255578093306,90.87221095334684,84.7261663286004,0.9801192842942346,1.9141856585543,True,0.9801192842942346,80.81135902636916,True,True,True,True,True,True,True,True,True,True,True,True,True,True,,2024-08-09,1247.949951171875,1122.732623779882,125.21732739199297,2024-08-16,1222.5,SMA20,-0.0203934069214686,2024-08-14,4,2024-08-08,503,493,493,252,51.115618661257614,487,397,81.51950718685832,0.9681908548707754,True,22705.69921875,20175.52526367188,NORMAL,POINT_IN_TIME,503,493,487,NORMAL,MOMENTUM_ENABLED,True,True,True,0.9801192842942346,22505.3230078125,-0.0243934069214686,-0.026393406921468597,-0.0283934069214686
JUSTDIAL-2024-09-04,JUSTDIAL,2024-08-21,2024-09-04,10,1354.75,64.66259089136966,56.15741825930377,1220.6500244140625,2.073841671627721,1283.050048828125,1275.5999755859375,1274.6849975585938,1184.723994140625,953.9922491455078,424674654.171936,73.22515212981745,82.55578093306288,78.70182555780933,78.60040567951319,0.9820717131474104,0.952033166691371,True,0.9801192842942346,87.8498985801217,True,True,True,True,True,True,True,True,True,True,True,True,True,True,,2024-09-05,1284.0,1206.6106698492365,77.3893301507635,2024-09-06,1268.0,SMA20,-0.0124610591900311,2024-09-05,1,2024-09-04,502,493,493,295,59.83772819472617,489,408,83.43558282208589,0.9741035856573704,True,23748.900390625,20740.75478515625,NORMAL,POINT_IN_TIME,502,493,489,NORMAL,MOMENTUM_ENABLED,True,True,True,0.9820717131474104,23092.7489453125,-0.016461059190031102,-0.0184610591900311,-0.0204610591900311
JYOTHYLAB-2023-09-07,JYOTHYLAB,2023-09-01,2023-09-07,4,352.8775634765625,13.124774375344744,13.199078715416936,336.5634444757537,1.2430018630609987,348.67840576171875,347.4717396003412,326.3043670654297,283.63638275146485,214.484051361084,317263424.0699158,78.9795918367347,98.77551020408164,96.3265306122449,92.10204081632652,0.9780439121756488,2.128110805969211,True,0.9760956175298804,95.3061224489796,True,True,True,True,True,True,True,True,True,True,True,True,True,True,,2023-09-08,352.34663648528533,333.26367479689947,19.082961688385865,2023-09-20,337.4805298972203,SMA20,-0.0421917085298637,2023-09-18,7,2023-09-07,501,491,491,408,83.09572301425662,487,448,91.9917864476386,0.9720558882235528,True,17385.5,15678.368764648438,STRONG_MOMENTUM,POINT_IN_TIME,501,491,487,STRONG_MOMENTUM,MOMENTUM_ENABLED,True,True,True,0.9800399201596807,16860.83208984375,-0.046191708529863706,-0.0481917085298637,-0.0501917085298637
JYOTHYLAB-2023-12-19,JYOTHYLAB,2023-12-06,2023-12-19,9,460.1744079589844,16.708743948661635,17.33902166002707,431.5039713573612,1.715894186284402,455.0098571777344,453.5135794280364,435.9831298828125,396.9411853027344,279.0265923309326,281329347.13261414,33.87755102040816,88.9795918367347,98.16326530612244,75.20408163265306,0.9780439121756488,4.9527982047821935,True,0.9780439121756488,92.77551020408164,True,True,True,True,True,True,True,True,True,True,True,True,True,True,,2023-12-20,457.0852981656238,427.1692159423544,29.91608222326937,2024-02-02,495.988238475848,SMA20,0.0851108982641743,2024-02-01,29,2023-12-19,501,491,491,422,85.94704684317719,489,447,91.41104294478528,0.9760479041916168,True,19169.25,16431.214477539062,STRONG_MOMENTUM,POINT_IN_TIME,501,491,489,STRONG_MOMENTUM,MOMENTUM_ENABLED,True,True,True,0.9800399201596807,17672.570859375,0.0811108982641743,0.07911089826417429,0.0771108982641743
JYOTHYLAB-2024-01-02,JYOTHYLAB,2023-12-27,2024-01-02,3,468.3314208984375,16.639927642446608,17.32852069312934,448.9765084015499,1.1631608569928735,467.2213134765625,466.6420954048952,452.7220001220703,416.1947552490234,291.6764791870117,355943785.90133667,64.28571428571429,83.06122448979592,97.95918367346938,81.89795918367346,0.9780439121756488,0.9888082703463104,True,0.9780439121756488,85.14285714285714,True,True,True,True,True,True,True,True,True,True,True,True,True,True,,2024-01-03,469.05547081342905,444.6443782282676,24.41109258516149,2024-02-02,495.988238475848,SMA20,0.0574191526126164,2024-02-01,20,2024-01-02,501,491,491,419,85.33604887983707,489,443,90.59304703476482,0.9760479041916168,True,19418.400390625,16610.918720703125,STRONG_MOMENTUM,POINT_IN_TIME,501,491,489,STRONG_MOMENTUM,MOMENTUM_ENABLED,True,True,True,0.9800399201596807,17965.8869140625,0.0534191526126164,0.051419152612616405,0.0494191526126164
JYOTICNC-2024-12-16,JYOTICNC,2024-12-05,2024-12-16,7,1363.449951171875,59.54017472416526,55.67381729799485,1243.0,2.023002984621552,1295.4000244140625,1279.449951171875,1265.9925109863282,1158.0840014648438,1039.0252471923827,416877466.80029297,94.33198380566802,83.40080971659918,66.39676113360325,81.57894736842105,0.988,1.672484663146361,True,0.988,91.25506072874494,True,True,True,True,True,True,True,True,True,True,True,True,True,True,,2024-12-17,1305.9000244140625,1229.0815456755013,76.81847873856123,2025-01-02,1345.199951171875,SMA20,0.0300941312681618,2025-01-01,11,2024-12-16,500,496,496,293,59.07258064516129,488,290,59.42622950819673,0.976,True,23352.44921875,22223.811494140624,NORMAL,POINT_IN_TIME,500,496,488,NORMAL,MOMENTUM_ENABLED,True,True,True,0.992,22916.50890625,0.0260941312681618,0.024094131268161803,0.0220941312681618
JYOTICNC-2025-01-02,JYOTICNC,2024-12-17,2025-01-02,10,1435.9000244140625,63.65426066342825,59.75931371563627,1319.050048828125,1.835697632304324,1381.550048828125,1370.0,1344.1875,1217.9650048828123,1083.9549978637694,448516599.6386109,78.94736842105263,94.53441295546558,63.96761133603239,80.68825910931174,0.988,1.5852547043169023,True,0.988,90.60728744939271,True,True,True,True,True,True,True,True,True,True,True,True,True,True,,2025-01-03,1391.0,1304.110220399216,86.8897796007841,2025-01-10,1305.0,SMA20,-0.0618260244428468,2025-01-09,5,2025-01-02,500,496,496,249,50.201612903225815,488,240,49.18032786885246,0.976,True,22819.75,22349.360478515624,NORMAL,POINT_IN_TIME,500,496,488,NORMAL,MOMENTUM_ENABLED,True,True,True,0.992,22703.5589453125,-0.0658260244428468,-0.0678260244428468,-0.0698260244428468
KAJARIACER-2025-10-16,KAJARIACER,2025-10-13,2025-10-16,3,1253.375,33.080730202380416,34.0471640786033,1193.7662327057697,1.8019181236193216,1243.142333984375,1236.883313844898,1200.9143371582031,1221.3201342773436,1038.581901550293,160287903.2906494,68.96551724137932,76.67342799188641,96.14604462474644,80.2028397565923,0.9801192842942346,4.676453262158093,True,0.9840319361277444,80.87221095334685,True,True,True,True,True,True,True,True,True,True,True,True,True,True,,2025-10-17,1253.0771107653602,1185.2544416861188,67.82266907924145,2025-11-03,1200.5999755859375,SMA20,-0.0418786160313553,2025-10-31,10,2025-10-16,503,498,498,268,53.81526104417671,482,307,63.69294605809128,0.9582504970178928,True,23563.80078125,22274.728779296875,NORMAL,POINT_IN_TIME,503,498,482,NORMAL,MOMENTUM_ENABLED,True,True,True,0.9900596421471173,22999.95109375,-0.045878616031355304,-0.0478786160313553,-0.0498786160313553
KALYANKJIL-2023-08-28,KALYANKJIL,2023-08-22,2023-08-28,4,222.4489898681641,10.286568261742138,9.78451070999328,208.9687421668732,1.3104708351984338,219.4644317626953,216.479880553732,196.7961112976074,172.08126174926758,126.06478614807128,579466246.4927444,97.3469387755102,99.59183673469389,97.55102040816328,98.3061224489796,0.9760956175298804,1.3211193584053451,True,0.9741035856573704,98.79345603271985,True,True,True,True,True,True,True,True,True,True,True,True,True,True,,2023-08-29,221.1059296617056,206.52261448937483,14.583315172330742,2023-09-13,228.06989627166905,SMA20,0.0314960644457539,2023-09-12,11,2023-08-28,502,492,491,336,68.43177189409369,483,407,84.26501035196688,0.9621513944223108,True,16875.30078125,15617.758266601562,STRONG_MOMENTUM,POINT_IN_TIME,502,491,483,STRONG_MOMENTUM,MOMENTUM_ENABLED,True,True,True,0.9780876494023905,16703.802109375,0.027496064445753903,0.025496064445753905,0.023496064445753903
KALYANKJIL-2023-09-08,KALYANKJIL,2023-08-31,2023-09-08,6,250.5038299560547,10.840210248955623,11.46344058676098,232.7954541797297,1.6335823170986048,245.2310943603516,243.53984578742453,227.1670715332031,192.1127182006836,132.37084396362306,1010136065.0620804,98.9795918367347,99.3877551020408,97.75510204081633,98.77551020408164,0.9780439121756488,0.4059712788707333,True,0.9760956175298804,99.3877551020408,True,True,True,True,True,True,True,True,True,True,True,True,True,True,,2023-09-11,246.3254454552384,229.92959403303948,16.395851422198945,2023-09-13,228.06989627166905,SMA20,-0.0741115037865088,2023-09-12,2,2023-09-08,501,491,491,414,84.31771894093686,487,451,92.60780287474331,0.9720558882235528,True,17487.44921875,15688.051762695311,STRONG_MOMENTUM,POINT_IN_TIME,501,491,487,STRONG_MOMENTUM,MOMENTUM_ENABLED,True,True,True,0.9800399201596807,16885.0370703125,-0.0781115037865088,-0.0801115037865088,-0.0821115037865088
KALYANKJIL-2024-04-12,KALYANKJIL,2024-04-08,2024-04-12,3,431.2187805175781,17.600629084269826,17.1004966240215,410.5755484744577,1.1728689891868602,425.5480651855469,424.15527603674,403.43749542236327,384.2368450927734,291.3649278640748,799815013.4436035,73.15573770491804,70.08196721311475,93.23770491803278,77.95081967213115,0.9740518962075848,1.140791650375276,True,0.9720558882235528,82.25872689938399,True,True,True,True,True,True,True,True,True,True,True,True,True,True,,2024-04-15,416.9923389014439,406.3004243184524,10.6919145829915,2024-04-19,400.22907247185447,SMA20,-0.0402004182468959,2024-04-18,3,2024-04-12,501,493,492,321,65.2439024390244,479,382,79.74947807933194,0.9560878243512974,True,20745.5,18210.82552734375,STRONG_MOMENTUM,POINT_IN_TIME,501,492,479,STRONG_MOMENTUM,MOMENTUM_ENABLED,True,True,True,0.9820359281437125,20148.6271484375,-0.0442004182468959,-0.0462004182468959,-0.0482004182468959
KALYANKJIL-2024-09-30,KALYANKJIL,2024-09-24,2024-09-30,4,769.74755859375,30.45646470054413,31.285858039126595,701.9459271880913,2.2261819312353524,728.1193237304688,727.6706379164675,695.3452545166016,619.6339099121094,451.53389831542967,5462992303.332031,96.11451942740288,97.75051124744375,93.4560327198364,95.97137014314929,0.978,1.5083752684467773,True,0.986,98.70182555780934,True,True,True,True,True,True,True,True,True,True,True,True,True,True,,2024-10-01,728.9668374128514,694.1244626783097,34.84237473454175,2024-10-08,702.1453777680829,SMA20,-0.0367937994819621,2024-10-07,4,2024-09-30,500,494,494,305,61.74089068825911,485,405,83.50515463917526,0.97,True,24245.19921875,21314.537783203126,STRONG_MOMENTUM,POINT_IN_TIME,500,494,485,STRONG_MOMENTUM,MOMENTUM_ENABLED,True,True,True,0.988,23499.784921875,-0.0407937994819621,-0.042793799481962096,-0.0447937994819621
KALYANKJIL-2024-12-16,KALYANKJIL,2024-12-09,2024-12-16,5,773.1875,28.844830626012072,27.6229751811038,735.2485163389808,1.315278434216426,761.0230712890625,760.7737990141894,722.9295349121094,706.2224206542969,544.2324996948242,3762767881.786957,76.11336032388664,77.93522267206477,99.19028340080972,83.76518218623481,0.988,0.4899675487133189,True,0.988,93.31983805668015,True,True,True,True,True,True,True,True,True,True,True,True,True,True,,2024-12-17,761.7708925682765,728.3427725437049,33.428120024571626,2024-12-23,725.5768273107304,SMA20,-0.0475130588614634,2024-12-20,4,2024-12-16,500,496,496,293,59.07258064516129,488,290,59.42622950819673,0.976,True,23352.44921875,22223.811494140624,NORMAL,POINT_IN_TIME,500,496,488,NORMAL,MOMENTUM_ENABLED,True,True,True,0.992,22916.50890625,-0.0515130588614634,-0.053513058861463396,-0.0555130588614634
KARURVYSYA-2023-11-29,KARURVYSYA,2023-11-13,2023-11-29,10,128.65594482421875,4.187386759403447,3.483949420908424,120.1085857408933,2.0412155777421286,124.19998168945312,124.15947114842662,123.0819320678711,115.91268432617188,95.68512729644776,327903971.87252426,40.61224489795918,85.71428571428571,79.79591836734694,70.40816326530611,0.9780439121756488,0.8040546233098432,True,0.9780439121756488,91.22448979591836,True,True,True,True,True,True,True,True,True,True,True,True,True,True,,2023-11-30,125.57728297112892,119.2375983856662,6.339684585462706,2024-01-09,132.8688695360414,SMA20,0.0580645351802112,2024-01-08,27,2023-11-29,501,491,491,336,68.43177189409369,488,420,86.0655737704918,0.9740518962075848,True,17904.099609375,16167.458237304689,STRONG_MOMENTUM,POINT_IN_TIME,501,491,488,STRONG_MOMENTUM,MOMENTUM_ENABLED,True,True,True,0.9800399201596807,17291.4498828125,0.054064535180211204,0.0520645351802112,0.0500645351802112
KARURVYSYA-2025-07-15,KARURVYSYA,2025-07-01,2025-07-15,10,224.28012084960932,6.566158593791374,6.112004940826355,214.66050593760792,1.4650293279692137,222.4380645751953,221.8649801512249,214.23028640747071,197.90683502197265,183.595193939209,643999954.6556625,86.11670020120724,81.48893360160966,89.33601609657947,85.23138832997988,0.994,1.3625916724699705,True,0.9900199600798404,87.94354838709677,True,True,True,True,True,True,True,True,True,True,True,True,True,True,,2025-07-16,223.3386169660264,213.1325047024013,10.2061122636251,2025-07-28,214.2102286652588,SMA20,-0.0408724134893167,2025-07-25,8,2025-07-15,500,497,497,370,74.44668008048289,479,310,64.71816283924844,0.958,True,23449.150390625,22285.705234375,STRONG_MOMENTUM,POINT_IN_TIME,500,497,479,STRONG_MOMENTUM,MOMENTUM_ENABLED,True,True,True,0.994,23003.283984375,-0.0448724134893167,-0.0468724134893167,-0.0488724134893167
KARURVYSYA-2025-10-16,KARURVYSYA,2025-10-10,2025-10-16,4,224.84130859375,5.880399472488184,5.728155342502403,218.55023346934263,1.0698380533228329,224.7519989013672,223.56126341705007,215.36897735595704,212.91366333007807,193.95020835876463,366038177.10746,90.06085192697769,61.4604462474645,77.079107505071,74.72616632860041,0.9801192842942346,1.4862965243812445,True,0.9840319361277444,75.25354969574036,True,True,True,True,True,True,True,True,True,True,True,True,True,True,,2025-10-17,226.22057491540448,217.11819463371705,9.10238028168746,2025-11-21,246.34407261750712,SMA20,0.0889552053769992,2025-11-20,23,2025-10-16,503,498,498,268,53.81526104417671,482,307,63.69294605809128,0.9582504970178928,True,23563.80078125,22274.728779296875,NORMAL,POINT_IN_TIME,503,498,482,NORMAL,MOMENTUM_ENABLED,True,True,True,0.9900596421471173,22999.95109375,0.0849552053769992,0.0829552053769992,0.08095520537699921
KARURVYSYA-2025-11-12,KARURVYSYA,2025-11-03,2025-11-12,6,249.85675048828125,6.734551326364626,6.331307617514649,241.57119301477425,1.2303057875690169,248.09048461914065,246.43338536392727,240.65630645751952,222.9015933227539,199.5439534759521,479949160.5589447,89.27125506072875,79.1497975708502,92.10526315789474,86.07287449392713,0.9821073558648112,1.0379809175552188,True,0.9801192842942346,91.29817444219069,True,True,True,True,True,True,True,True,True,True,True,True,True,True,,2025-11-13,249.9559731302212,239.9883661103956,9.96760701982558,2025-11-21,246.34407261750712,SMA20,-0.0144501468297873,2025-11-20,6,2025-11-12,503,499,498,249,50.0,482,294,60.99585062240664,0.9582504970178928,True,23836.900390625,22414.982529296874,NORMAL,POINT_IN_TIME,503,498,482,NORMAL,MOMENTUM_ENABLED,True,True,True,0.9900596421471173,23320.60515625,-0.018450146829787302,-0.0204501468297873,-0.0224501468297873
KARURVYSYA-2026-08-12,KARURVYSYA,2026-08-03,2026-08-12,7,348.1000061035156,9.833299167707583,9.125653574196928,330.25,1.8152611650558537,338.79998779296875,335.45001220703125,333.0322631835937,307.88738342285154,284.8234893798828,665003185.469574,91.6,70.39999999999999,54.400000000000006,71.96000000000001,1.0,0.8829018363868393,True,1.0,80.47999999999999,True,True,True,True,True,True,True,True,True,True,True,True,True,True,,2026-08-13,340.0,327.96858660645074,12.031413393549258,2026-08-17,331.75,SMA20,-0.0242647058823529,2026-08-14,2,2026-08-12,500,500,500,287,57.4,420,243,57.85714285714286,0.84,True,23672.44921875,23085.996064453124,NORMAL,POINT_IN_TIME,500,500,420,NORMAL,MOMENTUM_ENABLED,True,True,True,1.0,23137.885,-0.0282647058823529,-0.030264705882352902,-0.032264705882352904
KAYNES-2024-01-02,KAYNES,2023-12-19,2024-01-02,8,2745.449951171875,90.41647608823985,105.31376116999652,2572.0,1.9183445172382143,2663.300048828125,2630.0,2561.0099853515626,2482.922001953125,1802.924250488281,391598145.03100586,66.53061224489795,65.3061224489796,90.40816326530611,73.20408163265306,0.9780439121756488,0.525165742545528,True,0.9780439121756488,82.46938775510203,True,True,True,True,True,True,True,True,True,True,True,True,True,True,,2024-01-03,2660.0,2545.671559707501,114.32844029249918,2024-01-04,2625.0,SMA20,-0.0131578947368421,2024-01-03,1,2024-01-02,501,491,491,419,85.33604887983707,489,443,90.59304703476482,0.9760479041916168,True,19418.400390625,16610.918720703125,STRONG_MOMENTUM,POINT_IN_TIME,501,491,489,STRONG_MOMENTUM,MOMENTUM_ENABLED,True,True,True,0.9800399201596807,17965.8869140625,-0.0171578947368421,-0.0191578947368421,-0.021157894736842098
KEC-2024-06-27,KEC,2024-06-14,2024-06-27,8,914.6228637695312,37.037543126960095,36.37157463366798,833.0840534717238,2.2015177955595635,873.6578979492188,848.6780891163886,808.6028656005859,760.6602038574218,665.617883605957,492658732.8511963,89.0020366598778,81.05906313645622,79.83706720977597,83.07535641547861,0.9780876494023903,6.500829164609142,True,0.9780876494023903,81.58859470468431,True,True,True,True,True,True,True,True,True,True,True,True,True,True,,2024-06-28,884.8034673528333,823.9911598133068,60.8123075395265,2024-07-11,854.4952841826519,SMA20,-0.0342541414997591,2024-07-10,9,2024-06-27,502,493,493,384,77.89046653144015,484,406,83.88429752066115,0.9641434262948207,True,22537.400390625,19349.281025390625,STRONG_MOMENTUM,POINT_IN_TIME,502,493,484,STRONG_MOMENTUM,MOMENTUM_ENABLED,True,True,True,0.9820717131474104,21257.6241015625,-0.0382541414997591,-0.040254141499759095,-0.0422541414997591
KEC-2024-09-24,KEC,2024-09-18,2024-09-24,4,998.9883422851562,34.16916209316248,37.59910667861193,918.4897493997972,2.3558843107091416,965.3449096679688,957.7322345454988,943.849984741211,882.8559240722657,744.6946212768555,979504191.9649048,91.88640973630832,69.97971602434076,74.84787018255578,78.01217038539554,0.986,1.70082281021776,True,0.9840319361277444,79.55375253549695,True,True,True,True,True,True,True,True,True,True,True,True,True,True,,2024-09-25,967.6041707312736,909.0899727301444,58.514198001129216,2024-10-08,962.6436249393804,SMA20,-0.0051266271290915,2024-10-07,8,2024-09-24,500,493,493,306,62.06896551724138,490,403,82.24489795918367,0.98,True,24389.69921875,21188.8027734375,STRONG_MOMENTUM,POINT_IN_TIME,500,493,490,STRONG_MOMENTUM,MOMENTUM_ENABLED,True,True,True,0.986,23397.2819140625,-0.0091266271290915,-0.011126627129091501,-0.0131266271290915
KEI-2023-11-30,KEI,2023-11-21,2023-11-30,6,2955.8056640625,104.76720403202384,102.53173880425317,2731.180647255871,2.1440394337331807,2871.278564453125,2801.9523494999303,2671.7800537109374,2628.960795898437,2215.824102783203,688030111.2294922,83.6734693877551,58.36734693877551,74.48979591836735,70.79591836734694,0.9780439121756488,0.9574053232738154,True,0.9780439121756488,80.3673469387755,True,True,True,True,True,True,True,True,True,True,True,True,True,True,,2023-12-01,2885.582024986856,2705.547712554808,180.0343124320484,2024-01-12,3030.1650606023977,SMA20,0.0501053286177855,2024-01-11,29,2023-11-30,501,491,491,356,72.50509164969449,488,423,86.68032786885246,0.9740518962075848,True,17987.94921875,16182.727231445311,STRONG_MOMENTUM,POINT_IN_TIME,501,491,488,STRONG_MOMENTUM,MOMENTUM_ENABLED,True,True,True,0.9800399201596807,17299.1388671875,0.046105328617785504,0.0441053286177855,0.0421053286177855
KEI-2024-01-03,KEI,2023-12-28,2024-01-03,3,3276.120849609375,108.86904509051574,106.66063749133396,3104.026850181101,1.580743169788913,3216.06494140625,3214.6196865401,3053.547253417969,2811.8930859375,2373.9046411132813,649585289.2224121,80.0,71.42857142857143,68.77551020408164,73.20408163265306,0.9780439121756488,0.7571288736863618,True,0.9780439121756488,82.3061224489796,True,True,True,True,True,True,True,True,True,True,True,True,True,True,,2024-01-04,3248.1113226887014,3077.361690808268,170.74963188043375,2024-01-12,3030.1650606023977,SMA20,-0.0670993818973832,2024-01-11,6,2024-01-03,501,491,491,422,85.94704684317719,489,443,90.59304703476482,0.9760479041916168,True,19367.150390625,16633.734721679688,STRONG_MOMENTUM,POINT_IN_TIME,501,491,489,STRONG_MOMENTUM,MOMENTUM_ENABLED,True,True,True,0.9800399201596807,18006.349921875,-0.0710993818973832,-0.0730993818973832,-0.07509938189738319
KEI-2024-04-30,KEI,2024-04-23,2024-04-30,5,4008.22705078125,163.2910324892728,155.94971723934836,3804.260821783232,1.2490963275121532,3987.121826171875,3955.588944157999,3778.914514160156,3480.4304248046874,2924.48752319336,894087691.2932129,76.84426229508196,78.07377049180327,78.07377049180327,77.70491803278688,0.9740518962075848,1.1770651390112972,True,0.9740518962075848,86.55737704918033,True,True,True,True,True,True,True,True,True,True,True,True,True,True,,2024-05-02,4037.414920624688,3765.273392473395,272.14152815129273,2024-05-07,3819.87735994646,SMA20,-0.0538804073782363,2024-05-06,3,2024-04-30,501,493,492,353,71.7479674796748,479,384,80.1670146137787,0.9560878243512974,True,20997.19921875,18455.24826171875,STRONG_MOMENTUM,POINT_IN_TIME,501,492,479,STRONG_MOMENTUM,MOMENTUM_ENABLED,True,True,True,0.9820359281437125,20326.0130859375,-0.0578804073782363,-0.0598804073782363,-0.0618804073782363
KEI-2024-06-03,KEI,2024-05-23,2024-06-03,7,4277.205078125,155.0660340832469,146.4213070762568,4056.374621712426,1.424105915380678,4198.62158203125,4169.0851520403685,4061.6607177734377,3835.386420898437,3102.849870605469,878301753.4238281,69.18367346938776,87.14285714285714,76.12244897959184,78.44897959183673,0.9780439121756488,0.7410091256829348,True,0.9780439121756488,84.0612244897959,True,True,True,True,True,True,True,True,True,True,True,True,True,True,,2024-06-04,4226.013763533818,4019.769294943362,206.24446859045565,2024-06-05,4141.194265026938,SMA20,-0.0200708050784843,2024-06-04,1,2024-06-03,501,493,493,303,61.4604462474645,480,347,72.29166666666667,0.9580838323353292,True,21797.400390625,18918.27002929688,STRONG_MOMENTUM,POINT_IN_TIME,501,493,480,STRONG_MOMENTUM,MOMENTUM_ENABLED,True,True,True,0.9840319361277445,20707.5680859375,-0.0240708050784843,-0.026070805078484298,-0.0280708050784843
KEI-2024-06-21,KEI,2024-06-13,2024-06-21,5,4815.66015625,213.65948221780576,214.59448821206647,4291.923196260908,2.451269443100078,4546.78173828125,4447.392888950368,4349.880346679687,4098.806274414063,3234.284412841797,1325708778.1540527,69.65376782077392,83.91038696537679,82.89205702647658,79.32790224032587,0.9780876494023903,1.5276473219760498,True,0.9780876494023903,89.4501018329939,True,True,True,True,True,True,True,True,True,True,True,True,True,True,,2024-06-24,4589.391190286636,4238.274574207891,351.1166160787443,2024-07-01,4476.48085571659,SMA20,-0.0246024646600225,2024-06-28,5,2024-06-21,502,493,493,410,83.16430020283975,484,405,83.67768595041323,0.9641434262948207,True,22236.19921875,19238.9940234375,STRONG_MOMENTUM,POINT_IN_TIME,502,493,484,STRONG_MOMENTUM,MOMENTUM_ENABLED,True,True,True,0.9820717131474104,21130.3550390625,-0.0286024646600225,-0.030602464660022498,-0.0326024646600225
KEI-2025-10-06,KEI,2025-09-19,2025-10-06,10,4195.033203125,93.03661807657468,103.86122743629404,3969.000533115232,2.42950221840319,4126.81396484375,4065.1867964258895,4098.622155761719,3974.06662109375,3676.624633789064,1084049837.9838867,49.290060851926974,81.33874239350912,90.66937119675455,74.52332657200812,0.9840319361277444,1.0647536553877563,True,0.9920159680638724,77.18309859154931,True,True,True,True,True,True,True,True,True,True,True,True,True,True,,2025-10-07,4127.612850321314,3943.0352262561582,184.57762406515576,2025-10-17,4167.6652745227575,SMA20,0.0097035321998102,2025-10-16,8,2025-10-06,501,498,498,254,51.00401606425703,478,291,60.87866108786611,0.9540918163672656,True,23169.650390625,22256.278515625,NORMAL,POINT_IN_TIME,501,498,478,NORMAL,MOMENTUM_ENABLED,True,True,True,0.9940119760479041,22946.643046875,0.0057035321998102,0.0037035321998102003,0.0017035321998102003
KFINTECH-2023-11-24,KFINTECH,2023-11-20,2023-11-24,4,520.010009765625,20.02413987782709,18.65778881291264,497.01112802962814,1.1485577845699997,511.8240051269531,510.8007742956673,483.13621978759767,462.3363098144531,364.6246565246582,117955853.9185791,85.71428571428571,93.26530612244898,85.10204081632654,88.55102040816325,0.9780439121756488,2.4433375449509183,True,0.9780439121756488,90.9795918367347,True,True,True,True,True,True,True,True,True,True,True,True,True,True,,2023-11-28,515.5272291083892,492.3466808264,23.180548281989218,2023-12-11,508.9978803163388,SMA20,-0.012665381037861,2023-12-08,9,2023-11-24,501,491,491,312,63.54378818737271,488,414,84.8360655737705,0.9740518962075848,True,17643.5,16138.237485351565,STRONG_MOMENTUM,POINT_IN_TIME,501,491,488,STRONG_MOMENTUM,MOMENTUM_ENABLED,True,True,True,0.9800399201596807,17278.277890625,-0.016665381037861,-0.018665381037861,-0.020665381037861003
KFINTECH-2024-08-21,KFINTECH,2024-08-09,2024-08-21,7,1047.9625244140625,47.72530775560396,48.72304426494143,955.089667285221,1.9459876006338848,1022.8197631835938,1001.2338062315372,882.5406921386718,779.5434228515625,635.47890335083,937122662.7305604,99.39148073022312,93.91480730223124,94.32048681541582,95.67951318458418,0.9801192842942346,1.180476082568759,True,0.9801192842942346,95.92292089249494,True,True,True,True,True,True,True,True,True,True,True,True,True,True,,2024-08-22,1029.1054290226457,942.9089062189856,86.19652280366006,2024-09-05,996.250192680207,SMA20,-0.0319260159511953,2024-09-04,10,2024-08-21,503,493,493,270,54.76673427991886,487,408,83.77823408624229,0.9681908548707754,True,23368.650390625,20401.13377929688,NORMAL,POINT_IN_TIME,503,493,487,NORMAL,MOMENTUM_ENABLED,True,True,True,0.9801192842942346,22792.5249609375,-0.035926015951195295,-0.0379260159511953,-0.0399260159511953
KIMS-2023-09-14,KIMS,2023-09-08,2023-09-14,4,429.760009765625,13.520524356646192,15.09024071004188,411.0199890136719,1.3860424535044913,428.0199890136719,426.0,403.7809997558594,387.0700012207032,321.48730087280273,227528249.41841125,77.9591836734694,83.87755102040816,81.22448979591836,81.3061224489796,0.9780439121756488,1.0003140431923174,True,0.9780439121756488,84.3265306122449,True,True,True,True,True,True,True,True,True,True,True,True,True,True,,2023-09-15,428.0199890136719,407.2474288361614,20.772560177510456,2023-09-20,400.8599853515625,SMA20,-0.0634549889239911,2023-09-18,2,2023-09-14,501,491,491,407,82.89205702647658,488,449,92.00819672131148,0.9740518962075848,True,17603.5,15728.362763671876,STRONG_MOMENTUM,POINT_IN_TIME,501,491,488,STRONG_MOMENTUM,MOMENTUM_ENABLED,True,True,True,0.9800399201596807,16967.69609375,-0.0674549889239911,-0.0694549889239911,-0.0714549889239911
KIMS-2024-09-30,KIMS,2024-09-16,2024-09-30,10,574.2999877929688,19.3154120505365,16.399836771590707,539.1500244140625,1.8197884304482093,556.5499877929688,547.2000122070312,542.8509979248047,490.4947973632813,427.8431986999512,176885732.18856812,86.9120654396728,92.0245398773006,66.46216768916156,82.82208588957056,0.978,0.7138497427303799,True,0.9820717131474104,90.08113590263692,True,True,True,True,True,True,True,True,True,True,True,True,True,True,,2024-10-01,560.0,535.0500652211648,24.9499347788352,2024-10-04,536.7999877929688,SMA20,-0.0414285932268415,2024-10-03,2,2024-09-30,500,494,494,305,61.74089068825911,485,405,83.50515463917526,0.97,True,24245.19921875,21314.537783203126,STRONG_MOMENTUM,POINT_IN_TIME,500,494,485,STRONG_MOMENTUM,MOMENTUM_ENABLED,True,True,True,0.988,23499.784921875,-0.04542859322684149,-0.047428593226841495,-0.0494285932268415
KIRLOSBROS-2024-12-10,KIRLOSBROS,2024-12-03,2024-12-10,5,2337.384521484375,104.81516337360767,93.58577391780442,2244.359617046081,0.8875138047222426,2307.45166015625,2305.1188173742694,2197.0727783203124,1965.386462402344,1712.4617236328124,411720288.0732422,84.21052631578947,98.78542510121456,79.75708502024291,88.70445344129554,0.988,0.5655333925543083,True,0.988,95.02024291497976,True,True,True,True,True,True,True,True,True,True,True,True,True,True,,2024-12-11,2303.3315432539125,2220.96317356663,82.36836968728267,2024-12-18,2256.5709421554984,SMA20,-0.0203012897710572,2024-12-17,5,2024-12-10,500,496,496,301,60.68548387096774,488,304,62.29508196721312,0.976,True,23314.900390625,22160.192255859376,STRONG_MOMENTUM,POINT_IN_TIME,500,496,488,STRONG_MOMENTUM,MOMENTUM_ENABLED,True,True,True,0.992,22985.219921875,-0.0243012897710572,-0.026301289771057203,-0.0283012897710572
KIRLOSENG-2026-01-02,KIRLOSENG,2025-12-22,2026-01-02,7,1306.8310546875,57.60408054299368,51.018765002831735,1196.3595583254382,1.9177720626859007,1256.227294921875,1221.2629521423898,1205.3197692871097,1116.7921423339844,913.4401852416992,501208363.8335571,97.1830985915493,97.98792756539235,97.78672032193158,97.6861167002012,0.9920159680638724,1.5292047649398794,True,0.9920159680638724,98.43058350100604,True,True,True,True,True,True,True,True,True,True,True,True,True,True,,2026-01-05,1255.131540659057,1183.6048670747302,71.52667358432677,2026-01-08,1216.7803435597657,SMA20,-0.0305555201641681,2026-01-07,3,2026-01-02,501,498,498,250,50.20080321285141,492,263,53.45528455284553,0.9820359281437124,True,24099.0,22919.6473046875,NORMAL,POINT_IN_TIME,501,498,492,NORMAL,MOMENTUM_ENABLED,True,True,True,0.9940119760479041,23754.1330859375,-0.0345555201641681,-0.0365555201641681,-0.0385555201641681
KPIL-2024-02-23,KPIL,2024-02-14,2024-02-23,6,969.8286743164062,41.90079293028087,44.56667848037055,872.6454141369928,2.319365658332948,964.3046264648438,937.613538292369,863.4427642822266,758.1558056640625,634.0953437805176,218505609.23916623,98.37067209775968,91.85336048879836,77.59674134419552,89.53156822810591,0.9800399201596808,4.273440827502282,True,0.9780439121756488,91.18367346938776,True,True,True,True,True,True,True,True,True,True,True,True,True,True,,2024-02-26,968.8998123001594,861.5037445169002,107.39606778325924,2024-05-10,1168.350412099361,SMA20,0.2058526560405741,2024-05-09,48,2024-02-23,501,491,491,297,60.4887983706721,489,391,79.95910020449898,0.9760479041916168,True,20313.5,17498.107993164063,STRONG_MOMENTUM,POINT_IN_TIME,501,491,489,STRONG_MOMENTUM,MOMENTUM_ENABLED,True,True,True,0.9800399201596807,19558.3800390625,0.2018526560405741,0.1998526560405741,0.1978526560405741
KPIL-2024-04-18,KPIL,2024-04-10,2024-04-18,4,1170.4525146484375,49.5969083051702,53.25527720887436,1080.357514786178,1.816544678710702,1151.5340576171875,1151.0451912320789,1088.0373565673829,996.336025390625,725.4920881652832,341034229.8218994,82.99180327868852,98.97540983606558,93.44262295081968,92.5204918032787,0.9740518962075848,1.3055056352424792,True,0.9740518962075848,94.05737704918032,True,True,True,True,True,True,True,True,True,True,True,True,True,True,,2024-04-19,1157.5469192577818,1067.0436954839593,90.50322377382258,2024-05-10,1168.350412099361,SMA20,0.0093330928205539,2024-05-09,14,2024-04-18,501,493,492,256,52.03252032520326,479,361,75.36534446764091,0.9560878243512974,True,20324.69921875,18274.34001953125,NORMAL,POINT_IN_TIME,501,492,479,NORMAL,MOMENTUM_ENABLED,True,True,True,0.9820359281437125,20191.3971484375,0.0053330928205539,0.0033330928205539,0.0013330928205539001
KPIL-2024-05-21,KPIL,2024-05-06,2024-05-21,10,1221.8304443359375,51.02571391112174,53.41749188269971,1121.616414603993,1.963990742128578,1212.444580078125,1183.5537690400488,1171.611065673828,1108.499619140625,792.1812042236328,214233507.4255371,57.3469387755102,89.79591836734694,94.89795918367348,81.59183673469389,0.9780439121756488,5.291262691340603,True,0.9740518962075848,93.48360655737704,True,True,True,True,True,True,True,True,True,True,True,True,True,True,,2024-05-22,1212.444623260964,1108.2620416333182,104.18258162764596,2024-05-29,1177.7362561944708,SMA20,-0.0286267648027851,2024-05-28,5,2024-05-21,501,493,492,337,68.4959349593496,480,362,75.41666666666667,0.9580838323353292,True,21187.650390625,18719.22526367188,STRONG_MOMENTUM,POINT_IN_TIME,501,492,480,STRONG_MOMENTUM,MOMENTUM_ENABLED,True,True,True,0.9820359281437125,20491.3570703125,-0.032626764802785105,-0.0346267648027851,-0.0366267648027851
KPITTECH-2024-07-24,KPITTECH,2024-07-16,2024-07-24,5,1831.6021728515625,71.44998427318248,78.28860070551325,1671.6910283252134,2.2380850906130845,1817.046875,1794.4545329444984,1706.0354614257812,1565.1950708007812,1449.006294555664,1949609868.122864,90.87221095334684,88.64097363083164,54.563894523326574,79.08722109533468,0.9801192842942346,1.935497467779038,True,0.9801192842942346,76.34888438133873,True,True,True,True,True,True,True,True,True,True,True,True,True,True,,2024-07-25,1811.1661011605647,1652.1188781488352,159.04722301173024,2024-08-06,1724.815282114857,SMA20,-0.0476769187488525,2024-08-05,8,2024-07-24,503,493,493,356,72.21095334685599,486,414,85.18518518518519,0.9662027833001988,True,22921.44921875,19854.3767578125,STRONG_MOMENTUM,POINT_IN_TIME,503,493,486,STRONG_MOMENTUM,MOMENTUM_ENABLED,True,True,True,0.9801192842942346,22071.8770703125,-0.051676918748852496,-0.0536769187488525,-0.0556769187488525
KPRMILL-2023-08-28,KPRMILL,2023-08-22,2023-08-28,4,717.291259765625,22.716766799850983,23.61549251130628,680.585247906976,1.615811448083793,712.0755615234375,702.3825012169092,655.8653259277344,643.8800207519531,574.837279663086,215131186.343628,89.59183673469387,76.32653061224491,48.16326530612245,71.85714285714286,0.9760956175298804,2.383144280195788,True,0.9741035856573704,73.96728016359918,True,True,True,True,True,True,True,True,True,True,True,True,True,True,,2023-08-29,713.453325321214,674.6813747791493,38.7719505420647,2023-09-18,717.9800550435814,SMA20,0.0063448155074886,2023-09-15,14,2023-08-28,502,492,491,336,68.43177189409369,483,407,84.26501035196688,0.9621513944223108,True,16875.30078125,15617.758266601562,STRONG_MOMENTUM,POINT_IN_TIME,502,491,483,STRONG_MOMENTUM,MOMENTUM_ENABLED,True,True,True,0.9780876494023905,16703.802109375,0.0023448155074886,0.0003448155074885998,-0.0016551844925114002
KPRMILL-2024-12-09,KPRMILL,2024-12-04,2024-12-09,3,995.5712890625,34.18737306914261,33.090487363781726,968.2398182136494,0.799460982087561,994.2839965820312,989.283083099778,941.4751892089844,929.1695629882812,854.9468280029297,153641722.01559448,88.25910931174089,88.46153846153845,72.67206477732793,83.66396761133602,0.988,2.9946904032180828,True,0.988,85.22267206477733,True,True,True,True,True,True,True,True,True,True,True,True,True,True,,2024-12-10,1000.12660719501,959.967196372704,40.15941082230597,2024-12-27,1024.28933078102,SMA20,0.0241596647986174,2024-12-26,12,2024-12-09,500,496,496,295,59.4758064516129,488,300,61.47540983606557,0.976,True,23292.0,22143.2292578125,NORMAL,POINT_IN_TIME,500,496,488,NORMAL,MOMENTUM_ENABLED,True,True,True,0.992,23008.859921875,0.0201596647986174,0.0181596647986174,0.0161596647986174
KPRMILL-2025-07-22,KPRMILL,2025-07-08,2025-07-22,10,1201.0823974609375,44.27717461276846,38.80432628768231,1158.8816387864135,0.9531041455015128,1192.8409423828125,1187.1810740519556,1161.9400146484377,1143.5265966796876,995.804162902832,544729227.0939331,69.41649899396378,64.58752515090544,83.90342052313883,71.83098591549296,0.9920159680638724,0.4521250362558232,True,0.9920159680638724,82.23340040241449,True,True,True,True,True,True,True,True,True,True,True,True,True,True,,2025-07-23,1198.7114760076925,1149.1805572144929,49.53091879319959,2025-07-29,1173.3383020012595,SMA20,-0.0211670402046522,2025-07-28,4,2025-07-22,501,497,497,312,62.77665995975856,479,314,65.55323590814196,0.9560878243512974,True,23320.900390625,22259.40573242188,STRONG_MOMENTUM,POINT_IN_TIME,501,497,479,STRONG_MOMENTUM,MOMENTUM_ENABLED,True,True,True,0.9920159680638723,23131.5809375,-0.0251670402046522,-0.0271670402046522,-0.0291670402046522
LALPATHLAB-2023-11-16,LALPATHLAB,2023-11-09,2023-11-16,4,1330.238037109375,36.82740908754202,35.47739105600916,1268.3398427386012,1.6807642976902422,1304.9725341796875,1289.0537155650477,1231.8314392089844,1189.8965014648438,1048.70672454834,563485752.7543945,72.85714285714285,75.71428571428571,66.3265306122449,72.0408163265306,0.9780439121756488,1.318037518037518,True,0.9780439121756488,81.0204081632653,True,True,True,True,True,True,True,True,True,True,True,True,True,True,,2023-11-17,1309.4756016408808,1259.470494974599,50.00510666628179,2023-12-11,1266.7820967781238,SMA20,-0.0326035130469468,2023-12-08,15,2023-11-16,501,491,491,293,59.67413441955194,488,408,83.60655737704919,0.9740518962075848,True,17593.099609375,16060.038740234377,NORMAL,POINT_IN_TIME,501,491,488,NORMAL,MOMENTUM_ENABLED,True,True,True,0.9800399201596807,17248.90984375,-0.0366035130469468,-0.0386035130469468,-0.0406035130469468
LALPATHLAB-2024-09-12,LALPATHLAB,2024-08-30,2024-09-12,9,1678.4244384765625,38.65034840627851,33.62617301227633,1645.837447105703,0.8431228362631266,1678.129638671875,1674.544570662867,1649.3665710449218,1558.6355834960937,1296.925638122559,619139304.182373,52.33265720081136,80.32454361054768,88.84381338742394,74.48275862068965,0.9820717131474104,1.0034874691904148,True,0.9820717131474104,83.02231237322515,True,True,True,True,True,True,True,True,True,True,True,True,True,True,,2024-09-13,1680.438083211683,1637.430903852634,43.00717935904913,2024-09-17,1643.6762591931524,SMA20,-0.0218763335500411,2024-09-16,2,2024-09-12,502,494,493,292,59.2292089249493,489,398,81.39059304703477,0.9741035856573704,True,23907.349609375,20931.13103515625,NORMAL,POINT_IN_TIME,502,493,489,NORMAL,MOMENTUM_ENABLED,True,True,True,0.9820717131474104,23223.0479296875,-0.0258763335500411,-0.0278763335500411,-0.0298763335500411
LATENTVIEW-2024-02-14,LATENTVIEW,2024-02-07,2024-02-14,5,536.5999755859375,19.51673838988584,22.367606678893143,490.1499938964844,2.3800073947563347,521.0999755859375,514.7000122070312,485.9149993896484,471.9320001220703,411.3667503356934,518062145.0171661,83.87755102040816,71.63265306122449,63.87755102040816,72.9795918367347,0.9780439121756488,1.0424881508057453,True,0.9780439121756488,75.12244897959184,True,True,True,True,True,True,True,True,True,True,True,True,True,True,,2024-02-15,524.0,484.55809222676106,39.44190777323894,2024-02-29,505.8999938964844,SMA20,-0.034541996380755,2024-02-28,10,2024-02-14,501,491,491,281,57.23014256619145,489,380,77.70961145194273,0.9760479041916168,True,19922.30078125,17346.2194921875,NORMAL,POINT_IN_TIME,501,491,489,NORMAL,MOMENTUM_ENABLED,True,True,True,0.9800399201596807,19359.1840234375,-0.038541996380755006,-0.040541996380755,-0.042541996380755
LAURUSLABS-2025-06-23,LAURUSLABS,2025-06-16,2025-06-23,5,679.0131225585938,17.261761070260413,17.972479810839566,639.8843641183732,2.266788323680013,665.0885009765625,651.8126475719446,643.1010498046875,622.7882543945312,560.5149992370606,1041586399.4552002,90.9090909090909,49.494949494949495,88.28282828282829,73.55555555555556,0.9840954274353876,0.9235190231409272,True,0.9801192842942346,74.5841784989858,True,True,True,True,True,True,True,True,True,True,True,True,True,True,,2025-06-24,670.7781380462022,635.3912441656634,35.38689388053888,2025-08-07,826.4944674079183,SMA20,0.2321428211946145,2025-08-06,32,2025-06-23,503,498,497,327,65.79476861167002,477,249,52.20125786163522,0.94831013916501,True,23001.5,22311.028994140623,NORMAL,POINT_IN_TIME,503,497,477,NORMAL,MOMENTUM_ENABLED,True,True,True,0.9880715705765407,22455.860078125,0.2281428211946145,0.22614282119461449,0.22414282119461448
LAURUSLABS-2026-08-20,LAURUSLABS,2026-08-11,2026-08-20,7,1858.0,39.72165934089628,38.96700865542456,1769.4000244140625,2.230520503324429,1825.0,1818.0,1803.725006103516,1616.3680102539065,1222.8881097412109,2908665102.0786133,93.4,94.8,98.4,95.46,1.0,0.8185597856786505,True,1.0,97.64,True,True,True,True,True,True,True,True,True,True,True,True,True,True,,2026-08-21,1825.0,1759.6582722502064,65.34172774979356,2026-08-24,1800.0,SMA20,-0.0136986301369863,2026-08-21,1,2026-08-20,500,500,500,260,52.0,420,241,57.38095238095238,0.84,True,23512.94921875,23080.1573046875,NORMAL,POINT_IN_TIME,500,500,420,NORMAL,MOMENTUM_ENABLED,True,True,True,1.0,23277.8130078125,-0.0176986301369863,-0.0196986301369863,-0.0216986301369863
LEMONTREE-2023-09-27,LEMONTREE,2023-09-14,2023-09-27,8,122.6999969482422,4.838827572703396,4.951439934886859,111.5500030517578,2.3042759281986576,118.3499984741211,116.3499984741211,113.98499908447266,103.6809992980957,89.03849979400634,1005188670.6270866,88.36734693877551,81.83673469387756,84.08163265306122,84.46938775510205,0.9780439121756488,0.7402016117641524,True,0.9780439121756488,89.18367346938776,True,True,True,True,True,True,True,True,True,True,True,True,True,True,,2023-09-28,118.9000015258789,110.3121430680361,8.587858457842813,2023-10-03,114.5,SMA20,-0.0370058996586407,2023-09-29,2,2023-09-27,501,491,491,340,69.24643584521385,488,441,90.3688524590164,0.9740518962075848,True,17341.599609375,15788.643515625,STRONG_MOMENTUM,POINT_IN_TIME,501,491,488,STRONG_MOMENTUM,MOMENTUM_ENABLED,True,True,True,0.9800399201596807,17084.0920703125,-0.041005899658640696,-0.0430058996586407,-0.0450058996586407
LICHSGFIN-2023-10-10,LICHSGFIN,2023-10-03,2023-10-10,5,453.7431335449219,11.120034057790445,10.829424590309523,434.63514683684457,1.7183388655802436,446.1855163574219,445.1872889844146,438.7514663696289,416.629810180664,365.4477993774414,1076806321.2665403,78.16326530612245,77.9591836734694,70.81632653061224,75.87755102040816,0.9780439121756488,0.7658484114563574,True,0.9780439121756488,77.87755102040816,True,True,True,True,True,True,True,True,True,True,True,True,True,True,,2023-10-11,450.2732606068015,431.9277906892672,18.34546991753433,2023-10-20,442.05019789613306,SMA20,-0.0182623829351687,2023-10-19,7,2023-10-10,501,491,491,290,59.063136456211815,488,431,88.31967213114754,0.9740518962075848,True,17303.349609375,15843.93701171875,NORMAL,POINT_IN_TIME,501,491,488,NORMAL,MOMENTUM_ENABLED,True,True,True,0.9800399201596807,17130.74,-0.0222623829351687,-0.0242623829351687,-0.0262623829351687
LICHSGFIN-2024-01-25,LICHSGFIN,2024-01-19,2024-01-25,3,555.5097045898438,13.57563370775427,15.476093090993592,527.0854682084829,2.093768658852751,550.6139526367188,550.3763212124079,539.4652297973632,499.6849896240234,412.2710629272461,1158951966.9326477,82.6530612244898,71.83673469387755,81.22448979591836,77.89795918367346,0.9780439121756488,1.2381071439711595,True,0.9780439121756488,76.79591836734694,True,True,True,True,True,True,True,True,True,True,True,True,True,True,,2024-01-29,550.6139722165403,523.2164449357344,27.39752728080589,2024-02-29,609.5064467506144,SMA20,0.1069578279988023,2024-02-28,23,2024-01-25,501,491,491,321,65.37678207739307,489,407,83.23108384458078,0.9760479041916168,True,19393.0,17020.314487304688,STRONG_MOMENTUM,POINT_IN_TIME,501,491,489,STRONG_MOMENTUM,MOMENTUM_ENABLED,True,True,True,0.9800399201596807,18777.58796875,0.10295782799880229,0.10095782799880229,0.09895782799880229
LICHSGFIN-2024-02-14,LICHSGFIN,2024-02-09,2024-02-14,3,618.1097412109375,18.237468003481528,19.410475804021463,583.8390654350045,1.8791356217535649,605.1809692382812,601.378431748286,582.9667755126953,540.9354022216797,431.2325617980957,1712734416.3231506,82.6530612244898,84.28571428571429,78.77551020408163,82.14285714285714,0.9780439121756488,0.4461539250965077,True,0.9780439121756488,82.24489795918367,True,True,True,True,True,True,True,True,True,True,True,True,True,True,,2024-02-15,608.2230265713291,578.9864464839991,29.236580087330022,2024-02-29,609.5064467506144,SMA20,0.0021101144205607,2024-02-28,10,2024-02-14,501,491,491,281,57.23014256619145,489,380,77.70961145194273,0.9760479041916168,True,19922.30078125,17346.2194921875,NORMAL,POINT_IN_TIME,501,491,489,NORMAL,MOMENTUM_ENABLED,True,True,True,0.9800399201596807,19359.1840234375,-0.0018898855794393,-0.0038898855794393,-0.0058898855794393
LICHSGFIN-2024-03-04,LICHSGFIN,2024-02-26,2024-03-04,5,626.6181030273438,16.052209001422355,15.724960677173268,602.2340444100812,1.5190469184086708,625.2871704101562,622.5778167988063,611.2936462402344,570.9758056640625,449.0981225585937,1099968599.097992,65.78411405295316,82.68839103869654,80.24439918533605,76.88391038696537,0.9800399201596808,0.8239175512721486,True,0.9800399201596808,83.40122199592668,True,True,True,True,True,True,True,True,True,True,True,True,True,True,,2024-03-05,627.4261176876905,598.3028042407879,29.12331344690267,2024-03-07,608.9360078309642,SMA20,-0.0294697803222945,2024-03-06,2,2024-03-04,501,491,491,277,56.41547861507128,490,377,76.93877551020408,0.9780439121756488,True,20432.05078125,17642.903266601563,NORMAL,POINT_IN_TIME,501,491,490,NORMAL,MOMENTUM_ENABLED,True,True,True,0.9800399201596807,19717.54109375,-0.0334697803222945,-0.0354697803222945,-0.037469780322294505
LICHSGFIN-2024-07-11,LICHSGFIN,2024-07-01,2024-07-11,8,776.0595703125,25.50199584991552,23.322598168213712,714.6003225837202,2.409977951940708,751.7229614257812,742.4542275837748,731.9424407958984,661.6645434570313,559.4829757690429,1824344946.6639404,85.59837728194725,72.21095334685599,77.28194726166329,77.74847870182555,0.9801192842942346,1.152938764362562,True,0.9800796812749004,88.31300813008131,True,True,True,True,True,True,True,True,True,True,True,True,True,True,,2024-07-12,755.7632498225972,708.7696730416668,46.993576780930425,2024-07-22,731.9971086626484,SMA20,-0.0314465425059071,2024-07-19,5,2024-07-11,503,493,493,407,82.55578093306288,484,421,86.98347107438018,0.9622266401590456,True,23005.25,19632.283525390623,STRONG_MOMENTUM,POINT_IN_TIME,503,493,484,STRONG_MOMENTUM,MOMENTUM_ENABLED,True,True,True,0.9801192842942346,21707.0301171875,-0.035446542505907105,-0.0374465425059071,-0.0394465425059071
LICI-2024-01-10,LICI,2024-01-05,2024-01-10,3,403.3757629394531,12.154848659674569,11.677570911074609,391.38530756565,0.9864750857477272,400.6050720214844,400.24677545164,389.39210052490233,343.49472961425784,304.56403381347656,2597010440.820373,72.24489795918367,79.18367346938776,65.3061224489796,72.9387755102041,0.9780439121756488,0.7954641956416331,True,0.9780439121756488,76.48979591836735,True,True,True,True,True,True,True,True,True,True,True,True,True,True,,2024-01-11,401.75157216755895,388.46591483788137,13.285657329677576,2024-02-29,485.3021843580403,SMA20,0.207965862435094,2024-02-28,33,2024-01-10,501,491,491,410,83.5030549898167,489,434,88.75255623721881,0.9760479041916168,True,19517.849609375,16760.65197265625,STRONG_MOMENTUM,POINT_IN_TIME,501,491,489,STRONG_MOMENTUM,MOMENTUM_ENABLED,True,True,True,0.9800399201596807,18262.404921875,0.203965862435094,0.20196586243509398,0.19996586243509398
LINDEINDIA-2023-08-17,LINDEINDIA,2023-08-07,2023-08-17,7,5108.3955078125,130.79462070170382,124.88780683195354,4847.499733173361,1.9946980482794443,4975.80126953125,4954.956932152462,4841.9024658203125,4528.686020507813,3810.899147949219,172491292.20629883,85.88957055214725,78.7321063394683,86.70756646216769,83.2719836400818,0.9741035856573704,0.558063536590656,True,0.9741035856573704,87.11656441717791,True,True,True,True,True,True,True,True,True,True,True,True,True,True,,2023-08-18,4974.856160877614,4816.277781465373,158.5783794122408,2023-09-15,6034.350966346179,SMA20,0.212969937462807,2023-09-14,20,2023-08-17,502,491,491,322,65.58044806517312,483,395,81.78053830227742,0.9621513944223108,True,16802.25,15567.102260742187,STRONG_MOMENTUM,POINT_IN_TIME,502,491,483,STRONG_MOMENTUM,MOMENTUM_ENABLED,True,True,True,0.9780876494023905,16580.46609375,0.208969937462807,0.206969937462807,0.204969937462807
LINDEINDIA-2023-10-19,LINDEINDIA,2023-10-12,2023-10-19,5,6620.63818359375,205.3702067223344,199.9828014004689,6283.292780719625,1.6426209441870243,6478.30712890625,6437.463764906551,6072.115405273437,5898.673671875,4433.174464111328,193317328.8005371,86.93877551020408,96.73469387755102,84.6938775510204,90.18367346938776,0.9780439121756488,6.427917234619331,True,0.9780439121756488,86.16326530612244,True,True,True,True,True,True,True,True,True,True,True,True,True,True,,2023-10-20,6517.061777671231,6233.297080369507,283.7646973017236,2023-10-25,6125.788789524039,SMA20,-0.0600382505944276,2023-10-23,2,2023-10-19,501,491,491,302,61.5071283095723,489,428,87.52556237218813,0.9760479041916168,True,17310.5,15910.912001953126,STRONG_MOMENTUM,POINT_IN_TIME,501,491,489,STRONG_MOMENTUM,MOMENTUM_ENABLED,True,True,True,0.9800399201596807,17194.65796875,-0.0640382505944276,-0.0660382505944276,-0.0680382505944276
LODHA-2023-08-07,LODHA,2023-08-01,2023-08-07,4,753.3064575195312,28.506817629223725,29.735482392941258,695.085594209804,2.042348748533833,719.591796875,714.6410649870741,707.3387390136719,657.2608923339844,526.4224105834961,568925118.9170837,48.87525562372189,96.7280163599182,80.16359918200409,77.40286298568508,0.9741035856573704,1.1205114652403032,True,0.9741035856573704,86.97341513292434,True,True,True,True,True,True,True,True,True,True,True,True,True,True,,2023-08-08,723.3049246077043,687.6517236115686,35.65320099613564,2023-08-10,705.9772970198914,SMA20,-0.0239561863859987,2023-08-09,2,2023-08-07,502,491,491,370,75.35641547861506,482,405,84.02489626556017,0.9601593625498008,True,16956.349609375,15503.839248046876,STRONG_MOMENTUM,POINT_IN_TIME,502,491,482,STRONG_MOMENTUM,MOMENTUM_ENABLED,True,True,True,0.9780876494023905,16428.740078125,-0.0279561863859987,-0.0299561863859987,-0.0319561863859987
LODHA-2023-12-08,LODHA,2023-12-01,2023-12-08,5,911.5712280273438,36.08404796142779,33.150648285259855,879.1992405592149,0.8971273816821503,909.8856811523438,894.6663808895205,870.6501434326171,822.931474609375,639.5933267211914,1597930323.7177124,58.16326530612245,84.6938775510204,85.91836734693878,77.10204081632654,0.9780439121756488,0.4620003940726044,True,0.9780439121756488,88.63265306122449,True,True,True,True,True,True,True,True,True,True,True,True,True,True,,2023-12-11,914.396950083,870.9115784879,43.48537159509999,2024-01-24,1063.912952687209,SMA20,0.1635132341491709,2024-01-23,30,2023-12-08,501,491,491,409,83.29938900203666,488,439,89.95901639344262,0.9740518962075848,True,18703.5,16289.696733398438,STRONG_MOMENTUM,POINT_IN_TIME,501,491,488,STRONG_MOMENTUM,MOMENTUM_ENABLED,True,True,True,0.9800399201596807,17432.6218359375,0.1595132341491709,0.1575132341491709,0.1555132341491709
LODHA-2023-12-22,LODHA,2023-12-14,2023-12-22,6,932.8385620117188,34.21870911269913,34.88985827851845,869.7801196126484,1.842805998069294,929.2196044921876,920.0979777720578,901.3737884521483,850.796162109375,664.1316577148438,785261381.8277893,59.591836734693885,78.36734693877551,79.79591836734694,73.16326530612245,0.9780439121756488,0.889863039197722,True,0.9780439121756488,74.12244897959184,True,True,True,True,True,True,True,True,True,True,True,True,True,True,,2023-12-26,929.4179369613876,861.0576550430187,68.36028191836874,2024-01-24,1063.912952687209,SMA20,0.1447088660302123,2024-01-23,20,2023-12-22,501,491,491,401,81.67006109979633,489,438,89.57055214723927,0.9760479041916168,True,19054.69921875,16496.604721679687,STRONG_MOMENTUM,POINT_IN_TIME,501,491,489,STRONG_MOMENTUM,MOMENTUM_ENABLED,True,True,True,0.9800399201596807,17773.596875,0.1407088660302123,0.1387088660302123,0.1367088660302123
LODHA-2024-06-27,LODHA,2024-06-21,2024-06-27,4,1581.2200927734375,72.52908485598894,74.59876585113997,1418.1208964158564,2.248741958917927,1525.3995361328125,1482.0220496072457,1456.932470703125,1305.8926611328125,1043.559292602539,1825440110.4781487,82.89205702647658,82.07739307535643,91.0386965376782,85.01018329938901,0.9780876494023903,2.4982548603532173,True,0.9780876494023903,93.13645621181264,True,True,True,True,True,True,True,True,True,True,True,True,True,True,,2024-06-28,1489.2599650102902,1399.4712049530713,89.78876005721895,2024-07-04,1487.2273127640028,SMA20,-0.0013648740273988,2024-07-03,4,2024-06-27,502,493,493,384,77.89046653144015,484,406,83.88429752066115,0.9641434262948207,True,22537.400390625,19349.281025390625,STRONG_MOMENTUM,POINT_IN_TIME,502,493,484,STRONG_MOMENTUM,MOMENTUM_ENABLED,True,True,True,0.9820717131474104,21257.6241015625,-0.005364874027398801,-0.007364874027398801,-0.0093648740273988
LT-2023-09-22,LT,2023-09-12,2023-09-22,7,2866.15087890625,52.01471839366502,47.68605459280938,2770.6968388884243,1.8351351879942364,2841.228759765625,2828.183453957495,2739.9286254882813,2613.563349609375,2260.927149047852,4665955733.432007,76.53061224489795,77.14285714285715,61.0204081632653,72.12244897959184,0.9780439121756488,1.1552996150116084,True,0.9780439121756488,78.6734693877551,True,True,True,True,True,True,True,True,True,True,True,True,True,True,,2023-09-25,2840.6932363390206,2758.7753252402217,81.91791109879887,2023-10-23,2923.491557824801,SMA20,0.0291472237926286,2023-10-20,19,2023-09-22,501,491,491,335,68.22810590631364,488,435,89.13934426229508,0.9740518962075848,True,17260.80078125,15768.456762695312,STRONG_MOMENTUM,POINT_IN_TIME,501,491,488,STRONG_MOMENTUM,MOMENTUM_ENABLED,True,True,True,0.9800399201596807,17051.5020703125,0.0251472237926286,0.023147223792628603,0.0211472237926286
LTF-2023-11-28,LTF,2023-11-15,2023-11-28,8,144.5524139404297,4.428409952156029,4.213461802087148,133.5512396056678,2.484226721016608,139.0758514404297,138.06701429405095,135.19421272277833,129.7925941467285,108.775980758667,967283383.1055068,64.48979591836735,72.0408163265306,74.08163265306122,70.38775510204081,0.9780439121756488,0.9479494042844236,True,0.9780439121756488,84.99999999999999,True,True,True,True,True,True,True,True,True,True,True,True,True,True,,2023-11-29,139.8925311703028,132.497874155146,7.394657015156781,2023-12-21,141.71805428343046,SMA20,0.0130494680298929,2023-12-20,16,2023-11-28,501,491,491,322,65.58044806517312,488,417,85.45081967213115,0.9740518962075848,True,17741.80078125,16152.749487304687,STRONG_MOMENTUM,POINT_IN_TIME,501,491,488,STRONG_MOMENTUM,MOMENTUM_ENABLED,True,True,True,0.9800399201596807,17283.902890625,0.0090494680298929,0.0070494680298929,0.0050494680298929
LTF-2023-12-13,LTF,2023-12-06,2023-12-13,5,149.78875732421875,4.295735208466519,4.082812578039967,145.08085866763764,1.0959471261874452,149.16424560546875,148.7319010284397,142.61399307250977,135.35754974365236,112.02666259765626,934088127.6080476,63.469387755102034,78.9795918367347,79.59183673469387,74.51020408163265,0.9780439121756488,0.5924613119175326,True,0.9780439121756488,73.81632653061224,True,True,True,True,True,True,True,True,True,True,True,True,True,True,,2023-12-14,150.3652442143481,144.06015552312766,6.305088691220448,2023-12-21,141.71805428343046,SMA20,-0.0575079033462742,2023-12-20,5,2023-12-13,501,491,491,410,83.5030549898167,489,441,90.1840490797546,0.9760479041916168,True,18751.44921875,16345.1022265625,STRONG_MOMENTUM,POINT_IN_TIME,501,491,489,STRONG_MOMENTUM,MOMENTUM_ENABLED,True,True,True,0.9800399201596807,17521.01484375,-0.061507903346274206,-0.06350790334627421,-0.06550790334627421
LTFOODS-2025-07-09,LTFOODS,2025-07-03,2025-07-09,4,494.9254455566406,21.789327303685408,20.41420340503449,472.3860890168638,1.0344218628523028,489.3773498535156,486.45460628935695,457.5868637084961,421.5352264404297,391.43444900512696,580354788.5145111,78.67203219315896,90.74446680080484,82.69617706237425,84.70824949698189,0.9920159680638724,1.049973627531935,True,0.9920159680638724,88.00804828973843,True,True,True,True,True,True,True,True,True,True,True,True,True,True,,2025-07-10,493.3898460284944,467.2825381656052,26.10730786288917,2025-07-24,485.4639082226307,SMA20,-0.0160642499428452,2025-07-23,10,2025-07-09,501,498,497,384,77.2635814889336,479,307,64.09185803757829,0.9560878243512974,True,23557.44921875,22297.725234375,STRONG_MOMENTUM,POINT_IN_TIME,501,497,479,STRONG_MOMENTUM,MOMENTUM_ENABLED,True,True,True,0.9920159680638723,22896.793984375,-0.0200642499428452,-0.0220642499428452,-0.0240642499428452
LUPIN-2023-08-22,LUPIN,2023-08-16,2023-08-22,4,1093.217041015625,26.16871766777831,26.86250627767649,1045.327006176002,1.830048970973854,1071.8507080078125,1070.7702009319976,1024.5428649902344,931.4019665527344,764.330813293457,1311225690.8251953,89.16155419222905,90.59304703476482,92.43353783231083,90.71574642126792,0.9741035856573704,0.7135882720261623,True,0.9741035856573704,91.1042944785276,True,True,True,True,True,True,True,True,True,True,True,True,True,True,,2023-08-23,1072.7349237693695,1038.611379606583,34.12354416278686,2023-09-25,1079.6113596008454,SMA20,0.0064101910724724,2023-09-22,22,2023-08-22,502,492,491,336,68.43177189409369,483,401,83.02277432712215,0.9621513944223108,True,16905.25,15590.128012695312,STRONG_MOMENTUM,POINT_IN_TIME,502,491,483,STRONG_MOMENTUM,MOMENTUM_ENABLED,True,True,True,0.9780876494023905,16634.6630859375,0.0024101910724723995,0.00041019107247239946,-0.0015898089275276006
LUPIN-2023-09-12,LUPIN,2023-09-06,2023-09-12,4,1118.954833984375,23.50518363260013,24.344962023957912,1098.9149158966102,0.8525744108618994,1118.365478515625,1114.8780513921156,1085.2526062011718,1007.9967199707032,792.9238952636719,1054517240.1223145,62.85714285714285,93.26530612244898,94.48979591836736,84.51020408163265,0.9780439121756488,2.8550274888611726,True,0.9760956175298804,78.95918367346938,True,True,True,True,True,True,True,True,True,True,True,True,True,True,,2023-09-13,1122.196685878055,1092.828675390621,29.36801048743428,2023-09-25,1079.6113596008454,SMA20,-0.0379481839619664,2023-09-22,7,2023-09-12,501,491,491,394,80.24439918533605,488,446,91.3934426229508,0.9740518962075848,True,17460.55078125,15708.806264648438,STRONG_MOMENTUM,POINT_IN_TIME,501,491,488,STRONG_MOMENTUM,MOMENTUM_ENABLED,True,True,True,0.9800399201596807,16928.15609375,-0.041948183961966395,-0.0439481839619664,-0.0459481839619664
LUPIN-2023-10-12,LUPIN,2023-10-03,2023-10-12,7,1153.4847412109375,25.30404515438783,24.08025652868103,1117.9726011388934,1.403417511128102,1152.1585693359375,1147.639647951043,1124.3578186035156,1091.921337890625,832.0432345581055,774035145.9173584,81.0204081632653,81.22448979591836,90.40816326530611,83.91836734693877,0.9780439121756488,2.143989417566404,True,0.9780439121756488,82.46938775510203,True,True,True,True,True,True,True,True,True,True,True,True,True,True,,2023-10-13,1151.2253869238973,1111.952537006723,39.2728499171742,2023-10-26,1122.835164013808,SMA20,-0.024660872868647,2023-10-25,8,2023-10-12,501,491,491,322,65.58044806517312,488,437,89.54918032786885,0.9740518962075848,True,17419.69921875,15860.66525390625,STRONG_MOMENTUM,POINT_IN_TIME,501,491,488,STRONG_MOMENTUM,MOMENTUM_ENABLED,True,True,True,0.9800399201596807,17147.133984375,-0.028660872868647,-0.030660872868647,-0.032660872868646995
LUPIN-2024-01-10,LUPIN,2024-01-03,2024-01-10,5,1381.5882568359375,34.22146039211878,32.162815026665136,1350.7422172723557,0.9013653774602116,1380.45849609375,1376.2834159928452,1294.3204833984375,1231.8641357421875,988.1004162597656,1099094416.538208,86.93877551020408,67.75510204081633,82.85714285714286,78.04081632653062,0.9780439121756488,1.1296946732230608,True,0.9780439121756488,75.53061224489795,True,True,True,True,True,True,True,True,True,True,True,True,True,True,,2024-01-11,1381.1952987347292,1342.7015135156894,38.49378521903986,2024-03-14,1562.931462811878,SMA20,0.1315789043328135,2024-03-13,42,2024-01-10,501,491,491,410,83.5030549898167,489,434,88.75255623721881,0.9760479041916168,True,19517.849609375,16760.65197265625,STRONG_MOMENTUM,POINT_IN_TIME,501,491,489,STRONG_MOMENTUM,MOMENTUM_ENABLED,True,True,True,0.9800399201596807,18262.404921875,0.1275789043328135,0.1255789043328135,0.12357890433281349
LUPIN-2024-02-23,LUPIN,2024-02-09,2024-02-23,9,1593.48291015625,41.48757613879479,38.00486543678943,1525.8968074059312,1.629068483639839,1586.458984375,1579.6315349264703,1545.8999267578124,1415.0198754882813,1113.2845877075194,1894615760.53833,77.59674134419552,76.17107942973523,74.13441955193483,75.9877800407332,0.9800399201596808,0.5484470726463999,True,0.9780439121756488,80.48979591836734,True,True,True,True,True,True,True,True,True,True,True,True,True,True,,2024-02-26,1586.4589395982118,1516.395591046734,70.06334855147793,2024-03-14,1562.931462811878,SMA20,-0.0148301832458975,2024-03-13,12,2024-02-23,501,491,491,297,60.4887983706721,489,391,79.95910020449898,0.9760479041916168,True,20313.5,17498.107993164063,STRONG_MOMENTUM,POINT_IN_TIME,501,491,489,STRONG_MOMENTUM,MOMENTUM_ENABLED,True,True,True,0.9800399201596807,19558.3800390625,-0.0188301832458975,-0.0208301832458975,-0.0228301832458975
M&M-2024-04-22,M&M,2024-04-09,2024-04-22,7,2037.7584228515625,52.76676653685711,54.65557470264803,1947.4145392562111,1.712136056929829,2037.5150146484373,2033.957683285984,1936.893975830078,1850.641345214844,1612.8203747558591,5842431361.674133,74.38524590163934,88.52459016393442,67.21311475409836,77.88934426229507,0.9740518962075848,0.8357437916061898,True,0.9740518962075848,75.43032786885246,True,True,True,True,True,True,True,True,True,True,True,True,True,True,,2024-04-23,2042.7290039190805,1933.7506455805487,108.97835833853128,2024-07-09,2803.155599258146,SMA20,0.3722601450707109,2024-07-08,52,2024-04-22,501,493,492,278,56.50406504065041,479,367,76.61795407098121,0.9560878243512974,True,20574.849609375,18317.231513671875,NORMAL,POINT_IN_TIME,501,492,479,NORMAL,MOMENTUM_ENABLED,True,True,True,0.9820359281437125,20216.8351171875,0.3682601450707109,0.3662601450707109,0.3642601450707109
M&M-2025-09-16,M&M,2025-09-09,2025-09-16,5,3657.88671875,90.39853402932238,87.49481052795177,3489.95031654635,1.8577336901190968,3570.50439453125,3565.951988201145,3405.08154296875,3264.923393554688,2984.9261572265623,9232407489.141356,82.09255533199196,90.3420523138833,78.67203219315896,84.3661971830986,0.9920159680638724,0.8944402888066469,True,0.9920159680638724,90.72434607645876,True,True,True,True,True,True,True,True,True,True,True,True,True,True,,2025-09-17,3570.504318927813,3468.0766139143625,102.42770501345058,2025-09-29,3383.4684310702914,SMA20,-0.052383604989921,2025-09-26,8,2025-09-16,501,497,497,294,59.15492957746479,487,331,67.96714579055441,0.9720558882235528,True,23369.30078125,22249.04400390625,NORMAL,POINT_IN_TIME,501,497,487,NORMAL,MOMENTUM_ENABLED,True,True,True,0.9920159680638723,23023.013046875,-0.056383604989920996,-0.058383604989921,-0.060383604989921
MAHABANK-2025-10-28,MAHABANK,2025-10-21,2025-10-28,4,58.24287033081055,1.750760853115379,1.718173089760724,56.13747143037799,1.202562244115822,58.23316955566406,57.854777843812194,55.88909282684326,54.06195686340332,50.40155241012573,697381866.0912571,86.00405679513185,69.77687626774848,74.64503042596348,76.10547667342799,0.9801192842942346,2.37701754163246,True,0.9801192842942346,77.66734279918865,True,True,True,True,True,True,True,True,True,True,True,True,True,True,,2025-10-29,58.5048286934118,55.70792815793781,2.796900535473995,2025-11-07,55.59414186943749,SMA20,-0.0497512237703907,2025-11-06,6,2025-10-28,503,498,498,277,55.62248995983936,482,312,64.73029045643153,0.9582504970178928,True,23812.55078125,22318.76828125,NORMAL,POINT_IN_TIME,503,498,482,NORMAL,MOMENTUM_ENABLED,True,True,True,0.9900596421471173,23153.2821484375,-0.053751223770390696,-0.0557512237703907,-0.0577512237703907
MANAPPURAM-2023-12-07,MANAPPURAM,2023-12-04,2023-12-07,3,160.91885375976562,6.22815951212894,5.8518683564055225,156.25523961576303,0.7487949104258659,159.8611297607422,159.6207503554504,147.87225799560548,140.1243846130371,124.3824280166626,1637598707.59346,83.46938775510205,57.14285714285714,81.22448979591836,72.26530612244898,0.9780439121756488,0.5098606280642283,True,0.9780439121756488,75.85714285714286,True,True,True,True,True,True,True,True,True,True,True,True,True,True,,2023-12-08,160.00535345338986,154.79227252666166,5.213080926728196,2024-01-03,162.16887178520406,SMA20,0.0135215371555955,2024-01-02,17,2023-12-07,501,491,491,419,85.33604887983707,488,442,90.57377049180327,0.9740518962075848,True,18703.849609375,16271.023735351562,STRONG_MOMENTUM,POINT_IN_TIME,501,491,488,STRONG_MOMENTUM,MOMENTUM_ENABLED,True,True,True,0.9800399201596807,17404.0028515625,0.0095215371555955,0.0075215371555955,0.0055215371555955
MANAPPURAM-2024-04-22,MANAPPURAM,2024-04-09,2024-04-22,7,189.28662109375,6.306338041424999,6.296874535327801,178.12653555179318,1.7696618019282473,184.5520477294922,183.53748513578583,179.13384323120118,174.56927001953125,151.50400424957274,1112868214.644348,79.30327868852459,69.4672131147541,65.77868852459017,71.31147540983606,0.9740518962075848,1.0042595301644457,True,0.9740518962075848,72.04918032786885,True,True,True,True,True,True,True,True,True,True,True,True,True,True,,2024-04-23,184.5520428571062,176.55231691796124,7.999725939144952,2024-05-07,186.48453811607,SMA20,0.0104712753597645,2024-05-06,9,2024-04-22,501,493,492,278,56.50406504065041,479,367,76.61795407098121,0.9560878243512974,True,20574.849609375,18317.231513671875,NORMAL,POINT_IN_TIME,501,492,479,NORMAL,MOMENTUM_ENABLED,True,True,True,0.9820359281437125,20216.8351171875,0.0064712753597645,0.0044712753597645,0.0024712753597644996
MANAPPURAM-2025-06-20,MANAPPURAM,2025-06-13,2025-06-20,5,276.7771301269531,7.5565549430191,7.976518466347556,258.2817202492767,2.4475981471904547,268.7670288085937,265.1036359736942,250.0578010559082,236.11271240234376,198.1800441741944,2360179739.170578,96.75456389452332,79.91886409736308,99.59432048681542,90.87221095334688,0.9801192842942346,1.0165727278931782,True,0.9801192842942346,93.91480730223124,True,True,True,True,True,True,True,True,True,True,True,True,True,True,,2025-06-23,267.8263983309758,256.28759063268984,11.53880769828595,2025-07-08,269.0640592193888,SMA20,0.0046211310614853,2025-07-07,11,2025-06-20,503,498,497,319,64.1851106639839,476,242,50.84033613445378,0.9463220675944334,True,23041.099609375,22314.17849609375,NORMAL,POINT_IN_TIME,503,497,476,NORMAL,MOMENTUM_ENABLED,True,True,True,0.9880715705765407,22405.44609375,0.0006211310614853,-0.0013788689385147,-0.0033788689385147
MANAPPURAM-2026-08-10,MANAPPURAM,2026-07-31,2026-08-10,6,370.7845458984375,10.428040240261293,10.81109113184286,350.9914212744486,1.89806753406745,368.2418212890625,367.44414347081096,352.4073425292969,331.74272399902344,298.3629153442383,1427963891.7966614,81.0,80.0,76.4,79.22,1.0,0.7188276512740904,True,1.0,86.06,True,True,True,True,True,True,True,True,True,True,True,True,True,True,,2026-08-11,370.8343716351238,348.2886484914879,22.54572314363588,2026-08-13,353.9828286939869,SMA20,-0.0454422357529405,2026-08-12,2,2026-08-10,500,500,500,309,61.8,420,247,58.80952380952381,0.84,True,23743.19921875,23083.93381835937,NORMAL,POINT_IN_TIME,500,500,420,NORMAL,MOMENTUM_ENABLED,True,True,True,1.0,23089.993984375,-0.0494422357529405,-0.0514422357529405,-0.0534422357529405
MANYAVAR-2024-09-10,MANYAVAR,2024-09-05,2024-09-10,3,1276.4356689453125,36.934111803918704,40.4770998406435,1203.167087356465,1.9837645474683936,1255.6572265625,1254.9645936466904,1187.909930419922,1116.9764428710937,1080.4184075927735,148707765.63757324,87.2210953346856,66.32860040567951,63.894523326572006,71.86612576064908,0.9820717131474104,1.2273439376093491,True,0.9820717131474104,71.41987829614605,True,True,True,True,True,True,True,True,True,True,True,True,True,True,,2024-09-11,1266.145394757499,1193.0478123963037,73.09758236119524,2024-10-08,1233.741006720306,SMA20,-0.0255929438841416,2024-10-07,18,2024-09-10,502,494,493,279,56.5922920892495,489,403,82.41308793456032,0.9741035856573704,True,23643.650390625,20868.0712890625,NORMAL,POINT_IN_TIME,502,493,489,NORMAL,MOMENTUM_ENABLED,True,True,True,0.9820717131474104,23182.3839453125,-0.0295929438841416,-0.0315929438841416,-0.0335929438841416
MANYAVAR-2024-09-27,MANYAVAR,2024-09-23,2024-09-27,4,1341.6895751953125,37.14867415162836,40.08392465339791,1293.206697181402,1.3051038595891675,1336.4454345703125,1324.6216319787468,1273.3633422851562,1178.286218261719,1077.860891723633,206709520.3912353,80.73022312373224,90.26369168356996,77.28194726166329,83.50912778904666,0.986,2.6128536640169067,True,0.986,84.58417849898579,True,True,True,True,True,True,True,True,True,True,True,True,True,True,,2024-09-30,1344.6579418745364,1283.1857160180523,61.472225856483874,2024-10-08,1233.741006720306,SMA20,-0.0824871007712232,2024-10-07,5,2024-09-27,500,493,493,298,60.446247464503045,490,402,82.0408163265306,0.98,True,24489.55078125,21285.55428710937,STRONG_MOMENTUM,POINT_IN_TIME,500,493,490,STRONG_MOMENTUM,MOMENTUM_ENABLED,True,True,True,0.986,23471.9529296875,-0.08648710077122321,-0.08848710077122321,-0.09048710077122321
MAPMYINDIA-2023-11-30,MAPMYINDIA,2023-11-16,2023-11-30,9,2262.570556640625,89.29292790117843,86.52016663764871,2112.832028932284,1.676936026490913,2210.60400390625,2194.9050819495924,2138.333251953125,2029.3759228515623,1445.9256884765623,267881716.48254395,46.53061224489796,83.46938775510205,96.12244897959184,76.18367346938776,0.9780439121756488,1.7045333290864064,True,0.9780439121756488,93.36734693877553,True,True,True,True,True,True,True,True,True,True,True,True,True,True,,2023-12-01,2225.707082134804,2091.201987272871,134.50509486193278,2023-12-11,2165.096486666675,SMA20,-0.0272320629945579,2023-12-08,6,2023-11-30,501,491,491,356,72.50509164969449,488,423,86.68032786885246,0.9740518962075848,True,17987.94921875,16182.727231445311,STRONG_MOMENTUM,POINT_IN_TIME,501,491,488,STRONG_MOMENTUM,MOMENTUM_ENABLED,True,True,True,0.9800399201596807,17299.1388671875,-0.0312320629945579,-0.0332320629945579,-0.0352320629945579
MARICO-2024-07-23,MARICO,2024-07-18,2024-07-23,3,671.43798828125,16.590111258795602,16.44188475225617,647.0256261197775,1.4715008103715868,659.3788452148438,658.9867219946835,624.6182403564453,610.3855346679687,536.9547566223144,1557865442.877777,85.39553752535497,87.4239350912779,67.54563894523326,80.85192697768763,0.9801192842942346,0.7107001253209264,True,0.9801192842942346,78.01217038539554,True,True,True,True,True,True,True,True,True,True,True,True,True,True,,2024-07-24,658.7906454673329,642.9151549317135,15.875490535619406,2024-08-07,618.1523438186915,SMA20,-0.0616862153830574,2024-08-06,10,2024-07-23,503,493,493,335,67.95131845841786,485,404,83.29896907216495,0.9642147117296224,True,22865.19921875,19826.073515625,STRONG_MOMENTUM,POINT_IN_TIME,503,493,485,STRONG_MOMENTUM,MOMENTUM_ENABLED,True,True,True,0.9801192842942346,22022.830078125,-0.0656862153830574,-0.0676862153830574,-0.0696862153830574
MARUTI-2024-04-04,MARUTI,2024-03-28,2024-04-04,4,12226.005859375,264.69941354976623,249.98227171776108,11952.092940167218,1.0348074275437833,12193.8896484375,12153.380156383902,11586.405419921875,10962.65087890625,10072.155493164062,5798387008.53125,81.72484599589322,80.49281314168378,45.58521560574948,70.39014373716633,0.9720558882235528,0.9835772087462727,True,0.9680638722554892,77.6701030927835,True,True,True,True,True,True,True,True,True,True,True,True,True,True,,2024-04-05,12120.875272234807,11889.597372237778,231.2778999970305,2024-05-06,12177.153604421092,SMA20,0.0046430914370682,2024-05-03,18,2024-04-04,501,493,492,318,64.63414634146342,479,382,79.74947807933194,0.9560878243512974,True,20664.650390625,18090.8825390625,STRONG_MOMENTUM,POINT_IN_TIME,501,492,479,STRONG_MOMENTUM,MOMENTUM_ENABLED,True,True,True,0.9820359281437125,20010.348203125,0.0006430914370681995,-0.0013569085629318006,-0.0033569085629318006
MARUTI-2025-10-07,MARUTI,2025-09-26,2025-10-07,6,16124.0654296875,278.53893658697297,272.66596852634655,15551.812238492705,2.0544818552364683,15947.8349609375,15897.342062227994,15633.987109375,14318.1112109375,12500.03349609375,7627549448.3671875,84.78701825557809,96.75456389452332,89.04665314401623,90.85192697768764,0.9840319361277444,0.6746000302249306,True,0.994011976047904,94.2570281124498,True,True,True,True,True,True,True,True,True,True,True,True,True,True,,2025-10-08,15947.835495204768,15483.645746361117,464.1897488436516,2025-10-30,16029.01944290984,SMA20,0.0050905934996309,2025-10-29,15,2025-10-07,501,498,498,267,53.6144578313253,480,303,63.125,0.9580838323353292,True,23209.5,22255.53126953125,NORMAL,POINT_IN_TIME,501,498,480,NORMAL,MOMENTUM_ENABLED,True,True,True,0.9940119760479041,22944.8110546875,0.0010905934996309,-0.0009094065003691001,-0.0029094065003691
MAXHEALTH-2024-06-27,MAXHEALTH,2024-06-20,2024-06-27,5,930.4560546875,37.82317967894884,40.73194231140722,847.3937640736514,2.196068424677643,916.4713134765624,883.724149080594,851.9301361083984,824.1194750976563,719.7614541625976,1751700091.6854248,86.9653767820774,66.80244399185335,74.54175152749491,75.17311608961303,0.9780876494023903,2.169065740945595,True,0.9780876494023903,70.34623217922606,True,True,True,True,True,True,True,True,True,True,True,True,True,True,,2024-06-28,887.8549773839333,837.2107784957996,50.6441988881337,2024-07-11,903.8302819550188,SMA20,0.0179931463786537,2024-07-10,9,2024-06-27,502,493,493,384,77.89046653144015,484,406,83.88429752066115,0.9641434262948207,True,22537.400390625,19349.281025390625,STRONG_MOMENTUM,POINT_IN_TIME,502,493,484,STRONG_MOMENTUM,MOMENTUM_ENABLED,True,True,True,0.9820717131474104,21257.6241015625,0.0139931463786537,0.0119931463786537,0.0099931463786537
MCX-2023-11-23,MCX,2023-11-16,2023-11-23,5,588.8422241210938,24.010639996942363,21.912830681970966,563.9216830915406,1.0378957425844002,580.8429565429688,578.600047001065,520.2979034423828,444.6427990722656,333.6628019714356,2857119538.9624023,98.16326530612244,99.59183673469389,97.14285714285714,98.42857142857144,0.9780439121756488,0.7423872911246979,True,0.9780439121756488,98.77551020408164,True,True,True,True,True,True,True,True,True,True,True,True,True,True,,2023-11-24,581.1804153292568,558.4434754210478,22.736939908209024,2023-12-21,613.3359224851533,SMA20,0.055327926247617,2023-12-20,18,2023-11-23,501,491,491,305,62.11812627291242,488,417,85.45081967213115,0.9740518962075848,True,17639.400390625,16124.258237304688,STRONG_MOMENTUM,POINT_IN_TIME,501,491,488,STRONG_MOMENTUM,MOMENTUM_ENABLED,True,True,True,0.9800399201596807,17278.4748828125,0.051327926247617006,0.049327926247617004,0.047327926247617
MCX-2024-04-18,MCX,2024-04-10,2024-04-18,4,774.8973388671875,25.519963248523048,28.51004297177269,726.5152111115619,1.8958541313113235,772.207763671875,754.6710900452898,700.1105163574218,709.8001330566407,520.1209739685058,1433873855.3311155,92.21311475409836,83.40163934426229,93.85245901639344,89.18032786885246,0.9740518962075848,3.26127782660769,True,0.9740518962075848,84.34426229508198,True,True,True,True,True,True,True,True,True,True,True,True,True,True,,2024-04-19,768.1585537943994,719.3877003686188,48.770853425780615,2024-05-09,774.8972509841399,SMA20,0.0087725342072336,2024-05-08,13,2024-04-18,501,493,492,256,52.03252032520326,479,361,75.36534446764091,0.9560878243512974,True,20324.69921875,18274.34001953125,NORMAL,POINT_IN_TIME,501,492,479,NORMAL,MOMENTUM_ENABLED,True,True,True,0.9820359281437125,20191.3971484375,0.0047725342072336,0.0027725342072336,0.0007725342072336001
MCX-2024-10-01,MCX,2024-09-24,2024-10-01,5,1168.532958984375,35.29655081022651,36.1271543085399,1118.9741941953037,1.4040682064240857,1158.4462890625,1147.177014301294,1107.40537109375,982.848203125,781.1376165771485,2153136075.536499,91.00204498977506,97.34151329243352,91.41104294478528,93.66053169734153,0.978,0.9249537426625184,True,0.986,95.9634888438134,True,True,True,True,True,True,True,True,True,True,True,True,True,True,,2024-10-03,1142.824430565714,1109.9424056181688,32.88202494754523,2024-11-05,1272.013180039148,SMA20,0.1130433914590745,2024-11-04,23,2024-10-01,500,494,494,306,61.943319838056674,485,401,82.68041237113401,0.97,True,24271.30078125,21342.95153320313,STRONG_MOMENTUM,POINT_IN_TIME,500,494,485,STRONG_MOMENTUM,MOMENTUM_ENABLED,True,True,True,0.988,23526.3579296875,0.10904339145907449,0.10704339145907449,0.10504339145907449
MCX-2024-12-16,MCX,2024-12-06,2024-12-16,6,1375.3643798828125,47.36910477269151,44.55816690538556,1279.7645966704165,2.018188514880056,1332.98046875,1322.8936977828344,1265.8092041015625,1265.5452661132813,934.9853271484376,1864112688.29834,72.06477732793523,96.15384615384616,97.165991902834,89.23076923076924,0.988,0.9042906509495556,True,0.988,88.0161943319838,True,True,True,True,True,True,True,True,True,True,True,True,True,True,,2024-12-17,1332.980440518838,1268.62505494407,64.35538557476798,2024-12-23,1272.0232589156917,SMA20,-0.0457299895408967,2024-12-20,4,2024-12-16,500,496,496,293,59.07258064516129,488,290,59.42622950819673,0.976,True,23352.44921875,22223.811494140624,NORMAL,POINT_IN_TIME,500,496,488,NORMAL,MOMENTUM_ENABLED,True,True,True,0.992,22916.50890625,-0.049729989540896705,-0.0517299895408967,-0.0537299895408967
MCX-2025-10-27,MCX,2025-10-15,2025-10-27,7,1903.5357666015625,50.48699358134884,51.87853424072904,1790.7122961584548,2.2347036818763457,1856.5509033203125,1847.0741958347824,1738.4353820800782,1635.5604541015623,1378.055730895996,4216065565.319824,97.56592292089248,88.84381338742394,95.94320486815415,93.59026369168356,0.9801192842942346,1.3045717793375855,True,0.9801192842942346,96.20689655172411,True,True,True,True,True,True,True,True,True,True,True,True,True,True,,2025-10-28,1859.344121461911,1777.7426625982723,81.60145886363853,2025-12-11,1964.187187419756,SMA20,0.0563871231514756,2025-12-10,31,2025-10-27,503,498,498,291,58.43373493975904,482,314,65.14522821576763,0.9582504970178928,True,23840.900390625,22310.83252929688,NORMAL,POINT_IN_TIME,503,498,482,NORMAL,MOMENTUM_ENABLED,True,True,True,0.9900596421471173,23130.993125,0.052387123151475604,0.0503871231514756,0.0483871231514756
MEDANTA-2023-11-23,MEDANTA,2023-11-13,2023-11-23,7,910.1994018554688,34.00739706473876,27.206507608029767,880.6705476503503,0.8683068024555178,897.6083984375,897.5085306237432,845.4007446289063,775.9773767089844,632.8024580383301,278589832.7702637,90.0,89.59183673469387,84.6938775510204,88.24489795918367,0.9780439121756488,0.318314628673283,True,0.9780439121756488,92.24489795918367,True,True,True,True,True,True,True,True,True,True,True,True,True,True,,2023-11-24,897.6084193067477,873.8689207483428,23.739498558404875,2023-12-15,924.9388771975204,SMA20,0.0304480854935395,2023-12-14,14,2023-11-23,501,491,491,305,62.11812627291242,488,417,85.45081967213115,0.9740518962075848,True,17639.400390625,16124.258237304688,STRONG_MOMENTUM,POINT_IN_TIME,501,491,488,STRONG_MOMENTUM,MOMENTUM_ENABLED,True,True,True,0.9800399201596807,17278.4748828125,0.0264480854935395,0.024448085493539502,0.0224480854935395
MEDANTA-2024-01-17,MEDANTA,2024-01-11,2024-01-17,4,1044.953125,32.44666612008548,32.057979660662006,990.9917036963716,1.6630806106216487,1029.1644287109375,1022.0195144495711,980.5341644287108,940.7965661621092,721.3409255981445,319780294.49468994,86.53061224489797,83.6734693877551,77.3469387755102,82.63265306122449,0.9780439121756488,1.6893047628505833,True,0.9780439121756488,81.59183673469389,True,True,True,True,True,True,True,True,True,True,True,True,True,True,,2024-01-18,1025.3172537252956,982.977208781206,42.34004494408964,2024-03-04,1326.551788101711,SMA20,0.2937964159697274,2024-03-01,30,2024-01-17,501,491,491,378,76.9857433808554,489,428,87.52556237218813,0.9760479041916168,True,19487.599609375,16893.240981445313,STRONG_MOMENTUM,POINT_IN_TIME,501,491,489,STRONG_MOMENTUM,MOMENTUM_ENABLED,True,True,True,0.9800399201596807,18552.6899609375,0.2897964159697274,0.2877964159697274,0.2857964159697274
MEDANTA-2024-04-22,MEDANTA,2024-04-10,2024-04-22,6,1424.681640625,53.59713700403397,54.34913564496305,1324.053656634963,1.877488045349572,1421.683837890625,1407.9936510738655,1347.0871643066407,1324.0975903320314,945.8479577636718,246757382.49829105,88.31967213114754,94.67213114754098,93.85245901639344,92.5204918032787,0.9740518962075848,0.6916633899090229,True,0.9740518962075848,93.11475409836066,True,True,True,True,True,True,True,True,True,True,True,True,True,True,,2024-04-23,1433.9750432180506,1310.4663727237223,123.50867049432829,2024-05-07,1399.4496681212315,SMA20,-0.0240766917528348,2024-05-06,9,2024-04-22,501,493,492,278,56.50406504065041,479,367,76.61795407098121,0.9560878243512974,True,20574.849609375,18317.231513671875,NORMAL,POINT_IN_TIME,501,492,479,NORMAL,MOMENTUM_ENABLED,True,True,True,0.9820359281437125,20216.8351171875,-0.0280766917528348,-0.030076691752834797,-0.0320766917528348
MEDANTA-2026-08-18,MEDANTA,2026-08-10,2026-08-18,6,1475.6766357421875,41.0644265786976,41.93865820899769,1379.5107674162407,2.3418290802539388,1442.699951171875,1429.5,1417.428204345703,1348.23220703125,1200.8634475708009,386782146.7746582,82.0,76.4,80.60000000000001,79.34,1.0,1.1406075900796198,True,1.0,86.62,True,True,True,True,True,True,True,True,True,True,True,True,True,True,,2026-08-19,1442.9000244140625,1369.0261028639914,73.87392155007115,2026-08-20,1420.0,SMA20,-0.0158708323699431,2026-08-19,1,2026-08-18,500,500,500,271,54.2,420,240,57.14285714285714,0.84,True,23472.400390625,23083.2990625,NORMAL,POINT_IN_TIME,500,500,420,NORMAL,MOMENTUM_ENABLED,True,True,True,1.0,23231.9100390625,-0.0198708323699431,-0.021870832369943097,-0.0238708323699431
MFSL-2024-09-26,MFSL,2024-09-23,2024-09-26,3,1195.949951171875,29.73573751554752,28.911500016149468,1170.199951171875,0.8659613701034471,1195.4000244140625,1191.4000244140625,1143.410009765625,1096.4659997558597,1003.6847509765626,1101888063.4397583,86.81541582150102,82.1501014198783,50.70993914807303,74.11764705882354,0.986,0.443931340896142,True,0.986,72.25152129817444,True,True,True,True,True,True,True,True,True,True,True,True,True,True,,2024-09-27,1197.9000244140625,1162.9720761678377,34.92794824622479,2024-10-08,1152.0,SMA20,-0.0383170744457693,2024-10-07,6,2024-09-26,500,493,493,310,62.88032454361054,490,401,81.83673469387756,0.98,True,24496.900390625,21253.68328125,STRONG_MOMENTUM,POINT_IN_TIME,500,493,490,STRONG_MOMENTUM,MOMENTUM_ENABLED,True,True,True,0.986,23446.3629296875,-0.04231707444576931,-0.0443170744457693,-0.0463170744457693
MGL-2024-02-14,MGL,2024-02-06,2024-02-14,6,1446.2109375,40.542079256930926,41.7191702685201,1353.580585437236,2.284795298132825,1404.869140625,1394.5453953395036,1328.5208068847655,1198.6525659179688,1028.8929425048827,938973363.7183228,91.83673469387756,86.53061224489797,74.28571428571429,84.44897959183675,0.9780439121756488,0.2887915794054451,True,0.9780439121756488,82.59183673469389,True,True,True,True,True,True,True,True,True,True,True,True,True,True,,2024-02-15,1408.8761235067927,1343.1507928701058,65.72533063668698,2024-02-29,1377.6222308863555,SMA20,-0.0221835632664737,2024-02-28,10,2024-02-14,501,491,491,281,57.23014256619145,489,380,77.70961145194273,0.9760479041916168,True,19922.30078125,17346.2194921875,NORMAL,POINT_IN_TIME,501,491,489,NORMAL,MOMENTUM_ENABLED,True,True,True,0.9800399201596807,19359.1840234375,-0.0261835632664737,-0.0281835632664737,-0.0301835632664737
MGL-2024-07-15,MGL,2024-07-01,2024-07-15,10,1646.8863525390625,56.74206203987767,62.701128807308,1547.656510737108,1.7487880812688292,1642.455078125,1628.8318046045151,1518.1632751464845,1366.5951318359375,1221.3535455322265,1055333695.2114258,91.07505070993916,66.73427991886409,77.079107505071,77.13995943204867,0.9801192842942346,1.3985187742114304,True,0.9800796812749004,82.45934959349593,True,True,True,True,True,True,True,True,True,True,True,True,True,True,,2024-07-16,1641.6537033208158,1531.981228535281,109.67247478553486,2024-08-14,1686.8466940731626,SMA20,0.0275289427124174,2024-08-13,20,2024-07-15,503,493,493,411,83.36713995943205,484,422,87.19008264462809,0.9622266401590456,True,23209.849609375,19688.873515625,STRONG_MOMENTUM,POINT_IN_TIME,503,493,484,STRONG_MOMENTUM,MOMENTUM_ENABLED,True,True,True,0.9801192842942346,21791.5201171875,0.0235289427124174,0.021528942712417398,0.0195289427124174
MGL-2025-07-17,MGL,2025-07-07,2025-07-17,8,1482.178466796875,41.93302063592083,36.788840341061935,1401.9541910983748,1.9131527965762167,1463.059326171875,1430.4891608907403,1422.4042846679688,1357.999130859375,1318.188668212891,600385281.7856445,70.22132796780684,72.83702213279678,73.03822937625755,72.11267605633803,0.994,2.4376194843670467,True,0.9920159680638724,73.74245472837022,True,True,True,True,True,True,True,True,True,True,True,True,True,True,,2025-07-18,1464.2121987923829,1392.7569810131097,71.4552177792732,2025-07-23,1433.467547146304,SMA20,-0.0209974016549211,2025-07-22,3,2025-07-17,500,497,497,376,75.65392354124748,479,327,68.26722338204593,0.958,True,23419.69921875,22276.32173828125,STRONG_MOMENTUM,POINT_IN_TIME,500,497,479,STRONG_MOMENTUM,MOMENTUM_ENABLED,True,True,True,0.994,23062.81796875,-0.0249974016549211,-0.0269974016549211,-0.0289974016549211
MHRIL-2023-09-08,MHRIL,2023-09-04,2023-09-08,4,414.8500061035156,14.47897060503353,13.954982202148985,398.2000122070313,1.1499432073365838,409.7999877929688,406.8999938964844,384.52750091552736,351.5740002441406,297.2630004119873,152145071.6437683,90.40816326530611,88.9795918367347,81.42857142857143,87.14285714285714,0.9780439121756488,0.618760897962735,True,0.9760956175298804,87.77551020408164,True,True,True,True,True,True,True,True,True,True,True,True,True,True,,2023-09-11,410.0,394.711266656494,15.28873334350601,2023-09-14,393.8500061035156,SMA20,-0.0393902290158155,2023-09-13,3,2023-09-08,501,491,491,414,84.31771894093686,487,451,92.60780287474331,0.9720558882235528,True,17487.44921875,15688.051762695311,STRONG_MOMENTUM,POINT_IN_TIME,501,491,487,STRONG_MOMENTUM,MOMENTUM_ENABLED,True,True,True,0.9800399201596807,16885.0370703125,-0.043390229015815504,-0.0453902290158155,-0.0473902290158155
MINDACORP-2024-10-01,MINDACORP,2024-09-26,2024-10-01,3,615.5237426757812,26.955156989523744,25.23654477356971,588.2578554360632,1.0115276735474057,609.6028442382812,602.0898140087112,565.54697265625,541.9317144775391,448.81741256713866,394113405.5266113,84.45807770961146,84.66257668711657,78.93660531697341,82.88343558282209,0.978,0.6201126861613536,True,0.986,81.90669371196756,True,True,True,True,True,True,True,True,True,True,True,True,True,True,,2024-10-03,598.0595756100853,581.9487192426708,16.1108563674145,2024-10-08,549.7471621439036,SMA20,-0.0807819411918919,2024-10-07,3,2024-10-01,500,494,494,306,61.943319838056674,485,401,82.68041237113401,0.97,True,24271.30078125,21342.95153320313,STRONG_MOMENTUM,POINT_IN_TIME,500,494,485,STRONG_MOMENTUM,MOMENTUM_ENABLED,True,True,True,0.988,23526.3579296875,-0.0847819411918919,-0.0867819411918919,-0.0887819411918919
MMTC-2023-08-22,MMTC,2023-08-16,2023-08-22,4,39.59999847412109,1.728570430463667,1.7214808087407685,37.54999923706055,1.185950656642125,39.5,39.29999923706055,37.36749954223633,34.52299999237061,33.78025004386902,170936652.7304535,88.34355828220859,83.84458077709611,53.987730061349694,76.23721881390593,0.9741035856573704,2.2448389362164827,True,0.9741035856573704,76.5439672801636,True,True,True,True,True,True,True,True,True,True,True,True,True,True,,2023-08-23,39.84999847412109,37.11962903487535,2.7303694392457416,2023-09-28,58.0,SMA20,0.4554580231079725,2023-09-27,25,2023-08-22,502,492,491,336,68.43177189409369,483,401,83.02277432712215,0.9621513944223108,True,16905.25,15590.128012695312,STRONG_MOMENTUM,POINT_IN_TIME,502,491,483,STRONG_MOMENTUM,MOMENTUM_ENABLED,True,True,True,0.9780876494023905,16634.6630859375,0.4514580231079725,0.4494580231079725,0.4474580231079725
MMTC-2023-08-28,MMTC,2023-08-23,2023-08-28,3,43.5,1.937803608116428,1.928226970214152,40.900001525878906,1.3417244468072431,42.84999847412109,42.5,38.984999656677246,35.403999977111816,33.91350003242493,282429419.1056175,93.26530612244898,92.85714285714286,65.3061224489796,84.71428571428572,0.9760956175298804,1.521984095635263,True,0.9741035856573704,88.1799591002045,True,True,True,True,True,True,True,True,True,True,True,True,True,True,,2023-08-29,42.900001525878906,40.41794478332537,2.4820567425535387,2023-09-28,58.0,SMA20,0.351981303893712,2023-09-27,21,2023-08-28,502,492,491,336,68.43177189409369,483,407,84.26501035196688,0.9621513944223108,True,16875.30078125,15617.758266601562,STRONG_MOMENTUM,POINT_IN_TIME,502,491,483,STRONG_MOMENTUM,MOMENTUM_ENABLED,True,True,True,0.9780876494023905,16703.802109375,0.347981303893712,0.345981303893712,0.343981303893712
MMTC-2024-07-30,MMTC,2024-07-25,2024-07-30,3,120.91000366210938,7.40995543087923,8.742556024459464,104.0,2.282065502262125,111.41000366210938,109.4000015258789,92.17600021362304,82.29640029907226,71.23085008621216,1345861134.4516563,99.59432048681542,95.74036511156189,92.0892494929006,95.80121703853956,0.9801192842942346,4.414809247492364,True,0.9801192842942346,98.3367139959432,True,True,True,True,True,True,True,True,True,True,True,True,True,True,,2024-07-31,112.70999908447266,101.81436099388512,10.895638090587523,2024-08-16,101.0,SMA20,-0.1038949443668824,2024-08-14,11,2024-07-30,503,493,493,393,79.71602434077079,487,432,88.7063655030801,0.9681908548707754,True,23440.900390625,19974.29201171875,STRONG_MOMENTUM,POINT_IN_TIME,503,493,487,STRONG_MOMENTUM,MOMENTUM_ENABLED,True,True,True,0.9801192842942346,22275.4510546875,-0.1078949443668824,-0.10989494436688241,-0.11189494436688241
MOTHERSON-2024-05-08,MOTHERSON,2024-04-30,2024-05-08,5,86.12973022460938,2.5346186216373767,2.577578821344192,80.71379325090095,2.1367857584071968,84.52135467529297,84.45570512123561,82.76856689453125,79.08376174926758,68.47338539123535,1535235748.9123535,81.76229508196722,71.92622950819673,67.21311475409836,73.46311475409836,0.9740518962075848,0.7047406038096518,True,0.9740518962075848,71.04508196721312,True,True,True,True,True,True,True,True,True,True,True,True,True,True,,2024-05-09,85.11218323323236,80.0693985455649,5.042784687667464,2024-05-10,82.78168841532747,SMA20,-0.0273814479828187,2024-05-09,1,2024-05-08,501,493,492,289,58.73983739837399,479,362,75.5741127348643,0.9560878243512974,True,20704.900390625,18561.658759765625,NORMAL,POINT_IN_TIME,501,492,479,NORMAL,MOMENTUM_ENABLED,True,True,True,0.9820359281437125,20407.4140625,-0.0313814479828187,-0.0333814479828187,-0.0353814479828187
MOTHERSON-2024-07-15,MOTHERSON,2024-07-04,2024-07-15,7,135.60838317871094,4.423252787359421,4.079637638886036,128.4724664961905,1.613273539986943,132.33255004882812,131.1377501296869,128.61328353881837,107.51156311035156,79.02067607879638,5507165750.104275,91.88640973630832,97.97160243407708,96.55172413793105,95.72008113590265,0.9801192842942346,0.496665170962255,True,0.9820717131474104,97.4239350912779,True,True,True,True,True,True,True,True,True,True,True,True,True,True,,2024-07-16,132.77238090544213,127.452557086469,5.319823818973148,2024-07-22,126.0106739671602,SMA20,-0.0509270594695254,2024-07-19,3,2024-07-15,503,493,493,411,83.36713995943205,484,422,87.19008264462809,0.9622266401590456,True,23209.849609375,19688.873515625,STRONG_MOMENTUM,POINT_IN_TIME,503,493,484,STRONG_MOMENTUM,MOMENTUM_ENABLED,True,True,True,0.9801192842942346,21791.5201171875,-0.054927059469525405,-0.0569270594695254,-0.0589270594695254
MOTILALOFS-2023-10-11,MOTILALOFS,2023-10-05,2023-10-11,4,913.2769775390624,30.00617865404381,29.759159921442432,869.0436335635271,1.4741411922365604,908.052978515625,901.9501235370964,864.1540344238281,864.3888696289063,701.9931027221679,119126813.79077148,82.6530612244898,81.0204081632653,75.3061224489796,79.79591836734693,0.9780439121756488,1.1138944871692265,True,0.9780439121756488,78.36734693877551,True,True,True,True,True,True,True,True,True,True,True,True,True,True,,2023-10-12,917.7687000923108,861.6038435831665,56.16485650914433,2023-10-25,944.9140443383692,SMA20,0.029577544149553,2023-10-23,8,2023-10-11,501,491,491,310,63.13645621181263,488,436,89.34426229508196,0.9740518962075848,True,17407.349609375,15852.197758789063,STRONG_MOMENTUM,POINT_IN_TIME,501,491,488,STRONG_MOMENTUM,MOMENTUM_ENABLED,True,True,True,0.9800399201596807,17139.92,0.025577544149553,0.023577544149553,0.021577544149553
MOTILALOFS-2023-11-28,MOTILALOFS,2023-11-16,2023-11-28,7,1206.84765625,56.5625766367104,50.20489596576728,1083.0332999629236,2.188980128722037,1122.042724609375,1111.7900004386902,1068.8748138427734,965.7955102539064,754.8764566040039,339936534.78430176,91.22448979591836,88.57142857142857,92.6530612244898,90.59183673469389,0.9780439121756488,0.9158781125407548,True,0.9780439121756488,93.81632653061224,True,True,True,True,True,True,True,True,True,True,True,True,True,True,,2023-11-29,1127.8038602431495,1070.4820759714817,57.321784271667866,2023-12-28,1196.1556208243132,SMA20,0.0606060707811616,2023-12-27,20,2023-11-28,501,491,491,322,65.58044806517312,488,417,85.45081967213115,0.9740518962075848,True,17741.80078125,16152.749487304687,STRONG_MOMENTUM,POINT_IN_TIME,501,491,488,STRONG_MOMENTUM,MOMENTUM_ENABLED,True,True,True,0.9800399201596807,17283.902890625,0.0566060707811616,0.0546060707811616,0.0526060707811616
MPHASIS-2024-09-10,MPHASIS,2024-09-03,2024-09-10,5,2984.120361328125,83.43838577389691,85.21809139125222,2839.6096917395294,1.7319446948577564,2941.201416015625,2914.0849963648434,2878.503771972656,2711.926591796875,2410.877481689453,1924378230.0560305,86.20689655172413,87.0182555780933,53.7525354969574,76.79513184584178,0.9820717131474104,1.0862345152864772,True,0.9820717131474104,79.77687626774848,True,True,True,True,True,True,True,True,True,True,True,True,True,True,,2024-09-11,2946.548397020125,2818.305168891716,128.24322812840865,2024-09-19,2897.853035582189,SMA20,-0.0165262384582522,2024-09-18,6,2024-09-10,502,494,493,279,56.5922920892495,489,403,82.41308793456032,0.9741035856573704,True,23643.650390625,20868.0712890625,NORMAL,POINT_IN_TIME,502,493,489,NORMAL,MOMENTUM_ENABLED,True,True,True,0.9820717131474104,23182.3839453125,-0.0205262384582522,-0.022526238458252197,-0.0245262384582522
MPHASIS-2025-09-16,MPHASIS,2025-09-10,2025-09-16,4,2890.89599609375,82.88948505236347,76.02789503542802,2803.2459147035006,1.057433054806391,2873.658203125,2867.1332173709643,2794.860791015625,2733.40416015625,2584.0272888183595,1068387487.7513428,75.45271629778671,79.87927565392354,77.2635814889336,77.76659959758551,0.9920159680638724,0.7163648056551882,True,0.9920159680638724,82.59557344064386,True,True,True,True,True,True,True,True,True,True,True,True,True,True,,2025-09-17,2882.715506704296,2784.238940944644,98.4765657596522,2025-09-23,2765.8486935309,SMA20,-0.0405405295463947,2025-09-22,4,2025-09-16,501,497,497,294,59.15492957746479,487,331,67.96714579055441,0.9720558882235528,True,23369.30078125,22249.04400390625,NORMAL,POINT_IN_TIME,501,497,487,NORMAL,MOMENTUM_ENABLED,True,True,True,0.9920159680638723,23023.013046875,-0.0445405295463947,-0.0465405295463947,-0.0485405295463947
MRF-2024-02-12,MRF,2024-01-29,2024-02-12,10,143185.75,4080.084631360748,4020.7856373481454,135648.33897808974,1.847366342348752,143115.234375,143062.71994204255,139246.59921875,128731.3825,109618.4290234375,1808995413.5,78.9795918367347,80.0,67.14285714285714,75.83673469387755,0.9780439121756488,3.144232991755913,True,0.9780439121756488,76.83673469387756,True,True,True,True,True,True,True,True,True,True,True,True,True,True,,2024-02-13,144109.71215496198,134643.1425687527,9466.569586209283,2024-03-04,144931.69819661038,SMA20,0.0057038906632782,2024-03-01,14,2024-02-12,501,491,491,273,55.60081466395111,489,374,76.48261758691206,0.9760479041916168,True,19675.19921875,17296.579736328124,NORMAL,POINT_IN_TIME,501,491,489,NORMAL,MOMENTUM_ENABLED,True,True,True,0.9800399201596807,19282.9209765625,0.0017038906632782002,-0.0002961093367217999,-0.0022961093367218
MRF-2025-07-08,MRF,2025-07-02,2025-07-08,4,144730.75,2961.01326781121,3003.8815440368985,141730.67964683688,1.0131904459113674,144466.609375,144182.56060275264,139444.5,139225.7765625,125255.7662890625,785401039.5859375,76.05633802816901,78.87323943661971,78.4708249496982,77.90744466800805,0.9920159680638724,0.7734037868780274,True,0.9900199600798404,73.20564516129033,True,True,True,True,True,True,True,True,True,True,True,True,True,True,,2025-07-09,144466.63653978537,140979.70926082766,3486.927278957708,2025-08-01,148135.5857407217,SMA20,0.0253965156856539,2025-07-31,17,2025-07-08,501,498,497,384,77.2635814889336,479,299,62.421711899791234,0.9560878243512974,True,23572.55078125,22299.778984375,STRONG_MOMENTUM,POINT_IN_TIME,501,497,479,STRONG_MOMENTUM,MOMENTUM_ENABLED,True,True,True,0.9920159680638723,22867.8930078125,0.0213965156856539,0.019396515685653898,0.0173965156856539
MRF-2025-07-24,MRF,2025-07-16,2025-07-24,6,151966.796875,3283.6378255203977,3069.235350503518,146288.8678573835,1.7291581225821226,150611.15625,150032.1889904279,146848.021875,142088.4115625,125991.7158984375,1063130763.25,84.30583501006036,70.02012072434609,92.35412474849096,81.00603621730383,0.9920159680638724,1.077981020492367,True,0.994,82.71629778672032,True,True,True,True,True,True,True,True,True,True,True,True,True,True,,2025-07-25,150531.29180349843,145521.55901975764,5009.732783740794,2025-08-01,148135.5857407217,SMA20,-0.0159150036784647,2025-07-31,5,2025-07-24,501,497,497,296,59.55734406438632,479,317,66.17954070981212,0.9560878243512974,True,23301.099609375,22250.47073242188,NORMAL,POINT_IN_TIME,501,497,479,NORMAL,MOMENTUM_ENABLED,True,True,True,0.9920159680638723,23160.404921875,-0.0199150036784647,-0.021915003678464703,-0.023915003678464702
MRPL-2023-12-14,MRPL,2023-12-07,2023-12-14,5,125.25211334228516,4.878846480147358,4.57494243129485,120.04533273641792,1.0672155041267,125.05927276611328,123.70937214026095,117.7215648651123,107.31474365234376,79.3429755973816,530745883.8744621,73.46938775510205,93.26530612244898,95.71428571428572,88.06122448979593,0.9780439121756488,1.181610992894359,True,0.9780439121756488,90.71428571428572,True,True,True,True,True,True,True,True,True,True,True,True,True,True,,2023-12-15,126.023492789331,118.9015971285942,7.121895660736783,2023-12-21,118.59900111115915,SMA20,-0.0589135526546872,2023-12-20,4,2023-12-14,501,491,491,414,84.31771894093686,489,441,90.1840490797546,0.9760479041916168,True,18973.849609375,16365.27822265625,STRONG_MOMENTUM,POINT_IN_TIME,501,491,489,STRONG_MOMENTUM,MOMENTUM_ENABLED,True,True,True,0.9800399201596807,17554.63984375,-0.0629135526546872,-0.0649135526546872,-0.06691355265468721
MRPL-2024-01-25,MRPL,2024-01-18,2024-01-25,4,171.2454071044922,8.10414787017695,8.354214716536337,154.805447245661,2.02858587012335,168.15989685058594,167.29209000366745,146.46495094299317,129.9729391479492,91.68980710983276,566372533.2423706,96.93877551020408,97.3469387755102,94.48979591836736,96.36734693877553,0.9780439121756488,0.9280499065557404,True,0.9780439121756488,96.97959183673468,True,True,True,True,True,True,True,True,True,True,True,True,True,True,,2024-01-29,169.17230837138553,152.7168935665269,16.455414804858634,2024-03-12,212.20728341241457,SMA20,0.2543854573796674,2024-03-11,30,2024-01-25,501,491,491,321,65.37678207739307,489,407,83.23108384458078,0.9760479041916168,True,19393.0,17020.314487304688,STRONG_MOMENTUM,POINT_IN_TIME,501,491,489,STRONG_MOMENTUM,MOMENTUM_ENABLED,True,True,True,0.9800399201596807,18777.58796875,0.2503854573796674,0.24838545737966738,0.24638545737966738
MSUMI-2025-07-15,MSUMI,2025-07-09,2025-07-15,4,42.58194351196289,0.9854401304366992,1.0446662437466332,41.33340131130981,1.2669894010707514,42.53594207763672,42.33223606397018,40.19725856781006,39.12315498352051,37.99126477241517,259704844.56411743,72.63581488933602,71.83098591549296,70.82494969818913,71.77062374245472,0.994,2.2980523108496875,True,0.9920159680638724,71.87122736418512,True,True,True,True,True,True,True,True,True,True,True,True,True,True,,2025-07-16,42.8250839326664,41.07223475037316,1.7528491822932466,2025-07-24,41.20197229409993,SMA20,-0.0379009563908497,2025-07-23,6,2025-07-15,500,497,497,370,74.44668008048289,479,310,64.71816283924844,0.958,True,23449.150390625,22285.705234375,STRONG_MOMENTUM,POINT_IN_TIME,500,497,479,STRONG_MOMENTUM,MOMENTUM_ENABLED,True,True,True,0.994,23003.283984375,-0.0419009563908497,-0.0439009563908497,-0.0459009563908497
MUTHOOTFIN-2024-04-18,MUTHOOTFIN,2024-04-09,2024-04-18,5,1618.0736083984375,49.82109158525044,47.99795235629182,1554.586509307556,1.274301647571223,1598.7137451171875,1597.5066626948528,1495.9395446777344,1382.4030688476562,1311.0912408447266,942924034.479065,92.41803278688523,69.67213114754098,70.08196721311475,76.6188524590164,0.9740518962075848,0.8841013447031814,True,0.9740518962075848,74.26229508196721,True,True,True,True,True,True,True,True,True,True,True,True,True,True,,2024-04-19,1593.2097681968462,1542.5870212184832,50.62274697836301,2024-05-09,1515.9633194907049,SMA20,-0.048484794813659,2024-05-08,13,2024-04-18,501,493,492,256,52.03252032520326,479,361,75.36534446764091,0.9560878243512974,True,20324.69921875,18274.34001953125,NORMAL,POINT_IN_TIME,501,492,479,NORMAL,MOMENTUM_ENABLED,True,True,True,0.9820359281437125,20191.3971484375,-0.052484794813659,-0.054484794813659,-0.056484794813659
MUTHOOTFIN-2025-06-30,MUTHOOTFIN,2025-06-17,2025-06-30,9,2623.516845703125,71.01996436832232,68.12118144264649,2494.904436042933,1.8109331763838248,2601.899658203125,2567.490637512264,2514.225988769532,2289.39576171875,2107.7495196533205,1817795478.0454104,95.96774193548389,53.83064516129033,89.71774193548387,77.23790322580646,0.9900199600798404,0.8196139009444059,True,0.9801192842942346,82.79918864097363,True,True,True,True,True,True,True,True,True,True,True,True,True,True,,2025-07-01,2602.990574909192,2477.8741406822714,125.11643422692076,2025-07-29,2624.8059416536485,SMA20,0.0083808857991033,2025-07-28,20,2025-06-30,501,497,497,399,80.28169014084507,478,295,61.71548117154811,0.9540918163672656,True,23617.19921875,22302.87673828125,STRONG_MOMENTUM,POINT_IN_TIME,501,497,478,STRONG_MOMENTUM,MOMENTUM_ENABLED,True,True,True,0.9920159680638723,22689.6610546875,0.0043808857991033,0.0023808857991033,0.0003808857991033001
NAM-INDIA-2023-08-17,NAM-INDIA,2023-08-10,2023-08-17,4,297.6321105957031,7.408497836388209,7.427271279726186,287.1514942026885,1.4146749617091217,294.89605712890625,292.85553250646893,291.9581802368164,264.60405517578124,229.16437377929688,159906363.41461182,68.9161554192229,89.77505112474438,86.29856850715747,82.47443762781185,0.9741035856573704,0.9043945268524808,True,0.9741035856573704,82.88343558282209,True,True,True,True,True,True,True,True,True,True,True,True,True,True,,2023-08-18,295.638029630433,285.29467638275696,10.34335324767602,2023-08-21,288.44995194898746,SMA20,-0.0243137788816651,2023-08-18,1,2023-08-17,502,491,491,322,65.58044806517312,483,395,81.78053830227742,0.9621513944223108,True,16802.25,15567.102260742187,STRONG_MOMENTUM,POINT_IN_TIME,502,491,483,STRONG_MOMENTUM,MOMENTUM_ENABLED,True,True,True,0.9780876494023905,16580.46609375,-0.0283137788816651,-0.0303137788816651,-0.0323137788816651
NAM-INDIA-2023-11-30,NAM-INDIA,2023-11-17,2023-11-30,8,395.8953857421875,13.176391667097764,12.036717839763003,378.8767951397352,1.2915972014514987,393.1686706542969,386.9159666589216,380.2626388549805,347.3559893798828,264.8083097076416,194026049.2403412,77.75510204081633,91.83673469387756,91.83673469387756,87.61224489795919,0.9780439121756488,0.917033204215975,True,0.9780439121756488,91.73469387755102,True,True,True,True,True,True,True,True,True,True,True,True,True,True,,2023-12-01,395.8484121507963,375.8676156797944,19.98079647100189,2023-12-28,413.3371845704141,SMA20,0.0441804788974511,2023-12-27,18,2023-11-30,501,491,491,356,72.50509164969449,488,423,86.68032786885246,0.9740518962075848,True,17987.94921875,16182.727231445311,STRONG_MOMENTUM,POINT_IN_TIME,501,491,488,STRONG_MOMENTUM,MOMENTUM_ENABLED,True,True,True,0.9800399201596807,17299.1388671875,0.040180478897451105,0.0381804788974511,0.0361804788974511
NAM-INDIA-2023-12-20,NAM-INDIA,2023-12-13,2023-12-20,5,432.1893615722656,13.965637191365602,15.459578471712314,412.3969737299326,1.4172205371746214,432.1423645019531,427.1589776873343,408.8662780761719,378.4028820800781,280.1016581726074,289374056.33148193,75.51020408163265,95.51020408163264,96.12244897959184,89.6938775510204,0.9780439121756488,9.171173276473944,True,0.9780439121756488,90.81632653061224,True,True,True,True,True,True,True,True,True,True,True,True,True,True,,2023-12-21,427.6761573678246,408.5320791120045,19.14407825582009,2023-12-28,413.3371845704141,SMA20,-0.0335276413014489,2023-12-27,4,2023-12-20,501,491,491,364,74.13441955193483,489,429,87.73006134969326,0.9760479041916168,True,18779.44921875,16451.95947265625,STRONG_MOMENTUM,POINT_IN_TIME,501,491,489,STRONG_MOMENTUM,MOMENTUM_ENABLED,True,True,True,0.9800399201596807,17702.2878515625,-0.037527641301448894,-0.039527641301448896,-0.0415276413014489
NAM-INDIA-2024-01-18,NAM-INDIA,2024-01-12,2024-01-18,4,483.85650634765625,16.24132379738988,16.335655055011767,453.8152925015224,1.8496776630339515,480.33056640625,470.9750173540224,445.9288848876953,418.5132360839844,305.0751494598389,382402575.5568085,88.36734693877551,86.93877551020408,90.6122448979592,88.46938775510205,0.9780439121756488,1.623033866111639,True,0.9780439121756488,88.14285714285714,True,True,True,True,True,True,True,True,True,True,True,True,True,True,,2024-01-19,482.8222123373566,449.7313787377695,33.090833599587086,2024-02-06,464.2991572585034,SMA20,-0.0383641319838672,2024-02-05,10,2024-01-18,501,491,491,353,71.89409368635438,489,420,85.88957055214725,0.9760479041916168,True,19414.80078125,16918.919985351564,STRONG_MOMENTUM,POINT_IN_TIME,501,491,489,STRONG_MOMENTUM,MOMENTUM_ENABLED,True,True,True,0.9800399201596807,18600.9669921875,-0.042364131983867195,-0.0443641319838672,-0.0463641319838672
NAM-INDIA-2024-05-16,NAM-INDIA,2024-05-03,2024-05-16,9,562.9321899414062,21.0445093790435,18.99017549868988,521.278768964577,1.9793011196691743,545.0203247070312,533.5491493528156,541.2145874023438,494.77103637695313,405.7435775756836,461499301.3491211,76.93877551020408,82.85714285714286,73.87755102040816,78.38775510204081,0.9780439121756488,1.0366599608284517,True,0.9740518962075848,81.45491803278688,True,True,True,True,True,True,True,True,True,True,True,True,True,True,,2024-05-17,548.8283435077826,516.5312250899045,32.297118417878096,2024-06-05,531.1514469656458,SMA20,-0.0322084250043585,2024-06-04,12,2024-05-16,501,493,492,309,62.80487804878049,480,362,75.41666666666667,0.9580838323353292,True,20929.05078125,18677.94451171875,STRONG_MOMENTUM,POINT_IN_TIME,501,492,480,STRONG_MOMENTUM,MOMENTUM_ENABLED,True,True,True,0.9820359281437125,20455.110078125,-0.0362084250043585,-0.0382084250043585,-0.0402084250043585
NAM-INDIA-2025-07-21,NAM-INDIA,2025-07-16,2025-07-21,3,851.2303466796875,25.03995261437312,26.063685291732124,818.2835803482355,1.3157679185279396,845.159912109375,841.7820372910328,790.3289642333984,747.3513720703126,651.9526850891114,576338842.8785706,91.34808853118712,91.34808853118712,86.72032193158954,89.95975855130784,0.9920159680638724,1.4678819648680317,True,0.994,94.74849094567404,True,True,True,True,True,True,True,True,True,True,True,True,True,True,,2025-07-22,848.8805094525272,811.7676590253025,37.11285042722477,2025-07-28,783.2807595732531,SMA20,-0.0772779550817837,2025-07-25,4,2025-07-21,501,497,497,340,68.41046277665997,479,317,66.17954070981212,0.9560878243512974,True,23378.44921875,22265.248984375,STRONG_MOMENTUM,POINT_IN_TIME,501,497,479,STRONG_MOMENTUM,MOMENTUM_ENABLED,True,True,True,0.9920159680638723,23112.1509375,-0.0812779550817837,-0.0832779550817837,-0.08527795508178371
NAM-INDIA-2025-10-10,NAM-INDIA,2025-10-03,2025-10-10,5,868.5604248046875,21.03661666152765,20.71735510276023,832.3336387242595,1.722082341628661,853.629150390625,846.9222658196654,837.0774475097656,814.6423327636719,690.5059056091309,659465814.2770996,81.7444219066937,79.3103448275862,94.52332657200812,84.60446247464503,0.9840319361277444,0.9995698517318496,True,0.9840319361277444,89.55375253549695,True,True,True,True,True,True,True,True,True,True,True,True,True,True,,2025-10-13,846.9223093625124,827.1542999485694,19.76800941394299,2025-10-30,846.9223256565182,SMA20,1.923907972616868e-08,2025-10-29,12,2025-10-10,501,498,498,274,55.020080321285135,481,300,62.37006237006237,0.9600798403193612,True,23337.55078125,22257.0615234375,NORMAL,POINT_IN_TIME,501,498,481,NORMAL,MOMENTUM_ENABLED,True,True,True,0.9940119760479041,22961.2020703125,-0.003999980760920274,-0.005999980760920274,-0.007999980760920273
NATCOPHARM-2024-06-21,NATCOPHARM,2024-06-14,2024-06-21,4,1195.8536376953125,41.30740244648315,42.30543455262936,1153.7725886570236,1.0187290060857277,1186.024658203125,1177.6282699519045,1077.848681640625,1022.6019604492188,894.2044955444336,1359253007.1408997,91.0386965376782,67.61710794297352,87.37270875763747,80.5702647657841,0.9780876494023903,1.0453673375703216,True,0.9780876494023903,79.65376782077394,True,True,True,True,True,True,True,True,True,True,True,True,True,True,,2024-06-24,1195.260980842569,1143.196230018866,52.06475082370321,2024-07-11,1181.3326481139557,SMA20,-0.0116529636220493,2024-07-10,13,2024-06-21,502,493,493,410,83.16430020283975,484,405,83.67768595041323,0.9641434262948207,True,22236.19921875,19238.9940234375,STRONG_MOMENTUM,POINT_IN_TIME,502,493,484,STRONG_MOMENTUM,MOMENTUM_ENABLED,True,True,True,0.9820717131474104,21130.3550390625,-0.0156529636220493,-0.0176529636220493,-0.0196529636220493
NATCOPHARM-2024-07-23,NATCOPHARM,2024-07-16,2024-07-23,4,1265.84033203125,44.21440733535338,48.94953768349068,1156.1431951656791,2.4810269655669046,1244.4542236328125,1238.7249501639112,1192.6209045410155,1108.4938000488282,928.65708984375,853797939.2857056,71.39959432048681,78.90466531440163,88.64097363083164,79.57403651115618,0.9801192842942346,1.2432127659871408,True,0.9801192842942346,77.18052738336714,True,True,True,True,True,True,True,True,True,True,True,True,True,True,,2024-07-24,1233.7858076144903,1143.9058107448066,89.87999686968374,2024-09-19,1535.026187374725,SMA20,0.2441593815564139,2024-09-18,40,2024-07-23,503,493,493,335,67.95131845841786,485,404,83.29896907216495,0.9642147117296224,True,22865.19921875,19826.073515625,STRONG_MOMENTUM,POINT_IN_TIME,503,493,485,STRONG_MOMENTUM,MOMENTUM_ENABLED,True,True,True,0.9801192842942346,22022.830078125,0.2401593815564139,0.2381593815564139,0.2361593815564139
NATCOPHARM-2024-09-04,NATCOPHARM,2024-08-26,2024-09-04,7,1547.8431396484375,55.09880587461101,50.4710246967984,1474.850339470648,1.324761925764783,1540.5687255859375,1533.4920348583084,1483.2770446777345,1335.5450830078123,1021.7651519775392,1288638906.1721802,91.27789046653145,96.14604462474644,91.07505070993916,93.16430020283975,0.9820717131474104,1.0151842304864476,True,0.9801192842942346,93.26572008113592,True,True,True,True,True,True,True,True,True,True,True,True,True,True,,2024-09-05,1551.950740681054,1462.2325832964484,89.71815738460555,2024-09-19,1535.026187374725,SMA20,-0.0109053418144585,2024-09-18,10,2024-09-04,502,493,493,295,59.83772819472617,489,408,83.43558282208589,0.9741035856573704,True,23748.900390625,20740.75478515625,NORMAL,POINT_IN_TIME,502,493,489,NORMAL,MOMENTUM_ENABLED,True,True,True,0.9820717131474104,23092.7489453125,-0.0149053418144585,-0.016905341814458498,-0.0189053418144585
NATIONALUM-2024-06-03,NATIONALUM,2024-05-21,2024-06-03,9,181.00003051757807,6.834213014021371,7.329364802671843,170.0427423655495,1.603299184492521,178.40847778320312,176.13518009239394,171.1043685913086,162.14529663085938,117.1718533706665,3004695501.950989,68.57142857142857,83.6734693877551,96.53061224489797,83.0,0.9780439121756488,1.4190598984011864,True,0.9780439121756488,87.89795918367346,True,True,True,True,True,True,True,True,True,True,True,True,True,True,,2024-06-04,177.3172811773722,168.21040116488152,9.106880012490675,2024-06-05,149.4921166179828,SMA20,-0.1569230273249882,2024-06-04,1,2024-06-03,501,493,493,303,61.4604462474645,480,347,72.29166666666667,0.9580838323353292,True,21797.400390625,18918.27002929688,STRONG_MOMENTUM,POINT_IN_TIME,501,493,480,STRONG_MOMENTUM,MOMENTUM_ENABLED,True,True,True,0.9840319361277445,20707.5680859375,-0.1609230273249882,-0.1629230273249882,-0.1649230273249882
NAUKRI-2024-08-09,NAUKRI,2024-08-02,2024-08-09,5,1428.170166015625,43.26478928216687,48.32211575258974,1341.437464696933,2.004694874463241,1426.9833984375,1394.6539022010472,1378.0554565429688,1310.2985522460938,1097.9911349487304,1583874058.6465454,79.71602434077079,68.55983772819472,83.36713995943205,76.34888438133873,0.9801192842942346,1.8752174091526823,True,0.9801192842942346,73.97565922920893,True,True,True,True,True,True,True,True,True,True,True,True,True,True,,2024-08-12,1443.8946172377152,1329.3569357587855,114.5376814789297,2024-09-09,1450.026271482859,SMA20,0.0042466078700911,2024-09-06,19,2024-08-09,503,493,493,258,52.33265720081136,487,402,82.54620123203286,0.9681908548707754,True,22923.5,20203.106015625,NORMAL,POINT_IN_TIME,503,493,487,NORMAL,MOMENTUM_ENABLED,True,True,True,0.9801192842942346,22538.6669921875,0.0002466078700911001,-0.0017533921299089,-0.0037533921299089
NAUKRI-2024-09-05,NAUKRI,2024-08-29,2024-09-05,5,1519.6297607421875,37.32748406333855,35.975917106107424,1436.784038797592,2.219429571090834,1478.5086669921875,1474.6911752063909,1463.7180725097655,1402.7158203125,1156.007410888672,1592649774.406433,65.11156186612575,71.6024340770791,77.28194726166329,71.35902636916836,0.9820717131474104,0.5525255725536344,True,0.9801192842942346,85.11156186612575,True,True,True,True,True,True,True,True,True,True,True,True,True,True,,2024-09-06,1480.5753977624154,1427.7900595210651,52.785338241350246,2024-09-09,1450.026271482859,SMA20,-0.0206332796868872,2024-09-06,1,2024-09-05,502,494,493,302,61.257606490872206,489,410,83.84458077709611,0.9741035856573704,True,23762.80078125,20773.62978515625,STRONG_MOMENTUM,POINT_IN_TIME,502,493,489,STRONG_MOMENTUM,MOMENTUM_ENABLED,True,True,True,0.9820717131474104,23120.591953125,-0.0246332796868872,-0.026633279686887203,-0.0286332796868872
NAUKRI-2024-09-19,NAUKRI,2024-09-16,2024-09-19,3,1563.32275390625,36.31548645436108,40.441545757520494,1497.3089071493057,1.817787759497767,1562.9864501953125,1544.7596186091528,1504.7434936523437,1437.77703125,1185.8593725585938,1181728918.085022,77.48478701825557,87.4239350912779,82.1501014198783,82.86004056795132,0.9840319361277444,5.539281470934038,True,0.9820717131474104,78.86409736308316,True,True,True,True,True,True,True,True,True,True,True,True,True,True,,2024-09-20,1560.7906962201464,1487.198520709925,73.59217551022107,2024-10-18,1580.372380963017,SMA20,0.0125460029908509,2024-10-17,19,2024-09-19,501,494,493,272,55.172413793103445,489,388,79.34560327198365,0.9760479041916168,True,23853.94921875,21089.112783203123,NORMAL,POINT_IN_TIME,501,493,489,NORMAL,MOMENTUM_ENABLED,True,True,True,0.9840319361277445,23319.594921875,0.0085460029908509,0.0065460029908509,0.0045460029908509
NAVA-2025-07-14,NAVA,2025-07-03,2025-07-14,7,598.4424438476562,22.57592339539652,20.35858994951834,562.8841687533543,1.575052965565638,589.66259765625,580.4437518664987,573.9442932128907,513.0576898193359,473.058648071289,397652130.3309326,83.70221327967808,69.81891348088531,92.1529175050302,80.6841046277666,0.994,0.4918707800946973,True,0.9920159680638724,77.1830985915493,True,True,True,True,True,True,True,True,True,True,True,True,True,True,,2025-07-15,591.8087630161343,557.7945212659747,34.01424175015961,2025-07-29,586.2482436128646,SMA20,-0.0093958044401551,2025-07-28,10,2025-07-14,500,497,497,337,67.80684104627767,479,294,61.37787056367432,0.958,True,23309.05078125,22289.428486328125,STRONG_MOMENTUM,POINT_IN_TIME,500,497,479,STRONG_MOMENTUM,MOMENTUM_ENABLED,True,True,True,0.994,22973.43296875,-0.0133958044401551,-0.0153958044401551,-0.0173958044401551
NAVA-2025-07-22,NAVA,2025-07-17,2025-07-22,3,600.8812255859375,19.1075357897642,18.75394914079284,574.7857256680634,1.3657177045222828,595.954833984375,595.0768591198181,587.2749877929688,532.2923272705078,473.9694317626953,294988400.5698242,57.94768611670021,84.50704225352112,95.37223340040242,79.79879275653923,0.9920159680638724,0.7062618263471581,True,0.994,89.5774647887324,True,True,True,True,True,True,True,True,True,True,True,True,True,True,,2025-07-23,596.5401451913706,570.0972383828652,26.442906808505427,2025-07-29,586.2482436128646,SMA20,-0.0172526554356276,2025-07-28,4,2025-07-22,501,497,497,312,62.77665995975856,479,314,65.55323590814196,0.9560878243512974,True,23320.900390625,22259.40573242188,STRONG_MOMENTUM,POINT_IN_TIME,501,497,479,STRONG_MOMENTUM,MOMENTUM_ENABLED,True,True,True,0.9920159680638723,23131.5809375,-0.0212526554356276,-0.0232526554356276,-0.0252526554356276
NAVINFLUOR-2025-06-25,NAVINFLUOR,2025-06-18,2025-06-25,5,4722.45361328125,131.03510640952024,133.00092089218035,4498.486053845951,1.7092179765576714,4686.68701171875,4677.620284640554,4494.675048828125,4413.29248046875,3828.292646484375,423007525.9785156,86.89516129032258,50.403225806451616,95.96774193548389,75.02016129032259,0.9860834990059644,1.5315820857380156,True,0.9801192842942346,71.50101419878297,True,True,True,True,True,True,True,True,True,True,True,True,True,True,,2025-06-26,4702.428040651034,4465.235823622906,237.19221702812865,2025-07-21,4853.959799307023,SMA20,0.032224152575232,2025-07-18,17,2025-06-25,503,499,497,380,76.45875251509054,478,277,57.94979079497908,0.9502982107355864,True,23296.849609375,22305.60298828125,NORMAL,POINT_IN_TIME,503,497,478,NORMAL,MOMENTUM_ENABLED,True,True,True,0.9880715705765407,22561.8690625,0.028224152575232,0.026224152575232,0.024224152575232
NAVINFLUOR-2025-07-23,NAVINFLUOR,2025-07-09,2025-07-23,10,5098.404296875,149.66606101555388,141.06703803461156,4823.229888972051,1.8385892301552007,5041.83251953125,5011.601776583406,4931.424243164062,4624.35103515625,3988.370892333985,434651439.0419922,82.897384305835,73.8430583501006,92.35412474849096,82.11267605633802,0.9920159680638724,0.5745077439251703,True,0.9920159680638724,88.47082494969818,True,True,True,True,True,True,True,True,True,True,True,True,True,True,,2025-07-24,5048.517478489363,4787.963129463398,260.5543490259652,2025-08-04,5000.127742914298,SMA20,-0.0095849396939286,2025-08-01,7,2025-07-23,501,497,497,306,61.56941649899397,479,314,65.55323590814196,0.9560878243512974,True,23428.400390625,22255.32173828125,STRONG_MOMENTUM,POINT_IN_TIME,501,497,479,STRONG_MOMENTUM,MOMENTUM_ENABLED,True,True,True,0.9920159680638723,23150.1589453125,-0.0135849396939286,-0.0155849396939286,-0.0175849396939286
NAVINFLUOR-2026-02-12,NAVINFLUOR,2026-02-09,2026-02-12,3,6590.07177734375,228.7755893508452,256.4404426813668,6282.941353207772,1.342496483158302,6579.0849609375,6562.105168584568,6144.982177734375,5982.103076171875,5171.470361328125,1201974917.5029297,92.35412474849096,85.71428571428571,93.96378269617706,90.18108651911469,0.9920159680638724,2.6915143839334177,True,0.9920159680638724,90.48289738430584,True,True,True,True,True,True,True,True,True,True,True,True,True,True,,2026-02-13,6572.592548738276,6218.831242537431,353.76130620084496,2026-03-02,5952.838109646674,SMA20,-0.0942937561541943,2026-02-27,11,2026-02-12,501,498,449,226,50.33407572383074,443,189,42.66365688487584,0.8842315369261478,True,23651.55078125,23225.438544921875,NORMAL,POINT_IN_TIME,501,449,443,NORMAL,MOMENTUM_ENABLED,True,True,True,0.8962075848303394,23542.9590234375,-0.0982937561541943,-0.10029375615419431,-0.10229375615419431
NAZARA-2023-09-20,NAZARA,2023-09-05,2023-09-20,10,223.8249969482422,9.154450992967744,9.617716235547444,202.75,2.302158476180773,220.1875,210.6000061035156,202.33812408447267,182.7370004272461,155.2580004119873,696555701.4181519,96.3265306122449,84.48979591836735,91.42857142857144,90.12244897959184,0.9780439121756488,2.068002836096412,True,0.9760956175298804,92.6734693877551,True,True,True,True,True,True,True,True,True,True,True,True,True,True,,2023-09-21,222.75,200.34557094111315,22.404429058886848,2023-09-28,206.5,SMA20,-0.0729517396184062,2023-09-27,5,2023-09-20,501,491,491,379,77.18940936863544,488,445,91.18852459016394,0.9740518962075848,True,17449.349609375,15755.38576171875,STRONG_MOMENTUM,POINT_IN_TIME,501,491,488,STRONG_MOMENTUM,MOMENTUM_ENABLED,True,True,True,0.9800399201596807,17025.9970703125,-0.0769517396184062,-0.07895173961840621,-0.08095173961840621
NBCC-2023-08-28,NBCC,2023-08-22,2023-08-28,4,32.90005111694336,1.3212151203497806,1.3108580578279396,31.22443826598137,1.2682362055608245,32.77115631103516,32.70671248446907,30.911872005462648,28.197376480102537,25.529765281677246,703397498.9984169,92.44897959183672,67.9591836734694,87.14285714285714,81.06122448979592,0.9760956175298804,0.9930714649150162,True,0.9741035856573704,84.78527607361963,True,True,True,True,True,True,True,True,True,True,True,True,True,True,,2023-08-29,33.19006435072441,30.89672375152438,2.2933405992000324,2023-10-04,38.003539183958914,SMA20,0.1450275836277323,2023-10-03,24,2023-08-28,502,492,491,336,68.43177189409369,483,407,84.26501035196688,0.9621513944223108,True,16875.30078125,15617.758266601562,STRONG_MOMENTUM,POINT_IN_TIME,502,491,483,STRONG_MOMENTUM,MOMENTUM_ENABLED,True,True,True,0.9780876494023905,16703.802109375,0.1410275836277323,0.1390275836277323,0.1370275836277323
NBCC-2023-09-27,NBCC,2023-09-14,2023-09-27,8,39.50153350830078,2.025269258949336,1.7578193491566518,36.92888158296343,1.2702764898885532,38.23148727416992,37.97096498116798,37.38385353088379,32.86650905609131,26.795168581008912,1262598210.9816818,91.63265306122447,93.26530612244898,89.38775510204081,91.6122448979592,0.9780439121756488,0.8242873980227736,True,0.9780439121756488,94.0204081632653,True,True,True,True,True,True,True,True,True,True,True,True,True,True,,2023-09-28,39.696922733314864,36.489426745674265,3.2074959876405984,2023-10-04,38.003539183958914,SMA20,-0.0426578039998755,2023-10-03,3,2023-09-27,501,491,491,340,69.24643584521385,488,441,90.3688524590164,0.9740518962075848,True,17341.599609375,15788.643515625,STRONG_MOMENTUM,POINT_IN_TIME,501,491,488,STRONG_MOMENTUM,MOMENTUM_ENABLED,True,True,True,0.9800399201596807,17084.0920703125,-0.0466578039998755,-0.0486578039998755,-0.0506578039998755
NBCC-2024-07-02,NBCC,2024-06-21,2024-07-02,7,108.16191864013672,5.43177400961189,4.779236530421742,100.95198661302987,1.3273622971700167,105.69347381591795,104.52110820234334,100.4407081604004,94.02276626586914,69.11107345581054,3999274755.712597,71.34146341463415,89.22764227642277,97.5609756097561,86.36178861788618,0.9800796812749004,1.048917488793967,True,0.9780876494023903,88.12627291242363,True,True,True,True,True,True,True,True,True,True,True,True,True,True,,2024-07-03,106.4880595328376,99.75717748042445,6.730882052413151,2024-07-22,110.72153331907931,SMA20,0.0397553848273124,2024-07-19,12,2024-07-02,502,493,493,406,82.35294117647058,484,415,85.74380165289256,0.9641434262948207,True,22677.80078125,19435.00376953125,STRONG_MOMENTUM,POINT_IN_TIME,502,493,484,STRONG_MOMENTUM,MOMENTUM_ENABLED,True,True,True,0.9820717131474104,21392.397109375,0.0357553848273124,0.0337553848273124,0.0317553848273124
NCC-2023-09-11,NCC,2023-09-01,2023-09-11,6,165.5416717529297,5.828348269408943,6.596591451827806,151.40358033454154,2.4257458142290966,159.97360229492188,157.26216541338883,152.12277908325194,141.54397888183593,107.9465566253662,444192897.4889984,49.795918367346935,85.51020408163265,92.6530612244898,76.93877551020408,0.9780439121756488,2.343803559075983,True,0.9760956175298804,88.06122448979592,True,True,True,True,True,True,True,True,True,True,True,True,True,True,,2023-09-12,160.9419508089385,149.75443247158458,11.187518337353907,2023-09-13,147.62695680727109,SMA20,-0.0827316553250571,2023-09-12,1,2023-09-11,501,491,491,431,87.78004073319755,487,455,93.42915811088297,0.9720558882235528,True,17653.349609375,15699.04951171875,STRONG_MOMENTUM,POINT_IN_TIME,501,491,487,STRONG_MOMENTUM,MOMENTUM_ENABLED,True,True,True,0.9800399201596807,16909.5040625,-0.0867316553250571,-0.0887316553250571,-0.09073165532505709
NCC-2024-02-14,NCC,2024-02-09,2024-02-14,3,217.97854614257807,8.943378910366915,9.956982543916055,199.04703233533297,2.1168189335353187,215.1702880859375,212.79778499772377,202.9689094543457,182.08325439453125,147.7844961166382,1263443235.1595917,86.12244897959184,87.14285714285714,75.91836734693878,83.46938775510205,0.9780439121756488,0.7569626131776267,True,0.9780439121756488,85.42857142857142,True,True,True,True,True,True,True,True,True,True,True,True,True,True,,2024-02-15,216.71967045437896,196.55778669935395,20.161883755025,2024-03-13,231.438776440429,SMA20,0.0679177204136092,2024-03-12,18,2024-02-14,501,491,491,281,57.23014256619145,489,380,77.70961145194273,0.9760479041916168,True,19922.30078125,17346.2194921875,NORMAL,POINT_IN_TIME,501,491,489,NORMAL,MOMENTUM_ENABLED,True,True,True,0.9800399201596807,19359.1840234375,0.0639177204136092,0.061917720413609205,0.0599177204136092
NCC-2024-03-01,NCC,2024-02-27,2024-03-01,3,251.7744140625,11.52296945098601,11.775352193647723,232.5040047566553,1.6723475131833971,245.04429626464844,242.7686455693684,224.95317611694333,198.08739318847657,154.9417057800293,1558480915.7873535,97.5560081466395,94.09368635437882,87.57637474541752,93.17718940936864,0.9800399201596808,1.138563604546882,True,0.9800399201596808,92.9938900203666,True,True,True,True,True,True,True,True,True,True,True,True,True,True,,2024-03-04,249.74084243191209,229.56016670824337,20.18067572366872,2024-03-13,231.438776440429,SMA20,-0.0732842326199522,2024-03-12,6,2024-03-01,501,491,491,284,57.841140529531565,490,378,77.14285714285715,0.9780439121756488,True,20349.80078125,17618.16326171875,NORMAL,POINT_IN_TIME,501,491,490,NORMAL,MOMENTUM_ENABLED,True,True,True,0.9800399201596807,19692.01109375,-0.07728423261995221,-0.07928423261995221,-0.08128423261995221
NCC-2024-06-20,NCC,2024-06-10,2024-06-20,7,321.8354797363281,19.06062047961785,16.156455984322765,303.6302395872646,0.9551231644599912,315.9768981933594,315.10534828571144,295.6703201293945,265.7691979980469,201.251519241333,2049619619.5098724,79.22606924643586,81.26272912423626,94.5010183299389,84.62321792260693,0.9780876494023903,0.9733133425351996,True,0.9800399201596808,93.84928716904275,True,True,True,True,True,True,True,True,True,True,True,True,True,True,,2024-06-21,315.9768880609557,299.5911255911839,16.38576246977175,2024-07-01,306.4869042940957,SMA20,-0.0300337908417821,2024-06-28,6,2024-06-20,502,493,493,417,84.58417849898579,484,411,84.91735537190083,0.9641434262948207,True,22305.099609375,19212.33927734375,STRONG_MOMENTUM,POINT_IN_TIME,502,493,484,STRONG_MOMENTUM,MOMENTUM_ENABLED,True,True,True,0.9820717131474104,21099.933046875,-0.0340337908417821,-0.0360337908417821,-0.0380337908417821
NESTLEIND-2026-02-10,NESTLEIND,2026-01-30,2026-02-10,7,1318.90478515625,25.90419099124781,27.31481742083207,1260.9973459444154,2.235446736452786,1302.339599609375,1300.7472192870343,1292.311749267578,1266.6731762695313,1207.4479040527344,1252450314.1818848,54.929577464788736,73.23943661971832,81.69014084507043,70.28169014084509,0.9920159680638724,0.9239158803576936,True,0.9920159680638724,85.43259557344065,True,True,True,True,True,True,True,True,True,True,True,True,True,True,,2026-02-11,1308.7089659813537,1254.1686415892077,54.540324392145976,2026-02-16,1270.5922119510924,SMA20,-0.0291254625902856,2026-02-13,3,2026-02-10,501,498,449,242,53.89755011135857,443,188,42.43792325056434,0.8842315369261478,True,23753.75,23210.356787109376,NORMAL,POINT_IN_TIME,501,449,443,NORMAL,MOMENTUM_ENABLED,True,True,True,0.8962075848303394,23551.8859765625,-0.0331254625902856,-0.0351254625902856,-0.037125462590285596
NETWEB-2025-09-18,NETWEB,2025-09-10,2025-09-18,6,3128.25,166.5388286489497,160.79111710501522,2820.541923968512,1.8476656676870928,3035.8076171875,2950.1610797945696,2655.639697265625,2273.087102050781,2003.8371850585936,4500269159.419434,100.0,100.0,99.59758551307849,99.87927565392354,0.9920159680638724,1.277182195333482,True,0.9920159680638724,99.87927565392354,True,True,True,True,True,True,True,True,True,True,True,True,True,True,,2025-09-19,3068.087709722044,2780.3441446922584,287.7435650297857,2025-10-17,3762.6547252556593,SMA20,0.2263843414035057,2025-10-16,19,2025-09-18,501,497,497,312,62.77665995975856,487,335,68.78850102669405,0.9720558882235528,True,23518.900390625,22257.593759765627,STRONG_MOMENTUM,POINT_IN_TIME,501,497,487,STRONG_MOMENTUM,MOMENTUM_ENABLED,True,True,True,0.9920159680638723,23019.8200390625,0.2223843414035057,0.22038434140350568,0.21838434140350568
NEULANDLAB-2025-10-30,NEULANDLAB,2025-10-20,2025-10-30,7,16412.66796875,536.8360558176234,522.0106632565894,15310.703675084991,2.0527017172620265,16128.193359375,15884.64295490596,15893.377197265623,15062.842109375,13119.0262109375,431941799.2124024,88.23529411764706,89.04665314401623,87.4239350912779,88.31643002028397,0.9801192842942346,2.6817947205426926,True,0.9801192842942346,84.94929006085192,True,True,True,True,True,True,True,True,True,True,True,True,True,True,,2025-10-31,16140.170289308642,15180.201009270844,959.969280037798,2025-11-21,16688.15764476989,SMA20,0.0339517703740857,2025-11-20,14,2025-10-30,503,498,498,305,61.24497991967871,482,324,67.21991701244814,0.9582504970178928,True,23841.30078125,22334.86953125,STRONG_MOMENTUM,POINT_IN_TIME,503,498,482,STRONG_MOMENTUM,MOMENTUM_ENABLED,True,True,True,0.9900596421471173,23196.921171875,0.0299517703740857,0.0279517703740857,0.0259517703740857
NEWGEN-2024-12-16,NEWGEN,2024-12-09,2024-12-16,5,1406.4373779296875,61.84732049887578,57.70297117586062,1348.7195157627295,0.933231410858084,1406.19140625,1380.161706695363,1225.0516296386718,1238.2209765625,1017.8875228881836,331688677.14849854,87.24696356275304,93.52226720647774,94.93927125506072,92.06477732793522,0.988,0.5522177670914591,True,0.988,93.03643724696356,True,True,True,True,True,True,True,True,True,True,True,True,True,True,,2024-12-17,1411.8007984821224,1334.2937729687644,77.50702551335803,2025-01-14,1530.2872776673275,SMA20,0.0839257771440518,2025-01-13,19,2024-12-16,500,496,496,293,59.07258064516129,488,290,59.42622950819673,0.976,True,23352.44921875,22223.811494140624,NORMAL,POINT_IN_TIME,500,496,488,NORMAL,MOMENTUM_ENABLED,True,True,True,0.992,22916.50890625,0.0799257771440518,0.0779257771440518,0.0759257771440518
NHPC-2023-09-20,NHPC,2023-09-14,2023-09-20,3,52.32586669921875,1.9497794703374496,2.035239776926664,49.51768286631659,1.4402571550392542,51.95144271850586,51.90463943875474,48.95136280059815,46.82113716125488,40.64929779052734,1739433018.0976105,82.44897959183673,76.53061224489795,63.469387755102034,74.38775510204081,0.9780439121756488,1.857984812729496,True,0.9780439121756488,75.59183673469387,True,True,True,True,True,True,True,True,True,True,True,True,True,True,,2023-09-21,50.96857419878373,49.008872922084926,1.9597012766988016,2023-09-22,49.23686021543251,SMA20,-0.0339761119586614,2023-09-21,1,2023-09-20,501,491,491,379,77.18940936863544,488,445,91.18852459016394,0.9740518962075848,True,17449.349609375,15755.38576171875,STRONG_MOMENTUM,POINT_IN_TIME,501,491,488,STRONG_MOMENTUM,MOMENTUM_ENABLED,True,True,True,0.9800399201596807,17025.9970703125,-0.03797611195866139,-0.039976111958661395,-0.0419761119586614
NHPC-2023-12-13,NHPC,2023-12-07,2023-12-13,4,60.14198303222656,1.7960475532898594,2.0196133543348385,57.28699402391794,1.5895954442180975,60.14198303222656,59.62714897938197,53.38361568450928,50.3226936340332,44.4368302154541,1447667951.2487488,93.6734693877551,82.0408163265306,75.3061224489796,83.51020408163265,0.9780439121756488,1.8422030225064567,True,0.9780439121756488,83.73469387755102,True,True,True,True,True,True,True,True,True,True,True,True,True,True,,2023-12-14,60.7036212879046,56.78209068533423,3.921530602570371,2024-02-13,75.77421850054748,SMA20,0.2482652087783392,2024-02-12,40,2023-12-13,501,491,491,410,83.5030549898167,489,441,90.1840490797546,0.9760479041916168,True,18751.44921875,16345.1022265625,STRONG_MOMENTUM,POINT_IN_TIME,501,491,489,STRONG_MOMENTUM,MOMENTUM_ENABLED,True,True,True,0.9800399201596807,17521.01484375,0.2442652087783392,0.2422652087783392,0.2402652087783392
NIACL-2023-09-28,NIACL,2023-09-20,2023-09-28,6,141.45977783203125,5.651780960481171,5.554060176352363,132.87759749399905,1.5184913212385975,137.11993408203125,136.53475925735515,131.88488311767577,124.93761444091795,113.14683490753174,178549402.97891235,84.28571428571429,77.55102040816327,68.77551020408164,76.93877551020408,0.9780439121756488,1.6220324265887678,True,0.9780439121756488,80.42857142857143,True,True,True,True,True,True,True,True,True,True,True,True,True,True,,2023-09-29,137.9001175079932,131.48908244991097,6.411035058082234,2023-10-05,131.02462353357436,SMA20,-0.0498585070025072,2023-10-04,3,2023-09-28,501,491,491,307,62.52545824847251,488,425,87.09016393442623,0.9740518962075848,True,17170.44921875,15795.18576171875,STRONG_MOMENTUM,POINT_IN_TIME,501,491,488,STRONG_MOMENTUM,MOMENTUM_ENABLED,True,True,True,0.9800399201596807,17090.0610546875,-0.0538585070025072,-0.0558585070025072,-0.0578585070025072
NLCINDIA-2025-09-19,NLCINDIA,2025-09-12,2025-09-19,5,257.5333251953125,7.940637409528462,7.985090321526962,249.06456516999745,1.0665088441329518,256.6149597167969,255.77882629004208,237.94501800537108,234.2969790649414,229.43691314697264,270181237.87457275,91.54929577464787,85.3118712273642,39.839034205231385,73.54124748490946,0.9920159680638724,1.993329374797935,True,0.9920159680638724,76.13682092555332,True,True,True,True,True,True,True,True,True,True,True,True,True,True,,2025-09-22,256.398032252475,247.06829258961568,9.32973966285931,2025-10-09,266.60269742372617,SMA20,0.0398000916060176,2025-10-08,12,2025-09-19,501,497,497,322,64.7887323943662,487,338,69.40451745379876,0.9720558882235528,True,23486.650390625,22262.45526367188,STRONG_MOMENTUM,POINT_IN_TIME,501,497,487,STRONG_MOMENTUM,MOMENTUM_ENABLED,True,True,True,0.9920159680638723,23018.4040625,0.0358000916060176,0.0338000916060176,0.0318000916060176
NMDC-2023-09-29,NMDC,2023-09-14,2023-09-29,10,44.8750228881836,1.4325345337041893,1.3336290878704296,42.156234910509255,1.8978865177122173,44.20279693603516,43.12722642757406,42.79858531951904,37.465309143066406,33.9986035823822,1850586928.555601,95.51020408163264,92.24489795918367,62.04081632653061,84.16326530612245,0.9780439121756488,1.0210080434901627,True,0.9780439121756488,84.14285714285714,True,True,True,True,True,True,True,True,True,True,True,True,True,True,,2023-10-03,44.69576072265602,41.822827638541646,2.872933084114372,2023-10-10,42.79858674031508,SMA20,-0.0424463965187479,2023-10-09,5,2023-09-29,501,491,491,326,66.39511201629328,488,436,89.34426229508196,0.9740518962075848,True,17292.599609375,15802.09326171875,STRONG_MOMENTUM,POINT_IN_TIME,501,491,488,STRONG_MOMENTUM,MOMENTUM_ENABLED,True,True,True,0.9800399201596807,17096.843046875,-0.04644639651874791,-0.0484463965187479,-0.0504463965187479
NMDC-2023-11-20,NMDC,2023-11-13,2023-11-20,4,52.35917282104492,1.4962943994009563,1.4675410256819106,49.81964844394064,1.6972090372863708,50.999778747558594,50.96989580801836,48.14355392456055,45.89054016113281,36.04846124649048,1486315342.643629,71.83673469387755,96.3265306122449,88.57142857142857,86.65306122448979,0.9780439121756488,1.2337564779030266,True,0.9780439121756488,93.3061224489796,True,True,True,True,True,True,True,True,True,True,True,True,True,True,,2023-11-21,51.34336436477434,49.45276318752016,1.890601177254176,2023-12-21,54.077096281801616,SMA20,0.0532441134477513,2023-12-20,21,2023-11-20,501,491,491,294,59.877800407331975,488,417,85.45081967213115,0.9740518962075848,True,17573.650390625,16083.1069921875,NORMAL,POINT_IN_TIME,501,491,488,NORMAL,MOMENTUM_ENABLED,True,True,True,0.9800399201596807,17263.731875,0.0492441134477513,0.0472441134477513,0.0452441134477513
NSLNISP-2024-04-23,NSLNISP,2024-04-10,2024-04-23,7,65.8499984741211,3.096355594914656,3.101848226117013,59.900001525878906,1.921612930379912,65.25,64.9000015258789,60.8875,60.71699989318848,51.99900009155274,1023530898.8664263,87.5,89.54918032786885,57.377049180327866,79.2827868852459,0.9740518962075848,1.801624141350116,True,0.9740518962075848,76.33196721311475,True,True,True,True,True,True,True,True,True,True,True,True,True,True,,2024-04-24,65.6500015258789,59.124539469349656,6.52546205652925,2024-05-07,64.3499984741211,SMA20,-0.019802026223036,2024-05-06,8,2024-04-23,501,493,492,303,61.58536585365854,479,373,77.8705636743215,0.9560878243512974,True,20652.650390625,18340.435766601564,STRONG_MOMENTUM,POINT_IN_TIME,501,492,479,STRONG_MOMENTUM,MOMENTUM_ENABLED,True,True,True,0.9820359281437125,20232.818125,-0.023802026223036,-0.025802026223035998,-0.027802026223036
NSLNISP-2025-10-09,NSLNISP,2025-10-01,2025-10-09,5,47.31999969482422,1.5971822462461225,1.555601040594848,44.650001525878906,1.6716928673735532,46.34000015258789,45.5,45.950500106811525,41.78880004882812,39.24824995040893,252016837.404171,82.1501014198783,92.0892494929006,81.33874239350912,85.88235294117646,0.9840319361277444,1.3339878118236494,True,0.9840319361277444,93.894523326572,True,True,True,True,True,True,True,True,True,True,True,True,True,True,,2025-10-10,46.369998931884766,44.2611012657302,2.1088976661545686,2025-10-13,44.90999984741211,SMA20,-0.0314858554691218,2025-10-10,1,2025-10-09,501,498,498,258,51.80722891566265,481,293,60.91476091476091,0.9600798403193612,True,23241.75,22255.045771484376,NORMAL,POINT_IN_TIME,501,498,481,NORMAL,MOMENTUM_ENABLED,True,True,True,0.9940119760479041,22954.598046875,-0.035485855469121794,-0.037485855469121795,-0.0394858554691218
NTPC-2023-08-16,NTPC,2023-08-01,2023-08-16,10,207.6230926513672,4.529057612891363,4.413255842630642,197.3410792757732,2.270232409128024,203.32830810546875,200.1023397669546,194.36035842895507,181.4680841064453,162.7276338195801,2593617851.460724,92.22903885480572,78.11860940695297,74.23312883435584,81.18609406952966,0.9741035856573704,0.7233204651683179,True,0.9741035856573704,83.00613496932515,True,True,True,True,True,True,True,True,True,True,True,True,True,True,,2023-08-17,205.1984503401739,196.23776531511555,8.960685025058353,2023-10-05,221.8424288481086,SMA20,0.0811116189247171,2023-10-04,33,2023-08-16,502,491,491,326,66.39511201629328,483,391,80.95238095238095,0.9621513944223108,True,16853.05078125,15558.881508789062,STRONG_MOMENTUM,POINT_IN_TIME,502,491,483,STRONG_MOMENTUM,MOMENTUM_ENABLED,True,True,True,0.9780876494023905,16561.9891015625,0.0771116189247171,0.0751116189247171,0.0731116189247171
NTPC-2023-09-18,NTPC,2023-09-11,2023-09-18,5,227.31256103515625,5.212143384889288,5.244504638984469,218.00871601809496,1.7850324386766494,225.5359344482422,223.7593417203356,215.09601593017572,200.3504220581055,169.50172653198243,3087266343.578842,77.3469387755102,84.6938775510204,62.85714285714285,75.93877551020407,0.9780439121756488,0.7959300573387112,True,0.9780439121756488,75.77551020408163,True,True,True,True,True,True,True,True,True,True,True,True,True,True,,2023-09-20,225.81645223150085,216.69758985834883,9.118862373152012,2023-10-05,221.8424288481086,SMA20,-0.017598467003273,2023-10-04,10,2023-09-18,501,491,491,401,81.67006109979633,488,450,92.21311475409836,0.9740518962075848,True,17613.599609375,15747.201264648438,STRONG_MOMENTUM,POINT_IN_TIME,501,491,488,STRONG_MOMENTUM,MOMENTUM_ENABLED,True,True,True,0.9800399201596807,17008.085078125,-0.021598467003273,-0.023598467003272998,-0.025598467003273
NTPC-2023-12-26,NTPC,2023-12-19,2023-12-26,4,292.33660888671875,6.932711463244415,7.833650981423977,276.806346122468,2.240142669515164,292.2893981933594,291.67578897193164,271.2598731994629,244.85940856933595,197.8276594543457,5091278016.478928,92.24489795918367,85.71428571428571,89.59183673469387,88.83673469387755,0.9780439121756488,0.539685320246161,True,0.9780439121756488,90.3265306122449,True,True,True,True,True,True,True,True,True,True,True,True,True,True,,2023-12-27,294.1775672795284,274.84793337711204,19.329633902416333,2024-01-18,291.6757727968891,SMA20,-0.0085043686565742,2024-01-17,16,2023-12-26,501,491,491,404,82.28105906313645,489,439,89.77505112474438,0.9760479041916168,True,19148.849609375,16519.02472167969,STRONG_MOMENTUM,POINT_IN_TIME,501,491,489,STRONG_MOMENTUM,MOMENTUM_ENABLED,True,True,True,0.9800399201596807,17808.426875,-0.0125043686565742,-0.0145043686565742,-0.0165043686565742
NTPC-2024-01-15,NTPC,2024-01-09,2024-01-15,4,301.8719482421875,7.8332614729710945,7.663103575409397,290.7788999316605,1.416146818129833,299.5588684082031,297.6707405998424,292.7779800415039,265.13841430664064,207.0610340881348,3855503224.675659,63.469387755102034,82.24489795918367,88.9795918367347,78.63265306122449,0.9780439121756488,0.6991366823924792,True,0.9780439121756488,85.44897959183675,True,True,True,True,True,True,True,True,True,True,True,True,True,True,,2024-01-16,299.5116928370003,288.8631240378081,10.648568799192162,2024-01-18,291.6757727968891,SMA20,-0.0261623176240256,2024-01-17,2,2024-01-15,501,491,491,414,84.31771894093686,489,436,89.16155419222905,0.9760479041916168,True,19885.55078125,16840.98322753906,STRONG_MOMENTUM,POINT_IN_TIME,501,491,489,STRONG_MOMENTUM,MOMENTUM_ENABLED,True,True,True,0.9800399201596807,18438.861953125,-0.0301623176240256,-0.0321623176240256,-0.0341623176240256
NTPC-2024-02-01,NTPC,2024-01-29,2024-02-01,3,306.4035339355469,8.819323241768013,8.773210762622533,295.12168927526204,1.2792188641929352,303.9960632324219,302.10792937992125,295.7306182861328,279.8199133300781,214.39991355895995,6207718611.222839,54.08163265306123,78.9795918367347,85.71428571428571,73.53061224489795,0.9780439121756488,1.1479636447329862,True,0.9780439121756488,77.95918367346938,True,True,True,True,True,True,True,True,True,True,True,True,True,True,,2024-02-02,305.8842553160244,292.9283865846064,12.95586873141798,2024-02-13,303.67545339184574,SMA20,-0.0072210383038402,2024-02-12,7,2024-02-01,501,491,491,339,69.04276985743381,489,410,83.84458077709611,0.9760479041916168,True,19777.349609375,17120.335478515626,STRONG_MOMENTUM,POINT_IN_TIME,501,491,489,STRONG_MOMENTUM,MOMENTUM_ENABLED,True,True,True,0.9800399201596807,18961.366953125,-0.0112210383038402,-0.0132210383038402,-0.0152210383038402
NTPC-2024-02-14,NTPC,2024-02-06,2024-02-14,6,318.5947570800781,8.71666539327144,9.156594140944886,299.8145943913101,2.154512286689901,312.6842041015625,308.8233263320677,302.65431060791013,292.4664318847656,221.3669676971436,6207718611.222839,72.0408163265306,80.40816326530611,82.44897959183673,78.51020408163265,0.9780439121756488,0.6943922752639702,True,0.9780439121756488,74.53061224489797,True,True,True,True,True,True,True,True,True,True,True,True,True,True,,2024-02-15,315.5441343100877,297.525445856074,18.018688454013784,2024-03-14,306.0587187606296,SMA20,-0.0300605034861359,2024-03-13,19,2024-02-14,501,491,491,281,57.23014256619145,489,380,77.70961145194273,0.9760479041916168,True,19922.30078125,17346.2194921875,NORMAL,POINT_IN_TIME,501,491,489,NORMAL,MOMENTUM_ENABLED,True,True,True,0.9800399201596807,19359.1840234375,-0.0340605034861359,-0.0360605034861359,-0.038060503486135905
NTPC-2024-03-01,NTPC,2024-02-20,2024-03-01,8,329.5577392578125,8.742625936944762,7.703521853107581,315.1627638800516,1.6465276544579552,327.46044921875,320.3106071042847,318.4135803222656,304.02776000976564,231.0412060546875,4335146766.188416,78.81873727087576,82.07739307535643,84.72505091649694,81.89409368635438,0.9800399201596808,0.8828262602722612,True,0.9780439121756488,84.36734693877551,True,True,True,True,True,True,True,True,True,True,True,True,True,True,,2024-03-04,331.75033559848475,313.2368834167747,18.51345218171008,2024-03-14,306.0587187606296,SMA20,-0.0774426250134968,2024-03-13,7,2024-03-01,501,491,491,284,57.841140529531565,490,378,77.14285714285715,0.9780439121756488,True,20349.80078125,17618.16326171875,NORMAL,POINT_IN_TIME,501,491,490,NORMAL,MOMENTUM_ENABLED,True,True,True,0.9800399201596807,19692.01109375,-0.0814426250134968,-0.08344262501349681,-0.08544262501349681
NUVAMA-2024-09-09,NUVAMA,2024-09-03,2024-09-09,4,1305.2156982421875,55.65159289045757,54.53635223137529,1241.2453261035264,1.1494796252207533,1301.8427734375,1285.5755480949726,1238.6804931640625,1109.5636413574218,878.1557885742187,665347331.444397,78.29614604462475,86.61257606490872,95.131845841785,86.67342799188641,0.9820717131474104,1.0227036378303254,True,0.9820717131474104,85.49695740365111,True,True,True,True,True,True,True,True,True,True,True,True,True,True,,2024-09-10,1301.8427674682844,1227.6112380456825,74.23152942260185,2024-09-20,1272.0741176790707,SMA20,-0.022866547737639,2024-09-19,8,2024-09-09,502,494,493,255,51.72413793103448,489,394,80.57259713701431,0.9741035856573704,True,23502.150390625,20836.13603515625,NORMAL,POINT_IN_TIME,502,493,489,NORMAL,MOMENTUM_ENABLED,True,True,True,0.9820717131474104,23160.704921875,-0.026866547737639,-0.028866547737638998,-0.030866547737639
NUVAMA-2024-09-20,NUVAMA,2024-09-13,2024-09-20,5,1341.383544921875,51.558467622818114,53.76840066635203,1249.9186036047624,1.7740042622336032,1339.0994873046875,1305.813190350388,1281.7660400390623,1176.7633837890626,910.2174032592774,463705738.9425659,87.0182555780933,93.91480730223124,90.06085192697769,90.6896551724138,0.9840319361277444,1.893185022057328,True,0.9820717131474104,90.6896551724138,True,True,True,True,True,True,True,True,True,True,True,True,True,True,,2024-09-23,1339.099434115577,1236.4765034381744,102.62293067740256,2024-10-03,1247.7985060563976,SMA20,-0.0681808428359765,2024-10-01,7,2024-09-20,501,494,493,281,56.99797160243407,489,392,80.16359918200409,0.9760479041916168,True,24193.80078125,21121.88478515625,NORMAL,POINT_IN_TIME,501,493,489,NORMAL,MOMENTUM_ENABLED,True,True,True,0.9840319361277445,23343.9179296875,-0.0721808428359765,-0.07418084283597651,-0.07618084283597651
NUVAMA-2024-12-16,NUVAMA,2024-12-10,2024-12-16,4,1431.0382080078125,52.26666633152611,52.20720788171391,1326.7903885136427,1.9945373755603344,1354.4342041015625,1351.7322196569676,1317.270062255859,1312.0662060546874,1094.6534313964844,513988867.03704834,59.10931174089069,67.00404858299595,90.2834008097166,71.61943319838056,0.988,2.444749246580636,True,0.988,70.4655870445344,True,True,True,True,True,True,True,True,True,True,True,True,True,True,,2024-12-17,1354.4342290453774,1313.7385865432143,40.69564250216308,2024-12-24,1335.0913594564308,SMA20,-0.0142811435019474,2024-12-23,5,2024-12-16,500,496,496,293,59.07258064516129,488,290,59.42622950819673,0.976,True,23352.44921875,22223.811494140624,NORMAL,POINT_IN_TIME,500,496,488,NORMAL,MOMENTUM_ENABLED,True,True,True,0.992,22916.50890625,-0.0182811435019474,-0.020281143501947402,-0.0222811435019474
NYKAA-2024-09-05,NYKAA,2024-08-23,2024-09-05,9,226.7700042724609,11.231991895278105,9.379819227320835,204.2400054931641,2.005877407084706,215.3999938964844,210.6000061035156,205.152498626709,191.0489993286133,172.93765007019044,2291215466.047592,82.75862068965517,80.12170385395537,76.8762677484787,79.93914807302231,0.9820717131474104,1.4600201346188002,True,0.9801192842942346,88.9655172413793,True,True,True,True,True,True,True,True,True,True,True,True,True,True,,2024-09-06,216.9900054931641,201.89505068633383,15.094954806830202,2024-09-13,208.0,SMA20,-0.0414305049337735,2024-09-12,5,2024-09-05,502,494,493,302,61.257606490872206,489,410,83.84458077709611,0.9741035856573704,True,23762.80078125,20773.62978515625,STRONG_MOMENTUM,POINT_IN_TIME,502,493,489,STRONG_MOMENTUM,MOMENTUM_ENABLED,True,True,True,0.9820717131474104,23120.591953125,-0.0454305049337735,-0.0474305049337735,-0.0494305049337735
NYKAA-2025-07-17,NYKAA,2025-07-14,2025-07-17,3,220.02999877929688,5.8257796122830525,5.579339463911078,213.44000244140625,1.131178447601468,217.47000122070312,216.9499969482422,208.42449951171875,202.2970001220703,182.2371996307373,1549386356.947548,84.90945674044266,58.95372233400402,88.93360160965796,75.7344064386318,0.994,0.8949192220667943,True,0.994,81.48893360160966,True,True,True,True,True,True,True,True,True,True,True,True,True,True,,2025-07-18,217.47000122070312,212.04516757542848,5.424833645274646,2025-07-29,208.0,SMA20,-0.0435462416312415,2025-07-28,7,2025-07-17,500,497,497,376,75.65392354124748,479,327,68.26722338204593,0.958,True,23419.69921875,22276.32173828125,STRONG_MOMENTUM,POINT_IN_TIME,500,497,479,STRONG_MOMENTUM,MOMENTUM_ENABLED,True,True,True,0.994,23062.81796875,-0.047546241631241506,-0.0495462416312415,-0.0515462416312415
NYKAA-2025-09-15,NYKAA,2025-09-08,2025-09-15,5,247.27999877929688,6.425759654399899,6.306639741771988,235.1999969482422,1.8799336546587408,240.97999572753903,240.47000122070312,233.8924987792969,220.55339813232425,190.1256494140625,1534954668.9341888,89.53722334004024,92.95774647887325,88.12877263581488,90.48289738430584,0.9920159680638724,0.7996183373057184,True,0.9920159680638724,94.08450704225352,True,True,True,True,True,True,True,True,True,True,True,True,True,True,,2025-09-16,241.02999877929688,233.6233370127992,7.406661766497677,2025-09-24,238.6999969482422,SMA20,-0.0096668540963989,2025-09-23,6,2025-09-15,501,497,497,254,51.10663983903421,487,321,65.91375770020534,0.9720558882235528,True,23215.849609375,22244.965,NORMAL,POINT_IN_TIME,501,497,487,NORMAL,MOMENTUM_ENABLED,True,True,True,0.9920159680638723,23026.876015625,-0.0136668540963989,-0.0156668540963989,-0.0176668540963989
NYKAA-2025-10-16,NYKAA,2025-10-10,2025-10-16,4,265.19000244140625,7.188061495076001,7.103684795826764,254.8600006103516,1.4371053778728788,263.3099975585937,262.7799987792969,248.26249923706047,235.9975988769532,198.81914932250976,934013523.985016,91.68356997971604,95.131845841785,88.03245436105477,91.96754563894524,0.9801192842942346,0.9949868383139368,True,0.9840319361277444,93.4077079107505,True,True,True,True,True,True,True,True,True,True,True,True,True,True,,2025-10-17,261.29998779296875,253.08407941139487,8.215908381573882,2025-10-27,252.6999969482422,SMA20,-0.032912327770717,2025-10-24,5,2025-10-16,503,498,498,268,53.81526104417671,482,307,63.69294605809128,0.9582504970178928,True,23563.80078125,22274.728779296875,NORMAL,POINT_IN_TIME,503,498,482,NORMAL,MOMENTUM_ENABLED,True,True,True,0.9900596421471173,22999.95109375,-0.036912327770717,-0.038912327770717,-0.040912327770717
OFSS-2024-02-02,OFSS,2024-01-19,2024-02-02,8,6184.23828125,269.4332053161087,258.0249361450089,5738.119462052836,1.655767776186909,5902.77294921875,5864.1045893051205,5022.615112304688,4258.896181640625,3659.931223144531,1340354622.9211426,98.36734693877553,93.87755102040816,88.36734693877551,93.57142857142856,0.9780439121756488,0.7453181918764981,True,0.9780439121756488,95.30612244897958,True,True,True,True,True,True,True,True,True,True,True,True,True,True,,2024-02-05,5922.46623397871,5673.613228016584,248.8530059621262,2024-04-10,7576.188696181012,SMA20,0.2792286856300626,2024-04-09,44,2024-02-02,501,491,491,333,67.82077393075356,489,406,83.02658486707567,0.9760479041916168,True,19910.80078125,17145.553232421877,STRONG_MOMENTUM,POINT_IN_TIME,501,491,489,STRONG_MOMENTUM,MOMENTUM_ENABLED,True,True,True,0.9800399201596807,19007.57296875,0.2752286856300626,0.2732286856300626,0.2712286856300626
OFSS-2024-02-22,OFSS,2024-02-16,2024-02-22,3,7119.81884765625,314.6829236402463,290.9110297939216,6864.881265079465,0.810141140255313,7112.31005859375,7095.089495502441,6493.184765625,5121.561904296875,3929.293483886719,1470641898.1586914,90.4276985743381,98.57433808553972,93.0753564154786,94.48065173116088,0.9800399201596808,0.9896819677199522,True,0.9780439121756488,97.2857142857143,True,True,True,True,True,True,True,True,True,True,True,True,True,True,,2024-02-23,7194.906627711266,6792.153507630985,402.7531200802814,2024-04-10,7576.188696181012,SMA20,0.0529933310046351,2024-04-09,30,2024-02-22,501,491,491,298,60.692464358452135,489,389,79.55010224948876,0.9760479041916168,True,20283.94921875,17472.92249511719,STRONG_MOMENTUM,POINT_IN_TIME,501,491,489,STRONG_MOMENTUM,MOMENTUM_ENABLED,True,True,True,0.9800399201596807,19526.1800390625,0.0489933310046351,0.046993331004635104,0.0449933310046351
OFSS-2024-09-10,OFSS,2024-09-03,2024-09-10,5,10625.5673828125,332.1734264030717,334.9886073801549,9980.117011590051,1.943112602990804,10441.955078125,10225.737858429262,10210.02265625,9985.15177734375,7197.805006103516,2467156178.551269,65.51724137931035,88.64097363083164,88.03245436105477,81.5212981744422,0.9820717131474104,1.4830885492184165,True,0.9820717131474104,90.36511156186612,True,True,True,True,True,True,True,True,True,True,True,True,True,True,,2024-09-11,10576.174395209637,9896.369859745017,679.8045354646201,2024-09-19,10711.228649768656,SMA20,0.012769669779669,2024-09-18,6,2024-09-10,502,494,493,279,56.5922920892495,489,403,82.41308793456032,0.9741035856573704,True,23643.650390625,20868.0712890625,NORMAL,POINT_IN_TIME,502,493,489,NORMAL,MOMENTUM_ENABLED,True,True,True,0.9820717131474104,23182.3839453125,0.008769669779669,0.006769669779669,0.004769669779669
OFSS-2026-08-14,OFSS,2026-08-11,2026-08-14,3,11896.0,378.38551756778304,385.84547452493416,11318.0,1.527542607114868,11828.0,11686.0,11435.7,10894.22,8571.695830078124,2926115704.0,56.00000000000001,86.0,98.6,80.78,1.0,1.030825698310664,True,1.0,83.42,True,True,True,True,True,True,True,True,True,True,True,True,True,True,,2026-08-17,11815.0,11221.538631368769,593.4613686312332,2026-08-25,11518.0,SMA20,-0.0251375370292001,2026-08-24,6,2026-08-14,500,500,500,285,56.99999999999999,420,244,58.0952380952381,0.84,True,23594.900390625,23085.6903125,NORMAL,POINT_IN_TIME,500,500,420,NORMAL,MOMENTUM_ENABLED,True,True,True,1.0,23183.9540234375,-0.0291375370292001,-0.0311375370292001,-0.033137537029200095
OIL-2024-01-18,OIL,2024-01-15,2024-01-18,3,246.4945526123047,8.816674940510461,9.48993694663192,234.0610228671159,1.410228893441423,245.8417816162109,239.34527623844772,236.35657806396483,211.80271759033204,176.6580770111084,1655143799.312378,91.02040816326532,70.61224489795919,85.91836734693878,81.32653061224491,0.9780439121756488,1.84487228886719,True,0.9780439121756488,84.55102040816327,True,True,True,True,True,True,True,True,True,True,True,True,True,True,,2024-01-19,249.13670674635443,231.6885386304579,17.44816811589652,2024-03-14,356.7177052972423,SMA20,0.4318151265458278,2024-03-13,36,2024-01-18,501,491,491,353,71.89409368635438,489,420,85.88957055214725,0.9760479041916168,True,19414.80078125,16918.919985351564,STRONG_MOMENTUM,POINT_IN_TIME,501,491,489,STRONG_MOMENTUM,MOMENTUM_ENABLED,True,True,True,0.9800399201596807,18600.9669921875,0.4278151265458278,0.4258151265458278,0.4238151265458278
OIL-2024-03-01,OIL,2024-02-20,2024-03-01,8,375.9275207519531,21.67307957514044,20.708880076952493,338.1917836781108,1.7411340618675248,366.2604675292969,355.10137143911265,337.35406494140625,280.789938659668,199.57394104003907,3896221908.0498047,99.79633401221996,99.59266802443992,97.75967413441956,99.10386965376782,0.9800399201596808,1.662664984927786,True,0.9780439121756488,98.3469387755102,True,True,True,True,True,True,True,True,True,True,True,True,True,True,,2024-03-04,369.2755858133261,333.01456365887265,36.26102215445343,2024-03-14,356.7177052972423,SMA20,-0.0340067987122007,2024-03-13,7,2024-03-01,501,491,491,284,57.841140529531565,490,378,77.14285714285715,0.9780439121756488,True,20349.80078125,17618.16326171875,NORMAL,POINT_IN_TIME,501,491,490,NORMAL,MOMENTUM_ENABLED,True,True,True,0.9800399201596807,19692.01109375,-0.038006798712200696,-0.0400067987122007,-0.0420067987122007
OIL-2024-05-14,OIL,2024-05-08,2024-05-14,4,404.4640197753906,16.19357683843877,16.60117110380969,371.8871838979001,2.0117134220873747,391.1744689941406,390.4483743703851,390.09959869384767,381.4693249511719,252.53961471557616,2375567196.1974792,44.87704918032787,94.05737704918032,97.1311475409836,80.22540983606557,0.9740518962075848,0.6342707452969741,True,0.9740518962075848,87.60245901639345,True,True,True,True,True,True,True,True,True,True,True,True,True,True,,2024-05-15,393.0052968555013,367.7368911219477,25.268405733553664,2024-05-30,404.2430659653014,SMA20,0.0285944469443931,2024-05-29,10,2024-05-14,501,493,492,288,58.53658536585365,480,357,74.375,0.9580838323353292,True,20683.80078125,18638.31026367188,NORMAL,POINT_IN_TIME,501,492,480,NORMAL,MOMENTUM_ENABLED,True,True,True,0.9820359281437125,20427.9570703125,0.0245944469443931,0.022594446944393103,0.0205944469443931
OIL-2024-05-24,OIL,2024-05-21,2024-05-24,3,419.2056274414063,16.114511770902357,15.318239036625329,408.5993023026382,0.6581847026802066,417.8799133300781,417.8167809722808,399.6485260009766,387.0572668457031,261.35551040649415,2455651242.1891174,81.42857142857143,75.91836734693878,96.93877551020408,83.87755102040816,0.9780439121756488,0.6520368586901154,True,0.9780439121756488,88.57142857142857,True,True,True,True,True,True,True,True,True,True,True,True,True,True,,2024-05-27,419.3950843542791,404.76974254348187,14.62534181079718,2024-05-30,404.2430659653014,SMA20,-0.0361282689145164,2024-05-29,3,2024-05-24,501,493,492,336,68.29268292682927,480,364,75.83333333333333,0.9580838323353292,True,21483.75,18786.948759765623,STRONG_MOMENTUM,POINT_IN_TIME,501,492,480,STRONG_MOMENTUM,MOMENTUM_ENABLED,True,True,True,0.9820359281437125,20551.7060546875,-0.0401282689145164,-0.0421282689145164,-0.0441282689145164
OLECTRA-2023-09-08,OLECTRA,2023-08-31,2023-09-08,6,1247.9459228515625,58.167620164426864,49.31193003059868,1214.0232282034474,0.5831886288664249,1245.1484375,1242.250576031132,1203.776544189453,1188.7456518554689,750.9511103820801,784313169.4318848,85.3061224489796,95.10204081632652,98.57142857142858,93.20408163265306,0.9780439121756488,1.051013676623891,True,0.9760956175298804,90.24489795918367,True,True,True,True,True,True,True,True,True,True,True,True,True,True,,2023-09-11,1264.932271791395,1201.6952456957977,63.23702609559723,2023-09-13,1192.9900966881246,SMA20,-0.056874329723113,2023-09-12,2,2023-09-08,501,491,491,414,84.31771894093686,487,451,92.60780287474331,0.9720558882235528,True,17487.44921875,15688.051762695311,STRONG_MOMENTUM,POINT_IN_TIME,501,491,487,STRONG_MOMENTUM,MOMENTUM_ENABLED,True,True,True,0.9800399201596807,16885.0370703125,-0.060874329723113005,-0.062874329723113,-0.064874329723113
OLECTRA-2024-01-24,OLECTRA,2024-01-10,2024-01-24,9,1708.2347412109375,75.15776319996493,87.25175830224134,1549.2606858531428,2.1152047185708267,1693.74169921875,1684.995885932828,1524.2925354003903,1345.819719238281,1092.863726196289,2036218852.298035,97.95918367346938,92.44897959183672,63.06122448979592,85.28571428571429,0.9780439121756488,1.989871858752685,True,0.9780439121756488,87.40816326530613,True,True,True,True,True,True,True,True,True,True,True,True,True,True,,2024-01-25,1699.938656200601,1527.4477462775826,172.4909099230183,2024-02-29,1957.066063267645,SMA20,0.1512568739637518,2024-02-28,24,2024-01-24,501,491,491,324,65.9877800407332,489,406,83.02658486707567,0.9760479041916168,True,19451.0,16996.138735351564,STRONG_MOMENTUM,POINT_IN_TIME,501,491,489,STRONG_MOMENTUM,MOMENTUM_ENABLED,True,True,True,0.9800399201596807,18734.1059765625,0.14725687396375178,0.14525687396375178,0.14325687396375178
ONGC-2024-02-14,ONGC,2024-02-08,2024-02-14,4,242.52410888671875,8.142965942572186,8.798832271035536,226.1427651359592,2.011717090098134,238.70626831054688,232.9794303196176,223.4791206359864,199.2542337036133,162.88314041137696,6448177330.016945,92.85714285714286,84.89795918367346,83.6734693877551,86.91836734693878,0.9780439121756488,1.280273618996167,True,0.9780439121756488,85.75510204081633,True,True,True,True,True,True,True,True,True,True,True,True,True,True,,2024-02-15,241.19227609563865,223.94305706820035,17.249219027438272,2024-02-29,238.73155984611117,SMA20,-0.0102023012069912,2024-02-28,10,2024-02-14,501,491,491,281,57.23014256619145,489,380,77.70961145194273,0.9760479041916168,True,19922.30078125,17346.2194921875,NORMAL,POINT_IN_TIME,501,491,489,NORMAL,MOMENTUM_ENABLED,True,True,True,0.9800399201596807,19359.1840234375,-0.0142023012069912,-0.0162023012069912,-0.0182023012069912
ONGC-2024-03-01,ONGC,2024-02-20,2024-03-01,8,249.1816864013672,8.37885793508264,7.146632019298101,235.5785165885408,1.6235112133682688,243.7313995361328,239.9477603488145,241.54751586914065,215.650717163086,169.15382347106933,4761935280.356644,85.5397148676171,87.9837067209776,85.33604887983707,86.45621181262729,0.9800399201596808,0.5815341329010121,True,0.9780439121756488,87.89795918367346,True,True,True,True,True,True,True,True,True,True,True,True,True,True,,2024-03-04,245.71333955854007,233.7918585837163,11.921480974823766,2024-03-13,243.95663169422107,SMA20,-0.0071494200008643,2024-03-12,6,2024-03-01,501,491,491,284,57.841140529531565,490,378,77.14285714285715,0.9780439121756488,True,20349.80078125,17618.16326171875,NORMAL,POINT_IN_TIME,501,491,490,NORMAL,MOMENTUM_ENABLED,True,True,True,0.9800399201596807,19692.01109375,-0.0111494200008643,-0.0131494200008643,-0.0151494200008643
PATANJALI-2023-12-14,PATANJALI,2023-12-08,2023-12-14,4,522.0382080078125,17.42106420067798,17.898968197253687,488.5100740593588,1.9245743866295408,510.8023986816406,510.33017082315104,474.3856552124024,450.2747534179687,382.607960357666,776626637.3422394,52.44897959183673,80.40816326530611,82.0408163265306,72.51020408163265,0.9780439121756488,0.9089387819825198,True,0.9780439121756488,79.77551020408163,True,True,True,True,True,True,True,True,True,True,True,True,True,True,,2023-12-15,514.5639759395289,484.0353320100454,30.52864392948345,2024-01-03,509.15779613164784,SMA20,-0.0105063316918173,2024-01-02,12,2023-12-14,501,491,491,414,84.31771894093686,489,441,90.1840490797546,0.9760479041916168,True,18973.849609375,16365.27822265625,STRONG_MOMENTUM,POINT_IN_TIME,501,491,489,STRONG_MOMENTUM,MOMENTUM_ENABLED,True,True,True,0.9800399201596807,17554.63984375,-0.0145063316918173,-0.0165063316918173,-0.0185063316918173
PATANJALI-2024-01-03,PATANJALI,2023-12-22,2024-01-03,6,528.1282348632812,18.69509478938013,17.438793792999427,497.9709397113254,1.613112717090201,519.3025512695312,513.114695408712,513.7799209594726,474.4905206298829,395.8373379516602,1059830136.1471252,74.28571428571429,80.81632653061224,64.6938775510204,74.0204081632653,0.9780439121756488,1.6338389699570814,True,0.9780439121756488,82.14285714285714,True,True,True,True,True,True,True,True,True,True,True,True,True,True,,2024-01-04,529.2193854731515,493.6112412630756,35.60814421007598,2024-01-17,514.5640619778374,SMA20,-0.0276923406390555,2024-01-16,9,2024-01-03,501,491,491,422,85.94704684317719,489,443,90.59304703476482,0.9760479041916168,True,19367.150390625,16633.734721679688,STRONG_MOMENTUM,POINT_IN_TIME,501,491,489,STRONG_MOMENTUM,MOMENTUM_ENABLED,True,True,True,0.9800399201596807,18006.349921875,-0.0316923406390555,-0.0336923406390555,-0.0356923406390555
PATANJALI-2024-09-10,PATANJALI,2024-09-02,2024-09-10,6,644.2559814453125,17.678970175765162,17.260046897596226,614.2586611412634,1.6967798466660873,634.8675537109375,632.0051629611966,619.289013671875,575.4610009765624,508.9566673278808,1077502858.620758,71.39959432048681,87.2210953346856,56.3894523326572,73.22515212981745,0.9820717131474104,1.02019138116573,True,0.9820717131474104,80.64908722109534,True,True,True,True,True,True,True,True,True,True,True,True,True,True,,2024-09-11,628.4722530175702,609.9436494168643,18.52860360070588,2024-09-16,609.0410465699729,SMA20,-0.030918161230348,2024-09-13,3,2024-09-10,502,494,493,279,56.5922920892495,489,403,82.41308793456032,0.9741035856573704,True,23643.650390625,20868.0712890625,NORMAL,POINT_IN_TIME,502,493,489,NORMAL,MOMENTUM_ENABLED,True,True,True,0.9820717131474104,23182.3839453125,-0.034918161230348,-0.036918161230348,-0.038918161230348
PAYTM-2023-09-05,PAYTM,2023-08-23,2023-09-05,9,904.75,31.64795528112964,29.58605706951687,850.0,1.729969582984249,881.0999755859375,865.0,865.3075012207031,841.7709973144531,675.6419985961915,2353880338.7955933,71.83673469387755,70.81632653061224,75.51020408163265,72.53061224489795,0.9760956175298804,1.0091735228822778,True,0.9741035856573704,79.95910020449898,True,True,True,True,True,True,True,True,True,True,True,True,True,True,,2023-09-06,884.5499877929688,842.6034857326208,41.94650206034794,2023-09-13,868.5499877929688,SMA20,-0.0180882937321851,2023-09-12,5,2023-09-05,502,492,491,399,81.26272912423626,484,439,90.70247933884298,0.9641434262948207,True,17252.099609375,15661.321015625,STRONG_MOMENTUM,POINT_IN_TIME,502,491,484,STRONG_MOMENTUM,MOMENTUM_ENABLED,True,True,True,0.9780876494023905,16812.02310546875,-0.0220882937321851,-0.0240882937321851,-0.0260882937321851
PAYTM-2023-10-18,PAYTM,2023-10-11,2023-10-18,5,971.75,29.723335622326854,28.019986252750552,925.0,1.572838277440284,947.9500122070312,946.2999877929688,895.9099945068359,879.9139990234376,731.0894982910156,1672237503.7858276,84.89795918367346,63.6734693877551,76.73469387755102,73.95918367346938,0.9780439121756488,1.0020557702876514,True,0.9780439121756488,79.48979591836735,True,True,True,True,True,True,True,True,True,True,True,True,True,True,,2023-10-19,952.0,917.9950034368125,34.00499656318766,2023-10-27,885.8499755859375,SMA20,-0.0694853197626707,2023-10-26,5,2023-10-18,501,491,491,298,60.692464358452135,488,432,88.52459016393442,0.9740518962075848,True,17344.0,15901.523500976562,STRONG_MOMENTUM,POINT_IN_TIME,501,491,488,STRONG_MOMENTUM,MOMENTUM_ENABLED,True,True,True,0.9800399201596807,17187.5749609375,-0.0734853197626707,-0.0754853197626707,-0.0774853197626707
PAYTM-2024-09-24,PAYTM,2024-09-16,2024-09-24,6,682.1500244140625,34.97410037419481,34.61925463157742,628.5,1.533992978805753,680.9500122070312,676.4000244140625,635.0125030517578,558.4289990234375,497.0742494201661,7067076594.876373,98.58012170385396,98.98580121703854,88.84381338742394,95.8215010141988,0.986,1.109669091412841,True,0.9820717131474104,95.94320486815415,True,True,True,True,True,True,True,True,True,True,True,True,True,True,,2024-09-25,680.9500122070312,619.8451863421056,61.1048258649256,2024-10-08,657.25,SMA20,-0.0348043348001669,2024-10-07,8,2024-09-24,500,493,493,306,62.06896551724138,490,403,82.24489795918367,0.98,True,24389.69921875,21188.8027734375,STRONG_MOMENTUM,POINT_IN_TIME,500,493,490,STRONG_MOMENTUM,MOMENTUM_ENABLED,True,True,True,0.986,23397.2819140625,-0.0388043348001669,-0.040804334800166896,-0.0428043348001669
PAYTM-2025-10-27,PAYTM,2025-10-21,2025-10-27,3,1308.199951171875,32.925862539932005,31.79206568067408,1280.0,0.8564681073327847,1306.199951171875,1297.300048828125,1233.8150024414062,1226.1080004882813,955.5115008544922,4215761641.378784,92.90060851926978,92.90060851926978,93.91480730223124,93.20486815415822,0.9801192842942346,0.9775560489171076,True,0.9801192842942346,96.06490872210954,True,True,True,True,True,True,True,True,True,True,True,True,True,True,,2025-10-28,1313.0,1272.0519835798316,40.948016420168415,2025-11-04,1275.0,SMA20,-0.0289413556740289,2025-11-03,5,2025-10-27,503,498,498,291,58.43373493975904,482,314,65.14522821576763,0.9582504970178928,True,23840.900390625,22310.83252929688,NORMAL,POINT_IN_TIME,503,498,482,NORMAL,MOMENTUM_ENABLED,True,True,True,0.9900596421471173,23130.993125,-0.0329413556740289,-0.0349413556740289,-0.0369413556740289
PCBL-2023-12-14,PCBL,2023-12-04,2023-12-14,8,257.6768493652344,10.866945704974302,10.5618798950304,234.29439479648948,2.1517043706256547,248.0985107421875,241.66598769898224,241.01333465576167,208.4684811401368,152.47305931091307,996683741.016159,92.24489795918367,97.55102040816328,92.44897959183672,94.42857142857144,0.9780439121756488,1.6229992946081797,True,0.9780439121756488,97.14285714285714,True,True,True,True,True,True,True,True,True,True,True,True,True,True,,2023-12-15,251.24432752042893,231.65392482273188,19.5904026976971,2023-12-19,245.09353243534807,SMA20,-0.0244813291738127,2023-12-18,2,2023-12-14,501,491,491,414,84.31771894093686,489,441,90.1840490797546,0.9760479041916168,True,18973.849609375,16365.27822265625,STRONG_MOMENTUM,POINT_IN_TIME,501,491,489,STRONG_MOMENTUM,MOMENTUM_ENABLED,True,True,True,0.9800399201596807,17554.63984375,-0.0284813291738127,-0.030481329173812702,-0.032481329173812704
PCBL-2024-08-28,PCBL,2024-08-23,2024-08-28,3,478.0137634277344,23.68046885559028,23.121343045412868,450.1650597446314,1.1760199450835078,467.2659912109375,466.3106169708739,393.8084228515625,314.0262261962891,267.70569679260257,3404961270.411529,100.0,99.79716024340772,91.07505070993916,97.24137931034484,0.9801192842942346,0.6795541571208896,True,0.9801192842942346,97.78904665314404,True,True,True,True,True,True,True,True,True,True,True,True,True,True,,2024-08-29,468.6989847837117,444.38472398327815,24.314260800433544,2024-10-08,478.58696336853785,SMA20,0.0210966503146771,2024-10-07,27,2024-08-28,503,493,493,294,59.63488843813387,487,413,84.80492813141683,0.9681908548707754,True,23615.94921875,20570.36078125,NORMAL,POINT_IN_TIME,503,493,487,NORMAL,MOMENTUM_ENABLED,True,True,True,0.9801192842942346,22947.1669140625,0.0170966503146771,0.015096650314677098,0.013096650314677098
PCBL-2024-09-10,PCBL,2024-09-04,2024-09-10,4,487.4240112304688,22.36312188438965,22.072171992228427,439.4649847235892,2.144558651283694,465.928466796875,464.6864475810269,442.32154235839846,353.25344635009765,280.01726234436035,2579319509.4883423,97.3630831643002,100.0,94.9290060851927,97.68762677484789,0.9820717131474104,0.6624888948811932,True,0.9820717131474104,98.29614604462476,True,True,True,True,True,True,True,True,True,True,True,True,True,True,,2024-09-11,467.2659599018718,433.9469417255321,33.31901817633968,2024-10-08,478.58696336853785,SMA20,0.0242281793200676,2024-10-07,18,2024-09-10,502,494,493,279,56.5922920892495,489,403,82.41308793456032,0.9741035856573704,True,23643.650390625,20868.0712890625,NORMAL,POINT_IN_TIME,502,493,489,NORMAL,MOMENTUM_ENABLED,True,True,True,0.9820717131474104,23182.3839453125,0.0202281793200676,0.0182281793200676,0.0162281793200676
PCBL-2024-09-24,PCBL,2024-09-18,2024-09-24,4,508.5852355957031,23.60204334402953,22.364172247197427,479.54231464383696,1.230525701886442,506.7222595214844,503.4740269019752,476.1006393432617,399.7259161376953,292.5258590698242,1871510719.156708,82.1501014198783,100.0,98.37728194726166,94.158215010142,0.986,0.8102717847100032,True,0.9840319361277444,98.90466531440164,True,True,True,True,True,True,True,True,True,True,True,True,True,True,,2024-09-25,505.7191017423704,473.9512715820376,31.76783016033277,2024-10-08,478.58696336853785,SMA20,-0.0536506101516698,2024-10-07,8,2024-09-24,500,493,493,306,62.06896551724138,490,403,82.24489795918367,0.98,True,24389.69921875,21188.8027734375,STRONG_MOMENTUM,POINT_IN_TIME,500,493,490,STRONG_MOMENTUM,MOMENTUM_ENABLED,True,True,True,0.986,23397.2819140625,-0.05765061015166981,-0.0596506101516698,-0.0616506101516698
PERSISTENT-2024-02-02,PERSISTENT,2024-01-29,2024-02-02,4,4237.76123046875,123.7062868604538,126.61200021857525,4039.5530096481775,1.6022485667535982,4187.03955078125,4148.826142180531,3867.189489746094,3552.65390625,2810.287176513672,2279538780.5200195,84.08163265306122,78.36734693877551,90.6122448979592,83.75510204081633,0.9780439121756488,0.6820778371483561,True,0.9780439121756488,87.0,True,True,True,True,True,True,True,True,True,True,True,True,True,True,,2024-02-05,4198.070152699784,4007.900009593535,190.1701431062488,2024-02-22,4222.667932216114,SMA20,0.0058593064483479,2024-02-21,13,2024-02-02,501,491,491,333,67.82077393075356,489,406,83.02658486707567,0.9760479041916168,True,19910.80078125,17145.553232421877,STRONG_MOMENTUM,POINT_IN_TIME,501,491,489,STRONG_MOMENTUM,MOMENTUM_ENABLED,True,True,True,0.9800399201596807,19007.57296875,0.0018593064483479003,-0.00014069355165209976,-0.0021406935516521
PERSISTENT-2024-02-23,PERSISTENT,2024-02-16,2024-02-23,4,4367.7421875,102.5205789233709,97.76013670539184,4180.834865820807,1.8231200373819296,4260.7587890625,4247.560792742625,4235.735046386719,3886.007958984375,2965.783438720703,1600954104.7158203,49.287169042769854,75.35641547861506,87.9837067209776,71.32382892057026,0.9800399201596808,0.8138959394225216,True,0.9780439121756488,87.36734693877551,True,True,True,True,True,True,True,True,True,True,True,True,True,True,,2024-02-26,4259.6257828065945,4156.394831644459,103.23095116213516,2024-02-27,4178.372151047814,SMA20,-0.0190752981369277,2024-02-26,1,2024-02-23,501,491,491,297,60.4887983706721,489,391,79.95910020449898,0.9760479041916168,True,20313.5,17498.107993164063,STRONG_MOMENTUM,POINT_IN_TIME,501,491,489,STRONG_MOMENTUM,MOMENTUM_ENABLED,True,True,True,0.9800399201596807,19558.3800390625,-0.0230752981369277,-0.0250752981369277,-0.0270752981369277
PERSISTENT-2024-09-10,PERSISTENT,2024-09-03,2024-09-10,5,5222.0654296875,141.5132572206503,136.6351000586124,5065.028619412349,1.1096968111637475,5205.8291015625,5187.816385830623,4969.372094726563,4766.322451171875,3982.5343103027344,1905011651.2854004,83.16430020283975,93.91480730223124,62.47464503042597,81.25760649087222,0.9820717131474104,0.8765405807949748,True,0.9820717131474104,85.43610547667343,True,True,True,True,True,True,True,True,True,True,True,True,True,True,,2024-09-11,5238.1549396604005,5030.869844397696,207.2850952627041,2024-10-04,5192.059570210294,SMA20,-0.0087999247790664,2024-10-03,16,2024-09-10,502,494,493,279,56.5922920892495,489,403,82.41308793456032,0.9741035856573704,True,23643.650390625,20868.0712890625,NORMAL,POINT_IN_TIME,502,493,489,NORMAL,MOMENTUM_ENABLED,True,True,True,0.9820717131474104,23182.3839453125,-0.0127999247790664,-0.0147999247790664,-0.016799924779066402
PETRONET-2024-04-25,PETRONET,2024-04-16,2024-04-25,6,285.4234619140625,9.763821783238228,9.590213582268111,269.8548836610886,1.5945168396765326,280.41925048828125,280.2802521841808,266.6346099853516,259.32017333984373,217.90243156433107,1787032751.9768372,82.17213114754098,82.58196721311475,66.39344262295081,77.60245901639344,0.9740518962075848,0.9885240888558156,True,0.9740518962075848,81.98770491803279,True,True,True,True,True,True,True,True,True,True,True,True,True,True,,2024-04-26,282.0872844867029,267.4573302655216,14.629954221181322,2024-05-08,273.5153603884901,SMA20,-0.0303874884463886,2024-05-07,7,2024-04-25,501,493,492,346,70.32520325203252,479,377,78.70563674321504,0.9560878243512974,True,20867.900390625,18387.28026855469,STRONG_MOMENTUM,POINT_IN_TIME,501,492,479,STRONG_MOMENTUM,MOMENTUM_ENABLED,True,True,True,0.9820359281437125,20261.923125,-0.0343874884463886,-0.0363874884463886,-0.038387488446388604
PETRONET-2024-05-08,PETRONET,2024-05-02,2024-05-08,4,297.2388610839844,9.969207933349574,10.381688950901866,273.5153603884901,2.3796775886410253,284.82110595703125,283.8480305986282,280.6231399536133,264.5921664428711,221.3121852874756,2129691258.0289764,88.9344262295082,79.30327868852459,80.94262295081968,82.6844262295082,0.9740518962075848,0.9070842979347497,True,0.9740518962075848,81.65983606557377,True,True,True,True,True,True,True,True,True,True,True,True,True,True,,2024-05-09,286.4891296534182,270.9199381507646,15.56919150265361,2024-05-10,275.2297379419409,SMA20,-0.0393012877141216,2024-05-09,1,2024-05-08,501,493,492,289,58.73983739837399,479,362,75.5741127348643,0.9560878243512974,True,20704.900390625,18561.658759765625,NORMAL,POINT_IN_TIME,501,492,479,NORMAL,MOMENTUM_ENABLED,True,True,True,0.9820359281437125,20407.4140625,-0.0433012877141216,-0.0453012877141216,-0.0473012877141216
PETRONET-2024-07-24,PETRONET,2024-07-16,2024-07-24,5,328.5269775390625,8.862278077201884,10.276939895771928,308.4264250609055,2.268102208377489,327.779052734375,325.1612878321883,313.4543762207031,296.4069207763672,245.2954963684082,1360999684.0429993,78.29614604462475,64.50304259634888,89.8580121703854,76.2474645030426,0.9801192842942346,2.9304034245568618,True,0.9801192842942346,71.88640973630832,True,True,True,True,True,True,True,True,True,True,True,True,True,True,,2024-07-25,322.1696101989263,305.85719008696253,16.312420111963775,2024-08-29,343.1115190232505,SMA20,0.0650027443972552,2024-08-28,24,2024-07-24,503,493,493,356,72.21095334685599,486,414,85.18518518518519,0.9662027833001988,True,22921.44921875,19854.3767578125,STRONG_MOMENTUM,POINT_IN_TIME,503,493,486,STRONG_MOMENTUM,MOMENTUM_ENABLED,True,True,True,0.9801192842942346,22071.8770703125,0.0610027443972552,0.059002744397255204,0.0570027443972552
PFC-2023-10-10,PFC,2023-09-29,2023-10-10,6,221.5896453857422,8.09369916868459,8.025766748018803,209.5820969150545,1.483567429482208,219.874252319336,215.7397955061866,209.3397415161133,196.4220095825196,137.12403392791748,4099267414.288941,95.3061224489796,90.40816326530611,95.71428571428572,93.46938775510203,0.9780439121756488,1.0508025473726752,True,0.9780439121756488,93.0204081632653,True,True,True,True,True,True,True,True,True,True,True,True,True,True,,2023-10-11,222.55726232910155,207.5756552280498,14.981607101051736,2023-10-25,216.3115843889609,SMA20,-0.0280632403309534,2023-10-23,9,2023-10-10,501,491,491,290,59.063136456211815,488,431,88.31967213114754,0.9740518962075848,True,17303.349609375,15843.93701171875,NORMAL,POINT_IN_TIME,501,491,488,NORMAL,MOMENTUM_ENABLED,True,True,True,0.9800399201596807,17130.74,-0.032063240330953396,-0.0340632403309534,-0.0360632403309534
PFC-2024-02-01,PFC,2024-01-29,2024-02-01,3,398.5859680175781,16.740010653216725,15.240285514744745,389.9763534239631,0.5143135671756961,397.6937255859375,397.292296944309,366.4537017822266,345.77592712402344,214.8725922012329,4517116557.088379,79.59183673469387,97.75510204081633,96.12244897959184,91.81632653061224,0.9780439121756488,1.0171887066724254,True,0.9780439121756488,93.71428571428572,True,True,True,True,True,True,True,True,True,True,True,True,True,True,,2024-02-02,399.7903828899996,386.1662820452769,13.624100844722705,2024-02-13,374.6306045852872,SMA20,-0.0629324250444388,2024-02-12,7,2024-02-01,501,491,491,339,69.04276985743381,489,410,83.84458077709611,0.9760479041916168,True,19777.349609375,17120.335478515626,STRONG_MOMENTUM,POINT_IN_TIME,501,491,489,STRONG_MOMENTUM,MOMENTUM_ENABLED,True,True,True,0.9800399201596807,18961.366953125,-0.0669324250444388,-0.0689324250444388,-0.07093242504443881
PHOENIXLTD-2023-11-23,PHOENIXLTD,2023-11-20,2023-11-23,3,1143.920654296875,44.17704132749749,44.66185038594814,1085.1491615954096,1.330362806910832,1131.732666015625,1128.0686585756655,1028.0579650878906,963.5728662109376,801.2255361938477,577774964.296814,95.91836734693877,89.38775510204081,86.73469387755102,90.55102040816324,0.9780439121756488,1.1555256793235025,True,0.9780439121756488,90.12244897959184,True,True,True,True,True,True,True,True,True,True,True,True,True,True,,2023-11-24,1128.6419832722845,1073.9836989989226,54.65828427336169,2023-12-11,1107.5562667208171,SMA20,-0.0186823783484762,2023-12-08,10,2023-11-23,501,491,491,305,62.11812627291242,488,417,85.45081967213115,0.9740518962075848,True,17639.400390625,16124.258237304688,STRONG_MOMENTUM,POINT_IN_TIME,501,491,488,STRONG_MOMENTUM,MOMENTUM_ENABLED,True,True,True,0.9800399201596807,17278.4748828125,-0.0226823783484762,-0.024682378348476197,-0.0266823783484762
PHOENIXLTD-2024-04-30,PHOENIXLTD,2024-04-24,2024-04-30,4,1590.0634765625,69.79902724113855,69.65462904526187,1505.520670858774,1.2112318616082058,1571.0462646484375,1552.2784732299417,1506.7755798339845,1419.1289331054688,1114.194775695801,1424825398.263916,78.68852459016394,88.11475409836066,86.47540983606558,84.79508196721312,0.9740518962075848,1.2393865653612506,True,0.9740518962075848,88.70901639344262,True,True,True,True,True,True,True,True,True,True,True,True,True,True,,2024-05-02,1576.7041726581824,1488.1070135974585,88.59715906072392,2024-05-08,1507.9134307736754,SMA20,-0.0436294538172826,2024-05-07,4,2024-04-30,501,493,492,353,71.7479674796748,479,384,80.1670146137787,0.9560878243512974,True,20997.19921875,18455.24826171875,STRONG_MOMENTUM,POINT_IN_TIME,501,492,479,STRONG_MOMENTUM,MOMENTUM_ENABLED,True,True,True,0.9820359281437125,20326.0130859375,-0.047629453817282605,-0.0496294538172826,-0.0516294538172826
PHOENIXLTD-2024-06-10,PHOENIXLTD,2024-06-03,2024-06-10,5,1666.38134765625,78.9864820427282,87.69973606925257,1485.4815638284708,2.2902625759420503,1659.2530517578125,1634.90206438567,1566.8528381347655,1519.6566479492187,1211.3972579956055,2114172676.3015137,83.91038696537679,81.67006109979633,74.74541751527495,80.26476578411406,0.9800399201596808,0.5906627363777924,True,0.9780439121756488,73.65306122448979,True,True,True,True,True,True,True,True,True,True,True,True,True,True,,2024-06-11,1678.993008224096,1463.5566298111578,215.4363784129382,2024-07-23,1853.362638343126,SMA20,0.1038536963911864,2024-07-22,28,2024-06-10,501,493,493,372,75.45638945233266,480,386,80.41666666666667,0.9580838323353292,True,21808.25,19026.98653320313,STRONG_MOMENTUM,POINT_IN_TIME,501,493,480,STRONG_MOMENTUM,MOMENTUM_ENABLED,True,True,True,0.9840319361277445,20854.3270703125,0.0998536963911864,0.09785369639118639,0.0958536963911864
PHOENIXLTD-2024-06-25,PHOENIXLTD,2024-06-18,2024-06-25,5,1896.5064697265625,93.69376112537722,87.69239242830925,1759.6476310847029,1.460703861153795,1846.8323974609373,1823.9521260476856,1689.532183837891,1594.585732421875,1257.155322265625,1443630153.208496,85.74338085539715,84.11405295315683,88.59470468431772,85.94704684317719,0.9780876494023903,0.5000272060148266,True,0.9780876494023903,89.18533604887983,True,True,True,True,True,True,True,True,True,True,True,True,True,True,,2024-06-26,1844.339957543087,1737.7245329776254,106.61542456546158,2024-07-23,1853.362638343126,SMA20,0.0048920920262761,2024-07-22,18,2024-06-25,502,493,493,400,81.13590263691684,484,406,83.88429752066115,0.9641434262948207,True,22370.650390625,19292.890771484374,STRONG_MOMENTUM,POINT_IN_TIME,502,493,484,STRONG_MOMENTUM,MOMENTUM_ENABLED,True,True,True,0.9820717131474104,21191.3540625,0.0008920920262760999,-0.0011079079737239001,-0.0031079079737239
PHOENIXLTD-2024-07-15,PHOENIXLTD,2024-07-09,2024-07-15,4,2006.72119140625,78.01985325028409,82.26080216460582,1899.7465940907928,1.3711202067028658,1988.2025146484373,1969.010907556164,1862.81264038086,1686.6242919921874,1325.0059768676758,1087327762.8363037,88.23529411764706,84.17849898580123,89.65517241379311,87.03853955375254,0.9801192842942346,1.8935210712879087,True,0.9820717131474104,92.71805273833672,True,True,True,True,True,True,True,True,True,True,True,True,True,True,,2024-07-16,2023.8440635808283,1879.1813935496416,144.6626700311865,2024-07-23,1853.362638343126,SMA20,-0.0842364430666985,2024-07-22,4,2024-07-15,503,493,493,411,83.36713995943205,484,422,87.19008264462809,0.9622266401590456,True,23209.849609375,19688.873515625,STRONG_MOMENTUM,POINT_IN_TIME,503,493,484,STRONG_MOMENTUM,MOMENTUM_ENABLED,True,True,True,0.9801192842942346,21791.5201171875,-0.0882364430666985,-0.09023644306669851,-0.09223644306669851
PNB-2024-02-07,PNB,2024-02-02,2024-02-07,3,117.04254150390624,4.114406360109261,4.127949512256996,111.1624171989982,1.429154971642592,115.64251708984376,114.66249335212107,99.14548759460448,89.44607620239258,66.13667877197265,7664790538.909164,93.87755102040816,91.02040816326532,93.26530612244898,92.55102040816328,0.9780439121756488,0.8525319689116819,True,0.9780439121756488,93.9795918367347,True,True,True,True,True,True,True,True,True,True,True,True,True,True,,2024-02-08,117.27588751419675,110.13042982093395,7.145457693262813,2024-02-28,115.73584515115488,SMA20,-0.0131317903081776,2024-02-27,14,2024-02-07,501,491,491,345,70.26476578411406,489,402,82.20858895705521,0.9760479041916168,True,20109.55078125,17221.53673828125,STRONG_MOMENTUM,POINT_IN_TIME,501,491,489,STRONG_MOMENTUM,MOMENTUM_ENABLED,True,True,True,0.9800399201596807,19150.93,-0.017131790308177602,-0.0191317903081776,-0.0211317903081776
PNB-2024-03-04,PNB,2024-02-16,2024-03-04,10,121.47595977783205,4.715383839762132,4.109064454095436,110.78906837098096,2.266388436236015,117.64922332763672,116.66920215964728,116.72986946105956,102.884501953125,72.49205549240112,6273756324.837162,52.95315682281058,95.11201629327904,95.31568228105908,82.5254582484725,0.9800399201596808,0.7806142839164979,True,0.9780439121756488,95.14285714285715,True,True,True,True,True,True,True,True,True,True,True,True,True,True,,2024-03-05,117.46254419483115,109.76180225745708,7.700741937374062,2024-03-13,117.8825599914409,SMA20,0.0035757423737824,2024-03-12,5,2024-03-04,501,491,491,277,56.41547861507128,490,377,76.93877551020408,0.9780439121756488,True,20432.05078125,17642.903266601563,NORMAL,POINT_IN_TIME,501,491,490,NORMAL,MOMENTUM_ENABLED,True,True,True,0.9800399201596807,19717.54109375,-0.0004242576262176003,-0.0024242576262176003,-0.0044242576262176
PNB-2024-04-10,PNB,2024-04-05,2024-04-10,3,127.4494400024414,4.006562300383265,3.975070945857343,122.50265769238742,1.2346700086457625,127.21610260009766,125.76939523085107,117.23154678344729,116.2809262084961,81.00483930587768,4838628402.84613,63.114754098360656,93.44262295081968,88.52459016393442,82.8688524590164,0.9740518962075848,1.1529704300458197,True,0.9720558882235528,88.64476386036961,True,True,True,True,True,True,True,True,True,True,True,True,True,True,,2024-04-12,126.5627547680286,121.50888995592308,5.053864812105516,2024-05-07,119.37593369811972,SMA20,-0.0567846447644198,2024-05-06,15,2024-04-10,501,493,492,344,69.91869918699187,479,382,79.74947807933194,0.9560878243512974,True,20915.19921875,18187.38927734375,STRONG_MOMENTUM,POINT_IN_TIME,501,492,479,STRONG_MOMENTUM,MOMENTUM_ENABLED,True,True,True,0.9820359281437125,20121.5771484375,-0.060784644764419804,-0.0627846447644198,-0.06478464476441981
PNBHOUSING-2023-10-12,PNBHOUSING,2023-10-03,2023-10-12,7,732.8175659179688,30.554758279905126,29.55686949862143,688.9353783615719,1.436181793827403,731.9290771484375,730.0533113729616,690.7987854003907,660.0383227539063,531.6646862792969,310094047.2576599,91.83673469387756,74.28571428571429,87.14285714285714,83.40816326530613,0.9780439121756488,1.0881230095672645,True,0.9780439121756488,87.06122448979592,True,True,True,True,True,True,True,True,True,True,True,True,True,True,,2023-10-13,728.5725294230716,681.5461609869166,47.02636843615505,2023-10-25,716.7258106533391,SMA20,-0.0162601776642793,2023-10-23,7,2023-10-12,501,491,491,322,65.58044806517312,488,437,89.54918032786885,0.9740518962075848,True,17419.69921875,15860.66525390625,STRONG_MOMENTUM,POINT_IN_TIME,501,491,488,STRONG_MOMENTUM,MOMENTUM_ENABLED,True,True,True,0.9800399201596807,17147.133984375,-0.0202601776642793,-0.022260177664279297,-0.0242601776642793
PNBHOUSING-2023-11-29,PNBHOUSING,2023-11-20,2023-11-29,6,809.4756469726562,28.196341328147863,25.60756825405756,769.0487900032022,1.4337625048217424,788.7932739257812,785.0418577642478,758.6211883544922,725.5713415527343,578.6229666137696,213834706.94491577,60.81632653061224,83.6734693877551,89.18367346938776,78.46938775510203,0.9780439121756488,1.207169672035218,True,0.9780439121756488,84.85714285714286,True,True,True,True,True,True,True,True,True,True,True,True,True,True,,2023-11-30,791.7549439977176,762.6468979396877,29.10804605802992,2023-12-11,780.303174223999,SMA20,-0.0144637805681345,2023-12-08,7,2023-11-29,501,491,491,336,68.43177189409369,488,420,86.0655737704918,0.9740518962075848,True,17904.099609375,16167.458237304689,STRONG_MOMENTUM,POINT_IN_TIME,501,491,488,STRONG_MOMENTUM,MOMENTUM_ENABLED,True,True,True,0.9800399201596807,17291.4498828125,-0.0184637805681345,-0.0204637805681345,-0.0224637805681345
PNCINFRA-2024-06-03,PNCINFRA,2024-05-24,2024-06-03,6,557.4352416992188,23.79864989354884,25.751865247879568,508.2498540411422,2.066730166546521,544.1796264648438,530.2263059507566,474.7194793701172,450.8827154541016,387.5174510192872,532741267.49102783,94.08163265306122,80.81632653061224,86.53061224489797,86.51020408163265,0.9780439121756488,1.4936726755368677,True,0.9780439121756488,92.0204081632653,True,True,True,True,True,True,True,True,True,True,True,True,True,True,,2024-06-04,544.1795972270619,501.8118877291723,42.36770949788957,2024-06-05,482.7849885843669,SMA20,-0.1128204896977748,2024-06-04,1,2024-06-03,501,493,493,303,61.4604462474645,480,347,72.29166666666667,0.9580838323353292,True,21797.400390625,18918.27002929688,STRONG_MOMENTUM,POINT_IN_TIME,501,493,480,STRONG_MOMENTUM,MOMENTUM_ENABLED,True,True,True,0.9840319361277445,20707.5680859375,-0.11682048969777481,-0.11882048969777481,-0.12082048969777481
POLICYBZR-2024-07-11,POLICYBZR,2024-07-01,2024-07-11,8,1517.1500244140625,66.0293160844892,61.53839406517743,1362.550048828125,2.341383869372748,1470.8499755859375,1438.800048828125,1391.4349975585938,1316.842001953125,1013.1442492675782,1670642733.0427246,79.10750507099391,57.200811359026375,94.9290060851927,75.09127789046653,0.9801192842942346,1.0892505353319055,True,0.9800796812749004,88.65853658536585,True,True,True,True,True,True,True,True,True,True,True,True,True,True,,2024-07-12,1468.0,1347.165450311831,120.83454968816932,2024-07-22,1423.699951171875,SMA20,-0.0301771449782867,2024-07-19,5,2024-07-11,503,493,493,407,82.55578093306288,484,421,86.98347107438018,0.9622266401590456,True,23005.25,19632.283525390623,STRONG_MOMENTUM,POINT_IN_TIME,503,493,484,STRONG_MOMENTUM,MOMENTUM_ENABLED,True,True,True,0.9801192842942346,21707.0301171875,-0.0341771449782867,-0.0361771449782867,-0.0381771449782867
POLICYBZR-2024-09-09,POLICYBZR,2024-08-26,2024-09-09,10,1819.3499755859373,85.55005537707952,70.76465810248389,1680.550048828125,1.6224411094303002,1741.199951171875,1739.0,1688.2300048828124,1548.90900390625,1181.1402499389649,1875534227.8953853,94.52332657200812,89.24949290060852,91.07505070993916,91.3793103448276,0.9820717131474104,0.5897324963930936,True,0.9801192842942346,95.7606490872211,True,True,True,True,True,True,True,True,True,True,True,True,True,True,,2024-09-10,1751.0,1662.858884302504,88.14111569749593,2024-09-26,1722.0,SMA20,-0.0165619645916619,2024-09-25,12,2024-09-09,502,494,493,255,51.72413793103448,489,394,80.57259713701431,0.9741035856573704,True,23502.150390625,20836.13603515625,NORMAL,POINT_IN_TIME,502,493,489,NORMAL,MOMENTUM_ENABLED,True,True,True,0.9820717131474104,23160.704921875,-0.0205619645916619,-0.022561964591661897,-0.0245619645916619
POLICYBZR-2024-12-17,POLICYBZR,2024-12-10,2024-12-17,5,2172.64990234375,98.82188879005254,88.30937106366198,2072.699951171875,1.0114151064671415,2133.449951171875,2124.89990234375,1971.5699951171875,1793.60900390625,1498.3320001220702,2611158671.23291,94.33198380566802,92.3076923076923,94.93927125506072,93.70445344129554,0.988,1.0203715232700328,True,0.988,96.82186234817814,True,True,True,True,True,True,True,True,True,True,True,True,True,True,,2024-12-18,2147.14990234375,2050.6226084059595,96.52729393779056,2024-12-27,2037.199951171875,SMA20,-0.0512073940677628,2024-12-26,6,2024-12-17,500,496,496,264,53.2258064516129,488,278,56.9672131147541,0.976,True,23095.75,22237.87049804688,NORMAL,POINT_IN_TIME,500,496,488,NORMAL,MOMENTUM_ENABLED,True,True,True,0.992,22907.724921875,-0.0552073940677628,-0.0572073940677628,-0.0592073940677628
POLYCAB-2023-08-28,POLYCAB,2023-08-23,2023-08-28,3,5059.0693359375,133.60150733381667,132.2804165916177,4857.053378789562,1.5120784277020247,5018.08544921875,4955.573731300507,4717.277856445313,4185.53072265625,3226.137177734375,2734394210.126709,74.08163265306122,95.3061224489796,93.6734693877551,88.44897959183673,0.9760956175298804,1.161243233907831,True,0.9741035856573704,89.20245398773007,True,True,True,True,True,True,True,True,True,True,True,True,True,True,,2023-08-29,5039.316343006663,4823.983274641658,215.3330683650047,2023-09-13,4877.742680597698,SMA20,-0.0320626155238675,2023-09-12,11,2023-08-28,502,492,491,336,68.43177189409369,483,407,84.26501035196688,0.9621513944223108,True,16875.30078125,15617.758266601562,STRONG_MOMENTUM,POINT_IN_TIME,502,491,483,STRONG_MOMENTUM,MOMENTUM_ENABLED,True,True,True,0.9780876494023905,16703.802109375,-0.0360626155238675,-0.0380626155238675,-0.0400626155238675
POLYCAB-2023-10-13,POLYCAB,2023-10-03,2023-10-13,8,5293.7451171875,140.87254131990568,122.2892097152591,5064.094124666684,1.6302040863968237,5244.5341796875,5195.963884088102,5162.865576171875,4982.1871875,3627.7791455078127,2427664628.128418,81.83673469387756,91.22448979591836,89.79591836734694,87.9795918367347,0.9780439121756488,0.7552903379694812,True,0.9780439121756488,85.04081632653062,True,True,True,True,True,True,True,True,True,True,True,True,True,True,,2023-10-16,5265.913511117373,5033.52182223787,232.3916888795029,2023-10-23,5167.245368935533,SMA20,-0.0187371368659078,2023-10-20,5,2023-10-13,501,491,491,319,64.96945010183299,488,434,88.9344262295082,0.9740518962075848,True,17390.349609375,15869.979252929688,STRONG_MOMENTUM,POINT_IN_TIME,501,491,488,STRONG_MOMENTUM,MOMENTUM_ENABLED,True,True,True,0.9800399201596807,17153.91796875,-0.0227371368659078,-0.024737136865907797,-0.0267371368659078
POLYCAB-2024-06-21,POLYCAB,2024-06-18,2024-06-21,3,7005.04345703125,215.20686108316323,210.8467774070068,6802.83061541496,0.9396207936797544,6986.6201171875,6921.547644981579,6768.326245117188,6148.6198046875,5251.168388671875,2415936680.758301,63.747454175152754,86.55804480651732,56.82281059063137,70.79429735234217,0.9780876494023903,2.224781755896137,True,0.9780876494023903,74.17515274949083,True,True,True,True,True,True,True,True,True,True,True,True,True,True,,2024-06-24,6896.424805623298,6750.118921063207,146.30588456009082,2024-07-01,6650.12414439604,SMA20,-0.0357142531339465,2024-06-28,5,2024-06-21,502,493,493,410,83.16430020283975,484,405,83.67768595041323,0.9641434262948207,True,22236.19921875,19238.9940234375,STRONG_MOMENTUM,POINT_IN_TIME,502,493,484,STRONG_MOMENTUM,MOMENTUM_ENABLED,True,True,True,0.9820717131474104,21130.3550390625,-0.0397142531339465,-0.0417142531339465,-0.0437142531339465
POLYMED-2023-08-21,POLYMED,2023-08-10,2023-08-21,6,1464.9603271484375,65.6644401333818,69.1709423923809,1311.7023511298507,2.333956943930069,1418.7891845703125,1384.8310922428504,1309.284600830078,1188.230291748047,996.26677734375,181368342.35375977,98.159509202454,95.2965235173824,91.6155419222904,95.05112474437628,0.9741035856573704,2.6360554124192523,True,0.9741035856573704,97.15746421267892,True,True,True,True,True,True,True,True,True,True,True,True,True,True,,2023-08-22,1425.0943227946996,1294.4096155317554,130.68470726294413,2023-09-04,1399.9237082318714,SMA20,-0.0176624200659694,2023-09-01,9,2023-08-21,502,492,491,321,65.37678207739307,483,393,81.36645962732919,0.9621513944223108,True,16852.05078125,15582.721762695312,STRONG_MOMENTUM,POINT_IN_TIME,502,491,483,STRONG_MOMENTUM,MOMENTUM_ENABLED,True,True,True,0.9780876494023905,16614.10609375,-0.021662420065969402,-0.0236624200659694,-0.025662420065969402
POLYMED-2024-09-18,POLYMED,2024-09-05,2024-09-18,9,2557.680419921875,96.01046128476972,92.12538325179268,2371.0157695307253,1.9442115775019264,2490.367919921875,2441.1641679538006,2412.388708496094,2159.085319824219,1751.9546807861327,314604741.45581055,89.8580121703854,87.4239350912779,92.0892494929006,89.55375253549695,0.9840319361277444,1.6357274024100945,True,0.9820717131474104,93.65111561866128,True,True,True,True,True,True,True,True,True,True,True,True,True,True,,2024-09-19,2520.503482386204,2347.984423717777,172.51905866842617,2024-09-23,2332.718421778305,SMA20,-0.0745029958975178,2024-09-20,2,2024-09-18,501,494,493,287,58.21501014198783,489,397,81.18609406952966,0.9760479041916168,True,23898.650390625,21057.981533203125,NORMAL,POINT_IN_TIME,501,493,489,NORMAL,MOMENTUM_ENABLED,True,True,True,0.9840319361277445,23303.8629296875,-0.0785029958975178,-0.0805029958975178,-0.0825029958975178
POONAWALLA-2023-08-22,POONAWALLA,2023-08-08,2023-08-22,9,444.666015625,12.779859979868814,13.411528764296396,415.0415249547962,2.318060660826417,437.14788818359375,426.1942847486078,412.8558074951172,376.4166473388672,321.0971103668213,759387130.5122681,89.36605316973414,77.70961145194273,78.7321063394683,81.51329243353783,0.9741035856573704,1.27254805269168,True,0.9741035856573704,91.75869120654396,True,True,True,True,True,True,True,True,True,True,True,True,True,True,,2023-08-23,438.8905109417343,411.6886427637221,27.201868178012205,2023-08-29,415.6390053013669,SMA20,-0.0529779183206222,2023-08-28,4,2023-08-22,502,492,491,336,68.43177189409369,483,401,83.02277432712215,0.9621513944223108,True,16905.25,15590.128012695312,STRONG_MOMENTUM,POINT_IN_TIME,502,491,483,STRONG_MOMENTUM,MOMENTUM_ENABLED,True,True,True,0.9780876494023905,16634.6630859375,-0.0569779183206222,-0.0589779183206222,-0.0609779183206222
POONAWALLA-2023-12-22,POONAWALLA,2023-12-19,2023-12-22,3,442.6246948242188,12.486153873937043,12.838209700937712,423.2069424422614,1.5551428068245248,440.4837646484375,440.03563595808265,415.8531127929688,386.5313421630859,358.89149520874025,1429341671.7810516,92.44897959183672,71.0204081632653,62.24489795918368,74.81632653061224,0.9780439121756488,0.8868280177938627,True,0.9780439121756488,71.91836734693878,True,True,True,True,True,True,True,True,True,True,True,True,True,True,,2023-12-26,439.53775077591786,419.9973900170269,19.540360758890927,2024-01-04,439.1394504274663,SMA20,-0.00090618006701,2024-01-03,7,2023-12-22,501,491,491,401,81.67006109979633,489,438,89.57055214723927,0.9760479041916168,True,19054.69921875,16496.604721679687,STRONG_MOMENTUM,POINT_IN_TIME,501,491,489,STRONG_MOMENTUM,MOMENTUM_ENABLED,True,True,True,0.9800399201596807,17773.596875,-0.00490618006701,-0.0069061800670100005,-0.00890618006701
POWERGRID-2024-02-08,POWERGRID,2024-02-05,2024-02-08,3,260.3931884765625,7.45907944827408,8.35853606779565,245.5740218654797,1.986728618973446,254.22625732421875,252.5693897456716,232.4140327453613,220.13670959472657,182.67859916687013,5752774021.640198,80.0,77.3469387755102,77.3469387755102,78.14285714285714,0.9780439121756488,2.6991026937368434,True,0.9780439121756488,81.26530612244898,True,True,True,True,True,True,True,True,True,True,True,True,True,True,,2024-02-09,256.4352756437262,243.4843878485308,12.95088779519537,2024-03-14,247.10634380305163,SMA20,-0.0363792844695655,2024-03-13,23,2024-02-08,501,491,491,324,65.9877800407332,489,392,80.16359918200409,0.9760479041916168,True,19987.55078125,17246.9894921875,STRONG_MOMENTUM,POINT_IN_TIME,501,491,489,STRONG_MOMENTUM,MOMENTUM_ENABLED,True,True,True,0.9800399201596807,19197.8930078125,-0.0403792844695655,-0.0423792844695655,-0.0443792844695655
POWERGRID-2024-02-26,POWERGRID,2024-02-20,2024-02-26,4,269.4259338378906,8.579234000133642,8.538259762020965,255.71600216603525,1.598036802777708,269.33233642578125,266.89921057410527,254.74934921264648,233.3895541381836,188.78109687805176,6728308167.81514,91.44602851323828,82.4847250509165,83.09572301425662,85.35641547861506,0.9800399201596808,1.17084389177372,True,0.9780439121756488,86.10204081632652,True,True,True,True,True,True,True,True,True,True,True,True,True,True,,2024-02-27,265.86979330951965,253.58143722553,12.28835608398964,2024-03-14,247.10634380305163,SMA20,-0.0705738296664037,2024-03-13,11,2024-02-26,501,491,491,294,59.877800407331975,490,387,78.9795918367347,0.9780439121756488,True,20255.80078125,17522.359497070312,NORMAL,POINT_IN_TIME,501,491,490,NORMAL,MOMENTUM_ENABLED,True,True,True,0.9800399201596807,19588.0920703125,-0.0745738296664037,-0.0765738296664037,-0.0785738296664037
POWERGRID-2024-03-01,POWERGRID,2024-02-27,2024-03-01,3,273.73077392578125,8.550042881844782,8.820387074671672,256.7922226150729,1.981107176278121,269.2388000488281,266.7120447273211,259.600244140625,237.56566650390624,190.8683465576172,6588251165.7344055,83.29938900203666,86.9653767820774,84.5213849287169,85.13238289205702,0.9800399201596808,0.5796804852412297,True,0.9800399201596808,86.31364562118125,True,True,True,True,True,True,True,True,True,True,True,True,True,True,,2024-03-04,269.5195229128343,254.58712584640497,14.932397066429331,2024-03-14,247.10634380305163,SMA20,-0.0831597609982092,2024-03-13,7,2024-03-01,501,491,491,284,57.841140529531565,490,378,77.14285714285715,0.9780439121756488,True,20349.80078125,17618.16326171875,NORMAL,POINT_IN_TIME,501,491,490,NORMAL,MOMENTUM_ENABLED,True,True,True,0.9800399201596807,19692.01109375,-0.0871597609982092,-0.0891597609982092,-0.09115976099820919
POWERGRID-2024-08-07,POWERGRID,2024-08-01,2024-08-07,4,337.9288024902344,9.109516578568876,9.62371476956812,317.48089604087374,2.244675255047732,329.4595642089844,328.289740473513,321.9565139770508,310.315234375,254.77049102783204,4077349377.289306,71.6024340770791,67.54563894523326,83.97565922920892,73.6916835699797,0.9801192842942346,0.9727771891029944,True,0.9801192842942346,74.48275862068965,True,True,True,True,True,True,True,True,True,True,True,True,True,True,,2024-08-08,332.2202150792375,315.0749673484817,17.145247730755784,2024-08-09,325.57583448292706,SMA20,-0.0199999286459004,2024-08-08,1,2024-08-07,503,493,493,276,55.98377281947262,487,401,82.34086242299796,0.9681908548707754,True,22848.900390625,20148.513515625,NORMAL,POINT_IN_TIME,503,493,487,NORMAL,MOMENTUM_ENABLED,True,True,True,0.9801192842942346,22478.956015625,-0.0239999286459004,-0.0259999286459004,-0.0279999286459004
POWERINDIA-2024-04-05,POWERINDIA,2024-03-21,2024-04-05,9,7235.626953125,312.9019932045275,282.21100736964746,6808.403139847651,1.3653598332884236,7116.9814453125,7033.854428054174,6764.65166015625,6280.836767578125,4974.35905883789,241735833.15722656,96.9199178644764,87.88501026694045,89.73305954825463,91.1498973305955,0.9720558882235528,1.6548048678136802,True,0.9800399201596808,96.98574338085538,True,True,True,True,True,True,True,True,True,True,True,True,True,True,,2024-04-08,7138.812437737549,6737.850388005239,400.9620497323094,2024-06-05,10037.958076729452,SMA20,0.4061103529862045,2024-06-04,38,2024-04-05,501,493,492,334,67.88617886178862,479,381,79.54070981210856,0.9560878243512974,True,20715.099609375,18115.07103515625,STRONG_MOMENTUM,POINT_IN_TIME,501,492,479,STRONG_MOMENTUM,MOMENTUM_ENABLED,True,True,True,0.9820359281437125,20036.3541796875,0.4021103529862045,0.4001103529862045,0.3981103529862045
POWERINDIA-2024-04-16,POWERINDIA,2024-04-09,2024-04-16,4,7730.64111328125,297.84797487925414,311.4747970865396,7073.819474190498,2.2052244584070904,7555.49462890625,7373.505718132458,7062.244580078125,6484.36453125,5075.88871459961,260835688.3359375,83.40163934426229,87.29508196721312,94.67213114754098,88.34016393442623,0.9740518962075848,1.5631212334663849,True,0.9740518962075848,94.59016393442624,True,True,True,True,True,True,True,True,True,True,True,True,True,True,,2024-04-18,7617.989541029691,6995.950774918863,622.038766110828,2024-06-05,10037.958076729452,SMA20,0.31766498531746,2024-06-04,32,2024-04-16,501,493,492,272,55.28455284552846,479,366,76.40918580375782,0.9560878243512974,True,20423.0,18253.716274414062,NORMAL,POINT_IN_TIME,501,492,479,NORMAL,MOMENTUM_ENABLED,True,True,True,0.9820359281437125,20180.94515625,0.31366498531746,0.31166498531746,0.30966498531746
POWERINDIA-2024-04-24,POWERINDIA,2024-04-18,2024-04-24,4,8281.2548828125,349.0203372679906,333.4232018168417,7952.944661484005,0.9406621513760272,8205.5224609375,8121.845685827862,7432.568286132812,6702.461396484375,5177.399875488281,332198959.1958008,88.72950819672131,92.62295081967213,92.41803278688523,91.39344262295084,0.9740518962075848,0.853674630261661,True,0.9740518962075848,95.63524590163937,True,True,True,True,True,True,True,True,True,True,True,True,True,True,,2024-04-25,8201.67569819227,7869.588861029795,332.0868371624747,2024-06-05,10037.958076729452,SMA20,0.2238911225107226,2024-06-04,27,2024-04-24,501,493,492,329,66.869918699187,479,378,78.91440501043841,0.9560878243512974,True,20730.650390625,18363.75826660156,STRONG_MOMENTUM,POINT_IN_TIME,501,492,479,STRONG_MOMENTUM,MOMENTUM_ENABLED,True,True,True,0.9820359281437125,20246.7561328125,0.2198911225107226,0.2178911225107226,0.2158911225107226
POWERINDIA-2024-05-13,POWERINDIA,2024-05-02,2024-05-13,7,9775.2392578125,523.3227576936218,523.3911406341497,8705.782430156076,2.043589375645948,9432.6416015625,9091.99207416587,8655.755688476562,7465.74904296875,5476.041362304688,985417731.5410156,97.74590163934424,98.77049180327867,97.95081967213116,98.21721311475407,0.9740518962075848,2.2381350299116893,True,0.9740518962075848,98.6065573770492,True,True,True,True,True,True,True,True,True,True,True,True,True,True,,2024-05-14,9491.639905810302,8574.934644997538,916.7052608127632,2024-06-05,10037.958076729452,SMA20,0.0575578273449588,2024-06-04,15,2024-05-13,501,493,492,257,52.235772357723576,480,346,72.08333333333333,0.9580838323353292,True,20511.0,18618.71850585937,NORMAL,POINT_IN_TIME,501,492,480,NORMAL,MOMENTUM_ENABLED,True,True,True,0.9820359281437125,20419.3970703125,0.0535578273449588,0.0515578273449588,0.049557827344958796
PPLPHARMA-2023-11-20,PPLPHARMA,2023-11-13,2023-11-20,4,120.03500366210938,5.757179336089691,5.32847584566242,115.64105162109752,0.7632126401669885,119.43582916259766,118.83665613341893,107.30001258850098,102.8576188659668,89.18408983230592,830195692.2087402,95.10204081632652,78.9795918367347,89.59183673469387,87.0,0.9780439121756488,1.270649659345717,True,0.9780439121756488,88.0204081632653,True,True,True,True,True,True,True,True,True,True,True,True,True,True,,2023-11-21,119.83528143779787,114.30893265968191,5.5263487781159455,2023-12-21,123.18067603040568,SMA20,0.0279166081346775,2023-12-20,21,2023-11-20,501,491,491,294,59.877800407331975,488,417,85.45081967213115,0.9740518962075848,True,17573.650390625,16083.1069921875,NORMAL,POINT_IN_TIME,501,491,488,NORMAL,MOMENTUM_ENABLED,True,True,True,0.9800399201596807,17263.731875,0.0239166081346775,0.021916608134677502,0.0199166081346775
PPLPHARMA-2024-01-02,PPLPHARMA,2023-12-22,2024-01-02,5,140.30714416503906,5.686446575726298,4.882268109223877,136.86187635753564,0.6058735911122813,140.30714416503906,139.50823264307252,131.00493125915528,119.46878677368164,95.26318906784056,668361331.150425,73.06122448979592,92.85714285714286,84.89795918367346,84.53061224489795,0.9780439121756488,2.3862603353214435,True,0.9780439121756488,89.36734693877551,True,True,True,True,True,True,True,True,True,True,True,True,True,True,,2024-01-03,140.70659684255693,135.64130933022966,5.065287512327274,2024-01-17,137.81058513828324,SMA20,-0.0205819184690691,2024-01-16,10,2024-01-02,501,491,491,419,85.33604887983707,489,443,90.59304703476482,0.9760479041916168,True,19418.400390625,16610.918720703125,STRONG_MOMENTUM,POINT_IN_TIME,501,491,489,STRONG_MOMENTUM,MOMENTUM_ENABLED,True,True,True,0.9800399201596807,17965.8869140625,-0.0245819184690691,-0.0265819184690691,-0.0285819184690691
PPLPHARMA-2024-05-13,PPLPHARMA,2024-05-06,2024-05-13,5,155.78585815429688,5.355033957925726,6.929961901553283,144.0519978618425,2.1911831716935546,153.98834228515625,151.59163753926865,144.88335342407223,134.9005743408203,120.79335304260252,526033501.9823456,88.31967213114754,74.59016393442623,74.59016393442623,78.70901639344262,0.9740518962075848,14.836835486958227,True,0.9740518962075848,80.26639344262296,True,True,True,True,True,True,True,True,True,True,True,True,True,True,,2024-05-14,155.23663036538872,142.31950738645418,12.917122978934543,2024-05-22,147.69697627691286,SMA20,-0.048568782192253,2024-05-21,5,2024-05-13,501,493,492,257,52.235772357723576,480,346,72.08333333333333,0.9580838323353292,True,20511.0,18618.71850585937,NORMAL,POINT_IN_TIME,501,492,480,NORMAL,MOMENTUM_ENABLED,True,True,True,0.9820359281437125,20419.3970703125,-0.052568782192253,-0.054568782192253,-0.056568782192253
PPLPHARMA-2024-09-25,PPLPHARMA,2024-09-11,2024-09-25,10,235.1576385498047,9.73334838705478,9.366273451598136,216.8594884018972,1.879944025454159,226.16346740722656,221.35657456691348,217.97027359008788,191.74796417236328,153.23310958862305,1548387105.173035,97.56592292089248,95.74036511156189,94.52332657200812,95.92292089249491,0.986,5.49681769794246,True,0.9820717131474104,97.72819472616632,True,True,True,True,True,True,True,True,True,True,True,True,True,True,,2024-09-26,228.352054205014,214.5179200389977,13.834134166016298,2024-10-04,220.85690653091228,SMA20,-0.0328227731526014,2024-10-03,5,2024-09-25,500,493,493,304,61.66328600405679,490,401,81.83673469387756,0.98,True,24371.25,21221.138525390623,STRONG_MOMENTUM,POINT_IN_TIME,500,493,490,STRONG_MOMENTUM,MOMENTUM_ENABLED,True,True,True,0.986,23420.509921875,-0.03682277315260141,-0.0388227731526014,-0.0408227731526014
PRAJIND-2023-08-17,PRAJIND,2023-08-10,2023-08-17,4,471.7348937988281,14.454848195368612,15.494887680713957,443.3766039101644,1.9618531793194347,468.7829284667969,458.8139724218674,427.3173828125,395.7903082275391,359.725126953125,518527448.39230347,89.77505112474438,88.13905930470347,72.39263803680981,83.90593047034764,0.9741035856573704,1.947219911653677,True,0.9741035856573704,86.89161554192229,True,True,True,True,True,True,True,True,True,True,True,True,True,True,,2023-08-18,470.4282731675914,439.502881989986,30.92539117760544,2023-10-10,559.4230163261099,SMA20,0.1891781345523291,2023-10-09,35,2023-08-17,502,491,491,322,65.58044806517312,483,395,81.78053830227742,0.9621513944223108,True,16802.25,15567.102260742187,STRONG_MOMENTUM,POINT_IN_TIME,502,491,483,STRONG_MOMENTUM,MOMENTUM_ENABLED,True,True,True,0.9780876494023905,16580.46609375,0.1851781345523291,0.1831781345523291,0.1811781345523291
PRAJIND-2023-08-31,PRAJIND,2023-08-21,2023-08-31,8,482.8652648925781,16.368406572237244,16.82061857109648,451.9905568337088,1.8862378523292875,476.7193908691406,476.18703090934974,458.7558929443359,414.5876379394532,363.2708735656738,661501486.1356964,86.93877551020408,79.38775510204081,75.91836734693878,80.61224489795919,0.9760956175298804,1.0664551723943627,True,0.9741035856573704,87.77096114519426,True,True,True,True,True,True,True,True,True,True,True,True,True,True,,2023-09-01,479.0906273418881,447.7854021909346,31.305225150953447,2023-10-10,559.4230163261099,SMA20,0.1676768118590119,2023-10-09,25,2023-08-31,502,492,491,365,74.33808553971487,483,421,87.16356107660455,0.9621513944223108,True,16924.30078125,15638.749018554689,STRONG_MOMENTUM,POINT_IN_TIME,502,491,483,STRONG_MOMENTUM,MOMENTUM_ENABLED,True,True,True,0.9780876494023905,16749.742109375,0.1636768118590119,0.1616768118590119,0.1596768118590119
PRAJIND-2023-09-14,PRAJIND,2023-09-11,2023-09-14,3,572.63427734375,21.7050106861524,24.603143162334963,527.919187231659,2.0601275327000352,564.60107421875,558.9874659780752,494.385237121582,446.7222283935547,369.9465019226074,722626552.1649628,95.91836734693877,95.10204081632652,91.02040816326532,94.12244897959184,0.9780439121756488,2.8405740316724564,True,0.9780439121756488,91.87755102040816,True,True,True,True,True,True,True,True,True,True,True,True,True,True,,2023-09-15,569.0532245127937,521.7684014410752,47.284823071718506,2023-10-10,559.4230163261099,SMA20,-0.0169232116994485,2023-10-09,15,2023-09-14,501,491,491,407,82.89205702647658,488,449,92.00819672131148,0.9740518962075848,True,17603.5,15728.362763671876,STRONG_MOMENTUM,POINT_IN_TIME,501,491,488,STRONG_MOMENTUM,MOMENTUM_ENABLED,True,True,True,0.9800399201596807,16967.69609375,-0.0209232116994485,-0.022923211699448498,-0.0249232116994485
PRAJIND-2023-10-10,PRAJIND,2023-10-03,2023-10-10,5,579.8448486328125,20.53352088425008,18.89971450012875,547.6635143377911,1.567258458811398,566.7302856445312,557.58407855828,561.1554718017578,500.4571044921875,385.9138598632812,628291026.2813721,94.48979591836736,93.6734693877551,88.9795918367347,92.51020408163264,0.9780439121756488,0.5348232843610283,True,0.9780439121756488,95.16326530612244,True,True,True,True,True,True,True,True,True,True,True,True,True,True,,2023-10-11,570.9889571024937,542.9385857127589,28.05037138973477,2023-10-19,562.2782088630839,SMA20,-0.0152555458928887,2023-10-18,6,2023-10-10,501,491,491,290,59.063136456211815,488,431,88.31967213114754,0.9740518962075848,True,17303.349609375,15843.93701171875,NORMAL,POINT_IN_TIME,501,491,488,NORMAL,MOMENTUM_ENABLED,True,True,True,0.9800399201596807,17130.74,-0.0192555458928887,-0.0212555458928887,-0.0232555458928887
PRAJIND-2024-08-30,PRAJIND,2024-08-21,2024-08-30,7,767.5936279296875,31.2991974977195,30.14859776937136,707.6170462869953,1.916233847435294,748.5123901367188,726.7470832958481,705.330679321289,697.0891772460938,565.0725717163086,539830049.5391235,84.17849898580123,96.9574036511156,89.04665314401623,90.75050709939148,0.9820717131474104,16.384753092145658,True,0.9801192842942346,91.31845841784988,True,True,True,True,True,True,True,True,True,True,True,True,True,True,,2024-09-02,749.5860582762322,700.0798968446525,49.5061614315797,2024-09-09,717.3772379203517,SMA20,-0.0429688092518005,2024-09-06,5,2024-08-30,502,493,493,299,60.649087221095336,488,408,83.60655737704919,0.9721115537848606,True,23734.55078125,20639.52029296875,STRONG_MOMENTUM,POINT_IN_TIME,502,493,488,STRONG_MOMENTUM,MOMENTUM_ENABLED,True,True,True,0.9820717131474104,23003.3959375,-0.0469688092518005,-0.0489688092518005,-0.0509688092518005
PRESTIGE-2023-09-08,PRESTIGE,2023-09-01,2023-09-08,5,664.590087890625,25.096057301149127,23.042811303822344,624.3736741213071,1.602499280533458,644.059326171875,635.7575693290107,590.4755157470703,577.1588537597656,488.3039268493652,198153229.67959595,70.61224489795919,61.224489795918366,88.16326530612245,72.12244897959184,0.9780439121756488,3.4961145923343264,True,0.9760956175298804,87.51020408163265,True,True,True,True,True,True,True,True,True,True,True,True,True,True,,2023-09-11,651.217759130354,618.6129712953515,32.604787835002526,2023-09-21,597.8337309403871,SMA20,-0.0819756946758588,2023-09-20,7,2023-09-08,501,491,491,414,84.31771894093686,487,451,92.60780287474331,0.9720558882235528,True,17487.44921875,15688.051762695311,STRONG_MOMENTUM,POINT_IN_TIME,501,491,487,STRONG_MOMENTUM,MOMENTUM_ENABLED,True,True,True,0.9800399201596807,16885.0370703125,-0.0859756946758588,-0.0879756946758588,-0.08997569467585881
PRESTIGE-2024-05-15,PRESTIGE,2024-05-06,2024-05-15,7,1552.2647705078125,64.63342401016591,77.78628642098748,1416.8713708530588,2.094789216697823,1539.856689453125,1533.8270297393512,1387.2364013671877,1257.5966198730468,978.6162646484376,1306443293.9630127,98.3640081799591,91.41104294478528,93.4560327198364,94.11042944785277,0.9760479041916168,1.1073154339204423,True,0.9740518962075848,91.53688524590164,True,True,True,True,True,True,True,True,True,True,True,True,True,True,,2024-05-16,1549.7732460759055,1397.424799247812,152.34844682809353,2024-05-30,1507.5656616322765,SMA20,-0.0272346838806905,2024-05-29,9,2024-05-15,501,493,492,300,60.97560975609756,480,361,75.20833333333333,0.9580838323353292,True,20741.849609375,18657.6592578125,STRONG_MOMENTUM,POINT_IN_TIME,501,492,480,STRONG_MOMENTUM,MOMENTUM_ENABLED,True,True,True,0.9820359281437125,20436.9370703125,-0.0312346838806905,-0.0332346838806905,-0.035234683880690496
PRESTIGE-2025-11-03,PRESTIGE,2025-10-27,2025-11-03,5,1782.5560302734375,45.61180395280884,43.99600642508028,1733.2180888569492,1.0816923940902368,1778.4610595703125,1775.7645284805783,1677.2085754394532,1614.8525317382812,1472.4063677978515,1099044593.4891355,94.11764705882352,73.42799188640974,83.97565922920892,82.79918864097363,0.9801192842942346,1.3580949194133063,True,0.9801192842942346,84.62474645030426,True,True,True,True,True,True,True,True,True,True,True,True,True,True,,2025-11-04,1778.461027773905,1722.2190872506792,56.24194052322582,2025-11-13,1718.836211986732,SMA20,-0.0335260738672498,2025-11-12,6,2025-11-03,503,498,498,299,60.040160642570285,482,324,67.21991701244814,0.9582504970178928,True,23810.69921875,22353.247275390622,STRONG_MOMENTUM,POINT_IN_TIME,503,498,482,STRONG_MOMENTUM,MOMENTUM_ENABLED,True,True,True,0.9900596421471173,23223.1481640625,-0.03752607386724981,-0.0395260738672498,-0.0415260738672498
PTCIL-2025-10-31,PTCIL,2025-10-27,2025-10-31,4,17461.0,557.226476923077,525.8802948615161,16810.0,1.168286194142688,17283.0,17215.0,16752.6,15359.88,14380.157504882813,297677570.0,87.82961460446246,89.65517241379311,86.61257606490872,88.1947261663286,0.9801192842942346,0.8200383617285344,True,0.9801192842942346,90.58823529411764,True,True,True,True,True,True,True,True,True,True,True,True,True,True,,2025-11-03,17151.0,16678.52992628462,472.47007371537984,2025-11-17,16950.0,SMA20,-0.0117194332691971,2025-11-14,9,2025-10-31,503,498,498,276,55.42168674698795,482,313,64.93775933609959,0.9582504970178928,True,23710.400390625,22343.18877929688,NORMAL,POINT_IN_TIME,503,498,482,NORMAL,MOMENTUM_ENABLED,True,True,True,0.9900596421471173,23209.7971875,-0.0157194332691971,-0.017719433269197102,-0.0197194332691971
QUESS-2024-09-10,QUESS,2024-09-03,2024-09-10,5,767.512451171875,28.107155749317013,28.97776950359007,722.073778503908,1.6166229366367368,765.7203979492188,756.8518278176309,706.0578399658203,646.9664196777344,536.6164459228515,231194955.9167176,92.2920892494929,91.07505070993916,93.71196754563894,92.2312373225152,0.9820717131474104,1.2110899497330545,True,0.9820717131474104,94.48275862068964,True,True,True,True,True,True,True,True,True,True,True,True,True,True,,2024-09-11,766.138347794077,714.8293361280105,51.30901166606657,2024-09-27,737.6287556161859,SMA20,-0.0372120678464641,2024-09-26,12,2024-09-10,502,494,493,279,56.5922920892495,489,403,82.41308793456032,0.9741035856573704,True,23643.650390625,20868.0712890625,NORMAL,POINT_IN_TIME,502,493,489,NORMAL,MOMENTUM_ENABLED,True,True,True,0.9820717131474104,23182.3839453125,-0.0412120678464641,-0.0432120678464641,-0.0452120678464641
RADICO-2023-12-11,RADICO,2023-12-05,2023-12-11,4,1711.562255859375,69.27512533055676,72.15431130046751,1553.5696850432605,2.280653698744376,1654.8699951171875,1618.1690929726235,1501.4524719238282,1344.2415600585937,1243.1438787841796,459031443.3450928,90.0,87.55102040816325,72.0408163265306,83.63265306122449,0.9780439121756488,2.266700784941877,True,0.9780439121756488,88.06122448979592,True,True,True,True,True,True,True,True,True,True,True,True,True,True,,2023-12-12,1654.1239411434617,1535.5311072181437,118.5928339253178,2023-12-20,1536.661404411522,SMA20,-0.0710119319418956,2023-12-19,6,2023-12-11,501,491,491,407,82.89205702647658,488,437,89.54918032786885,0.9740518962075848,True,18770.19921875,16308.349477539065,STRONG_MOMENTUM,POINT_IN_TIME,501,491,488,STRONG_MOMENTUM,MOMENTUM_ENABLED,True,True,True,0.9800399201596807,17462.4908203125,-0.07501193194189561,-0.07701193194189561,-0.0790119319418956
RADICO-2024-12-09,RADICO,2024-11-29,2024-12-09,6,2448.857421875,86.94527719405644,80.01534900478488,2310.415642332261,1.592286366903466,2390.6708984375,2363.670277088552,2326.812963867188,2252.326979980469,1860.2757098388672,446883627.2918701,42.91497975708502,92.91497975708502,88.25910931174089,76.51821862348177,0.988,1.2938377399059249,True,0.988,93.21862348178138,True,True,True,True,True,True,True,True,True,True,True,True,True,True,,2024-12-10,2390.8206505803523,2290.411805081065,100.40884549928752,2025-01-08,2487.0668089202845,SMA20,0.0402565363138256,2025-01-07,20,2024-12-09,500,496,496,295,59.4758064516129,488,300,61.47540983606557,0.976,True,23292.0,22143.2292578125,NORMAL,POINT_IN_TIME,500,496,488,NORMAL,MOMENTUM_ENABLED,True,True,True,0.992,23008.859921875,0.036256536313825596,0.0342565363138256,0.0322565363138256
RADICO-2025-11-03,RADICO,2025-10-21,2025-11-03,8,3294.789794921875,77.44448832997485,82.93847469884913,3105.210428607477,2.447938780441546,3186.530029296875,3169.1683757695337,3091.625451660156,2975.7675146484376,2582.536206054688,522349588.3846436,82.1501014198783,87.0182555780933,79.3103448275862,83.24543610547667,0.9801192842942346,2.053084919351984,True,0.9801192842942346,91.52129817444218,True,True,True,True,True,True,True,True,True,True,True,True,True,True,,2025-11-04,3202.8934798828163,3084.4758099327646,118.41766995005172,2025-11-14,3178.946803419572,SMA20,-0.007476575981578,2025-11-13,7,2025-11-03,503,498,498,299,60.040160642570285,482,324,67.21991701244814,0.9582504970178928,True,23810.69921875,22353.247275390622,STRONG_MOMENTUM,POINT_IN_TIME,503,498,482,STRONG_MOMENTUM,MOMENTUM_ENABLED,True,True,True,0.9900596421471173,23223.1481640625,-0.011476575981578,-0.013476575981578,-0.015476575981578
RAINBOW-2024-12-09,RAINBOW,2024-12-04,2024-12-09,3,1669.989501953125,67.39057122307506,64.002441476236,1612.9375742095535,0.8465862020180717,1655.6519775390625,1648.0349853670757,1605.2186584472656,1508.9178271484377,1326.4439770507813,360362879.9556885,75.10121457489879,96.96356275303644,76.92307692307693,84.3927125506073,0.988,0.578005960050482,True,0.988,88.21862348178138,True,True,True,True,True,True,True,True,True,True,True,True,True,True,,2024-12-10,1680.4938528948971,1596.9369638404946,83.55688905440252,2024-12-17,1607.959268851756,SMA20,-0.0431626595468883,2024-12-16,5,2024-12-09,500,496,496,295,59.4758064516129,488,300,61.47540983606557,0.976,True,23292.0,22143.2292578125,NORMAL,POINT_IN_TIME,500,496,488,NORMAL,MOMENTUM_ENABLED,True,True,True,0.992,23008.859921875,-0.047162659546888294,-0.049162659546888296,-0.0511626595468883
RAYMOND-2024-06-21,RAYMOND,2024-06-10,2024-06-21,8,2545.865966796875,115.32063817263334,109.07891327434012,2400.050048828125,1.2644390481993837,2527.89990234375,2458.949951171875,2343.630859375,2186.211635742188,1884.8147009277343,357017318.125,82.07739307535643,87.57637474541752,78.81873727087576,83.29938900203666,0.9780876494023903,12.407520748659447,True,0.9800399201596808,91.22199592668024,True,True,True,True,True,True,True,True,True,True,True,True,True,True,,2024-06-24,2533.199951171875,2372.78032050954,160.41963066233484,2024-07-12,2020.0,SMA20,-0.2025895946091682,2024-07-11,14,2024-06-21,502,493,493,410,83.16430020283975,484,405,83.67768595041323,0.9641434262948207,True,22236.19921875,19238.9940234375,STRONG_MOMENTUM,POINT_IN_TIME,502,493,484,STRONG_MOMENTUM,MOMENTUM_ENABLED,True,True,True,0.9820717131474104,21130.3550390625,-0.2065895946091682,-0.2085895946091682,-0.2105895946091682
RBLBANK-2025-09-18,RBLBANK,2025-09-05,2025-09-18,9,274.28985595703125,8.706016089798196,7.712653793931007,262.02164429872454,1.409164827145534,270.49969482421875,268.0559970447349,264.4515609741211,260.9092352294922,202.2478172302246,2024282844.267517,60.56338028169014,88.73239436619718,97.1830985915493,82.8169014084507,0.9920159680638724,1.3844398083133151,True,0.9920159680638724,89.83903420523139,True,True,True,True,True,True,True,True,True,True,True,True,True,True,,2025-09-19,268.2555072708502,260.0934808502418,8.162026420608413,2025-11-14,314.4359342980904,SMA20,0.1721509000768176,2025-11-13,37,2025-09-18,501,497,497,312,62.77665995975856,487,335,68.78850102669405,0.9720558882235528,True,23518.900390625,22257.593759765627,STRONG_MOMENTUM,POINT_IN_TIME,501,497,487,STRONG_MOMENTUM,MOMENTUM_ENABLED,True,True,True,0.9920159680638723,23019.8200390625,0.1681509000768176,0.1661509000768176,0.1641509000768176
RBLBANK-2025-10-27,RBLBANK,2025-10-20,2025-10-27,4,325.8064880371094,10.890465605415674,10.529491808093656,313.0894003669392,1.167726719034508,321.2183532714844,321.16848947894584,293.5849090576172,275.75956176757813,217.79024291992187,4160497512.5880127,98.98580121703854,96.9574036511156,98.37728194726166,97.99188640973632,0.9801192842942346,1.3089557131601015,True,0.9801192842942346,97.54563894523326,True,True,True,True,True,True,True,True,True,True,True,True,True,True,,2025-10-28,322.16591480404776,310.4570274149158,11.708887389131974,2025-11-14,314.4359342980904,SMA20,-0.0239937875198839,2025-11-13,12,2025-10-27,503,498,498,291,58.43373493975904,482,314,65.14522821576763,0.9582504970178928,True,23840.900390625,22310.83252929688,NORMAL,POINT_IN_TIME,503,498,482,NORMAL,MOMENTUM_ENABLED,True,True,True,0.9900596421471173,23130.993125,-0.0279937875198839,-0.0299937875198839,-0.031993787519883896
RCF-2024-01-11,RCF,2024-01-03,2024-01-11,6,167.68099975585938,7.033887312944268,6.622692154799263,159.76830221579905,1.12493948054852,166.2645263671875,165.04344408147577,157.07455825805664,138.90619110107423,116.10328369140623,1189430533.8946075,68.57142857142857,89.79591836734694,75.10204081632654,79.0204081632653,0.9780439121756488,1.0274035711096008,True,0.9780439121756488,91.20408163265306,True,True,True,True,True,True,True,True,True,True,True,True,True,True,,2024-01-12,167.04603896577595,158.11262917709922,8.933409788676727,2024-02-06,162.79661865975606,SMA20,-0.0254386175950601,2024-02-05,15,2024-01-11,501,491,491,412,83.91038696537679,489,437,89.36605316973414,0.9760479041916168,True,19584.349609375,16786.46947265625,STRONG_MOMENTUM,POINT_IN_TIME,501,491,489,STRONG_MOMENTUM,MOMENTUM_ENABLED,True,True,True,0.9800399201596807,18318.7829296875,-0.0294386175950601,-0.0314386175950601,-0.0334386175950601
RCF-2024-07-12,RCF,2024-07-09,2024-07-12,3,225.4340057373047,11.77584032867213,12.52092510648383,208.70985670851104,1.4202085424063744,223.0797119140625,222.2396139459753,197.1944213867188,167.87325500488282,146.34136833190917,3434523324.111313,98.58012170385396,96.14604462474644,71.19675456389453,89.39148073022312,0.9801192842942346,1.996531497634258,True,0.9820717131474104,89.83772819472615,True,True,True,True,True,True,True,True,True,True,True,True,True,True,,2024-07-15,225.65868137789263,205.5796254318901,20.07905594600257,2024-07-26,205.6326999271621,SMA20,-0.088744564704757,2024-07-25,8,2024-07-12,503,493,493,404,81.94726166328601,484,423,87.39669421487604,0.9622266401590456,True,23095.44921875,19660.458017578127,STRONG_MOMENTUM,POINT_IN_TIME,503,493,484,STRONG_MOMENTUM,MOMENTUM_ENABLED,True,True,True,0.9801192842942346,21748.9951171875,-0.092744564704757,-0.094744564704757,-0.09674456470475701
RCF-2024-07-30,RCF,2024-07-22,2024-07-30,6,229.5955047607422,13.692008374299762,12.848788729117729,203.77662267844224,1.885689913158586,214.8055725097656,213.83845522359508,213.0017654418945,184.2351690673828,151.509377822876,2685855767.321518,84.38133874239351,95.53752535496956,55.57809330628803,80.2028397565923,0.9801192842942346,0.9840076857775368,True,0.9801192842942346,84.90872210953347,True,True,True,True,True,True,True,True,True,True,True,True,True,True,,2024-07-31,215.88990740576568,200.5644254961628,15.325481909602871,2024-08-01,213.9361487101436,SMA20,-0.009049791716062,2024-07-31,1,2024-07-30,503,493,493,393,79.71602434077079,487,432,88.7063655030801,0.9681908548707754,True,23440.900390625,19974.29201171875,STRONG_MOMENTUM,POINT_IN_TIME,503,493,487,STRONG_MOMENTUM,MOMENTUM_ENABLED,True,True,True,0.9801192842942346,22275.4510546875,-0.013049791716062,-0.015049791716062,-0.017049791716062
RECLTD-2023-09-04,RECLTD,2023-08-30,2023-09-04,3,214.92791748046875,6.108556148279994,6.742470108047372,202.1690417979436,2.088689270068792,213.61260986328125,211.1572554218823,203.53484954833985,169.84150939941406,119.30916847229004,3901321527.4547577,94.48979591836736,97.95918367346938,98.16326530612244,96.97959183673468,0.9760956175298804,0.5580526127765851,True,0.9760956175298804,98.12244897959184,True,True,True,True,True,True,True,True,True,True,True,True,True,True,,2023-09-05,213.9194867088353,200.4834242709317,13.436062437903589,2023-09-07,207.7811744970673,SMA20,-0.0286944976645481,2023-09-06,2,2023-09-04,502,492,491,391,79.63340122199592,484,434,89.6694214876033,0.9641434262948207,True,17180.94921875,15653.53001953125,STRONG_MOMENTUM,POINT_IN_TIME,502,491,484,STRONG_MOMENTUM,MOMENTUM_ENABLED,True,True,True,0.9780876494023905,16787.217109375,-0.0326944976645481,-0.0346944976645481,-0.036694497664548104
RECLTD-2023-10-10,RECLTD,2023-10-03,2023-10-10,5,255.879135131836,9.500944207134152,9.264913393248468,243.51481470782696,1.301378068794968,255.0899353027344,250.31080179202385,236.37686767578128,213.97213348388672,136.62830005645753,4492236732.081284,96.73469387755102,99.3877551020408,98.9795918367347,98.46938775510203,0.9780439121756488,0.8053812762107109,True,0.9780439121756488,97.85714285714285,True,True,True,True,True,True,True,True,True,True,True,True,True,True,,2023-10-11,256.93138851105306,241.19858635951485,15.732802151538207,2023-10-25,244.216348701702,SMA20,-0.0494880749410812,2023-10-23,9,2023-10-10,501,491,491,290,59.063136456211815,488,431,88.31967213114754,0.9740518962075848,True,17303.349609375,15843.93701171875,NORMAL,POINT_IN_TIME,501,491,488,NORMAL,MOMENTUM_ENABLED,True,True,True,0.9800399201596807,17130.74,-0.053488074941081196,-0.0554880749410812,-0.0574880749410812
RECLTD-2023-11-29,RECLTD,2023-11-20,2023-11-29,6,307.36767578125,9.990575641320149,9.258958096570408,294.1599359863002,1.3220198984654856,303.9549255371094,303.5117023770107,285.2323616027832,260.2097314453125,165.264026222229,3221619271.787842,95.3061224489796,94.89795918367348,99.3877551020408,96.36734693877553,0.9780439121756488,0.797782932865048,True,0.9780439121756488,96.81632653061224,True,True,True,True,True,True,True,True,True,True,True,True,True,True,,2023-11-30,303.99934127617496,291.8451964621576,12.1541448140174,2024-01-11,374.071089432814,SMA20,0.230499671027184,2024-01-10,29,2023-11-29,501,491,491,336,68.43177189409369,488,420,86.0655737704918,0.9740518962075848,True,17904.099609375,16167.458237304689,STRONG_MOMENTUM,POINT_IN_TIME,501,491,488,STRONG_MOMENTUM,MOMENTUM_ENABLED,True,True,True,0.9800399201596807,17291.4498828125,0.226499671027184,0.224499671027184,0.222499671027184
REDINGTON-2024-02-23,REDINGTON,2024-02-20,2024-02-23,3,196.2876434326172,9.3718461244393,8.860708301611549,186.3802205133624,1.0571474166033183,195.1713104248047,192.52001443176505,181.7893302917481,171.2121224975586,157.64096153259277,356639759.3251648,90.020366598778,75.76374745417516,66.59877800407332,77.29124236252545,0.9800399201596808,0.9121197031328402,True,0.9780439121756488,76.04081632653062,True,True,True,True,True,True,True,True,True,True,True,True,True,True,,2024-02-26,196.9388137480373,184.16504343795947,12.77377031007788,2024-03-12,185.40344701134808,SMA20,-0.0585733534043093,2024-03-11,10,2024-02-23,501,491,491,297,60.4887983706721,489,391,79.95910020449898,0.9760479041916168,True,20313.5,17498.107993164063,STRONG_MOMENTUM,POINT_IN_TIME,501,491,489,STRONG_MOMENTUM,MOMENTUM_ENABLED,True,True,True,0.9800399201596807,19558.3800390625,-0.0625733534043093,-0.06457335340430931,-0.06657335340430931
REDINGTON-2024-03-01,REDINGTON,2024-02-27,2024-03-01,3,197.35745239257807,8.622820787829555,8.800582872894223,186.79884684639347,1.224495534116551,196.3341522216797,195.3573567806737,188.21053924560547,174.32202575683593,158.58862823486328,353078830.01075745,93.68635437881872,80.24439918533605,67.82077393075356,80.5498981670061,0.9800399201596808,0.658605660069195,True,0.9800399201596808,78.9816700610998,True,True,True,True,True,True,True,True,True,True,True,True,True,True,,2024-03-04,195.31084397813964,184.59870112816992,10.712142849969725,2024-03-12,185.40344701134808,SMA20,-0.0507263025697664,2024-03-11,5,2024-03-01,501,491,491,284,57.841140529531565,490,378,77.14285714285715,0.9780439121756488,True,20349.80078125,17618.16326171875,NORMAL,POINT_IN_TIME,501,491,490,NORMAL,MOMENTUM_ENABLED,True,True,True,0.9800399201596807,19692.01109375,-0.054726302569766405,-0.0567263025697664,-0.0587263025697664
REDINGTON-2025-07-14,REDINGTON,2025-07-01,2025-07-14,9,315.59130859375,12.397071245074033,10.714681497473393,288.4647495753781,2.188142544486111,301.3321838378906,294.629380781362,294.9367111206055,275.35240814208987,220.47985397338869,761561417.035492,76.65995975855131,93.36016096579478,98.59154929577466,89.9195171026157,0.994,0.9102948055879142,True,0.9900199600798404,94.7983870967742,True,True,True,True,True,True,True,True,True,True,True,True,True,True,,2025-07-15,302.359604308459,285.7860792010098,16.5735251074492,2025-07-22,299.0326645172389,SMA20,-0.0110032548786709,2025-07-21,5,2025-07-14,500,497,497,337,67.80684104627767,479,294,61.37787056367432,0.958,True,23309.05078125,22289.428486328125,STRONG_MOMENTUM,POINT_IN_TIME,500,497,479,STRONG_MOMENTUM,MOMENTUM_ENABLED,True,True,True,0.994,22973.43296875,-0.0150032548786709,-0.017003254878670902,-0.0190032548786709
RKFORGE-2024-07-01,RKFORGE,2024-06-25,2024-07-01,4,915.1365356445312,42.92047178750155,39.88868190998734,876.704992201194,0.8954128844065614,908.1172485351562,900.0526378160113,792.2454376220703,747.4997009277344,717.1650210571289,521319817.9859009,97.5609756097561,85.77235772357723,55.89430894308944,80.34552845528455,0.9800796812749004,0.8311279589637854,True,0.9780876494023903,79.65376782077392,True,True,True,True,True,True,True,True,True,True,True,True,True,True,,2024-07-02,912.0001900871042,866.7328217236972,45.26736836340706,2024-07-18,905.976721373725,SMA20,-0.0066046792301697,2024-07-16,11,2024-07-01,502,493,493,408,82.75862068965517,484,419,86.57024793388429,0.9641434262948207,True,22727.599609375,19406.23626953125,STRONG_MOMENTUM,POINT_IN_TIME,502,493,484,STRONG_MOMENTUM,MOMENTUM_ENABLED,True,True,True,0.9820717131474104,21345.335078125,-0.0106046792301697,-0.0126046792301697,-0.0146046792301697
RKFORGE-2024-08-29,RKFORGE,2024-08-23,2024-08-29,4,962.5784301757812,38.111296932639775,35.53769043387372,933.9539855670068,0.7510750594336139,960.2884521484376,958.7950249190176,920.7966552734376,905.3991833496094,769.1963577270508,643104749.8423462,90.66937119675455,93.71196754563894,66.32860040567951,84.5841784989858,0.9801192842942346,1.348274397674943,True,0.9801192842942346,81.05476673427992,True,True,True,True,True,True,True,True,True,True,True,True,True,True,,2024-08-30,963.2753414755998,925.0695629585384,38.2057785170615,2024-10-04,975.7207069898266,SMA20,0.0129198423112982,2024-10-03,24,2024-08-29,503,493,493,280,56.79513184584179,487,406,83.3675564681725,0.9681908548707754,True,23631.400390625,20604.51228515625,NORMAL,POINT_IN_TIME,503,493,487,NORMAL,MOMENTUM_ENABLED,True,True,True,0.9801192842942346,22973.2029296875,0.0089198423112982,0.0069198423112982,0.0049198423112982
RKFORGE-2024-09-26,RKFORGE,2024-09-18,2024-09-26,6,1017.2387084960938,36.81384112299228,33.987513133499846,979.8028714766943,1.016895707631512,1005.4404296875,1003.996815508062,985.4456237792969,935.5967456054688,794.4049938964844,504519221.699646,73.42799188640974,69.97971602434076,82.1501014198783,74.66531440162271,0.986,0.4120431507576916,True,0.9840319361277444,82.96146044624747,True,True,True,True,True,True,True,True,True,True,True,True,True,True,,2024-09-27,1010.5679750510188,971.3059931933196,39.26198185769931,2024-10-04,975.7207069898266,SMA20,-0.0344828541191729,2024-10-03,4,2024-09-26,500,493,493,310,62.88032454361054,490,401,81.83673469387756,0.98,True,24496.900390625,21253.68328125,STRONG_MOMENTUM,POINT_IN_TIME,500,493,490,STRONG_MOMENTUM,MOMENTUM_ENABLED,True,True,True,0.986,23446.3629296875,-0.038482854119172905,-0.0404828541191729,-0.0424828541191729
RRKABEL-2025-07-23,RRKABEL,2025-07-18,2025-07-23,3,1463.6015625,50.28318329407383,48.41765986905891,1410.5875584621635,1.054308827820065,1458.727783203125,1438.437264425208,1373.9932373046877,1349.6328515625,1287.6236627197266,222561737.3233032,80.48289738430584,98.39034205231388,67.80684104627767,83.8430583501006,0.9920159680638724,1.8409728598714497,True,0.9920159680638724,82.897384305835,True,True,True,True,True,True,True,True,True,True,True,True,True,True,,2025-07-24,1458.7277800803515,1398.4831434948987,60.24463658545301,2025-07-29,1362.4474175928008,SMA20,-0.066002967655999,2025-07-28,3,2025-07-23,501,497,497,306,61.56941649899397,479,314,65.55323590814196,0.9560878243512974,True,23428.400390625,22255.32173828125,STRONG_MOMENTUM,POINT_IN_TIME,501,497,479,STRONG_MOMENTUM,MOMENTUM_ENABLED,True,True,True,0.9920159680638723,23150.1589453125,-0.070002967655999,-0.072002967655999,-0.07400296765599901
RRKABEL-2025-11-12,RRKABEL,2025-10-29,2025-11-12,9,1417.848388671875,42.02876787159462,46.42423064674557,1336.630643494902,1.932432219405236,1397.0782470703125,1356.5804330422964,1330.6697998046875,1274.5461279296876,1205.8631481933594,209304680.7159424,89.47368421052632,77.53036437246963,52.42914979757085,73.582995951417,0.9821073558648112,1.888885998569292,True,0.9801192842942346,79.65517241379311,True,True,True,True,True,True,True,True,True,True,True,True,True,True,,2025-11-13,1396.4798461597209,1325.0245858332155,71.45526032650537,2025-11-19,1349.897276162845,SMA20,-0.0333571373228025,2025-11-18,4,2025-11-12,503,499,498,249,50.0,482,294,60.99585062240664,0.9582504970178928,True,23836.900390625,22414.982529296874,NORMAL,POINT_IN_TIME,503,498,482,NORMAL,MOMENTUM_ENABLED,True,True,True,0.9900596421471173,23320.60515625,-0.037357137322802506,-0.0393571373228025,-0.0413571373228025
RRKABEL-2026-01-02,RRKABEL,2025-12-22,2026-01-02,7,1528.8460693359375,44.29379134313196,43.879629154414815,1426.204919031163,2.3172807563399003,1506.7020263671875,1456.328934589234,1443.316748046875,1398.52953125,1261.774049377441,245664366.758606,85.3118712273642,90.9456740442656,77.2635814889336,85.15090543259558,0.9920159680638724,1.772335909772759,True,0.9920159680638724,92.19315895372232,True,True,True,True,True,True,True,True,True,True,True,True,True,True,,2026-01-05,1506.7019857814732,1415.2350117425592,91.46697403891405,2026-01-19,1464.7078643477005,SMA20,-0.0278715511295964,2026-01-16,10,2026-01-02,501,498,498,250,50.20080321285141,492,263,53.45528455284553,0.9820359281437124,True,24099.0,22919.6473046875,NORMAL,POINT_IN_TIME,501,498,492,NORMAL,MOMENTUM_ENABLED,True,True,True,0.9940119760479041,23754.1330859375,-0.0318715511295964,-0.0338715511295964,-0.035871551129596405
RTNINDIA-2024-01-11,RTNINDIA,2024-01-05,2024-01-11,4,86.0,4.290904417045432,4.2963164913712335,81.0,1.1652555065402337,85.3499984741211,83.94999694824219,79.91249961853028,73.66099990844727,52.665499935150144,712104718.676548,58.97959183673469,94.28571428571428,95.71428571428572,84.12244897959184,0.9780439121756488,1.668461159788634,True,0.9780439121756488,85.42857142857142,True,True,True,True,True,True,True,True,True,True,True,True,True,True,,2024-01-12,85.69999694824219,79.9259208771572,5.774076071084991,2024-01-19,80.1500015258789,SMA20,-0.0647607423570289,2024-01-18,5,2024-01-11,501,491,491,412,83.91038696537679,489,437,89.36605316973414,0.9760479041916168,True,19584.349609375,16786.46947265625,STRONG_MOMENTUM,POINT_IN_TIME,501,491,489,STRONG_MOMENTUM,MOMENTUM_ENABLED,True,True,True,0.9800399201596807,18318.7829296875,-0.0687607423570289,-0.07076074235702891,-0.0727607423570289
SAFARI-2023-10-19,SAFARI,2023-10-10,2023-10-19,7,2228.115478515625,73.02670737505963,68.19821871683071,2065.958672624516,2.220513723264069,2112.48828125,2102.5601074947986,2048.5936767578123,1887.7469897460933,1349.765034790039,195659430.5888672,97.75510204081633,92.85714285714286,94.6938775510204,94.87755102040816,0.9780439121756488,1.775083224938821,True,0.9780439121756488,96.3469387755102,True,True,True,True,True,True,True,True,True,True,True,True,True,True,,2023-10-20,2123.9341845927206,2048.909117945308,75.02506664741259,2023-10-25,2090.0945701724645,SMA20,-0.0159325155486139,2023-10-23,2,2023-10-19,501,491,491,302,61.5071283095723,489,428,87.52556237218813,0.9760479041916168,True,17310.5,15910.912001953126,STRONG_MOMENTUM,POINT_IN_TIME,501,491,489,STRONG_MOMENTUM,MOMENTUM_ENABLED,True,True,True,0.9800399201596807,17194.65796875,-0.0199325155486139,-0.021932515548613897,-0.0239325155486139
SAIL-2024-04-22,SAIL,2024-04-12,2024-04-22,5,152.24366760253906,5.965086826089611,6.160040058001253,137.98460111101582,2.3904206103351417,145.4326171875,144.55062658196968,139.93235702514647,131.90788925170898,103.47643878936768,4757310938.50555,85.24590163934425,90.57377049180327,88.9344262295082,88.48360655737704,0.9740518962075848,0.7698224513146931,True,0.9740518962075848,91.7827868852459,True,True,True,True,True,True,True,True,True,True,True,True,True,True,,2024-04-23,146.706628945023,136.4445910965155,10.262037848507504,2024-05-08,152.8806674242613,SMA20,0.04208425020489,2024-05-07,10,2024-04-22,501,493,492,278,56.50406504065041,479,367,76.61795407098121,0.9560878243512974,True,20574.849609375,18317.231513671875,NORMAL,POINT_IN_TIME,501,492,479,NORMAL,MOMENTUM_ENABLED,True,True,True,0.9820359281437125,20216.8351171875,0.038084250204889994,0.03608425020489,0.03408425020489
SAIL-2026-02-18,SAIL,2026-02-11,2026-02-18,5,162.1199951171875,5.396980165498052,5.098334801560028,153.83999633789062,1.534191070819466,159.2100067138672,158.83999633789062,156.16300048828126,146.37639999389648,133.62992107391358,4095284835.570252,73.49397590361446,92.1686746987952,92.570281124498,86.6867469879518,0.994011976047904,0.5480434536721435,True,0.9920159680638724,88.75251509054326,True,True,True,True,True,True,True,True,True,True,True,True,True,True,,2026-02-19,160.5,152.56541263750063,7.9345873624993715,2026-02-20,155.89999389648438,SMA20,-0.0286604741652063,2026-02-19,1,2026-02-18,501,499,449,232,51.67037861915368,444,181,40.76576576576576,0.8862275449101796,True,23645.80078125,23254.83354492188,NORMAL,POINT_IN_TIME,501,449,444,NORMAL,MOMENTUM_ENABLED,True,True,True,0.8962075848303394,23518.3460546875,-0.0326604741652063,-0.0346604741652063,-0.0366604741652063
SAMMAANCAP-2023-11-28,SAMMAANCAP,2023-11-17,2023-11-28,6,169.02613830566406,6.445318088617112,5.871541103413035,159.7849221455711,1.433787445869212,165.32965087890625,164.09749434871176,154.63184814453126,155.7658953857422,120.23476581573486,1305087680.856804,88.36734693877551,77.14285714285715,88.77551020408163,84.0,0.9780439121756488,0.8981343437330472,True,0.9780439121756488,83.48979591836735,True,True,True,True,True,True,True,True,True,True,True,True,True,True,,2023-11-29,165.81370178705157,158.31703686971784,7.496664917333732,2024-01-10,186.8484626068528,SMA20,0.126857796388958,2024-01-09,29,2023-11-28,501,491,491,322,65.58044806517312,488,417,85.45081967213115,0.9740518962075848,True,17741.80078125,16152.749487304687,STRONG_MOMENTUM,POINT_IN_TIME,501,491,488,STRONG_MOMENTUM,MOMENTUM_ENABLED,True,True,True,0.9800399201596807,17283.902890625,0.122857796388958,0.120857796388958,0.11885779638895799
SAMMAANCAP-2025-10-31,SAMMAANCAP,2025-10-27,2025-10-31,4,188.6300048828125,6.077275047781981,6.191363206676504,181.1000061035156,1.2390419587879429,188.58999633789065,185.92999267578125,171.94449920654296,150.16780075073245,131.74575016021728,3407157565.6521378,96.14604462474644,99.59432048681542,96.75456389452332,97.7079107505071,0.9801192842942346,3.1129198899514785,True,0.9801192842942346,98.25557809330628,True,True,True,True,True,True,True,True,True,True,True,True,True,True,,2025-11-03,188.0,179.5521653018465,8.447834698153514,2025-11-12,177.8000030517578,SMA20,-0.0542553029161818,2025-11-11,6,2025-10-31,503,498,498,276,55.42168674698795,482,313,64.93775933609959,0.9582504970178928,True,23710.400390625,22343.18877929688,NORMAL,POINT_IN_TIME,503,498,482,NORMAL,MOMENTUM_ENABLED,True,True,True,0.9900596421471173,23209.7971875,-0.058255302916181806,-0.0602553029161818,-0.0622553029161818
SAREGAMA-2024-05-10,SAREGAMA,2024-04-26,2024-05-10,9,435.3208618164063,16.556425675357342,15.510252578522076,412.96149174394657,1.3504949987930952,426.396728515625,425.1218712108436,415.2072479248047,389.3272814941406,369.1734121704101,142028823.02082825,89.75409836065575,90.1639344262295,65.77868852459017,82.72540983606557,0.9740518962075848,1.263172493013287,True,0.9740518962075848,79.61065573770492,True,True,True,True,True,True,True,True,True,True,True,True,True,True,,2024-05-13,426.5928741241488,409.083928599316,17.50894552483271,2024-05-16,419.335898940736,SMA20,-0.01701147774283,2024-05-15,3,2024-05-10,501,493,492,250,50.81300813008131,480,346,72.08333333333333,0.9580838323353292,True,20469.099609375,18599.2830078125,NORMAL,POINT_IN_TIME,501,492,480,NORMAL,MOMENTUM_ENABLED,True,True,True,0.9820359281437125,20415.4470703125,-0.02101147774283,-0.02301147774283,-0.02501147774283
SAREGAMA-2026-08-13,SAREGAMA,2026-08-05,2026-08-13,6,557.25,23.37279590137773,23.62270790515513,509.25,2.053669582472613,531.6500244140625,529.5,519.0850006103516,491.4599993896484,395.13304885864255,233688650.3456116,80.0,93.4,92.6,89.14000000000001,1.0,1.406857869202491,True,1.0,97.96,True,True,True,True,True,True,True,True,True,True,True,True,True,True,,2026-08-14,535.6500244140625,503.3443230237112,32.30570139035126,2026-08-19,514.0,SMA20,-0.0404182272515436,2026-08-18,3,2026-08-13,500,500,500,290,57.99999999999999,420,252,60.0,0.84,True,23658.099609375,23086.29630859375,NORMAL,POINT_IN_TIME,500,500,420,NORMAL,MOMENTUM_ENABLED,True,True,True,1.0,23162.01,-0.044418227251543596,-0.0464182272515436,-0.0484182272515436
SBFC-2025-07-22,SBFC,2025-07-11,2025-07-22,7,119.0199966430664,4.12233331255292,3.596520928462734,113.8000030517578,1.2662715980324026,118.05999755859376,115.98999786376952,112.85749855041504,110.58679962158205,94.04595008850096,257802858.29232025,91.34808853118712,55.73440643863179,94.76861167002012,78.1287726358149,0.9920159680638724,1.1632164898483048,True,0.994,85.85513078470825,True,True,True,True,True,True,True,True,True,True,True,True,True,True,,2025-07-23,118.9000015258789,112.90087281964212,5.999128706236775,2025-07-28,110.0,SMA20,-0.0748528293663797,2025-07-25,3,2025-07-22,501,497,497,312,62.77665995975856,479,314,65.55323590814196,0.9560878243512974,True,23320.900390625,22259.40573242188,STRONG_MOMENTUM,POINT_IN_TIME,501,497,479,STRONG_MOMENTUM,MOMENTUM_ENABLED,True,True,True,0.9920159680638723,23131.5809375,-0.0788528293663797,-0.0808528293663797,-0.0828528293663797
SBILIFE-2024-08-08,SBILIFE,2024-08-01,2024-08-08,5,1761.4442138671875,42.26922094381071,46.45966922108067,1664.563547652905,2.291990816274276,1700.6944580078125,1693.3188178907,1668.5753051757813,1538.4282861328124,1457.3402203369142,2289954168.468567,90.87221095334684,72.21095334685599,59.43204868154158,73.97565922920893,0.9801192842942346,0.9708611128969736,True,0.9801192842942346,75.63894523326572,True,True,True,True,True,True,True,True,True,True,True,True,True,True,,2024-08-09,1714.3493962186153,1652.948630347635,61.40076587098042,2024-08-14,1690.6276441600594,SMA20,-0.013837174680307,2024-08-13,3,2024-08-08,503,493,493,252,51.115618661257614,487,397,81.51950718685832,0.9681908548707754,True,22705.69921875,20175.52526367188,NORMAL,POINT_IN_TIME,503,493,487,NORMAL,MOMENTUM_ENABLED,True,True,True,0.9801192842942346,22505.3230078125,-0.017837174680307002,-0.019837174680307,-0.021837174680307
SBILIFE-2024-09-12,SBILIFE,2024-09-03,2024-09-12,7,1922.31396484375,42.62273134532767,39.556538112249214,1832.70930330316,2.1022740381093112,1869.787109375,1864.903288939631,1829.1634948730468,1716.7804174804687,1513.9754931640623,2288570713.832397,79.3103448275862,86.20689655172413,56.18661257606491,75.13184584178498,0.9820717131474104,0.898822853747106,True,0.9820717131474104,80.36511156186612,True,True,True,True,True,True,True,True,True,True,True,True,True,True,,2024-09-13,1862.8599203994463,1822.8201687750973,40.03975162434927,2024-09-17,1817.5093909891625,SMA20,-0.0243445730479614,2024-09-16,2,2024-09-12,502,494,493,292,59.2292089249493,489,398,81.39059304703477,0.9741035856573704,True,23907.349609375,20931.13103515625,NORMAL,POINT_IN_TIME,502,493,489,NORMAL,MOMENTUM_ENABLED,True,True,True,0.9820717131474104,23223.0479296875,-0.0283445730479614,-0.0303445730479614,-0.0323445730479614
SBILIFE-2025-07-08,SBILIFE,2025-07-01,2025-07-08,5,1859.91455078125,32.833108395110195,31.85459970526242,1780.6247281725746,2.414934999589743,1814.3778076171875,1809.2849362764985,1813.6987426757807,1786.3867114257812,1599.3492602539063,1635263125.4499512,59.35613682092556,62.57545271629779,90.74446680080484,70.06036217303823,0.9920159680638724,0.6877783545998525,True,0.9900199600798404,72.1774193548387,True,True,True,True,True,True,True,True,True,True,True,True,True,True,,2025-07-09,1817.473511132652,1772.661078246259,44.81243288639325,2025-07-10,1808.4859499103047,SMA20,-0.0049450851235492,2025-07-09,1,2025-07-08,501,498,497,384,77.2635814889336,479,299,62.421711899791234,0.9560878243512974,True,23572.55078125,22299.778984375,STRONG_MOMENTUM,POINT_IN_TIME,501,497,479,STRONG_MOMENTUM,MOMENTUM_ENABLED,True,True,True,0.9920159680638723,22867.8930078125,-0.0089450851235492,-0.010945085123549199,-0.0129450851235492
SBIN-2024-03-01,SBIN,2024-02-21,2024-03-01,7,730.6692504882812,18.59481537093894,17.852043020461753,698.1372521616919,1.7495198353747714,728.443603515625,714.0007786982383,694.1452606201171,637.8614709472656,573.8320611572266,14485641597.52536,95.11201629327904,84.72505091649694,67.0061099796334,82.5254582484725,0.9800399201596808,0.7825499891200522,True,0.9780439121756488,80.9591836734694,True,True,True,True,True,True,True,True,True,True,True,True,True,True,,2024-03-04,733.415788130336,693.6742414065765,39.74154672375949,2024-03-13,718.4993277010051,SMA20,-0.020338341048475,2024-03-12,6,2024-03-01,501,491,491,284,57.841140529531565,490,378,77.14285714285715,0.9780439121756488,True,20349.80078125,17618.16326171875,NORMAL,POINT_IN_TIME,501,491,490,NORMAL,MOMENTUM_ENABLED,True,True,True,0.9800399201596807,19692.01109375,-0.024338341048475,-0.026338341048475003,-0.028338341048475
SBIN-2025-11-12,SBIN,2025-11-06,2025-11-12,4,943.739013671875,13.948852426920151,13.751991441954448,927.285620273902,1.1795517576929373,940.2028198242188,938.041768729716,909.6116790771484,862.0396728515625,786.207269897461,9625420993.642488,85.22267206477733,86.43724696356276,77.1255060728745,83.27935222672065,0.9821073558648112,0.6741474813519621,True,0.9821073558648112,88.46153846153845,True,True,True,True,True,True,True,True,True,True,True,True,True,True,,2025-11-13,937.3541550706268,923.8476224134132,13.506532657213484,2025-12-03,953.2672831530164,SMA20,0.0169766443092051,2025-12-02,14,2025-11-12,503,499,498,249,50.0,482,294,60.99585062240664,0.9582504970178928,True,23836.900390625,22414.982529296874,NORMAL,POINT_IN_TIME,503,498,482,NORMAL,MOMENTUM_ENABLED,True,True,True,0.9900596421471173,23320.60515625,0.012976644309205101,0.010976644309205101,0.008976644309205101
SCHAEFFLER-2024-06-21,SCHAEFFLER,2024-06-14,2024-06-21,4,4746.04931640625,243.94841493670395,230.3142756362825,4546.936521094866,0.8162086044422404,4639.87890625,4613.619115160062,4391.197351074219,3908.042666015625,3208.6853674316408,831105138.1794434,47.45417515274949,94.90835030549898,85.5397148676171,77.86150712830957,0.9780876494023903,1.5649097869453552,True,0.9780876494023903,92.42362525458248,True,True,True,True,True,True,True,True,True,True,True,True,True,True,,2024-06-24,4671.696027868744,4489.357952185796,182.3380756829484,2024-07-08,4496.138708199465,SMA20,-0.0375789260735289,2024-07-05,10,2024-06-21,502,493,493,410,83.16430020283975,484,405,83.67768595041323,0.9641434262948207,True,22236.19921875,19238.9940234375,STRONG_MOMENTUM,POINT_IN_TIME,502,493,484,STRONG_MOMENTUM,MOMENTUM_ENABLED,True,True,True,0.9820717131474104,21130.3550390625,-0.041578926073528893,-0.043578926073528895,-0.0455789260735289
SCHAEFFLER-2025-07-14,SCHAEFFLER,2025-07-09,2025-07-14,3,4200.43896484375,127.9531691392892,130.0799144392594,4072.095157447156,1.00305297836648,4190.1240234375,4187.942000038101,3984.466162109375,3992.525830078125,3528.816358642578,209048758.32678223,51.30784708249497,90.14084507042254,86.31790744466801,77.34406438631791,0.994,1.1313831507925505,True,0.9920159680638724,77.20321931589537,True,True,True,True,True,True,True,True,True,True,True,True,True,True,,2025-07-15,4210.357705783574,4039.575178837341,170.78252694623234,2025-07-28,4099.271606980031,SMA20,-0.026384005010061,2025-07-25,9,2025-07-14,500,497,497,337,67.80684104627767,479,294,61.37787056367432,0.958,True,23309.05078125,22289.428486328125,STRONG_MOMENTUM,POINT_IN_TIME,500,497,479,STRONG_MOMENTUM,MOMENTUM_ENABLED,True,True,True,0.994,22973.43296875,-0.030384005010061,-0.032384005010061,-0.034384005010061
SCHNEIDER-2024-04-16,SCHNEIDER,2024-04-08,2024-04-16,5,819.5499877929688,39.83361465916863,42.418217243901545,725.0,2.373623097024309,794.7999877929688,779.0,724.5524963378906,641.7889953613281,419.3322479248047,111802771.64880373,96.51639344262296,100.0,98.97540983606558,98.64754098360656,0.9740518962075848,1.3855927861461217,True,0.9720558882235528,98.27515400410677,True,True,True,True,True,True,True,True,True,True,True,True,True,True,,2024-04-18,794.0,714.3954456890247,79.60455431097535,2024-04-22,708.0,SMA20,-0.1083123425692695,2024-04-19,2,2024-04-16,501,493,492,272,55.28455284552846,479,366,76.40918580375782,0.9560878243512974,True,20423.0,18253.716274414062,NORMAL,POINT_IN_TIME,501,492,479,NORMAL,MOMENTUM_ENABLED,True,True,True,0.9820359281437125,20180.94515625,-0.1123123425692695,-0.1143123425692695,-0.1163123425692695
SCHNEIDER-2024-05-14,SCHNEIDER,2024-05-06,2024-05-14,6,835.1500244140625,40.68725351609401,41.686953709710565,751.0,2.068215894217992,818.5499877929688,795.0,780.6225036621094,726.9949987792969,465.28024826049807,119179470.12402344,80.94262295081968,97.95081967213116,98.97540983606558,93.15573770491804,0.9740518962075848,0.8246708572310728,True,0.9740518962075848,84.20081967213115,True,True,True,True,True,True,True,True,True,True,True,True,True,True,,2024-05-15,824.0,740.5782615725724,83.42173842742761,2024-05-28,786.0,SMA20,-0.0461165048543689,2024-05-27,8,2024-05-14,501,493,492,288,58.53658536585365,480,357,74.375,0.9580838323353292,True,20683.80078125,18638.31026367188,NORMAL,POINT_IN_TIME,501,492,480,NORMAL,MOMENTUM_ENABLED,True,True,True,0.9820359281437125,20427.9570703125,-0.0501165048543689,-0.052116504854368896,-0.0541165048543689
SCHNEIDER-2024-07-01,SCHNEIDER,2024-06-20,2024-07-01,7,922.9000244140624,52.0482629965464,48.814751849630966,857.4000244140625,1.258447376127541,904.6500244140624,900.0,825.3074981689454,808.7360009765625,547.5919982910157,228321084.6560669,93.90243902439023,79.0650406504065,98.3739837398374,89.3089430894309,0.9800796812749004,1.765418209197629,True,0.9780876494023903,76.0488798370672,True,True,True,True,True,True,True,True,True,True,True,True,True,True,,2024-07-02,927.0,845.1963364516548,81.80366354834518,2024-07-11,860.0,SMA20,-0.0722761596548004,2024-07-10,7,2024-07-01,502,493,493,408,82.75862068965517,484,419,86.57024793388429,0.9641434262948207,True,22727.599609375,19406.23626953125,STRONG_MOMENTUM,POINT_IN_TIME,502,493,484,STRONG_MOMENTUM,MOMENTUM_ENABLED,True,True,True,0.9820717131474104,21345.335078125,-0.0762761596548004,-0.0782761596548004,-0.0802761596548004
SCI-2025-10-21,SCI,2025-10-15,2025-10-21,4,227.6051025390625,6.936699667028116,6.838570223142087,217.6655510256803,1.4328934494061216,225.9468994140625,221.4989696499728,220.60791931152343,210.93203521728515,188.26038566589355,539388577.250824,85.39553752535497,82.55578093306288,88.64097363083164,85.23326572008114,0.9801192842942346,0.5253707597936607,True,0.9801192842942346,88.1338742393509,True,True,True,True,True,True,True,True,True,True,True,True,True,True,,2025-10-23,226.298044921875,215.95590846989475,10.342136451980252,2025-11-19,251.1869309207043,SMA20,0.1099827707633165,2025-11-18,18,2025-10-21,503,498,498,279,56.024096385542165,482,309,64.10788381742739,0.9582504970178928,True,23759.19921875,22293.93203125,NORMAL,POINT_IN_TIME,503,498,482,NORMAL,MOMENTUM_ENABLED,True,True,True,0.9900596421471173,23058.2291015625,0.1059827707633165,0.1039827707633165,0.1019827707633165
SHRIRAMFIN-2023-11-13,SHRIRAMFIN,2023-11-03,2023-11-13,6,384.0946044921875,11.440293528368404,9.94030101403452,371.2532018929929,1.122471426747211,379.1333923339844,378.7769098271554,366.1517166137695,363.8051458740234,299.9771125030518,1621389866.6735077,80.20408163265306,57.95918367346938,80.61224489795919,71.42857142857143,0.9780439121756488,0.6121083824934139,True,0.9760479041916168,80.02044989775051,True,True,True,True,True,True,True,True,True,True,True,True,True,True,,2023-11-15,382.4954167311528,368.7681266394843,13.727290091668465,2023-11-28,376.050667748414,SMA20,-0.0168492188424539,2023-11-24,8,2023-11-13,501,491,491,254,51.73116089613035,488,399,81.76229508196722,0.9740518962075848,True,17318.599609375,16038.288491210937,NORMAL,POINT_IN_TIME,501,491,488,NORMAL,MOMENTUM_ENABLED,True,True,True,0.9800399201596807,17226.8638671875,-0.0208492188424539,-0.022849218842453903,-0.0248492188424539
SHRIRAMFIN-2024-01-19,SHRIRAMFIN,2024-01-16,2024-01-19,3,445.00677490234375,10.362527952947207,11.305123874138518,423.2063213561969,2.103777538177505,443.494384765625,440.6909954866646,416.7813171386719,399.423125,338.1537684631348,2315836308.9006805,80.20408163265306,73.06122448979592,61.42857142857143,71.71428571428571,0.9780439121756488,0.9760888153408986,True,0.9780439121756488,70.61224489795919,True,True,True,True,True,True,True,True,True,True,True,True,True,True,,2024-01-23,440.6428596860501,420.3800403876623,20.2628192983878,2024-02-12,451.79806199725584,SMA20,0.0253157450892399,2024-02-09,13,2024-01-19,501,491,491,373,75.96741344195519,489,420,85.88957055214725,0.9760479041916168,True,19606.400390625,16945.638486328124,STRONG_MOMENTUM,POINT_IN_TIME,501,491,489,STRONG_MOMENTUM,MOMENTUM_ENABLED,True,True,True,0.9800399201596807,18649.9069921875,0.0213157450892399,0.019315745089239902,0.0173157450892399
SHRIRAMFIN-2024-09-02,SHRIRAMFIN,2024-08-27,2024-09-02,4,628.1975708007812,18.72055748491012,16.952003845720398,617.5182652552058,0.5704587352264245,627.3804931640625,627.2151975559597,594.4188446044922,570.2409716796875,476.8914553833008,3048995923.519745,81.13590263691684,89.8580121703854,74.0365111561866,82.49492900608519,0.9820717131474104,0.6205422358346095,True,0.9801192842942346,82.81947261663285,True,True,True,True,True,True,True,True,True,True,True,True,True,True,,2024-09-03,624.6085472798404,613.2802642937758,11.328282986064664,2024-10-04,662.7348015632858,SMA20,0.0610402378409398,2024-10-03,22,2024-09-02,502,493,493,290,58.82352941176471,489,409,83.640081799591,0.9741035856573704,True,23760.69921875,20673.86978515625,NORMAL,POINT_IN_TIME,502,493,489,NORMAL,MOMENTUM_ENABLED,True,True,True,0.9820717131474104,23032.5079296875,0.0570402378409398,0.0550402378409398,0.0530402378409398
SHYAMMETL-2023-12-14,SHYAMMETL,2023-12-11,2023-12-14,3,517.61767578125,16.32479700810677,15.991140516616497,500.17972016049606,1.0681882054701437,511.8050231933594,511.2630798542338,471.5772842407226,453.5508117675781,372.6088858032227,260651145.9396515,59.38775510204082,70.81632653061224,86.53061224489797,72.10204081632654,0.9780439121756488,1.2604420882490968,True,0.9780439121756488,75.04081632653062,True,True,True,True,True,True,True,True,True,True,True,True,True,True,,2023-12-15,512.1990180964165,496.18193503134194,16.01708306507453,2024-02-12,671.9471793497592,SMA20,0.3118868947602544,2024-02-09,38,2023-12-14,501,491,491,414,84.31771894093686,489,441,90.1840490797546,0.9760479041916168,True,18973.849609375,16365.27822265625,STRONG_MOMENTUM,POINT_IN_TIME,501,491,489,STRONG_MOMENTUM,MOMENTUM_ENABLED,True,True,True,0.9800399201596807,17554.63984375,0.3078868947602544,0.3058868947602544,0.3038868947602544
SHYAMMETL-2024-08-30,SHYAMMETL,2024-08-26,2024-08-30,4,813.0260009765625,33.172354289436235,31.59723279691924,755.2447566832354,1.7418493661671626,788.2664794921875,788.150045119401,745.1031982421875,707.3167810058594,621.2889384460449,880632895.5205078,83.56997971602435,79.71602434077079,61.4604462474645,75.39553752535497,0.9820717131474104,0.6415673450402029,True,0.9801192842942346,79.95943204868155,True,True,True,True,True,True,True,True,True,True,True,True,True,True,,2024-09-02,797.0650678113875,747.3454484840056,49.71961932738191,2024-10-21,879.8610553455022,SMA20,0.103876070947958,2024-10-18,34,2024-08-30,502,493,493,299,60.649087221095336,488,408,83.60655737704919,0.9721115537848606,True,23734.55078125,20639.52029296875,STRONG_MOMENTUM,POINT_IN_TIME,502,493,488,STRONG_MOMENTUM,MOMENTUM_ENABLED,True,True,True,0.9820717131474104,23003.3959375,0.099876070947958,0.097876070947958,0.095876070947958
SHYAMMETL-2024-09-10,SHYAMMETL,2024-09-05,2024-09-10,3,820.7423706054688,29.77444222558289,29.37381973175348,783.5211738910317,1.2501055916491937,815.0083618164062,809.6699689047947,777.276010131836,728.39251953125,633.7329942321777,858008204.4554443,79.71602434077079,87.82961460446246,62.06896551724138,77.66734279918863,0.9820717131474104,0.562868412928076,True,0.9820717131474104,84.88843813387423,True,True,True,True,True,True,True,True,True,True,True,True,True,True,,2024-09-11,812.6357154869241,776.1777189580934,36.45799652883079,2024-10-21,879.8610553455022,SMA20,0.0827250618911048,2024-10-18,27,2024-09-10,502,494,493,279,56.5922920892495,489,403,82.41308793456032,0.9741035856573704,True,23643.650390625,20868.0712890625,NORMAL,POINT_IN_TIME,502,493,489,NORMAL,MOMENTUM_ENABLED,True,True,True,0.9820717131474104,23182.3839453125,0.0787250618911048,0.0767250618911048,0.07472506189110481
SIEMENS-2024-04-18,SIEMENS,2024-04-08,2024-04-18,6,3299.22314453125,90.83023479070246,88.22976768421869,3152.1027932257466,1.619728845185842,3247.738037109375,3239.705507366799,3108.625769042969,2813.9818359375,2340.529415283203,1462776531.9770508,88.52459016393442,93.44262295081968,83.19672131147541,88.89344262295083,0.9740518962075848,1.830139858269822,True,0.9720558882235528,90.84188911704312,True,True,True,True,True,True,True,True,True,True,True,True,True,True,,2024-04-19,3244.827957352022,3130.045351304692,114.78260604733032,2024-06-05,3853.333204567849,SMA20,0.1875308198812501,2024-06-04,31,2024-04-18,501,493,492,256,52.03252032520326,479,361,75.36534446764091,0.9560878243512974,True,20324.69921875,18274.34001953125,NORMAL,POINT_IN_TIME,501,492,479,NORMAL,MOMENTUM_ENABLED,True,True,True,0.9820359281437125,20191.3971484375,0.18353081988125008,0.18153081988125008,0.17953081988125008
SIEMENS-2024-06-03,SIEMENS,2024-05-23,2024-06-03,7,4290.8818359375,125.5476878899466,118.4814175403137,4029.179224597971,2.0844877013500565,4234.0419921875,4110.699567966869,3990.99482421875,3510.6185009765627,2581.9995556640624,3354629465.276612,94.89795918367348,97.55102040816328,94.6938775510204,95.89795918367346,0.9780439121756488,1.3160320298964292,True,0.9780439121756488,97.04081632653062,True,True,True,True,True,True,True,True,True,True,True,True,True,True,,2024-06-04,4260.81742594566,3999.558870212893,261.2585557327675,2024-06-05,3853.333204567849,SMA20,-0.09563522222203,2024-06-04,1,2024-06-03,501,493,493,303,61.4604462474645,480,347,72.29166666666667,0.9580838323353292,True,21797.400390625,18918.27002929688,STRONG_MOMENTUM,POINT_IN_TIME,501,493,480,STRONG_MOMENTUM,MOMENTUM_ENABLED,True,True,True,0.9840319361277445,20707.5680859375,-0.09963522222203,-0.10163522222203,-0.10363522222203
SIEMENS-2024-07-10,SIEMENS,2024-07-05,2024-07-10,3,4590.01220703125,142.49608669341598,137.83422346252917,4423.800078531454,1.1664329341015895,4567.36962890625,4554.185227190761,4462.1614990234375,4123.353740234375,2860.07201538086,2483480484.168457,80.73022312373224,91.68356997971604,95.74036511156189,89.61460446247466,0.9820717131474104,1.0257992774810027,True,0.9820717131474104,88.70182555780933,True,True,True,True,True,True,True,True,True,True,True,True,True,True,,2024-07-11,4618.126598540951,4389.341522665822,228.7850758751292,2024-07-15,4431.686782167535,SMA20,-0.0403713091001705,2024-07-12,2,2024-07-10,502,493,493,407,82.55578093306288,484,420,86.77685950413223,0.9641434262948207,True,22977.650390625,19605.5240234375,STRONG_MOMENTUM,POINT_IN_TIME,502,493,484,STRONG_MOMENTUM,MOMENTUM_ENABLED,True,True,True,0.9820717131474104,21666.7691015625,-0.044371309100170495,-0.046371309100170496,-0.0483713091001705
SOBHA-2023-09-25,SOBHA,2023-09-13,2023-09-25,7,693.4075317382812,26.793690173544235,27.87950212851337,640.6142396757476,1.9703628623227525,678.770263671875,661.503283406163,639.2894714355468,601.9014575195313,551.4681481933594,292202155.74713135,91.42857142857144,83.6734693877551,56.12244897959183,77.73469387755101,0.9780439121756488,1.7315604812105492,True,0.9780439121756488,74.9795918367347,True,True,True,True,True,True,True,True,True,True,True,True,True,True,,2023-09-26,676.7856171183238,633.6443641436193,43.14125297470446,2023-10-05,660.5109363383858,SMA20,-0.0240470251853662,2023-10-04,6,2023-09-25,501,491,491,327,66.59877800407332,488,436,89.34426229508196,0.9740518962075848,True,17272.55078125,15775.002016601562,STRONG_MOMENTUM,POINT_IN_TIME,501,491,488,STRONG_MOMENTUM,MOMENTUM_ENABLED,True,True,True,0.9800399201596807,17064.475078125,-0.0280470251853662,-0.0300470251853662,-0.0320470251853662
SOBHA-2023-10-13,SOBHA,2023-10-10,2023-10-13,3,757.0173950195312,33.45005186654852,31.849952931630188,734.8383067485688,0.6630509381404719,756.6701049804688,753.6434315062723,691.9065826416015,635.3319714355468,558.5175015258789,486588855.33984375,94.48979591836736,89.18367346938776,88.77551020408163,90.6530612244898,0.9780439121756488,0.8584296041552231,True,0.9780439121756488,91.75510204081633,True,True,True,True,True,True,True,True,True,True,True,True,True,True,,2023-10-16,756.670101278182,726.8758185156613,29.79428276252065,2023-10-25,718.1667923581854,SMA20,-0.0508851993159978,2023-10-23,6,2023-10-13,501,491,491,319,64.96945010183299,488,434,88.9344262295082,0.9740518962075848,True,17390.349609375,15869.979252929688,STRONG_MOMENTUM,POINT_IN_TIME,501,491,488,STRONG_MOMENTUM,MOMENTUM_ENABLED,True,True,True,0.9800399201596807,17153.91796875,-0.05488519931599781,-0.0568851993159978,-0.058885199315997803
SOBHA-2023-11-23,SOBHA,2023-11-16,2023-11-23,5,884.3861083984375,35.10929556424132,32.79164259565776,857.3940456463652,0.7688010345489145,883.4434204101562,882.1532955365418,795.3719268798828,739.50138671875,586.6139401245117,441185490.6569519,93.6734693877551,96.93877551020408,90.40816326530611,94.0,0.9780439121756488,0.6340094504709244,True,0.9780439121756488,93.6530612244898,True,True,True,True,True,True,True,True,True,True,True,True,True,True,,2023-11-24,884.1876586714845,849.1961349974507,34.99152367403383,2024-01-01,982.3810440944112,SMA20,0.1110549151641234,2023-12-29,24,2023-11-23,501,491,491,305,62.11812627291242,488,417,85.45081967213115,0.9740518962075848,True,17639.400390625,16124.258237304688,STRONG_MOMENTUM,POINT_IN_TIME,501,491,488,STRONG_MOMENTUM,MOMENTUM_ENABLED,True,True,True,0.9800399201596807,17278.4748828125,0.1070549151641234,0.1050549151641234,0.1030549151641234
SOBHA-2023-12-07,SOBHA,2023-12-04,2023-12-07,3,960.79736328125,33.66769165892684,36.79475713689091,910.9811596094088,1.4796441697431508,959.7554321289062,958.5645558225316,882.4262084960938,785.6309765625,602.4176089477539,520233644.0271301,91.02040816326532,96.73469387755102,88.9795918367347,92.6938775510204,0.9780439121756488,0.7449546940698012,True,0.9780439121756488,95.85714285714286,True,True,True,True,True,True,True,True,True,True,True,True,True,True,,2023-12-08,947.698309836662,901.782470325186,45.91583951147584,2024-01-01,982.3810440944112,SMA20,0.0365968092353428,2023-12-29,15,2023-12-07,501,491,491,419,85.33604887983707,488,442,90.57377049180327,0.9740518962075848,True,18703.849609375,16271.023735351562,STRONG_MOMENTUM,POINT_IN_TIME,501,491,488,STRONG_MOMENTUM,MOMENTUM_ENABLED,True,True,True,0.9800399201596807,17404.0028515625,0.032596809235342805,0.030596809235342803,0.0285968092353428
SOBHA-2024-01-31,SOBHA,2024-01-18,2024-01-31,7,1463.6728515625,80.07167981241511,79.79179229881007,1268.278443879937,2.440243643449418,1436.6807861328125,1414.1048104491877,1318.9404876708984,1101.461602783203,721.1961215209961,926245469.0928956,98.57142857142858,99.18367346938776,96.3265306122449,98.14285714285714,0.9780439121756488,0.4380360745807654,True,0.9780439121756488,99.6938775510204,True,True,True,True,True,True,True,True,True,True,True,True,True,True,,2024-02-01,1438.9136262986606,1248.3304958052345,190.5831304934261,2024-02-13,1340.6705308253515,SMA20,-0.0682758809686313,2024-02-12,8,2024-01-31,501,491,491,357,72.70875763747455,489,413,84.45807770961146,0.9760479041916168,True,19802.099609375,17095.401479492186,STRONG_MOMENTUM,POINT_IN_TIME,501,491,489,STRONG_MOMENTUM,MOMENTUM_ENABLED,True,True,True,0.9800399201596807,18917.681953125,-0.0722758809686313,-0.0742758809686313,-0.0762758809686313
SOBHA-2024-04-22,SOBHA,2024-04-10,2024-04-22,6,1631.7777099609375,85.64964461392188,78.67717770192861,1501.878523858652,1.516634268452891,1608.010986328125,1594.3162169011782,1519.8401428222655,1465.8491015625,975.7133575439452,407945363.9602051,95.90163934426228,81.9672131147541,98.97540983606558,91.25,0.9740518962075848,0.7163504366429349,True,0.9740518962075848,88.48360655737704,True,True,True,True,True,True,True,True,True,True,True,True,True,True,,2024-04-23,1617.487745260887,1482.20922943317,135.27851582771746,2024-05-13,1687.002158170936,SMA20,0.0429767787197897,2024-05-10,13,2024-04-22,501,493,492,278,56.50406504065041,479,367,76.61795407098121,0.9560878243512974,True,20574.849609375,18317.231513671875,NORMAL,POINT_IN_TIME,501,492,479,NORMAL,MOMENTUM_ENABLED,True,True,True,0.9820359281437125,20216.8351171875,0.038976778719789704,0.0369767787197897,0.0349767787197897
SOBHA-2024-05-31,SOBHA,2024-05-27,2024-05-31,4,1983.8153076171875,104.01104237578774,97.78929183926182,1810.0541005486511,1.6706034580515408,1885.274658203125,1884.480667183053,1813.705987548828,1652.7600268554688,1142.1002386474609,492072941.3990479,79.38775510204081,88.77551020408163,97.75510204081633,88.65306122448979,0.9780439121756488,0.4754766831587464,True,0.9780439121756488,93.3265306122449,True,True,True,True,True,True,True,True,True,True,True,True,True,True,,2024-06-03,1969.773523461191,1785.6067775888357,184.16674587235525,2024-06-05,1796.2107585169745,SMA20,-0.0881130560833411,2024-06-04,2,2024-05-31,501,493,492,264,53.65853658536586,480,334,69.58333333333333,0.9580838323353292,True,21103.30078125,18893.5777734375,NORMAL,POINT_IN_TIME,501,492,480,NORMAL,MOMENTUM_ENABLED,True,True,True,0.9820359281437125,20668.1240625,-0.0921130560833411,-0.0941130560833411,-0.09611305608334109
SOLARINDS-2023-10-20,SOLARINDS,2023-10-13,2023-10-20,5,5338.087890625,144.51701811131483,143.99893232485067,5104.139324667704,1.6188305641422565,5259.08984375,5229.896374903943,5015.747875976563,4713.647998046875,4070.680327148437,211655768.88793945,94.6938775510204,94.89795918367348,72.85714285714285,88.22448979591837,0.9780439121756488,0.4966641781317027,True,0.9780439121756488,86.83673469387755,True,True,True,True,True,True,True,True,True,True,True,True,True,True,,2023-10-23,5296.518322631755,5068.1395915864905,228.37873104526443,2023-12-01,6223.0284081201125,SMA20,0.1749281375143038,2023-11-30,26,2023-10-20,501,491,491,267,54.37881873727088,489,420,85.88957055214725,0.9760479041916168,True,17208.75,15919.529750976562,NORMAL,POINT_IN_TIME,501,491,489,NORMAL,MOMENTUM_ENABLED,True,True,True,0.9800399201596807,17199.84796875,0.1709281375143038,0.1689281375143038,0.1669281375143038
SOLARINDS-2025-06-23,SOLARINDS,2025-06-17,2025-06-23,4,17134.615234375,457.1539582036888,429.9266059091645,16582.272853722934,1.2082196177900424,17035.73046875,17002.772605043097,16662.325830078124,14617.6805078125,11314.1866015625,2541119150.0253906,88.48484848484848,98.5858585858586,99.7979797979798,95.91919191919192,0.9840954274353876,0.9054892980528676,True,0.9801192842942346,98.94523326572008,True,True,True,True,True,True,True,True,True,True,True,True,True,True,,2025-06-24,17169.573081626164,16474.791202245644,694.78187938052,2025-07-03,17007.76496784345,SMA20,-0.0094241198085391,2025-07-02,7,2025-06-23,503,498,497,327,65.79476861167002,477,249,52.20125786163522,0.94831013916501,True,23001.5,22311.028994140623,NORMAL,POINT_IN_TIME,503,497,477,NORMAL,MOMENTUM_ENABLED,True,True,True,0.9880715705765407,22455.860078125,-0.0134241198085391,-0.0154241198085391,-0.0174241198085391
SONACOMS-2026-02-09,SONACOMS,2026-02-04,2026-02-09,3,531.3057250976562,16.410428432147857,16.657960027698355,504.63329262752177,1.6253343159453086,529.062255859375,521.3846233013252,480.7826171875,481.8679266357422,473.3432521057129,897564357.2186279,95.57344064386318,85.91549295774648,84.30583501006036,88.32997987927565,0.9920159680638724,2.030927407789627,True,0.9920159680638724,90.80482897384309,True,True,True,True,True,True,True,True,True,True,True,True,True,True,,2026-02-10,530.3585212166207,500.4688026205972,29.88971859602356,2026-03-04,500.7445992120305,SMA20,-0.0558375529380712,2026-03-02,15,2026-02-09,501,498,449,231,51.44766146993318,443,186,41.98645598194131,0.8842315369261478,True,23683.400390625,23202.0137890625,NORMAL,POINT_IN_TIME,501,449,443,NORMAL,MOMENTUM_ENABLED,True,True,True,0.8962075848303394,23555.9149609375,-0.059837552938071206,-0.0618375529380712,-0.0638375529380712
STARHEALTH-2025-10-28,STARHEALTH,2025-10-17,2025-10-28,6,503.9500122070313,13.591866830433952,13.376263718079516,480.0,1.7620840835052964,494.6499938964844,491.1000061035156,477.7325027465821,458.2340008544922,425.9662503051758,212203595.9003601,86.20689655172413,89.24949290060852,77.28194726166329,84.74645030425964,0.9801192842942346,0.8440978991647924,True,0.9801192842942346,91.27789046653145,True,True,True,True,True,True,True,True,True,True,True,True,True,True,,2025-10-29,480.0,476.6559340704801,3.3440659295199,2025-10-31,483.6000061035156,SMA20,0.0075000127156575,2025-10-30,2,2025-10-28,503,498,498,277,55.62248995983936,482,312,64.73029045643153,0.9582504970178928,True,23812.55078125,22318.76828125,NORMAL,POINT_IN_TIME,503,498,482,NORMAL,MOMENTUM_ENABLED,True,True,True,0.9900596421471173,23153.2821484375,0.0035000127156574997,0.0015000127156574996,-0.0004999872843425004
SUMICHEM-2024-06-20,SUMICHEM,2024-06-14,2024-06-20,3,494.4630432128906,20.17512722652131,22.056336495818595,466.4380348072479,1.3890870719666326,493.2705078125,488.6493755748766,470.8132278442383,425.8862078857422,399.8445658874512,528223323.2806854,92.26069246435846,86.15071283095723,55.80448065173116,78.87983706720978,0.9780876494023903,1.3612164470621222,True,0.9780876494023903,78.77800407331975,True,True,True,True,True,True,True,True,True,True,True,True,True,True,,2024-06-21,496.40102898457326,460.9239506832932,35.47707830128007,2024-06-26,479.0095611635449,SMA20,-0.0350351163787954,2024-06-25,3,2024-06-20,502,493,493,417,84.58417849898579,484,411,84.91735537190083,0.9641434262948207,True,22305.099609375,19212.33927734375,STRONG_MOMENTUM,POINT_IN_TIME,502,493,484,STRONG_MOMENTUM,MOMENTUM_ENABLED,True,True,True,0.9820717131474104,21099.933046875,-0.039035116378795406,-0.0410351163787954,-0.0430351163787954
SUNDARMFIN-2023-10-03,SUNDARMFIN,2023-09-26,2023-10-03,4,3142.289794921875,100.50428585725072,103.28667545607443,2940.3895660760863,2.0088718319192247,3077.43359375,3064.4330276212536,2797.040368652344,2640.78654296875,2403.234094238281,233761897.3449707,95.3061224489796,72.24489795918367,59.795918367346935,75.42857142857143,0.9780439121756488,0.821263509153378,True,0.9780439121756488,81.38775510204081,True,True,True,True,True,True,True,True,True,True,True,True,True,True,,2023-10-04,3035.205870023448,2914.567897212068,120.63797281138022,2023-10-25,3127.9699286662485,SMA20,0.030562690840501,2023-10-23,14,2023-10-03,501,491,491,329,67.0061099796334,488,436,89.34426229508196,0.9740518962075848,True,17254.400390625,15809.301513671877,STRONG_MOMENTUM,POINT_IN_TIME,501,491,488,STRONG_MOMENTUM,MOMENTUM_ENABLED,True,True,True,0.9800399201596807,17101.0800390625,0.026562690840501,0.024562690840501,0.022562690840501
SUNDARMFIN-2023-10-16,SUNDARMFIN,2023-10-11,2023-10-16,3,3212.5224609375,107.8088107911176,113.4728380354776,3007.7385234932594,1.8995102157375137,3146.932861328125,3132.857244875441,3028.189978027344,2742.77693359375,2441.7131591796874,261678359.09985352,93.6734693877551,78.57142857142857,67.14285714285714,79.6734693877551,0.9780439121756488,0.7156457594185787,True,0.9780439121756488,82.3061224489796,True,True,True,True,True,True,True,True,True,True,True,True,True,True,,2023-10-17,3162.6706035936872,2979.37031398439,183.30028960929712,2023-10-25,3127.9699286662485,SMA20,-0.0109719535407857,2023-10-23,5,2023-10-16,501,491,491,316,64.35845213849288,488,435,89.13934426229508,0.9740518962075848,True,17393.0,15879.786752929687,STRONG_MOMENTUM,POINT_IN_TIME,501,491,488,STRONG_MOMENTUM,MOMENTUM_ENABLED,True,True,True,0.9800399201596807,17164.598984375,-0.0149719535407857,-0.0169719535407857,-0.0189719535407857
SUNDARMFIN-2023-11-16,SUNDARMFIN,2023-11-07,2023-11-16,6,3264.378662109375,111.6978109859444,108.49588613972908,3089.358943496376,1.5669037474245824,3225.13232421875,3204.2141551424115,3153.8684814453127,3006.290805664062,2538.6229663085937,110109702.68701172,62.04081632653061,86.3265306122449,72.0408163265306,74.75510204081633,0.9780439121756488,1.5138502582732587,True,0.9760479041916168,83.51738241308793,True,True,True,True,True,True,True,True,True,True,True,True,True,True,,2023-11-17,3192.093341338575,3062.2349719614435,129.85836937713157,2023-11-21,3119.1727582800736,SMA20,-0.0228441261770631,2023-11-20,2,2023-11-16,501,491,491,293,59.67413441955194,488,408,83.60655737704919,0.9740518962075848,True,17593.099609375,16060.038740234377,NORMAL,POINT_IN_TIME,501,491,488,NORMAL,MOMENTUM_ENABLED,True,True,True,0.9800399201596807,17248.90984375,-0.0268441261770631,-0.028844126177063098,-0.0308441261770631
SUNDARMFIN-2024-04-12,SUNDARMFIN,2024-04-08,2024-04-12,3,4498.2724609375,153.14185354816846,159.96409989718296,4334.273086514425,1.0708984554081524,4460.20361328125,4453.875814102186,4071.036047363281,3941.546362304688,3215.927243652344,849759809.6229248,90.57377049180327,80.73770491803278,74.38524590163934,81.7827868852459,0.9740518962075848,1.165110463863941,True,0.9720558882235528,83.05954825462011,True,True,True,True,True,True,True,True,True,True,True,True,True,True,,2024-04-15,4388.432200685426,4294.282061540129,94.15013914529754,2024-05-08,4415.169416654189,SMA20,0.0060926578664213,2024-05-07,15,2024-04-12,501,493,492,321,65.2439024390244,479,382,79.74947807933194,0.9560878243512974,True,20745.5,18210.82552734375,STRONG_MOMENTUM,POINT_IN_TIME,501,492,479,STRONG_MOMENTUM,MOMENTUM_ENABLED,True,True,True,0.9820359281437125,20148.6271484375,0.0020926578664212997,9.265786642129962e-05,-0.0019073421335787004
SUNPHARMA-2024-02-20,SUNPHARMA,2024-02-13,2024-02-20,4,1509.3160400390625,33.00148156043066,30.81915626186098,1472.762553698509,1.10763167628152,1505.8907470703125,1489.5468937734802,1429.003125,1317.0499926757811,1124.631450805664,3317963860.466919,84.08163265306122,74.08163265306122,64.28571428571429,74.14285714285714,0.9780439121756488,0.9936377258845625,True,0.9780439121756488,79.81632653061224,True,True,True,True,True,True,True,True,True,True,True,True,True,True,,2024-02-21,1507.2120554552466,1465.0577646330437,42.15429082220294,2024-03-14,1533.8320658360308,SMA20,0.0176617552151569,2024-03-13,15,2024-02-20,501,491,491,304,61.91446028513238,489,389,79.55010224948876,0.9760479041916168,True,20271.900390625,17423.462744140626,STRONG_MOMENTUM,POINT_IN_TIME,501,491,489,STRONG_MOMENTUM,MOMENTUM_ENABLED,True,True,True,0.9800399201596807,19465.61203125,0.0136617552151569,0.0116617552151569,0.0096617552151569
SUNPHARMA-2024-03-05,SUNPHARMA,2024-02-27,2024-03-05,5,1549.0015869140625,28.40306559813831,28.866849417015835,1502.6612997958243,1.631524138059082,1540.6339111328125,1535.6425188891246,1509.0748779296875,1382.642919921875,1154.655237121582,3259988862.599488,83.5030549898167,78.81873727087576,73.11608961303462,78.5132382892057,0.9800399201596808,0.6436708894029196,True,0.9800399201596808,78.12627291242362,True,True,True,True,True,True,True,True,True,True,True,True,True,True,,2024-03-06,1541.4168188994067,1495.4445874415703,45.972231457836415,2024-03-14,1533.8320658360308,SMA20,-0.0049206372801819,2024-03-13,5,2024-03-05,501,491,491,264,53.76782077393075,490,373,76.12244897959184,0.9780439121756488,True,20382.0,17667.426518554686,NORMAL,POINT_IN_TIME,501,491,490,NORMAL,MOMENTUM_ENABLED,True,True,True,0.9800399201596807,19741.79609375,-0.0089206372801819,-0.010920637280181899,-0.0129206372801819
SUNTECK-2023-10-05,SUNTECK,2023-09-29,2023-10-05,3,448.62884521484375,13.69241801076788,14.15891794265207,423.77681722463007,1.815021128530385,441.4217834472656,437.0478077441624,419.2319198608399,385.25856323242186,331.0107865905762,219431668.444458,97.3469387755102,96.53061224489797,81.0204081632653,92.12244897959184,0.9780439121756488,1.6033638837430697,True,0.9780439121756488,91.16326530612244,True,True,True,True,True,True,True,True,True,True,True,True,True,True,,2023-10-06,443.3602390535826,420.23708773896703,23.12315131461554,2023-10-25,439.93065475136814,SMA20,-0.0077354349806725,2023-10-23,12,2023-10-05,501,491,491,300,61.09979633401223,488,435,89.13934426229508,0.9740518962075848,True,17195.80078125,15822.233515625,STRONG_MOMENTUM,POINT_IN_TIME,501,491,488,STRONG_MOMENTUM,MOMENTUM_ENABLED,True,True,True,0.9800399201596807,17112.0690234375,-0.011735434980672501,-0.0137354349806725,-0.0157354349806725
SUNTV-2023-10-11,SUNTV,2023-10-05,2023-10-11,4,591.611572265625,16.49467690058226,15.47165923918326,567.7287728438276,1.4479095023046071,580.7431640625,577.8510447968156,564.0741333007812,544.2236169433594,448.4431121826172,408286615.0104065,63.26530612244898,87.75510204081633,77.55102040816327,77.3469387755102,0.9780439121756488,0.9321324808757756,True,0.9780439121756488,83.55102040816325,True,True,True,True,True,True,True,True,True,True,True,True,True,True,,2023-10-12,585.87403923145,563.8608580340318,22.01318119741813,2023-10-27,582.0958152791771,SMA20,-0.0064488673320106,2023-10-26,10,2023-10-11,501,491,491,310,63.13645621181263,488,436,89.34426229508196,0.9740518962075848,True,17407.349609375,15852.197758789063,STRONG_MOMENTUM,POINT_IN_TIME,501,491,488,STRONG_MOMENTUM,MOMENTUM_ENABLED,True,True,True,0.9800399201596807,17139.92,-0.0104488673320106,-0.0124488673320106,-0.0144488673320106
SUNTV-2023-11-24,SUNTV,2023-11-20,2023-11-24,4,634.52587890625,14.620642974479953,14.4791360285081,615.9174345582496,1.2727514364779342,629.5918579101562,626.8194946217415,612.8678344726562,590.6160302734374,474.2166271972656,418455458.832428,51.83673469387755,78.77551020408163,84.28571428571429,72.34693877551021,0.9780439121756488,0.9587574638718006,True,0.9780439121756488,77.34693877551021,True,True,True,True,True,True,True,True,True,True,True,True,True,True,,2023-11-28,629.6856956374836,612.2976505511226,17.38804508636099,2024-01-15,667.3730457466346,SMA20,0.0598510500877694,2024-01-12,33,2023-11-24,501,491,491,312,63.54378818737271,488,414,84.8360655737705,0.9740518962075848,True,17643.5,16138.237485351565,STRONG_MOMENTUM,POINT_IN_TIME,501,491,488,STRONG_MOMENTUM,MOMENTUM_ENABLED,True,True,True,0.9800399201596807,17278.277890625,0.0558510500877694,0.0538510500877694,0.0518510500877694
SUPREMEIND-2024-05-15,SUPREMEIND,2024-05-09,2024-05-15,4,5287.21044921875,249.37299785216348,240.83386153596905,4995.720509877488,1.1688913469054352,5280.35791015625,5171.789755611741,4691.165612792969,4252.625922851563,4149.915262451172,1131591876.4470215,98.77300613496932,93.4560327198364,51.53374233128834,82.47443762781185,0.9760479041916168,0.9495053410252092,True,0.9740518962075848,83.81147540983606,True,True,True,True,True,True,True,True,True,True,True,True,True,True,,2024-05-16,5276.344097129487,4935.512044493496,340.8320526359903,2024-06-03,5286.476591915509,SMA20,0.0019203627738256,2024-05-31,11,2024-05-15,501,493,492,300,60.97560975609756,480,361,75.20833333333333,0.9580838323353292,True,20741.849609375,18657.6592578125,STRONG_MOMENTUM,POINT_IN_TIME,501,492,480,STRONG_MOMENTUM,MOMENTUM_ENABLED,True,True,True,0.9820359281437125,20436.9370703125,-0.0020796372261744,-0.0040796372261744,-0.0060796372261744
SUPREMEIND-2024-05-27,SUPREMEIND,2024-05-17,2024-05-27,5,5494.75439453125,238.7158468442653,226.55973075781768,5287.45603553261,0.8683896010216621,5487.0693359375,5419.42143155237,5155.340258789062,4458.857260742188,4217.405629882813,1623715690.8571775,97.3469387755102,91.42857142857144,67.9591836734694,86.16326530612245,0.9780439121756488,1.7882490337841517,True,0.9780439121756488,84.3469387755102,True,True,True,True,True,True,True,True,True,True,True,True,True,True,,2024-05-28,5462.594810908836,5230.816102843156,231.7787080656799,2024-06-03,5286.476591915509,SMA20,-0.0322407619619924,2024-05-31,4,2024-05-27,501,493,492,346,70.32520325203252,480,363,75.625,0.9580838323353292,True,21493.0,18809.538759765623,STRONG_MOMENTUM,POINT_IN_TIME,501,492,480,STRONG_MOMENTUM,MOMENTUM_ENABLED,True,True,True,0.9820359281437125,20572.8700390625,-0.0362407619619924,-0.0382407619619924,-0.0402407619619924
SUPREMEIND-2024-07-02,SUPREMEIND,2024-06-19,2024-07-02,9,6056.2470703125,265.42389553022633,241.8010281575161,5612.928084007749,1.6702301253591014,5917.1064453125,5915.093450696185,5802.550927734375,5333.1265625,4430.212257080078,1149609144.3425293,73.57723577235772,89.63414634146342,66.26016260162602,77.8048780487805,0.9800796812749004,1.0492181161489913,True,0.9780876494023903,80.32586558044807,True,True,True,True,True,True,True,True,True,True,True,True,True,True,,2024-07-03,5899.864229906132,5552.47782696837,347.3864029377619,2024-07-09,5826.177541199947,SMA20,-0.0124895566804183,2024-07-08,4,2024-07-02,502,493,493,406,82.35294117647058,484,415,85.74380165289256,0.9641434262948207,True,22677.80078125,19435.00376953125,STRONG_MOMENTUM,POINT_IN_TIME,502,493,484,STRONG_MOMENTUM,MOMENTUM_ENABLED,True,True,True,0.9820717131474104,21392.397109375,-0.0164895566804183,-0.018489556680418302,-0.0204895566804183
SUZLON-2023-08-16,SUZLON,2023-08-10,2023-08-16,3,20.450000762939453,0.8811994593463405,0.8866784870141295,19.299999237060547,1.3050411160396749,20.25,20.200000762939453,18.995000076293945,16.979000053405763,10.96175000190735,2787774273.555847,82.0040899795501,99.79550102249488,99.38650306748468,94.3353783231084,0.9741035856573704,0.4534578336782796,True,0.9741035856573704,95.2760736196319,True,True,True,True,True,True,True,True,True,True,True,True,True,True,,2023-08-17,19.850000381469727,19.078329615307016,0.7716707661627105,2023-09-13,22.200000762939453,SMA20,0.1183879262623837,2023-09-12,19,2023-08-16,502,491,491,326,66.39511201629328,483,391,80.95238095238095,0.9621513944223108,True,16853.05078125,15558.881508789062,STRONG_MOMENTUM,POINT_IN_TIME,502,491,483,STRONG_MOMENTUM,MOMENTUM_ENABLED,True,True,True,0.9780876494023905,16561.9891015625,0.1143879262623837,0.1123879262623837,0.1103879262623837
SUZLON-2024-07-03,SUZLON,2024-06-24,2024-07-03,7,54.70000076293945,2.217878755915921,1.9020119398416784,51.5,1.4428204221731424,53.52999877929688,53.380001068115234,51.128499603271486,46.28039978027344,39.74784986495972,2629203617.6208267,49.79674796747968,79.67479674796748,77.4390243902439,70.04065040650407,0.9800796812749004,0.5846276852792742,True,0.9780876494023903,82.40325865580448,True,True,True,True,True,True,True,True,True,True,True,True,True,True,,2024-07-04,53.59999847412109,51.02449701503958,2.575501459081515,2024-09-02,75.83999633789062,SMA20,0.4149253450913316,2024-08-30,40,2024-07-03,502,493,493,418,84.78701825557809,484,415,85.74380165289256,0.9641434262948207,True,22851.19921875,19463.88701171875,STRONG_MOMENTUM,POINT_IN_TIME,502,493,484,STRONG_MOMENTUM,MOMENTUM_ENABLED,True,True,True,0.9820717131474104,21441.717109375,0.4109253450913316,0.4089253450913316,0.4069253450913316
SUZLON-2024-09-20,SUZLON,2024-09-16,2024-09-20,4,84.69999694824219,3.3724413011114303,3.4830930487107223,78.0,1.986690456564543,83.44999694824219,83.0,78.49749946594238,72.1013996887207,50.67934982299805,4871557667.926407,78.29614604462475,97.97160243407708,98.58012170385396,92.25152129817444,0.9840319361277444,1.2235077764160764,True,0.9820717131474104,87.52535496957404,True,True,True,True,True,True,True,True,True,True,True,True,True,True,,2024-09-23,84.19000244140625,77.12922673782232,7.0607757035839285,2024-10-01,80.30000305175781,SMA20,-0.0462050038822099,2024-09-30,6,2024-09-20,501,494,493,281,56.99797160243407,489,392,80.16359918200409,0.9760479041916168,True,24193.80078125,21121.88478515625,NORMAL,POINT_IN_TIME,501,493,489,NORMAL,MOMENTUM_ENABLED,True,True,True,0.9840319361277445,23343.9179296875,-0.0502050038822099,-0.052205003882209895,-0.0542050038822099
SWANCORP-2023-11-28,SWANCORP,2023-11-15,2023-11-28,8,433.3235473632813,21.970471151894767,18.682782903008405,415.8886882489906,0.793558726790756,431.0755004882813,430.7757421544249,411.6149124145508,345.3390856933594,272.7801658630371,948689680.857422,96.12244897959184,94.48979591836736,94.48979591836736,94.9795918367347,0.9780439121756488,0.9540866403419398,True,0.9780439121756488,97.42857142857144,True,True,True,True,True,True,True,True,True,True,True,True,True,True,,2023-11-29,433.0737904745076,411.2179925232385,21.85579795126916,2023-12-04,421.633709312725,SMA20,-0.0264160090345065,2023-12-01,3,2023-11-28,501,491,491,322,65.58044806517312,488,417,85.45081967213115,0.9740518962075848,True,17741.80078125,16152.749487304687,STRONG_MOMENTUM,POINT_IN_TIME,501,491,488,STRONG_MOMENTUM,MOMENTUM_ENABLED,True,True,True,0.9800399201596807,17283.902890625,-0.0304160090345065,-0.0324160090345065,-0.0344160090345065
SWANCORP-2023-12-22,SWANCORP,2023-12-15,2023-12-22,5,513.65380859375,21.84104989419525,23.112988310323544,475.387001622104,1.7520589512419125,505.96044921875,499.5660086365487,461.8562744140625,408.58304931640623,290.733066482544,3274330018.305023,87.34693877551021,99.18367346938776,97.55102040816328,95.14285714285714,0.9780439121756488,1.0395937674827,True,0.9780439121756488,95.53061224489797,True,True,True,True,True,True,True,True,True,True,True,True,True,True,,2023-12-26,511.0560054391436,469.6087545445231,41.44725089462048,2024-03-07,698.3932001581751,SMA20,0.3665688157955509,2024-03-06,50,2023-12-22,501,491,491,401,81.67006109979633,489,438,89.57055214723927,0.9760479041916168,True,19054.69921875,16496.604721679687,STRONG_MOMENTUM,POINT_IN_TIME,501,491,489,STRONG_MOMENTUM,MOMENTUM_ENABLED,True,True,True,0.9800399201596807,17773.596875,0.3625688157955509,0.3605688157955509,0.3585688157955509
SWANCORP-2024-01-18,SWANCORP,2024-01-12,2024-01-18,4,561.662109375,21.733586635605008,21.89495384890811,525.3435720047352,1.6710788688124794,548.67333984375,545.9257394521254,526.1529083251953,476.3002209472656,315.7950531768799,2716547895.952423,79.18367346938776,99.18367346938776,98.57142857142858,93.0,0.9780439121756488,0.4884518516842693,True,0.9780439121756488,97.42857142857144,True,True,True,True,True,True,True,True,True,True,True,True,True,True,,2024-01-19,555.5174358953491,519.8698335425081,35.64760235284098,2024-03-07,698.3932001581751,SMA20,0.2571940231408715,2024-03-06,32,2024-01-18,501,491,491,353,71.89409368635438,489,420,85.88957055214725,0.9760479041916168,True,19414.80078125,16918.919985351564,STRONG_MOMENTUM,POINT_IN_TIME,501,491,489,STRONG_MOMENTUM,MOMENTUM_ENABLED,True,True,True,0.9800399201596807,18600.9669921875,0.25319402314087147,0.25119402314087147,0.24919402314087147
SWANCORP-2024-02-23,SWANCORP,2024-02-20,2024-02-23,3,750.6478271484375,30.03641272173325,30.70038111212649,700.7912466383356,1.659871335901159,735.8607177734375,724.7704159196174,690.4576812744141,593.2026666259766,370.30450119018553,3360809556.962982,96.13034623217924,96.33401221995926,98.77800407331976,97.0061099796334,0.9800399201596808,0.349467915816479,True,0.9780439121756488,97.79591836734694,True,True,True,True,True,True,True,True,True,True,True,True,True,True,,2024-02-26,740.3568135699875,693.1161513603039,47.24066220968359,2024-03-07,698.3932001581751,SMA20,-0.0566802555776647,2024-03-06,8,2024-02-23,501,491,491,297,60.4887983706721,489,391,79.95910020449898,0.9760479041916168,True,20313.5,17498.107993164063,STRONG_MOMENTUM,POINT_IN_TIME,501,491,489,STRONG_MOMENTUM,MOMENTUM_ENABLED,True,True,True,0.9800399201596807,19558.3800390625,-0.060680255577664696,-0.0626802555776647,-0.0646802555776647
SWIGGY-2025-09-16,SWIGGY,2025-09-08,2025-09-16,6,443.1499938964844,15.696601554431629,14.578694293511848,415.5499877929688,1.7583427857174154,437.2000122070313,427.8999938964844,426.925,408.45000061035154,401.5030001831055,5369809176.152405,80.28169014084507,91.54929577464787,63.581488933601605,79.77867203219316,0.9920159680638724,0.9931539546177922,True,0.9920159680638724,85.51307847082495,True,True,True,True,True,True,True,True,True,True,True,True,True,True,,2025-09-17,437.0,411.9053142195908,25.09468578040924,2025-09-26,425.0,SMA20,-0.0274599542334096,2025-09-25,7,2025-09-16,501,497,497,294,59.15492957746479,487,331,67.96714579055441,0.9720558882235528,True,23369.30078125,22249.04400390625,NORMAL,POINT_IN_TIME,501,497,487,NORMAL,MOMENTUM_ENABLED,True,True,True,0.9920159680638723,23023.013046875,-0.031459954233409596,-0.0334599542334096,-0.0354599542334096
SWSOLAR-2024-05-03,SWSOLAR,2024-04-26,2024-05-03,4,682.5499877929688,32.42473798020486,30.75416749680141,646.0,1.1272253862246269,680.8499755859375,668.9000244140625,581.6650009155273,563.5890032958985,430.96424987792966,845973954.837326,96.72131147540983,65.98360655737704,98.36065573770492,84.91803278688525,0.9740518962075848,1.1940933377497456,True,0.9740518962075848,96.35245901639344,True,True,True,True,True,True,True,True,True,True,True,True,True,True,,2024-05-06,691.0,638.3114581257996,52.68854187420038,2024-05-30,729.6500244140625,SMA20,0.055933465143361,2024-05-29,17,2024-05-03,501,493,492,350,71.13821138211382,479,374,78.07933194154488,0.9560878243512974,True,20959.55078125,18499.69776367188,STRONG_MOMENTUM,POINT_IN_TIME,501,492,479,STRONG_MOMENTUM,MOMENTUM_ENABLED,True,True,True,0.9820359281437125,20372.7720703125,0.051933465143361,0.049933465143361,0.047933465143361
SWSOLAR-2024-05-14,SWSOLAR,2024-05-08,2024-05-14,4,740.5999755859375,33.81089706527454,35.81508656530943,670.6500244140625,2.068858186070344,723.3499755859375,708.4500122070312,650.022492980957,580.6539996337891,445.3512493896485,1534508274.8467712,99.79508196721312,83.60655737704919,99.38524590163934,93.1967213114754,0.9740518962075848,0.490475498362997,True,0.9740518962075848,96.6188524590164,True,True,True,True,True,True,True,True,True,True,True,True,True,True,,2024-05-15,734.4000244140625,661.6962527727352,72.70377164132731,2024-05-30,729.6500244140625,SMA20,-0.0064678647087324,2024-05-29,10,2024-05-14,501,493,492,288,58.53658536585365,480,357,74.375,0.9580838323353292,True,20683.80078125,18638.31026367188,NORMAL,POINT_IN_TIME,501,492,480,NORMAL,MOMENTUM_ENABLED,True,True,True,0.9820359281437125,20427.9570703125,-0.0104678647087324,-0.012467864708732401,-0.0144678647087324
SYRMA-2023-12-29,SYRMA,2023-12-19,2023-12-29,7,672.4671630859375,22.908631403805533,21.78064996988872,641.8643443661538,1.3358641195257108,666.704345703125,660.6433863692815,635.7959777832032,592.3881616210938,462.44563087463376,575333991.154541,93.87755102040816,72.44897959183673,83.06122448979592,82.06122448979592,0.9780439121756488,0.48922609676925,True,0.9780439121756488,87.20408163265307,True,True,True,True,True,True,True,True,True,True,True,True,True,True,,2024-01-02,658.7058741984242,636.4191818736816,22.286692324742603,2024-01-05,637.7906302105691,SMA20,-0.0317520228786584,2024-01-04,3,2023-12-29,501,491,491,425,86.55804480651732,489,444,90.79754601226992,0.9760479041916168,True,19429.150390625,16588.436469726563,STRONG_MOMENTUM,POINT_IN_TIME,501,491,489,STRONG_MOMENTUM,MOMENTUM_ENABLED,True,True,True,0.9800399201596807,17926.872890625,-0.035752022878658404,-0.0377520228786584,-0.0397520228786584
SYRMA-2024-12-10,SYRMA,2024-12-03,2024-12-10,5,582.2255859375,26.17455134807529,25.04311404415072,539.4486132840684,1.63429630882965,576.9906616210938,557.7459875940041,555.4401428222657,488.3495849609375,471.9675686645508,520951722.1547852,48.17813765182186,97.57085020242914,76.72064777327935,76.49797570850203,0.988,2.6414743234693363,True,0.988,88.82591093117409,True,True,True,True,True,True,True,True,True,True,True,True,True,True,,2024-12-11,580.3310584022125,533.1878347730308,47.14322362918176,2024-12-31,568.3655196422221,SMA20,-0.0206184704174447,2024-12-30,13,2024-12-10,500,496,496,301,60.68548387096774,488,304,62.29508196721312,0.976,True,23314.900390625,22160.192255859376,STRONG_MOMENTUM,POINT_IN_TIME,500,496,488,STRONG_MOMENTUM,MOMENTUM_ENABLED,True,True,True,0.992,22985.219921875,-0.0246184704174447,-0.026618470417444702,-0.0286184704174447
SYRMA-2025-09-19,SYRMA,2025-09-08,2025-09-19,9,857.8329467773438,34.75770894043218,33.26982928604089,788.6320627210205,1.99095067442218,826.704345703125,815.654300202611,796.5682769775391,745.6512573242187,573.1072406005859,954007070.282135,96.37826961770624,99.79879275653924,98.7927565392354,98.4708249496982,0.9920159680638724,1.336279152407512,True,0.9920159680638724,98.83299798792756,True,True,True,True,True,True,True,True,True,True,True,True,True,True,,2025-09-22,828.9520321407684,780.3146053995102,48.6374267412582,2025-09-29,805.1763917140219,SMA20,-0.028681563594634,2025-09-26,5,2025-09-19,501,497,497,322,64.7887323943662,487,338,69.40451745379876,0.9720558882235528,True,23486.650390625,22262.45526367188,STRONG_MOMENTUM,POINT_IN_TIME,501,497,487,STRONG_MOMENTUM,MOMENTUM_ENABLED,True,True,True,0.9920159680638723,23018.4040625,-0.032681563594634,-0.034681563594634,-0.036681563594633995
TANLA-2025-09-17,TANLA,2025-09-11,2025-09-17,4,689.519775390625,20.286246510029056,19.71477374568811,670.7676840107642,0.9243746185668282,685.2601318359375,684.8685176252447,640.8377319335938,631.7407568359375,577.7234826660156,263108188.64978027,91.54929577464787,63.581488933601605,94.96981891348088,81.38832997987927,0.9920159680638724,2.3083785354513755,True,0.9920159680638724,82.35412474849095,True,True,True,True,True,True,True,True,True,True,True,True,True,True,,2025-09-18,688.1978563526847,665.8389905743422,22.35886577834242,2025-09-30,648.5882999307197,SMA20,-0.0575554777689775,2025-09-29,8,2025-09-17,501,497,497,310,62.37424547283702,487,337,69.19917864476386,0.9720558882235528,True,23445.19921875,22253.45775390625,STRONG_MOMENTUM,POINT_IN_TIME,501,497,487,STRONG_MOMENTUM,MOMENTUM_ENABLED,True,True,True,0.9920159680638723,23020.893046875,-0.061555477768977504,-0.0635554777689775,-0.0655554777689775
TANLA-2025-09-24,TANLA,2025-09-19,2025-09-24,3,738.040283203125,22.88179527606388,23.251282190497395,709.1532101579975,1.262447841028699,733.3400268554688,729.9127999003728,667.0882537841796,641.4585656738282,578.6345690917968,433347359.9527588,98.39357429718876,86.74698795180723,95.18072289156626,92.7710843373494,0.994011976047904,1.724844309876927,True,0.9920159680638724,91.50905432595572,True,True,True,True,True,True,True,True,True,True,True,True,True,True,,2025-09-25,733.291039730163,703.3403896103731,29.950650119789884,2025-09-30,648.5882999307197,SMA20,-0.1155103979323302,2025-09-29,3,2025-09-24,501,498,498,254,51.00401606425703,488,299,61.270491803278695,0.9740518962075848,True,23178.25,22269.16151367188,NORMAL,POINT_IN_TIME,501,498,488,NORMAL,MOMENTUM_ENABLED,True,True,True,0.9940119760479041,23014.8400390625,-0.1195103979323302,-0.1215103979323302,-0.12351039793233021
TATACOMM-2023-09-14,TATACOMM,2023-09-11,2023-09-14,3,1870.1671142578125,46.181378623518064,50.77001005226004,1777.952884030256,1.9967838331399668,1862.184326171875,1856.3300847342,1775.4323669433593,1671.3426025390625,1352.8563623046875,1679531359.6970215,78.36734693877551,66.93877551020408,89.38775510204081,77.10204081632654,0.9780439121756488,0.913579994594183,True,0.9780439121756488,83.08163265306122,True,True,True,True,True,True,True,True,True,True,True,True,True,True,,2023-09-15,1877.1822875763105,1765.260381517191,111.92190605911946,2023-09-26,1798.8052620518613,SMA20,-0.0417524851172787,2023-09-25,6,2023-09-14,501,491,491,407,82.89205702647658,488,449,92.00819672131148,0.9740518962075848,True,17603.5,15728.362763671876,STRONG_MOMENTUM,POINT_IN_TIME,501,491,488,STRONG_MOMENTUM,MOMENTUM_ENABLED,True,True,True,0.9800399201596807,16967.69609375,-0.045752485117278696,-0.0477524851172787,-0.0497524851172787
TATACOMM-2025-10-27,TATACOMM,2025-10-16,2025-10-27,6,1953.5360107421875,68.6838994345397,66.05518432229071,1826.491225038494,1.8497025758529548,1923.806396484375,1891.2028346956088,1767.8345947265625,1669.6058251953125,1609.2659576416015,661308513.555542,98.17444219066938,86.61257606490872,77.89046653144015,87.46450304259636,0.9801192842942346,1.4863072239555402,True,0.9801192842942346,89.18864097363084,True,True,True,True,True,True,True,True,True,True,True,True,True,True,,2025-10-28,1923.5090264938744,1809.977428957921,113.5315975359531,2025-11-07,1823.4191792431627,SMA20,-0.052035028623262,2025-11-06,7,2025-10-27,503,498,498,291,58.43373493975904,482,314,65.14522821576763,0.9582504970178928,True,23840.900390625,22310.83252929688,NORMAL,POINT_IN_TIME,503,498,482,NORMAL,MOMENTUM_ENABLED,True,True,True,0.9900596421471173,23130.993125,-0.056035028623262,-0.058035028623262,-0.060035028623262
TATACONSUM-2024-01-11,TATACONSUM,2024-01-04,2024-01-11,5,1100.308837890625,21.931794993443216,20.691991755835623,1070.1018317324445,1.3773157266521645,1094.150146484375,1092.6348982718937,1021.19375,954.0089733886718,840.3776260375977,1649300558.278656,88.57142857142857,73.06122448979592,63.469387755102034,74.83673469387756,0.9780439121756488,0.6546777144996769,True,0.9780439121756488,76.79591836734694,True,True,True,True,True,True,True,True,True,True,True,True,True,True,,2024-01-12,1100.2109999513966,1064.9288337934856,35.28216615791098,2024-01-31,1099.7711208937208,SMA20,-0.0003998133609782,2024-01-30,11,2024-01-11,501,491,491,412,83.91038696537679,489,437,89.36605316973414,0.9760479041916168,True,19584.349609375,16786.46947265625,STRONG_MOMENTUM,POINT_IN_TIME,501,491,489,STRONG_MOMENTUM,MOMENTUM_ENABLED,True,True,True,0.9800399201596807,18318.7829296875,-0.0043998133609782,-0.0063998133609782,-0.0083998133609782
TATAELXSI-2023-11-21,TATAELXSI,2023-11-16,2023-11-21,3,8137.83837890625,178.68123790205178,181.59304753852663,7948.1766959591005,1.0614527030035292,8103.30126953125,8080.839086558142,7595.857666015625,7279.593876953125,6799.067658691406,822420385.8798828,82.0408163265306,77.9591836734694,47.3469387755102,70.0,0.9780439121756488,1.2588992237219383,True,0.9780439121756488,73.38775510204083,True,True,True,True,True,True,True,True,True,True,True,True,True,True,,2023-11-22,8104.985836718734,7902.778434074469,202.2074026442652,2024-01-03,8391.618597150453,SMA20,0.035364992142634,2024-01-02,28,2023-11-21,501,491,491,308,62.72912423625255,488,420,86.0655737704918,0.9740518962075848,True,17627.599609375,16096.871240234375,STRONG_MOMENTUM,POINT_IN_TIME,501,491,488,STRONG_MOMENTUM,MOMENTUM_ENABLED,True,True,True,0.9800399201596807,17270.591875,0.031364992142633996,0.029364992142634,0.027364992142634
TATAINVEST-2024-01-18,TATAINVEST,2024-01-11,2024-01-18,5,442.1466979980469,12.787673007627182,13.62667554299085,418.3831559736085,1.8583163653203143,432.554443359375,430.7583573915216,423.0840637207031,404.3239996337891,283.76353233337403,346401233.2019043,50.40816326530613,84.08163265306122,92.85714285714286,76.61224489795919,0.9780439121756488,1.3209110363803118,True,0.9780439121756488,78.93877551020408,True,True,True,True,True,True,True,True,True,True,True,True,True,True,,2024-01-19,437.6712604823398,414.97648708786073,22.694773394479057,2024-03-18,713.0044639126462,SMA20,0.6290867788003097,2024-03-15,38,2024-01-18,501,491,491,353,71.89409368635438,489,420,85.88957055214725,0.9760479041916168,True,19414.80078125,16918.919985351564,STRONG_MOMENTUM,POINT_IN_TIME,501,491,489,STRONG_MOMENTUM,MOMENTUM_ENABLED,True,True,True,0.9800399201596807,18600.9669921875,0.6250867788003097,0.6230867788003097,0.6210867788003097
TATAPOWER-2024-04-26,TATAPOWER,2024-04-12,2024-04-26,9,429.7280883789063,11.97488071922692,10.842867526262612,410.30450188621376,1.6220275548553815,429.6788940429688,425.94172301794185,414.4621353149414,391.9637377929688,302.82085258483886,6183577242.497559,67.82786885245902,81.9672131147541,88.31967213114754,79.63114754098362,0.9740518962075848,0.9887916276098204,True,0.9740518962075848,80.79918032786885,True,True,True,True,True,True,True,True,True,True,True,True,True,True,,2024-04-29,432.5801681327201,407.5937850046481,24.98638312807202,2024-05-09,420.7784778328822,SMA20,-0.0272820881983129,2024-05-08,7,2024-04-26,501,493,492,349,70.9349593495935,479,378,78.91440501043841,0.9560878243512974,True,20839.349609375,18410.091015625,STRONG_MOMENTUM,POINT_IN_TIME,501,492,479,STRONG_MOMENTUM,MOMENTUM_ENABLED,True,True,True,0.9820359281437125,20278.9591015625,-0.0312820881983129,-0.0332820881983129,-0.0352820881983129
TATASTEEL-2024-04-24,TATASTEEL,2024-04-09,2024-04-24,9,155.8002166748047,4.2968766631498365,4.180496081561914,147.63477769968722,1.900319607761739,155.3778533935547,153.45382589886722,151.21537017822266,142.39013122558595,124.20209941864012,9146714214.522614,66.18852459016394,82.99180327868852,62.5,71.80327868852459,0.9740518962075848,0.9984720914637985,True,0.9740518962075848,76.20901639344262,True,True,True,True,True,True,True,True,True,True,True,True,True,True,,2024-04-25,155.2370714736159,146.58965367929673,8.647417794319182,2024-05-08,154.11080411662664,SMA20,-0.0072551443176425,2024-05-07,8,2024-04-24,501,493,492,329,66.869918699187,479,378,78.91440501043841,0.9560878243512974,True,20730.650390625,18363.75826660156,STRONG_MOMENTUM,POINT_IN_TIME,501,492,479,STRONG_MOMENTUM,MOMENTUM_ENABLED,True,True,True,0.9820359281437125,20246.7561328125,-0.0112551443176425,-0.013255144317642499,-0.0152551443176425
TATASTEEL-2025-10-16,TATASTEEL,2025-10-09,2025-10-16,5,172.85523986816406,3.387628629778297,3.533284422915225,165.83011656494588,2.073758392955233,170.48414611816406,170.48413994081272,168.2105270385742,162.67890533447266,147.06003749847412,3359102055.0468826,68.15415821501014,86.61257606490872,81.94726166328601,79.67545638945234,0.9801192842942346,0.6053208422402037,True,0.9840319361277444,80.99391480730223,True,True,True,True,True,True,True,True,True,True,True,True,True,True,,2025-10-17,170.09223271611626,164.94679545921707,5.145437256899186,2025-11-14,173.93301396354244,SMA20,0.022580579877721,2025-11-13,18,2025-10-16,503,498,498,268,53.81526104417671,482,307,63.69294605809128,0.9582504970178928,True,23563.80078125,22274.728779296875,NORMAL,POINT_IN_TIME,503,498,482,NORMAL,MOMENTUM_ENABLED,True,True,True,0.9900596421471173,22999.95109375,0.018580579877721,0.016580579877720998,0.014580579877721
TBOTEK-2025-09-15,TBOTEK,2025-09-09,2025-09-15,4,1642.5999755859375,75.05290329744707,69.05356909010047,1542.699951171875,1.3310614250076669,1590.0999755859375,1580.0,1484.0299987792969,1428.2260009765623,1407.322251586914,256652545.1543579,85.3118712273642,92.75653923541248,63.38028169014085,81.7102615694165,0.9920159680638724,1.039720993806332,True,0.9920159680638724,88.24949698189135,True,True,True,True,True,True,True,True,True,True,True,True,True,True,,2025-09-16,1597.300048828125,1525.4365588993498,71.86348992877515,2025-09-26,1540.0,SMA20,-0.0358730652203784,2025-09-25,8,2025-09-15,501,497,497,254,51.10663983903421,487,321,65.91375770020534,0.9720558882235528,True,23215.849609375,22244.965,NORMAL,POINT_IN_TIME,501,497,487,NORMAL,MOMENTUM_ENABLED,True,True,True,0.9920159680638723,23026.876015625,-0.039873065220378395,-0.0418730652203784,-0.0438730652203784
TECHM-2024-09-12,TECHM,2024-08-29,2024-09-12,10,1546.5828857421875,35.10881850342422,34.72507864273987,1478.423689529703,1.941369693367401,1542.7335205078125,1527.4775605345287,1522.3163818359376,1448.2796875,1252.3258776855469,2617269472.607544,70.99391480730223,77.68762677484787,67.74847870182555,72.69776876267748,0.9820717131474104,1.381057233867352,True,0.9801192842942346,78.8843813387424,True,True,True,True,True,True,True,True,True,True,True,True,True,True,,2024-09-13,1548.976900303128,1469.742419869018,79.23448043411008,2024-09-19,1520.9057497195486,SMA20,-0.0181223816688848,2024-09-18,4,2024-09-12,502,494,493,292,59.2292089249493,489,398,81.39059304703477,0.9741035856573704,True,23907.349609375,20931.13103515625,NORMAL,POINT_IN_TIME,502,493,489,NORMAL,MOMENTUM_ENABLED,True,True,True,0.9820717131474104,23223.0479296875,-0.0221223816688848,-0.0241223816688848,-0.026122381668884802
TEJASNET-2024-06-03,TEJASNET,2024-05-17,2024-06-03,10,1200.135986328125,58.92946028298646,58.89338235309175,1091.3771242565422,1.8455770941954923,1165.0621337890625,1149.7672182813803,1149.004864501953,961.0704089355468,855.216159362793,669228800.7367554,68.77551020408164,97.14285714285714,70.0,80.48979591836735,0.9780439121756488,0.9747059501063728,True,0.9780439121756488,90.91836734693878,True,True,True,True,True,True,True,True,True,True,True,True,True,True,,2024-06-04,1160.827370088438,1076.6537786682693,84.17359142016858,2024-06-05,1059.4916526198897,SMA20,-0.0872961131686859,2024-06-04,1,2024-06-03,501,493,493,303,61.4604462474645,480,347,72.29166666666667,0.9580838323353292,True,21797.400390625,18918.27002929688,STRONG_MOMENTUM,POINT_IN_TIME,501,493,480,STRONG_MOMENTUM,MOMENTUM_ENABLED,True,True,True,0.9840319361277445,20707.5680859375,-0.0912961131686859,-0.0932961131686859,-0.09529611316868589
TEJASNET-2024-07-12,TEJASNET,2024-07-03,2024-07-12,7,1447.048583984375,64.61126314741963,64.95155061545076,1286.1768210964203,2.489840858255677,1407.34130859375,1383.6763289575356,1404.8053955078126,1265.0158666992188,926.6209921264648,839339270.7515259,48.073022312373226,98.17444219066938,90.06085192697769,80.70993914807303,0.9801192842942346,1.1452206940928746,True,0.9800796812749004,94.89837398373984,True,True,True,True,True,True,True,True,True,True,True,True,True,True,,2024-07-15,1429.8603831778328,1269.9389334425575,159.92144973527525,2024-07-22,1380.039445146609,SMA20,-0.0348432186927913,2024-07-19,4,2024-07-12,503,493,493,404,81.94726166328601,484,423,87.39669421487604,0.9622266401590456,True,23095.44921875,19660.458017578127,STRONG_MOMENTUM,POINT_IN_TIME,503,493,484,STRONG_MOMENTUM,MOMENTUM_ENABLED,True,True,True,0.9801192842942346,21748.9951171875,-0.038843218692791295,-0.0408432186927913,-0.0428432186927913
THERMAX-2024-03-04,THERMAX,2024-02-23,2024-03-04,6,3701.254150390625,123.48783187357992,123.85472140432388,3482.7820814564857,1.7691789192460603,3659.14306640625,3612.3310303909575,3461.5287353515623,3236.736826171875,2768.063374023437,363330252.5605469,96.74134419551936,87.78004073319755,63.54378818737271,83.19755600814663,0.9800399201596808,0.4346568831215774,True,0.9800399201596808,81.75152749490836,True,True,True,True,True,True,True,True,True,True,True,True,True,True,,2024-03-05,3642.071101040384,3451.8184011054045,190.2526999349793,2024-03-15,3572.7438650563613,SMA20,-0.0190351132805229,2024-03-14,7,2024-03-04,501,491,491,277,56.41547861507128,490,377,76.93877551020408,0.9780439121756488,True,20432.05078125,17642.903266601563,NORMAL,POINT_IN_TIME,501,491,490,NORMAL,MOMENTUM_ENABLED,True,True,True,0.9800399201596807,19717.54109375,-0.0230351132805229,-0.0250351132805229,-0.0270351132805229
TITAGARH-2024-07-05,TITAGARH,2024-06-28,2024-07-05,5,1856.6282958984373,102.68870069391718,90.33014639188433,1756.951239503784,0.9706720965509092,1825.78173828125,1795.6839864748847,1597.435565185547,1339.4367541503907,1025.1702401733398,4432664238.215149,99.39148073022312,98.37728194726166,91.88640973630832,96.7342799188641,0.9820717131474104,0.7175834745492875,True,0.9800796812749004,97.19512195121952,True,True,True,True,True,True,True,True,True,True,True,True,True,True,,2024-07-08,1855.779726627295,1734.368702905813,121.41102372148202,2024-07-15,1692.8125817250118,SMA20,-0.087815995920195,2024-07-12,5,2024-07-05,502,493,493,417,84.58417849898579,484,421,86.98347107438018,0.9641434262948207,True,22987.650390625,19521.231015625,STRONG_MOMENTUM,POINT_IN_TIME,502,493,484,STRONG_MOMENTUM,MOMENTUM_ENABLED,True,True,True,0.9820717131474104,21535.2041015625,-0.091815995920195,-0.093815995920195,-0.09581599592019499
TMPV-2024-02-15,TMPV,2024-02-06,2024-02-15,7,918.1923217773438,23.70743215043949,21.804692769966387,873.6778225478088,1.877660091867425,899.6243286132812,899.037992642887,855.571484375,785.3865234375,638.6440773010254,7810100388.946716,84.89795918367346,83.87755102040816,76.73469387755102,82.0408163265306,0.9780439121756488,0.6580192734763336,True,0.9780439121756488,81.06122448979592,True,True,True,True,True,True,True,True,True,True,True,True,True,True,,2024-02-16,903.9731523989236,868.2266493553171,35.74650304360648,2024-03-18,924.34917162168,SMA20,0.0225405136963231,2024-03-15,20,2024-02-15,501,491,491,293,59.67413441955194,489,380,77.70961145194273,0.9760479041916168,True,20037.0,17371.625991210938,NORMAL,POINT_IN_TIME,501,491,489,NORMAL,MOMENTUM_ENABLED,True,True,True,0.9800399201596807,19397.61703125,0.0185405136963231,0.016540513696323103,0.014540513696323101
TORNTPHARM-2025-01-02,TORNTPHARM,2024-12-19,2025-01-02,8,3405.59765625,75.6170371724112,75.85122733307614,3282.69191140738,1.625371072955265,3378.503662109375,3334.475580677327,3322.5455078125,3228.3370068359377,3009.4277575683595,833912542.951416,72.2672064777328,74.49392712550608,81.78137651821862,76.01214574898786,0.988,0.6354489950960911,True,0.988,77.65182186234819,True,True,True,True,True,True,True,True,True,True,True,True,True,True,,2025-01-03,3386.798850400708,3263.729104574111,123.06974582659724,2025-01-07,3318.0811426707537,SMA20,-0.0202898698048819,2025-01-06,2,2025-01-02,500,496,496,249,50.201612903225815,488,240,49.18032786885246,0.976,True,22819.75,22349.360478515624,NORMAL,POINT_IN_TIME,500,496,488,NORMAL,MOMENTUM_ENABLED,True,True,True,0.992,22703.5589453125,-0.0242898698048819,-0.026289869804881898,-0.0282898698048819
TORNTPOWER-2023-10-20,TORNTPOWER,2023-10-11,2023-10-20,7,718.30126953125,18.05753006397157,17.109562134637773,683.451872239701,1.929909415523038,706.0128784179688,702.700644856005,702.345458984375,673.3657214355469,559.3367373657227,221965017.24380493,68.36734693877551,77.75510204081633,67.55102040816327,71.87755102040816,0.9780439121756488,0.3746875394520894,True,0.9780439121756488,74.3265306122449,True,True,True,True,True,True,True,True,True,True,True,True,True,True,,2023-10-23,706.0128185479435,679.1744817060415,26.83833684190199,2023-10-25,687.6760246778143,SMA20,-0.0259723242813671,2023-10-23,1,2023-10-20,501,491,491,267,54.37881873727088,489,420,85.88957055214725,0.9760479041916168,True,17208.75,15919.529750976562,NORMAL,POINT_IN_TIME,501,491,489,NORMAL,MOMENTUM_ENABLED,True,True,True,0.9800399201596807,17199.84796875,-0.0299723242813671,-0.0319723242813671,-0.0339723242813671
TORNTPOWER-2023-11-24,TORNTPOWER,2023-11-17,2023-11-24,5,800.6726684570312,26.690407953909386,27.102158717228885,752.8627578739324,1.791276876159401,783.3919677734375,773.6956203857612,744.5799896240235,717.2318310546875,594.2447048950195,273821982.51412964,81.42857142857143,84.08163265306122,78.57142857142857,81.63265306122449,0.9780439121756488,2.5031683364688533,True,0.9780439121756488,88.28571428571428,True,True,True,True,True,True,True,True,True,True,True,True,True,True,,2023-11-28,785.2640461716779,746.0872181946252,39.17682797705277,2023-12-18,864.6592698042457,SMA20,0.1011064036608267,2023-12-15,14,2023-11-24,501,491,491,312,63.54378818737271,488,414,84.8360655737705,0.9740518962075848,True,17643.5,16138.237485351565,STRONG_MOMENTUM,POINT_IN_TIME,501,491,488,STRONG_MOMENTUM,MOMENTUM_ENABLED,True,True,True,0.9800399201596807,17278.277890625,0.09710640366082669,0.09510640366082669,0.0931064036608267
TORNTPOWER-2024-02-27,TORNTPOWER,2024-02-15,2024-02-27,7,1160.159423828125,55.28940302425018,52.25309849158928,1068.9619347821506,1.64945693130336,1116.2335205078125,1116.0877718487106,1094.0696044921874,996.315927734375,748.8868611145019,986159967.6217653,89.20570264765783,85.74338085539715,90.83503054989816,88.30957230142565,0.9800399201596808,1.333576898523409,True,0.9780439121756488,90.06122448979592,True,True,True,True,True,True,True,True,True,True,True,True,True,True,,2024-02-28,1123.6998390915537,1055.8986601592533,67.80117893230045,2024-02-29,1090.4884672424591,SMA20,-0.0295553765282586,2024-02-28,1,2024-02-27,501,491,491,284,57.841140529531565,490,387,78.9795918367347,0.9780439121756488,True,20292.849609375,17547.430747070313,NORMAL,POINT_IN_TIME,501,491,490,NORMAL,MOMENTUM_ENABLED,True,True,True,0.9800399201596807,19620.213046875,-0.0335553765282586,-0.0355553765282586,-0.037555376528258605
TRENT-2023-08-29,TRENT,2023-08-24,2023-08-29,3,2063.861083984375,48.7266159443069,49.3603707405067,1985.458170270364,1.6090367080616317,2044.16064453125,2021.9664798018405,1885.8261962890624,1782.4276684570314,1478.6026501464844,1353435874.990173,91.83673469387756,83.6734693877551,85.91836734693878,86.79591836734694,0.9760956175298804,0.5021394876188674,True,0.9741035856573704,89.36605316973416,True,True,True,True,True,True,True,True,True,True,True,True,True,True,,2023-08-30,2063.4120726415704,1973.1180775852367,90.29399505633296,2023-09-20,2046.853909506444,SMA20,-0.0080246516702447,2023-09-18,14,2023-08-29,502,492,491,354,72.09775967413442,483,413,85.5072463768116,0.9621513944223108,True,16927.30078125,15624.319018554688,STRONG_MOMENTUM,POINT_IN_TIME,502,491,483,STRONG_MOMENTUM,MOMENTUM_ENABLED,True,True,True,0.9780876494023905,16718.71912109375,-0.0120246516702447,-0.0140246516702447,-0.0160246516702447
TRENT-2024-01-19,TRENT,2024-01-12,2024-01-19,5,3204.09423828125,67.55596625196601,69.80943805212165,3082.250566401602,1.8035960203011967,3201.99951171875,3177.012315206829,3082.5923706054687,2880.695458984375,2045.0200860595703,1316157963.1826172,63.26530612244898,94.6938775510204,92.24489795918367,84.53061224489797,0.9780439121756488,0.9338719164736592,True,0.9780439121756488,85.67346938775509,True,True,True,True,True,True,True,True,True,True,True,True,True,True,,2024-01-23,3198.957481884374,3064.798206888572,134.1592749958022,2024-01-31,3046.340935295991,SMA20,-0.0477082135203881,2024-01-30,5,2024-01-19,501,491,491,373,75.96741344195519,489,420,85.88957055214725,0.9760479041916168,True,19606.400390625,16945.638486328124,STRONG_MOMENTUM,POINT_IN_TIME,501,491,489,STRONG_MOMENTUM,MOMENTUM_ENABLED,True,True,True,0.9800399201596807,18649.9069921875,-0.0517082135203881,-0.0537082135203881,-0.0557082135203881
TRENT-2024-02-27,TRENT,2024-02-20,2024-02-27,5,4015.803466796875,135.14966690747295,132.37444584713916,3814.409817137749,1.49015276372827,3927.62548828125,3904.1341834560185,3677.165026855469,3318.0828173828127,2320.434049682617,2896987390.8997803,95.11201629327904,91.44602851323828,93.48268839103868,93.15682281059064,0.9800399201596808,0.9824001149231336,True,0.9780439121756488,93.6530612244898,True,True,True,True,True,True,True,True,True,True,True,True,True,True,,2024-02-28,3930.069184192153,3781.316205675964,148.75297851618825,2024-03-06,3866.7283420809968,SMA20,-0.016116978898471,2024-03-05,5,2024-02-27,501,491,491,284,57.841140529531565,490,387,78.9795918367347,0.9780439121756488,True,20292.849609375,17547.430747070313,NORMAL,POINT_IN_TIME,501,491,490,NORMAL,MOMENTUM_ENABLED,True,True,True,0.9800399201596807,19620.213046875,-0.020116978898471,-0.022116978898471,-0.024116978898471
TRENT-2024-05-14,TRENT,2024-05-02,2024-05-14,8,4635.046875,172.27260648691984,151.58693181311156,4347.070398569653,1.6716324336348418,4528.9638671875,4510.309876818237,4322.704528808594,4093.890302734375,2926.8015435791017,3155614926.2043457,92.21311475409836,92.00819672131148,96.31147540983606,93.36065573770492,0.9740518962075848,0.7861833416694297,True,0.9740518962075848,92.21311475409836,True,True,True,True,True,True,True,True,True,True,True,True,True,True,,2024-05-15,4538.589292155056,4309.173665616375,229.41562653868093,2024-06-03,4736.062853797161,SMA20,0.0435098989863298,2024-05-31,12,2024-05-14,501,493,492,288,58.53658536585365,480,357,74.375,0.9580838323353292,True,20683.80078125,18638.31026367188,NORMAL,POINT_IN_TIME,501,492,480,NORMAL,MOMENTUM_ENABLED,True,True,True,0.9820359281437125,20427.9570703125,0.0395098989863298,0.0375098989863298,0.0355098989863298
TRITURBINE-2024-04-04,TRITURBINE,2024-04-01,2024-04-04,3,563.9171142578125,27.64481198226625,25.604527954902487,539.6478664328835,0.8778952029226103,555.0875854492188,551.1906207743151,497.642643737793,454.5198303222657,408.5292041015625,646599092.1144257,95.48254620123204,89.93839835728953,56.87885010266941,81.68377823408625,0.9720558882235528,0.9182194187922432,True,0.9680638722554892,88.68041237113403,True,True,True,True,True,True,True,True,True,True,True,True,True,True,,2024-04-05,560.3655808609002,533.2467344441578,27.11884641674237,2024-04-19,508.077970550493,SMA20,-0.0933098179050838,2024-04-18,8,2024-04-04,501,493,492,318,64.63414634146342,479,382,79.74947807933194,0.9560878243512974,True,20664.650390625,18090.8825390625,STRONG_MOMENTUM,POINT_IN_TIME,501,492,479,STRONG_MOMENTUM,MOMENTUM_ENABLED,True,True,True,0.9820359281437125,20010.348203125,-0.0973098179050838,-0.09930981790508381,-0.10130981790508381
TRITURBINE-2024-08-27,TRITURBINE,2024-08-16,2024-08-27,7,799.1129760742188,42.16810946480979,37.82622118913709,708.3494548407662,2.152420926273604,739.8700561523438,729.757799989636,692.7741882324219,639.6928527832031,509.20878280639647,803502782.2168579,95.94320486815415,84.17849898580123,94.11764705882352,90.6896551724138,0.9801192842942346,2.166891477210407,True,0.9801192842942346,95.25354969574036,True,True,True,True,True,True,True,True,True,True,True,True,True,True,,2024-08-28,740.9059440975302,698.8928995434819,42.01304455404829,2024-09-02,720.1388311234409,SMA20,-0.0280293512820779,2024-08-30,3,2024-08-27,503,493,493,302,61.257606490872206,487,417,85.62628336755647,0.9681908548707754,True,23604.849609375,20536.411533203125,STRONG_MOMENTUM,POINT_IN_TIME,503,493,487,STRONG_MOMENTUM,MOMENTUM_ENABLED,True,True,True,0.9801192842942346,22919.1339453125,-0.0320293512820779,-0.0340293512820779,-0.036029351282077904
TRITURBINE-2024-12-06,TRITURBINE,2024-11-27,2024-12-06,7,825.0452270507812,44.39584934245973,37.41466971013664,723.4031666510198,2.28944961984435,746.874267578125,735.7563628028473,705.9308319091797,709.1614477539063,619.8888261413574,1279951477.6968994,91.49797570850204,63.96761133603239,81.78137651821862,77.57085020242916,0.988,0.7040640206427835,True,0.988,92.3684210526316,True,True,True,True,True,True,True,True,True,True,True,True,True,True,,2024-12-09,763.9710926949075,714.0494992234857,49.92159347142183,2024-12-20,778.3008096725941,SMA20,0.0187568837547747,2024-12-19,9,2024-12-06,500,496,496,287,57.86290322580645,488,291,59.63114754098361,0.976,True,23312.099609375,22125.683759765627,NORMAL,POINT_IN_TIME,500,496,488,NORMAL,MOMENTUM_ENABLED,True,True,True,0.992,23030.444921875,0.0147568837547747,0.0127568837547747,0.0107568837547747
TRIVENI-2023-09-28,TRIVENI,2023-09-25,2023-09-28,3,379.6268310546875,15.74138451993511,15.318414171913858,364.4826644567704,0.9620606483971194,376.9486083984375,375.9260318989252,350.4682327270508,313.90916137695314,279.9184561920166,566564302.1408386,97.55102040816328,91.02040816326532,73.67346938775509,87.77551020408163,0.9780439121756488,1.1136823864997911,True,0.9780439121756488,87.12244897959184,True,True,True,True,True,True,True,True,True,True,True,True,True,True,,2023-09-29,378.8964229078592,360.6530609137919,18.24336199406736,2023-10-25,348.8515265652613,SMA20,-0.0792958036183526,2023-10-23,16,2023-09-28,501,491,491,307,62.52545824847251,488,425,87.09016393442623,0.9740518962075848,True,17170.44921875,15795.18576171875,STRONG_MOMENTUM,POINT_IN_TIME,501,491,488,STRONG_MOMENTUM,MOMENTUM_ENABLED,True,True,True,0.9800399201596807,17090.0610546875,-0.0832958036183526,-0.08529580361835261,-0.0872958036183526
TRIVENI-2024-09-13,TRIVENI,2024-08-30,2024-09-13,10,470.3151245117188,20.1088452893552,18.250852926889458,443.833076620344,1.3169352844637636,468.6455993652344,467.4094773692496,454.5105606079102,420.0380383300781,360.878742980957,308517662.15411377,87.4239350912779,78.90466531440163,79.3103448275862,81.58215010141988,0.9820717131474104,0.8273851176288449,True,0.9820717131474104,88.19472616632859,True,True,True,True,True,True,True,True,True,True,True,True,True,True,,2024-09-16,471.1179222565677,439.2703633886216,31.84755886794608,2024-09-27,472.7001327740229,SMA20,0.003358417166294,2024-09-26,9,2024-09-13,502,495,493,315,63.894523326572006,489,409,83.640081799591,0.9741035856573704,True,23928.19921875,20962.80653320313,STRONG_MOMENTUM,POINT_IN_TIME,502,493,489,STRONG_MOMENTUM,MOMENTUM_ENABLED,True,True,True,0.9820717131474104,23244.5879296875,-0.000641582833706,-0.002641582833706,-0.004641582833706
TTML-2023-09-06,TTML,2023-09-01,2023-09-06,3,91.5999984741211,3.713520516953464,3.6878656074598415,87.55000305175781,1.0906080642004528,91.0999984741211,90.8499984741211,83.39499969482422,79.44499969482422,75.31750017166138,569591264.3564911,84.89795918367346,85.91836734693878,79.18367346938776,83.59183673469387,0.9760956175298804,1.3687646374161444,True,0.9760956175298804,89.6734693877551,True,True,True,True,True,True,True,True,True,True,True,True,True,True,,2023-09-07,91.6999969482422,86.62803664989285,5.071960298349339,2023-09-27,96.25,SMA20,0.0496183555417775,2023-09-26,13,2023-09-06,502,492,491,401,81.67006109979633,485,446,91.95876288659794,0.9661354581673308,True,17284.599609375,15669.427514648438,STRONG_MOMENTUM,POINT_IN_TIME,502,491,485,STRONG_MOMENTUM,MOMENTUM_ENABLED,True,True,True,0.9780876494023905,16836.39208984375,0.0456183555417775,0.0436183555417775,0.0416183555417775
TVSMOTOR-2023-09-25,TVSMOTOR,2023-09-18,2023-09-25,4,1508.3916015625,28.660171178257105,27.192408911952626,1466.034531627242,1.4779070812875004,1498.111328125,1481.2573540603678,1447.9995910644532,1380.3006420898437,1190.220446166992,1350258087.8156738,85.51020408163265,63.87755102040816,73.26530612244898,73.18367346938774,0.9780439121756488,1.339269515500712,True,0.9780439121756488,70.08163265306122,True,True,True,True,True,True,True,True,True,True,True,True,True,True,,2023-09-26,1505.2778250908127,1459.2364293992537,46.041395691559046,2023-10-05,1489.659641998249,SMA20,-0.0103756149411298,2023-10-04,6,2023-09-25,501,491,491,327,66.59877800407332,488,436,89.34426229508196,0.9740518962075848,True,17272.55078125,15775.002016601562,STRONG_MOMENTUM,POINT_IN_TIME,501,491,488,STRONG_MOMENTUM,MOMENTUM_ENABLED,True,True,True,0.9800399201596807,17064.475078125,-0.014375614941129801,-0.016375614941129803,-0.0183756149411298
TVSMOTOR-2023-10-09,TVSMOTOR,2023-09-26,2023-10-09,8,1513.3834228515625,27.25884464393162,27.944152628103897,1472.3115335348407,1.506736248480922,1504.9813232421875,1499.149304112199,1485.8045288085937,1410.503078613281,1211.9083102416992,1173373862.925354,77.3469387755102,69.59183673469389,69.79591836734694,71.9795918367347,0.9780439121756488,1.4231955672242869,True,0.9780439121756488,77.63265306122449,True,True,True,True,True,True,True,True,True,True,True,True,True,True,,2023-10-10,1512.4938326409383,1465.3254953778146,47.1683372631237,2023-11-02,1551.9347799888817,SMA20,0.0260767657340303,2023-11-01,16,2023-10-09,501,491,491,254,51.73116089613035,488,426,87.29508196721312,0.9740518962075848,True,17127.69921875,15835.60201171875,NORMAL,POINT_IN_TIME,501,491,488,NORMAL,MOMENTUM_ENABLED,True,True,True,0.9800399201596807,17123.0569921875,0.0220767657340303,0.020076765734030298,0.0180767657340303
TVSMOTOR-2023-11-22,TVSMOTOR,2023-11-17,2023-11-22,3,1727.4912109375,30.39099223274535,30.780158586909582,1686.3698686802477,1.3530766597658357,1719.28662109375,1718.2487849946629,1619.2017150878903,1555.7414306640626,1300.649122314453,1202832498.2525637,79.79591836734694,88.36734693877551,71.42857142857143,80.71428571428571,0.9780439121756488,2.6191394047868,True,0.9780439121756488,82.38775510204081,True,True,True,True,True,True,True,True,True,True,True,True,True,True,,2023-11-23,1733.817562123859,1678.6748290335202,55.14273309033888,2024-01-03,1954.251715897741,SMA20,0.1271380326219897,2024-01-02,27,2023-11-22,501,491,491,298,60.692464358452135,488,415,85.04098360655738,0.9740518962075848,True,17627.69921875,16110.738735351562,STRONG_MOMENTUM,POINT_IN_TIME,501,491,488,STRONG_MOMENTUM,MOMENTUM_ENABLED,True,True,True,0.9800399201596807,17275.435859375,0.12313803262198969,0.12113803262198969,0.11913803262198969
TVSMOTOR-2024-08-07,TVSMOTOR,2024-08-01,2024-08-07,4,2564.564208984375,64.80853094502626,74.86732972929694,2408.558637528298,2.40717648095447,2554.987548828125,2510.7263318538585,2460.736730957032,2396.134833984375,2059.7793090820314,2094496853.5281985,81.94726166328601,85.39553752535497,73.02231237322515,80.64908722109534,0.9801192842942346,2.668058071565302,True,0.9801192842942346,75.05070993914808,True,True,True,True,True,True,True,True,True,True,True,True,True,True,,2024-08-08,2559.403662172052,2389.841805095973,169.561857076078,2024-09-20,2763.838468674026,SMA20,0.0798759529508836,2024-09-19,30,2024-08-07,503,493,493,276,55.98377281947262,487,401,82.34086242299796,0.9681908548707754,True,22848.900390625,20148.513515625,NORMAL,POINT_IN_TIME,503,493,487,NORMAL,MOMENTUM_ENABLED,True,True,True,0.9801192842942346,22478.956015625,0.07587595295088359,0.07387595295088359,0.07187595295088359
TVSMOTOR-2025-09-18,TVSMOTOR,2025-09-08,2025-09-18,8,3578.791015625,74.9987502107332,69.0403427625771,3443.463992056758,1.8043903823463343,3534.246826171875,3512.323599852653,3407.210791015625,3103.6757421875,2680.3335009765624,2689582993.7163086,87.92756539235413,94.16498993963782,92.35412474849096,91.75050301810865,0.9920159680638724,0.8179235068076746,True,0.9920159680638724,96.88128772635817,True,True,True,True,True,True,True,True,True,True,True,True,True,True,,2025-09-19,3531.7556826815567,3426.2039063661136,105.55177631544302,2025-09-25,3440.972826855412,SMA20,-0.0257047383745456,2025-09-24,4,2025-09-18,501,497,497,312,62.77665995975856,487,335,68.78850102669405,0.9720558882235528,True,23518.900390625,22257.593759765627,STRONG_MOMENTUM,POINT_IN_TIME,501,497,487,STRONG_MOMENTUM,MOMENTUM_ENABLED,True,True,True,0.9920159680638723,23019.8200390625,-0.0297047383745456,-0.0317047383745456,-0.0337047383745456
TVSMOTOR-2025-10-27,TVSMOTOR,2025-10-21,2025-10-27,3,3645.557861328125,65.38377052577889,67.54372988782093,3571.6162084200905,1.1308869512026916,3627.2216796875,3626.524141942,3520.280578613281,3432.0858544921875,2813.042165527344,1778119989.5582275,78.09330628803245,97.97160243407708,85.19269776876268,88.17444219066937,0.9801192842942346,0.7096097168013513,True,0.9801192842942346,88.66125760649088,True,True,True,True,True,True,True,True,True,True,True,True,True,True,,2025-10-28,3637.286500325704,3554.7302759481354,82.55622437756847,2025-10-30,3493.68833243042,SMA20,-0.0394794767699562,2025-10-29,2,2025-10-27,503,498,498,291,58.43373493975904,482,314,65.14522821576763,0.9582504970178928,True,23840.900390625,22310.83252929688,NORMAL,POINT_IN_TIME,503,498,482,NORMAL,MOMENTUM_ENABLED,True,True,True,0.9900596421471173,23130.993125,-0.0434794767699562,-0.0454794767699562,-0.0474794767699562
UCOBANK-2023-10-03,UCOBANK,2023-09-18,2023-10-03,9,44.90445327758789,2.3140250054592952,2.351583349431768,39.68974095187394,2.253524621994702,43.21449661254883,42.68337364046202,38.04324636459351,32.46157428741455,28.307187843322755,1906992639.919384,99.18367346938776,96.53061224489797,91.83673469387756,95.91836734693878,0.9780439121756488,0.9834735375695766,True,0.9780439121756488,97.36734693877553,True,True,True,True,True,True,True,True,True,True,True,True,True,True,,2023-10-04,43.02136152440526,39.101845114516,3.919516409889255,2023-10-10,39.59317538855094,SMA20,-0.0796856727537451,2023-10-09,4,2023-10-03,501,491,491,329,67.0061099796334,488,436,89.34426229508196,0.9740518962075848,True,17254.400390625,15809.301513671877,STRONG_MOMENTUM,POINT_IN_TIME,501,491,488,STRONG_MOMENTUM,MOMENTUM_ENABLED,True,True,True,0.9800399201596807,17101.0800390625,-0.0836856727537451,-0.0856856727537451,-0.08768567275374509
UJJIVANSFB-2023-10-19,UJJIVANSFB,2023-10-06,2023-10-19,9,58.11256408691406,2.3495341775561687,1.9743676046646748,54.19649384261661,1.6667432556229922,56.03366470336914,55.791931822185326,53.83147850036621,50.095739669799805,35.52753831863404,1292555685.0180893,96.53061224489797,90.0,96.93877551020408,94.04081632653062,0.9780439121756488,1.09730003822174,True,0.9780439121756488,96.44897959183672,True,True,True,True,True,True,True,True,True,True,True,True,True,True,,2023-10-20,56.22705184202894,53.70290194145044,2.524149900578508,2023-10-25,52.40767204703891,SMA20,-0.0679277975612283,2023-10-23,2,2023-10-19,501,491,491,302,61.5071283095723,489,428,87.52556237218813,0.9760479041916168,True,17310.5,15910.912001953126,STRONG_MOMENTUM,POINT_IN_TIME,501,491,489,STRONG_MOMENTUM,MOMENTUM_ENABLED,True,True,True,0.9800399201596807,17194.65796875,-0.0719277975612283,-0.0739277975612283,-0.0759277975612283
UNIONBANK-2023-08-28,UNIONBANK,2023-08-17,2023-08-28,7,86.49616241455078,2.5854080242078106,2.6848874400310137,81.46199555636784,1.9471459866476784,84.25367736816406,83.56719598762545,82.9676685333252,75.35992645263671,67.91443828582764,1203743944.1249657,56.12244897959183,87.34693877551021,73.06122448979592,73.69387755102042,0.9760956175298804,0.6780139574291233,True,0.9741035856573704,85.91002044989776,True,True,True,True,True,True,True,True,True,True,True,True,True,True,,2023-08-29,83.75025037682575,80.79077369636009,2.959476680465656,2023-08-30,80.04326870349014,SMA20,-0.0442623354157918,2023-08-29,1,2023-08-28,502,492,491,336,68.43177189409369,483,407,84.26501035196688,0.9621513944223108,True,16875.30078125,15617.758266601562,STRONG_MOMENTUM,POINT_IN_TIME,502,491,483,STRONG_MOMENTUM,MOMENTUM_ENABLED,True,True,True,0.9780876494023905,16703.802109375,-0.04826233541579179,-0.050262335415791795,-0.0522623354157918
UNIONBANK-2023-11-29,UNIONBANK,2023-11-15,2023-11-29,9,103.06315612792967,3.5901942358150523,3.2585670976744576,96.56449739942629,1.8101134093732607,100.95795440673828,100.59183989744486,97.72464561462402,94.86111877441408,74.76204301834106,1385454635.332859,68.9795918367347,81.22448979591836,86.93877551020408,79.26530612244898,0.9780439121756488,1.644015498180878,True,0.9780439121756488,86.26530612244898,True,True,True,True,True,True,True,True,True,True,True,True,True,True,,2023-11-30,100.72913322622124,95.74985562500764,4.979277601213596,2023-12-27,107.822728814011,SMA20,0.0704224821617269,2023-12-26,18,2023-11-29,501,491,491,336,68.43177189409369,488,420,86.0655737704918,0.9740518962075848,True,17904.099609375,16167.458237304689,STRONG_MOMENTUM,POINT_IN_TIME,501,491,488,STRONG_MOMENTUM,MOMENTUM_ENABLED,True,True,True,0.9800399201596807,17291.4498828125,0.0664224821617269,0.0644224821617269,0.062422482161726904
UNITDSPR-2024-08-21,UNITDSPR,2024-08-07,2024-08-21,9,1432.45556640625,36.72970244215576,30.99664805777047,1362.340657450532,1.9089430159729528,1401.95166015625,1382.170688281116,1389.7207580566403,1308.1453955078125,1146.7685696411131,1167599118.3250122,78.90466531440163,76.06490872210954,65.92292089249493,73.87423935091277,0.9801192842942346,0.727325701210196,True,0.9801192842942346,81.84584178498986,True,True,True,True,True,True,True,True,True,True,True,True,True,True,,2024-08-22,1414.0454722409024,1354.5914954360894,59.45397680481301,2024-10-07,1499.5833873387717,SMA20,0.0604916297085647,2024-10-04,31,2024-08-21,503,493,493,270,54.76673427991886,487,408,83.77823408624229,0.9681908548707754,True,23368.650390625,20401.13377929688,NORMAL,POINT_IN_TIME,503,493,487,NORMAL,MOMENTUM_ENABLED,True,True,True,0.9801192842942346,22792.5249609375,0.056491629708564695,0.0544916297085647,0.0524916297085647
UNITDSPR-2024-10-01,UNITDSPR,2024-09-26,2024-10-01,3,1610.4842529296875,35.24215904963625,36.79429186812918,1541.3487002065165,1.9617286394343256,1577.5322265625,1577.3364064739417,1523.2936950683593,1447.9188940429688,1214.4911154174804,1029885743.2092896,79.95910020449898,88.95705521472392,73.21063394683026,81.53374233128834,0.978,0.6955749375379588,True,0.986,86.49087221095336,True,True,True,True,True,True,True,True,True,True,True,True,True,True,,2024-10-03,1561.9130824397237,1532.1501272394842,29.762955200239503,2024-10-07,1499.5833873387717,SMA20,-0.0399059946431797,2024-10-04,2,2024-10-01,500,494,494,306,61.943319838056674,485,401,82.68041237113401,0.97,True,24271.30078125,21342.95153320313,STRONG_MOMENTUM,POINT_IN_TIME,500,494,485,STRONG_MOMENTUM,MOMENTUM_ENABLED,True,True,True,0.988,23526.3579296875,-0.043905994643179694,-0.045905994643179696,-0.0479059946431797
UNOMINDA-2024-08-28,UNOMINDA,2024-08-19,2024-08-28,7,1168.59375,45.96943309284484,44.56150838424652,1073.8238863642905,2.061584345499808,1123.050537109375,1115.9327255986575,1069.1527221679687,1064.1927429199218,789.6333892822265,806513511.9264526,78.29614604462475,90.26369168356996,96.75456389452332,88.62068965517241,0.9801192842942346,0.9990091644415384,True,0.9801192842942346,96.83569979716025,True,True,True,True,True,True,True,True,True,True,True,True,True,True,,2024-08-29,1123.050519956741,1062.6835092682286,60.36701068851244,2024-09-09,1088.6069304722976,SMA20,-0.0306696705734753,2024-09-06,7,2024-08-28,503,493,493,294,59.63488843813387,487,413,84.80492813141683,0.9681908548707754,True,23615.94921875,20570.36078125,NORMAL,POINT_IN_TIME,503,493,487,NORMAL,MOMENTUM_ENABLED,True,True,True,0.9801192842942346,22947.1669140625,-0.0346696705734753,-0.0366696705734753,-0.0386696705734753
UNOMINDA-2025-09-15,UNOMINDA,2025-09-01,2025-09-15,10,1311.6060791015625,34.20606619197444,31.18596476787421,1257.828870685629,1.5721541352963562,1298.535888671875,1291.0530353102436,1273.0241760253907,1159.9941674804688,1022.2165209960938,1062226825.130432,94.96981891348088,92.5553319919517,91.34808853118712,92.91750503018108,0.9920159680638724,0.6855629734050884,True,0.9920159680638724,97.16297786720322,True,True,True,True,True,True,True,True,True,True,True,True,True,True,,2025-09-16,1298.5358496425624,1250.0323794936603,48.5034701489019,2025-09-29,1268.1053219918972,SMA20,-0.0234344917462552,2025-09-26,9,2025-09-15,501,497,497,254,51.10663983903421,487,321,65.91375770020534,0.9720558882235528,True,23215.849609375,22244.965,NORMAL,POINT_IN_TIME,501,497,487,NORMAL,MOMENTUM_ENABLED,True,True,True,0.9920159680638723,23026.876015625,-0.027434491746255202,-0.029434491746255204,-0.031434491746255205
UNOMINDA-2025-09-19,UNOMINDA,2025-09-16,2025-09-19,3,1318.0911865234375,30.968090579271024,29.086745503487084,1297.1390638192534,0.6765713452869058,1316.6943359375,1315.596931007383,1290.5491577148437,1177.02728515625,1027.756583251953,919063629.2669678,79.87927565392354,91.75050301810866,80.48289738430584,84.80885311871228,0.9920159680638724,1.3699149131198594,True,0.9920159680638724,92.25352112676056,True,True,True,True,True,True,True,True,True,True,True,True,True,True,,2025-09-22,1324.376921535025,1289.8673774433817,34.50954409164342,2025-09-29,1268.1053219918972,SMA20,-0.0424891121463412,2025-09-26,5,2025-09-19,501,497,497,322,64.7887323943662,487,338,69.40451745379876,0.9720558882235528,True,23486.650390625,22262.45526367188,STRONG_MOMENTUM,POINT_IN_TIME,501,497,487,STRONG_MOMENTUM,MOMENTUM_ENABLED,True,True,True,0.9920159680638723,23018.4040625,-0.0464891121463412,-0.0484891121463412,-0.0504891121463412
USHAMART-2024-06-21,USHAMART,2024-06-13,2024-06-21,5,405.2204895019531,18.192861214181345,17.291136648097627,374.3014616523125,1.6995143032003783,395.6957092285156,390.6646342545548,362.5395034790039,351.8922100830078,323.7053028869629,355710821.4537964,84.72505091649694,84.72505091649694,69.24643584521385,80.08146639511202,0.9780876494023903,2.0420461072061453,True,0.9780876494023903,79.5723014256619,True,True,True,True,True,True,True,True,True,True,True,True,True,True,,2024-06-24,395.6468409660173,369.9786774902881,25.66816347572916,2024-07-10,382.40978329232746,SMA20,-0.0334567505742495,2024-07-09,12,2024-06-21,502,493,493,410,83.16430020283975,484,405,83.67768595041323,0.9641434262948207,True,22236.19921875,19238.9940234375,STRONG_MOMENTUM,POINT_IN_TIME,502,493,484,STRONG_MOMENTUM,MOMENTUM_ENABLED,True,True,True,0.9820717131474104,21130.3550390625,-0.037456750574249506,-0.0394567505742495,-0.0414567505742495
UTIAMC-2024-08-30,UTIAMC,2024-08-26,2024-08-30,4,1086.7294921875,34.276149975886746,36.45610815242302,1028.8554899758751,1.6884627431126014,1066.2294921875,1059.814492235219,994.51923828125,957.2391748046877,828.6486303710938,195984428.63232425,88.03245436105477,83.97565922920892,69.77687626774848,80.93306288032454,0.9820717131474104,1.1825069235643544,True,0.9801192842942346,83.7525354969574,True,True,True,True,True,True,True,True,True,True,True,True,True,True,,2024-09-02,1079.384801538975,1019.7414629377696,59.64333860120507,2024-09-30,1162.1282843917736,SMA20,0.07665800253517,2024-09-27,20,2024-08-30,502,493,493,299,60.649087221095336,488,408,83.60655737704919,0.9721115537848606,True,23734.55078125,20639.52029296875,STRONG_MOMENTUM,POINT_IN_TIME,502,493,488,STRONG_MOMENTUM,MOMENTUM_ENABLED,True,True,True,0.9820717131474104,23003.3959375,0.07265800253516999,0.07065800253516999,0.06865800253516999
VAIBHAVGBL-2023-09-08,VAIBHAVGBL,2023-09-04,2023-09-08,4,427.3970336914063,17.89388306987924,17.323950136153325,400.8018093249924,1.4862746259464288,415.8318481445313,415.7850411737717,384.6081848144531,342.5786328125,301.76621353149415,116644909.6559906,84.28571428571429,92.6530612244898,68.9795918367347,83.04081632653062,0.9780439121756488,1.0181576108938923,True,0.9760956175298804,88.44897959183673,True,True,True,True,True,True,True,True,True,True,True,True,True,True,,2023-09-11,417.0960830234289,396.470821790954,20.625261232474884,2023-09-13,389.3302480020473,SMA20,-0.0665693976795795,2023-09-12,2,2023-09-08,501,491,491,414,84.31771894093686,487,451,92.60780287474331,0.9720558882235528,True,17487.44921875,15688.051762695311,STRONG_MOMENTUM,POINT_IN_TIME,501,491,487,STRONG_MOMENTUM,MOMENTUM_ENABLED,True,True,True,0.9800399201596807,16885.0370703125,-0.07056939767957951,-0.07256939767957951,-0.07456939767957951
VARROC-2023-10-10,VARROC,2023-10-03,2023-10-10,5,502.9143371582031,21.36311362679805,20.88874369389689,475.1710992023525,1.2986514250923291,496.4890441894531,492.4047558391916,475.66919097900393,422.2796832275391,324.32544975280763,240938012.368515,93.06122448979592,92.44897959183672,94.28571428571428,93.18367346938774,0.9780439121756488,0.4622651702841144,True,0.9780439121756488,93.6938775510204,True,True,True,True,True,True,True,True,True,True,True,True,True,True,,2023-10-11,500.7725842510781,469.9489132788783,30.823670972199864,2023-10-18,486.6270305440897,SMA20,-0.0282474603280121,2023-10-17,5,2023-10-10,501,491,491,290,59.063136456211815,488,431,88.31967213114754,0.9740518962075848,True,17303.349609375,15843.93701171875,NORMAL,POINT_IN_TIME,501,491,488,NORMAL,MOMENTUM_ENABLED,True,True,True,0.9800399201596807,17130.74,-0.032247460328012095,-0.0342474603280121,-0.0362474603280121
VARROC-2024-07-01,VARROC,2024-06-18,2024-07-01,9,692.2357177734375,33.48955328522828,30.238706281856263,637.6955837374917,1.6285715599557615,668.5767822265625,655.4771195757403,638.9407745361328,573.3930590820313,525.4114875793457,278163763.51446533,89.63414634146342,78.86178861788618,52.4390243902439,74.16666666666667,0.9800796812749004,0.6185080920646766,True,0.9780876494023903,81.4663951120163,True,True,True,True,True,True,True,True,True,True,True,True,True,True,,2024-07-02,672.4119781350009,630.1359071670277,42.27607096797328,2024-07-11,663.4464032263537,SMA20,-0.0133334550843578,2024-07-10,7,2024-07-01,502,493,493,408,82.75862068965517,484,419,86.57024793388429,0.9641434262948207,True,22727.599609375,19406.23626953125,STRONG_MOMENTUM,POINT_IN_TIME,502,493,484,STRONG_MOMENTUM,MOMENTUM_ENABLED,True,True,True,0.9820717131474104,21345.335078125,-0.0173334550843578,-0.019333455084357798,-0.0213334550843578
VBL-2024-01-04,VBL,2023-12-21,2024-01-04,8,512.4821166992188,19.620432532575244,15.87989083100152,478.6883381279183,1.7223768393073724,500.0599670410156,492.02327272779786,469.0532745361328,426.1463452148437,349.8598175048828,1901301351.6765747,91.22448979591836,86.73469387755102,81.42857142857143,86.48979591836735,0.9780439121756488,1.4869034707901467,True,0.9780439121756488,92.71428571428572,True,True,True,True,True,True,True,True,True,True,True,True,True,True,,2024-01-05,500.0599737267071,474.7183654201679,25.34160830653923,2024-01-18,493.709955669484,SMA20,-0.0126985129601543,2024-01-17,9,2024-01-04,501,491,491,431,87.78004073319755,489,446,91.20654396728015,0.9760479041916168,True,19541.25,16658.041723632814,STRONG_MOMENTUM,POINT_IN_TIME,501,491,489,STRONG_MOMENTUM,MOMENTUM_ENABLED,True,True,True,0.9800399201596807,18050.964921875,-0.016698512960154302,-0.0186985129601543,-0.0206985129601543
VBL-2024-05-08,VBL,2024-05-02,2024-05-08,4,602.4871826171875,16.228450785447453,17.634314504308513,571.1871009102963,1.928716555924053,597.1248779296875,595.8140703634506,574.4392608642578,570.8685986328124,451.2295185852051,2621873178.5543213,46.10655737704918,80.32786885245902,84.42622950819673,71.29098360655738,0.9740518962075848,1.273496160540723,True,0.9740518962075848,71.65983606557378,True,True,True,True,True,True,True,True,True,True,True,True,True,True,,2024-05-09,593.848021802525,566.7785222842192,27.069499518305747,2024-05-10,581.4748882286193,SMA20,-0.0208355220858513,2024-05-09,1,2024-05-08,501,493,492,289,58.73983739837399,479,362,75.5741127348643,0.9560878243512974,True,20704.900390625,18561.658759765625,NORMAL,POINT_IN_TIME,501,492,479,NORMAL,MOMENTUM_ENABLED,True,True,True,0.9820359281437125,20407.4140625,-0.0248355220858513,-0.0268355220858513,-0.0288355220858513
VEDL-2024-04-24,VEDL,2024-04-18,2024-04-24,4,329.9045104980469,11.696538925825385,11.759963287402975,315.1288812797207,1.2632479840427246,325.6162109375,325.40390505812246,282.7816589355469,250.95075775146483,215.6289571380616,6188921729.3506775,98.36065573770492,94.87704918032787,90.57377049180327,94.6311475409836,0.9740518962075848,0.524564974264859,True,0.9740518962075848,96.31147540983604,True,True,True,True,True,True,True,True,True,True,True,True,True,True,,2024-04-25,322.68653204493967,312.18889045786995,10.497641587069722,2024-06-05,364.28138702007874,SMA20,0.1289017385124281,2024-06-04,27,2024-04-24,501,493,492,329,66.869918699187,479,378,78.91440501043841,0.9560878243512974,True,20730.650390625,18363.75826660156,STRONG_MOMENTUM,POINT_IN_TIME,501,492,479,STRONG_MOMENTUM,MOMENTUM_ENABLED,True,True,True,0.9820359281437125,20246.7561328125,0.12490173851242808,0.12290173851242808,0.12090173851242808
VEDL-2024-05-10,VEDL,2024-05-03,2024-05-10,5,352.9595947265625,12.14671774011348,12.780205509466018,332.8765850645123,1.6533692551138977,348.7562255859375,346.8030793466026,332.21214447021487,275.3747311401367,221.9216534423828,4541465636.537231,99.18032786885246,98.5655737704918,94.26229508196722,97.45901639344262,0.9740518962075848,0.8170660702813747,True,0.9740518962075848,97.06967213114754,True,True,True,True,True,True,True,True,True,True,True,True,True,True,,2024-05-13,350.3271286396216,329.6815336871458,20.64559495247579,2024-06-05,364.28138702007874,SMA20,0.0398320804747375,2024-06-04,16,2024-05-10,501,493,492,250,50.81300813008131,480,346,72.08333333333333,0.9580838323353292,True,20469.099609375,18599.2830078125,NORMAL,POINT_IN_TIME,501,492,480,NORMAL,MOMENTUM_ENABLED,True,True,True,0.9820359281437125,20415.4470703125,0.0358320804747375,0.0338320804747375,0.0318320804747375
VEDL-2024-06-03,VEDL,2024-05-21,2024-06-03,9,417.5393676757813,15.67580317998043,15.692749916774904,380.1045933590601,2.3880610063112484,398.0578308105469,396.3190360376384,377.1132843017578,323.1785971069336,234.3180909729004,5093240800.874939,87.14285714285714,99.3877551020408,95.3061224489796,94.48979591836736,0.9780439121756488,1.092587754271844,True,0.9780439121756488,96.87755102040816,True,True,True,True,True,True,True,True,True,True,True,True,True,True,,2024-06-04,398.1882250572209,376.1814058798664,22.006819177354487,2024-06-05,364.28138702007874,SMA20,-0.0851527893178399,2024-06-04,1,2024-06-03,501,493,493,303,61.4604462474645,480,347,72.29166666666667,0.9580838323353292,True,21797.400390625,18918.27002929688,STRONG_MOMENTUM,POINT_IN_TIME,501,493,480,STRONG_MOMENTUM,MOMENTUM_ENABLED,True,True,True,0.9840319361277445,20707.5680859375,-0.0891527893178399,-0.0911527893178399,-0.0931527893178399
VEDL-2024-06-28,VEDL,2024-06-21,2024-06-28,5,408.8384704589844,16.397475621015282,16.029232243949398,370.4106924145096,2.343517925114345,394.7105712890625,387.8423135341223,390.98085632324216,371.3142077636719,252.125679397583,5343137124.956436,20.528455284552845,97.15447154471543,95.1219512195122,73.5569105691057,0.9800796812749004,1.108994964888035,True,0.9780876494023903,73.36048879837067,True,True,True,True,True,True,True,True,True,True,True,True,True,True,,2024-07-01,397.3188254079511,366.4033843535223,30.915441054428868,2024-07-11,397.3188391541676,SMA20,3.4597445577338135e-08,2024-07-10,8,2024-06-28,502,493,493,390,79.10750507099391,484,409,84.50413223140497,0.9641434262948207,True,22559.69921875,19377.443017578124,STRONG_MOMENTUM,POINT_IN_TIME,502,493,484,STRONG_MOMENTUM,MOMENTUM_ENABLED,True,True,True,0.9820717131474104,21299.2430859375,-0.003999965402554422,-0.005999965402554422,-0.007999965402554423
VEDL-2024-07-15,VEDL,2024-07-05,2024-07-15,6,411.9683227539063,14.406890117620446,13.534133948646232,383.9734116615545,1.9431612835106191,399.4488525390625,395.0583323304838,398.7229187011719,386.74797790527344,263.55535217285154,4493715348.035614,52.94117647058824,82.75862068965517,93.30628803245436,76.97768762677485,0.9801192842942346,0.9193084212134092,True,0.9820717131474104,77.44421906693712,True,True,True,True,True,True,True,True,True,True,True,True,True,True,,2024-07-16,405.9259707669776,380.5898781743929,25.33609259258469,2024-07-18,399.0141700324041,SMA20,-0.0170272444542388,2024-07-16,1,2024-07-15,503,493,493,411,83.36713995943205,484,422,87.19008264462809,0.9622266401590456,True,23209.849609375,19688.873515625,STRONG_MOMENTUM,POINT_IN_TIME,503,493,484,STRONG_MOMENTUM,MOMENTUM_ENABLED,True,True,True,0.9801192842942346,21791.5201171875,-0.0210272444542388,-0.0230272444542388,-0.0250272444542388
VEDL-2025-11-03,VEDL,2025-10-29,2025-11-03,3,507.72064208984375,11.577354291776045,12.58566913459458,483.1313142807352,2.123915981959329,504.5732116699219,499.065186940434,479.1527465820312,454.28576171875,421.05928970336913,5022062954.910049,84.78701825557809,94.7261663286004,84.17849898580123,88.58012170385396,0.9801192842942346,1.5676959455127315,True,0.9801192842942346,90.50709939148074,True,True,True,True,True,True,True,True,True,True,True,True,True,True,,2025-11-04,502.6060468586412,479.98489699708654,22.62114986155467,2025-11-21,501.6224857502151,SMA20,-0.0019569225531079,2025-11-20,12,2025-11-03,503,498,498,299,60.040160642570285,482,324,67.21991701244814,0.9582504970178928,True,23810.69921875,22353.247275390622,STRONG_MOMENTUM,POINT_IN_TIME,503,498,482,STRONG_MOMENTUM,MOMENTUM_ENABLED,True,True,True,0.9900596421471173,23223.1481640625,-0.0059569225531079,-0.0079569225531079,-0.0099569225531079
VIJAYA-2023-11-20,VIJAYA,2023-11-10,2023-11-20,5,628.1283569335938,25.68033938906045,27.46213442252608,582.1228018889452,1.7914699002866925,610.63330078125,602.9574211134028,582.0904174804688,534.0131237792968,447.1860298156738,116148061.08380128,66.93877551020408,88.36734693877551,86.73469387755102,81.44897959183673,0.9780439121756488,0.9568029969983955,True,0.9780439121756488,93.6122448979592,True,True,True,True,True,True,True,True,True,True,True,True,True,True,,2023-11-21,615.1192099378532,575.2572682833137,39.86194165453946,2023-11-24,588.0043539983528,SMA20,-0.0440806521751122,2023-11-23,3,2023-11-20,501,491,491,294,59.877800407331975,488,417,85.45081967213115,0.9740518962075848,True,17573.650390625,16083.1069921875,NORMAL,POINT_IN_TIME,501,491,488,NORMAL,MOMENTUM_ENABLED,True,True,True,0.9800399201596807,17263.731875,-0.048080652175112204,-0.0500806521751122,-0.0520806521751122
VIJAYA-2023-12-11,VIJAYA,2023-11-28,2023-12-11,9,639.39306640625,27.783830370604623,27.34226165741408,593.2378988732086,1.6612240615273026,621.25,620.7017605019635,615.1466491699218,573.9504620361328,460.9449653625488,123511891.82495116,45.51020408163266,87.75510204081633,84.89795918367346,74.22448979591836,0.9780439121756488,1.262096665498558,True,0.9780439121756488,87.9591836734694,True,True,True,True,True,True,True,True,True,True,True,True,True,True,,2023-12-12,621.0506079896367,586.4023334588551,34.64827453078158,2023-12-18,620.053761735984,SMA20,-0.0016050966552942,2023-12-15,4,2023-12-11,501,491,491,407,82.89205702647658,488,437,89.54918032786885,0.9740518962075848,True,18770.19921875,16308.349477539065,STRONG_MOMENTUM,POINT_IN_TIME,501,491,488,STRONG_MOMENTUM,MOMENTUM_ENABLED,True,True,True,0.9800399201596807,17462.4908203125,-0.0056050966552942,-0.0076050966552942,-0.0096050966552942
VIJAYA-2023-12-27,VIJAYA,2023-12-20,2023-12-27,4,672.4392700195312,28.073993521270086,27.44103865253728,621.7484049864937,1.80561646830302,647.2184448242188,644.7262754127299,625.7757781982422,601.11818359375,474.1689096069336,134992287.6026001,49.38775510204081,93.26530612244898,73.87755102040816,74.28571428571428,0.9780439121756488,1.3540810982165008,True,0.9780439121756488,87.46938775510203,True,True,True,True,True,True,True,True,True,True,True,True,True,True,,2023-12-28,647.2184693339599,614.8881453233594,32.33032401060052,2024-01-19,665.6605691467373,SMA20,0.0284943966938332,2024-01-18,16,2023-12-27,501,491,491,413,84.11405295315683,489,439,89.77505112474438,0.9760479041916168,True,19296.94921875,16542.57321777344,STRONG_MOMENTUM,POINT_IN_TIME,501,491,489,STRONG_MOMENTUM,MOMENTUM_ENABLED,True,True,True,0.9800399201596807,17845.971875,0.0244943966938332,0.0224943966938332,0.0204943966938332
VIJAYA-2024-01-05,VIJAYA,2024-01-02,2024-01-05,3,675.479736328125,28.29954678498723,26.197122174513407,649.660815285728,0.912343976338655,673.585693359375,668.1527593817669,641.8752410888671,615.3166137695313,483.5545803833008,175367037.08996582,76.73469387755102,82.85714285714286,71.0204081632653,77.46938775510205,0.9780439121756488,0.6352305114677469,True,0.9780439121756488,72.95918367346938,True,True,True,True,True,True,True,True,True,True,True,True,True,True,,2024-01-08,669.6979355946521,643.1115347420996,26.586400852552515,2024-01-19,665.6605691467373,SMA20,-0.0060286380371321,2024-01-18,9,2024-01-05,501,491,491,432,87.9837067209776,489,448,91.6155419222904,0.9760479041916168,True,19590.599609375,16683.722470703124,STRONG_MOMENTUM,POINT_IN_TIME,501,491,489,STRONG_MOMENTUM,MOMENTUM_ENABLED,True,True,True,0.9800399201596807,18098.6019140625,-0.010028638037132099,-0.0120286380371321,-0.014028638037132099
VIJAYA-2024-01-16,VIJAYA,2024-01-10,2024-01-16,4,683.1556396484375,26.19899380188807,23.260581361614125,663.7166967453364,0.7419728807180438,667.654296875,666.7571411132812,661.9970825195312,630.3145349121094,493.6367083740234,124100224.02978516,75.71428571428571,67.14285714285714,74.89795918367346,72.0408163265306,0.9780439121756488,0.4183904796594597,True,0.9780439121756488,78.83673469387755,True,True,True,True,True,True,True,True,True,True,True,True,True,True,,2024-01-17,668.9003853291896,657.9015514049329,10.9988339242567,2024-01-19,665.6605691467373,SMA20,-0.0048434957633607,2024-01-18,2,2024-01-16,501,491,491,405,82.4847250509165,489,433,88.5480572597137,0.9760479041916168,True,19827.55078125,16867.82098144531,STRONG_MOMENTUM,POINT_IN_TIME,501,491,489,STRONG_MOMENTUM,MOMENTUM_ENABLED,True,True,True,0.9800399201596807,18500.753984375,-0.008843495763360701,-0.0108434957633607,-0.012843495763360701
VOLTAS-2024-01-10,VOLTAS,2024-01-04,2024-01-10,4,1001.6569213867188,22.114025448430745,22.38669554468126,973.1116331005928,1.2908228016962722,999.7308959960938,991.97721928024,939.639877319336,869.7357690429687,824.1345663452148,1576380401.1696167,91.42857142857144,61.224489795918366,62.04081632653061,70.53061224489797,0.9780439121756488,2.274635865557214,True,0.9780439121756488,70.59183673469389,True,True,True,True,True,True,True,True,True,True,True,True,True,True,,2024-01-11,1002.5458992259051,967.5149592144224,35.0309400114827,2024-01-24,994.644076392412,SMA20,-0.0078817566752746,2024-01-23,8,2024-01-10,501,491,491,410,83.5030549898167,489,434,88.75255623721881,0.9760479041916168,True,19517.849609375,16760.65197265625,STRONG_MOMENTUM,POINT_IN_TIME,501,491,489,STRONG_MOMENTUM,MOMENTUM_ENABLED,True,True,True,0.9800399201596807,18262.404921875,-0.0118817566752746,-0.0138817566752746,-0.0158817566752746
VOLTAS-2024-01-19,VOLTAS,2024-01-15,2024-01-19,4,1047.8333740234375,23.43936455308891,24.06362199043657,1003.4348161326028,1.894187779292158,1038.202880859375,1037.116381158587,997.091177368164,900.3850207519531,831.9020416259766,1523103439.19635,74.89795918367346,74.28571428571429,68.77551020408164,72.81632653061224,0.9780439121756488,0.4719038344326738,True,0.9780439121756488,77.79591836734693,True,True,True,True,True,True,True,True,True,True,True,True,True,True,,2024-01-23,1022.2017484175032,997.4189106349936,24.78283778250966,2024-01-24,994.644076392412,SMA20,-0.0269591321554221,2024-01-23,1,2024-01-19,501,491,491,373,75.96741344195519,489,420,85.88957055214725,0.9760479041916168,True,19606.400390625,16945.638486328124,STRONG_MOMENTUM,POINT_IN_TIME,501,491,489,STRONG_MOMENTUM,MOMENTUM_ENABLED,True,True,True,0.9800399201596807,18649.9069921875,-0.0309591321554221,-0.0329591321554221,-0.034959132155422096
VOLTAS-2024-06-24,VOLTAS,2024-06-18,2024-06-24,4,1517.3013916015625,50.87175768206468,50.65019618138855,1451.2222144165155,1.2989363882023648,1494.040283203125,1483.0270558054103,1425.3388061523438,1373.7506591796875,1050.457748413086,2337008276.374512,79.42973523421588,85.33604887983707,93.0753564154786,85.88594704684317,0.9780876494023903,1.6776348544808128,True,0.9780876494023903,88.39103869653768,True,True,True,True,True,True,True,True,True,True,True,True,True,True,,2024-06-25,1493.0490017664636,1438.5596653711684,54.48933639529514,2024-07-02,1433.4201726651158,SMA20,-0.0399376236351247,2024-07-01,5,2024-06-24,502,493,493,401,81.33874239350912,484,406,83.88429752066115,0.9641434262948207,True,22289.099609375,19265.68827148437,STRONG_MOMENTUM,POINT_IN_TIME,502,493,484,STRONG_MOMENTUM,MOMENTUM_ENABLED,True,True,True,0.9820717131474104,21159.7550390625,-0.0439376236351247,-0.0459376236351247,-0.0479376236351247
VTL-2024-07-25,VTL,2024-07-16,2024-07-25,6,547.3665161132812,24.360015479970183,25.46244796177768,499.0810016610866,1.9821627162715485,543.3958740234375,531.7779394193235,507.8435028076172,475.6559387207032,420.47024978637694,118149684.34191896,90.46653144016229,70.79107505070994,76.67342799188641,78.45841784989858,0.9801192842942346,1.3650195128806633,True,0.9801192842942346,76.89655172413794,True,True,True,True,True,True,True,True,True,True,True,True,True,True,,2024-07-26,546.0430038255489,492.7153896706422,53.32761415490671,2024-08-05,509.8166072593576,SMA20,-0.0663434863415354,2024-08-02,6,2024-07-25,503,493,493,343,69.5740365111562,486,413,84.97942386831275,0.9662027833001988,True,22917.25,19882.60025390625,STRONG_MOMENTUM,POINT_IN_TIME,503,493,486,STRONG_MOMENTUM,MOMENTUM_ENABLED,True,True,True,0.9801192842942346,22120.0020703125,-0.07034348634153541,-0.07234348634153541,-0.0743434863415354
WAAREEENER-2025-10-23,WAAREEENER,2025-10-16,2025-10-23,4,3625.3662109375,122.8710996966793,117.94036925803952,3488.0432428134613,1.1176181255237023,3565.5,3529.020422696804,3424.434033203125,3345.7851708984376,2813.3835595703126,5682045469.484009,76.67342799188641,91.48073022312371,74.64503042596348,81.98782961460446,0.9801192842942346,1.1623717913425955,True,0.9801192842942346,84.38133874239351,True,True,True,True,True,True,True,True,True,True,True,True,True,True,,2025-10-24,3569.0,3458.558150498952,110.44184950104864,2025-10-31,3440.0,SMA20,-0.036144578313253,2025-10-30,5,2025-10-23,503,498,498,284,57.0281124497992,482,314,65.14522821576763,0.9582504970178928,True,23755.900390625,22300.83453125,NORMAL,POINT_IN_TIME,503,498,482,NORMAL,MOMENTUM_ENABLED,True,True,True,0.9900596421471173,23084.4841015625,-0.04014457831325299,-0.042144578313252995,-0.044144578313253
WELCORP-2023-08-22,WELCORP,2023-08-10,2023-08-22,7,329.7359619140625,10.678679508480968,10.811175757672205,304.53789863370866,2.359660973095187,317.6526794433594,316.8176888399251,317.28185577392577,294.2975427246094,234.1579611968994,290391796.4618683,43.55828220858896,87.32106339468302,93.86503067484662,76.15541922290389,0.9741035856573704,1.1543945473045325,True,0.9741035856573704,91.30879345603272,True,True,True,True,True,True,True,True,True,True,True,True,True,True,,2023-08-23,318.3894941534907,301.83510469429064,16.55438945920008,2023-08-24,316.8667845959442,SMA20,-0.0047825370670442,2023-08-23,1,2023-08-22,502,492,491,336,68.43177189409369,483,401,83.02277432712215,0.9621513944223108,True,16905.25,15590.128012695312,STRONG_MOMENTUM,POINT_IN_TIME,502,491,483,STRONG_MOMENTUM,MOMENTUM_ENABLED,True,True,True,0.9780876494023905,16634.6630859375,-0.0087825370670442,-0.0107825370670442,-0.0127825370670442
WELCORP-2023-12-12,WELCORP,2023-12-05,2023-12-12,5,551.3118896484375,19.78949721737096,19.402657486312915,515.8479196682473,1.7920601817544102,536.6743774414062,532.0571961303694,526.48466796875,460.4849133300781,312.1828779602051,578418620.2772217,76.32653061224491,97.14285714285714,96.73469387755102,90.77551020408164,0.9780439121756488,0.7981915849265473,True,0.9780439121756488,96.89795918367348,True,True,True,True,True,True,True,True,True,True,True,True,True,True,,2023-12-13,538.4426412088754,510.9972552966691,27.445385912206348,2023-12-14,530.4854294936629,SMA20,-0.0147781975390128,2023-12-13,1,2023-12-12,501,491,491,401,81.67006109979633,488,434,88.9344262295082,0.9740518962075848,True,18686.80078125,16326.364731445312,STRONG_MOMENTUM,POINT_IN_TIME,501,491,488,STRONG_MOMENTUM,MOMENTUM_ENABLED,True,True,True,0.9800399201596807,17489.39484375,-0.0187781975390128,-0.020778197539012798,-0.0227781975390128
WELCORP-2024-12-16,WELCORP,2024-12-09,2024-12-16,5,798.2293090820312,26.44535270750696,24.789484791012864,768.3403256561896,1.1302168572460418,795.3543701171875,790.496876441745,758.0477020263672,732.3337512207031,631.8635382080079,380137927.1025696,81.57894736842105,91.09311740890688,93.52226720647774,88.96761133603239,0.988,0.729496369694545,True,0.988,84.61538461538461,True,True,True,True,True,True,True,True,True,True,True,True,True,True,,2024-12-17,795.0569722586398,762.1429544584364,32.9140178002034,2024-12-20,771.1160426550642,SMA20,-0.0301122189213219,2024-12-19,3,2024-12-16,500,496,496,293,59.07258064516129,488,290,59.42622950819673,0.976,True,23352.44921875,22223.811494140624,NORMAL,POINT_IN_TIME,500,496,488,NORMAL,MOMENTUM_ENABLED,True,True,True,0.992,22916.50890625,-0.0341122189213219,-0.0361122189213219,-0.0381122189213219
WELSPUNLIV-2023-08-31,WELSPUNLIV,2023-08-23,2023-08-31,6,124.05042266845705,4.261781890176736,4.118365820671371,118.4252175744295,1.3199185784221956,123.21157836914062,122.76748541808112,117.18422622680664,105.11625579833984,84.35089130401612,278225581.3688164,74.28571428571429,81.63265306122449,95.10204081632652,83.46938775510203,0.9760956175298804,1.5611821891741946,True,0.9741035856573704,91.92229038854803,True,True,True,True,True,True,True,True,True,True,True,True,True,True,,2023-09-01,123.21157756996332,117.39562611926164,5.815951450701675,2023-09-13,116.30343794840768,SMA20,-0.0560672930076962,2023-09-12,8,2023-08-31,502,492,491,365,74.33808553971487,483,421,87.16356107660455,0.9621513944223108,True,16924.30078125,15638.749018554689,STRONG_MOMENTUM,POINT_IN_TIME,502,491,483,STRONG_MOMENTUM,MOMENTUM_ENABLED,True,True,True,0.9780876494023905,16749.742109375,-0.0600672930076962,-0.0620672930076962,-0.0640672930076962
WELSPUNLIV-2023-11-21,WELSPUNLIV,2023-11-15,2023-11-21,4,166.58480834960938,7.54459408165589,7.138139749024907,156.76538379963466,1.3015179403554529,163.1307373046875,162.4892562195591,149.26759033203126,133.08034439086913,99.82196578979492,865826746.0856323,94.28571428571428,94.48979591836736,92.6530612244898,93.87755102040816,0.9780439121756488,0.7764231659031637,True,0.9780439121756488,95.6122448979592,True,True,True,True,True,True,True,True,True,True,True,True,True,True,,2023-11-22,162.9333782901532,154.98084886237842,7.952529427774778,2023-12-05,154.93966956921477,SMA20,-0.0490612102003013,2023-12-04,8,2023-11-21,501,491,491,308,62.72912423625255,488,420,86.0655737704918,0.9740518962075848,True,17627.599609375,16096.871240234375,STRONG_MOMENTUM,POINT_IN_TIME,501,491,488,STRONG_MOMENTUM,MOMENTUM_ENABLED,True,True,True,0.9800399201596807,17270.591875,-0.0530612102003013,-0.055061210200301296,-0.0570612102003013
WELSPUNLIV-2026-02-09,WELSPUNLIV,2026-02-03,2026-02-09,4,146.52195739746094,6.353416571286799,6.818918136034268,136.9177223515864,1.5116646198329358,145.02285766601562,141.71484268098308,127.5078842163086,131.64050109863285,130.23710441589355,265716471.0555153,94.76861167002012,86.11670020120724,88.93360160965796,89.55734406438631,0.9920159680638724,2.405531559701097,True,0.9920159680638724,90.72434607645876,True,True,True,True,True,True,True,True,True,True,True,True,True,True,,2026-02-10,141.9147267552709,135.21299281757783,6.701733937693064,2026-02-25,134.12941435387796,SMA20,-0.0548590874209872,2026-02-24,11,2026-02-09,501,498,449,231,51.44766146993318,443,186,41.98645598194131,0.8842315369261478,True,23683.400390625,23202.0137890625,NORMAL,POINT_IN_TIME,501,449,443,NORMAL,MOMENTUM_ENABLED,True,True,True,0.8962075848303394,23555.9149609375,-0.058859087420987194,-0.060859087420987196,-0.0628590874209872
WESTLIFE-2023-08-07,WESTLIFE,2023-08-01,2023-08-07,4,937.0933227539062,30.392032015738994,29.605288173771047,906.659162952164,1.0013861457496993,928.9874877929688,928.440517569992,900.9080230712892,860.1963781738282,757.7785025024414,102453326.08474731,68.50715746421268,69.73415132924336,73.00613496932516,70.3476482617587,0.9741035856573704,0.9006432420442833,True,0.9741035856573704,73.47648261758691,True,True,True,True,True,True,True,True,True,True,True,True,True,True,,2023-08-08,949.6016938650376,899.2578409087212,50.34385295631648,2023-08-22,920.3026348468665,SMA20,-0.030854050922044,2023-08-21,9,2023-08-07,502,491,491,370,75.35641547861506,482,405,84.02489626556017,0.9601593625498008,True,16956.349609375,15503.839248046876,STRONG_MOMENTUM,POINT_IN_TIME,502,491,482,STRONG_MOMENTUM,MOMENTUM_ENABLED,True,True,True,0.9780876494023905,16428.740078125,-0.034854050922044,-0.036854050922044,-0.038854050922044
WHIRLPOOL-2024-07-25,WHIRLPOOL,2024-07-16,2024-07-25,6,2029.30029296875,70.35964680856947,69.17308414244096,1932.643429668756,1.3737542424420142,2012.1124267578125,1995.369058354356,1983.2611022949216,1761.9455297851562,1495.9687524414062,296860684.1937866,80.93306288032454,84.78701825557809,87.2210953346856,84.36105476673428,0.9801192842942346,4.84211397290016,True,0.9801192842942346,88.58012170385396,True,True,True,True,True,True,True,True,True,True,True,True,True,True,,2024-07-26,2035.9276091557065,1915.3501586331456,120.57745052256064,2024-08-06,1995.3279277623556,SMA20,-0.0199416134496981,2024-08-05,7,2024-07-25,503,493,493,343,69.5740365111562,486,413,84.97942386831275,0.9662027833001988,True,22917.25,19882.60025390625,STRONG_MOMENTUM,POINT_IN_TIME,503,493,486,STRONG_MOMENTUM,MOMENTUM_ENABLED,True,True,True,0.9801192842942346,22120.0020703125,-0.0239416134496981,-0.0259416134496981,-0.0279416134496981
WHIRLPOOL-2024-08-08,WHIRLPOOL,2024-07-29,2024-08-08,8,2130.29736328125,72.14462576557045,71.55933234948144,1980.721959546756,2.073271600583669,2077.220458984375,2060.8320722757308,2039.486767578125,1877.249111328125,1518.238822631836,289342340.3469238,73.42799188640974,96.14604462474644,91.88640973630832,88.052738336714,0.9801192842942346,0.6057958351536333,True,0.9801192842942346,85.59837728194726,True,True,True,True,True,True,True,True,True,True,True,True,True,True,,2024-08-09,2084.201702920293,1962.8321264593856,121.36957646090788,2024-08-14,2029.9862575646357,SMA20,-0.0260125712783428,2024-08-13,3,2024-08-08,503,493,493,252,51.115618661257614,487,397,81.51950718685832,0.9681908548707754,True,22705.69921875,20175.52526367188,NORMAL,POINT_IN_TIME,503,493,487,NORMAL,MOMENTUM_ENABLED,True,True,True,0.9801192842942346,22505.3230078125,-0.0300125712783428,-0.0320125712783428,-0.0340125712783428
WIPRO-2024-02-23,WIPRO,2024-02-16,2024-02-23,4,251.6304626464844,7.195575436093956,6.814641962985925,240.740363434254,1.5134438251601403,248.4561462402344,246.99637860554805,233.56219406127929,221.2772702026367,195.02048400878903,3335008964.170471,79.22606924643586,77.39307535641548,59.26680244399185,72.5050916496945,0.9800399201596808,1.5296187843189113,True,0.9780439121756488,75.93877551020407,True,True,True,True,True,True,True,True,True,True,True,True,True,True,,2024-02-26,248.50246298863345,239.03670294350752,9.465760045125904,2024-03-06,238.0526134065084,SMA20,-0.0420512917918364,2024-03-05,7,2024-02-23,501,491,491,297,60.4887983706721,489,391,79.95910020449898,0.9760479041916168,True,20313.5,17498.107993164063,STRONG_MOMENTUM,POINT_IN_TIME,501,491,489,STRONG_MOMENTUM,MOMENTUM_ENABLED,True,True,True,0.9800399201596807,19558.3800390625,-0.046051291791836396,-0.0480512917918364,-0.0500512917918364
WOCKPHARMA-2025-06-23,WOCKPHARMA,2025-06-11,2025-06-23,8,1831.0999755859373,81.33447667195226,87.73996021240869,1670.5,1.9745621064691683,1752.0999755859375,1739.9000244140625,1592.545007324219,1433.9210009765625,1316.043250427246,1422942604.428955,100.0,79.39393939393939,89.8989898989899,88.72727272727272,0.9840954274353876,0.6821617116521542,True,0.9801192842942346,94.05679513184585,True,True,True,True,True,True,True,True,True,True,True,True,True,True,,2025-06-24,1770.0,1648.5650099468978,121.43499005310218,2025-06-30,1649.800048828125,SMA20,-0.0679095769332627,2025-06-27,4,2025-06-23,503,498,497,327,65.79476861167002,477,249,52.20125786163522,0.94831013916501,True,23001.5,22311.028994140623,NORMAL,POINT_IN_TIME,503,497,477,NORMAL,MOMENTUM_ENABLED,True,True,True,0.9880715705765407,22455.860078125,-0.0719095769332627,-0.07390957693326271,-0.0759095769332627
YESBANK-2024-01-19,YESBANK,2024-01-16,2024-01-19,3,25.64999961853028,0.9993988547623192,0.9842125086353972,23.89999961853028,1.751052636953633,25.14999961853028,25.100000381469727,23.54250011444092,21.49899997711181,17.85524998664856,8179094886.75691,91.42857142857144,92.44897959183672,73.46938775510205,86.44897959183673,0.9780439121756488,0.5883399190151011,True,0.9780439121756488,87.79591836734694,True,True,True,True,True,True,True,True,True,True,True,True,True,True,,2024-01-23,25.450000762939453,23.653946491371425,1.7960542715680283,2024-01-31,24.0,SMA20,-0.0569744879949457,2024-01-30,5,2024-01-19,501,491,491,373,75.96741344195519,489,420,85.88957055214725,0.9760479041916168,True,19606.400390625,16945.638486328124,STRONG_MOMENTUM,POINT_IN_TIME,501,491,489,STRONG_MOMENTUM,MOMENTUM_ENABLED,True,True,True,0.9800399201596807,18649.9069921875,-0.0609744879949457,-0.0629744879949457,-0.0649744879949457
ZEEL-2025-07-03,ZEEL,2025-06-23,2025-07-03,8,146.58349609375,6.071251299209025,5.35225900035641,136.92617955576043,1.5906632853836489,140.9810791015625,140.52073475805375,135.16269607543944,124.75836349487304,117.5753392791748,2038628259.441658,89.738430583501,92.5553319919517,81.28772635814889,88.32997987927564,0.9920159680638724,0.8670649861368902,True,0.9840954274353876,92.32323232323232,True,True,True,True,True,True,True,True,True,True,True,True,True,True,,2025-07-04,141.92134193475508,135.58811480567132,6.3332271290837525,2025-07-14,134.09558984247712,SMA20,-0.0551414747464525,2025-07-11,6,2025-07-03,501,498,497,384,77.2635814889336,478,290,60.66945606694561,0.9540918163672656,True,23521.849609375,22303.18198242188,STRONG_MOMENTUM,POINT_IN_TIME,501,497,478,STRONG_MOMENTUM,MOMENTUM_ENABLED,True,True,True,0.9920159680638723,22776.78203125,-0.059141474746452496,-0.0611414747464525,-0.0631414747464525
ZFCVINDIA-2026-01-05,ZFCVINDIA,2025-12-19,2026-01-05,9,2590.010498046875,90.8859452213012,75.8050475771395,2404.4987321261306,2.0411491069277616,2515.472900390625,2512.3120422368897,2462.747766113281,2297.7604052734373,2221.7268310546874,271999083.36621094,54.12474849094567,81.48893360160966,78.67203219315896,72.43460764587526,0.9920159680638724,0.6437722307910227,True,0.9920159680638724,92.1529175050302,True,True,True,True,True,True,True,True,True,True,True,True,True,True,,2026-01-06,2515.4730531417463,2385.5474702318456,129.92558290990064,2026-01-09,2412.4850084181585,SMA20,-0.0409418199073764,2026-01-08,3,2026-01-05,501,498,498,265,53.21285140562249,492,263,53.45528455284553,0.9820359281437124,True,24058.44921875,22938.61780273437,NORMAL,POINT_IN_TIME,501,498,492,NORMAL,MOMENTUM_ENABLED,True,True,True,0.9940119760479041,23760.1180859375,-0.044941819907376404,-0.0469418199073764,-0.0489418199073764
ZYDUSLIFE-2023-08-16,ZYDUSLIFE,2023-08-09,2023-08-16,4,651.8445434570312,13.254695757152444,14.94388816295949,627.2604900567271,1.8547429417260053,647.7554931640625,647.4597368982422,626.21865234375,579.4632025146484,482.1529006958008,755579518.3754883,79.75460122699386,80.98159509202453,82.61758691206545,81.1042944785276,0.9741035856573704,1.522789319728263,True,0.9741035856573704,85.97137014314927,True,True,True,True,True,True,True,True,True,True,True,True,True,True,,2023-08-17,648.3465674455302,623.5245180159873,24.82204942954297,2023-08-24,638.5918177096656,SMA20,-0.0150455793639782,2023-08-23,5,2023-08-16,502,491,491,326,66.39511201629328,483,391,80.95238095238095,0.9621513944223108,True,16853.05078125,15558.881508789062,STRONG_MOMENTUM,POINT_IN_TIME,502,491,483,STRONG_MOMENTUM,MOMENTUM_ENABLED,True,True,True,0.9780876494023905,16561.9891015625,-0.0190455793639782,-0.0210455793639782,-0.0230455793639782
ZYDUSLIFE-2024-04-05,ZYDUSLIFE,2024-03-26,2024-04-05,7,1002.1290283203124,27.65005799300231,26.57359025797776,959.1686755287532,1.5537165528705856,991.7337646484376,976.4611901271788,974.8970092773436,890.9780004882813,684.8916775512695,1165172519.3935547,75.15400410677618,92.81314168377824,87.47433264887063,85.91375770020534,0.9720558882235528,1.56877949175375,True,0.9800399201596808,95.4175152749491,True,True,True,True,True,True,True,True,True,True,True,True,True,True,,2024-04-08,996.9067336295682,952.5252779642587,44.38145566530943,2024-04-10,980.1069834557932,SMA20,-0.0168518775197854,2024-04-09,2,2024-04-05,501,493,492,334,67.88617886178862,479,381,79.54070981210856,0.9560878243512974,True,20715.099609375,18115.07103515625,STRONG_MOMENTUM,POINT_IN_TIME,501,492,479,STRONG_MOMENTUM,MOMENTUM_ENABLED,True,True,True,0.9820359281437125,20036.3541796875,-0.0208518775197854,-0.022851877519785402,-0.0248518775197854
ZYDUSLIFE-2024-07-24,ZYDUSLIFE,2024-07-15,2024-07-24,6,1170.571044921875,32.673693529568375,33.63398517260266,1106.721651380109,1.954152917667077,1162.146484375,1141.9964761805895,1121.3563354492187,1072.7771447753903,841.1430050659179,1933963150.227478,78.49898580121703,73.02231237322515,95.131845841785,81.29817444219067,0.9801192842942346,0.5904952988701724,True,0.9801192842942346,75.45638945233264,True,True,True,True,True,True,True,True,True,True,True,True,True,True,,2024-07-25,1158.6976937596394,1098.3131550869584,60.38453867268095,2024-08-14,1173.2931040422573,SMA20,0.0125963919331365,2024-08-13,14,2024-07-24,503,493,493,356,72.21095334685599,486,414,85.18518518518519,0.9662027833001988,True,22921.44921875,19854.3767578125,STRONG_MOMENTUM,POINT_IN_TIME,503,493,486,STRONG_MOMENTUM,MOMENTUM_ENABLED,True,True,True,0.9801192842942346,22071.8770703125,0.0085963919331365,0.0065963919331365,0.0045963919331365
