Signal_ID,Symbol,Signal_Date,Cancellation_Reason
UPPER|HUDCO|2023-08-02,HUDCO,2023-08-02,SAME_SYMBOL_LOCKOUT
UPPER|PHOENIXLTD|2023-08-02,PHOENIXLTD,2023-08-02,SAME_SYMBOL_LOCKOUT
UPPER|PVRINOX|2023-08-03,PVRINOX,2023-08-03,SAME_SYMBOL_LOCKOUT
UPPER|WELSPUNLIV|2023-08-03,WELSPUNLIV,2023-08-03,SAME_SYMBOL_LOCKOUT
UPPER|ACC|2023-08-04,ACC,2023-08-04,SAME_SYMBOL_LOCKOUT
UPPER|LTTS|2023-08-04,LTTS,2023-08-04,SAME_SYMBOL_LOCKOUT
UPPER|WELSPUNLIV|2023-08-04,WELSPUNLIV,2023-08-04,SAME_SYMBOL_LOCKOUT
UPPER|COROMANDEL|2023-08-07,COROMANDEL,2023-08-07,SAME_SYMBOL_LOCKOUT
UPPER|DELHIVERY|2023-08-07,DELHIVERY,2023-08-07,SAME_SYMBOL_LOCKOUT
UPPER|WELSPUNLIV|2023-08-07,WELSPUNLIV,2023-08-07,SAME_SYMBOL_LOCKOUT
UPPER|ADANIPORTS|2023-08-08,ADANIPORTS,2023-08-08,SAME_SYMBOL_LOCKOUT
UPPER|GMRAIRPORT|2023-08-08,GMRAIRPORT,2023-08-08,SAME_SYMBOL_LOCKOUT
UPPER|GRASIM|2023-08-08,GRASIM,2023-08-08,SAME_SYMBOL_LOCKOUT
UPPER|LTTS|2023-08-08,LTTS,2023-08-08,SAME_SYMBOL_LOCKOUT
UPPER|NBCC|2023-08-08,NBCC,2023-08-08,SAME_SYMBOL_LOCKOUT
UPPER|PHOENIXLTD|2023-08-08,PHOENIXLTD,2023-08-08,SAME_SYMBOL_LOCKOUT
UPPER|ADANIPORTS|2023-08-09,ADANIPORTS,2023-08-09,SAME_SYMBOL_LOCKOUT
UPPER|COROMANDEL|2023-08-09,COROMANDEL,2023-08-09,SAME_SYMBOL_LOCKOUT
UPPER|FINCABLES|2023-08-09,FINCABLES,2023-08-09,SAME_SYMBOL_LOCKOUT
UPPER|GMRAIRPORT|2023-08-09,GMRAIRPORT,2023-08-09,SAME_SYMBOL_LOCKOUT
UPPER|IOB|2023-08-09,IOB,2023-08-09,SAME_SYMBOL_LOCKOUT
UPPER|JSWSTEEL|2023-08-09,JSWSTEEL,2023-08-09,SAME_SYMBOL_LOCKOUT
UPPER|OIL|2023-08-09,OIL,2023-08-09,SAME_SYMBOL_LOCKOUT
UPPER|ADANIPORTS|2023-08-10,ADANIPORTS,2023-08-10,SAME_SYMBOL_LOCKOUT
UPPER|BANKINDIA|2023-08-10,BANKINDIA,2023-08-10,SAME_SYMBOL_LOCKOUT
UPPER|DELHIVERY|2023-08-10,DELHIVERY,2023-08-10,SAME_SYMBOL_LOCKOUT
UPPER|FINCABLES|2023-08-10,FINCABLES,2023-08-10,SAME_SYMBOL_LOCKOUT
UPPER|IOB|2023-08-10,IOB,2023-08-10,SAME_SYMBOL_LOCKOUT
UPPER|JINDALSTEL|2023-08-10,JINDALSTEL,2023-08-10,SAME_SYMBOL_LOCKOUT
UPPER|LATENTVIEW|2023-08-10,LATENTVIEW,2023-08-10,SAME_SYMBOL_LOCKOUT
UPPER|OIL|2023-08-10,OIL,2023-08-10,SAME_SYMBOL_LOCKOUT
UPPER|ONGC|2023-08-10,ONGC,2023-08-10,SAME_SYMBOL_LOCKOUT
UPPER|PVRINOX|2023-08-10,PVRINOX,2023-08-10,SAME_SYMBOL_LOCKOUT
UPPER|VOLTAS|2023-08-10,VOLTAS,2023-08-10,SAME_SYMBOL_LOCKOUT
UPPER|BANKINDIA|2023-08-11,BANKINDIA,2023-08-11,SAME_SYMBOL_LOCKOUT
UPPER|COROMANDEL|2023-08-11,COROMANDEL,2023-08-11,SAME_SYMBOL_LOCKOUT
UPPER|GMRAIRPORT|2023-08-11,GMRAIRPORT,2023-08-11,SAME_SYMBOL_LOCKOUT
UPPER|NBCC|2023-08-11,NBCC,2023-08-11,SAME_SYMBOL_LOCKOUT
UPPER|WELSPUNLIV|2023-08-11,WELSPUNLIV,2023-08-11,SAME_SYMBOL_LOCKOUT
UPPER|OIL|2023-08-14,OIL,2023-08-14,SAME_SYMBOL_LOCKOUT
UPPER|ONGC|2023-08-14,ONGC,2023-08-14,SAME_SYMBOL_LOCKOUT
UPPER|RHIM|2023-08-14,RHIM,2023-08-14,SAME_SYMBOL_LOCKOUT
UPPER|SOLARINDS|2023-08-14,SOLARINDS,2023-08-14,SAME_SYMBOL_LOCKOUT
UPPER|UCOBANK|2023-08-14,UCOBANK,2023-08-14,SAME_SYMBOL_LOCKOUT
UPPER|ADANIPOWER|2023-08-16,ADANIPOWER,2023-08-16,SAME_SYMBOL_LOCKOUT
UPPER|UCOBANK|2023-08-17,UCOBANK,2023-08-17,SAME_SYMBOL_LOCKOUT
UPPER|VIPIND|2023-08-17,VIPIND,2023-08-17,SAME_SYMBOL_LOCKOUT
UPPER|MAHABANK|2023-08-18,MAHABANK,2023-08-18,SAME_SYMBOL_LOCKOUT
UPPER|SWANCORP|2023-08-18,SWANCORP,2023-08-18,SAME_SYMBOL_LOCKOUT
UPPER|UCOBANK|2023-08-18,UCOBANK,2023-08-18,SAME_SYMBOL_LOCKOUT
UPPER|CERA|2023-08-21,CERA,2023-08-21,SAME_SYMBOL_LOCKOUT
UPPER|CGPOWER|2023-08-21,CGPOWER,2023-08-21,SAME_SYMBOL_LOCKOUT
UPPER|JMFINANCIL|2023-08-21,JMFINANCIL,2023-08-21,SAME_SYMBOL_LOCKOUT
UPPER|LTTS|2023-08-21,LTTS,2023-08-21,SAME_SYMBOL_LOCKOUT
UPPER|OIL|2023-08-21,OIL,2023-08-21,SAME_SYMBOL_LOCKOUT
UPPER|UCOBANK|2023-08-21,UCOBANK,2023-08-21,SAME_SYMBOL_LOCKOUT
UPPER|NBCC|2023-08-22,NBCC,2023-08-22,SAME_SYMBOL_LOCKOUT
UPPER|SWANCORP|2023-08-22,SWANCORP,2023-08-22,SAME_SYMBOL_LOCKOUT
UPPER|BEL|2023-08-23,BEL,2023-08-23,SAME_SYMBOL_LOCKOUT
UPPER|EIHOTEL|2023-08-23,EIHOTEL,2023-08-23,SAME_SYMBOL_LOCKOUT
UPPER|KPITTECH|2023-08-23,KPITTECH,2023-08-23,SAME_SYMBOL_LOCKOUT
UPPER|LTTS|2023-08-23,LTTS,2023-08-23,SAME_SYMBOL_LOCKOUT
UPPER|NBCC|2023-08-23,NBCC,2023-08-23,SAME_SYMBOL_LOCKOUT
UPPER|SWANCORP|2023-08-23,SWANCORP,2023-08-23,SAME_SYMBOL_LOCKOUT
UPPER|BEL|2023-08-24,BEL,2023-08-24,SAME_SYMBOL_LOCKOUT
UPPER|CERA|2023-08-24,CERA,2023-08-24,SAME_SYMBOL_LOCKOUT
UPPER|GODFRYPHLP|2023-08-24,GODFRYPHLP,2023-08-24,SAME_SYMBOL_LOCKOUT
UPPER|LEMONTREE|2023-08-24,LEMONTREE,2023-08-24,SAME_SYMBOL_LOCKOUT
UPPER|LTTS|2023-08-24,LTTS,2023-08-24,SAME_SYMBOL_LOCKOUT
UPPER|MTARTECH|2023-08-24,MTARTECH,2023-08-24,SAME_SYMBOL_LOCKOUT
UPPER|PAYTM|2023-08-24,PAYTM,2023-08-24,SAME_SYMBOL_LOCKOUT
UPPER|BEL|2023-08-25,BEL,2023-08-25,SAME_SYMBOL_LOCKOUT
UPPER|EIHOTEL|2023-08-25,EIHOTEL,2023-08-25,SAME_SYMBOL_LOCKOUT
UPPER|JUBLINGREA|2023-08-25,JUBLINGREA,2023-08-25,SAME_SYMBOL_LOCKOUT
UPPER|PAYTM|2023-08-25,PAYTM,2023-08-25,SAME_SYMBOL_LOCKOUT
UPPER|SWANCORP|2023-08-25,SWANCORP,2023-08-25,SAME_SYMBOL_LOCKOUT
UPPER|FEDERALBNK|2023-08-29,FEDERALBNK,2023-08-29,SAME_SYMBOL_LOCKOUT
UPPER|IDEA|2023-08-29,IDEA,2023-08-29,SAME_SYMBOL_LOCKOUT
UPPER|IRCTC|2023-08-29,IRCTC,2023-08-29,SAME_SYMBOL_LOCKOUT
UPPER|NSLNISP|2023-08-29,NSLNISP,2023-08-29,SAME_SYMBOL_LOCKOUT
UPPER|AXISBANK|2023-08-30,AXISBANK,2023-08-30,SAME_SYMBOL_LOCKOUT
UPPER|BERGEPAINT|2023-08-30,BERGEPAINT,2023-08-30,SAME_SYMBOL_LOCKOUT
UPPER|EIHOTEL|2023-08-30,EIHOTEL,2023-08-30,SAME_SYMBOL_LOCKOUT
UPPER|NMDC|2023-08-30,NMDC,2023-08-30,SAME_SYMBOL_LOCKOUT
UPPER|SWANCORP|2023-08-30,SWANCORP,2023-08-30,SAME_SYMBOL_LOCKOUT
UPPER|CGPOWER|2023-08-31,CGPOWER,2023-08-31,SAME_SYMBOL_LOCKOUT
UPPER|IBREALEST|2023-08-31,IBREALEST,2023-08-31,SAME_SYMBOL_LOCKOUT
UPPER|JAMNAAUTO|2023-08-31,JAMNAAUTO,2023-08-31,SAME_SYMBOL_LOCKOUT
UPPER|LEMONTREE|2023-08-31,LEMONTREE,2023-08-31,SAME_SYMBOL_LOCKOUT
UPPER|NAZARA|2023-08-31,NAZARA,2023-08-31,SAME_SYMBOL_LOCKOUT
UPPER|BEL|2023-09-01,BEL,2023-09-01,SAME_SYMBOL_LOCKOUT
UPPER|IBREALEST|2023-09-01,IBREALEST,2023-09-01,SAME_SYMBOL_LOCKOUT
UPPER|INDHOTEL|2023-09-01,INDHOTEL,2023-09-01,SAME_SYMBOL_LOCKOUT
UPPER|NETWORK18|2023-09-01,NETWORK18,2023-09-01,SAME_SYMBOL_LOCKOUT
UPPER|PRESTIGE|2023-09-01,PRESTIGE,2023-09-01,SAME_SYMBOL_LOCKOUT
UPPER|ATUL|2023-09-04,ATUL,2023-09-04,SAME_SYMBOL_LOCKOUT
UPPER|CGPOWER|2023-09-04,CGPOWER,2023-09-04,SAME_SYMBOL_LOCKOUT
UPPER|CHEMPLASTS|2023-09-04,CHEMPLASTS,2023-09-04,SAME_SYMBOL_LOCKOUT
UPPER|COROMANDEL|2023-09-04,COROMANDEL,2023-09-04,SAME_SYMBOL_LOCKOUT
UPPER|IBREALEST|2023-09-04,IBREALEST,2023-09-04,SAME_SYMBOL_LOCKOUT
UPPER|M&M|2023-09-04,M&M,2023-09-04,SAME_SYMBOL_LOCKOUT
UPPER|MSUMI|2023-09-04,MSUMI,2023-09-04,SAME_SYMBOL_LOCKOUT
UPPER|OFSS|2023-09-04,OFSS,2023-09-04,SAME_SYMBOL_LOCKOUT
UPPER|TVSMOTOR|2023-09-04,TVSMOTOR,2023-09-04,SAME_SYMBOL_LOCKOUT
UPPER|WELSPUNLIV|2023-09-04,WELSPUNLIV,2023-09-04,SAME_SYMBOL_LOCKOUT
UPPER|AVANTIFEED|2023-09-05,AVANTIFEED,2023-09-05,SAME_SYMBOL_LOCKOUT
UPPER|CGPOWER|2023-09-05,CGPOWER,2023-09-05,SAME_SYMBOL_LOCKOUT
UPPER|DEEPAKFERT|2023-09-05,DEEPAKFERT,2023-09-05,SAME_SYMBOL_LOCKOUT
UPPER|GAIL|2023-09-05,GAIL,2023-09-05,SAME_SYMBOL_LOCKOUT
UPPER|IRB|2023-09-05,IRB,2023-09-05,SAME_SYMBOL_LOCKOUT
UPPER|PHOENIXLTD|2023-09-05,PHOENIXLTD,2023-09-05,SAME_SYMBOL_LOCKOUT
UPPER|SUMICHEM|2023-09-05,SUMICHEM,2023-09-05,SAME_SYMBOL_LOCKOUT
UPPER|CHAMBLFERT|2023-09-06,CHAMBLFERT,2023-09-06,SAME_SYMBOL_LOCKOUT
UPPER|CLEAN|2023-09-06,CLEAN,2023-09-06,SAME_SYMBOL_LOCKOUT
UPPER|DEEPAKFERT|2023-09-06,DEEPAKFERT,2023-09-06,SAME_SYMBOL_LOCKOUT
UPPER|GNFC|2023-09-06,GNFC,2023-09-06,SAME_SYMBOL_LOCKOUT
UPPER|GPPL|2023-09-06,GPPL,2023-09-06,SAME_SYMBOL_LOCKOUT
UPPER|HCLTECH|2023-09-06,HCLTECH,2023-09-06,SAME_SYMBOL_LOCKOUT
UPPER|HFCL|2023-09-06,HFCL,2023-09-06,SAME_SYMBOL_LOCKOUT
UPPER|IRCTC|2023-09-06,IRCTC,2023-09-06,SAME_SYMBOL_LOCKOUT
UPPER|JKCEMENT|2023-09-06,JKCEMENT,2023-09-06,SAME_SYMBOL_LOCKOUT
UPPER|RAIN|2023-09-06,RAIN,2023-09-06,SAME_SYMBOL_LOCKOUT
UPPER|CHAMBLFERT|2023-09-07,CHAMBLFERT,2023-09-07,SAME_SYMBOL_LOCKOUT
UPPER|FEDERALBNK|2023-09-07,FEDERALBNK,2023-09-07,SAME_SYMBOL_LOCKOUT
UPPER|GNFC|2023-09-07,GNFC,2023-09-07,SAME_SYMBOL_LOCKOUT
UPPER|INDHOTEL|2023-09-07,INDHOTEL,2023-09-07,SAME_SYMBOL_LOCKOUT
UPPER|JUBLINGREA|2023-09-07,JUBLINGREA,2023-09-07,SAME_SYMBOL_LOCKOUT
UPPER|NOCIL|2023-09-07,NOCIL,2023-09-07,SAME_SYMBOL_LOCKOUT
UPPER|SUMICHEM|2023-09-07,SUMICHEM,2023-09-07,SAME_SYMBOL_LOCKOUT
UPPER|SYNGENE|2023-09-07,SYNGENE,2023-09-07,SAME_SYMBOL_LOCKOUT
UPPER|TVSMOTOR|2023-09-07,TVSMOTOR,2023-09-07,SAME_SYMBOL_LOCKOUT
UPPER|VIPIND|2023-09-07,VIPIND,2023-09-07,SAME_SYMBOL_LOCKOUT
UPPER|CROMPTON|2023-09-08,CROMPTON,2023-09-08,SAME_SYMBOL_LOCKOUT
UPPER|GNFC|2023-09-08,GNFC,2023-09-08,SAME_SYMBOL_LOCKOUT
UPPER|KPRMILL|2023-09-08,KPRMILL,2023-09-08,SAME_SYMBOL_LOCKOUT
UPPER|LTM|2023-09-08,LTM,2023-09-08,SAME_SYMBOL_LOCKOUT
UPPER|NAVINFLUOR|2023-09-08,NAVINFLUOR,2023-09-08,SAME_SYMBOL_LOCKOUT
UPPER|PERSISTENT|2023-09-08,PERSISTENT,2023-09-08,SAME_SYMBOL_LOCKOUT
UPPER|SRF|2023-09-08,SRF,2023-09-08,SAME_SYMBOL_LOCKOUT
UPPER|STLTECH|2023-09-08,STLTECH,2023-09-08,SAME_SYMBOL_LOCKOUT
UPPER|TTML|2023-09-08,TTML,2023-09-08,SAME_SYMBOL_LOCKOUT
UPPER|TVSMOTOR|2023-09-08,TVSMOTOR,2023-09-08,SAME_SYMBOL_LOCKOUT
UPPER|ABFRL|2023-09-11,ABFRL,2023-09-11,SAME_SYMBOL_LOCKOUT
UPPER|AFFLE|2023-09-11,AFFLE,2023-09-11,SAME_SYMBOL_LOCKOUT
UPPER|CLEAN|2023-09-11,CLEAN,2023-09-11,SAME_SYMBOL_LOCKOUT
UPPER|DEEPAKFERT|2023-09-11,DEEPAKFERT,2023-09-11,SAME_SYMBOL_LOCKOUT
UPPER|DEVYANI|2023-09-11,DEVYANI,2023-09-11,SAME_SYMBOL_LOCKOUT
UPPER|GNFC|2023-09-11,GNFC,2023-09-11,SAME_SYMBOL_LOCKOUT
UPPER|HAL|2023-09-11,HAL,2023-09-11,SAME_SYMBOL_LOCKOUT
UPPER|IRB|2023-09-11,IRB,2023-09-11,SAME_SYMBOL_LOCKOUT
UPPER|MARICO|2023-09-11,MARICO,2023-09-11,SAME_SYMBOL_LOCKOUT
UPPER|NOCIL|2023-09-11,NOCIL,2023-09-11,SAME_SYMBOL_LOCKOUT
UPPER|RAIN|2023-09-11,RAIN,2023-09-11,SAME_SYMBOL_LOCKOUT
UPPER|RCF|2023-09-11,RCF,2023-09-11,SAME_SYMBOL_LOCKOUT
UPPER|RENUKA|2023-09-11,RENUKA,2023-09-11,SAME_SYMBOL_LOCKOUT
UPPER|TORNTPOWER|2023-09-11,TORNTPOWER,2023-09-11,SAME_SYMBOL_LOCKOUT
UPPER|VOLTAS|2023-09-11,VOLTAS,2023-09-11,SAME_SYMBOL_LOCKOUT
UPPER|WIPRO|2023-09-11,WIPRO,2023-09-11,SAME_SYMBOL_LOCKOUT
UPPER|ABFRL|2023-09-12,ABFRL,2023-09-12,SAME_SYMBOL_LOCKOUT
UPPER|AXISBANK|2023-09-12,AXISBANK,2023-09-12,SAME_SYMBOL_LOCKOUT
UPPER|BERGEPAINT|2023-09-12,BERGEPAINT,2023-09-12,SAME_SYMBOL_LOCKOUT
UPPER|GESHIP|2023-09-12,GESHIP,2023-09-12,SAME_SYMBOL_LOCKOUT
UPPER|GRASIM|2023-09-12,GRASIM,2023-09-12,SAME_SYMBOL_LOCKOUT
UPPER|HCLTECH|2023-09-12,HCLTECH,2023-09-12,SAME_SYMBOL_LOCKOUT
UPPER|KNRCON|2023-09-12,KNRCON,2023-09-12,SAME_SYMBOL_LOCKOUT
UPPER|KPRMILL|2023-09-12,KPRMILL,2023-09-12,SAME_SYMBOL_LOCKOUT
UPPER|LODHA|2023-09-12,LODHA,2023-09-12,SAME_SYMBOL_LOCKOUT
UPPER|LTM|2023-09-12,LTM,2023-09-12,SAME_SYMBOL_LOCKOUT
UPPER|MARUTI|2023-09-12,MARUTI,2023-09-12,SAME_SYMBOL_LOCKOUT
UPPER|PRINCEPIPE|2023-09-12,PRINCEPIPE,2023-09-12,SAME_SYMBOL_LOCKOUT
UPPER|TORNTPOWER|2023-09-12,TORNTPOWER,2023-09-12,SAME_SYMBOL_LOCKOUT
UPPER|TTML|2023-09-12,TTML,2023-09-12,SAME_SYMBOL_LOCKOUT
UPPER|TVSMOTOR|2023-09-12,TVSMOTOR,2023-09-12,SAME_SYMBOL_LOCKOUT
UPPER|ULTRACEMCO|2023-09-12,ULTRACEMCO,2023-09-12,SAME_SYMBOL_LOCKOUT
UPPER|WIPRO|2023-09-12,WIPRO,2023-09-12,SAME_SYMBOL_LOCKOUT
UPPER|GNFC|2023-09-13,GNFC,2023-09-13,SAME_SYMBOL_LOCKOUT
UPPER|JBCHEPHARM|2023-09-13,JBCHEPHARM,2023-09-13,SAME_SYMBOL_LOCKOUT
UPPER|GNFC|2023-09-14,GNFC,2023-09-14,SAME_SYMBOL_LOCKOUT
UPPER|GRASIM|2023-09-14,GRASIM,2023-09-14,SAME_SYMBOL_LOCKOUT
UPPER|LODHA|2023-09-14,LODHA,2023-09-14,SAME_SYMBOL_LOCKOUT
UPPER|LTM|2023-09-14,LTM,2023-09-14,SAME_SYMBOL_LOCKOUT
UPPER|MARUTI|2023-09-14,MARUTI,2023-09-14,SAME_SYMBOL_LOCKOUT
UPPER|NOCIL|2023-09-14,NOCIL,2023-09-14,SAME_SYMBOL_LOCKOUT
UPPER|RENUKA|2023-09-14,RENUKA,2023-09-14,SAME_SYMBOL_LOCKOUT
UPPER|TITAN|2023-09-14,TITAN,2023-09-14,SAME_SYMBOL_LOCKOUT
UPPER|TORNTPOWER|2023-09-14,TORNTPOWER,2023-09-14,SAME_SYMBOL_LOCKOUT
UPPER|BIOCON|2023-09-15,BIOCON,2023-09-15,SAME_SYMBOL_LOCKOUT
UPPER|DALBHARAT|2023-09-15,DALBHARAT,2023-09-15,SAME_SYMBOL_LOCKOUT
UPPER|EIDPARRY|2023-09-15,EIDPARRY,2023-09-15,SAME_SYMBOL_LOCKOUT
UPPER|INFY|2023-09-15,INFY,2023-09-15,SAME_SYMBOL_LOCKOUT
UPPER|M&M|2023-09-15,M&M,2023-09-15,SAME_SYMBOL_LOCKOUT
UPPER|PNCINFRA|2023-09-15,PNCINFRA,2023-09-15,SAME_SYMBOL_LOCKOUT
UPPER|RBA|2023-09-15,RBA,2023-09-15,SAME_SYMBOL_LOCKOUT
UPPER|TORNTPOWER|2023-09-15,TORNTPOWER,2023-09-15,SAME_SYMBOL_LOCKOUT
UPPER|UNITDSPR|2023-09-15,UNITDSPR,2023-09-15,SAME_SYMBOL_LOCKOUT
UPPER|BERGEPAINT|2023-09-18,BERGEPAINT,2023-09-18,SAME_SYMBOL_LOCKOUT
UPPER|GRASIM|2023-09-18,GRASIM,2023-09-18,SAME_SYMBOL_LOCKOUT
UPPER|INDUSTOWER|2023-09-18,INDUSTOWER,2023-09-18,SAME_SYMBOL_LOCKOUT
UPPER|KARURVYSYA|2023-09-18,KARURVYSYA,2023-09-18,SAME_SYMBOL_LOCKOUT
UPPER|MARUTI|2023-09-18,MARUTI,2023-09-18,SAME_SYMBOL_LOCKOUT
UPPER|PNCINFRA|2023-09-18,PNCINFRA,2023-09-18,SAME_SYMBOL_LOCKOUT
UPPER|SBILIFE|2023-09-18,SBILIFE,2023-09-18,SAME_SYMBOL_LOCKOUT
UPPER|TCS|2023-09-18,TCS,2023-09-18,SAME_SYMBOL_LOCKOUT
UPPER|BERGEPAINT|2023-09-20,BERGEPAINT,2023-09-20,SAME_SYMBOL_LOCKOUT
UPPER|EASEMYTRIP|2023-09-20,EASEMYTRIP,2023-09-20,SAME_SYMBOL_LOCKOUT
UPPER|FINEORG|2023-09-20,FINEORG,2023-09-20,SAME_SYMBOL_LOCKOUT
UPPER|INDUSINDBK|2023-09-20,INDUSINDBK,2023-09-20,SAME_SYMBOL_LOCKOUT
UPPER|TCS|2023-09-20,TCS,2023-09-20,SAME_SYMBOL_LOCKOUT
UPPER|TRITURBINE|2023-09-20,TRITURBINE,2023-09-20,SAME_SYMBOL_LOCKOUT
UPPER|TVSMOTOR|2023-09-20,TVSMOTOR,2023-09-20,SAME_SYMBOL_LOCKOUT
UPPER|BANDHANBNK|2023-09-21,BANDHANBNK,2023-09-21,SAME_SYMBOL_LOCKOUT
UPPER|GRANULES|2023-09-22,GRANULES,2023-09-22,SAME_SYMBOL_LOCKOUT
UPPER|TCS|2023-09-22,TCS,2023-09-22,SAME_SYMBOL_LOCKOUT
UPPER|BALKRISIND|2023-09-25,BALKRISIND,2023-09-25,SAME_SYMBOL_LOCKOUT
UPPER|BANDHANBNK|2023-09-25,BANDHANBNK,2023-09-25,SAME_SYMBOL_LOCKOUT
UPPER|GRANULES|2023-09-25,GRANULES,2023-09-25,SAME_SYMBOL_LOCKOUT
UPPER|MANYAVAR|2023-09-25,MANYAVAR,2023-09-25,SAME_SYMBOL_LOCKOUT
UPPER|MARUTI|2023-09-25,MARUTI,2023-09-25,SAME_SYMBOL_LOCKOUT
UPPER|RENUKA|2023-09-25,RENUKA,2023-09-25,SAME_SYMBOL_LOCKOUT
UPPER|GESHIP|2023-09-26,GESHIP,2023-09-26,SAME_SYMBOL_LOCKOUT
UPPER|MCX|2023-09-26,MCX,2023-09-26,SAME_SYMBOL_LOCKOUT
UPPER|TATACONSUM|2023-09-26,TATACONSUM,2023-09-26,SAME_SYMBOL_LOCKOUT
UPPER|BANDHANBNK|2023-09-27,BANDHANBNK,2023-09-27,SAME_SYMBOL_LOCKOUT
UPPER|GESHIP|2023-09-27,GESHIP,2023-09-27,SAME_SYMBOL_LOCKOUT
UPPER|LODHA|2023-09-27,LODHA,2023-09-27,SAME_SYMBOL_LOCKOUT
UPPER|NUVOCO|2023-09-27,NUVOCO,2023-09-27,SAME_SYMBOL_LOCKOUT
UPPER|BALRAMCHIN|2023-09-28,BALRAMCHIN,2023-09-28,SAME_SYMBOL_LOCKOUT
UPPER|BANDHANBNK|2023-09-28,BANDHANBNK,2023-09-28,SAME_SYMBOL_LOCKOUT
UPPER|CHOLAFIN|2023-09-28,CHOLAFIN,2023-09-28,SAME_SYMBOL_LOCKOUT
UPPER|TRITURBINE|2023-09-28,TRITURBINE,2023-09-28,SAME_SYMBOL_LOCKOUT
UPPER|COHANCE|2023-09-29,COHANCE,2023-09-29,SAME_SYMBOL_LOCKOUT
UPPER|APTUS|2023-10-03,APTUS,2023-10-03,SAME_SYMBOL_LOCKOUT
UPPER|CANBK|2023-10-03,CANBK,2023-10-03,SAME_SYMBOL_LOCKOUT
UPPER|GRANULES|2023-10-04,GRANULES,2023-10-04,SAME_SYMBOL_LOCKOUT
UPPER|DMART|2023-10-05,DMART,2023-10-05,SAME_SYMBOL_LOCKOUT
UPPER|GRANULES|2023-10-05,GRANULES,2023-10-05,SAME_SYMBOL_LOCKOUT
UPPER|PCBL|2023-10-05,PCBL,2023-10-05,SAME_SYMBOL_LOCKOUT
UPPER|MEDANTA|2023-10-06,MEDANTA,2023-10-06,SAME_SYMBOL_LOCKOUT
UPPER|SOBHA|2023-10-06,SOBHA,2023-10-06,SAME_SYMBOL_LOCKOUT
UPPER|TCS|2023-10-06,TCS,2023-10-06,SAME_SYMBOL_LOCKOUT
UPPER|AAVAS|2023-10-09,AAVAS,2023-10-09,SAME_SYMBOL_LOCKOUT
UPPER|ANGELONE|2023-10-09,ANGELONE,2023-10-09,SAME_SYMBOL_LOCKOUT
UPPER|SOBHA|2023-10-09,SOBHA,2023-10-09,SAME_SYMBOL_LOCKOUT
UPPER|PCBL|2023-10-10,PCBL,2023-10-10,SAME_SYMBOL_LOCKOUT
UPPER|TVSMOTOR|2023-10-10,TVSMOTOR,2023-10-10,SAME_SYMBOL_LOCKOUT
UPPER|ANGELONE|2023-10-11,ANGELONE,2023-10-11,SAME_SYMBOL_LOCKOUT
UPPER|APTUS|2023-10-11,APTUS,2023-10-11,SAME_SYMBOL_LOCKOUT
UPPER|BOSCHLTD|2023-10-11,BOSCHLTD,2023-10-11,SAME_SYMBOL_LOCKOUT
UPPER|ABREL|2023-10-12,ABREL,2023-10-12,SAME_SYMBOL_LOCKOUT
UPPER|ANGELONE|2023-10-12,ANGELONE,2023-10-12,SAME_SYMBOL_LOCKOUT
UPPER|BHARTIARTL|2023-10-12,BHARTIARTL,2023-10-12,SAME_SYMBOL_LOCKOUT
UPPER|INDUSTOWER|2023-10-12,INDUSTOWER,2023-10-12,SAME_SYMBOL_LOCKOUT
UPPER|LALPATHLAB|2023-10-12,LALPATHLAB,2023-10-12,SAME_SYMBOL_LOCKOUT
UPPER|MEDANTA|2023-10-12,MEDANTA,2023-10-12,SAME_SYMBOL_LOCKOUT
UPPER|ANGELONE|2023-10-13,ANGELONE,2023-10-13,SAME_SYMBOL_LOCKOUT
UPPER|BOSCHLTD|2023-10-13,BOSCHLTD,2023-10-13,SAME_SYMBOL_LOCKOUT
UPPER|CHAMBLFERT|2023-10-13,CHAMBLFERT,2023-10-13,SAME_SYMBOL_LOCKOUT
UPPER|DLF|2023-10-13,DLF,2023-10-13,SAME_SYMBOL_LOCKOUT
UPPER|DMART|2023-10-13,DMART,2023-10-13,SAME_SYMBOL_LOCKOUT
UPPER|GAIL|2023-10-13,GAIL,2023-10-13,SAME_SYMBOL_LOCKOUT
UPPER|LALPATHLAB|2023-10-13,LALPATHLAB,2023-10-13,SAME_SYMBOL_LOCKOUT
UPPER|RAMCOCEM|2023-10-13,RAMCOCEM,2023-10-13,SAME_SYMBOL_LOCKOUT
UPPER|BHARTIARTL|2023-10-16,BHARTIARTL,2023-10-16,SAME_SYMBOL_LOCKOUT
UPPER|FEDERALBNK|2023-10-16,FEDERALBNK,2023-10-16,SAME_SYMBOL_LOCKOUT
UPPER|MRPL|2023-10-16,MRPL,2023-10-16,SAME_SYMBOL_LOCKOUT
UPPER|RAMCOCEM|2023-10-16,RAMCOCEM,2023-10-16,SAME_SYMBOL_LOCKOUT
UPPER|BALKRISIND|2023-10-17,BALKRISIND,2023-10-17,SAME_SYMBOL_LOCKOUT
UPPER|BHARTIARTL|2023-10-17,BHARTIARTL,2023-10-17,SAME_SYMBOL_LOCKOUT
UPPER|GAIL|2023-10-17,GAIL,2023-10-17,SAME_SYMBOL_LOCKOUT
UPPER|HDFCAMC|2023-10-17,HDFCAMC,2023-10-17,SAME_SYMBOL_LOCKOUT
UPPER|MGL|2023-10-17,MGL,2023-10-17,SAME_SYMBOL_LOCKOUT
UPPER|UNITDSPR|2023-10-17,UNITDSPR,2023-10-17,SAME_SYMBOL_LOCKOUT
UPPER|ABREL|2023-10-18,ABREL,2023-10-18,SAME_SYMBOL_LOCKOUT
UPPER|CUB|2023-10-18,CUB,2023-10-18,SAME_SYMBOL_LOCKOUT
UPPER|KARURVYSYA|2023-10-18,KARURVYSYA,2023-10-18,SAME_SYMBOL_LOCKOUT
UPPER|RCF|2023-10-18,RCF,2023-10-18,SAME_SYMBOL_LOCKOUT
UPPER|CRISIL|2023-10-19,CRISIL,2023-10-19,SAME_SYMBOL_LOCKOUT
UPPER|KPRMILL|2023-10-19,KPRMILL,2023-10-19,SAME_SYMBOL_LOCKOUT
UPPER|CRISIL|2023-10-20,CRISIL,2023-10-20,SAME_SYMBOL_LOCKOUT
UPPER|EQUITASBNK|2023-10-20,EQUITASBNK,2023-10-20,SAME_SYMBOL_LOCKOUT
UPPER|GNFC|2023-10-20,GNFC,2023-10-20,SAME_SYMBOL_LOCKOUT
UPPER|RAMCOCEM|2023-10-20,RAMCOCEM,2023-10-20,SAME_SYMBOL_LOCKOUT
UPPER|EQUITASBNK|2023-10-23,EQUITASBNK,2023-10-23,SAME_SYMBOL_LOCKOUT
UPPER|GNFC|2023-10-23,GNFC,2023-10-23,SAME_SYMBOL_LOCKOUT
UPPER|JINDALSAW|2023-10-23,JINDALSAW,2023-10-23,SAME_SYMBOL_LOCKOUT
UPPER|BALKRISIND|2023-10-25,BALKRISIND,2023-10-25,SAME_SYMBOL_LOCKOUT
UPPER|JINDALSAW|2023-10-27,JINDALSAW,2023-10-27,SAME_SYMBOL_LOCKOUT
UPPER|MARUTI|2023-10-27,MARUTI,2023-10-27,SAME_SYMBOL_LOCKOUT
UPPER|GNFC|2023-10-30,GNFC,2023-10-30,SAME_SYMBOL_LOCKOUT
UPPER|KPRMILL|2023-10-30,KPRMILL,2023-10-30,SAME_SYMBOL_LOCKOUT
UPPER|BLUESTARCO|2023-10-31,BLUESTARCO,2023-10-31,SAME_SYMBOL_LOCKOUT
UPPER|CANBK|2023-10-31,CANBK,2023-10-31,SAME_SYMBOL_LOCKOUT
UPPER|GNFC|2023-10-31,GNFC,2023-10-31,SAME_SYMBOL_LOCKOUT
UPPER|KPITTECH|2023-10-31,KPITTECH,2023-10-31,SAME_SYMBOL_LOCKOUT
UPPER|MOTILALOFS|2023-10-31,MOTILALOFS,2023-10-31,SAME_SYMBOL_LOCKOUT
UPPER|DLF|2023-11-01,DLF,2023-11-01,SAME_SYMBOL_LOCKOUT
UPPER|JINDALSAW|2023-11-01,JINDALSAW,2023-11-01,SAME_SYMBOL_LOCKOUT
UPPER|MOTILALOFS|2023-11-01,MOTILALOFS,2023-11-01,SAME_SYMBOL_LOCKOUT
UPPER|CANBK|2023-11-02,CANBK,2023-11-02,SAME_SYMBOL_LOCKOUT
UPPER|COLPAL|2023-11-02,COLPAL,2023-11-02,SAME_SYMBOL_LOCKOUT
UPPER|KPITTECH|2023-11-02,KPITTECH,2023-11-02,SAME_SYMBOL_LOCKOUT
UPPER|CANBK|2023-11-03,CANBK,2023-11-03,SAME_SYMBOL_LOCKOUT
UPPER|CDSL|2023-11-03,CDSL,2023-11-03,SAME_SYMBOL_LOCKOUT
UPPER|IOC|2023-11-03,IOC,2023-11-03,SAME_SYMBOL_LOCKOUT
UPPER|LTF|2023-11-03,LTF,2023-11-03,SAME_SYMBOL_LOCKOUT
UPPER|KARURVYSYA|2023-11-06,KARURVYSYA,2023-11-06,SAME_SYMBOL_LOCKOUT
UPPER|LTF|2023-11-06,LTF,2023-11-06,SAME_SYMBOL_LOCKOUT
UPPER|PFC|2023-11-06,PFC,2023-11-06,SAME_SYMBOL_LOCKOUT
UPPER|PPLPHARMA|2023-11-06,PPLPHARMA,2023-11-06,SAME_SYMBOL_LOCKOUT
UPPER|SHRIRAMFIN|2023-11-06,SHRIRAMFIN,2023-11-06,SAME_SYMBOL_LOCKOUT
UPPER|COLPAL|2023-11-07,COLPAL,2023-11-07,SAME_SYMBOL_LOCKOUT
UPPER|CREDITACC|2023-11-07,CREDITACC,2023-11-07,SAME_SYMBOL_LOCKOUT
UPPER|PATANJALI|2023-11-07,PATANJALI,2023-11-07,SAME_SYMBOL_LOCKOUT
UPPER|PFC|2023-11-07,PFC,2023-11-07,SAME_SYMBOL_LOCKOUT
UPPER|COLPAL|2023-11-08,COLPAL,2023-11-08,SAME_SYMBOL_LOCKOUT
UPPER|INDUSINDBK|2023-11-08,INDUSINDBK,2023-11-08,SAME_SYMBOL_LOCKOUT
UPPER|IOC|2023-11-08,IOC,2023-11-08,SAME_SYMBOL_LOCKOUT
UPPER|PATANJALI|2023-11-08,PATANJALI,2023-11-08,SAME_SYMBOL_LOCKOUT
UPPER|POWERGRID|2023-11-08,POWERGRID,2023-11-08,SAME_SYMBOL_LOCKOUT
UPPER|PPLPHARMA|2023-11-08,PPLPHARMA,2023-11-08,SAME_SYMBOL_LOCKOUT
UPPER|SANOFI|2023-11-08,SANOFI,2023-11-08,SAME_SYMBOL_LOCKOUT
UPPER|TATACONSUM|2023-11-08,TATACONSUM,2023-11-08,SAME_SYMBOL_LOCKOUT
UPPER|WELCORP|2023-11-08,WELCORP,2023-11-08,SAME_SYMBOL_LOCKOUT
UPPER|ALKEM|2023-11-09,ALKEM,2023-11-09,SAME_SYMBOL_LOCKOUT
UPPER|BPCL|2023-11-09,BPCL,2023-11-09,SAME_SYMBOL_LOCKOUT
UPPER|COLPAL|2023-11-09,COLPAL,2023-11-09,SAME_SYMBOL_LOCKOUT
UPPER|EICHERMOT|2023-11-09,EICHERMOT,2023-11-09,SAME_SYMBOL_LOCKOUT
UPPER|KPITTECH|2023-11-09,KPITTECH,2023-11-09,SAME_SYMBOL_LOCKOUT
UPPER|LUPIN|2023-11-09,LUPIN,2023-11-09,SAME_SYMBOL_LOCKOUT
UPPER|PATANJALI|2023-11-09,PATANJALI,2023-11-09,SAME_SYMBOL_LOCKOUT
UPPER|SANOFI|2023-11-09,SANOFI,2023-11-09,SAME_SYMBOL_LOCKOUT
UPPER|TORNTPOWER|2023-11-09,TORNTPOWER,2023-11-09,SAME_SYMBOL_LOCKOUT
UPPER|APOLLOHOSP|2023-11-10,APOLLOHOSP,2023-11-10,SAME_SYMBOL_LOCKOUT
UPPER|CREDITACC|2023-11-10,CREDITACC,2023-11-10,SAME_SYMBOL_LOCKOUT
UPPER|GODREJPROP|2023-11-10,GODREJPROP,2023-11-10,SAME_SYMBOL_LOCKOUT
UPPER|METROBRAND|2023-11-10,METROBRAND,2023-11-10,SAME_SYMBOL_LOCKOUT
UPPER|TORNTPHARM|2023-11-10,TORNTPHARM,2023-11-10,SAME_SYMBOL_LOCKOUT
UPPER|ALKEM|2023-11-13,ALKEM,2023-11-13,SAME_SYMBOL_LOCKOUT
UPPER|JBCHEPHARM|2023-11-13,JBCHEPHARM,2023-11-13,SAME_SYMBOL_LOCKOUT
UPPER|JINDALSAW|2023-11-13,JINDALSAW,2023-11-13,SAME_SYMBOL_LOCKOUT
UPPER|PHOENIXLTD|2023-11-13,PHOENIXLTD,2023-11-13,SAME_SYMBOL_LOCKOUT
UPPER|POWERGRID|2023-11-13,POWERGRID,2023-11-13,SAME_SYMBOL_LOCKOUT
UPPER|PPLPHARMA|2023-11-13,PPLPHARMA,2023-11-13,SAME_SYMBOL_LOCKOUT
UPPER|SUNPHARMA|2023-11-13,SUNPHARMA,2023-11-13,SAME_SYMBOL_LOCKOUT
UPPER|TORNTPHARM|2023-11-13,TORNTPHARM,2023-11-13,SAME_SYMBOL_LOCKOUT
UPPER|ALKEM|2023-11-15,ALKEM,2023-11-15,SAME_SYMBOL_LOCKOUT
UPPER|CHAMBLFERT|2023-11-15,CHAMBLFERT,2023-11-15,SAME_SYMBOL_LOCKOUT
UPPER|INDUSINDBK|2023-11-15,INDUSINDBK,2023-11-15,SAME_SYMBOL_LOCKOUT
UPPER|IOC|2023-11-15,IOC,2023-11-15,SAME_SYMBOL_LOCKOUT
UPPER|KPITTECH|2023-11-15,KPITTECH,2023-11-15,SAME_SYMBOL_LOCKOUT
UPPER|RADICO|2023-11-15,RADICO,2023-11-15,SAME_SYMBOL_LOCKOUT
UPPER|TORNTPHARM|2023-11-15,TORNTPHARM,2023-11-15,SAME_SYMBOL_LOCKOUT
UPPER|AJANTPHARM|2023-11-16,AJANTPHARM,2023-11-16,SAME_SYMBOL_LOCKOUT
UPPER|APTUS|2023-11-16,APTUS,2023-11-16,SAME_SYMBOL_LOCKOUT
UPPER|BALKRISIND|2023-11-16,BALKRISIND,2023-11-16,SAME_SYMBOL_LOCKOUT
UPPER|BIKAJI|2023-11-16,BIKAJI,2023-11-16,SAME_SYMBOL_LOCKOUT
UPPER|JKCEMENT|2023-11-16,JKCEMENT,2023-11-16,SAME_SYMBOL_LOCKOUT
UPPER|ONGC|2023-11-16,ONGC,2023-11-16,SAME_SYMBOL_LOCKOUT
UPPER|RADICO|2023-11-16,RADICO,2023-11-16,SAME_SYMBOL_LOCKOUT
UPPER|SHRIRAMFIN|2023-11-16,SHRIRAMFIN,2023-11-16,SAME_SYMBOL_LOCKOUT
UPPER|AJANTPHARM|2023-11-17,AJANTPHARM,2023-11-17,SAME_SYMBOL_LOCKOUT
UPPER|APOLLOTYRE|2023-11-17,APOLLOTYRE,2023-11-17,SAME_SYMBOL_LOCKOUT
UPPER|BIKAJI|2023-11-17,BIKAJI,2023-11-17,SAME_SYMBOL_LOCKOUT
UPPER|BPCL|2023-11-17,BPCL,2023-11-17,SAME_SYMBOL_LOCKOUT
UPPER|BRIGADE|2023-11-17,BRIGADE,2023-11-17,SAME_SYMBOL_LOCKOUT
UPPER|BRITANNIA|2023-11-17,BRITANNIA,2023-11-17,SAME_SYMBOL_LOCKOUT
UPPER|CAMS|2023-11-17,CAMS,2023-11-17,SAME_SYMBOL_LOCKOUT
UPPER|CUB|2023-11-17,CUB,2023-11-17,SAME_SYMBOL_LOCKOUT
UPPER|GODREJPROP|2023-11-17,GODREJPROP,2023-11-17,SAME_SYMBOL_LOCKOUT
UPPER|GPIL|2023-11-17,GPIL,2023-11-17,SAME_SYMBOL_LOCKOUT
UPPER|HINDPETRO|2023-11-17,HINDPETRO,2023-11-17,SAME_SYMBOL_LOCKOUT
UPPER|METROPOLIS|2023-11-17,METROPOLIS,2023-11-17,SAME_SYMBOL_LOCKOUT
UPPER|SUNPHARMA|2023-11-17,SUNPHARMA,2023-11-17,SAME_SYMBOL_LOCKOUT
UPPER|TATACONSUM|2023-11-17,TATACONSUM,2023-11-17,SAME_SYMBOL_LOCKOUT
UPPER|TITAN|2023-11-17,TITAN,2023-11-17,SAME_SYMBOL_LOCKOUT
UPPER|TORNTPHARM|2023-11-17,TORNTPHARM,2023-11-17,SAME_SYMBOL_LOCKOUT
UPPER|AJANTPHARM|2023-11-20,AJANTPHARM,2023-11-20,SAME_SYMBOL_LOCKOUT
UPPER|APOLLOHOSP|2023-11-20,APOLLOHOSP,2023-11-20,SAME_SYMBOL_LOCKOUT
UPPER|AUROPHARMA|2023-11-20,AUROPHARMA,2023-11-20,SAME_SYMBOL_LOCKOUT
UPPER|BIKAJI|2023-11-20,BIKAJI,2023-11-20,SAME_SYMBOL_LOCKOUT
UPPER|CAMS|2023-11-20,CAMS,2023-11-20,SAME_SYMBOL_LOCKOUT
UPPER|CESC|2023-11-20,CESC,2023-11-20,SAME_SYMBOL_LOCKOUT
UPPER|COFORGE|2023-11-20,COFORGE,2023-11-20,SAME_SYMBOL_LOCKOUT
UPPER|CRAFTSMAN|2023-11-20,CRAFTSMAN,2023-11-20,SAME_SYMBOL_LOCKOUT
UPPER|EICHERMOT|2023-11-20,EICHERMOT,2023-11-20,SAME_SYMBOL_LOCKOUT
UPPER|GODREJPROP|2023-11-20,GODREJPROP,2023-11-20,SAME_SYMBOL_LOCKOUT
UPPER|HAL|2023-11-20,HAL,2023-11-20,SAME_SYMBOL_LOCKOUT
UPPER|HCLTECH|2023-11-20,HCLTECH,2023-11-20,SAME_SYMBOL_LOCKOUT
UPPER|JKCEMENT|2023-11-20,JKCEMENT,2023-11-20,SAME_SYMBOL_LOCKOUT
UPPER|LALPATHLAB|2023-11-20,LALPATHLAB,2023-11-20,SAME_SYMBOL_LOCKOUT
UPPER|LODHA|2023-11-20,LODHA,2023-11-20,SAME_SYMBOL_LOCKOUT
UPPER|METROPOLIS|2023-11-20,METROPOLIS,2023-11-20,SAME_SYMBOL_LOCKOUT
UPPER|MUTHOOTFIN|2023-11-20,MUTHOOTFIN,2023-11-20,SAME_SYMBOL_LOCKOUT
UPPER|NIACL|2023-11-20,NIACL,2023-11-20,SAME_SYMBOL_LOCKOUT
UPPER|NLCINDIA|2023-11-20,NLCINDIA,2023-11-20,SAME_SYMBOL_LOCKOUT
UPPER|NTPC|2023-11-20,NTPC,2023-11-20,SAME_SYMBOL_LOCKOUT
UPPER|POWERGRID|2023-11-20,POWERGRID,2023-11-20,SAME_SYMBOL_LOCKOUT
UPPER|TATACONSUM|2023-11-20,TATACONSUM,2023-11-20,SAME_SYMBOL_LOCKOUT
UPPER|UNOMINDA|2023-11-20,UNOMINDA,2023-11-20,SAME_SYMBOL_LOCKOUT
UPPER|AJANTPHARM|2023-11-21,AJANTPHARM,2023-11-21,SAME_SYMBOL_LOCKOUT
UPPER|CESC|2023-11-21,CESC,2023-11-21,SAME_SYMBOL_LOCKOUT
UPPER|CREDITACC|2023-11-21,CREDITACC,2023-11-21,SAME_SYMBOL_LOCKOUT
UPPER|EXIDEIND|2023-11-21,EXIDEIND,2023-11-21,SAME_SYMBOL_LOCKOUT
UPPER|GLAXO|2023-11-21,GLAXO,2023-11-21,SAME_SYMBOL_LOCKOUT
UPPER|HCLTECH|2023-11-21,HCLTECH,2023-11-21,SAME_SYMBOL_LOCKOUT
UPPER|JSL|2023-11-21,JSL,2023-11-21,SAME_SYMBOL_LOCKOUT
UPPER|MANKIND|2023-11-21,MANKIND,2023-11-21,SAME_SYMBOL_LOCKOUT
UPPER|METROPOLIS|2023-11-21,METROPOLIS,2023-11-21,SAME_SYMBOL_LOCKOUT
UPPER|CESC|2023-11-22,CESC,2023-11-22,SAME_SYMBOL_LOCKOUT
UPPER|EXIDEIND|2023-11-22,EXIDEIND,2023-11-22,SAME_SYMBOL_LOCKOUT
UPPER|FORTIS|2023-11-22,FORTIS,2023-11-22,SAME_SYMBOL_LOCKOUT
UPPER|INDIGO|2023-11-22,INDIGO,2023-11-22,SAME_SYMBOL_LOCKOUT
UPPER|JSL|2023-11-22,JSL,2023-11-22,SAME_SYMBOL_LOCKOUT
UPPER|LUPIN|2023-11-22,LUPIN,2023-11-22,SAME_SYMBOL_LOCKOUT
UPPER|PPLPHARMA|2023-11-22,PPLPHARMA,2023-11-22,SAME_SYMBOL_LOCKOUT
UPPER|SUNPHARMA|2023-11-22,SUNPHARMA,2023-11-22,SAME_SYMBOL_LOCKOUT
UPPER|AJANTPHARM|2023-11-23,AJANTPHARM,2023-11-23,SAME_SYMBOL_LOCKOUT
UPPER|CHAMBLFERT|2023-11-23,CHAMBLFERT,2023-11-23,SAME_SYMBOL_LOCKOUT
UPPER|EICHERMOT|2023-11-23,EICHERMOT,2023-11-23,SAME_SYMBOL_LOCKOUT
UPPER|EXIDEIND|2023-11-23,EXIDEIND,2023-11-23,SAME_SYMBOL_LOCKOUT
UPPER|NTPC|2023-11-23,NTPC,2023-11-23,SAME_SYMBOL_LOCKOUT
UPPER|PIIND|2023-11-23,PIIND,2023-11-23,SAME_SYMBOL_LOCKOUT
UPPER|POWERINDIA|2023-11-23,POWERINDIA,2023-11-23,SAME_SYMBOL_LOCKOUT
UPPER|TITAN|2023-11-23,TITAN,2023-11-23,SAME_SYMBOL_LOCKOUT
UPPER|UNOMINDA|2023-11-23,UNOMINDA,2023-11-23,SAME_SYMBOL_LOCKOUT
UPPER|VBL|2023-11-23,VBL,2023-11-23,SAME_SYMBOL_LOCKOUT
UPPER|BAJAJHLDNG|2023-11-24,BAJAJHLDNG,2023-11-24,SAME_SYMBOL_LOCKOUT
UPPER|COHANCE|2023-11-24,COHANCE,2023-11-24,SAME_SYMBOL_LOCKOUT
UPPER|COLPAL|2023-11-24,COLPAL,2023-11-24,SAME_SYMBOL_LOCKOUT
UPPER|CSBBANK|2023-11-24,CSBBANK,2023-11-24,SAME_SYMBOL_LOCKOUT
UPPER|JKCEMENT|2023-11-24,JKCEMENT,2023-11-24,SAME_SYMBOL_LOCKOUT
UPPER|METROPOLIS|2023-11-24,METROPOLIS,2023-11-24,SAME_SYMBOL_LOCKOUT
UPPER|NTPC|2023-11-24,NTPC,2023-11-24,SAME_SYMBOL_LOCKOUT
UPPER|PIIND|2023-11-24,PIIND,2023-11-24,SAME_SYMBOL_LOCKOUT
UPPER|RADICO|2023-11-24,RADICO,2023-11-24,SAME_SYMBOL_LOCKOUT
UPPER|RTNINDIA|2023-11-24,RTNINDIA,2023-11-24,SAME_SYMBOL_LOCKOUT
UPPER|SJVN|2023-11-24,SJVN,2023-11-24,SAME_SYMBOL_LOCKOUT
UPPER|UNOMINDA|2023-11-24,UNOMINDA,2023-11-24,SAME_SYMBOL_LOCKOUT
UPPER|CONCOR|2023-11-28,CONCOR,2023-11-28,SAME_SYMBOL_LOCKOUT
UPPER|LUPIN|2023-11-28,LUPIN,2023-11-28,SAME_SYMBOL_LOCKOUT
UPPER|MRPL|2023-11-28,MRPL,2023-11-28,SAME_SYMBOL_LOCKOUT
UPPER|POWERINDIA|2023-11-28,POWERINDIA,2023-11-28,SAME_SYMBOL_LOCKOUT
UPPER|SJVN|2023-11-28,SJVN,2023-11-28,SAME_SYMBOL_LOCKOUT
UPPER|ABREL|2023-11-29,ABREL,2023-11-29,SAME_SYMBOL_LOCKOUT
UPPER|ARE&M|2023-11-29,ARE&M,2023-11-29,SAME_SYMBOL_LOCKOUT
UPPER|CONCOR|2023-11-29,CONCOR,2023-11-29,SAME_SYMBOL_LOCKOUT
UPPER|CSBBANK|2023-11-29,CSBBANK,2023-11-29,SAME_SYMBOL_LOCKOUT
UPPER|CUMMINSIND|2023-11-29,CUMMINSIND,2023-11-29,SAME_SYMBOL_LOCKOUT
UPPER|HINDALCO|2023-11-29,HINDALCO,2023-11-29,SAME_SYMBOL_LOCKOUT
UPPER|JKCEMENT|2023-11-29,JKCEMENT,2023-11-29,SAME_SYMBOL_LOCKOUT
UPPER|LATENTVIEW|2023-11-29,LATENTVIEW,2023-11-29,SAME_SYMBOL_LOCKOUT
UPPER|LUPIN|2023-11-29,LUPIN,2023-11-29,SAME_SYMBOL_LOCKOUT
UPPER|METROPOLIS|2023-11-29,METROPOLIS,2023-11-29,SAME_SYMBOL_LOCKOUT
UPPER|MFSL|2023-11-29,MFSL,2023-11-29,SAME_SYMBOL_LOCKOUT
UPPER|MRPL|2023-11-29,MRPL,2023-11-29,SAME_SYMBOL_LOCKOUT
UPPER|TITAN|2023-11-29,TITAN,2023-11-29,SAME_SYMBOL_LOCKOUT
UPPER|AARTIIND|2023-11-30,AARTIIND,2023-11-30,SAME_SYMBOL_LOCKOUT
UPPER|AJANTPHARM|2023-11-30,AJANTPHARM,2023-11-30,SAME_SYMBOL_LOCKOUT
UPPER|COLPAL|2023-11-30,COLPAL,2023-11-30,SAME_SYMBOL_LOCKOUT
UPPER|HDFCAMC|2023-11-30,HDFCAMC,2023-11-30,SAME_SYMBOL_LOCKOUT
UPPER|ICICIGI|2023-11-30,ICICIGI,2023-11-30,SAME_SYMBOL_LOCKOUT
UPPER|LICI|2023-11-30,LICI,2023-11-30,SAME_SYMBOL_LOCKOUT
UPPER|METROBRAND|2023-11-30,METROBRAND,2023-11-30,SAME_SYMBOL_LOCKOUT
UPPER|MFSL|2023-11-30,MFSL,2023-11-30,SAME_SYMBOL_LOCKOUT
UPPER|PPLPHARMA|2023-11-30,PPLPHARMA,2023-11-30,SAME_SYMBOL_LOCKOUT
UPPER|SBILIFE|2023-11-30,SBILIFE,2023-11-30,SAME_SYMBOL_LOCKOUT
UPPER|SPARC|2023-11-30,SPARC,2023-11-30,SAME_SYMBOL_LOCKOUT
UPPER|TATACONSUM|2023-11-30,TATACONSUM,2023-11-30,SAME_SYMBOL_LOCKOUT
UPPER|AEGISLOG|2023-12-01,AEGISLOG,2023-12-01,SAME_SYMBOL_LOCKOUT
UPPER|AJANTPHARM|2023-12-01,AJANTPHARM,2023-12-01,SAME_SYMBOL_LOCKOUT
UPPER|BIKAJI|2023-12-01,BIKAJI,2023-12-01,SAME_SYMBOL_LOCKOUT
UPPER|CHAMBLFERT|2023-12-01,CHAMBLFERT,2023-12-01,SAME_SYMBOL_LOCKOUT
UPPER|FSL|2023-12-01,FSL,2023-12-01,SAME_SYMBOL_LOCKOUT
UPPER|GLAND|2023-12-01,GLAND,2023-12-01,SAME_SYMBOL_LOCKOUT
UPPER|GPIL|2023-12-01,GPIL,2023-12-01,SAME_SYMBOL_LOCKOUT
UPPER|GRASIM|2023-12-01,GRASIM,2023-12-01,SAME_SYMBOL_LOCKOUT
UPPER|HDFCLIFE|2023-12-01,HDFCLIFE,2023-12-01,SAME_SYMBOL_LOCKOUT
UPPER|HINDALCO|2023-12-01,HINDALCO,2023-12-01,SAME_SYMBOL_LOCKOUT
UPPER|HINDCOPPER|2023-12-01,HINDCOPPER,2023-12-01,SAME_SYMBOL_LOCKOUT
UPPER|ICICIGI|2023-12-01,ICICIGI,2023-12-01,SAME_SYMBOL_LOCKOUT
UPPER|JKCEMENT|2023-12-01,JKCEMENT,2023-12-01,SAME_SYMBOL_LOCKOUT
UPPER|LTF|2023-12-01,LTF,2023-12-01,SAME_SYMBOL_LOCKOUT
UPPER|NETWORK18|2023-12-01,NETWORK18,2023-12-01,SAME_SYMBOL_LOCKOUT
UPPER|NLCINDIA|2023-12-01,NLCINDIA,2023-12-01,SAME_SYMBOL_LOCKOUT
UPPER|PPLPHARMA|2023-12-01,PPLPHARMA,2023-12-01,SAME_SYMBOL_LOCKOUT
UPPER|SAMMAANCAP|2023-12-01,SAMMAANCAP,2023-12-01,SAME_SYMBOL_LOCKOUT
UPPER|SBILIFE|2023-12-01,SBILIFE,2023-12-01,SAME_SYMBOL_LOCKOUT
UPPER|SJVN|2023-12-01,SJVN,2023-12-01,SAME_SYMBOL_LOCKOUT
UPPER|TATACONSUM|2023-12-01,TATACONSUM,2023-12-01,SAME_SYMBOL_LOCKOUT
UPPER|TITAN|2023-12-01,TITAN,2023-12-01,SAME_SYMBOL_LOCKOUT
UPPER|ADANIENSOL|2023-12-04,ADANIENSOL,2023-12-04,SAME_SYMBOL_LOCKOUT
UPPER|ADANIGREEN|2023-12-04,ADANIGREEN,2023-12-04,SAME_SYMBOL_LOCKOUT
UPPER|ADANIPOWER|2023-12-04,ADANIPOWER,2023-12-04,SAME_SYMBOL_LOCKOUT
UPPER|AJANTPHARM|2023-12-04,AJANTPHARM,2023-12-04,SAME_SYMBOL_LOCKOUT
UPPER|CAMS|2023-12-04,CAMS,2023-12-04,SAME_SYMBOL_LOCKOUT
UPPER|EXIDEIND|2023-12-04,EXIDEIND,2023-12-04,SAME_SYMBOL_LOCKOUT
UPPER|FEDERALBNK|2023-12-04,FEDERALBNK,2023-12-04,SAME_SYMBOL_LOCKOUT
UPPER|FORTIS|2023-12-04,FORTIS,2023-12-04,SAME_SYMBOL_LOCKOUT
UPPER|GLAND|2023-12-04,GLAND,2023-12-04,SAME_SYMBOL_LOCKOUT
UPPER|GLAXO|2023-12-04,GLAXO,2023-12-04,SAME_SYMBOL_LOCKOUT
UPPER|GPIL|2023-12-04,GPIL,2023-12-04,SAME_SYMBOL_LOCKOUT
UPPER|HINDALCO|2023-12-04,HINDALCO,2023-12-04,SAME_SYMBOL_LOCKOUT
UPPER|HINDCOPPER|2023-12-04,HINDCOPPER,2023-12-04,SAME_SYMBOL_LOCKOUT
UPPER|IRCON|2023-12-04,IRCON,2023-12-04,SAME_SYMBOL_LOCKOUT
UPPER|LTF|2023-12-04,LTF,2023-12-04,SAME_SYMBOL_LOCKOUT
UPPER|MANYAVAR|2023-12-04,MANYAVAR,2023-12-04,SAME_SYMBOL_LOCKOUT
UPPER|MFSL|2023-12-04,MFSL,2023-12-04,SAME_SYMBOL_LOCKOUT
UPPER|MINDACORP|2023-12-04,MINDACORP,2023-12-04,SAME_SYMBOL_LOCKOUT
UPPER|NHPC|2023-12-04,NHPC,2023-12-04,SAME_SYMBOL_LOCKOUT
UPPER|PIDILITIND|2023-12-04,PIDILITIND,2023-12-04,SAME_SYMBOL_LOCKOUT
UPPER|POLICYBZR|2023-12-04,POLICYBZR,2023-12-04,SAME_SYMBOL_LOCKOUT
UPPER|PPLPHARMA|2023-12-04,PPLPHARMA,2023-12-04,SAME_SYMBOL_LOCKOUT
UPPER|SJVN|2023-12-04,SJVN,2023-12-04,SAME_SYMBOL_LOCKOUT
UPPER|TATACONSUM|2023-12-04,TATACONSUM,2023-12-04,SAME_SYMBOL_LOCKOUT
UPPER|TITAN|2023-12-04,TITAN,2023-12-04,SAME_SYMBOL_LOCKOUT
UPPER|VARROC|2023-12-04,VARROC,2023-12-04,SAME_SYMBOL_LOCKOUT
UPPER|AARTIIND|2023-12-05,AARTIIND,2023-12-05,SAME_SYMBOL_LOCKOUT
UPPER|ANURAS|2023-12-05,ANURAS,2023-12-05,SAME_SYMBOL_LOCKOUT
UPPER|APOLLOHOSP|2023-12-05,APOLLOHOSP,2023-12-05,SAME_SYMBOL_LOCKOUT
UPPER|APTUS|2023-12-05,APTUS,2023-12-05,SAME_SYMBOL_LOCKOUT
UPPER|BHARATFORG|2023-12-05,BHARATFORG,2023-12-05,SAME_SYMBOL_LOCKOUT
UPPER|CAMS|2023-12-05,CAMS,2023-12-05,SAME_SYMBOL_LOCKOUT
UPPER|GRASIM|2023-12-05,GRASIM,2023-12-05,SAME_SYMBOL_LOCKOUT
UPPER|HINDALCO|2023-12-05,HINDALCO,2023-12-05,SAME_SYMBOL_LOCKOUT
UPPER|MFSL|2023-12-05,MFSL,2023-12-05,SAME_SYMBOL_LOCKOUT
UPPER|MINDACORP|2023-12-05,MINDACORP,2023-12-05,SAME_SYMBOL_LOCKOUT
UPPER|PIDILITIND|2023-12-05,PIDILITIND,2023-12-05,SAME_SYMBOL_LOCKOUT
UPPER|PIIND|2023-12-05,PIIND,2023-12-05,SAME_SYMBOL_LOCKOUT
UPPER|POLYMED|2023-12-05,POLYMED,2023-12-05,SAME_SYMBOL_LOCKOUT
UPPER|POWERINDIA|2023-12-05,POWERINDIA,2023-12-05,SAME_SYMBOL_LOCKOUT
UPPER|ULTRACEMCO|2023-12-05,ULTRACEMCO,2023-12-05,SAME_SYMBOL_LOCKOUT
UPPER|UNIONBANK|2023-12-05,UNIONBANK,2023-12-05,SAME_SYMBOL_LOCKOUT
UPPER|ABB|2023-12-06,ABB,2023-12-06,SAME_SYMBOL_LOCKOUT
UPPER|ANURAS|2023-12-06,ANURAS,2023-12-06,SAME_SYMBOL_LOCKOUT
UPPER|CREDITACC|2023-12-06,CREDITACC,2023-12-06,SAME_SYMBOL_LOCKOUT
UPPER|CSBBANK|2023-12-06,CSBBANK,2023-12-06,SAME_SYMBOL_LOCKOUT
UPPER|FORTIS|2023-12-06,FORTIS,2023-12-06,SAME_SYMBOL_LOCKOUT
UPPER|GRASIM|2023-12-06,GRASIM,2023-12-06,SAME_SYMBOL_LOCKOUT
UPPER|INDHOTEL|2023-12-06,INDHOTEL,2023-12-06,SAME_SYMBOL_LOCKOUT
UPPER|KOTAKBANK|2023-12-06,KOTAKBANK,2023-12-06,SAME_SYMBOL_LOCKOUT
UPPER|M&M|2023-12-06,M&M,2023-12-06,SAME_SYMBOL_LOCKOUT
UPPER|MANYAVAR|2023-12-06,MANYAVAR,2023-12-06,SAME_SYMBOL_LOCKOUT
UPPER|PIDILITIND|2023-12-06,PIDILITIND,2023-12-06,SAME_SYMBOL_LOCKOUT
UPPER|PIIND|2023-12-06,PIIND,2023-12-06,SAME_SYMBOL_LOCKOUT
UPPER|RTNINDIA|2023-12-06,RTNINDIA,2023-12-06,SAME_SYMBOL_LOCKOUT
UPPER|SBIN|2023-12-06,SBIN,2023-12-06,SAME_SYMBOL_LOCKOUT
UPPER|SPARC|2023-12-06,SPARC,2023-12-06,SAME_SYMBOL_LOCKOUT
UPPER|SRF|2023-12-06,SRF,2023-12-06,SAME_SYMBOL_LOCKOUT
UPPER|SUNPHARMA|2023-12-06,SUNPHARMA,2023-12-06,SAME_SYMBOL_LOCKOUT
UPPER|TATACONSUM|2023-12-06,TATACONSUM,2023-12-06,SAME_SYMBOL_LOCKOUT
UPPER|TITAN|2023-12-06,TITAN,2023-12-06,SAME_SYMBOL_LOCKOUT
UPPER|UNIONBANK|2023-12-06,UNIONBANK,2023-12-06,SAME_SYMBOL_LOCKOUT
UPPER|AEGISLOG|2023-12-07,AEGISLOG,2023-12-07,SAME_SYMBOL_LOCKOUT
UPPER|BAJAJFINSV|2023-12-07,BAJAJFINSV,2023-12-07,SAME_SYMBOL_LOCKOUT
UPPER|BDL|2023-12-07,BDL,2023-12-07,SAME_SYMBOL_LOCKOUT
UPPER|BRITANNIA|2023-12-07,BRITANNIA,2023-12-07,SAME_SYMBOL_LOCKOUT
UPPER|CUB|2023-12-07,CUB,2023-12-07,SAME_SYMBOL_LOCKOUT
UPPER|DMART|2023-12-07,DMART,2023-12-07,SAME_SYMBOL_LOCKOUT
UPPER|GODREJPROP|2023-12-07,GODREJPROP,2023-12-07,SAME_SYMBOL_LOCKOUT
UPPER|GRASIM|2023-12-07,GRASIM,2023-12-07,SAME_SYMBOL_LOCKOUT
UPPER|GSFC|2023-12-07,GSFC,2023-12-07,SAME_SYMBOL_LOCKOUT
UPPER|HINDCOPPER|2023-12-07,HINDCOPPER,2023-12-07,SAME_SYMBOL_LOCKOUT
UPPER|INDHOTEL|2023-12-07,INDHOTEL,2023-12-07,SAME_SYMBOL_LOCKOUT
UPPER|INDIGO|2023-12-07,INDIGO,2023-12-07,SAME_SYMBOL_LOCKOUT
UPPER|JKCEMENT|2023-12-07,JKCEMENT,2023-12-07,SAME_SYMBOL_LOCKOUT
UPPER|NAUKRI|2023-12-07,NAUKRI,2023-12-07,SAME_SYMBOL_LOCKOUT
UPPER|PIDILITIND|2023-12-07,PIDILITIND,2023-12-07,SAME_SYMBOL_LOCKOUT
UPPER|RBLBANK|2023-12-07,RBLBANK,2023-12-07,SAME_SYMBOL_LOCKOUT
UPPER|RTNINDIA|2023-12-07,RTNINDIA,2023-12-07,SAME_SYMBOL_LOCKOUT
UPPER|SBILIFE|2023-12-07,SBILIFE,2023-12-07,SAME_SYMBOL_LOCKOUT
UPPER|SUNTV|2023-12-07,SUNTV,2023-12-07,SAME_SYMBOL_LOCKOUT
UPPER|UBL|2023-12-07,UBL,2023-12-07,SAME_SYMBOL_LOCKOUT
UPPER|ABREL|2023-12-08,ABREL,2023-12-08,SAME_SYMBOL_LOCKOUT
UPPER|AEGISLOG|2023-12-08,AEGISLOG,2023-12-08,SAME_SYMBOL_LOCKOUT
UPPER|COCHINSHIP|2023-12-08,COCHINSHIP,2023-12-08,SAME_SYMBOL_LOCKOUT
UPPER|COFORGE|2023-12-08,COFORGE,2023-12-08,SAME_SYMBOL_LOCKOUT
UPPER|COROMANDEL|2023-12-08,COROMANDEL,2023-12-08,SAME_SYMBOL_LOCKOUT
UPPER|GODREJPROP|2023-12-08,GODREJPROP,2023-12-08,SAME_SYMBOL_LOCKOUT
UPPER|GRASIM|2023-12-08,GRASIM,2023-12-08,SAME_SYMBOL_LOCKOUT
UPPER|JUBLPHARMA|2023-12-08,JUBLPHARMA,2023-12-08,SAME_SYMBOL_LOCKOUT
UPPER|KOTAKBANK|2023-12-08,KOTAKBANK,2023-12-08,SAME_SYMBOL_LOCKOUT
UPPER|LTTS|2023-12-08,LTTS,2023-12-08,SAME_SYMBOL_LOCKOUT
UPPER|MANYAVAR|2023-12-08,MANYAVAR,2023-12-08,SAME_SYMBOL_LOCKOUT
UPPER|NHPC|2023-12-08,NHPC,2023-12-08,SAME_SYMBOL_LOCKOUT
UPPER|PNB|2023-12-08,PNB,2023-12-08,SAME_SYMBOL_LOCKOUT
UPPER|POLYMED|2023-12-08,POLYMED,2023-12-08,SAME_SYMBOL_LOCKOUT
UPPER|POONAWALLA|2023-12-08,POONAWALLA,2023-12-08,SAME_SYMBOL_LOCKOUT
UPPER|PPLPHARMA|2023-12-08,PPLPHARMA,2023-12-08,SAME_SYMBOL_LOCKOUT
UPPER|RCF|2023-12-08,RCF,2023-12-08,SAME_SYMBOL_LOCKOUT
UPPER|SHREECEM|2023-12-08,SHREECEM,2023-12-08,SAME_SYMBOL_LOCKOUT
UPPER|SJVN|2023-12-08,SJVN,2023-12-08,SAME_SYMBOL_LOCKOUT
UPPER|SUNTV|2023-12-08,SUNTV,2023-12-08,SAME_SYMBOL_LOCKOUT
UPPER|UBL|2023-12-08,UBL,2023-12-08,SAME_SYMBOL_LOCKOUT
UPPER|VEDL|2023-12-08,VEDL,2023-12-08,SAME_SYMBOL_LOCKOUT
UPPER|ALOKINDS|2023-12-11,ALOKINDS,2023-12-11,SAME_SYMBOL_LOCKOUT
UPPER|BEL|2023-12-11,BEL,2023-12-11,SAME_SYMBOL_LOCKOUT
UPPER|CREDITACC|2023-12-11,CREDITACC,2023-12-11,SAME_SYMBOL_LOCKOUT
UPPER|GODREJPROP|2023-12-11,GODREJPROP,2023-12-11,SAME_SYMBOL_LOCKOUT
UPPER|INDIACEM|2023-12-11,INDIACEM,2023-12-11,SAME_SYMBOL_LOCKOUT
UPPER|INTELLECT|2023-12-11,INTELLECT,2023-12-11,SAME_SYMBOL_LOCKOUT
UPPER|JSL|2023-12-11,JSL,2023-12-11,SAME_SYMBOL_LOCKOUT
UPPER|LTTS|2023-12-11,LTTS,2023-12-11,SAME_SYMBOL_LOCKOUT
UPPER|NBCC|2023-12-11,NBCC,2023-12-11,SAME_SYMBOL_LOCKOUT
UPPER|POONAWALLA|2023-12-11,POONAWALLA,2023-12-11,SAME_SYMBOL_LOCKOUT
UPPER|PPLPHARMA|2023-12-11,PPLPHARMA,2023-12-11,SAME_SYMBOL_LOCKOUT
UPPER|RALLIS|2023-12-11,RALLIS,2023-12-11,SAME_SYMBOL_LOCKOUT
UPPER|SBIN|2023-12-11,SBIN,2023-12-11,SAME_SYMBOL_LOCKOUT
UPPER|SHYAMMETL|2023-12-11,SHYAMMETL,2023-12-11,SAME_SYMBOL_LOCKOUT
UPPER|AEGISLOG|2023-12-12,AEGISLOG,2023-12-12,SAME_SYMBOL_LOCKOUT
UPPER|ALOKINDS|2023-12-12,ALOKINDS,2023-12-12,SAME_SYMBOL_LOCKOUT
UPPER|BANKINDIA|2023-12-12,BANKINDIA,2023-12-12,SAME_SYMBOL_LOCKOUT
UPPER|BDL|2023-12-12,BDL,2023-12-12,SAME_SYMBOL_LOCKOUT
UPPER|BHARATFORG|2023-12-12,BHARATFORG,2023-12-12,SAME_SYMBOL_LOCKOUT
UPPER|CEATLTD|2023-12-12,CEATLTD,2023-12-12,SAME_SYMBOL_LOCKOUT
UPPER|COROMANDEL|2023-12-12,COROMANDEL,2023-12-12,SAME_SYMBOL_LOCKOUT
UPPER|FORTIS|2023-12-12,FORTIS,2023-12-12,SAME_SYMBOL_LOCKOUT
UPPER|GODREJCP|2023-12-12,GODREJCP,2023-12-12,SAME_SYMBOL_LOCKOUT
UPPER|GRASIM|2023-12-12,GRASIM,2023-12-12,SAME_SYMBOL_LOCKOUT
UPPER|ICICIBANK|2023-12-12,ICICIBANK,2023-12-12,SAME_SYMBOL_LOCKOUT
UPPER|INDHOTEL|2023-12-12,INDHOTEL,2023-12-12,SAME_SYMBOL_LOCKOUT
UPPER|INTELLECT|2023-12-12,INTELLECT,2023-12-12,SAME_SYMBOL_LOCKOUT
UPPER|IRB|2023-12-12,IRB,2023-12-12,SAME_SYMBOL_LOCKOUT
UPPER|JKCEMENT|2023-12-12,JKCEMENT,2023-12-12,SAME_SYMBOL_LOCKOUT
UPPER|LTM|2023-12-12,LTM,2023-12-12,SAME_SYMBOL_LOCKOUT
UPPER|LTTS|2023-12-12,LTTS,2023-12-12,SAME_SYMBOL_LOCKOUT
UPPER|MINDACORP|2023-12-12,MINDACORP,2023-12-12,SAME_SYMBOL_LOCKOUT
UPPER|MRF|2023-12-12,MRF,2023-12-12,SAME_SYMBOL_LOCKOUT
UPPER|NAUKRI|2023-12-12,NAUKRI,2023-12-12,SAME_SYMBOL_LOCKOUT
UPPER|PNB|2023-12-12,PNB,2023-12-12,SAME_SYMBOL_LOCKOUT
UPPER|POLYCAB|2023-12-12,POLYCAB,2023-12-12,SAME_SYMBOL_LOCKOUT
UPPER|POONAWALLA|2023-12-12,POONAWALLA,2023-12-12,SAME_SYMBOL_LOCKOUT
UPPER|RALLIS|2023-12-12,RALLIS,2023-12-12,SAME_SYMBOL_LOCKOUT
UPPER|REDINGTON|2023-12-12,REDINGTON,2023-12-12,SAME_SYMBOL_LOCKOUT
UPPER|SBILIFE|2023-12-12,SBILIFE,2023-12-12,SAME_SYMBOL_LOCKOUT
UPPER|SJVN|2023-12-12,SJVN,2023-12-12,SAME_SYMBOL_LOCKOUT
UPPER|UBL|2023-12-12,UBL,2023-12-12,SAME_SYMBOL_LOCKOUT
UPPER|APTUS|2023-12-13,APTUS,2023-12-13,SAME_SYMBOL_LOCKOUT
UPPER|BLS|2023-12-13,BLS,2023-12-13,SAME_SYMBOL_LOCKOUT
UPPER|COROMANDEL|2023-12-13,COROMANDEL,2023-12-13,SAME_SYMBOL_LOCKOUT
UPPER|EPL|2023-12-13,EPL,2023-12-13,SAME_SYMBOL_LOCKOUT
UPPER|FLUOROCHEM|2023-12-13,FLUOROCHEM,2023-12-13,SAME_SYMBOL_LOCKOUT
UPPER|INTELLECT|2023-12-13,INTELLECT,2023-12-13,SAME_SYMBOL_LOCKOUT
UPPER|JINDALSTEL|2023-12-13,JINDALSTEL,2023-12-13,SAME_SYMBOL_LOCKOUT
UPPER|PIDILITIND|2023-12-13,PIDILITIND,2023-12-13,SAME_SYMBOL_LOCKOUT
UPPER|RAMCOCEM|2023-12-13,RAMCOCEM,2023-12-13,SAME_SYMBOL_LOCKOUT
UPPER|RBLBANK|2023-12-13,RBLBANK,2023-12-13,SAME_SYMBOL_LOCKOUT
UPPER|REDINGTON|2023-12-13,REDINGTON,2023-12-13,SAME_SYMBOL_LOCKOUT
UPPER|SBIN|2023-12-13,SBIN,2023-12-13,SAME_SYMBOL_LOCKOUT
UPPER|SHREECEM|2023-12-13,SHREECEM,2023-12-13,SAME_SYMBOL_LOCKOUT
UPPER|SWSOLAR|2023-12-13,SWSOLAR,2023-12-13,SAME_SYMBOL_LOCKOUT
UPPER|VEDL|2023-12-13,VEDL,2023-12-13,SAME_SYMBOL_LOCKOUT
UPPER|BOSCHLTD|2023-12-14,BOSCHLTD,2023-12-14,SAME_SYMBOL_LOCKOUT
UPPER|CEATLTD|2023-12-14,CEATLTD,2023-12-14,SAME_SYMBOL_LOCKOUT
UPPER|FSL|2023-12-14,FSL,2023-12-14,SAME_SYMBOL_LOCKOUT
UPPER|GLAND|2023-12-14,GLAND,2023-12-14,SAME_SYMBOL_LOCKOUT
UPPER|GLAXO|2023-12-14,GLAXO,2023-12-14,SAME_SYMBOL_LOCKOUT
UPPER|IRB|2023-12-14,IRB,2023-12-14,SAME_SYMBOL_LOCKOUT
UPPER|JINDALSTEL|2023-12-14,JINDALSTEL,2023-12-14,SAME_SYMBOL_LOCKOUT
UPPER|KOTAKBANK|2023-12-14,KOTAKBANK,2023-12-14,SAME_SYMBOL_LOCKOUT
UPPER|LICHSGFIN|2023-12-14,LICHSGFIN,2023-12-14,SAME_SYMBOL_LOCKOUT
UPPER|MINDACORP|2023-12-14,MINDACORP,2023-12-14,SAME_SYMBOL_LOCKOUT
UPPER|RAMCOCEM|2023-12-14,RAMCOCEM,2023-12-14,SAME_SYMBOL_LOCKOUT
UPPER|RBLBANK|2023-12-14,RBLBANK,2023-12-14,SAME_SYMBOL_LOCKOUT
UPPER|SAMMAANCAP|2023-12-14,SAMMAANCAP,2023-12-14,SAME_SYMBOL_LOCKOUT
UPPER|VEDL|2023-12-14,VEDL,2023-12-14,SAME_SYMBOL_LOCKOUT
UPPER|ABB|2023-12-15,ABB,2023-12-15,SAME_SYMBOL_LOCKOUT
UPPER|AFFLE|2023-12-15,AFFLE,2023-12-15,SAME_SYMBOL_LOCKOUT
UPPER|AMBUJACEM|2023-12-15,AMBUJACEM,2023-12-15,SAME_SYMBOL_LOCKOUT
UPPER|AUBANK|2023-12-15,AUBANK,2023-12-15,SAME_SYMBOL_LOCKOUT
UPPER|BAJAJFINSV|2023-12-15,BAJAJFINSV,2023-12-15,SAME_SYMBOL_LOCKOUT
UPPER|BEML|2023-12-15,BEML,2023-12-15,SAME_SYMBOL_LOCKOUT
UPPER|CEATLTD|2023-12-15,CEATLTD,2023-12-15,SAME_SYMBOL_LOCKOUT
UPPER|CLEAN|2023-12-15,CLEAN,2023-12-15,SAME_SYMBOL_LOCKOUT
UPPER|COROMANDEL|2023-12-15,COROMANDEL,2023-12-15,SAME_SYMBOL_LOCKOUT
UPPER|ENGINERSIN|2023-12-15,ENGINERSIN,2023-12-15,SAME_SYMBOL_LOCKOUT
UPPER|GAIL|2023-12-15,GAIL,2023-12-15,SAME_SYMBOL_LOCKOUT
UPPER|GODREJPROP|2023-12-15,GODREJPROP,2023-12-15,SAME_SYMBOL_LOCKOUT
UPPER|GRASIM|2023-12-15,GRASIM,2023-12-15,SAME_SYMBOL_LOCKOUT
UPPER|HINDCOPPER|2023-12-15,HINDCOPPER,2023-12-15,SAME_SYMBOL_LOCKOUT
UPPER|ICICIBANK|2023-12-15,ICICIBANK,2023-12-15,SAME_SYMBOL_LOCKOUT
UPPER|INTELLECT|2023-12-15,INTELLECT,2023-12-15,SAME_SYMBOL_LOCKOUT
UPPER|IRB|2023-12-15,IRB,2023-12-15,SAME_SYMBOL_LOCKOUT
UPPER|JKCEMENT|2023-12-15,JKCEMENT,2023-12-15,SAME_SYMBOL_LOCKOUT
UPPER|JSL|2023-12-15,JSL,2023-12-15,SAME_SYMBOL_LOCKOUT
UPPER|JUBLFOOD|2023-12-15,JUBLFOOD,2023-12-15,SAME_SYMBOL_LOCKOUT
UPPER|MANAPPURAM|2023-12-15,MANAPPURAM,2023-12-15,SAME_SYMBOL_LOCKOUT
UPPER|MRF|2023-12-15,MRF,2023-12-15,SAME_SYMBOL_LOCKOUT
UPPER|RCF|2023-12-15,RCF,2023-12-15,SAME_SYMBOL_LOCKOUT
UPPER|RTNINDIA|2023-12-15,RTNINDIA,2023-12-15,SAME_SYMBOL_LOCKOUT
UPPER|SAIL|2023-12-15,SAIL,2023-12-15,SAME_SYMBOL_LOCKOUT
UPPER|SHREECEM|2023-12-15,SHREECEM,2023-12-15,SAME_SYMBOL_LOCKOUT
UPPER|SIEMENS|2023-12-15,SIEMENS,2023-12-15,SAME_SYMBOL_LOCKOUT
UPPER|SWSOLAR|2023-12-15,SWSOLAR,2023-12-15,SAME_SYMBOL_LOCKOUT
UPPER|VEDL|2023-12-15,VEDL,2023-12-15,SAME_SYMBOL_LOCKOUT
UPPER|ABB|2023-12-18,ABB,2023-12-18,SAME_SYMBOL_LOCKOUT
UPPER|AMBUJACEM|2023-12-18,AMBUJACEM,2023-12-18,SAME_SYMBOL_LOCKOUT
UPPER|BANKBARODA|2023-12-18,BANKBARODA,2023-12-18,SAME_SYMBOL_LOCKOUT
UPPER|BEML|2023-12-18,BEML,2023-12-18,SAME_SYMBOL_LOCKOUT
UPPER|BHARATFORG|2023-12-18,BHARATFORG,2023-12-18,SAME_SYMBOL_LOCKOUT
UPPER|CYIENT|2023-12-18,CYIENT,2023-12-18,SAME_SYMBOL_LOCKOUT
UPPER|EIDPARRY|2023-12-18,EIDPARRY,2023-12-18,SAME_SYMBOL_LOCKOUT
UPPER|GAEL|2023-12-18,GAEL,2023-12-18,SAME_SYMBOL_LOCKOUT
UPPER|GLAXO|2023-12-18,GLAXO,2023-12-18,SAME_SYMBOL_LOCKOUT
UPPER|MANAPPURAM|2023-12-18,MANAPPURAM,2023-12-18,SAME_SYMBOL_LOCKOUT
UPPER|MGL|2023-12-18,MGL,2023-12-18,SAME_SYMBOL_LOCKOUT
UPPER|NAUKRI|2023-12-18,NAUKRI,2023-12-18,SAME_SYMBOL_LOCKOUT
UPPER|NYKAA|2023-12-18,NYKAA,2023-12-18,SAME_SYMBOL_LOCKOUT
UPPER|PIDILITIND|2023-12-18,PIDILITIND,2023-12-18,SAME_SYMBOL_LOCKOUT
UPPER|PNB|2023-12-18,PNB,2023-12-18,SAME_SYMBOL_LOCKOUT
UPPER|RALLIS|2023-12-18,RALLIS,2023-12-18,SAME_SYMBOL_LOCKOUT
UPPER|REDINGTON|2023-12-18,REDINGTON,2023-12-18,SAME_SYMBOL_LOCKOUT
UPPER|SBIN|2023-12-18,SBIN,2023-12-18,SAME_SYMBOL_LOCKOUT
UPPER|SUNPHARMA|2023-12-18,SUNPHARMA,2023-12-18,SAME_SYMBOL_LOCKOUT
UPPER|TITAN|2023-12-18,TITAN,2023-12-18,SAME_SYMBOL_LOCKOUT
UPPER|ACC|2023-12-19,ACC,2023-12-19,SAME_SYMBOL_LOCKOUT
UPPER|BANKBARODA|2023-12-19,BANKBARODA,2023-12-19,SAME_SYMBOL_LOCKOUT
UPPER|COCHINSHIP|2023-12-19,COCHINSHIP,2023-12-19,SAME_SYMBOL_LOCKOUT
UPPER|CYIENT|2023-12-19,CYIENT,2023-12-19,SAME_SYMBOL_LOCKOUT
UPPER|FLUOROCHEM|2023-12-19,FLUOROCHEM,2023-12-19,SAME_SYMBOL_LOCKOUT
UPPER|GRANULES|2023-12-19,GRANULES,2023-12-19,SAME_SYMBOL_LOCKOUT
UPPER|GRASIM|2023-12-19,GRASIM,2023-12-19,SAME_SYMBOL_LOCKOUT
UPPER|HFCL|2023-12-19,HFCL,2023-12-19,SAME_SYMBOL_LOCKOUT
UPPER|IRCON|2023-12-19,IRCON,2023-12-19,SAME_SYMBOL_LOCKOUT
UPPER|JUBLPHARMA|2023-12-19,JUBLPHARMA,2023-12-19,SAME_SYMBOL_LOCKOUT
UPPER|NAUKRI|2023-12-19,NAUKRI,2023-12-19,SAME_SYMBOL_LOCKOUT
UPPER|PNB|2023-12-19,PNB,2023-12-19,SAME_SYMBOL_LOCKOUT
UPPER|REDINGTON|2023-12-19,REDINGTON,2023-12-19,SAME_SYMBOL_LOCKOUT
UPPER|ROUTE|2023-12-19,ROUTE,2023-12-19,SAME_SYMBOL_LOCKOUT
UPPER|RVNL|2023-12-19,RVNL,2023-12-19,SAME_SYMBOL_LOCKOUT
UPPER|SAMMAANCAP|2023-12-19,SAMMAANCAP,2023-12-19,SAME_SYMBOL_LOCKOUT
UPPER|SBIN|2023-12-19,SBIN,2023-12-19,SAME_SYMBOL_LOCKOUT
UPPER|SUNPHARMA|2023-12-19,SUNPHARMA,2023-12-19,SAME_SYMBOL_LOCKOUT
UPPER|SWSOLAR|2023-12-19,SWSOLAR,2023-12-19,SAME_SYMBOL_LOCKOUT
UPPER|SYRMA|2023-12-19,SYRMA,2023-12-19,SAME_SYMBOL_LOCKOUT
UPPER|VEDL|2023-12-19,VEDL,2023-12-19,SAME_SYMBOL_LOCKOUT
UPPER|AFFLE|2023-12-20,AFFLE,2023-12-20,SAME_SYMBOL_LOCKOUT
UPPER|APTUS|2023-12-20,APTUS,2023-12-20,SAME_SYMBOL_LOCKOUT
UPPER|AUBANK|2023-12-20,AUBANK,2023-12-20,SAME_SYMBOL_LOCKOUT
UPPER|BAJAJFINSV|2023-12-20,BAJAJFINSV,2023-12-20,SAME_SYMBOL_LOCKOUT
UPPER|BANKBARODA|2023-12-20,BANKBARODA,2023-12-20,SAME_SYMBOL_LOCKOUT
UPPER|BEML|2023-12-20,BEML,2023-12-20,SAME_SYMBOL_LOCKOUT
UPPER|CASTROLIND|2023-12-20,CASTROLIND,2023-12-20,SAME_SYMBOL_LOCKOUT
UPPER|CUMMINSIND|2023-12-20,CUMMINSIND,2023-12-20,SAME_SYMBOL_LOCKOUT
UPPER|EQUITASBNK|2023-12-20,EQUITASBNK,2023-12-20,SAME_SYMBOL_LOCKOUT
UPPER|FLUOROCHEM|2023-12-20,FLUOROCHEM,2023-12-20,SAME_SYMBOL_LOCKOUT
UPPER|GODREJCP|2023-12-20,GODREJCP,2023-12-20,SAME_SYMBOL_LOCKOUT
UPPER|GRANULES|2023-12-20,GRANULES,2023-12-20,SAME_SYMBOL_LOCKOUT
UPPER|HDFCAMC|2023-12-20,HDFCAMC,2023-12-20,SAME_SYMBOL_LOCKOUT
UPPER|HFCL|2023-12-20,HFCL,2023-12-20,SAME_SYMBOL_LOCKOUT
UPPER|JUBLFOOD|2023-12-20,JUBLFOOD,2023-12-20,SAME_SYMBOL_LOCKOUT
UPPER|MGL|2023-12-20,MGL,2023-12-20,SAME_SYMBOL_LOCKOUT
UPPER|ONGC|2023-12-20,ONGC,2023-12-20,SAME_SYMBOL_LOCKOUT
UPPER|PIDILITIND|2023-12-20,PIDILITIND,2023-12-20,SAME_SYMBOL_LOCKOUT
UPPER|POONAWALLA|2023-12-20,POONAWALLA,2023-12-20,SAME_SYMBOL_LOCKOUT
UPPER|SBIN|2023-12-20,SBIN,2023-12-20,SAME_SYMBOL_LOCKOUT
UPPER|SUNTV|2023-12-20,SUNTV,2023-12-20,SAME_SYMBOL_LOCKOUT
UPPER|TIMKEN|2023-12-20,TIMKEN,2023-12-20,SAME_SYMBOL_LOCKOUT
UPPER|TORNTPHARM|2023-12-20,TORNTPHARM,2023-12-20,SAME_SYMBOL_LOCKOUT
UPPER|ZYDUSLIFE|2023-12-20,ZYDUSLIFE,2023-12-20,SAME_SYMBOL_LOCKOUT
UPPER|AUBANK|2023-12-21,AUBANK,2023-12-21,SAME_SYMBOL_LOCKOUT
UPPER|GESHIP|2023-12-21,GESHIP,2023-12-21,SAME_SYMBOL_LOCKOUT
UPPER|TORNTPHARM|2023-12-21,TORNTPHARM,2023-12-21,SAME_SYMBOL_LOCKOUT
UPPER|AUBANK|2023-12-22,AUBANK,2023-12-22,SAME_SYMBOL_LOCKOUT
UPPER|CRAFTSMAN|2023-12-22,CRAFTSMAN,2023-12-22,SAME_SYMBOL_LOCKOUT
UPPER|CUMMINSIND|2023-12-22,CUMMINSIND,2023-12-22,SAME_SYMBOL_LOCKOUT
UPPER|GESHIP|2023-12-22,GESHIP,2023-12-22,SAME_SYMBOL_LOCKOUT
UPPER|GLAND|2023-12-22,GLAND,2023-12-22,SAME_SYMBOL_LOCKOUT
UPPER|GODREJCP|2023-12-22,GODREJCP,2023-12-22,SAME_SYMBOL_LOCKOUT
UPPER|HFCL|2023-12-22,HFCL,2023-12-22,SAME_SYMBOL_LOCKOUT
UPPER|HINDALCO|2023-12-22,HINDALCO,2023-12-22,SAME_SYMBOL_LOCKOUT
UPPER|INDUSINDBK|2023-12-22,INDUSINDBK,2023-12-22,SAME_SYMBOL_LOCKOUT
UPPER|JUBLFOOD|2023-12-22,JUBLFOOD,2023-12-22,SAME_SYMBOL_LOCKOUT
UPPER|JUBLPHARMA|2023-12-22,JUBLPHARMA,2023-12-22,SAME_SYMBOL_LOCKOUT
UPPER|KOTAKBANK|2023-12-22,KOTAKBANK,2023-12-22,SAME_SYMBOL_LOCKOUT
UPPER|MANAPPURAM|2023-12-22,MANAPPURAM,2023-12-22,SAME_SYMBOL_LOCKOUT
UPPER|METROPOLIS|2023-12-22,METROPOLIS,2023-12-22,SAME_SYMBOL_LOCKOUT
UPPER|REDINGTON|2023-12-22,REDINGTON,2023-12-22,SAME_SYMBOL_LOCKOUT
UPPER|RHIM|2023-12-22,RHIM,2023-12-22,SAME_SYMBOL_LOCKOUT
UPPER|CLEAN|2023-12-26,CLEAN,2023-12-26,SAME_SYMBOL_LOCKOUT
UPPER|FLUOROCHEM|2023-12-26,FLUOROCHEM,2023-12-26,SAME_SYMBOL_LOCKOUT
UPPER|JBCHEPHARM|2023-12-26,JBCHEPHARM,2023-12-26,SAME_SYMBOL_LOCKOUT
UPPER|POWERINDIA|2023-12-26,POWERINDIA,2023-12-26,SAME_SYMBOL_LOCKOUT
UPPER|RHIM|2023-12-26,RHIM,2023-12-26,SAME_SYMBOL_LOCKOUT
UPPER|SRF|2023-12-26,SRF,2023-12-26,SAME_SYMBOL_LOCKOUT
UPPER|TATACONSUM|2023-12-26,TATACONSUM,2023-12-26,SAME_SYMBOL_LOCKOUT
UPPER|AJANTPHARM|2023-12-27,AJANTPHARM,2023-12-27,SAME_SYMBOL_LOCKOUT
UPPER|BEML|2023-12-27,BEML,2023-12-27,SAME_SYMBOL_LOCKOUT
UPPER|CLEAN|2023-12-27,CLEAN,2023-12-27,SAME_SYMBOL_LOCKOUT
UPPER|COCHINSHIP|2023-12-27,COCHINSHIP,2023-12-27,SAME_SYMBOL_LOCKOUT
UPPER|COROMANDEL|2023-12-27,COROMANDEL,2023-12-27,SAME_SYMBOL_LOCKOUT
UPPER|DEEPAKNTR|2023-12-27,DEEPAKNTR,2023-12-27,SAME_SYMBOL_LOCKOUT
UPPER|GLAND|2023-12-27,GLAND,2023-12-27,SAME_SYMBOL_LOCKOUT
UPPER|HEG|2023-12-27,HEG,2023-12-27,SAME_SYMBOL_LOCKOUT
UPPER|HFCL|2023-12-27,HFCL,2023-12-27,SAME_SYMBOL_LOCKOUT
UPPER|JUBLPHARMA|2023-12-27,JUBLPHARMA,2023-12-27,SAME_SYMBOL_LOCKOUT
UPPER|KEI|2023-12-27,KEI,2023-12-27,SAME_SYMBOL_LOCKOUT
UPPER|LTM|2023-12-27,LTM,2023-12-27,SAME_SYMBOL_LOCKOUT
UPPER|MRF|2023-12-27,MRF,2023-12-27,SAME_SYMBOL_LOCKOUT
UPPER|RELIANCE|2023-12-27,RELIANCE,2023-12-27,SAME_SYMBOL_LOCKOUT
UPPER|SAIL|2023-12-27,SAIL,2023-12-27,SAME_SYMBOL_LOCKOUT
UPPER|SHREECEM|2023-12-27,SHREECEM,2023-12-27,SAME_SYMBOL_LOCKOUT
UPPER|TATASTEEL|2023-12-27,TATASTEEL,2023-12-27,SAME_SYMBOL_LOCKOUT
UPPER|ZENSARTECH|2023-12-27,ZENSARTECH,2023-12-27,SAME_SYMBOL_LOCKOUT
UPPER|ASIANPAINT|2023-12-28,ASIANPAINT,2023-12-28,SAME_SYMBOL_LOCKOUT
UPPER|BANKBARODA|2023-12-28,BANKBARODA,2023-12-28,SAME_SYMBOL_LOCKOUT
UPPER|ENGINERSIN|2023-12-28,ENGINERSIN,2023-12-28,SAME_SYMBOL_LOCKOUT
UPPER|FLUOROCHEM|2023-12-28,FLUOROCHEM,2023-12-28,SAME_SYMBOL_LOCKOUT
UPPER|HEG|2023-12-28,HEG,2023-12-28,SAME_SYMBOL_LOCKOUT
UPPER|JKPAPER|2023-12-28,JKPAPER,2023-12-28,SAME_SYMBOL_LOCKOUT
UPPER|JSWSTEEL|2023-12-28,JSWSTEEL,2023-12-28,SAME_SYMBOL_LOCKOUT
UPPER|JUBLPHARMA|2023-12-28,JUBLPHARMA,2023-12-28,SAME_SYMBOL_LOCKOUT
UPPER|PIDILITIND|2023-12-28,PIDILITIND,2023-12-28,SAME_SYMBOL_LOCKOUT
UPPER|QUESS|2023-12-28,QUESS,2023-12-28,SAME_SYMBOL_LOCKOUT
UPPER|RCF|2023-12-28,RCF,2023-12-28,SAME_SYMBOL_LOCKOUT
UPPER|WIPRO|2023-12-28,WIPRO,2023-12-28,SAME_SYMBOL_LOCKOUT
UPPER|ASIANPAINT|2023-12-29,ASIANPAINT,2023-12-29,SAME_SYMBOL_LOCKOUT
UPPER|CEATLTD|2023-12-29,CEATLTD,2023-12-29,SAME_SYMBOL_LOCKOUT
UPPER|DEEPAKNTR|2023-12-29,DEEPAKNTR,2023-12-29,SAME_SYMBOL_LOCKOUT
UPPER|ENGINERSIN|2023-12-29,ENGINERSIN,2023-12-29,SAME_SYMBOL_LOCKOUT
UPPER|INDUSINDBK|2023-12-29,INDUSINDBK,2023-12-29,SAME_SYMBOL_LOCKOUT
UPPER|INTELLECT|2023-12-29,INTELLECT,2023-12-29,SAME_SYMBOL_LOCKOUT
UPPER|ITC|2023-12-29,ITC,2023-12-29,SAME_SYMBOL_LOCKOUT
UPPER|M&M|2023-12-29,M&M,2023-12-29,SAME_SYMBOL_LOCKOUT
UPPER|MGL|2023-12-29,MGL,2023-12-29,SAME_SYMBOL_LOCKOUT
UPPER|MPHASIS|2023-12-29,MPHASIS,2023-12-29,SAME_SYMBOL_LOCKOUT
UPPER|PIDILITIND|2023-12-29,PIDILITIND,2023-12-29,SAME_SYMBOL_LOCKOUT
UPPER|RCF|2023-12-29,RCF,2023-12-29,SAME_SYMBOL_LOCKOUT
UPPER|AFFLE|2024-01-02,AFFLE,2024-01-02,SAME_SYMBOL_LOCKOUT
UPPER|APOLLOHOSP|2024-01-02,APOLLOHOSP,2024-01-02,SAME_SYMBOL_LOCKOUT
UPPER|AUROPHARMA|2024-01-02,AUROPHARMA,2024-01-02,SAME_SYMBOL_LOCKOUT
UPPER|BHARATFORG|2024-01-02,BHARATFORG,2024-01-02,SAME_SYMBOL_LOCKOUT
UPPER|CLEAN|2024-01-02,CLEAN,2024-01-02,SAME_SYMBOL_LOCKOUT
UPPER|INDUSTOWER|2024-01-02,INDUSTOWER,2024-01-02,SAME_SYMBOL_LOCKOUT
UPPER|LAURUSLABS|2024-01-02,LAURUSLABS,2024-01-02,SAME_SYMBOL_LOCKOUT
UPPER|MGL|2024-01-02,MGL,2024-01-02,SAME_SYMBOL_LOCKOUT
UPPER|OLECTRA|2024-01-02,OLECTRA,2024-01-02,SAME_SYMBOL_LOCKOUT
UPPER|RELIANCE|2024-01-02,RELIANCE,2024-01-02,SAME_SYMBOL_LOCKOUT
UPPER|TATACHEM|2024-01-02,TATACHEM,2024-01-02,SAME_SYMBOL_LOCKOUT
UPPER|TEAMLEASE|2024-01-02,TEAMLEASE,2024-01-02,SAME_SYMBOL_LOCKOUT
UPPER|APOLLOHOSP|2024-01-03,APOLLOHOSP,2024-01-03,SAME_SYMBOL_LOCKOUT
UPPER|ATUL|2024-01-03,ATUL,2024-01-03,SAME_SYMBOL_LOCKOUT
UPPER|CEATLTD|2024-01-03,CEATLTD,2024-01-03,SAME_SYMBOL_LOCKOUT
UPPER|DABUR|2024-01-03,DABUR,2024-01-03,SAME_SYMBOL_LOCKOUT
UPPER|DIVISLAB|2024-01-03,DIVISLAB,2024-01-03,SAME_SYMBOL_LOCKOUT
UPPER|ENGINERSIN|2024-01-03,ENGINERSIN,2024-01-03,SAME_SYMBOL_LOCKOUT
UPPER|INDUSTOWER|2024-01-03,INDUSTOWER,2024-01-03,SAME_SYMBOL_LOCKOUT
UPPER|INTELLECT|2024-01-03,INTELLECT,2024-01-03,SAME_SYMBOL_LOCKOUT
UPPER|JSL|2024-01-03,JSL,2024-01-03,SAME_SYMBOL_LOCKOUT
UPPER|LTF|2024-01-03,LTF,2024-01-03,SAME_SYMBOL_LOCKOUT
UPPER|RVNL|2024-01-03,RVNL,2024-01-03,SAME_SYMBOL_LOCKOUT
UPPER|VOLTAS|2024-01-03,VOLTAS,2024-01-03,SAME_SYMBOL_LOCKOUT
UPPER|APOLLOHOSP|2024-01-04,APOLLOHOSP,2024-01-04,SAME_SYMBOL_LOCKOUT
UPPER|CIPLA|2024-01-04,CIPLA,2024-01-04,SAME_SYMBOL_LOCKOUT
UPPER|CROMPTON|2024-01-04,CROMPTON,2024-01-04,SAME_SYMBOL_LOCKOUT
UPPER|DEEPAKNTR|2024-01-04,DEEPAKNTR,2024-01-04,SAME_SYMBOL_LOCKOUT
UPPER|DIVISLAB|2024-01-04,DIVISLAB,2024-01-04,SAME_SYMBOL_LOCKOUT
UPPER|GLENMARK|2024-01-04,GLENMARK,2024-01-04,SAME_SYMBOL_LOCKOUT
UPPER|INTELLECT|2024-01-04,INTELLECT,2024-01-04,SAME_SYMBOL_LOCKOUT
UPPER|JSL|2024-01-04,JSL,2024-01-04,SAME_SYMBOL_LOCKOUT
UPPER|RAINBOW|2024-01-04,RAINBOW,2024-01-04,SAME_SYMBOL_LOCKOUT
UPPER|RALLIS|2024-01-04,RALLIS,2024-01-04,SAME_SYMBOL_LOCKOUT
UPPER|SONACOMS|2024-01-04,SONACOMS,2024-01-04,SAME_SYMBOL_LOCKOUT
UPPER|ABFRL|2024-01-05,ABFRL,2024-01-05,SAME_SYMBOL_LOCKOUT
UPPER|AUBANK|2024-01-05,AUBANK,2024-01-05,SAME_SYMBOL_LOCKOUT
UPPER|BIKAJI|2024-01-05,BIKAJI,2024-01-05,SAME_SYMBOL_LOCKOUT
UPPER|CENTRALBK|2024-01-05,CENTRALBK,2024-01-05,SAME_SYMBOL_LOCKOUT
UPPER|CHOLAFIN|2024-01-05,CHOLAFIN,2024-01-05,SAME_SYMBOL_LOCKOUT
UPPER|JSL|2024-01-05,JSL,2024-01-05,SAME_SYMBOL_LOCKOUT
UPPER|JUBLPHARMA|2024-01-05,JUBLPHARMA,2024-01-05,SAME_SYMBOL_LOCKOUT
UPPER|JUSTDIAL|2024-01-05,JUSTDIAL,2024-01-05,SAME_SYMBOL_LOCKOUT
UPPER|KEI|2024-01-05,KEI,2024-01-05,SAME_SYMBOL_LOCKOUT
UPPER|KPIL|2024-01-05,KPIL,2024-01-05,SAME_SYMBOL_LOCKOUT
UPPER|KSB|2024-01-05,KSB,2024-01-05,SAME_SYMBOL_LOCKOUT
UPPER|MAHLIFE|2024-01-05,MAHLIFE,2024-01-05,SAME_SYMBOL_LOCKOUT
UPPER|MANAPPURAM|2024-01-05,MANAPPURAM,2024-01-05,SAME_SYMBOL_LOCKOUT
UPPER|MGL|2024-01-05,MGL,2024-01-05,SAME_SYMBOL_LOCKOUT
UPPER|OFSS|2024-01-05,OFSS,2024-01-05,SAME_SYMBOL_LOCKOUT
UPPER|RALLIS|2024-01-05,RALLIS,2024-01-05,SAME_SYMBOL_LOCKOUT
UPPER|TATACHEM|2024-01-05,TATACHEM,2024-01-05,SAME_SYMBOL_LOCKOUT
UPPER|TEAMLEASE|2024-01-05,TEAMLEASE,2024-01-05,SAME_SYMBOL_LOCKOUT
UPPER|THERMAX|2024-01-05,THERMAX,2024-01-05,SAME_SYMBOL_LOCKOUT
UPPER|AUBANK|2024-01-08,AUBANK,2024-01-08,SAME_SYMBOL_LOCKOUT
UPPER|BHARATFORG|2024-01-08,BHARATFORG,2024-01-08,SAME_SYMBOL_LOCKOUT
UPPER|DABUR|2024-01-08,DABUR,2024-01-08,SAME_SYMBOL_LOCKOUT
UPPER|JUSTDIAL|2024-01-08,JUSTDIAL,2024-01-08,SAME_SYMBOL_LOCKOUT
UPPER|KEI|2024-01-08,KEI,2024-01-08,SAME_SYMBOL_LOCKOUT
UPPER|KPIL|2024-01-08,KPIL,2024-01-08,SAME_SYMBOL_LOCKOUT
UPPER|KSB|2024-01-08,KSB,2024-01-08,SAME_SYMBOL_LOCKOUT
UPPER|POONAWALLA|2024-01-08,POONAWALLA,2024-01-08,SAME_SYMBOL_LOCKOUT
UPPER|SCHAEFFLER|2024-01-08,SCHAEFFLER,2024-01-08,SAME_SYMBOL_LOCKOUT
UPPER|TEAMLEASE|2024-01-08,TEAMLEASE,2024-01-08,SAME_SYMBOL_LOCKOUT
UPPER|UNITDSPR|2024-01-08,UNITDSPR,2024-01-08,SAME_SYMBOL_LOCKOUT
UPPER|APOLLOHOSP|2024-01-09,APOLLOHOSP,2024-01-09,SAME_SYMBOL_LOCKOUT
UPPER|AUBANK|2024-01-09,AUBANK,2024-01-09,SAME_SYMBOL_LOCKOUT
UPPER|BHARATFORG|2024-01-09,BHARATFORG,2024-01-09,SAME_SYMBOL_LOCKOUT
UPPER|KIMS|2024-01-09,KIMS,2024-01-09,SAME_SYMBOL_LOCKOUT
UPPER|LT|2024-01-09,LT,2024-01-09,SAME_SYMBOL_LOCKOUT
UPPER|MANAPPURAM|2024-01-09,MANAPPURAM,2024-01-09,SAME_SYMBOL_LOCKOUT
UPPER|UNOMINDA|2024-01-09,UNOMINDA,2024-01-09,SAME_SYMBOL_LOCKOUT
UPPER|BHARTIARTL|2024-01-10,BHARTIARTL,2024-01-10,SAME_SYMBOL_LOCKOUT
UPPER|CROMPTON|2024-01-10,CROMPTON,2024-01-10,SAME_SYMBOL_LOCKOUT
UPPER|ETERNAL|2024-01-10,ETERNAL,2024-01-10,SAME_SYMBOL_LOCKOUT
UPPER|GRINDWELL|2024-01-10,GRINDWELL,2024-01-10,SAME_SYMBOL_LOCKOUT
UPPER|MOTHERSON|2024-01-10,MOTHERSON,2024-01-10,SAME_SYMBOL_LOCKOUT
UPPER|UNITDSPR|2024-01-10,UNITDSPR,2024-01-10,SAME_SYMBOL_LOCKOUT
UPPER|VIJAYA|2024-01-10,VIJAYA,2024-01-10,SAME_SYMBOL_LOCKOUT
UPPER|ABB|2024-01-11,ABB,2024-01-11,SAME_SYMBOL_LOCKOUT
UPPER|BHARATFORG|2024-01-11,BHARATFORG,2024-01-11,SAME_SYMBOL_LOCKOUT
UPPER|BHARTIARTL|2024-01-11,BHARTIARTL,2024-01-11,SAME_SYMBOL_LOCKOUT
UPPER|CIPLA|2024-01-11,CIPLA,2024-01-11,SAME_SYMBOL_LOCKOUT
UPPER|GRAPHITE|2024-01-11,GRAPHITE,2024-01-11,SAME_SYMBOL_LOCKOUT
UPPER|IRCON|2024-01-11,IRCON,2024-01-11,SAME_SYMBOL_LOCKOUT
UPPER|LEMONTREE|2024-01-11,LEMONTREE,2024-01-11,SAME_SYMBOL_LOCKOUT
UPPER|LTTS|2024-01-11,LTTS,2024-01-11,SAME_SYMBOL_LOCKOUT
UPPER|MOTHERSON|2024-01-11,MOTHERSON,2024-01-11,SAME_SYMBOL_LOCKOUT
UPPER|PETRONET|2024-01-11,PETRONET,2024-01-11,SAME_SYMBOL_LOCKOUT
UPPER|QUESS|2024-01-11,QUESS,2024-01-11,SAME_SYMBOL_LOCKOUT
UPPER|RITES|2024-01-11,RITES,2024-01-11,SAME_SYMBOL_LOCKOUT
UPPER|UNOMINDA|2024-01-11,UNOMINDA,2024-01-11,SAME_SYMBOL_LOCKOUT
UPPER|VIJAYA|2024-01-11,VIJAYA,2024-01-11,SAME_SYMBOL_LOCKOUT
UPPER|BBTC|2024-01-12,BBTC,2024-01-12,SAME_SYMBOL_LOCKOUT
UPPER|BIKAJI|2024-01-12,BIKAJI,2024-01-12,SAME_SYMBOL_LOCKOUT
UPPER|BOSCHLTD|2024-01-12,BOSCHLTD,2024-01-12,SAME_SYMBOL_LOCKOUT
UPPER|CEATLTD|2024-01-12,CEATLTD,2024-01-12,SAME_SYMBOL_LOCKOUT
UPPER|FINPIPE|2024-01-12,FINPIPE,2024-01-12,SAME_SYMBOL_LOCKOUT
UPPER|MAXHEALTH|2024-01-12,MAXHEALTH,2024-01-12,SAME_SYMBOL_LOCKOUT
UPPER|PNCINFRA|2024-01-12,PNCINFRA,2024-01-12,SAME_SYMBOL_LOCKOUT
UPPER|RITES|2024-01-12,RITES,2024-01-12,SAME_SYMBOL_LOCKOUT
UPPER|TANLA|2024-01-12,TANLA,2024-01-12,SAME_SYMBOL_LOCKOUT
UPPER|TEAMLEASE|2024-01-12,TEAMLEASE,2024-01-12,SAME_SYMBOL_LOCKOUT
UPPER|APOLLOHOSP|2024-01-15,APOLLOHOSP,2024-01-15,SAME_SYMBOL_LOCKOUT
UPPER|CENTRALBK|2024-01-15,CENTRALBK,2024-01-15,SAME_SYMBOL_LOCKOUT
UPPER|CROMPTON|2024-01-15,CROMPTON,2024-01-15,SAME_SYMBOL_LOCKOUT
UPPER|ECLERX|2024-01-15,ECLERX,2024-01-15,SAME_SYMBOL_LOCKOUT
UPPER|FINPIPE|2024-01-15,FINPIPE,2024-01-15,SAME_SYMBOL_LOCKOUT
UPPER|GLENMARK|2024-01-15,GLENMARK,2024-01-15,SAME_SYMBOL_LOCKOUT
UPPER|GPPL|2024-01-15,GPPL,2024-01-15,SAME_SYMBOL_LOCKOUT
UPPER|LT|2024-01-15,LT,2024-01-15,SAME_SYMBOL_LOCKOUT
UPPER|LTTS|2024-01-15,LTTS,2024-01-15,SAME_SYMBOL_LOCKOUT
UPPER|MAHLIFE|2024-01-15,MAHLIFE,2024-01-15,SAME_SYMBOL_LOCKOUT
UPPER|RITES|2024-01-15,RITES,2024-01-15,SAME_SYMBOL_LOCKOUT
UPPER|APOLLOHOSP|2024-01-16,APOLLOHOSP,2024-01-16,SAME_SYMBOL_LOCKOUT
UPPER|BAYERCROP|2024-01-16,BAYERCROP,2024-01-16,SAME_SYMBOL_LOCKOUT
UPPER|CENTRALBK|2024-01-16,CENTRALBK,2024-01-16,SAME_SYMBOL_LOCKOUT
UPPER|CHOLAFIN|2024-01-16,CHOLAFIN,2024-01-16,SAME_SYMBOL_LOCKOUT
UPPER|INDHOTEL|2024-01-16,INDHOTEL,2024-01-16,SAME_SYMBOL_LOCKOUT
UPPER|JKPAPER|2024-01-16,JKPAPER,2024-01-16,SAME_SYMBOL_LOCKOUT
UPPER|MGL|2024-01-16,MGL,2024-01-16,SAME_SYMBOL_LOCKOUT
UPPER|PNCINFRA|2024-01-16,PNCINFRA,2024-01-16,SAME_SYMBOL_LOCKOUT
UPPER|SCHAEFFLER|2024-01-16,SCHAEFFLER,2024-01-16,SAME_SYMBOL_LOCKOUT
UPPER|APOLLOHOSP|2024-01-17,APOLLOHOSP,2024-01-17,SAME_SYMBOL_LOCKOUT
UPPER|APTUS|2024-01-17,APTUS,2024-01-17,SAME_SYMBOL_LOCKOUT
UPPER|BAYERCROP|2024-01-17,BAYERCROP,2024-01-17,SAME_SYMBOL_LOCKOUT
UPPER|CEATLTD|2024-01-17,CEATLTD,2024-01-17,SAME_SYMBOL_LOCKOUT
UPPER|IRCON|2024-01-17,IRCON,2024-01-17,SAME_SYMBOL_LOCKOUT
UPPER|MASTEK|2024-01-17,MASTEK,2024-01-17,SAME_SYMBOL_LOCKOUT
UPPER|POLICYBZR|2024-01-17,POLICYBZR,2024-01-17,SAME_SYMBOL_LOCKOUT
UPPER|AMBER|2024-01-18,AMBER,2024-01-18,SAME_SYMBOL_LOCKOUT
UPPER|CEATLTD|2024-01-18,CEATLTD,2024-01-18,SAME_SYMBOL_LOCKOUT
UPPER|MAHABANK|2024-01-18,MAHABANK,2024-01-18,SAME_SYMBOL_LOCKOUT
UPPER|MASTEK|2024-01-18,MASTEK,2024-01-18,SAME_SYMBOL_LOCKOUT
UPPER|MINDACORP|2024-01-18,MINDACORP,2024-01-18,SAME_SYMBOL_LOCKOUT
UPPER|BANKINDIA|2024-01-19,BANKINDIA,2024-01-19,SAME_SYMBOL_LOCKOUT
UPPER|BLUESTARCO|2024-01-19,BLUESTARCO,2024-01-19,SAME_SYMBOL_LOCKOUT
UPPER|LUPIN|2024-01-19,LUPIN,2024-01-19,SAME_SYMBOL_LOCKOUT
UPPER|MAHABANK|2024-01-19,MAHABANK,2024-01-19,SAME_SYMBOL_LOCKOUT
UPPER|POLICYBZR|2024-01-19,POLICYBZR,2024-01-19,SAME_SYMBOL_LOCKOUT
UPPER|TIMKEN|2024-01-19,TIMKEN,2024-01-19,SAME_SYMBOL_LOCKOUT
UPPER|BALKRISIND|2024-01-23,BALKRISIND,2024-01-23,SAME_SYMBOL_LOCKOUT
UPPER|CENTRALBK|2024-01-23,CENTRALBK,2024-01-23,SAME_SYMBOL_LOCKOUT
UPPER|INFY|2024-01-23,INFY,2024-01-23,SAME_SYMBOL_LOCKOUT
UPPER|JSWENERGY|2024-01-23,JSWENERGY,2024-01-23,SAME_SYMBOL_LOCKOUT
UPPER|LEMONTREE|2024-01-23,LEMONTREE,2024-01-23,SAME_SYMBOL_LOCKOUT
UPPER|MAHABANK|2024-01-23,MAHABANK,2024-01-23,SAME_SYMBOL_LOCKOUT
UPPER|PNBHOUSING|2024-01-23,PNBHOUSING,2024-01-23,SAME_SYMBOL_LOCKOUT
UPPER|POLICYBZR|2024-01-23,POLICYBZR,2024-01-23,SAME_SYMBOL_LOCKOUT
UPPER|TIINDIA|2024-01-23,TIINDIA,2024-01-23,SAME_SYMBOL_LOCKOUT
UPPER|UCOBANK|2024-01-23,UCOBANK,2024-01-23,SAME_SYMBOL_LOCKOUT
UPPER|VAIBHAVGBL|2024-01-23,VAIBHAVGBL,2024-01-23,SAME_SYMBOL_LOCKOUT
UPPER|AARTIDRUGS|2024-01-24,AARTIDRUGS,2024-01-24,SAME_SYMBOL_LOCKOUT
UPPER|AIAENG|2024-01-24,AIAENG,2024-01-24,SAME_SYMBOL_LOCKOUT
UPPER|BLUESTARCO|2024-01-24,BLUESTARCO,2024-01-24,SAME_SYMBOL_LOCKOUT
UPPER|KIMS|2024-01-24,KIMS,2024-01-24,SAME_SYMBOL_LOCKOUT
UPPER|TIINDIA|2024-01-24,TIINDIA,2024-01-24,SAME_SYMBOL_LOCKOUT
UPPER|UNITDSPR|2024-01-24,UNITDSPR,2024-01-24,SAME_SYMBOL_LOCKOUT
UPPER|VAIBHAVGBL|2024-01-24,VAIBHAVGBL,2024-01-24,SAME_SYMBOL_LOCKOUT
UPPER|AIAENG|2024-01-25,AIAENG,2024-01-25,SAME_SYMBOL_LOCKOUT
UPPER|HONAUT|2024-01-25,HONAUT,2024-01-25,SAME_SYMBOL_LOCKOUT
UPPER|INDIANB|2024-01-25,INDIANB,2024-01-25,SAME_SYMBOL_LOCKOUT
UPPER|MINDACORP|2024-01-25,MINDACORP,2024-01-25,SAME_SYMBOL_LOCKOUT
UPPER|NATCOPHARM|2024-01-25,NATCOPHARM,2024-01-25,SAME_SYMBOL_LOCKOUT
UPPER|PNBHOUSING|2024-01-25,PNBHOUSING,2024-01-25,SAME_SYMBOL_LOCKOUT
UPPER|VAIBHAVGBL|2024-01-25,VAIBHAVGBL,2024-01-25,SAME_SYMBOL_LOCKOUT
UPPER|CENTRALBK|2024-01-29,CENTRALBK,2024-01-29,SAME_SYMBOL_LOCKOUT
UPPER|JKPAPER|2024-01-29,JKPAPER,2024-01-29,SAME_SYMBOL_LOCKOUT
UPPER|MANAPPURAM|2024-01-29,MANAPPURAM,2024-01-29,SAME_SYMBOL_LOCKOUT
UPPER|MINDACORP|2024-01-29,MINDACORP,2024-01-29,SAME_SYMBOL_LOCKOUT
UPPER|DELHIVERY|2024-01-30,DELHIVERY,2024-01-30,SAME_SYMBOL_LOCKOUT
UPPER|ICICIGI|2024-01-30,ICICIGI,2024-01-30,SAME_SYMBOL_LOCKOUT
UPPER|JKPAPER|2024-01-30,JKPAPER,2024-01-30,SAME_SYMBOL_LOCKOUT
UPPER|NATCOPHARM|2024-01-30,NATCOPHARM,2024-01-30,SAME_SYMBOL_LOCKOUT
UPPER|UCOBANK|2024-01-30,UCOBANK,2024-01-30,SAME_SYMBOL_LOCKOUT
UPPER|APARINDS|2024-01-31,APARINDS,2024-01-31,SAME_SYMBOL_LOCKOUT
UPPER|BBTC|2024-01-31,BBTC,2024-01-31,SAME_SYMBOL_LOCKOUT
UPPER|ETERNAL|2024-01-31,ETERNAL,2024-01-31,SAME_SYMBOL_LOCKOUT
UPPER|IOB|2024-01-31,IOB,2024-01-31,SAME_SYMBOL_LOCKOUT
UPPER|KSB|2024-01-31,KSB,2024-01-31,SAME_SYMBOL_LOCKOUT
UPPER|MINDACORP|2024-01-31,MINDACORP,2024-01-31,SAME_SYMBOL_LOCKOUT
UPPER|NATCOPHARM|2024-01-31,NATCOPHARM,2024-01-31,SAME_SYMBOL_LOCKOUT
UPPER|BBTC|2024-02-01,BBTC,2024-02-01,SAME_SYMBOL_LOCKOUT
UPPER|ETERNAL|2024-02-01,ETERNAL,2024-02-01,SAME_SYMBOL_LOCKOUT
UPPER|USHAMART|2024-02-01,USHAMART,2024-02-01,SAME_SYMBOL_LOCKOUT
UPPER|BBTC|2024-02-02,BBTC,2024-02-02,SAME_SYMBOL_LOCKOUT
UPPER|DELHIVERY|2024-02-02,DELHIVERY,2024-02-02,SAME_SYMBOL_LOCKOUT
UPPER|HONAUT|2024-02-02,HONAUT,2024-02-02,SAME_SYMBOL_LOCKOUT
UPPER|ICICIGI|2024-02-02,ICICIGI,2024-02-02,SAME_SYMBOL_LOCKOUT
UPPER|JAMNAAUTO|2024-02-02,JAMNAAUTO,2024-02-02,SAME_SYMBOL_LOCKOUT
UPPER|DELHIVERY|2024-02-05,DELHIVERY,2024-02-05,SAME_SYMBOL_LOCKOUT
UPPER|IGL|2024-02-05,IGL,2024-02-05,SAME_SYMBOL_LOCKOUT
UPPER|JAMNAAUTO|2024-02-05,JAMNAAUTO,2024-02-05,SAME_SYMBOL_LOCKOUT
UPPER|KSB|2024-02-05,KSB,2024-02-05,SAME_SYMBOL_LOCKOUT
UPPER|VARROC|2024-02-05,VARROC,2024-02-05,SAME_SYMBOL_LOCKOUT
UPPER|AARTIDRUGS|2024-02-06,AARTIDRUGS,2024-02-06,SAME_SYMBOL_LOCKOUT
UPPER|ABFRL|2024-02-06,ABFRL,2024-02-06,SAME_SYMBOL_LOCKOUT
UPPER|BBTC|2024-02-06,BBTC,2024-02-06,SAME_SYMBOL_LOCKOUT
UPPER|JSL|2024-02-06,JSL,2024-02-06,SAME_SYMBOL_LOCKOUT
UPPER|PHOENIXLTD|2024-02-06,PHOENIXLTD,2024-02-06,SAME_SYMBOL_LOCKOUT
UPPER|RAIN|2024-02-06,RAIN,2024-02-06,SAME_SYMBOL_LOCKOUT
UPPER|RALLIS|2024-02-06,RALLIS,2024-02-06,SAME_SYMBOL_LOCKOUT
UPPER|APARINDS|2024-02-07,APARINDS,2024-02-07,SAME_SYMBOL_LOCKOUT
UPPER|BBTC|2024-02-07,BBTC,2024-02-07,SAME_SYMBOL_LOCKOUT
UPPER|GRANULES|2024-02-07,GRANULES,2024-02-07,SAME_SYMBOL_LOCKOUT
UPPER|HEG|2024-02-07,HEG,2024-02-07,SAME_SYMBOL_LOCKOUT
UPPER|IGL|2024-02-07,IGL,2024-02-07,SAME_SYMBOL_LOCKOUT
UPPER|JSL|2024-02-07,JSL,2024-02-07,SAME_SYMBOL_LOCKOUT
UPPER|KSB|2024-02-07,KSB,2024-02-07,SAME_SYMBOL_LOCKOUT
UPPER|THERMAX|2024-02-07,THERMAX,2024-02-07,SAME_SYMBOL_LOCKOUT
UPPER|ABCAPITAL|2024-02-08,ABCAPITAL,2024-02-08,SAME_SYMBOL_LOCKOUT
UPPER|ABFRL|2024-02-08,ABFRL,2024-02-08,SAME_SYMBOL_LOCKOUT
UPPER|APARINDS|2024-02-08,APARINDS,2024-02-08,SAME_SYMBOL_LOCKOUT
UPPER|DRREDDY|2024-02-08,DRREDDY,2024-02-08,SAME_SYMBOL_LOCKOUT
UPPER|EASEMYTRIP|2024-02-08,EASEMYTRIP,2024-02-08,SAME_SYMBOL_LOCKOUT
UPPER|ETERNAL|2024-02-08,ETERNAL,2024-02-08,SAME_SYMBOL_LOCKOUT
UPPER|JINDALSAW|2024-02-08,JINDALSAW,2024-02-08,SAME_SYMBOL_LOCKOUT
UPPER|MANAPPURAM|2024-02-08,MANAPPURAM,2024-02-08,SAME_SYMBOL_LOCKOUT
UPPER|SUNDARMFIN|2024-02-08,SUNDARMFIN,2024-02-08,SAME_SYMBOL_LOCKOUT
UPPER|THERMAX|2024-02-08,THERMAX,2024-02-08,SAME_SYMBOL_LOCKOUT
UPPER|AARTIDRUGS|2024-02-09,AARTIDRUGS,2024-02-09,SAME_SYMBOL_LOCKOUT
UPPER|BAJAJHLDNG|2024-02-09,BAJAJHLDNG,2024-02-09,SAME_SYMBOL_LOCKOUT
UPPER|CDSL|2024-02-09,CDSL,2024-02-09,SAME_SYMBOL_LOCKOUT
UPPER|EASEMYTRIP|2024-02-09,EASEMYTRIP,2024-02-09,SAME_SYMBOL_LOCKOUT
UPPER|HONAUT|2024-02-09,HONAUT,2024-02-09,SAME_SYMBOL_LOCKOUT
UPPER|KIMS|2024-02-09,KIMS,2024-02-09,SAME_SYMBOL_LOCKOUT
UPPER|JSWENERGY|2024-02-12,JSWENERGY,2024-02-12,SAME_SYMBOL_LOCKOUT
UPPER|KPITTECH|2024-02-12,KPITTECH,2024-02-12,SAME_SYMBOL_LOCKOUT
UPPER|NAUKRI|2024-02-12,NAUKRI,2024-02-12,SAME_SYMBOL_LOCKOUT
UPPER|BAJAJHLDNG|2024-02-13,BAJAJHLDNG,2024-02-13,SAME_SYMBOL_LOCKOUT
UPPER|BBTC|2024-02-13,BBTC,2024-02-13,SAME_SYMBOL_LOCKOUT
UPPER|KIMS|2024-02-13,KIMS,2024-02-13,SAME_SYMBOL_LOCKOUT
UPPER|BAJAJHLDNG|2024-02-14,BAJAJHLDNG,2024-02-14,SAME_SYMBOL_LOCKOUT
UPPER|NATCOPHARM|2024-02-14,NATCOPHARM,2024-02-14,SAME_SYMBOL_LOCKOUT
UPPER|ETERNAL|2024-02-15,ETERNAL,2024-02-15,SAME_SYMBOL_LOCKOUT
UPPER|KEC|2024-02-15,KEC,2024-02-15,SAME_SYMBOL_LOCKOUT
UPPER|NATCOPHARM|2024-02-15,NATCOPHARM,2024-02-15,SAME_SYMBOL_LOCKOUT
UPPER|AARTIIND|2024-02-16,AARTIIND,2024-02-16,SAME_SYMBOL_LOCKOUT
UPPER|BAJAJHLDNG|2024-02-16,BAJAJHLDNG,2024-02-16,SAME_SYMBOL_LOCKOUT
UPPER|ETERNAL|2024-02-16,ETERNAL,2024-02-16,SAME_SYMBOL_LOCKOUT
UPPER|JSL|2024-02-16,JSL,2024-02-16,SAME_SYMBOL_LOCKOUT
UPPER|MINDACORP|2024-02-16,MINDACORP,2024-02-16,SAME_SYMBOL_LOCKOUT
UPPER|MSUMI|2024-02-16,MSUMI,2024-02-16,SAME_SYMBOL_LOCKOUT
UPPER|SUNDARMFIN|2024-02-16,SUNDARMFIN,2024-02-16,SAME_SYMBOL_LOCKOUT
UPPER|SYNGENE|2024-02-16,SYNGENE,2024-02-16,SAME_SYMBOL_LOCKOUT
UPPER|CIPLA|2024-02-20,CIPLA,2024-02-20,SAME_SYMBOL_LOCKOUT
UPPER|DRREDDY|2024-02-20,DRREDDY,2024-02-20,SAME_SYMBOL_LOCKOUT
UPPER|GRASIM|2024-02-20,GRASIM,2024-02-20,SAME_SYMBOL_LOCKOUT
UPPER|JSL|2024-02-20,JSL,2024-02-20,SAME_SYMBOL_LOCKOUT
UPPER|KSB|2024-02-20,KSB,2024-02-20,SAME_SYMBOL_LOCKOUT
UPPER|MINDACORP|2024-02-20,MINDACORP,2024-02-20,SAME_SYMBOL_LOCKOUT
UPPER|PHOENIXLTD|2024-02-20,PHOENIXLTD,2024-02-20,SAME_SYMBOL_LOCKOUT
UPPER|UNITDSPR|2024-02-20,UNITDSPR,2024-02-20,SAME_SYMBOL_LOCKOUT
UPPER|CAMS|2024-02-21,CAMS,2024-02-21,SAME_SYMBOL_LOCKOUT
UPPER|QUESS|2024-02-21,QUESS,2024-02-21,SAME_SYMBOL_LOCKOUT
UPPER|SAREGAMA|2024-02-21,SAREGAMA,2024-02-21,SAME_SYMBOL_LOCKOUT
UPPER|SBILIFE|2024-02-21,SBILIFE,2024-02-21,SAME_SYMBOL_LOCKOUT
UPPER|GRASIM|2024-02-22,GRASIM,2024-02-22,SAME_SYMBOL_LOCKOUT
UPPER|ICICIBANK|2024-02-22,ICICIBANK,2024-02-22,SAME_SYMBOL_LOCKOUT
UPPER|JSL|2024-02-22,JSL,2024-02-22,SAME_SYMBOL_LOCKOUT
UPPER|UNITDSPR|2024-02-22,UNITDSPR,2024-02-22,SAME_SYMBOL_LOCKOUT
UPPER|CIPLA|2024-02-23,CIPLA,2024-02-23,SAME_SYMBOL_LOCKOUT
UPPER|DRREDDY|2024-02-23,DRREDDY,2024-02-23,SAME_SYMBOL_LOCKOUT
UPPER|ICICIBANK|2024-02-23,ICICIBANK,2024-02-23,SAME_SYMBOL_LOCKOUT
UPPER|MARUTI|2024-02-23,MARUTI,2024-02-23,SAME_SYMBOL_LOCKOUT
UPPER|TATACOMM|2024-02-23,TATACOMM,2024-02-23,SAME_SYMBOL_LOCKOUT
UPPER|ABCAPITAL|2024-02-26,ABCAPITAL,2024-02-26,SAME_SYMBOL_LOCKOUT
UPPER|CAMS|2024-02-26,CAMS,2024-02-26,SAME_SYMBOL_LOCKOUT
UPPER|SAREGAMA|2024-02-26,SAREGAMA,2024-02-26,SAME_SYMBOL_LOCKOUT
UPPER|ASTRAL|2024-02-27,ASTRAL,2024-02-27,SAME_SYMBOL_LOCKOUT
UPPER|BAJAJHLDNG|2024-02-27,BAJAJHLDNG,2024-02-27,SAME_SYMBOL_LOCKOUT
UPPER|CAMS|2024-02-27,CAMS,2024-02-27,SAME_SYMBOL_LOCKOUT
UPPER|JSL|2024-02-27,JSL,2024-02-27,SAME_SYMBOL_LOCKOUT
UPPER|SAREGAMA|2024-02-27,SAREGAMA,2024-02-27,SAME_SYMBOL_LOCKOUT
UPPER|SBILIFE|2024-02-27,SBILIFE,2024-02-27,SAME_SYMBOL_LOCKOUT
UPPER|SONATSOFTW|2024-02-27,SONATSOFTW,2024-02-27,SAME_SYMBOL_LOCKOUT
UPPER|VGUARD|2024-02-27,VGUARD,2024-02-27,SAME_SYMBOL_LOCKOUT
UPPER|ABB|2024-02-28,ABB,2024-02-28,SAME_SYMBOL_LOCKOUT
UPPER|CAMS|2024-02-28,CAMS,2024-02-28,SAME_SYMBOL_LOCKOUT
UPPER|SAPPHIRE|2024-02-28,SAPPHIRE,2024-02-28,SAME_SYMBOL_LOCKOUT
UPPER|TATACOMM|2024-02-28,TATACOMM,2024-02-28,SAME_SYMBOL_LOCKOUT
UPPER|SONACOMS|2024-02-29,SONACOMS,2024-02-29,SAME_SYMBOL_LOCKOUT
UPPER|TATACOMM|2024-02-29,TATACOMM,2024-02-29,SAME_SYMBOL_LOCKOUT
UPPER|TRITURBINE|2024-02-29,TRITURBINE,2024-02-29,SAME_SYMBOL_LOCKOUT
UPPER|SBILIFE|2024-03-01,SBILIFE,2024-03-01,SAME_SYMBOL_LOCKOUT
UPPER|TATACOMM|2024-03-01,TATACOMM,2024-03-01,SAME_SYMBOL_LOCKOUT
UPPER|TRITURBINE|2024-03-01,TRITURBINE,2024-03-01,SAME_SYMBOL_LOCKOUT
UPPER|UNITDSPR|2024-03-01,UNITDSPR,2024-03-01,SAME_SYMBOL_LOCKOUT
UPPER|GRASIM|2024-03-04,GRASIM,2024-03-04,SAME_SYMBOL_LOCKOUT
UPPER|KALYANKJIL|2024-03-04,KALYANKJIL,2024-03-04,SAME_SYMBOL_LOCKOUT
UPPER|TRITURBINE|2024-03-04,TRITURBINE,2024-03-04,SAME_SYMBOL_LOCKOUT
UPPER|ASTRAL|2024-03-05,ASTRAL,2024-03-05,SAME_SYMBOL_LOCKOUT
UPPER|ICICIBANK|2024-03-05,ICICIBANK,2024-03-05,SAME_SYMBOL_LOCKOUT
UPPER|JAMNAAUTO|2024-03-05,JAMNAAUTO,2024-03-05,SAME_SYMBOL_LOCKOUT
UPPER|MARUTI|2024-03-05,MARUTI,2024-03-05,SAME_SYMBOL_LOCKOUT
UPPER|DIXON|2024-03-06,DIXON,2024-03-06,SAME_SYMBOL_LOCKOUT
UPPER|ICICIBANK|2024-03-06,ICICIBANK,2024-03-06,SAME_SYMBOL_LOCKOUT
UPPER|VEDL|2024-03-06,VEDL,2024-03-06,SAME_SYMBOL_LOCKOUT
UPPER|DIXON|2024-03-07,DIXON,2024-03-07,SAME_SYMBOL_LOCKOUT
UPPER|TATACOMM|2024-03-07,TATACOMM,2024-03-07,SAME_SYMBOL_LOCKOUT
UPPER|TVSMOTOR|2024-03-07,TVSMOTOR,2024-03-07,SAME_SYMBOL_LOCKOUT
UPPER|GLENMARK|2024-03-11,GLENMARK,2024-03-11,SAME_SYMBOL_LOCKOUT
UPPER|KALYANKJIL|2024-03-11,KALYANKJIL,2024-03-11,SAME_SYMBOL_LOCKOUT
UPPER|LODHA|2024-03-11,LODHA,2024-03-11,SAME_SYMBOL_LOCKOUT
UPPER|SOLARINDS|2024-03-11,SOLARINDS,2024-03-11,SAME_SYMBOL_LOCKOUT
UPPER|VGUARD|2024-03-11,VGUARD,2024-03-11,SAME_SYMBOL_LOCKOUT
UPPER|COLPAL|2024-03-13,COLPAL,2024-03-13,SAME_SYMBOL_LOCKOUT
UPPER|SOLARINDS|2024-03-18,SOLARINDS,2024-03-18,SAME_SYMBOL_LOCKOUT
UPPER|TCS|2024-03-18,TCS,2024-03-18,SAME_SYMBOL_LOCKOUT
UPPER|INDIGO|2024-03-19,INDIGO,2024-03-19,SAME_SYMBOL_LOCKOUT
UPPER|LINDEINDIA|2024-03-19,LINDEINDIA,2024-03-19,SAME_SYMBOL_LOCKOUT
UPPER|INDUSTOWER|2024-03-22,INDUSTOWER,2024-03-22,SAME_SYMBOL_LOCKOUT
UPPER|KEI|2024-03-22,KEI,2024-03-22,SAME_SYMBOL_LOCKOUT
UPPER|COLPAL|2024-03-26,COLPAL,2024-03-26,SAME_SYMBOL_LOCKOUT
UPPER|CRISIL|2024-03-26,CRISIL,2024-03-26,SAME_SYMBOL_LOCKOUT
UPPER|JINDALSTEL|2024-03-26,JINDALSTEL,2024-03-26,SAME_SYMBOL_LOCKOUT
UPPER|FINPIPE|2024-03-27,FINPIPE,2024-03-27,SAME_SYMBOL_LOCKOUT
UPPER|KEI|2024-03-27,KEI,2024-03-27,SAME_SYMBOL_LOCKOUT
UPPER|PIDILITIND|2024-03-27,PIDILITIND,2024-03-27,SAME_SYMBOL_LOCKOUT
UPPER|PIIND|2024-03-27,PIIND,2024-03-27,SAME_SYMBOL_LOCKOUT
UPPER|DMART|2024-03-28,DMART,2024-03-28,SAME_SYMBOL_LOCKOUT
UPPER|FINPIPE|2024-03-28,FINPIPE,2024-03-28,SAME_SYMBOL_LOCKOUT
UPPER|INDIGO|2024-03-28,INDIGO,2024-03-28,SAME_SYMBOL_LOCKOUT
UPPER|KPRMILL|2024-03-28,KPRMILL,2024-03-28,SAME_SYMBOL_LOCKOUT
UPPER|PIDILITIND|2024-03-28,PIDILITIND,2024-03-28,SAME_SYMBOL_LOCKOUT
UPPER|PIIND|2024-03-28,PIIND,2024-03-28,SAME_SYMBOL_LOCKOUT
UPPER|DMART|2024-04-01,DMART,2024-04-01,SAME_SYMBOL_LOCKOUT
UPPER|FINPIPE|2024-04-01,FINPIPE,2024-04-01,SAME_SYMBOL_LOCKOUT
UPPER|GPPL|2024-04-01,GPPL,2024-04-01,SAME_SYMBOL_LOCKOUT
UPPER|GRASIM|2024-04-01,GRASIM,2024-04-01,SAME_SYMBOL_LOCKOUT
UPPER|INDIGO|2024-04-01,INDIGO,2024-04-01,SAME_SYMBOL_LOCKOUT
UPPER|KEI|2024-04-01,KEI,2024-04-01,SAME_SYMBOL_LOCKOUT
UPPER|GRAPHITE|2024-04-02,GRAPHITE,2024-04-02,SAME_SYMBOL_LOCKOUT
UPPER|INDIGO|2024-04-02,INDIGO,2024-04-02,SAME_SYMBOL_LOCKOUT
UPPER|LINDEINDIA|2024-04-02,LINDEINDIA,2024-04-02,SAME_SYMBOL_LOCKOUT
UPPER|MFSL|2024-04-02,MFSL,2024-04-02,SAME_SYMBOL_LOCKOUT
UPPER|PIIND|2024-04-02,PIIND,2024-04-02,SAME_SYMBOL_LOCKOUT
UPPER|AMBUJACEM|2024-04-03,AMBUJACEM,2024-04-03,SAME_SYMBOL_LOCKOUT
UPPER|CARBORUNIV|2024-04-03,CARBORUNIV,2024-04-03,SAME_SYMBOL_LOCKOUT
UPPER|COLPAL|2024-04-03,COLPAL,2024-04-03,SAME_SYMBOL_LOCKOUT
UPPER|GRAPHITE|2024-04-03,GRAPHITE,2024-04-03,SAME_SYMBOL_LOCKOUT
UPPER|HINDCOPPER|2024-04-03,HINDCOPPER,2024-04-03,SAME_SYMBOL_LOCKOUT
UPPER|LATENTVIEW|2024-04-03,LATENTVIEW,2024-04-03,SAME_SYMBOL_LOCKOUT
UPPER|NUVAMA|2024-04-03,NUVAMA,2024-04-03,SAME_SYMBOL_LOCKOUT
UPPER|SAIL|2024-04-03,SAIL,2024-04-03,SAME_SYMBOL_LOCKOUT
UPPER|TATACOMM|2024-04-03,TATACOMM,2024-04-03,SAME_SYMBOL_LOCKOUT
UPPER|ABCAPITAL|2024-04-04,ABCAPITAL,2024-04-04,SAME_SYMBOL_LOCKOUT
UPPER|AMBUJACEM|2024-04-04,AMBUJACEM,2024-04-04,SAME_SYMBOL_LOCKOUT
UPPER|FINPIPE|2024-04-04,FINPIPE,2024-04-04,SAME_SYMBOL_LOCKOUT
UPPER|HAL|2024-04-04,HAL,2024-04-04,SAME_SYMBOL_LOCKOUT
UPPER|HINDCOPPER|2024-04-04,HINDCOPPER,2024-04-04,SAME_SYMBOL_LOCKOUT
UPPER|LAURUSLABS|2024-04-04,LAURUSLABS,2024-04-04,SAME_SYMBOL_LOCKOUT
UPPER|MFSL|2024-04-04,MFSL,2024-04-04,SAME_SYMBOL_LOCKOUT
UPPER|NUVAMA|2024-04-04,NUVAMA,2024-04-04,SAME_SYMBOL_LOCKOUT
UPPER|ZENSARTECH|2024-04-04,ZENSARTECH,2024-04-04,SAME_SYMBOL_LOCKOUT
UPPER|BEL|2024-04-05,BEL,2024-04-05,SAME_SYMBOL_LOCKOUT
UPPER|CUB|2024-04-05,CUB,2024-04-05,SAME_SYMBOL_LOCKOUT
UPPER|HEG|2024-04-05,HEG,2024-04-05,SAME_SYMBOL_LOCKOUT
UPPER|HINDCOPPER|2024-04-05,HINDCOPPER,2024-04-05,SAME_SYMBOL_LOCKOUT
UPPER|LATENTVIEW|2024-04-05,LATENTVIEW,2024-04-05,SAME_SYMBOL_LOCKOUT
UPPER|LLOYDSME|2024-04-05,LLOYDSME,2024-04-05,SAME_SYMBOL_LOCKOUT
UPPER|M&M|2024-04-05,M&M,2024-04-05,SAME_SYMBOL_LOCKOUT
UPPER|NATIONALUM|2024-04-05,NATIONALUM,2024-04-05,SAME_SYMBOL_LOCKOUT
UPPER|NUVAMA|2024-04-05,NUVAMA,2024-04-05,SAME_SYMBOL_LOCKOUT
UPPER|SUNDARMFIN|2024-04-05,SUNDARMFIN,2024-04-05,SAME_SYMBOL_LOCKOUT
UPPER|HEG|2024-04-08,HEG,2024-04-08,SAME_SYMBOL_LOCKOUT
UPPER|ICICIPRULI|2024-04-08,ICICIPRULI,2024-04-08,SAME_SYMBOL_LOCKOUT
UPPER|JINDALSTEL|2024-04-08,JINDALSTEL,2024-04-08,SAME_SYMBOL_LOCKOUT
UPPER|LATENTVIEW|2024-04-08,LATENTVIEW,2024-04-08,SAME_SYMBOL_LOCKOUT
UPPER|MFSL|2024-04-08,MFSL,2024-04-08,SAME_SYMBOL_LOCKOUT
UPPER|REDINGTON|2024-04-08,REDINGTON,2024-04-08,SAME_SYMBOL_LOCKOUT
UPPER|SHRIRAMFIN|2024-04-08,SHRIRAMFIN,2024-04-08,SAME_SYMBOL_LOCKOUT
UPPER|TATASTEEL|2024-04-08,TATASTEEL,2024-04-08,SAME_SYMBOL_LOCKOUT
UPPER|ZENSARTECH|2024-04-08,ZENSARTECH,2024-04-08,SAME_SYMBOL_LOCKOUT
UPPER|ASTERDM|2024-04-09,ASTERDM,2024-04-09,SAME_SYMBOL_LOCKOUT
UPPER|DOMS|2024-04-09,DOMS,2024-04-09,SAME_SYMBOL_LOCKOUT
UPPER|GRAPHITE|2024-04-09,GRAPHITE,2024-04-09,SAME_SYMBOL_LOCKOUT
UPPER|JINDALSTEL|2024-04-09,JINDALSTEL,2024-04-09,SAME_SYMBOL_LOCKOUT
UPPER|JUBLPHARMA|2024-04-09,JUBLPHARMA,2024-04-09,SAME_SYMBOL_LOCKOUT
UPPER|LAURUSLABS|2024-04-09,LAURUSLABS,2024-04-09,SAME_SYMBOL_LOCKOUT
UPPER|MFSL|2024-04-09,MFSL,2024-04-09,SAME_SYMBOL_LOCKOUT
UPPER|MUTHOOTFIN|2024-04-09,MUTHOOTFIN,2024-04-09,SAME_SYMBOL_LOCKOUT
UPPER|NTPC|2024-04-09,NTPC,2024-04-09,SAME_SYMBOL_LOCKOUT
UPPER|PIIND|2024-04-09,PIIND,2024-04-09,SAME_SYMBOL_LOCKOUT
UPPER|SAIL|2024-04-09,SAIL,2024-04-09,SAME_SYMBOL_LOCKOUT
UPPER|SHRIRAMFIN|2024-04-09,SHRIRAMFIN,2024-04-09,SAME_SYMBOL_LOCKOUT
UPPER|TATASTEEL|2024-04-09,TATASTEEL,2024-04-09,SAME_SYMBOL_LOCKOUT
UPPER|ABREL|2024-04-10,ABREL,2024-04-10,SAME_SYMBOL_LOCKOUT
UPPER|BEL|2024-04-10,BEL,2024-04-10,SAME_SYMBOL_LOCKOUT
UPPER|CASTROLIND|2024-04-10,CASTROLIND,2024-04-10,SAME_SYMBOL_LOCKOUT
UPPER|FINPIPE|2024-04-10,FINPIPE,2024-04-10,SAME_SYMBOL_LOCKOUT
UPPER|HAL|2024-04-10,HAL,2024-04-10,SAME_SYMBOL_LOCKOUT
UPPER|ICICIBANK|2024-04-10,ICICIBANK,2024-04-10,SAME_SYMBOL_LOCKOUT
UPPER|IPCALAB|2024-04-10,IPCALAB,2024-04-10,SAME_SYMBOL_LOCKOUT
UPPER|KEI|2024-04-10,KEI,2024-04-10,SAME_SYMBOL_LOCKOUT
UPPER|LAURUSLABS|2024-04-10,LAURUSLABS,2024-04-10,SAME_SYMBOL_LOCKOUT
UPPER|METROPOLIS|2024-04-10,METROPOLIS,2024-04-10,SAME_SYMBOL_LOCKOUT
UPPER|MFSL|2024-04-10,MFSL,2024-04-10,SAME_SYMBOL_LOCKOUT
UPPER|NTPC|2024-04-10,NTPC,2024-04-10,SAME_SYMBOL_LOCKOUT
UPPER|RAYMOND|2024-04-10,RAYMOND,2024-04-10,SAME_SYMBOL_LOCKOUT
UPPER|SAIL|2024-04-10,SAIL,2024-04-10,SAME_SYMBOL_LOCKOUT
UPPER|SRF|2024-04-10,SRF,2024-04-10,SAME_SYMBOL_LOCKOUT
UPPER|TATAPOWER|2024-04-10,TATAPOWER,2024-04-10,SAME_SYMBOL_LOCKOUT
UPPER|GLENMARK|2024-04-12,GLENMARK,2024-04-12,SAME_SYMBOL_LOCKOUT
UPPER|HEG|2024-04-12,HEG,2024-04-12,SAME_SYMBOL_LOCKOUT
UPPER|HINDCOPPER|2024-04-12,HINDCOPPER,2024-04-12,SAME_SYMBOL_LOCKOUT
UPPER|ICICIPRULI|2024-04-12,ICICIPRULI,2024-04-12,SAME_SYMBOL_LOCKOUT
UPPER|IPCALAB|2024-04-12,IPCALAB,2024-04-12,SAME_SYMBOL_LOCKOUT
UPPER|LLOYDSME|2024-04-12,LLOYDSME,2024-04-12,SAME_SYMBOL_LOCKOUT
UPPER|M&MFIN|2024-04-12,M&MFIN,2024-04-12,SAME_SYMBOL_LOCKOUT
UPPER|MFSL|2024-04-12,MFSL,2024-04-12,SAME_SYMBOL_LOCKOUT
UPPER|NTPC|2024-04-12,NTPC,2024-04-12,SAME_SYMBOL_LOCKOUT
UPPER|PHOENIXLTD|2024-04-12,PHOENIXLTD,2024-04-12,SAME_SYMBOL_LOCKOUT
UPPER|SAIL|2024-04-12,SAIL,2024-04-12,SAME_SYMBOL_LOCKOUT
UPPER|TATAPOWER|2024-04-12,TATAPOWER,2024-04-12,SAME_SYMBOL_LOCKOUT
UPPER|WHIRLPOOL|2024-04-12,WHIRLPOOL,2024-04-12,SAME_SYMBOL_LOCKOUT
UPPER|HAL|2024-04-15,HAL,2024-04-15,SAME_SYMBOL_LOCKOUT
UPPER|HEG|2024-04-15,HEG,2024-04-15,SAME_SYMBOL_LOCKOUT
UPPER|IGL|2024-04-15,IGL,2024-04-15,SAME_SYMBOL_LOCKOUT
UPPER|SAIL|2024-04-15,SAIL,2024-04-15,SAME_SYMBOL_LOCKOUT
UPPER|AARTIIND|2024-04-16,AARTIIND,2024-04-16,SAME_SYMBOL_LOCKOUT
UPPER|ABCAPITAL|2024-04-16,ABCAPITAL,2024-04-16,SAME_SYMBOL_LOCKOUT
UPPER|DOMS|2024-04-16,DOMS,2024-04-16,SAME_SYMBOL_LOCKOUT
UPPER|EICHERMOT|2024-04-16,EICHERMOT,2024-04-16,SAME_SYMBOL_LOCKOUT
UPPER|GAIL|2024-04-16,GAIL,2024-04-16,SAME_SYMBOL_LOCKOUT
UPPER|IPCALAB|2024-04-16,IPCALAB,2024-04-16,SAME_SYMBOL_LOCKOUT
UPPER|PHOENIXLTD|2024-04-16,PHOENIXLTD,2024-04-16,SAME_SYMBOL_LOCKOUT
UPPER|AARTIIND|2024-04-18,AARTIIND,2024-04-18,SAME_SYMBOL_LOCKOUT
UPPER|AEGISLOG|2024-04-18,AEGISLOG,2024-04-18,SAME_SYMBOL_LOCKOUT
UPPER|CESC|2024-04-18,CESC,2024-04-18,SAME_SYMBOL_LOCKOUT
UPPER|EICHERMOT|2024-04-18,EICHERMOT,2024-04-18,SAME_SYMBOL_LOCKOUT
UPPER|ESCORTS|2024-04-18,ESCORTS,2024-04-18,SAME_SYMBOL_LOCKOUT
UPPER|GAIL|2024-04-18,GAIL,2024-04-18,SAME_SYMBOL_LOCKOUT
UPPER|GRAPHITE|2024-04-18,GRAPHITE,2024-04-18,SAME_SYMBOL_LOCKOUT
UPPER|HAL|2024-04-18,HAL,2024-04-18,SAME_SYMBOL_LOCKOUT
UPPER|HEG|2024-04-18,HEG,2024-04-18,SAME_SYMBOL_LOCKOUT
UPPER|IPCALAB|2024-04-18,IPCALAB,2024-04-18,SAME_SYMBOL_LOCKOUT
UPPER|JINDALSTEL|2024-04-18,JINDALSTEL,2024-04-18,SAME_SYMBOL_LOCKOUT
UPPER|MANKIND|2024-04-18,MANKIND,2024-04-18,SAME_SYMBOL_LOCKOUT
UPPER|NMDC|2024-04-18,NMDC,2024-04-18,SAME_SYMBOL_LOCKOUT
UPPER|PHOENIXLTD|2024-04-18,PHOENIXLTD,2024-04-18,SAME_SYMBOL_LOCKOUT
UPPER|NAM-INDIA|2024-04-19,NAM-INDIA,2024-04-19,SAME_SYMBOL_LOCKOUT
UPPER|WHIRLPOOL|2024-04-19,WHIRLPOOL,2024-04-19,SAME_SYMBOL_LOCKOUT
UPPER|ABREL|2024-04-22,ABREL,2024-04-22,SAME_SYMBOL_LOCKOUT
UPPER|DOMS|2024-04-22,DOMS,2024-04-22,SAME_SYMBOL_LOCKOUT
UPPER|JINDALSTEL|2024-04-22,JINDALSTEL,2024-04-22,SAME_SYMBOL_LOCKOUT
UPPER|NATIONALUM|2024-04-22,NATIONALUM,2024-04-22,SAME_SYMBOL_LOCKOUT
UPPER|QUESS|2024-04-22,QUESS,2024-04-22,SAME_SYMBOL_LOCKOUT
UPPER|SAREGAMA|2024-04-22,SAREGAMA,2024-04-22,SAME_SYMBOL_LOCKOUT
UPPER|VOLTAS|2024-04-22,VOLTAS,2024-04-22,SAME_SYMBOL_LOCKOUT
UPPER|CESC|2024-04-23,CESC,2024-04-23,SAME_SYMBOL_LOCKOUT
UPPER|DOMS|2024-04-23,DOMS,2024-04-23,SAME_SYMBOL_LOCKOUT
UPPER|HAL|2024-04-23,HAL,2024-04-23,SAME_SYMBOL_LOCKOUT
UPPER|JSL|2024-04-23,JSL,2024-04-23,SAME_SYMBOL_LOCKOUT
UPPER|KEI|2024-04-23,KEI,2024-04-23,SAME_SYMBOL_LOCKOUT
UPPER|LLOYDSME|2024-04-23,LLOYDSME,2024-04-23,SAME_SYMBOL_LOCKOUT
UPPER|MAHLIFE|2024-04-23,MAHLIFE,2024-04-23,SAME_SYMBOL_LOCKOUT
UPPER|MANKIND|2024-04-23,MANKIND,2024-04-23,SAME_SYMBOL_LOCKOUT
UPPER|MFSL|2024-04-23,MFSL,2024-04-23,SAME_SYMBOL_LOCKOUT
UPPER|NAM-INDIA|2024-04-23,NAM-INDIA,2024-04-23,SAME_SYMBOL_LOCKOUT
UPPER|QUESS|2024-04-23,QUESS,2024-04-23,SAME_SYMBOL_LOCKOUT
UPPER|ABCAPITAL|2024-04-24,ABCAPITAL,2024-04-24,SAME_SYMBOL_LOCKOUT
UPPER|BSE|2024-04-24,BSE,2024-04-24,SAME_SYMBOL_LOCKOUT
UPPER|CAMS|2024-04-24,CAMS,2024-04-24,SAME_SYMBOL_LOCKOUT
UPPER|DOMS|2024-04-24,DOMS,2024-04-24,SAME_SYMBOL_LOCKOUT
UPPER|GESHIP|2024-04-24,GESHIP,2024-04-24,SAME_SYMBOL_LOCKOUT
UPPER|GRAPHITE|2024-04-24,GRAPHITE,2024-04-24,SAME_SYMBOL_LOCKOUT
UPPER|GRASIM|2024-04-24,GRASIM,2024-04-24,SAME_SYMBOL_LOCKOUT
UPPER|JUBLINGREA|2024-04-24,JUBLINGREA,2024-04-24,SAME_SYMBOL_LOCKOUT
UPPER|KEI|2024-04-24,KEI,2024-04-24,SAME_SYMBOL_LOCKOUT
UPPER|LICHSGFIN|2024-04-24,LICHSGFIN,2024-04-24,SAME_SYMBOL_LOCKOUT
UPPER|LLOYDSME|2024-04-24,LLOYDSME,2024-04-24,SAME_SYMBOL_LOCKOUT
UPPER|NAM-INDIA|2024-04-24,NAM-INDIA,2024-04-24,SAME_SYMBOL_LOCKOUT
UPPER|SAREGAMA|2024-04-24,SAREGAMA,2024-04-24,SAME_SYMBOL_LOCKOUT
UPPER|SOBHA|2024-04-24,SOBHA,2024-04-24,SAME_SYMBOL_LOCKOUT
UPPER|ABREL|2024-04-25,ABREL,2024-04-25,SAME_SYMBOL_LOCKOUT
UPPER|BEL|2024-04-25,BEL,2024-04-25,SAME_SYMBOL_LOCKOUT
UPPER|DEEPAKNTR|2024-04-25,DEEPAKNTR,2024-04-25,SAME_SYMBOL_LOCKOUT
UPPER|ESCORTS|2024-04-25,ESCORTS,2024-04-25,SAME_SYMBOL_LOCKOUT
UPPER|GESHIP|2024-04-25,GESHIP,2024-04-25,SAME_SYMBOL_LOCKOUT
UPPER|GRAPHITE|2024-04-25,GRAPHITE,2024-04-25,SAME_SYMBOL_LOCKOUT
UPPER|ICICIBANK|2024-04-25,ICICIBANK,2024-04-25,SAME_SYMBOL_LOCKOUT
UPPER|LLOYDSME|2024-04-25,LLOYDSME,2024-04-25,SAME_SYMBOL_LOCKOUT
UPPER|MAHLIFE|2024-04-25,MAHLIFE,2024-04-25,SAME_SYMBOL_LOCKOUT
UPPER|REDINGTON|2024-04-25,REDINGTON,2024-04-25,SAME_SYMBOL_LOCKOUT
UPPER|SAIL|2024-04-25,SAIL,2024-04-25,SAME_SYMBOL_LOCKOUT
UPPER|TRIVENI|2024-04-25,TRIVENI,2024-04-25,SAME_SYMBOL_LOCKOUT
UPPER|ABFRL|2024-04-26,ABFRL,2024-04-26,SAME_SYMBOL_LOCKOUT
UPPER|FSL|2024-04-26,FSL,2024-04-26,SAME_SYMBOL_LOCKOUT
UPPER|INOXWIND|2024-04-26,INOXWIND,2024-04-26,SAME_SYMBOL_LOCKOUT
UPPER|JSWSTEEL|2024-04-26,JSWSTEEL,2024-04-26,SAME_SYMBOL_LOCKOUT
UPPER|MCX|2024-04-26,MCX,2024-04-26,SAME_SYMBOL_LOCKOUT
UPPER|MUTHOOTFIN|2024-04-26,MUTHOOTFIN,2024-04-26,SAME_SYMBOL_LOCKOUT
UPPER|RAYMOND|2024-04-26,RAYMOND,2024-04-26,SAME_SYMBOL_LOCKOUT
UPPER|SBICARD|2024-04-26,SBICARD,2024-04-26,SAME_SYMBOL_LOCKOUT
UPPER|SOBHA|2024-04-26,SOBHA,2024-04-26,SAME_SYMBOL_LOCKOUT
UPPER|UNITDSPR|2024-04-26,UNITDSPR,2024-04-26,SAME_SYMBOL_LOCKOUT
UPPER|AARTIIND|2024-04-29,AARTIIND,2024-04-29,SAME_SYMBOL_LOCKOUT
UPPER|BIOCON|2024-04-29,BIOCON,2024-04-29,SAME_SYMBOL_LOCKOUT
UPPER|COLPAL|2024-04-29,COLPAL,2024-04-29,SAME_SYMBOL_LOCKOUT
UPPER|CUB|2024-04-29,CUB,2024-04-29,SAME_SYMBOL_LOCKOUT
UPPER|DOMS|2024-04-29,DOMS,2024-04-29,SAME_SYMBOL_LOCKOUT
UPPER|ESCORTS|2024-04-29,ESCORTS,2024-04-29,SAME_SYMBOL_LOCKOUT
UPPER|GLENMARK|2024-04-29,GLENMARK,2024-04-29,SAME_SYMBOL_LOCKOUT
UPPER|HINDCOPPER|2024-04-29,HINDCOPPER,2024-04-29,SAME_SYMBOL_LOCKOUT
UPPER|IEX|2024-04-29,IEX,2024-04-29,SAME_SYMBOL_LOCKOUT
UPPER|MOTHERSON|2024-04-29,MOTHERSON,2024-04-29,SAME_SYMBOL_LOCKOUT
UPPER|NMDC|2024-04-29,NMDC,2024-04-29,SAME_SYMBOL_LOCKOUT
UPPER|RAYMOND|2024-04-29,RAYMOND,2024-04-29,SAME_SYMBOL_LOCKOUT
UPPER|BHEL|2024-04-30,BHEL,2024-04-30,SAME_SYMBOL_LOCKOUT
UPPER|CESC|2024-04-30,CESC,2024-04-30,SAME_SYMBOL_LOCKOUT
UPPER|CONCORDBIO|2024-04-30,CONCORDBIO,2024-04-30,SAME_SYMBOL_LOCKOUT
UPPER|MOTHERSON|2024-04-30,MOTHERSON,2024-04-30,SAME_SYMBOL_LOCKOUT
UPPER|NAVINFLUOR|2024-04-30,NAVINFLUOR,2024-04-30,SAME_SYMBOL_LOCKOUT
UPPER|TATAPOWER|2024-04-30,TATAPOWER,2024-04-30,SAME_SYMBOL_LOCKOUT
UPPER|GPIL|2024-05-02,GPIL,2024-05-02,SAME_SYMBOL_LOCKOUT
UPPER|LICHSGFIN|2024-05-02,LICHSGFIN,2024-05-02,SAME_SYMBOL_LOCKOUT
UPPER|MAPMYINDIA|2024-05-02,MAPMYINDIA,2024-05-02,SAME_SYMBOL_LOCKOUT
UPPER|NAVINFLUOR|2024-05-02,NAVINFLUOR,2024-05-02,SAME_SYMBOL_LOCKOUT
UPPER|PIDILITIND|2024-05-02,PIDILITIND,2024-05-02,SAME_SYMBOL_LOCKOUT
UPPER|AUBANK|2024-05-03,AUBANK,2024-05-03,SAME_SYMBOL_LOCKOUT
UPPER|BAJAJFINSV|2024-05-03,BAJAJFINSV,2024-05-03,SAME_SYMBOL_LOCKOUT
UPPER|BIOCON|2024-05-03,BIOCON,2024-05-03,SAME_SYMBOL_LOCKOUT
UPPER|CESC|2024-05-03,CESC,2024-05-03,SAME_SYMBOL_LOCKOUT
UPPER|ESCORTS|2024-05-03,ESCORTS,2024-05-03,SAME_SYMBOL_LOCKOUT
UPPER|JINDALSAW|2024-05-03,JINDALSAW,2024-05-03,SAME_SYMBOL_LOCKOUT
UPPER|JINDALSTEL|2024-05-03,JINDALSTEL,2024-05-03,SAME_SYMBOL_LOCKOUT
UPPER|ONGC|2024-05-03,ONGC,2024-05-03,SAME_SYMBOL_LOCKOUT
UPPER|SUPREMEIND|2024-05-03,SUPREMEIND,2024-05-03,SAME_SYMBOL_LOCKOUT
UPPER|TATAPOWER|2024-05-03,TATAPOWER,2024-05-03,SAME_SYMBOL_LOCKOUT
UPPER|CAMS|2024-05-06,CAMS,2024-05-06,SAME_SYMBOL_LOCKOUT
UPPER|CDSL|2024-05-06,CDSL,2024-05-06,SAME_SYMBOL_LOCKOUT
UPPER|CROMPTON|2024-05-06,CROMPTON,2024-05-06,SAME_SYMBOL_LOCKOUT
UPPER|GRASIM|2024-05-06,GRASIM,2024-05-06,SAME_SYMBOL_LOCKOUT
UPPER|NAVINFLUOR|2024-05-06,NAVINFLUOR,2024-05-06,SAME_SYMBOL_LOCKOUT
UPPER|NMDC|2024-05-06,NMDC,2024-05-06,SAME_SYMBOL_LOCKOUT
UPPER|PRAJIND|2024-05-06,PRAJIND,2024-05-06,SAME_SYMBOL_LOCKOUT
UPPER|SCHAEFFLER|2024-05-06,SCHAEFFLER,2024-05-06,SAME_SYMBOL_LOCKOUT
UPPER|CDSL|2024-05-07,CDSL,2024-05-07,SAME_SYMBOL_LOCKOUT
UPPER|SUPREMEIND|2024-05-07,SUPREMEIND,2024-05-07,SAME_SYMBOL_LOCKOUT
UPPER|SWSOLAR|2024-05-07,SWSOLAR,2024-05-07,SAME_SYMBOL_LOCKOUT
UPPER|CROMPTON|2024-05-09,CROMPTON,2024-05-09,SAME_SYMBOL_LOCKOUT
UPPER|JWL|2024-05-09,JWL,2024-05-09,SAME_SYMBOL_LOCKOUT
UPPER|SUNTV|2024-05-09,SUNTV,2024-05-09,SAME_SYMBOL_LOCKOUT
UPPER|SWSOLAR|2024-05-09,SWSOLAR,2024-05-09,SAME_SYMBOL_LOCKOUT
UPPER|TITAGARH|2024-05-09,TITAGARH,2024-05-09,SAME_SYMBOL_LOCKOUT
UPPER|ESCORTS|2024-05-10,ESCORTS,2024-05-10,SAME_SYMBOL_LOCKOUT
UPPER|HEROMOTOCO|2024-05-10,HEROMOTOCO,2024-05-10,SAME_SYMBOL_LOCKOUT
UPPER|SUNTV|2024-05-10,SUNTV,2024-05-10,SAME_SYMBOL_LOCKOUT
UPPER|TIINDIA|2024-05-10,TIINDIA,2024-05-10,SAME_SYMBOL_LOCKOUT
UPPER|VGUARD|2024-05-10,VGUARD,2024-05-10,SAME_SYMBOL_LOCKOUT
UPPER|EICHERMOT|2024-05-13,EICHERMOT,2024-05-13,SAME_SYMBOL_LOCKOUT
UPPER|JWL|2024-05-13,JWL,2024-05-13,SAME_SYMBOL_LOCKOUT
UPPER|ASHOKLEY|2024-05-14,ASHOKLEY,2024-05-14,SAME_SYMBOL_LOCKOUT
UPPER|ASTRAL|2024-05-14,ASTRAL,2024-05-14,SAME_SYMBOL_LOCKOUT
UPPER|AUROPHARMA|2024-05-14,AUROPHARMA,2024-05-14,SAME_SYMBOL_LOCKOUT
UPPER|BALKRISIND|2024-05-14,BALKRISIND,2024-05-14,SAME_SYMBOL_LOCKOUT
UPPER|JWL|2024-05-14,JWL,2024-05-14,SAME_SYMBOL_LOCKOUT
UPPER|MARICO|2024-05-14,MARICO,2024-05-14,SAME_SYMBOL_LOCKOUT
UPPER|SUNTV|2024-05-14,SUNTV,2024-05-14,SAME_SYMBOL_LOCKOUT
UPPER|ABREL|2024-05-15,ABREL,2024-05-15,SAME_SYMBOL_LOCKOUT
UPPER|BALKRISIND|2024-05-15,BALKRISIND,2024-05-15,SAME_SYMBOL_LOCKOUT
UPPER|BIOCON|2024-05-15,BIOCON,2024-05-15,SAME_SYMBOL_LOCKOUT
UPPER|COROMANDEL|2024-05-15,COROMANDEL,2024-05-15,SAME_SYMBOL_LOCKOUT
UPPER|JWL|2024-05-15,JWL,2024-05-15,SAME_SYMBOL_LOCKOUT
UPPER|ADANIPOWER|2024-05-16,ADANIPOWER,2024-05-16,SAME_SYMBOL_LOCKOUT
UPPER|HUDCO|2024-05-16,HUDCO,2024-05-16,SAME_SYMBOL_LOCKOUT
UPPER|JUBLPHARMA|2024-05-16,JUBLPHARMA,2024-05-16,SAME_SYMBOL_LOCKOUT
UPPER|PRESTIGE|2024-05-16,PRESTIGE,2024-05-16,SAME_SYMBOL_LOCKOUT
UPPER|GODREJPROP|2024-05-17,GODREJPROP,2024-05-17,SAME_SYMBOL_LOCKOUT
UPPER|HEROMOTOCO|2024-05-17,HEROMOTOCO,2024-05-17,SAME_SYMBOL_LOCKOUT
UPPER|JUBLPHARMA|2024-05-17,JUBLPHARMA,2024-05-17,SAME_SYMBOL_LOCKOUT
UPPER|PRESTIGE|2024-05-17,PRESTIGE,2024-05-17,SAME_SYMBOL_LOCKOUT
UPPER|TITAGARH|2024-05-17,TITAGARH,2024-05-17,SAME_SYMBOL_LOCKOUT
UPPER|CONCOR|2024-05-21,CONCOR,2024-05-21,SAME_SYMBOL_LOCKOUT
UPPER|IEX|2024-05-21,IEX,2024-05-21,SAME_SYMBOL_LOCKOUT
UPPER|TITAGARH|2024-05-21,TITAGARH,2024-05-21,SAME_SYMBOL_LOCKOUT
UPPER|VGUARD|2024-05-21,VGUARD,2024-05-21,SAME_SYMBOL_LOCKOUT
UPPER|WELCORP|2024-05-21,WELCORP,2024-05-21,SAME_SYMBOL_LOCKOUT
UPPER|ADANIPOWER|2024-05-22,ADANIPOWER,2024-05-22,SAME_SYMBOL_LOCKOUT
UPPER|AUROPHARMA|2024-05-22,AUROPHARMA,2024-05-22,SAME_SYMBOL_LOCKOUT
UPPER|FORTIS|2024-05-22,FORTIS,2024-05-22,SAME_SYMBOL_LOCKOUT
UPPER|GPIL|2024-05-22,GPIL,2024-05-22,SAME_SYMBOL_LOCKOUT
UPPER|HUDCO|2024-05-22,HUDCO,2024-05-22,SAME_SYMBOL_LOCKOUT
UPPER|MOTHERSON|2024-05-22,MOTHERSON,2024-05-22,SAME_SYMBOL_LOCKOUT
UPPER|NCC|2024-05-22,NCC,2024-05-22,SAME_SYMBOL_LOCKOUT
UPPER|OIL|2024-05-22,OIL,2024-05-22,SAME_SYMBOL_LOCKOUT
UPPER|PRESTIGE|2024-05-22,PRESTIGE,2024-05-22,SAME_SYMBOL_LOCKOUT
UPPER|SAIL|2024-05-22,SAIL,2024-05-22,SAME_SYMBOL_LOCKOUT
UPPER|TATASTEEL|2024-05-22,TATASTEEL,2024-05-22,SAME_SYMBOL_LOCKOUT
UPPER|ADANIPOWER|2024-05-23,ADANIPOWER,2024-05-23,SAME_SYMBOL_LOCKOUT
UPPER|AUROPHARMA|2024-05-23,AUROPHARMA,2024-05-23,SAME_SYMBOL_LOCKOUT
UPPER|BRIGADE|2024-05-23,BRIGADE,2024-05-23,SAME_SYMBOL_LOCKOUT
UPPER|FINCABLES|2024-05-23,FINCABLES,2024-05-23,SAME_SYMBOL_LOCKOUT
UPPER|IRCTC|2024-05-23,IRCTC,2024-05-23,SAME_SYMBOL_LOCKOUT
UPPER|MARICO|2024-05-23,MARICO,2024-05-23,SAME_SYMBOL_LOCKOUT
UPPER|NHPC|2024-05-23,NHPC,2024-05-23,SAME_SYMBOL_LOCKOUT
UPPER|BRIGADE|2024-05-24,BRIGADE,2024-05-24,SAME_SYMBOL_LOCKOUT
UPPER|COROMANDEL|2024-05-24,COROMANDEL,2024-05-24,SAME_SYMBOL_LOCKOUT
UPPER|EMAMILTD|2024-05-24,EMAMILTD,2024-05-24,SAME_SYMBOL_LOCKOUT
UPPER|GLAXO|2024-05-24,GLAXO,2024-05-24,SAME_SYMBOL_LOCKOUT
UPPER|HEROMOTOCO|2024-05-24,HEROMOTOCO,2024-05-24,SAME_SYMBOL_LOCKOUT
UPPER|KEI|2024-05-24,KEI,2024-05-24,SAME_SYMBOL_LOCKOUT
UPPER|MTARTECH|2024-05-24,MTARTECH,2024-05-24,SAME_SYMBOL_LOCKOUT
UPPER|SBIN|2024-05-24,SBIN,2024-05-24,SAME_SYMBOL_LOCKOUT
UPPER|TRENT|2024-05-24,TRENT,2024-05-24,SAME_SYMBOL_LOCKOUT
UPPER|ABFRL|2024-05-27,ABFRL,2024-05-27,SAME_SYMBOL_LOCKOUT
UPPER|AFFLE|2024-05-27,AFFLE,2024-05-27,SAME_SYMBOL_LOCKOUT
UPPER|CIEINDIA|2024-05-27,CIEINDIA,2024-05-27,SAME_SYMBOL_LOCKOUT
UPPER|EMAMILTD|2024-05-27,EMAMILTD,2024-05-27,SAME_SYMBOL_LOCKOUT
UPPER|INOXWIND|2024-05-27,INOXWIND,2024-05-27,SAME_SYMBOL_LOCKOUT
UPPER|IRB|2024-05-27,IRB,2024-05-27,SAME_SYMBOL_LOCKOUT
UPPER|IRFC|2024-05-27,IRFC,2024-05-27,SAME_SYMBOL_LOCKOUT
UPPER|JSWINFRA|2024-05-27,JSWINFRA,2024-05-27,SAME_SYMBOL_LOCKOUT
UPPER|LALPATHLAB|2024-05-27,LALPATHLAB,2024-05-27,SAME_SYMBOL_LOCKOUT
UPPER|NTPC|2024-05-27,NTPC,2024-05-27,SAME_SYMBOL_LOCKOUT
UPPER|OIL|2024-05-27,OIL,2024-05-27,SAME_SYMBOL_LOCKOUT
UPPER|TATASTEEL|2024-05-27,TATASTEEL,2024-05-27,SAME_SYMBOL_LOCKOUT
UPPER|TORNTPHARM|2024-05-27,TORNTPHARM,2024-05-27,SAME_SYMBOL_LOCKOUT
UPPER|ABFRL|2024-05-28,ABFRL,2024-05-28,SAME_SYMBOL_LOCKOUT
UPPER|DABUR|2024-05-28,DABUR,2024-05-28,SAME_SYMBOL_LOCKOUT
UPPER|DOMS|2024-05-28,DOMS,2024-05-28,SAME_SYMBOL_LOCKOUT
UPPER|HAPPYFORGE|2024-05-28,HAPPYFORGE,2024-05-28,SAME_SYMBOL_LOCKOUT
UPPER|HEROMOTOCO|2024-05-28,HEROMOTOCO,2024-05-28,SAME_SYMBOL_LOCKOUT
UPPER|JSWINFRA|2024-05-28,JSWINFRA,2024-05-28,SAME_SYMBOL_LOCKOUT
UPPER|MARICO|2024-05-28,MARICO,2024-05-28,SAME_SYMBOL_LOCKOUT
UPPER|NATIONALUM|2024-05-28,NATIONALUM,2024-05-28,SAME_SYMBOL_LOCKOUT
UPPER|UCOBANK|2024-05-28,UCOBANK,2024-05-28,SAME_SYMBOL_LOCKOUT
UPPER|VIJAYA|2024-05-28,VIJAYA,2024-05-28,SAME_SYMBOL_LOCKOUT
UPPER|BRIGADE|2024-05-29,BRIGADE,2024-05-29,SAME_SYMBOL_LOCKOUT
UPPER|GLAXO|2024-05-29,GLAXO,2024-05-29,SAME_SYMBOL_LOCKOUT
UPPER|JUBLFOOD|2024-05-29,JUBLFOOD,2024-05-29,SAME_SYMBOL_LOCKOUT
UPPER|PFC|2024-05-29,PFC,2024-05-29,SAME_SYMBOL_LOCKOUT
UPPER|SAREGAMA|2024-05-29,SAREGAMA,2024-05-29,SAME_SYMBOL_LOCKOUT
UPPER|EIDPARRY|2024-05-30,EIDPARRY,2024-05-30,SAME_SYMBOL_LOCKOUT
UPPER|INDIANB|2024-05-30,INDIANB,2024-05-30,SAME_SYMBOL_LOCKOUT
UPPER|JUBLFOOD|2024-05-30,JUBLFOOD,2024-05-30,SAME_SYMBOL_LOCKOUT
UPPER|BLUESTARCO|2024-05-31,BLUESTARCO,2024-05-31,SAME_SYMBOL_LOCKOUT
UPPER|NCC|2024-05-31,NCC,2024-05-31,SAME_SYMBOL_LOCKOUT
UPPER|NHPC|2024-05-31,NHPC,2024-05-31,SAME_SYMBOL_LOCKOUT
UPPER|SAREGAMA|2024-05-31,SAREGAMA,2024-05-31,SAME_SYMBOL_LOCKOUT
UPPER|ANANDRATHI|2024-06-03,ANANDRATHI,2024-06-03,SAME_SYMBOL_LOCKOUT
UPPER|BEML|2024-06-03,BEML,2024-06-03,SAME_SYMBOL_LOCKOUT
UPPER|FORTIS|2024-06-03,FORTIS,2024-06-03,SAME_SYMBOL_LOCKOUT
UPPER|HAPPYFORGE|2024-06-03,HAPPYFORGE,2024-06-03,SAME_SYMBOL_LOCKOUT
UPPER|IRFC|2024-06-03,IRFC,2024-06-03,SAME_SYMBOL_LOCKOUT
UPPER|JSWINFRA|2024-06-03,JSWINFRA,2024-06-03,SAME_SYMBOL_LOCKOUT
UPPER|MANYAVAR|2024-06-03,MANYAVAR,2024-06-03,SAME_SYMBOL_LOCKOUT
UPPER|NAM-INDIA|2024-06-03,NAM-INDIA,2024-06-03,SAME_SYMBOL_LOCKOUT
UPPER|NBCC|2024-06-03,NBCC,2024-06-03,SAME_SYMBOL_LOCKOUT
UPPER|OIL|2024-06-03,OIL,2024-06-03,SAME_SYMBOL_LOCKOUT
UPPER|SJVN|2024-06-03,SJVN,2024-06-03,SAME_SYMBOL_LOCKOUT
UPPER|UCOBANK|2024-06-03,UCOBANK,2024-06-03,SAME_SYMBOL_LOCKOUT
UPPER|ZFCVINDIA|2024-06-03,ZFCVINDIA,2024-06-03,SAME_SYMBOL_LOCKOUT
UPPER|BLUESTARCO|2024-06-04,BLUESTARCO,2024-06-04,SAME_SYMBOL_LOCKOUT
UPPER|CONCOR|2024-06-04,CONCOR,2024-06-04,SAME_SYMBOL_LOCKOUT
UPPER|HEROMOTOCO|2024-06-04,HEROMOTOCO,2024-06-04,SAME_SYMBOL_LOCKOUT
UPPER|HONASA|2024-06-04,HONASA,2024-06-04,SAME_SYMBOL_LOCKOUT
UPPER|LODHA|2024-06-04,LODHA,2024-06-04,SAME_SYMBOL_LOCKOUT
UPPER|MARICO|2024-06-04,MARICO,2024-06-04,SAME_SYMBOL_LOCKOUT
UPPER|PHOENIXLTD|2024-06-04,PHOENIXLTD,2024-06-04,SAME_SYMBOL_LOCKOUT
UPPER|SUZLON|2024-06-04,SUZLON,2024-06-04,SAME_SYMBOL_LOCKOUT
UPPER|EIDPARRY|2024-06-05,EIDPARRY,2024-06-05,SAME_SYMBOL_LOCKOUT
UPPER|GILLETTE|2024-06-06,GILLETTE,2024-06-06,SAME_SYMBOL_LOCKOUT
UPPER|NCC|2024-06-06,NCC,2024-06-06,SAME_SYMBOL_LOCKOUT
UPPER|SUPREMEIND|2024-06-06,SUPREMEIND,2024-06-06,SAME_SYMBOL_LOCKOUT
UPPER|TORNTPHARM|2024-06-06,TORNTPHARM,2024-06-06,SAME_SYMBOL_LOCKOUT
UPPER|AUROPHARMA|2024-06-07,AUROPHARMA,2024-06-07,SAME_SYMBOL_LOCKOUT
UPPER|BAJAJ-AUTO|2024-06-07,BAJAJ-AUTO,2024-06-07,SAME_SYMBOL_LOCKOUT
UPPER|CHOLAHLDNG|2024-06-07,CHOLAHLDNG,2024-06-07,SAME_SYMBOL_LOCKOUT
UPPER|PRESTIGE|2024-06-07,PRESTIGE,2024-06-07,SAME_SYMBOL_LOCKOUT
UPPER|SOBHA|2024-06-07,SOBHA,2024-06-07,SAME_SYMBOL_LOCKOUT
UPPER|BAJAJ-AUTO|2024-06-10,BAJAJ-AUTO,2024-06-10,SAME_SYMBOL_LOCKOUT
UPPER|BIOCON|2024-06-10,BIOCON,2024-06-10,SAME_SYMBOL_LOCKOUT
UPPER|EIDPARRY|2024-06-10,EIDPARRY,2024-06-10,SAME_SYMBOL_LOCKOUT
UPPER|GESHIP|2024-06-10,GESHIP,2024-06-10,SAME_SYMBOL_LOCKOUT
UPPER|GILLETTE|2024-06-10,GILLETTE,2024-06-10,SAME_SYMBOL_LOCKOUT
UPPER|GRANULES|2024-06-10,GRANULES,2024-06-10,SAME_SYMBOL_LOCKOUT
UPPER|HEROMOTOCO|2024-06-10,HEROMOTOCO,2024-06-10,SAME_SYMBOL_LOCKOUT
UPPER|LODHA|2024-06-10,LODHA,2024-06-10,SAME_SYMBOL_LOCKOUT
UPPER|MANYAVAR|2024-06-10,MANYAVAR,2024-06-10,SAME_SYMBOL_LOCKOUT
UPPER|NATCOPHARM|2024-06-10,NATCOPHARM,2024-06-10,SAME_SYMBOL_LOCKOUT
UPPER|NCC|2024-06-10,NCC,2024-06-10,SAME_SYMBOL_LOCKOUT
UPPER|RBA|2024-06-10,RBA,2024-06-10,SAME_SYMBOL_LOCKOUT
UPPER|TORNTPHARM|2024-06-10,TORNTPHARM,2024-06-10,SAME_SYMBOL_LOCKOUT
UPPER|ZENSARTECH|2024-06-10,ZENSARTECH,2024-06-10,SAME_SYMBOL_LOCKOUT
UPPER|BATAINDIA|2024-06-11,BATAINDIA,2024-06-11,SAME_SYMBOL_LOCKOUT
UPPER|BIOCON|2024-06-11,BIOCON,2024-06-11,SAME_SYMBOL_LOCKOUT
UPPER|GICRE|2024-06-11,GICRE,2024-06-11,SAME_SYMBOL_LOCKOUT
UPPER|LICHSGFIN|2024-06-11,LICHSGFIN,2024-06-11,SAME_SYMBOL_LOCKOUT
UPPER|PHOENIXLTD|2024-06-11,PHOENIXLTD,2024-06-11,SAME_SYMBOL_LOCKOUT
UPPER|SUNTV|2024-06-11,SUNTV,2024-06-11,SAME_SYMBOL_LOCKOUT
UPPER|TORNTPHARM|2024-06-11,TORNTPHARM,2024-06-11,SAME_SYMBOL_LOCKOUT
UPPER|TVSMOTOR|2024-06-11,TVSMOTOR,2024-06-11,SAME_SYMBOL_LOCKOUT
UPPER|UNITDSPR|2024-06-11,UNITDSPR,2024-06-11,SAME_SYMBOL_LOCKOUT
UPPER|UPL|2024-06-11,UPL,2024-06-11,SAME_SYMBOL_LOCKOUT
UPPER|ZENSARTECH|2024-06-11,ZENSARTECH,2024-06-11,SAME_SYMBOL_LOCKOUT
UPPER|BAJAJ-AUTO|2024-06-12,BAJAJ-AUTO,2024-06-12,SAME_SYMBOL_LOCKOUT
UPPER|CAMS|2024-06-12,CAMS,2024-06-12,SAME_SYMBOL_LOCKOUT
UPPER|CHOLAHLDNG|2024-06-12,CHOLAHLDNG,2024-06-12,SAME_SYMBOL_LOCKOUT
UPPER|CIPLA|2024-06-12,CIPLA,2024-06-12,SAME_SYMBOL_LOCKOUT
UPPER|HAPPSTMNDS|2024-06-12,HAPPSTMNDS,2024-06-12,SAME_SYMBOL_LOCKOUT
UPPER|KEI|2024-06-12,KEI,2024-06-12,SAME_SYMBOL_LOCKOUT
UPPER|LODHA|2024-06-12,LODHA,2024-06-12,SAME_SYMBOL_LOCKOUT
UPPER|NATCOPHARM|2024-06-12,NATCOPHARM,2024-06-12,SAME_SYMBOL_LOCKOUT
UPPER|NBCC|2024-06-12,NBCC,2024-06-12,SAME_SYMBOL_LOCKOUT
UPPER|PHOENIXLTD|2024-06-12,PHOENIXLTD,2024-06-12,SAME_SYMBOL_LOCKOUT
UPPER|TATASTEEL|2024-06-12,TATASTEEL,2024-06-12,SAME_SYMBOL_LOCKOUT
UPPER|TORNTPHARM|2024-06-12,TORNTPHARM,2024-06-12,SAME_SYMBOL_LOCKOUT
UPPER|UPL|2024-06-12,UPL,2024-06-12,SAME_SYMBOL_LOCKOUT
UPPER|AMBUJACEM|2024-06-13,AMBUJACEM,2024-06-13,SAME_SYMBOL_LOCKOUT
UPPER|BAYERCROP|2024-06-13,BAYERCROP,2024-06-13,SAME_SYMBOL_LOCKOUT
UPPER|BHARTIARTL|2024-06-13,BHARTIARTL,2024-06-13,SAME_SYMBOL_LOCKOUT
UPPER|CIPLA|2024-06-13,CIPLA,2024-06-13,SAME_SYMBOL_LOCKOUT
UPPER|LICHSGFIN|2024-06-13,LICHSGFIN,2024-06-13,SAME_SYMBOL_LOCKOUT
UPPER|RCF|2024-06-13,RCF,2024-06-13,SAME_SYMBOL_LOCKOUT
UPPER|SOBHA|2024-06-13,SOBHA,2024-06-13,SAME_SYMBOL_LOCKOUT
UPPER|TATASTEEL|2024-06-13,TATASTEEL,2024-06-13,SAME_SYMBOL_LOCKOUT
UPPER|TVSMOTOR|2024-06-13,TVSMOTOR,2024-06-13,SAME_SYMBOL_LOCKOUT
UPPER|UPL|2024-06-13,UPL,2024-06-13,SAME_SYMBOL_LOCKOUT
UPPER|VBL|2024-06-13,VBL,2024-06-13,SAME_SYMBOL_LOCKOUT
UPPER|VGUARD|2024-06-13,VGUARD,2024-06-13,SAME_SYMBOL_LOCKOUT
UPPER|ZEEL|2024-06-13,ZEEL,2024-06-13,SAME_SYMBOL_LOCKOUT
UPPER|ZENSARTECH|2024-06-13,ZENSARTECH,2024-06-13,SAME_SYMBOL_LOCKOUT
UPPER|AMBER|2024-06-14,AMBER,2024-06-14,SAME_SYMBOL_LOCKOUT
UPPER|AMBUJACEM|2024-06-14,AMBUJACEM,2024-06-14,SAME_SYMBOL_LOCKOUT
UPPER|BOSCHLTD|2024-06-14,BOSCHLTD,2024-06-14,SAME_SYMBOL_LOCKOUT
UPPER|GICRE|2024-06-14,GICRE,2024-06-14,SAME_SYMBOL_LOCKOUT
UPPER|IDEA|2024-06-14,IDEA,2024-06-14,SAME_SYMBOL_LOCKOUT
UPPER|NAVINFLUOR|2024-06-14,NAVINFLUOR,2024-06-14,SAME_SYMBOL_LOCKOUT
UPPER|OFSS|2024-06-14,OFSS,2024-06-14,SAME_SYMBOL_LOCKOUT
UPPER|PAYTM|2024-06-14,PAYTM,2024-06-14,SAME_SYMBOL_LOCKOUT
UPPER|PETRONET|2024-06-14,PETRONET,2024-06-14,SAME_SYMBOL_LOCKOUT
UPPER|TORNTPHARM|2024-06-14,TORNTPHARM,2024-06-14,SAME_SYMBOL_LOCKOUT
UPPER|AMBER|2024-06-18,AMBER,2024-06-18,SAME_SYMBOL_LOCKOUT
UPPER|BAYERCROP|2024-06-18,BAYERCROP,2024-06-18,SAME_SYMBOL_LOCKOUT
UPPER|FEDERALBNK|2024-06-18,FEDERALBNK,2024-06-18,SAME_SYMBOL_LOCKOUT
UPPER|GESHIP|2024-06-18,GESHIP,2024-06-18,SAME_SYMBOL_LOCKOUT
UPPER|ICICIGI|2024-06-18,ICICIGI,2024-06-18,SAME_SYMBOL_LOCKOUT
UPPER|NBCC|2024-06-18,NBCC,2024-06-18,SAME_SYMBOL_LOCKOUT
UPPER|OFSS|2024-06-18,OFSS,2024-06-18,SAME_SYMBOL_LOCKOUT
UPPER|PAYTM|2024-06-18,PAYTM,2024-06-18,SAME_SYMBOL_LOCKOUT
UPPER|VBL|2024-06-18,VBL,2024-06-18,SAME_SYMBOL_LOCKOUT
UPPER|APTUS|2024-06-19,APTUS,2024-06-19,SAME_SYMBOL_LOCKOUT
UPPER|AVANTIFEED|2024-06-19,AVANTIFEED,2024-06-19,SAME_SYMBOL_LOCKOUT
UPPER|CCL|2024-06-19,CCL,2024-06-19,SAME_SYMBOL_LOCKOUT
UPPER|CIPLA|2024-06-19,CIPLA,2024-06-19,SAME_SYMBOL_LOCKOUT
UPPER|FEDERALBNK|2024-06-19,FEDERALBNK,2024-06-19,SAME_SYMBOL_LOCKOUT
UPPER|FINEORG|2024-06-19,FINEORG,2024-06-19,SAME_SYMBOL_LOCKOUT
UPPER|GMRAIRPORT|2024-06-19,GMRAIRPORT,2024-06-19,SAME_SYMBOL_LOCKOUT
UPPER|GODREJPROP|2024-06-19,GODREJPROP,2024-06-19,SAME_SYMBOL_LOCKOUT
UPPER|HFCL|2024-06-19,HFCL,2024-06-19,SAME_SYMBOL_LOCKOUT
UPPER|IDEA|2024-06-19,IDEA,2024-06-19,SAME_SYMBOL_LOCKOUT
UPPER|JKCEMENT|2024-06-19,JKCEMENT,2024-06-19,SAME_SYMBOL_LOCKOUT
UPPER|JSWENERGY|2024-06-19,JSWENERGY,2024-06-19,SAME_SYMBOL_LOCKOUT
UPPER|JUBLFOOD|2024-06-19,JUBLFOOD,2024-06-19,SAME_SYMBOL_LOCKOUT
UPPER|KAJARIACER|2024-06-19,KAJARIACER,2024-06-19,SAME_SYMBOL_LOCKOUT
UPPER|OFSS|2024-06-19,OFSS,2024-06-19,SAME_SYMBOL_LOCKOUT
UPPER|RENUKA|2024-06-19,RENUKA,2024-06-19,SAME_SYMBOL_LOCKOUT
UPPER|TORNTPHARM|2024-06-19,TORNTPHARM,2024-06-19,SAME_SYMBOL_LOCKOUT
UPPER|UPL|2024-06-19,UPL,2024-06-19,SAME_SYMBOL_LOCKOUT
UPPER|VBL|2024-06-19,VBL,2024-06-19,SAME_SYMBOL_LOCKOUT
UPPER|ZENSARTECH|2024-06-19,ZENSARTECH,2024-06-19,SAME_SYMBOL_LOCKOUT
UPPER|BALRAMCHIN|2024-06-20,BALRAMCHIN,2024-06-20,SAME_SYMBOL_LOCKOUT
UPPER|JSWSTEEL|2024-06-20,JSWSTEEL,2024-06-20,SAME_SYMBOL_LOCKOUT
UPPER|MAXHEALTH|2024-06-20,MAXHEALTH,2024-06-20,SAME_SYMBOL_LOCKOUT
UPPER|NBCC|2024-06-20,NBCC,2024-06-20,SAME_SYMBOL_LOCKOUT
UPPER|RENUKA|2024-06-20,RENUKA,2024-06-20,SAME_SYMBOL_LOCKOUT
UPPER|TECHM|2024-06-20,TECHM,2024-06-20,SAME_SYMBOL_LOCKOUT
UPPER|ATUL|2024-06-21,ATUL,2024-06-21,SAME_SYMBOL_LOCKOUT
UPPER|AXISBANK|2024-06-21,AXISBANK,2024-06-21,SAME_SYMBOL_LOCKOUT
UPPER|BALRAMCHIN|2024-06-21,BALRAMCHIN,2024-06-21,SAME_SYMBOL_LOCKOUT
UPPER|DEEPAKNTR|2024-06-21,DEEPAKNTR,2024-06-21,SAME_SYMBOL_LOCKOUT
UPPER|GICRE|2024-06-21,GICRE,2024-06-21,SAME_SYMBOL_LOCKOUT
UPPER|GODFRYPHLP|2024-06-21,GODFRYPHLP,2024-06-21,SAME_SYMBOL_LOCKOUT
UPPER|HAPPSTMNDS|2024-06-21,HAPPSTMNDS,2024-06-21,SAME_SYMBOL_LOCKOUT
UPPER|JSWINFRA|2024-06-21,JSWINFRA,2024-06-21,SAME_SYMBOL_LOCKOUT
UPPER|JSWSTEEL|2024-06-21,JSWSTEEL,2024-06-21,SAME_SYMBOL_LOCKOUT
UPPER|LTF|2024-06-21,LTF,2024-06-21,SAME_SYMBOL_LOCKOUT
UPPER|MAXHEALTH|2024-06-21,MAXHEALTH,2024-06-21,SAME_SYMBOL_LOCKOUT
UPPER|NAVINFLUOR|2024-06-21,NAVINFLUOR,2024-06-21,SAME_SYMBOL_LOCKOUT
UPPER|NBCC|2024-06-21,NBCC,2024-06-21,SAME_SYMBOL_LOCKOUT
UPPER|RENUKA|2024-06-21,RENUKA,2024-06-21,SAME_SYMBOL_LOCKOUT
UPPER|ICICIBANK|2024-06-24,ICICIBANK,2024-06-24,SAME_SYMBOL_LOCKOUT
UPPER|ICICIGI|2024-06-24,ICICIGI,2024-06-24,SAME_SYMBOL_LOCKOUT
UPPER|INDIACEM|2024-06-24,INDIACEM,2024-06-24,SAME_SYMBOL_LOCKOUT
UPPER|M&MFIN|2024-06-24,M&MFIN,2024-06-24,SAME_SYMBOL_LOCKOUT
UPPER|PETRONET|2024-06-24,PETRONET,2024-06-24,SAME_SYMBOL_LOCKOUT
UPPER|UPL|2024-06-24,UPL,2024-06-24,SAME_SYMBOL_LOCKOUT
UPPER|AUBANK|2024-06-25,AUBANK,2024-06-25,SAME_SYMBOL_LOCKOUT
UPPER|CAMS|2024-06-25,CAMS,2024-06-25,SAME_SYMBOL_LOCKOUT
UPPER|CANFINHOME|2024-06-25,CANFINHOME,2024-06-25,SAME_SYMBOL_LOCKOUT
UPPER|GRASIM|2024-06-25,GRASIM,2024-06-25,SAME_SYMBOL_LOCKOUT
UPPER|IDEA|2024-06-25,IDEA,2024-06-25,SAME_SYMBOL_LOCKOUT
UPPER|PAGEIND|2024-06-25,PAGEIND,2024-06-25,SAME_SYMBOL_LOCKOUT
UPPER|PETRONET|2024-06-25,PETRONET,2024-06-25,SAME_SYMBOL_LOCKOUT
UPPER|PVRINOX|2024-06-25,PVRINOX,2024-06-25,SAME_SYMBOL_LOCKOUT
UPPER|AMBER|2024-06-26,AMBER,2024-06-26,SAME_SYMBOL_LOCKOUT
UPPER|ASTRAL|2024-06-26,ASTRAL,2024-06-26,SAME_SYMBOL_LOCKOUT
UPPER|CANFINHOME|2024-06-26,CANFINHOME,2024-06-26,SAME_SYMBOL_LOCKOUT
UPPER|HDFCAMC|2024-06-26,HDFCAMC,2024-06-26,SAME_SYMBOL_LOCKOUT
UPPER|INDHOTEL|2024-06-26,INDHOTEL,2024-06-26,SAME_SYMBOL_LOCKOUT
UPPER|JKCEMENT|2024-06-26,JKCEMENT,2024-06-26,SAME_SYMBOL_LOCKOUT
UPPER|LTF|2024-06-26,LTF,2024-06-26,SAME_SYMBOL_LOCKOUT
UPPER|PAGEIND|2024-06-26,PAGEIND,2024-06-26,SAME_SYMBOL_LOCKOUT
UPPER|RAMCOCEM|2024-06-26,RAMCOCEM,2024-06-26,SAME_SYMBOL_LOCKOUT
UPPER|SHREECEM|2024-06-26,SHREECEM,2024-06-26,SAME_SYMBOL_LOCKOUT
UPPER|SHRIRAMFIN|2024-06-26,SHRIRAMFIN,2024-06-26,SAME_SYMBOL_LOCKOUT
UPPER|AMBER|2024-06-27,AMBER,2024-06-27,SAME_SYMBOL_LOCKOUT
UPPER|CANFINHOME|2024-06-27,CANFINHOME,2024-06-27,SAME_SYMBOL_LOCKOUT
UPPER|EPL|2024-06-27,EPL,2024-06-27,SAME_SYMBOL_LOCKOUT
UPPER|GMRAIRPORT|2024-06-27,GMRAIRPORT,2024-06-27,SAME_SYMBOL_LOCKOUT
UPPER|GODREJPROP|2024-06-27,GODREJPROP,2024-06-27,SAME_SYMBOL_LOCKOUT
UPPER|ICICIGI|2024-06-27,ICICIGI,2024-06-27,SAME_SYMBOL_LOCKOUT
UPPER|JKLAKSHMI|2024-06-27,JKLAKSHMI,2024-06-27,SAME_SYMBOL_LOCKOUT
UPPER|JSWSTEEL|2024-06-27,JSWSTEEL,2024-06-27,SAME_SYMBOL_LOCKOUT
UPPER|KAJARIACER|2024-06-27,KAJARIACER,2024-06-27,SAME_SYMBOL_LOCKOUT
UPPER|KEC|2024-06-27,KEC,2024-06-27,SAME_SYMBOL_LOCKOUT
UPPER|OIL|2024-06-27,OIL,2024-06-27,SAME_SYMBOL_LOCKOUT
UPPER|POLICYBZR|2024-06-27,POLICYBZR,2024-06-27,SAME_SYMBOL_LOCKOUT
UPPER|PVRINOX|2024-06-27,PVRINOX,2024-06-27,SAME_SYMBOL_LOCKOUT
UPPER|RAMCOCEM|2024-06-27,RAMCOCEM,2024-06-27,SAME_SYMBOL_LOCKOUT
UPPER|SHREECEM|2024-06-27,SHREECEM,2024-06-27,SAME_SYMBOL_LOCKOUT
UPPER|TECHM|2024-06-27,TECHM,2024-06-27,SAME_SYMBOL_LOCKOUT
UPPER|CANFINHOME|2024-06-28,CANFINHOME,2024-06-28,SAME_SYMBOL_LOCKOUT
UPPER|CUB|2024-06-28,CUB,2024-06-28,SAME_SYMBOL_LOCKOUT
UPPER|GRANULES|2024-06-28,GRANULES,2024-06-28,SAME_SYMBOL_LOCKOUT
UPPER|IDEA|2024-06-28,IDEA,2024-06-28,SAME_SYMBOL_LOCKOUT
UPPER|INFY|2024-06-28,INFY,2024-06-28,SAME_SYMBOL_LOCKOUT
UPPER|JMFINANCIL|2024-06-28,JMFINANCIL,2024-06-28,SAME_SYMBOL_LOCKOUT
UPPER|JSWINFRA|2024-06-28,JSWINFRA,2024-06-28,SAME_SYMBOL_LOCKOUT
UPPER|JSWSTEEL|2024-06-28,JSWSTEEL,2024-06-28,SAME_SYMBOL_LOCKOUT
UPPER|KPITTECH|2024-06-28,KPITTECH,2024-06-28,SAME_SYMBOL_LOCKOUT
UPPER|LTM|2024-06-28,LTM,2024-06-28,SAME_SYMBOL_LOCKOUT
UPPER|OFSS|2024-06-28,OFSS,2024-06-28,SAME_SYMBOL_LOCKOUT
UPPER|POLICYBZR|2024-06-28,POLICYBZR,2024-06-28,SAME_SYMBOL_LOCKOUT
UPPER|PVRINOX|2024-06-28,PVRINOX,2024-06-28,SAME_SYMBOL_LOCKOUT
UPPER|TECHM|2024-06-28,TECHM,2024-06-28,SAME_SYMBOL_LOCKOUT
UPPER|APOLLOTYRE|2024-07-01,APOLLOTYRE,2024-07-01,SAME_SYMBOL_LOCKOUT
UPPER|BATAINDIA|2024-07-01,BATAINDIA,2024-07-01,SAME_SYMBOL_LOCKOUT
UPPER|CANFINHOME|2024-07-01,CANFINHOME,2024-07-01,SAME_SYMBOL_LOCKOUT
UPPER|CLEAN|2024-07-01,CLEAN,2024-07-01,SAME_SYMBOL_LOCKOUT
UPPER|DRREDDY|2024-07-01,DRREDDY,2024-07-01,SAME_SYMBOL_LOCKOUT
UPPER|EPL|2024-07-01,EPL,2024-07-01,SAME_SYMBOL_LOCKOUT
UPPER|GODREJPROP|2024-07-01,GODREJPROP,2024-07-01,SAME_SYMBOL_LOCKOUT
UPPER|ICICIGI|2024-07-01,ICICIGI,2024-07-01,SAME_SYMBOL_LOCKOUT
UPPER|JBMA|2024-07-01,JBMA,2024-07-01,SAME_SYMBOL_LOCKOUT
UPPER|KPITTECH|2024-07-01,KPITTECH,2024-07-01,SAME_SYMBOL_LOCKOUT
UPPER|LTM|2024-07-01,LTM,2024-07-01,SAME_SYMBOL_LOCKOUT
UPPER|PETRONET|2024-07-01,PETRONET,2024-07-01,SAME_SYMBOL_LOCKOUT
UPPER|APOLLOTYRE|2024-07-02,APOLLOTYRE,2024-07-02,SAME_SYMBOL_LOCKOUT
UPPER|ASTRAL|2024-07-02,ASTRAL,2024-07-02,SAME_SYMBOL_LOCKOUT
UPPER|ATUL|2024-07-02,ATUL,2024-07-02,SAME_SYMBOL_LOCKOUT
UPPER|GRASIM|2024-07-02,GRASIM,2024-07-02,SAME_SYMBOL_LOCKOUT
UPPER|ICICIGI|2024-07-02,ICICIGI,2024-07-02,SAME_SYMBOL_LOCKOUT
UPPER|IGL|2024-07-02,IGL,2024-07-02,SAME_SYMBOL_LOCKOUT
UPPER|JSWSTEEL|2024-07-02,JSWSTEEL,2024-07-02,SAME_SYMBOL_LOCKOUT
UPPER|KAJARIACER|2024-07-02,KAJARIACER,2024-07-02,SAME_SYMBOL_LOCKOUT
UPPER|LTF|2024-07-02,LTF,2024-07-02,SAME_SYMBOL_LOCKOUT
UPPER|MGL|2024-07-02,MGL,2024-07-02,SAME_SYMBOL_LOCKOUT
UPPER|OIL|2024-07-02,OIL,2024-07-02,SAME_SYMBOL_LOCKOUT
UPPER|STLTECH|2024-07-02,STLTECH,2024-07-02,SAME_SYMBOL_LOCKOUT
UPPER|TECHM|2024-07-02,TECHM,2024-07-02,SAME_SYMBOL_LOCKOUT
UPPER|AMBER|2024-07-03,AMBER,2024-07-03,SAME_SYMBOL_LOCKOUT
UPPER|DRREDDY|2024-07-03,DRREDDY,2024-07-03,SAME_SYMBOL_LOCKOUT
UPPER|GODREJPROP|2024-07-03,GODREJPROP,2024-07-03,SAME_SYMBOL_LOCKOUT
UPPER|HDFCAMC|2024-07-03,HDFCAMC,2024-07-03,SAME_SYMBOL_LOCKOUT
UPPER|INDUSTOWER|2024-07-03,INDUSTOWER,2024-07-03,SAME_SYMBOL_LOCKOUT
UPPER|INFY|2024-07-03,INFY,2024-07-03,SAME_SYMBOL_LOCKOUT
UPPER|KAYNES|2024-07-03,KAYNES,2024-07-03,SAME_SYMBOL_LOCKOUT
UPPER|KEC|2024-07-03,KEC,2024-07-03,SAME_SYMBOL_LOCKOUT
UPPER|MMTC|2024-07-03,MMTC,2024-07-03,SAME_SYMBOL_LOCKOUT
UPPER|BANDHANBNK|2024-07-04,BANDHANBNK,2024-07-04,SAME_SYMBOL_LOCKOUT
UPPER|BLS|2024-07-04,BLS,2024-07-04,SAME_SYMBOL_LOCKOUT
UPPER|DEEPAKFERT|2024-07-04,DEEPAKFERT,2024-07-04,SAME_SYMBOL_LOCKOUT
UPPER|DRREDDY|2024-07-04,DRREDDY,2024-07-04,SAME_SYMBOL_LOCKOUT
UPPER|GESHIP|2024-07-04,GESHIP,2024-07-04,SAME_SYMBOL_LOCKOUT
UPPER|GODREJPROP|2024-07-04,GODREJPROP,2024-07-04,SAME_SYMBOL_LOCKOUT
UPPER|JSWSTEEL|2024-07-04,JSWSTEEL,2024-07-04,SAME_SYMBOL_LOCKOUT
UPPER|OFSS|2024-07-04,OFSS,2024-07-04,SAME_SYMBOL_LOCKOUT
UPPER|RKFORGE|2024-07-04,RKFORGE,2024-07-04,SAME_SYMBOL_LOCKOUT
UPPER|SIGNATURE|2024-07-04,SIGNATURE,2024-07-04,SAME_SYMBOL_LOCKOUT
UPPER|TIINDIA|2024-07-04,TIINDIA,2024-07-04,SAME_SYMBOL_LOCKOUT
UPPER|WIPRO|2024-07-04,WIPRO,2024-07-04,SAME_SYMBOL_LOCKOUT
UPPER|ACI|2024-07-05,ACI,2024-07-05,SAME_SYMBOL_LOCKOUT
UPPER|ATUL|2024-07-05,ATUL,2024-07-05,SAME_SYMBOL_LOCKOUT
UPPER|CAMS|2024-07-05,CAMS,2024-07-05,SAME_SYMBOL_LOCKOUT
UPPER|CASTROLIND|2024-07-05,CASTROLIND,2024-07-05,SAME_SYMBOL_LOCKOUT
UPPER|DEEPAKFERT|2024-07-05,DEEPAKFERT,2024-07-05,SAME_SYMBOL_LOCKOUT
UPPER|DRREDDY|2024-07-05,DRREDDY,2024-07-05,SAME_SYMBOL_LOCKOUT
UPPER|EPL|2024-07-05,EPL,2024-07-05,SAME_SYMBOL_LOCKOUT
UPPER|GESHIP|2024-07-05,GESHIP,2024-07-05,SAME_SYMBOL_LOCKOUT
UPPER|HDFCAMC|2024-07-05,HDFCAMC,2024-07-05,SAME_SYMBOL_LOCKOUT
UPPER|HFCL|2024-07-05,HFCL,2024-07-05,SAME_SYMBOL_LOCKOUT
UPPER|ICICIBANK|2024-07-05,ICICIBANK,2024-07-05,SAME_SYMBOL_LOCKOUT
UPPER|ICICIPRULI|2024-07-05,ICICIPRULI,2024-07-05,SAME_SYMBOL_LOCKOUT
UPPER|INFY|2024-07-05,INFY,2024-07-05,SAME_SYMBOL_LOCKOUT
UPPER|JSL|2024-07-05,JSL,2024-07-05,SAME_SYMBOL_LOCKOUT
UPPER|METROPOLIS|2024-07-05,METROPOLIS,2024-07-05,SAME_SYMBOL_LOCKOUT
UPPER|NBCC|2024-07-05,NBCC,2024-07-05,SAME_SYMBOL_LOCKOUT
UPPER|NLCINDIA|2024-07-05,NLCINDIA,2024-07-05,SAME_SYMBOL_LOCKOUT
UPPER|PAYTM|2024-07-05,PAYTM,2024-07-05,SAME_SYMBOL_LOCKOUT
UPPER|SHYAMMETL|2024-07-05,SHYAMMETL,2024-07-05,SAME_SYMBOL_LOCKOUT
UPPER|AFFLE|2024-07-08,AFFLE,2024-07-08,SAME_SYMBOL_LOCKOUT
UPPER|APARINDS|2024-07-08,APARINDS,2024-07-08,SAME_SYMBOL_LOCKOUT
UPPER|COFORGE|2024-07-08,COFORGE,2024-07-08,SAME_SYMBOL_LOCKOUT
UPPER|DRREDDY|2024-07-08,DRREDDY,2024-07-08,SAME_SYMBOL_LOCKOUT
UPPER|ELECON|2024-07-08,ELECON,2024-07-08,SAME_SYMBOL_LOCKOUT
UPPER|EPL|2024-07-08,EPL,2024-07-08,SAME_SYMBOL_LOCKOUT
UPPER|INFY|2024-07-08,INFY,2024-07-08,SAME_SYMBOL_LOCKOUT
UPPER|JMFINANCIL|2024-07-08,JMFINANCIL,2024-07-08,SAME_SYMBOL_LOCKOUT
UPPER|JYOTHYLAB|2024-07-08,JYOTHYLAB,2024-07-08,SAME_SYMBOL_LOCKOUT
UPPER|LXCHEM|2024-07-08,LXCHEM,2024-07-08,SAME_SYMBOL_LOCKOUT
UPPER|MPHASIS|2024-07-08,MPHASIS,2024-07-08,SAME_SYMBOL_LOCKOUT
UPPER|NAM-INDIA|2024-07-08,NAM-INDIA,2024-07-08,SAME_SYMBOL_LOCKOUT
UPPER|NBCC|2024-07-08,NBCC,2024-07-08,SAME_SYMBOL_LOCKOUT
UPPER|OIL|2024-07-08,OIL,2024-07-08,SAME_SYMBOL_LOCKOUT
UPPER|RITES|2024-07-08,RITES,2024-07-08,SAME_SYMBOL_LOCKOUT
UPPER|THERMAX|2024-07-08,THERMAX,2024-07-08,SAME_SYMBOL_LOCKOUT
UPPER|AFFLE|2024-07-09,AFFLE,2024-07-09,SAME_SYMBOL_LOCKOUT
UPPER|ATUL|2024-07-09,ATUL,2024-07-09,SAME_SYMBOL_LOCKOUT
UPPER|CASTROLIND|2024-07-09,CASTROLIND,2024-07-09,SAME_SYMBOL_LOCKOUT
UPPER|DEEPAKNTR|2024-07-09,DEEPAKNTR,2024-07-09,SAME_SYMBOL_LOCKOUT
UPPER|EPL|2024-07-09,EPL,2024-07-09,SAME_SYMBOL_LOCKOUT
UPPER|ETERNAL|2024-07-09,ETERNAL,2024-07-09,SAME_SYMBOL_LOCKOUT
UPPER|FSL|2024-07-09,FSL,2024-07-09,SAME_SYMBOL_LOCKOUT
UPPER|GICRE|2024-07-09,GICRE,2024-07-09,SAME_SYMBOL_LOCKOUT
UPPER|INFY|2024-07-09,INFY,2024-07-09,SAME_SYMBOL_LOCKOUT
UPPER|JBMA|2024-07-09,JBMA,2024-07-09,SAME_SYMBOL_LOCKOUT
UPPER|KOTAKBANK|2024-07-09,KOTAKBANK,2024-07-09,SAME_SYMBOL_LOCKOUT
UPPER|LAURUSLABS|2024-07-09,LAURUSLABS,2024-07-09,SAME_SYMBOL_LOCKOUT
UPPER|LXCHEM|2024-07-09,LXCHEM,2024-07-09,SAME_SYMBOL_LOCKOUT
UPPER|MINDACORP|2024-07-09,MINDACORP,2024-07-09,SAME_SYMBOL_LOCKOUT
UPPER|NAM-INDIA|2024-07-09,NAM-INDIA,2024-07-09,SAME_SYMBOL_LOCKOUT
UPPER|NCC|2024-07-09,NCC,2024-07-09,SAME_SYMBOL_LOCKOUT
UPPER|OLECTRA|2024-07-09,OLECTRA,2024-07-09,SAME_SYMBOL_LOCKOUT
UPPER|SIGNATURE|2024-07-09,SIGNATURE,2024-07-09,SAME_SYMBOL_LOCKOUT
UPPER|AUROPHARMA|2024-07-10,AUROPHARMA,2024-07-10,SAME_SYMBOL_LOCKOUT
UPPER|BLS|2024-07-10,BLS,2024-07-10,SAME_SYMBOL_LOCKOUT
UPPER|DRREDDY|2024-07-10,DRREDDY,2024-07-10,SAME_SYMBOL_LOCKOUT
UPPER|ICICIBANK|2024-07-10,ICICIBANK,2024-07-10,SAME_SYMBOL_LOCKOUT
UPPER|INFY|2024-07-10,INFY,2024-07-10,SAME_SYMBOL_LOCKOUT
UPPER|JYOTHYLAB|2024-07-10,JYOTHYLAB,2024-07-10,SAME_SYMBOL_LOCKOUT
UPPER|LAURUSLABS|2024-07-10,LAURUSLABS,2024-07-10,SAME_SYMBOL_LOCKOUT
UPPER|MANAPPURAM|2024-07-10,MANAPPURAM,2024-07-10,SAME_SYMBOL_LOCKOUT
UPPER|NESTLEIND|2024-07-10,NESTLEIND,2024-07-10,SAME_SYMBOL_LOCKOUT
UPPER|TIINDIA|2024-07-10,TIINDIA,2024-07-10,SAME_SYMBOL_LOCKOUT
UPPER|WELCORP|2024-07-10,WELCORP,2024-07-10,SAME_SYMBOL_LOCKOUT
UPPER|ZYDUSLIFE|2024-07-10,ZYDUSLIFE,2024-07-10,SAME_SYMBOL_LOCKOUT
UPPER|DRREDDY|2024-07-11,DRREDDY,2024-07-11,SAME_SYMBOL_LOCKOUT
UPPER|GICRE|2024-07-11,GICRE,2024-07-11,SAME_SYMBOL_LOCKOUT
UPPER|GPPL|2024-07-11,GPPL,2024-07-11,SAME_SYMBOL_LOCKOUT
UPPER|ICICIBANK|2024-07-11,ICICIBANK,2024-07-11,SAME_SYMBOL_LOCKOUT
UPPER|MANAPPURAM|2024-07-11,MANAPPURAM,2024-07-11,SAME_SYMBOL_LOCKOUT
UPPER|NIACL|2024-07-11,NIACL,2024-07-11,SAME_SYMBOL_LOCKOUT
UPPER|SBILIFE|2024-07-11,SBILIFE,2024-07-11,SAME_SYMBOL_LOCKOUT
UPPER|ZYDUSLIFE|2024-07-11,ZYDUSLIFE,2024-07-11,SAME_SYMBOL_LOCKOUT
UPPER|ASIANPAINT|2024-07-12,ASIANPAINT,2024-07-12,SAME_SYMBOL_LOCKOUT
UPPER|BATAINDIA|2024-07-12,BATAINDIA,2024-07-12,SAME_SYMBOL_LOCKOUT
UPPER|ECLERX|2024-07-12,ECLERX,2024-07-12,SAME_SYMBOL_LOCKOUT
UPPER|GPPL|2024-07-12,GPPL,2024-07-12,SAME_SYMBOL_LOCKOUT
UPPER|ITC|2024-07-12,ITC,2024-07-12,SAME_SYMBOL_LOCKOUT
UPPER|PERSISTENT|2024-07-12,PERSISTENT,2024-07-12,SAME_SYMBOL_LOCKOUT
UPPER|PFC|2024-07-12,PFC,2024-07-12,SAME_SYMBOL_LOCKOUT
UPPER|RECLTD|2024-07-12,RECLTD,2024-07-12,SAME_SYMBOL_LOCKOUT
UPPER|SBILIFE|2024-07-12,SBILIFE,2024-07-12,SAME_SYMBOL_LOCKOUT
UPPER|TORNTPHARM|2024-07-12,TORNTPHARM,2024-07-12,SAME_SYMBOL_LOCKOUT
UPPER|WELSPUNLIV|2024-07-12,WELSPUNLIV,2024-07-12,SAME_SYMBOL_LOCKOUT
UPPER|APARINDS|2024-07-15,APARINDS,2024-07-15,SAME_SYMBOL_LOCKOUT
UPPER|APOLLOTYRE|2024-07-15,APOLLOTYRE,2024-07-15,SAME_SYMBOL_LOCKOUT
UPPER|COFORGE|2024-07-15,COFORGE,2024-07-15,SAME_SYMBOL_LOCKOUT
UPPER|DEEPAKNTR|2024-07-15,DEEPAKNTR,2024-07-15,SAME_SYMBOL_LOCKOUT
UPPER|HDFCAMC|2024-07-15,HDFCAMC,2024-07-15,SAME_SYMBOL_LOCKOUT
UPPER|HDFCLIFE|2024-07-15,HDFCLIFE,2024-07-15,SAME_SYMBOL_LOCKOUT
UPPER|JUBLINGREA|2024-07-15,JUBLINGREA,2024-07-15,SAME_SYMBOL_LOCKOUT
UPPER|LUPIN|2024-07-15,LUPIN,2024-07-15,SAME_SYMBOL_LOCKOUT
UPPER|MANAPPURAM|2024-07-15,MANAPPURAM,2024-07-15,SAME_SYMBOL_LOCKOUT
UPPER|METROPOLIS|2024-07-15,METROPOLIS,2024-07-15,SAME_SYMBOL_LOCKOUT
UPPER|MPHASIS|2024-07-15,MPHASIS,2024-07-15,SAME_SYMBOL_LOCKOUT
UPPER|NIACL|2024-07-15,NIACL,2024-07-15,SAME_SYMBOL_LOCKOUT
UPPER|PCBL|2024-07-15,PCBL,2024-07-15,SAME_SYMBOL_LOCKOUT
UPPER|SJVN|2024-07-15,SJVN,2024-07-15,SAME_SYMBOL_LOCKOUT
UPPER|SONATSOFTW|2024-07-15,SONATSOFTW,2024-07-15,SAME_SYMBOL_LOCKOUT
UPPER|STARHEALTH|2024-07-15,STARHEALTH,2024-07-15,SAME_SYMBOL_LOCKOUT
UPPER|STLTECH|2024-07-15,STLTECH,2024-07-15,SAME_SYMBOL_LOCKOUT
UPPER|TCS|2024-07-15,TCS,2024-07-15,SAME_SYMBOL_LOCKOUT
UPPER|TRIVENI|2024-07-15,TRIVENI,2024-07-15,SAME_SYMBOL_LOCKOUT
UPPER|ABBOTINDIA|2024-07-16,ABBOTINDIA,2024-07-16,SAME_SYMBOL_LOCKOUT
UPPER|CAPLIPOINT|2024-07-16,CAPLIPOINT,2024-07-16,SAME_SYMBOL_LOCKOUT
UPPER|GAIL|2024-07-16,GAIL,2024-07-16,SAME_SYMBOL_LOCKOUT
UPPER|GICRE|2024-07-16,GICRE,2024-07-16,SAME_SYMBOL_LOCKOUT
UPPER|HDFCLIFE|2024-07-16,HDFCLIFE,2024-07-16,SAME_SYMBOL_LOCKOUT
UPPER|ICICIGI|2024-07-16,ICICIGI,2024-07-16,SAME_SYMBOL_LOCKOUT
UPPER|ITC|2024-07-16,ITC,2024-07-16,SAME_SYMBOL_LOCKOUT
UPPER|MUTHOOTFIN|2024-07-16,MUTHOOTFIN,2024-07-16,SAME_SYMBOL_LOCKOUT
UPPER|NIACL|2024-07-16,NIACL,2024-07-16,SAME_SYMBOL_LOCKOUT
UPPER|NLCINDIA|2024-07-16,NLCINDIA,2024-07-16,SAME_SYMBOL_LOCKOUT
UPPER|ONGC|2024-07-16,ONGC,2024-07-16,SAME_SYMBOL_LOCKOUT
UPPER|TORNTPHARM|2024-07-16,TORNTPHARM,2024-07-16,SAME_SYMBOL_LOCKOUT
UPPER|TVSSCS|2024-07-16,TVSSCS,2024-07-16,SAME_SYMBOL_LOCKOUT
UPPER|APOLLOTYRE|2024-07-18,APOLLOTYRE,2024-07-18,SAME_SYMBOL_LOCKOUT
UPPER|BATAINDIA|2024-07-18,BATAINDIA,2024-07-18,SAME_SYMBOL_LOCKOUT
UPPER|IGL|2024-07-18,IGL,2024-07-18,SAME_SYMBOL_LOCKOUT
UPPER|MUTHOOTFIN|2024-07-18,MUTHOOTFIN,2024-07-18,SAME_SYMBOL_LOCKOUT
UPPER|PHOENIXLTD|2024-07-18,PHOENIXLTD,2024-07-18,SAME_SYMBOL_LOCKOUT
UPPER|STARHEALTH|2024-07-18,STARHEALTH,2024-07-18,SAME_SYMBOL_LOCKOUT
UPPER|BSOFT|2024-07-19,BSOFT,2024-07-19,SAME_SYMBOL_LOCKOUT
UPPER|COFORGE|2024-07-19,COFORGE,2024-07-19,SAME_SYMBOL_LOCKOUT
UPPER|DEEPAKNTR|2024-07-19,DEEPAKNTR,2024-07-19,SAME_SYMBOL_LOCKOUT
UPPER|ELECON|2024-07-19,ELECON,2024-07-19,SAME_SYMBOL_LOCKOUT
UPPER|INDUSTOWER|2024-07-19,INDUSTOWER,2024-07-19,SAME_SYMBOL_LOCKOUT
UPPER|JUBLPHARMA|2024-07-19,JUBLPHARMA,2024-07-19,SAME_SYMBOL_LOCKOUT
UPPER|MANAPPURAM|2024-07-19,MANAPPURAM,2024-07-19,SAME_SYMBOL_LOCKOUT
UPPER|NAUKRI|2024-07-19,NAUKRI,2024-07-19,SAME_SYMBOL_LOCKOUT
UPPER|NESTLEIND|2024-07-19,NESTLEIND,2024-07-19,SAME_SYMBOL_LOCKOUT
UPPER|TATACONSUM|2024-07-19,TATACONSUM,2024-07-19,SAME_SYMBOL_LOCKOUT
UPPER|TCS|2024-07-19,TCS,2024-07-19,SAME_SYMBOL_LOCKOUT
UPPER|DEEPAKNTR|2024-07-22,DEEPAKNTR,2024-07-22,SAME_SYMBOL_LOCKOUT
UPPER|GODREJCP|2024-07-22,GODREJCP,2024-07-22,SAME_SYMBOL_LOCKOUT
UPPER|LICI|2024-07-22,LICI,2024-07-22,SAME_SYMBOL_LOCKOUT
UPPER|WELSPUNLIV|2024-07-22,WELSPUNLIV,2024-07-22,SAME_SYMBOL_LOCKOUT
UPPER|DEEPAKNTR|2024-07-23,DEEPAKNTR,2024-07-23,SAME_SYMBOL_LOCKOUT
UPPER|ICICIGI|2024-07-23,ICICIGI,2024-07-23,SAME_SYMBOL_LOCKOUT
UPPER|JYOTHYLAB|2024-07-23,JYOTHYLAB,2024-07-23,SAME_SYMBOL_LOCKOUT
UPPER|TCS|2024-07-23,TCS,2024-07-23,SAME_SYMBOL_LOCKOUT
UPPER|COFORGE|2024-07-24,COFORGE,2024-07-24,SAME_SYMBOL_LOCKOUT
UPPER|IGL|2024-07-24,IGL,2024-07-24,SAME_SYMBOL_LOCKOUT
UPPER|INDUSTOWER|2024-07-24,INDUSTOWER,2024-07-24,SAME_SYMBOL_LOCKOUT
UPPER|JYOTHYLAB|2024-07-24,JYOTHYLAB,2024-07-24,SAME_SYMBOL_LOCKOUT
UPPER|PETRONET|2024-07-24,PETRONET,2024-07-24,SAME_SYMBOL_LOCKOUT
UPPER|SONATSOFTW|2024-07-24,SONATSOFTW,2024-07-24,SAME_SYMBOL_LOCKOUT
UPPER|STARHEALTH|2024-07-24,STARHEALTH,2024-07-24,SAME_SYMBOL_LOCKOUT
UPPER|TORNTPHARM|2024-07-24,TORNTPHARM,2024-07-24,SAME_SYMBOL_LOCKOUT
UPPER|WELCORP|2024-07-24,WELCORP,2024-07-24,SAME_SYMBOL_LOCKOUT
UPPER|BALRAMCHIN|2024-07-25,BALRAMCHIN,2024-07-25,SAME_SYMBOL_LOCKOUT
UPPER|CAMPUS|2024-07-25,CAMPUS,2024-07-25,SAME_SYMBOL_LOCKOUT
UPPER|COFORGE|2024-07-25,COFORGE,2024-07-25,SAME_SYMBOL_LOCKOUT
UPPER|JUSTDIAL|2024-07-25,JUSTDIAL,2024-07-25,SAME_SYMBOL_LOCKOUT
UPPER|LICI|2024-07-25,LICI,2024-07-25,SAME_SYMBOL_LOCKOUT
UPPER|LTTS|2024-07-25,LTTS,2024-07-25,SAME_SYMBOL_LOCKOUT
UPPER|NTPC|2024-07-25,NTPC,2024-07-25,SAME_SYMBOL_LOCKOUT
UPPER|PAGEIND|2024-07-25,PAGEIND,2024-07-25,SAME_SYMBOL_LOCKOUT
UPPER|PPLPHARMA|2024-07-25,PPLPHARMA,2024-07-25,SAME_SYMBOL_LOCKOUT
UPPER|WELSPUNLIV|2024-07-25,WELSPUNLIV,2024-07-25,SAME_SYMBOL_LOCKOUT
UPPER|BALRAMCHIN|2024-07-26,BALRAMCHIN,2024-07-26,SAME_SYMBOL_LOCKOUT
UPPER|CAMPUS|2024-07-26,CAMPUS,2024-07-26,SAME_SYMBOL_LOCKOUT
UPPER|CASTROLIND|2024-07-26,CASTROLIND,2024-07-26,SAME_SYMBOL_LOCKOUT
UPPER|DEEPAKNTR|2024-07-26,DEEPAKNTR,2024-07-26,SAME_SYMBOL_LOCKOUT
UPPER|FORTIS|2024-07-26,FORTIS,2024-07-26,SAME_SYMBOL_LOCKOUT
UPPER|GICRE|2024-07-26,GICRE,2024-07-26,SAME_SYMBOL_LOCKOUT
UPPER|IDBI|2024-07-26,IDBI,2024-07-26,SAME_SYMBOL_LOCKOUT
UPPER|LTTS|2024-07-26,LTTS,2024-07-26,SAME_SYMBOL_LOCKOUT
UPPER|LUPIN|2024-07-26,LUPIN,2024-07-26,SAME_SYMBOL_LOCKOUT
UPPER|NIACL|2024-07-26,NIACL,2024-07-26,SAME_SYMBOL_LOCKOUT
UPPER|ONGC|2024-07-26,ONGC,2024-07-26,SAME_SYMBOL_LOCKOUT
UPPER|PAGEIND|2024-07-26,PAGEIND,2024-07-26,SAME_SYMBOL_LOCKOUT
UPPER|PCBL|2024-07-26,PCBL,2024-07-26,SAME_SYMBOL_LOCKOUT
UPPER|PPLPHARMA|2024-07-26,PPLPHARMA,2024-07-26,SAME_SYMBOL_LOCKOUT
UPPER|SJVN|2024-07-26,SJVN,2024-07-26,SAME_SYMBOL_LOCKOUT
UPPER|SONATSOFTW|2024-07-26,SONATSOFTW,2024-07-26,SAME_SYMBOL_LOCKOUT
UPPER|STARHEALTH|2024-07-26,STARHEALTH,2024-07-26,SAME_SYMBOL_LOCKOUT
UPPER|SYNGENE|2024-07-26,SYNGENE,2024-07-26,SAME_SYMBOL_LOCKOUT
UPPER|UTIAMC|2024-07-26,UTIAMC,2024-07-26,SAME_SYMBOL_LOCKOUT
UPPER|WELSPUNLIV|2024-07-26,WELSPUNLIV,2024-07-26,SAME_SYMBOL_LOCKOUT
UPPER|APOLLOTYRE|2024-07-29,APOLLOTYRE,2024-07-29,SAME_SYMBOL_LOCKOUT
UPPER|AUROPHARMA|2024-07-29,AUROPHARMA,2024-07-29,SAME_SYMBOL_LOCKOUT
UPPER|CAMPUS|2024-07-29,CAMPUS,2024-07-29,SAME_SYMBOL_LOCKOUT
UPPER|ICICIGI|2024-07-29,ICICIGI,2024-07-29,SAME_SYMBOL_LOCKOUT
UPPER|IDBI|2024-07-29,IDBI,2024-07-29,SAME_SYMBOL_LOCKOUT
UPPER|IGL|2024-07-29,IGL,2024-07-29,SAME_SYMBOL_LOCKOUT
UPPER|INDIAMART|2024-07-29,INDIAMART,2024-07-29,SAME_SYMBOL_LOCKOUT
UPPER|JUBLINGREA|2024-07-29,JUBLINGREA,2024-07-29,SAME_SYMBOL_LOCKOUT
UPPER|LTTS|2024-07-29,LTTS,2024-07-29,SAME_SYMBOL_LOCKOUT
UPPER|MCX|2024-07-29,MCX,2024-07-29,SAME_SYMBOL_LOCKOUT
UPPER|MRF|2024-07-29,MRF,2024-07-29,SAME_SYMBOL_LOCKOUT
UPPER|NAUKRI|2024-07-29,NAUKRI,2024-07-29,SAME_SYMBOL_LOCKOUT
UPPER|NTPC|2024-07-29,NTPC,2024-07-29,SAME_SYMBOL_LOCKOUT
UPPER|ONGC|2024-07-29,ONGC,2024-07-29,SAME_SYMBOL_LOCKOUT
UPPER|SONATSOFTW|2024-07-29,SONATSOFTW,2024-07-29,SAME_SYMBOL_LOCKOUT
UPPER|SUNPHARMA|2024-07-29,SUNPHARMA,2024-07-29,SAME_SYMBOL_LOCKOUT
UPPER|UTIAMC|2024-07-29,UTIAMC,2024-07-29,SAME_SYMBOL_LOCKOUT
UPPER|APOLLOTYRE|2024-07-30,APOLLOTYRE,2024-07-30,SAME_SYMBOL_LOCKOUT
UPPER|AUROPHARMA|2024-07-30,AUROPHARMA,2024-07-30,SAME_SYMBOL_LOCKOUT
UPPER|HFCL|2024-07-30,HFCL,2024-07-30,SAME_SYMBOL_LOCKOUT
UPPER|ICICIGI|2024-07-30,ICICIGI,2024-07-30,SAME_SYMBOL_LOCKOUT
UPPER|IGL|2024-07-30,IGL,2024-07-30,SAME_SYMBOL_LOCKOUT
UPPER|INDUSTOWER|2024-07-30,INDUSTOWER,2024-07-30,SAME_SYMBOL_LOCKOUT
UPPER|JBCHEPHARM|2024-07-30,JBCHEPHARM,2024-07-30,SAME_SYMBOL_LOCKOUT
UPPER|KFINTECH|2024-07-30,KFINTECH,2024-07-30,SAME_SYMBOL_LOCKOUT
UPPER|LUPIN|2024-07-30,LUPIN,2024-07-30,SAME_SYMBOL_LOCKOUT
UPPER|MCX|2024-07-30,MCX,2024-07-30,SAME_SYMBOL_LOCKOUT
UPPER|MRF|2024-07-30,MRF,2024-07-30,SAME_SYMBOL_LOCKOUT
UPPER|NTPC|2024-07-30,NTPC,2024-07-30,SAME_SYMBOL_LOCKOUT
UPPER|PIDILITIND|2024-07-30,PIDILITIND,2024-07-30,SAME_SYMBOL_LOCKOUT
UPPER|QUESS|2024-07-30,QUESS,2024-07-30,SAME_SYMBOL_LOCKOUT
UPPER|STARHEALTH|2024-07-30,STARHEALTH,2024-07-30,SAME_SYMBOL_LOCKOUT
UPPER|WELSPUNLIV|2024-07-30,WELSPUNLIV,2024-07-30,SAME_SYMBOL_LOCKOUT
UPPER|ABFRL|2024-07-31,ABFRL,2024-07-31,SAME_SYMBOL_LOCKOUT
UPPER|BALRAMCHIN|2024-07-31,BALRAMCHIN,2024-07-31,SAME_SYMBOL_LOCKOUT
UPPER|BERGEPAINT|2024-07-31,BERGEPAINT,2024-07-31,SAME_SYMBOL_LOCKOUT
UPPER|CAMPUS|2024-07-31,CAMPUS,2024-07-31,SAME_SYMBOL_LOCKOUT
UPPER|CAPLIPOINT|2024-07-31,CAPLIPOINT,2024-07-31,SAME_SYMBOL_LOCKOUT
UPPER|HINDPETRO|2024-07-31,HINDPETRO,2024-07-31,SAME_SYMBOL_LOCKOUT
UPPER|IEX|2024-07-31,IEX,2024-07-31,SAME_SYMBOL_LOCKOUT
UPPER|IGL|2024-07-31,IGL,2024-07-31,SAME_SYMBOL_LOCKOUT
UPPER|JMFINANCIL|2024-07-31,JMFINANCIL,2024-07-31,SAME_SYMBOL_LOCKOUT
UPPER|KARURVYSYA|2024-07-31,KARURVYSYA,2024-07-31,SAME_SYMBOL_LOCKOUT
UPPER|MARUTI|2024-07-31,MARUTI,2024-07-31,SAME_SYMBOL_LOCKOUT
UPPER|MCX|2024-07-31,MCX,2024-07-31,SAME_SYMBOL_LOCKOUT
UPPER|MGL|2024-07-31,MGL,2024-07-31,SAME_SYMBOL_LOCKOUT
UPPER|SUNPHARMA|2024-07-31,SUNPHARMA,2024-07-31,SAME_SYMBOL_LOCKOUT
UPPER|TVSMOTOR|2024-07-31,TVSMOTOR,2024-07-31,SAME_SYMBOL_LOCKOUT
UPPER|AARTIIND|2024-08-01,AARTIIND,2024-08-01,SAME_SYMBOL_LOCKOUT
UPPER|BALAMINES|2024-08-01,BALAMINES,2024-08-01,SAME_SYMBOL_LOCKOUT
UPPER|CAPLIPOINT|2024-08-01,CAPLIPOINT,2024-08-01,SAME_SYMBOL_LOCKOUT
UPPER|CUB|2024-08-01,CUB,2024-08-01,SAME_SYMBOL_LOCKOUT
UPPER|GICRE|2024-08-01,GICRE,2024-08-01,SAME_SYMBOL_LOCKOUT
UPPER|HFCL|2024-08-01,HFCL,2024-08-01,SAME_SYMBOL_LOCKOUT
UPPER|HSCL|2024-08-01,HSCL,2024-08-01,SAME_SYMBOL_LOCKOUT
UPPER|LICI|2024-08-01,LICI,2024-08-01,SAME_SYMBOL_LOCKOUT
UPPER|LTTS|2024-08-01,LTTS,2024-08-01,SAME_SYMBOL_LOCKOUT
UPPER|MARUTI|2024-08-01,MARUTI,2024-08-01,SAME_SYMBOL_LOCKOUT
UPPER|MRF|2024-08-01,MRF,2024-08-01,SAME_SYMBOL_LOCKOUT
UPPER|PAYTM|2024-08-01,PAYTM,2024-08-01,SAME_SYMBOL_LOCKOUT
UPPER|SUNPHARMA|2024-08-01,SUNPHARMA,2024-08-01,SAME_SYMBOL_LOCKOUT
UPPER|SWANCORP|2024-08-01,SWANCORP,2024-08-01,SAME_SYMBOL_LOCKOUT
UPPER|TATACOMM|2024-08-01,TATACOMM,2024-08-01,SAME_SYMBOL_LOCKOUT
UPPER|APOLLOHOSP|2024-08-02,APOLLOHOSP,2024-08-02,SAME_SYMBOL_LOCKOUT
UPPER|DRREDDY|2024-08-02,DRREDDY,2024-08-02,SAME_SYMBOL_LOCKOUT
UPPER|GLAXO|2024-08-02,GLAXO,2024-08-02,SAME_SYMBOL_LOCKOUT
UPPER|MUTHOOTFIN|2024-08-02,MUTHOOTFIN,2024-08-02,SAME_SYMBOL_LOCKOUT
UPPER|NTPC|2024-08-02,NTPC,2024-08-02,SAME_SYMBOL_LOCKOUT
UPPER|NYKAA|2024-08-02,NYKAA,2024-08-02,SAME_SYMBOL_LOCKOUT
UPPER|PPLPHARMA|2024-08-02,PPLPHARMA,2024-08-02,SAME_SYMBOL_LOCKOUT
UPPER|TORNTPHARM|2024-08-02,TORNTPHARM,2024-08-02,SAME_SYMBOL_LOCKOUT
UPPER|AJANTPHARM|2024-08-05,AJANTPHARM,2024-08-05,SAME_SYMBOL_LOCKOUT
UPPER|ASIANPAINT|2024-08-05,ASIANPAINT,2024-08-05,SAME_SYMBOL_LOCKOUT
UPPER|DEVYANI|2024-08-05,DEVYANI,2024-08-05,SAME_SYMBOL_LOCKOUT
UPPER|JBCHEPHARM|2024-08-05,JBCHEPHARM,2024-08-05,SAME_SYMBOL_LOCKOUT
UPPER|AWL|2024-08-06,AWL,2024-08-06,SAME_SYMBOL_LOCKOUT
UPPER|TVSMOTOR|2024-08-07,TVSMOTOR,2024-08-07,SAME_SYMBOL_LOCKOUT
UPPER|AARTIIND|2024-08-08,AARTIIND,2024-08-08,SAME_SYMBOL_LOCKOUT
UPPER|APLLTD|2024-08-08,APLLTD,2024-08-08,SAME_SYMBOL_LOCKOUT
UPPER|AWL|2024-08-08,AWL,2024-08-08,SAME_SYMBOL_LOCKOUT
UPPER|CIPLA|2024-08-08,CIPLA,2024-08-08,SAME_SYMBOL_LOCKOUT
UPPER|HFCL|2024-08-08,HFCL,2024-08-08,SAME_SYMBOL_LOCKOUT
UPPER|MINDACORP|2024-08-08,MINDACORP,2024-08-08,SAME_SYMBOL_LOCKOUT
UPPER|PIDILITIND|2024-08-08,PIDILITIND,2024-08-08,SAME_SYMBOL_LOCKOUT
UPPER|CDSL|2024-08-09,CDSL,2024-08-09,SAME_SYMBOL_LOCKOUT
UPPER|HONASA|2024-08-09,HONASA,2024-08-09,SAME_SYMBOL_LOCKOUT
UPPER|JINDALSAW|2024-08-09,JINDALSAW,2024-08-09,SAME_SYMBOL_LOCKOUT
UPPER|MCX|2024-08-09,MCX,2024-08-09,SAME_SYMBOL_LOCKOUT
UPPER|NETWORK18|2024-08-09,NETWORK18,2024-08-09,SAME_SYMBOL_LOCKOUT
UPPER|CDSL|2024-08-12,CDSL,2024-08-12,SAME_SYMBOL_LOCKOUT
UPPER|HFCL|2024-08-12,HFCL,2024-08-12,SAME_SYMBOL_LOCKOUT
UPPER|JUSTDIAL|2024-08-12,JUSTDIAL,2024-08-12,SAME_SYMBOL_LOCKOUT
UPPER|MCX|2024-08-12,MCX,2024-08-12,SAME_SYMBOL_LOCKOUT
UPPER|CIPLA|2024-08-13,CIPLA,2024-08-13,SAME_SYMBOL_LOCKOUT
UPPER|FORTIS|2024-08-13,FORTIS,2024-08-13,SAME_SYMBOL_LOCKOUT
UPPER|GPPL|2024-08-13,GPPL,2024-08-13,SAME_SYMBOL_LOCKOUT
UPPER|HFCL|2024-08-13,HFCL,2024-08-13,SAME_SYMBOL_LOCKOUT
UPPER|MUTHOOTFIN|2024-08-13,MUTHOOTFIN,2024-08-13,SAME_SYMBOL_LOCKOUT
UPPER|ONGC|2024-08-13,ONGC,2024-08-13,SAME_SYMBOL_LOCKOUT
UPPER|PPLPHARMA|2024-08-13,PPLPHARMA,2024-08-13,SAME_SYMBOL_LOCKOUT
UPPER|VOLTAS|2024-08-13,VOLTAS,2024-08-13,SAME_SYMBOL_LOCKOUT
UPPER|PAYTM|2024-08-14,PAYTM,2024-08-14,SAME_SYMBOL_LOCKOUT
UPPER|SUMICHEM|2024-08-14,SUMICHEM,2024-08-14,SAME_SYMBOL_LOCKOUT
UPPER|TRITURBINE|2024-08-14,TRITURBINE,2024-08-14,SAME_SYMBOL_LOCKOUT
UPPER|CCL|2024-08-16,CCL,2024-08-16,SAME_SYMBOL_LOCKOUT
UPPER|FORTIS|2024-08-16,FORTIS,2024-08-16,SAME_SYMBOL_LOCKOUT
UPPER|JBCHEPHARM|2024-08-16,JBCHEPHARM,2024-08-16,SAME_SYMBOL_LOCKOUT
UPPER|JUBLPHARMA|2024-08-16,JUBLPHARMA,2024-08-16,SAME_SYMBOL_LOCKOUT
UPPER|PATANJALI|2024-08-16,PATANJALI,2024-08-16,SAME_SYMBOL_LOCKOUT
UPPER|ASHOKLEY|2024-08-19,ASHOKLEY,2024-08-19,SAME_SYMBOL_LOCKOUT
UPPER|BBTC|2024-08-19,BBTC,2024-08-19,SAME_SYMBOL_LOCKOUT
UPPER|GLAXO|2024-08-19,GLAXO,2024-08-19,SAME_SYMBOL_LOCKOUT
UPPER|HSCL|2024-08-19,HSCL,2024-08-19,SAME_SYMBOL_LOCKOUT
UPPER|METROPOLIS|2024-08-19,METROPOLIS,2024-08-19,SAME_SYMBOL_LOCKOUT
UPPER|NAUKRI|2024-08-19,NAUKRI,2024-08-19,SAME_SYMBOL_LOCKOUT
UPPER|PATANJALI|2024-08-19,PATANJALI,2024-08-19,SAME_SYMBOL_LOCKOUT
UPPER|ASHOKLEY|2024-08-20,ASHOKLEY,2024-08-20,SAME_SYMBOL_LOCKOUT
UPPER|NUVAMA|2024-08-20,NUVAMA,2024-08-20,SAME_SYMBOL_LOCKOUT
UPPER|PETRONET|2024-08-20,PETRONET,2024-08-20,SAME_SYMBOL_LOCKOUT
UPPER|POLICYBZR|2024-08-20,POLICYBZR,2024-08-20,SAME_SYMBOL_LOCKOUT
UPPER|WELCORP|2024-08-20,WELCORP,2024-08-20,SAME_SYMBOL_LOCKOUT
UPPER|ANGELONE|2024-08-21,ANGELONE,2024-08-21,SAME_SYMBOL_LOCKOUT
UPPER|IPCALAB|2024-08-21,IPCALAB,2024-08-21,SAME_SYMBOL_LOCKOUT
UPPER|PETRONET|2024-08-21,PETRONET,2024-08-21,SAME_SYMBOL_LOCKOUT
UPPER|ABBOTINDIA|2024-08-22,ABBOTINDIA,2024-08-22,SAME_SYMBOL_LOCKOUT
UPPER|ALKEM|2024-08-22,ALKEM,2024-08-22,SAME_SYMBOL_LOCKOUT
UPPER|CESC|2024-08-22,CESC,2024-08-22,SAME_SYMBOL_LOCKOUT
UPPER|ECLERX|2024-08-22,ECLERX,2024-08-22,SAME_SYMBOL_LOCKOUT
UPPER|HFCL|2024-08-22,HFCL,2024-08-22,SAME_SYMBOL_LOCKOUT
UPPER|NAUKRI|2024-08-22,NAUKRI,2024-08-22,SAME_SYMBOL_LOCKOUT
UPPER|NETWORK18|2024-08-22,NETWORK18,2024-08-22,SAME_SYMBOL_LOCKOUT
UPPER|SUMICHEM|2024-08-22,SUMICHEM,2024-08-22,SAME_SYMBOL_LOCKOUT
UPPER|BPCL|2024-08-23,BPCL,2024-08-23,SAME_SYMBOL_LOCKOUT
UPPER|JINDALSAW|2024-08-23,JINDALSAW,2024-08-23,SAME_SYMBOL_LOCKOUT
UPPER|MCX|2024-08-23,MCX,2024-08-23,SAME_SYMBOL_LOCKOUT
UPPER|NYKAA|2024-08-23,NYKAA,2024-08-23,SAME_SYMBOL_LOCKOUT
UPPER|ABREL|2024-08-26,ABREL,2024-08-26,SAME_SYMBOL_LOCKOUT
UPPER|FORTIS|2024-08-26,FORTIS,2024-08-26,SAME_SYMBOL_LOCKOUT
UPPER|HFCL|2024-08-26,HFCL,2024-08-26,SAME_SYMBOL_LOCKOUT
UPPER|ASHOKLEY|2024-08-27,ASHOKLEY,2024-08-27,SAME_SYMBOL_LOCKOUT
UPPER|BAJAJ-AUTO|2024-08-27,BAJAJ-AUTO,2024-08-27,SAME_SYMBOL_LOCKOUT
UPPER|CEATLTD|2024-08-27,CEATLTD,2024-08-27,SAME_SYMBOL_LOCKOUT
UPPER|INDHOTEL|2024-08-27,INDHOTEL,2024-08-27,SAME_SYMBOL_LOCKOUT
UPPER|MANKIND|2024-08-27,MANKIND,2024-08-27,SAME_SYMBOL_LOCKOUT
UPPER|TITAN|2024-08-27,TITAN,2024-08-27,SAME_SYMBOL_LOCKOUT
UPPER|WELCORP|2024-08-27,WELCORP,2024-08-27,SAME_SYMBOL_LOCKOUT
UPPER|BLS|2024-08-28,BLS,2024-08-28,SAME_SYMBOL_LOCKOUT
UPPER|CEATLTD|2024-08-28,CEATLTD,2024-08-28,SAME_SYMBOL_LOCKOUT
UPPER|CIPLA|2024-08-28,CIPLA,2024-08-28,SAME_SYMBOL_LOCKOUT
UPPER|INDHOTEL|2024-08-28,INDHOTEL,2024-08-28,SAME_SYMBOL_LOCKOUT
UPPER|LXCHEM|2024-08-28,LXCHEM,2024-08-28,SAME_SYMBOL_LOCKOUT
UPPER|MASTEK|2024-08-28,MASTEK,2024-08-28,SAME_SYMBOL_LOCKOUT
UPPER|PNBHOUSING|2024-08-28,PNBHOUSING,2024-08-28,SAME_SYMBOL_LOCKOUT
UPPER|TATATECH|2024-08-28,TATATECH,2024-08-28,SAME_SYMBOL_LOCKOUT
UPPER|ABBOTINDIA|2024-08-29,ABBOTINDIA,2024-08-29,SAME_SYMBOL_LOCKOUT
UPPER|ALLCARGO|2024-08-29,ALLCARGO,2024-08-29,SAME_SYMBOL_LOCKOUT
UPPER|BSE|2024-08-29,BSE,2024-08-29,SAME_SYMBOL_LOCKOUT
UPPER|CIPLA|2024-08-29,CIPLA,2024-08-29,SAME_SYMBOL_LOCKOUT
UPPER|NETWORK18|2024-08-29,NETWORK18,2024-08-29,SAME_SYMBOL_LOCKOUT
UPPER|BPCL|2024-08-30,BPCL,2024-08-30,SAME_SYMBOL_LOCKOUT
UPPER|BSE|2024-08-30,BSE,2024-08-30,SAME_SYMBOL_LOCKOUT
UPPER|CROMPTON|2024-08-30,CROMPTON,2024-08-30,SAME_SYMBOL_LOCKOUT
UPPER|FDC|2024-08-30,FDC,2024-08-30,SAME_SYMBOL_LOCKOUT
UPPER|FORTIS|2024-08-30,FORTIS,2024-08-30,SAME_SYMBOL_LOCKOUT
UPPER|HFCL|2024-08-30,HFCL,2024-08-30,SAME_SYMBOL_LOCKOUT
UPPER|CIPLA|2024-09-02,CIPLA,2024-09-02,SAME_SYMBOL_LOCKOUT
UPPER|DIVISLAB|2024-09-02,DIVISLAB,2024-09-02,SAME_SYMBOL_LOCKOUT
UPPER|MANKIND|2024-09-02,MANKIND,2024-09-02,SAME_SYMBOL_LOCKOUT
UPPER|MANYAVAR|2024-09-02,MANYAVAR,2024-09-02,SAME_SYMBOL_LOCKOUT
UPPER|UPL|2024-09-02,UPL,2024-09-02,SAME_SYMBOL_LOCKOUT
UPPER|BRITANNIA|2024-09-03,BRITANNIA,2024-09-03,SAME_SYMBOL_LOCKOUT
UPPER|MFSL|2024-09-04,MFSL,2024-09-04,SAME_SYMBOL_LOCKOUT
UPPER|UNITDSPR|2024-09-04,UNITDSPR,2024-09-04,SAME_SYMBOL_LOCKOUT
UPPER|ASIANPAINT|2024-09-05,ASIANPAINT,2024-09-05,SAME_SYMBOL_LOCKOUT
UPPER|CEATLTD|2024-09-05,CEATLTD,2024-09-05,SAME_SYMBOL_LOCKOUT
UPPER|DIVISLAB|2024-09-05,DIVISLAB,2024-09-05,SAME_SYMBOL_LOCKOUT
UPPER|FORTIS|2024-09-05,FORTIS,2024-09-05,SAME_SYMBOL_LOCKOUT
UPPER|INDHOTEL|2024-09-05,INDHOTEL,2024-09-05,SAME_SYMBOL_LOCKOUT
UPPER|MANYAVAR|2024-09-05,MANYAVAR,2024-09-05,SAME_SYMBOL_LOCKOUT
UPPER|MOTILALOFS|2024-09-05,MOTILALOFS,2024-09-05,SAME_SYMBOL_LOCKOUT
UPPER|UNITDSPR|2024-09-05,UNITDSPR,2024-09-05,SAME_SYMBOL_LOCKOUT
UPPER|ASTERDM|2024-09-06,ASTERDM,2024-09-06,SAME_SYMBOL_LOCKOUT
UPPER|BSE|2024-09-06,BSE,2024-09-06,SAME_SYMBOL_LOCKOUT
UPPER|CHOLAFIN|2024-09-06,CHOLAFIN,2024-09-06,SAME_SYMBOL_LOCKOUT
UPPER|CRISIL|2024-09-06,CRISIL,2024-09-06,SAME_SYMBOL_LOCKOUT
UPPER|CYIENT|2024-09-06,CYIENT,2024-09-06,SAME_SYMBOL_LOCKOUT
UPPER|DIVISLAB|2024-09-06,DIVISLAB,2024-09-06,SAME_SYMBOL_LOCKOUT
UPPER|IEX|2024-09-06,IEX,2024-09-06,SAME_SYMBOL_LOCKOUT
UPPER|KEC|2024-09-06,KEC,2024-09-06,SAME_SYMBOL_LOCKOUT
UPPER|LXCHEM|2024-09-06,LXCHEM,2024-09-06,SAME_SYMBOL_LOCKOUT
UPPER|MANYAVAR|2024-09-06,MANYAVAR,2024-09-06,SAME_SYMBOL_LOCKOUT
UPPER|METROPOLIS|2024-09-06,METROPOLIS,2024-09-06,SAME_SYMBOL_LOCKOUT
UPPER|MOTILALOFS|2024-09-06,MOTILALOFS,2024-09-06,SAME_SYMBOL_LOCKOUT
UPPER|RADICO|2024-09-06,RADICO,2024-09-06,SAME_SYMBOL_LOCKOUT
UPPER|TATATECH|2024-09-06,TATATECH,2024-09-06,SAME_SYMBOL_LOCKOUT
UPPER|TVSSCS|2024-09-06,TVSSCS,2024-09-06,SAME_SYMBOL_LOCKOUT
UPPER|UPL|2024-09-06,UPL,2024-09-06,SAME_SYMBOL_LOCKOUT
UPPER|BRITANNIA|2024-09-09,BRITANNIA,2024-09-09,SAME_SYMBOL_LOCKOUT
UPPER|FDC|2024-09-09,FDC,2024-09-09,SAME_SYMBOL_LOCKOUT
UPPER|MEDPLUS|2024-09-09,MEDPLUS,2024-09-09,SAME_SYMBOL_LOCKOUT
UPPER|ABREL|2024-09-10,ABREL,2024-09-10,SAME_SYMBOL_LOCKOUT
UPPER|CONCORDBIO|2024-09-10,CONCORDBIO,2024-09-10,SAME_SYMBOL_LOCKOUT
UPPER|FDC|2024-09-10,FDC,2024-09-10,SAME_SYMBOL_LOCKOUT
UPPER|GILLETTE|2024-09-10,GILLETTE,2024-09-10,SAME_SYMBOL_LOCKOUT
UPPER|JKCEMENT|2024-09-10,JKCEMENT,2024-09-10,SAME_SYMBOL_LOCKOUT
UPPER|METROPOLIS|2024-09-10,METROPOLIS,2024-09-10,SAME_SYMBOL_LOCKOUT
UPPER|RATNAMANI|2024-09-10,RATNAMANI,2024-09-10,SAME_SYMBOL_LOCKOUT
UPPER|TRIVENI|2024-09-10,TRIVENI,2024-09-10,SAME_SYMBOL_LOCKOUT
UPPER|UNITDSPR|2024-09-10,UNITDSPR,2024-09-10,SAME_SYMBOL_LOCKOUT
UPPER|AUBANK|2024-09-11,AUBANK,2024-09-11,SAME_SYMBOL_LOCKOUT
UPPER|BIOCON|2024-09-11,BIOCON,2024-09-11,SAME_SYMBOL_LOCKOUT
UPPER|BSE|2024-09-11,BSE,2024-09-11,SAME_SYMBOL_LOCKOUT
UPPER|DABUR|2024-09-11,DABUR,2024-09-11,SAME_SYMBOL_LOCKOUT
UPPER|DMART|2024-09-11,DMART,2024-09-11,SAME_SYMBOL_LOCKOUT
UPPER|GODREJCP|2024-09-11,GODREJCP,2024-09-11,SAME_SYMBOL_LOCKOUT
UPPER|LXCHEM|2024-09-11,LXCHEM,2024-09-11,SAME_SYMBOL_LOCKOUT
UPPER|METROPOLIS|2024-09-11,METROPOLIS,2024-09-11,SAME_SYMBOL_LOCKOUT
UPPER|MFSL|2024-09-11,MFSL,2024-09-11,SAME_SYMBOL_LOCKOUT
UPPER|PNBHOUSING|2024-09-11,PNBHOUSING,2024-09-11,SAME_SYMBOL_LOCKOUT
UPPER|TATACOMM|2024-09-11,TATACOMM,2024-09-11,SAME_SYMBOL_LOCKOUT
UPPER|TVSSCS|2024-09-11,TVSSCS,2024-09-11,SAME_SYMBOL_LOCKOUT
UPPER|AUBANK|2024-09-12,AUBANK,2024-09-12,SAME_SYMBOL_LOCKOUT
UPPER|IEX|2024-09-12,IEX,2024-09-12,SAME_SYMBOL_LOCKOUT
UPPER|MFSL|2024-09-12,MFSL,2024-09-12,SAME_SYMBOL_LOCKOUT
UPPER|NUVAMA|2024-09-12,NUVAMA,2024-09-12,SAME_SYMBOL_LOCKOUT
UPPER|TATACOMM|2024-09-12,TATACOMM,2024-09-12,SAME_SYMBOL_LOCKOUT
UPPER|AUBANK|2024-09-13,AUBANK,2024-09-13,SAME_SYMBOL_LOCKOUT
UPPER|BLS|2024-09-13,BLS,2024-09-13,SAME_SYMBOL_LOCKOUT
UPPER|CHOLAFIN|2024-09-13,CHOLAFIN,2024-09-13,SAME_SYMBOL_LOCKOUT
UPPER|DEVYANI|2024-09-13,DEVYANI,2024-09-13,SAME_SYMBOL_LOCKOUT
UPPER|HOMEFIRST|2024-09-13,HOMEFIRST,2024-09-13,SAME_SYMBOL_LOCKOUT
UPPER|IEX|2024-09-13,IEX,2024-09-13,SAME_SYMBOL_LOCKOUT
UPPER|M&MFIN|2024-09-13,M&MFIN,2024-09-13,SAME_SYMBOL_LOCKOUT
UPPER|MANKIND|2024-09-13,MANKIND,2024-09-13,SAME_SYMBOL_LOCKOUT
UPPER|NUVAMA|2024-09-13,NUVAMA,2024-09-13,SAME_SYMBOL_LOCKOUT
UPPER|PAGEIND|2024-09-13,PAGEIND,2024-09-13,SAME_SYMBOL_LOCKOUT
UPPER|RATNAMANI|2024-09-13,RATNAMANI,2024-09-13,SAME_SYMBOL_LOCKOUT
UPPER|SBICARD|2024-09-13,SBICARD,2024-09-13,SAME_SYMBOL_LOCKOUT
UPPER|BAJFINANCE|2024-09-16,BAJFINANCE,2024-09-16,SAME_SYMBOL_LOCKOUT
UPPER|JSWENERGY|2024-09-16,JSWENERGY,2024-09-16,SAME_SYMBOL_LOCKOUT
UPPER|JSWSTEEL|2024-09-16,JSWSTEEL,2024-09-16,SAME_SYMBOL_LOCKOUT
UPPER|M&MFIN|2024-09-16,M&MFIN,2024-09-16,SAME_SYMBOL_LOCKOUT
UPPER|MANYAVAR|2024-09-16,MANYAVAR,2024-09-16,SAME_SYMBOL_LOCKOUT
UPPER|PAGEIND|2024-09-16,PAGEIND,2024-09-16,SAME_SYMBOL_LOCKOUT
UPPER|RKFORGE|2024-09-16,RKFORGE,2024-09-16,SAME_SYMBOL_LOCKOUT
UPPER|SHRIRAMFIN|2024-09-16,SHRIRAMFIN,2024-09-16,SAME_SYMBOL_LOCKOUT
UPPER|TATACOMM|2024-09-16,TATACOMM,2024-09-16,SAME_SYMBOL_LOCKOUT
UPPER|VEDL|2024-09-16,VEDL,2024-09-16,SAME_SYMBOL_LOCKOUT
UPPER|BIOCON|2024-09-17,BIOCON,2024-09-17,SAME_SYMBOL_LOCKOUT
UPPER|BSE|2024-09-17,BSE,2024-09-17,SAME_SYMBOL_LOCKOUT
UPPER|CIPLA|2024-09-17,CIPLA,2024-09-17,SAME_SYMBOL_LOCKOUT
UPPER|CRISIL|2024-09-17,CRISIL,2024-09-17,SAME_SYMBOL_LOCKOUT
UPPER|CYIENT|2024-09-17,CYIENT,2024-09-17,SAME_SYMBOL_LOCKOUT
UPPER|DABUR|2024-09-17,DABUR,2024-09-17,SAME_SYMBOL_LOCKOUT
UPPER|IEX|2024-09-17,IEX,2024-09-17,SAME_SYMBOL_LOCKOUT
UPPER|SHRIRAMFIN|2024-09-17,SHRIRAMFIN,2024-09-17,SAME_SYMBOL_LOCKOUT
UPPER|ASTERDM|2024-09-18,ASTERDM,2024-09-18,SAME_SYMBOL_LOCKOUT
UPPER|CHOLAFIN|2024-09-18,CHOLAFIN,2024-09-18,SAME_SYMBOL_LOCKOUT
UPPER|HEROMOTOCO|2024-09-18,HEROMOTOCO,2024-09-18,SAME_SYMBOL_LOCKOUT
UPPER|PAGEIND|2024-09-18,PAGEIND,2024-09-18,SAME_SYMBOL_LOCKOUT
UPPER|PVRINOX|2024-09-18,PVRINOX,2024-09-18,SAME_SYMBOL_LOCKOUT
UPPER|RKFORGE|2024-09-18,RKFORGE,2024-09-18,SAME_SYMBOL_LOCKOUT
UPPER|BAJFINANCE|2024-09-19,BAJFINANCE,2024-09-19,SAME_SYMBOL_LOCKOUT
UPPER|CHOLAFIN|2024-09-19,CHOLAFIN,2024-09-19,SAME_SYMBOL_LOCKOUT
UPPER|DEVYANI|2024-09-19,DEVYANI,2024-09-19,SAME_SYMBOL_LOCKOUT
UPPER|HFCL|2024-09-19,HFCL,2024-09-19,SAME_SYMBOL_LOCKOUT
UPPER|IEX|2024-09-19,IEX,2024-09-19,SAME_SYMBOL_LOCKOUT
UPPER|MFSL|2024-09-19,MFSL,2024-09-19,SAME_SYMBOL_LOCKOUT
UPPER|NAUKRI|2024-09-19,NAUKRI,2024-09-19,SAME_SYMBOL_LOCKOUT
UPPER|SHRIRAMFIN|2024-09-19,SHRIRAMFIN,2024-09-19,SAME_SYMBOL_LOCKOUT
UPPER|EICHERMOT|2024-09-20,EICHERMOT,2024-09-20,SAME_SYMBOL_LOCKOUT
UPPER|FORTIS|2024-09-20,FORTIS,2024-09-20,SAME_SYMBOL_LOCKOUT
UPPER|HFCL|2024-09-20,HFCL,2024-09-20,SAME_SYMBOL_LOCKOUT
UPPER|HOMEFIRST|2024-09-20,HOMEFIRST,2024-09-20,SAME_SYMBOL_LOCKOUT
UPPER|MFSL|2024-09-20,MFSL,2024-09-20,SAME_SYMBOL_LOCKOUT
UPPER|TITAN|2024-09-20,TITAN,2024-09-20,SAME_SYMBOL_LOCKOUT
UPPER|HFCL|2024-09-23,HFCL,2024-09-23,SAME_SYMBOL_LOCKOUT
UPPER|MGL|2024-09-23,MGL,2024-09-23,SAME_SYMBOL_LOCKOUT
UPPER|MOTHERSON|2024-09-23,MOTHERSON,2024-09-23,SAME_SYMBOL_LOCKOUT
UPPER|NAUKRI|2024-09-23,NAUKRI,2024-09-23,SAME_SYMBOL_LOCKOUT
UPPER|ABFRL|2024-09-24,ABFRL,2024-09-24,SAME_SYMBOL_LOCKOUT
UPPER|BLUESTARCO|2024-09-24,BLUESTARCO,2024-09-24,SAME_SYMBOL_LOCKOUT
UPPER|DIXON|2024-09-24,DIXON,2024-09-24,SAME_SYMBOL_LOCKOUT
UPPER|DMART|2024-09-24,DMART,2024-09-24,SAME_SYMBOL_LOCKOUT
UPPER|GRAPHITE|2024-09-24,GRAPHITE,2024-09-24,SAME_SYMBOL_LOCKOUT
UPPER|HEROMOTOCO|2024-09-24,HEROMOTOCO,2024-09-24,SAME_SYMBOL_LOCKOUT
UPPER|INDHOTEL|2024-09-24,INDHOTEL,2024-09-24,SAME_SYMBOL_LOCKOUT
UPPER|JSWENERGY|2024-09-24,JSWENERGY,2024-09-24,SAME_SYMBOL_LOCKOUT
UPPER|METROPOLIS|2024-09-24,METROPOLIS,2024-09-24,SAME_SYMBOL_LOCKOUT
UPPER|MFSL|2024-09-24,MFSL,2024-09-24,SAME_SYMBOL_LOCKOUT
UPPER|MGL|2024-09-24,MGL,2024-09-24,SAME_SYMBOL_LOCKOUT
UPPER|NESTLEIND|2024-09-24,NESTLEIND,2024-09-24,SAME_SYMBOL_LOCKOUT
UPPER|SIGNATURE|2024-09-24,SIGNATURE,2024-09-24,SAME_SYMBOL_LOCKOUT
UPPER|TITAN|2024-09-24,TITAN,2024-09-24,SAME_SYMBOL_LOCKOUT
UPPER|VEDL|2024-09-24,VEDL,2024-09-24,SAME_SYMBOL_LOCKOUT
UPPER|CGPOWER|2024-09-25,CGPOWER,2024-09-25,SAME_SYMBOL_LOCKOUT
UPPER|GRAPHITE|2024-09-25,GRAPHITE,2024-09-25,SAME_SYMBOL_LOCKOUT
UPPER|LLOYDSME|2024-09-25,LLOYDSME,2024-09-25,SAME_SYMBOL_LOCKOUT
UPPER|METROPOLIS|2024-09-25,METROPOLIS,2024-09-25,SAME_SYMBOL_LOCKOUT
UPPER|MGL|2024-09-25,MGL,2024-09-25,SAME_SYMBOL_LOCKOUT
UPPER|PVRINOX|2024-09-25,PVRINOX,2024-09-25,SAME_SYMBOL_LOCKOUT
UPPER|UBL|2024-09-25,UBL,2024-09-25,SAME_SYMBOL_LOCKOUT
UPPER|ADANIGREEN|2024-09-26,ADANIGREEN,2024-09-26,SAME_SYMBOL_LOCKOUT
UPPER|DLF|2024-09-26,DLF,2024-09-26,SAME_SYMBOL_LOCKOUT
UPPER|SIGNATURE|2024-09-26,SIGNATURE,2024-09-26,SAME_SYMBOL_LOCKOUT
UPPER|ABFRL|2024-09-27,ABFRL,2024-09-27,SAME_SYMBOL_LOCKOUT
UPPER|DLF|2024-09-27,DLF,2024-09-27,SAME_SYMBOL_LOCKOUT
UPPER|ESCORTS|2024-09-27,ESCORTS,2024-09-27,SAME_SYMBOL_LOCKOUT
UPPER|JSWSTEEL|2024-09-27,JSWSTEEL,2024-09-27,SAME_SYMBOL_LOCKOUT
UPPER|M&M|2024-09-27,M&M,2024-09-27,SAME_SYMBOL_LOCKOUT
UPPER|MARICO|2024-09-27,MARICO,2024-09-27,SAME_SYMBOL_LOCKOUT
UPPER|NESTLEIND|2024-09-27,NESTLEIND,2024-09-27,SAME_SYMBOL_LOCKOUT
UPPER|NTPC|2024-09-27,NTPC,2024-09-27,SAME_SYMBOL_LOCKOUT
UPPER|PERSISTENT|2024-09-27,PERSISTENT,2024-09-27,SAME_SYMBOL_LOCKOUT
UPPER|RAMCOCEM|2024-09-27,RAMCOCEM,2024-09-27,SAME_SYMBOL_LOCKOUT
UPPER|TITAN|2024-09-27,TITAN,2024-09-27,SAME_SYMBOL_LOCKOUT
UPPER|BAJFINANCE|2024-09-30,BAJFINANCE,2024-09-30,SAME_SYMBOL_LOCKOUT
UPPER|BLUESTARCO|2024-09-30,BLUESTARCO,2024-09-30,SAME_SYMBOL_LOCKOUT
UPPER|HINDALCO|2024-09-30,HINDALCO,2024-09-30,SAME_SYMBOL_LOCKOUT
UPPER|HINDCOPPER|2024-09-30,HINDCOPPER,2024-09-30,SAME_SYMBOL_LOCKOUT
UPPER|PIDILITIND|2024-09-30,PIDILITIND,2024-09-30,SAME_SYMBOL_LOCKOUT
UPPER|PRAJIND|2024-09-30,PRAJIND,2024-09-30,SAME_SYMBOL_LOCKOUT
UPPER|VEDL|2024-09-30,VEDL,2024-09-30,SAME_SYMBOL_LOCKOUT
UPPER|BBTC|2024-10-01,BBTC,2024-10-01,SAME_SYMBOL_LOCKOUT
UPPER|HINDALCO|2024-10-01,HINDALCO,2024-10-01,SAME_SYMBOL_LOCKOUT
UPPER|HINDCOPPER|2024-10-01,HINDCOPPER,2024-10-01,SAME_SYMBOL_LOCKOUT
UPPER|RENUKA|2024-10-01,RENUKA,2024-10-01,SAME_SYMBOL_LOCKOUT
UPPER|TATACOMM|2024-10-01,TATACOMM,2024-10-01,SAME_SYMBOL_LOCKOUT
UPPER|WELCORP|2024-10-01,WELCORP,2024-10-01,SAME_SYMBOL_LOCKOUT
UPPER|HINDALCO|2024-10-03,HINDALCO,2024-10-03,SAME_SYMBOL_LOCKOUT
UPPER|MARICO|2024-10-03,MARICO,2024-10-03,SAME_SYMBOL_LOCKOUT
UPPER|RAMCOCEM|2024-10-03,RAMCOCEM,2024-10-03,SAME_SYMBOL_LOCKOUT
UPPER|TATACHEM|2024-10-03,TATACHEM,2024-10-03,SAME_SYMBOL_LOCKOUT
UPPER|TATACOMM|2024-10-03,TATACOMM,2024-10-03,SAME_SYMBOL_LOCKOUT
UPPER|JSWSTEEL|2024-10-04,JSWSTEEL,2024-10-04,SAME_SYMBOL_LOCKOUT
UPPER|METROPOLIS|2024-10-04,METROPOLIS,2024-10-04,SAME_SYMBOL_LOCKOUT
UPPER|TATACHEM|2024-10-04,TATACHEM,2024-10-04,SAME_SYMBOL_LOCKOUT
UPPER|APTUS|2024-10-07,APTUS,2024-10-07,SAME_SYMBOL_LOCKOUT
UPPER|ECLERX|2024-10-07,ECLERX,2024-10-07,SAME_SYMBOL_LOCKOUT
UPPER|APTUS|2024-10-08,APTUS,2024-10-08,SAME_SYMBOL_LOCKOUT
UPPER|APTUS|2024-10-09,APTUS,2024-10-09,SAME_SYMBOL_LOCKOUT
UPPER|LLOYDSME|2024-10-09,LLOYDSME,2024-10-09,SAME_SYMBOL_LOCKOUT
UPPER|METROPOLIS|2024-10-09,METROPOLIS,2024-10-09,SAME_SYMBOL_LOCKOUT
UPPER|POLYCAB|2024-10-09,POLYCAB,2024-10-09,SAME_SYMBOL_LOCKOUT
UPPER|POWERINDIA|2024-10-09,POWERINDIA,2024-10-09,SAME_SYMBOL_LOCKOUT
UPPER|WHIRLPOOL|2024-10-09,WHIRLPOOL,2024-10-09,SAME_SYMBOL_LOCKOUT
UPPER|ABB|2024-10-10,ABB,2024-10-10,SAME_SYMBOL_LOCKOUT
UPPER|DIXON|2024-10-10,DIXON,2024-10-10,SAME_SYMBOL_LOCKOUT
UPPER|HEG|2024-10-10,HEG,2024-10-10,SAME_SYMBOL_LOCKOUT
UPPER|METROPOLIS|2024-10-10,METROPOLIS,2024-10-10,SAME_SYMBOL_LOCKOUT
UPPER|PAGEIND|2024-10-10,PAGEIND,2024-10-10,SAME_SYMBOL_LOCKOUT
UPPER|TATACHEM|2024-10-10,TATACHEM,2024-10-10,SAME_SYMBOL_LOCKOUT
UPPER|WHIRLPOOL|2024-10-10,WHIRLPOOL,2024-10-10,SAME_SYMBOL_LOCKOUT
UPPER|ANANDRATHI|2024-10-11,ANANDRATHI,2024-10-11,SAME_SYMBOL_LOCKOUT
UPPER|HCLTECH|2024-10-11,HCLTECH,2024-10-11,SAME_SYMBOL_LOCKOUT
UPPER|POWERINDIA|2024-10-11,POWERINDIA,2024-10-11,SAME_SYMBOL_LOCKOUT
UPPER|ABB|2024-10-14,ABB,2024-10-14,SAME_SYMBOL_LOCKOUT
UPPER|APTUS|2024-10-14,APTUS,2024-10-14,SAME_SYMBOL_LOCKOUT
UPPER|NATIONALUM|2024-10-14,NATIONALUM,2024-10-14,SAME_SYMBOL_LOCKOUT
UPPER|HEG|2024-10-15,HEG,2024-10-15,SAME_SYMBOL_LOCKOUT
UPPER|PERSISTENT|2024-10-15,PERSISTENT,2024-10-15,SAME_SYMBOL_LOCKOUT
UPPER|POLYCAB|2024-10-15,POLYCAB,2024-10-15,SAME_SYMBOL_LOCKOUT
UPPER|TECHM|2024-10-15,TECHM,2024-10-15,SAME_SYMBOL_LOCKOUT
UPPER|TECHNOE|2024-10-15,TECHNOE,2024-10-15,SAME_SYMBOL_LOCKOUT
UPPER|FIVESTAR|2024-10-16,FIVESTAR,2024-10-16,SAME_SYMBOL_LOCKOUT
UPPER|OBEROIRLTY|2024-10-16,OBEROIRLTY,2024-10-16,SAME_SYMBOL_LOCKOUT
UPPER|WHIRLPOOL|2024-10-16,WHIRLPOOL,2024-10-16,SAME_SYMBOL_LOCKOUT
UPPER|CAMS|2024-10-17,CAMS,2024-10-17,SAME_SYMBOL_LOCKOUT
UPPER|CRISIL|2024-10-17,CRISIL,2024-10-17,SAME_SYMBOL_LOCKOUT
UPPER|ELECON|2024-10-17,ELECON,2024-10-17,SAME_SYMBOL_LOCKOUT
UPPER|TECHM|2024-10-17,TECHM,2024-10-17,SAME_SYMBOL_LOCKOUT
UPPER|NATIONALUM|2024-10-18,NATIONALUM,2024-10-18,SAME_SYMBOL_LOCKOUT
UPPER|TORNTPOWER|2024-10-18,TORNTPOWER,2024-10-18,SAME_SYMBOL_LOCKOUT
UPPER|ABREL|2024-10-21,ABREL,2024-10-21,SAME_SYMBOL_LOCKOUT
UPPER|ANANDRATHI|2024-10-21,ANANDRATHI,2024-10-21,SAME_SYMBOL_LOCKOUT
UPPER|FINPIPE|2024-10-21,FINPIPE,2024-10-21,SAME_SYMBOL_LOCKOUT
UPPER|NATIONALUM|2024-10-21,NATIONALUM,2024-10-21,SAME_SYMBOL_LOCKOUT
UPPER|TATACHEM|2024-10-21,TATACHEM,2024-10-21,SAME_SYMBOL_LOCKOUT
UPPER|TECHM|2024-10-21,TECHM,2024-10-21,SAME_SYMBOL_LOCKOUT
UPPER|TORNTPOWER|2024-10-22,TORNTPOWER,2024-10-22,SAME_SYMBOL_LOCKOUT
UPPER|WHIRLPOOL|2024-10-22,WHIRLPOOL,2024-10-22,SAME_SYMBOL_LOCKOUT
UPPER|PAYTM|2024-10-24,PAYTM,2024-10-24,SAME_SYMBOL_LOCKOUT
UPPER|COFORGE|2024-10-25,COFORGE,2024-10-25,SAME_SYMBOL_LOCKOUT
UPPER|MFSL|2024-10-25,MFSL,2024-10-25,SAME_SYMBOL_LOCKOUT
UPPER|CRISIL|2024-10-28,CRISIL,2024-10-28,SAME_SYMBOL_LOCKOUT
UPPER|DEEPAKFERT|2024-10-28,DEEPAKFERT,2024-10-28,SAME_SYMBOL_LOCKOUT
UPPER|HCLTECH|2024-10-28,HCLTECH,2024-10-28,SAME_SYMBOL_LOCKOUT
UPPER|CUB|2024-10-30,CUB,2024-10-30,SAME_SYMBOL_LOCKOUT
UPPER|DEEPAKFERT|2024-10-30,DEEPAKFERT,2024-10-30,SAME_SYMBOL_LOCKOUT
UPPER|UTIAMC|2024-10-30,UTIAMC,2024-10-30,SAME_SYMBOL_LOCKOUT
UPPER|RAMCOCEM|2024-10-31,RAMCOCEM,2024-10-31,SAME_SYMBOL_LOCKOUT
UPPER|UTIAMC|2024-10-31,UTIAMC,2024-10-31,SAME_SYMBOL_LOCKOUT
UPPER|SYRMA|2024-11-01,SYRMA,2024-11-01,SAME_SYMBOL_LOCKOUT
UPPER|CUB|2024-11-04,CUB,2024-11-04,SAME_SYMBOL_LOCKOUT
UPPER|FEDERALBNK|2024-11-04,FEDERALBNK,2024-11-04,SAME_SYMBOL_LOCKOUT
UPPER|RAMCOCEM|2024-11-04,RAMCOCEM,2024-11-04,SAME_SYMBOL_LOCKOUT
UPPER|SYRMA|2024-11-04,SYRMA,2024-11-04,SAME_SYMBOL_LOCKOUT
UPPER|ABSLAMC|2024-11-05,ABSLAMC,2024-11-05,SAME_SYMBOL_LOCKOUT
UPPER|DEEPAKFERT|2024-11-05,DEEPAKFERT,2024-11-05,SAME_SYMBOL_LOCKOUT
UPPER|CUB|2024-11-06,CUB,2024-11-06,SAME_SYMBOL_LOCKOUT
UPPER|NAM-INDIA|2024-11-06,NAM-INDIA,2024-11-06,SAME_SYMBOL_LOCKOUT
UPPER|ABSLAMC|2024-11-07,ABSLAMC,2024-11-07,SAME_SYMBOL_LOCKOUT
UPPER|BEML|2024-11-07,BEML,2024-11-07,SAME_SYMBOL_LOCKOUT
UPPER|CUB|2024-11-07,CUB,2024-11-07,SAME_SYMBOL_LOCKOUT
UPPER|FEDERALBNK|2024-11-07,FEDERALBNK,2024-11-07,SAME_SYMBOL_LOCKOUT
UPPER|FSL|2024-11-07,FSL,2024-11-07,SAME_SYMBOL_LOCKOUT
UPPER|GMDCLTD|2024-11-07,GMDCLTD,2024-11-07,SAME_SYMBOL_LOCKOUT
UPPER|KAYNES|2024-11-07,KAYNES,2024-11-07,SAME_SYMBOL_LOCKOUT
UPPER|NUVAMA|2024-11-07,NUVAMA,2024-11-07,SAME_SYMBOL_LOCKOUT
UPPER|OBEROIRLTY|2024-11-07,OBEROIRLTY,2024-11-07,SAME_SYMBOL_LOCKOUT
UPPER|SBIN|2024-11-07,SBIN,2024-11-07,SAME_SYMBOL_LOCKOUT
UPPER|BEML|2024-11-08,BEML,2024-11-08,SAME_SYMBOL_LOCKOUT
UPPER|CUB|2024-11-08,CUB,2024-11-08,SAME_SYMBOL_LOCKOUT
UPPER|DIXON|2024-11-08,DIXON,2024-11-08,SAME_SYMBOL_LOCKOUT
UPPER|FEDERALBNK|2024-11-08,FEDERALBNK,2024-11-08,SAME_SYMBOL_LOCKOUT
UPPER|NETWEB|2024-11-08,NETWEB,2024-11-08,SAME_SYMBOL_LOCKOUT
UPPER|PERSISTENT|2024-11-08,PERSISTENT,2024-11-08,SAME_SYMBOL_LOCKOUT
UPPER|SBIN|2024-11-08,SBIN,2024-11-08,SAME_SYMBOL_LOCKOUT
UPPER|TEJASNET|2024-11-08,TEJASNET,2024-11-08,SAME_SYMBOL_LOCKOUT
UPPER|WIPRO|2024-11-08,WIPRO,2024-11-08,SAME_SYMBOL_LOCKOUT
UPPER|FEDERALBNK|2024-11-11,FEDERALBNK,2024-11-11,SAME_SYMBOL_LOCKOUT
UPPER|WIPRO|2024-11-11,WIPRO,2024-11-11,SAME_SYMBOL_LOCKOUT
UPPER|FEDERALBNK|2024-11-12,FEDERALBNK,2024-11-12,SAME_SYMBOL_LOCKOUT
UPPER|FORTIS|2024-11-12,FORTIS,2024-11-12,SAME_SYMBOL_LOCKOUT
UPPER|HCLTECH|2024-11-14,HCLTECH,2024-11-14,SAME_SYMBOL_LOCKOUT
UPPER|ABSLAMC|2024-11-19,ABSLAMC,2024-11-19,SAME_SYMBOL_LOCKOUT
UPPER|FEDERALBNK|2024-11-19,FEDERALBNK,2024-11-19,SAME_SYMBOL_LOCKOUT
UPPER|FORTIS|2024-11-19,FORTIS,2024-11-19,SAME_SYMBOL_LOCKOUT
UPPER|MASTEK|2024-11-19,MASTEK,2024-11-19,SAME_SYMBOL_LOCKOUT
UPPER|SYRMA|2024-11-19,SYRMA,2024-11-19,SAME_SYMBOL_LOCKOUT
UPPER|KIRLOSBROS|2024-11-21,KIRLOSBROS,2024-11-21,SAME_SYMBOL_LOCKOUT
UPPER|ABSLAMC|2024-11-22,ABSLAMC,2024-11-22,SAME_SYMBOL_LOCKOUT
UPPER|FEDERALBNK|2024-11-22,FEDERALBNK,2024-11-22,SAME_SYMBOL_LOCKOUT
UPPER|FORTIS|2024-11-22,FORTIS,2024-11-22,SAME_SYMBOL_LOCKOUT
UPPER|MASTEK|2024-11-22,MASTEK,2024-11-22,SAME_SYMBOL_LOCKOUT
UPPER|PERSISTENT|2024-11-22,PERSISTENT,2024-11-22,SAME_SYMBOL_LOCKOUT
UPPER|COROMANDEL|2024-11-25,COROMANDEL,2024-11-25,SAME_SYMBOL_LOCKOUT
UPPER|FORTIS|2024-11-25,FORTIS,2024-11-25,SAME_SYMBOL_LOCKOUT
UPPER|HCLTECH|2024-11-25,HCLTECH,2024-11-25,SAME_SYMBOL_LOCKOUT
UPPER|INDHOTEL|2024-11-25,INDHOTEL,2024-11-25,SAME_SYMBOL_LOCKOUT
UPPER|KIMS|2024-11-25,KIMS,2024-11-25,SAME_SYMBOL_LOCKOUT
UPPER|KIRLOSBROS|2024-11-25,KIRLOSBROS,2024-11-25,SAME_SYMBOL_LOCKOUT
UPPER|MASTEK|2024-11-25,MASTEK,2024-11-25,SAME_SYMBOL_LOCKOUT
UPPER|HDFCBANK|2024-11-26,HDFCBANK,2024-11-26,SAME_SYMBOL_LOCKOUT
UPPER|KAYNES|2024-11-26,KAYNES,2024-11-26,SAME_SYMBOL_LOCKOUT
UPPER|MASTEK|2024-11-26,MASTEK,2024-11-26,SAME_SYMBOL_LOCKOUT
UPPER|KFINTECH|2024-11-27,KFINTECH,2024-11-27,SAME_SYMBOL_LOCKOUT
UPPER|MASTEK|2024-11-27,MASTEK,2024-11-27,SAME_SYMBOL_LOCKOUT
UPPER|PERSISTENT|2024-11-27,PERSISTENT,2024-11-27,SAME_SYMBOL_LOCKOUT
UPPER|WIPRO|2024-11-27,WIPRO,2024-11-27,SAME_SYMBOL_LOCKOUT
UPPER|360ONE|2024-11-28,360ONE,2024-11-28,SAME_SYMBOL_LOCKOUT
UPPER|CAMS|2024-11-28,CAMS,2024-11-28,SAME_SYMBOL_LOCKOUT
UPPER|CAPLIPOINT|2024-11-28,CAPLIPOINT,2024-11-28,SAME_SYMBOL_LOCKOUT
UPPER|ECLERX|2024-11-28,ECLERX,2024-11-28,SAME_SYMBOL_LOCKOUT
UPPER|EIDPARRY|2024-11-28,EIDPARRY,2024-11-28,SAME_SYMBOL_LOCKOUT
UPPER|HDFCBANK|2024-11-28,HDFCBANK,2024-11-28,SAME_SYMBOL_LOCKOUT
UPPER|KEC|2024-11-28,KEC,2024-11-28,SAME_SYMBOL_LOCKOUT
UPPER|KFINTECH|2024-11-28,KFINTECH,2024-11-28,SAME_SYMBOL_LOCKOUT
UPPER|KIRLOSBROS|2024-11-28,KIRLOSBROS,2024-11-28,SAME_SYMBOL_LOCKOUT
UPPER|LAURUSLABS|2024-11-28,LAURUSLABS,2024-11-28,SAME_SYMBOL_LOCKOUT
UPPER|PAYTM|2024-11-28,PAYTM,2024-11-28,SAME_SYMBOL_LOCKOUT
UPPER|BEL|2024-11-29,BEL,2024-11-29,SAME_SYMBOL_LOCKOUT
UPPER|CAMS|2024-11-29,CAMS,2024-11-29,SAME_SYMBOL_LOCKOUT
UPPER|DIXON|2024-11-29,DIXON,2024-11-29,SAME_SYMBOL_LOCKOUT
UPPER|KARURVYSYA|2024-11-29,KARURVYSYA,2024-11-29,SAME_SYMBOL_LOCKOUT
UPPER|KFINTECH|2024-11-29,KFINTECH,2024-11-29,SAME_SYMBOL_LOCKOUT
UPPER|PRAJIND|2024-11-29,PRAJIND,2024-11-29,SAME_SYMBOL_LOCKOUT
UPPER|360ONE|2024-12-02,360ONE,2024-12-02,SAME_SYMBOL_LOCKOUT
UPPER|ABSLAMC|2024-12-02,ABSLAMC,2024-12-02,SAME_SYMBOL_LOCKOUT
UPPER|CDSL|2024-12-02,CDSL,2024-12-02,SAME_SYMBOL_LOCKOUT
UPPER|JYOTICNC|2024-12-02,JYOTICNC,2024-12-02,SAME_SYMBOL_LOCKOUT
UPPER|MANYAVAR|2024-12-02,MANYAVAR,2024-12-02,SAME_SYMBOL_LOCKOUT
UPPER|PRAJIND|2024-12-02,PRAJIND,2024-12-02,SAME_SYMBOL_LOCKOUT
UPPER|HDFCBANK|2024-12-03,HDFCBANK,2024-12-03,SAME_SYMBOL_LOCKOUT
UPPER|KIRLOSBROS|2024-12-03,KIRLOSBROS,2024-12-03,SAME_SYMBOL_LOCKOUT
UPPER|LAURUSLABS|2024-12-03,LAURUSLABS,2024-12-03,SAME_SYMBOL_LOCKOUT
UPPER|NAUKRI|2024-12-03,NAUKRI,2024-12-03,SAME_SYMBOL_LOCKOUT
UPPER|POLICYBZR|2024-12-03,POLICYBZR,2024-12-03,SAME_SYMBOL_LOCKOUT
UPPER|SYRMA|2024-12-03,SYRMA,2024-12-03,SAME_SYMBOL_LOCKOUT
UPPER|JYOTICNC|2024-12-04,JYOTICNC,2024-12-04,SAME_SYMBOL_LOCKOUT
UPPER|KIMS|2024-12-04,KIMS,2024-12-04,SAME_SYMBOL_LOCKOUT
UPPER|MASTEK|2024-12-04,MASTEK,2024-12-04,SAME_SYMBOL_LOCKOUT
UPPER|NAUKRI|2024-12-04,NAUKRI,2024-12-04,SAME_SYMBOL_LOCKOUT
UPPER|NAVINFLUOR|2024-12-04,NAVINFLUOR,2024-12-04,SAME_SYMBOL_LOCKOUT
UPPER|PERSISTENT|2024-12-04,PERSISTENT,2024-12-04,SAME_SYMBOL_LOCKOUT
UPPER|POLICYBZR|2024-12-04,POLICYBZR,2024-12-04,SAME_SYMBOL_LOCKOUT
UPPER|TECHM|2024-12-04,TECHM,2024-12-04,SAME_SYMBOL_LOCKOUT
UPPER|AFFLE|2024-12-05,AFFLE,2024-12-05,SAME_SYMBOL_LOCKOUT
UPPER|BANKINDIA|2024-12-05,BANKINDIA,2024-12-05,SAME_SYMBOL_LOCKOUT
UPPER|FACT|2024-12-05,FACT,2024-12-05,SAME_SYMBOL_LOCKOUT
UPPER|FEDERALBNK|2024-12-05,FEDERALBNK,2024-12-05,SAME_SYMBOL_LOCKOUT
UPPER|GICRE|2024-12-05,GICRE,2024-12-05,SAME_SYMBOL_LOCKOUT
UPPER|KIMS|2024-12-05,KIMS,2024-12-05,SAME_SYMBOL_LOCKOUT
UPPER|NAUKRI|2024-12-05,NAUKRI,2024-12-05,SAME_SYMBOL_LOCKOUT
UPPER|NAVINFLUOR|2024-12-05,NAVINFLUOR,2024-12-05,SAME_SYMBOL_LOCKOUT
UPPER|OBEROIRLTY|2024-12-05,OBEROIRLTY,2024-12-05,SAME_SYMBOL_LOCKOUT
UPPER|POLICYBZR|2024-12-05,POLICYBZR,2024-12-05,SAME_SYMBOL_LOCKOUT
UPPER|UCOBANK|2024-12-05,UCOBANK,2024-12-05,SAME_SYMBOL_LOCKOUT
UPPER|BANKINDIA|2024-12-06,BANKINDIA,2024-12-06,SAME_SYMBOL_LOCKOUT
UPPER|BEML|2024-12-06,BEML,2024-12-06,SAME_SYMBOL_LOCKOUT
UPPER|CHAMBLFERT|2024-12-06,CHAMBLFERT,2024-12-06,SAME_SYMBOL_LOCKOUT
UPPER|CUB|2024-12-06,CUB,2024-12-06,SAME_SYMBOL_LOCKOUT
UPPER|DEEPAKFERT|2024-12-06,DEEPAKFERT,2024-12-06,SAME_SYMBOL_LOCKOUT
UPPER|GICRE|2024-12-06,GICRE,2024-12-06,SAME_SYMBOL_LOCKOUT
UPPER|LAURUSLABS|2024-12-06,LAURUSLABS,2024-12-06,SAME_SYMBOL_LOCKOUT
UPPER|MAZDOCK|2024-12-06,MAZDOCK,2024-12-06,SAME_SYMBOL_LOCKOUT
UPPER|NAVINFLUOR|2024-12-06,NAVINFLUOR,2024-12-06,SAME_SYMBOL_LOCKOUT
UPPER|OFSS|2024-12-06,OFSS,2024-12-06,SAME_SYMBOL_LOCKOUT
UPPER|REDINGTON|2024-12-06,REDINGTON,2024-12-06,SAME_SYMBOL_LOCKOUT
UPPER|SBIN|2024-12-06,SBIN,2024-12-06,SAME_SYMBOL_LOCKOUT
UPPER|TECHM|2024-12-06,TECHM,2024-12-06,SAME_SYMBOL_LOCKOUT
UPPER|UNIONBANK|2024-12-06,UNIONBANK,2024-12-06,SAME_SYMBOL_LOCKOUT
UPPER|CUB|2024-12-09,CUB,2024-12-09,SAME_SYMBOL_LOCKOUT
UPPER|DEEPAKFERT|2024-12-09,DEEPAKFERT,2024-12-09,SAME_SYMBOL_LOCKOUT
UPPER|EIDPARRY|2024-12-09,EIDPARRY,2024-12-09,SAME_SYMBOL_LOCKOUT
UPPER|GICRE|2024-12-09,GICRE,2024-12-09,SAME_SYMBOL_LOCKOUT
UPPER|HDFCBANK|2024-12-09,HDFCBANK,2024-12-09,SAME_SYMBOL_LOCKOUT
UPPER|KARURVYSYA|2024-12-09,KARURVYSYA,2024-12-09,SAME_SYMBOL_LOCKOUT
UPPER|MEDANTA|2024-12-09,MEDANTA,2024-12-09,SAME_SYMBOL_LOCKOUT
UPPER|POLICYBZR|2024-12-09,POLICYBZR,2024-12-09,SAME_SYMBOL_LOCKOUT
UPPER|REDINGTON|2024-12-09,REDINGTON,2024-12-09,SAME_SYMBOL_LOCKOUT
UPPER|TECHM|2024-12-09,TECHM,2024-12-09,SAME_SYMBOL_LOCKOUT
UPPER|EIDPARRY|2024-12-10,EIDPARRY,2024-12-10,SAME_SYMBOL_LOCKOUT
UPPER|FACT|2024-12-10,FACT,2024-12-10,SAME_SYMBOL_LOCKOUT
UPPER|HCLTECH|2024-12-10,HCLTECH,2024-12-10,SAME_SYMBOL_LOCKOUT
UPPER|KIMS|2024-12-10,KIMS,2024-12-10,SAME_SYMBOL_LOCKOUT
UPPER|LT|2024-12-10,LT,2024-12-10,SAME_SYMBOL_LOCKOUT
UPPER|MAXHEALTH|2024-12-10,MAXHEALTH,2024-12-10,SAME_SYMBOL_LOCKOUT
UPPER|MEDANTA|2024-12-10,MEDANTA,2024-12-10,SAME_SYMBOL_LOCKOUT
UPPER|REDINGTON|2024-12-10,REDINGTON,2024-12-10,SAME_SYMBOL_LOCKOUT
UPPER|SWANCORP|2024-12-10,SWANCORP,2024-12-10,SAME_SYMBOL_LOCKOUT
UPPER|EIDPARRY|2024-12-11,EIDPARRY,2024-12-11,SAME_SYMBOL_LOCKOUT
UPPER|GICRE|2024-12-11,GICRE,2024-12-11,SAME_SYMBOL_LOCKOUT
UPPER|MAHSEAMLES|2024-12-11,MAHSEAMLES,2024-12-11,SAME_SYMBOL_LOCKOUT
UPPER|NAVINFLUOR|2024-12-11,NAVINFLUOR,2024-12-11,SAME_SYMBOL_LOCKOUT
UPPER|UTIAMC|2024-12-11,UTIAMC,2024-12-11,SAME_SYMBOL_LOCKOUT
UPPER|CAMS|2024-12-12,CAMS,2024-12-12,SAME_SYMBOL_LOCKOUT
UPPER|GPIL|2024-12-12,GPIL,2024-12-12,SAME_SYMBOL_LOCKOUT
UPPER|HCLTECH|2024-12-12,HCLTECH,2024-12-12,SAME_SYMBOL_LOCKOUT
UPPER|MAZDOCK|2024-12-12,MAZDOCK,2024-12-12,SAME_SYMBOL_LOCKOUT
UPPER|MPHASIS|2024-12-12,MPHASIS,2024-12-12,SAME_SYMBOL_LOCKOUT
UPPER|NAUKRI|2024-12-12,NAUKRI,2024-12-12,SAME_SYMBOL_LOCKOUT
UPPER|REDINGTON|2024-12-12,REDINGTON,2024-12-12,SAME_SYMBOL_LOCKOUT
UPPER|SYRMA|2024-12-12,SYRMA,2024-12-12,SAME_SYMBOL_LOCKOUT
UPPER|TECHM|2024-12-12,TECHM,2024-12-12,SAME_SYMBOL_LOCKOUT
UPPER|UTIAMC|2024-12-12,UTIAMC,2024-12-12,SAME_SYMBOL_LOCKOUT
UPPER|VEDL|2024-12-12,VEDL,2024-12-12,SAME_SYMBOL_LOCKOUT
UPPER|WIPRO|2024-12-12,WIPRO,2024-12-12,SAME_SYMBOL_LOCKOUT
UPPER|CHALET|2024-12-13,CHALET,2024-12-13,SAME_SYMBOL_LOCKOUT
UPPER|EIDPARRY|2024-12-13,EIDPARRY,2024-12-13,SAME_SYMBOL_LOCKOUT
UPPER|HAL|2024-12-13,HAL,2024-12-13,SAME_SYMBOL_LOCKOUT
UPPER|LEMONTREE|2024-12-13,LEMONTREE,2024-12-13,SAME_SYMBOL_LOCKOUT
UPPER|LTM|2024-12-13,LTM,2024-12-13,SAME_SYMBOL_LOCKOUT
UPPER|SWANCORP|2024-12-13,SWANCORP,2024-12-13,SAME_SYMBOL_LOCKOUT
UPPER|AFFLE|2024-12-16,AFFLE,2024-12-16,SAME_SYMBOL_LOCKOUT
UPPER|BLS|2024-12-16,BLS,2024-12-16,SAME_SYMBOL_LOCKOUT
UPPER|HBLENGINE|2024-12-16,HBLENGINE,2024-12-16,SAME_SYMBOL_LOCKOUT
UPPER|HCLTECH|2024-12-16,HCLTECH,2024-12-16,SAME_SYMBOL_LOCKOUT
UPPER|PERSISTENT|2024-12-16,PERSISTENT,2024-12-16,SAME_SYMBOL_LOCKOUT
UPPER|SWANCORP|2024-12-16,SWANCORP,2024-12-16,SAME_SYMBOL_LOCKOUT
UPPER|VEDL|2024-12-16,VEDL,2024-12-16,SAME_SYMBOL_LOCKOUT
UPPER|CAPLIPOINT|2024-12-17,CAPLIPOINT,2024-12-17,SAME_SYMBOL_LOCKOUT
UPPER|FACT|2024-12-17,FACT,2024-12-17,SAME_SYMBOL_LOCKOUT
UPPER|GICRE|2024-12-17,GICRE,2024-12-17,SAME_SYMBOL_LOCKOUT
UPPER|HUDCO|2024-12-17,HUDCO,2024-12-17,SAME_SYMBOL_LOCKOUT
UPPER|KAYNES|2024-12-17,KAYNES,2024-12-17,SAME_SYMBOL_LOCKOUT
UPPER|NAUKRI|2024-12-17,NAUKRI,2024-12-17,SAME_SYMBOL_LOCKOUT
UPPER|ZENSARTECH|2024-12-17,ZENSARTECH,2024-12-17,SAME_SYMBOL_LOCKOUT
UPPER|360ONE|2024-12-18,360ONE,2024-12-18,SAME_SYMBOL_LOCKOUT
UPPER|BLS|2024-12-18,BLS,2024-12-18,SAME_SYMBOL_LOCKOUT
UPPER|COROMANDEL|2024-12-18,COROMANDEL,2024-12-18,SAME_SYMBOL_LOCKOUT
UPPER|GICRE|2024-12-18,GICRE,2024-12-18,SAME_SYMBOL_LOCKOUT
UPPER|JYOTICNC|2024-12-18,JYOTICNC,2024-12-18,SAME_SYMBOL_LOCKOUT
UPPER|GVT&D|2024-12-19,GVT&D,2024-12-19,SAME_SYMBOL_LOCKOUT
UPPER|KAYNES|2024-12-19,KAYNES,2024-12-19,SAME_SYMBOL_LOCKOUT
UPPER|OFSS|2024-12-19,OFSS,2024-12-19,SAME_SYMBOL_LOCKOUT
UPPER|SYRMA|2024-12-19,SYRMA,2024-12-19,SAME_SYMBOL_LOCKOUT
UPPER|ACE|2024-12-20,ACE,2024-12-20,SAME_SYMBOL_LOCKOUT
UPPER|BLS|2024-12-20,BLS,2024-12-20,SAME_SYMBOL_LOCKOUT
UPPER|BSE|2024-12-20,BSE,2024-12-20,SAME_SYMBOL_LOCKOUT
UPPER|CRISIL|2024-12-20,CRISIL,2024-12-20,SAME_SYMBOL_LOCKOUT
UPPER|KPRMILL|2024-12-20,KPRMILL,2024-12-20,SAME_SYMBOL_LOCKOUT
UPPER|OFSS|2024-12-20,OFSS,2024-12-20,SAME_SYMBOL_LOCKOUT
UPPER|COROMANDEL|2024-12-23,COROMANDEL,2024-12-23,SAME_SYMBOL_LOCKOUT
UPPER|KFINTECH|2024-12-24,KFINTECH,2024-12-24,SAME_SYMBOL_LOCKOUT
UPPER|360ONE|2024-12-26,360ONE,2024-12-26,SAME_SYMBOL_LOCKOUT
UPPER|INDIACEM|2024-12-26,INDIACEM,2024-12-26,SAME_SYMBOL_LOCKOUT
UPPER|TRIVENI|2024-12-27,TRIVENI,2024-12-27,SAME_SYMBOL_LOCKOUT
UPPER|CONCORDBIO|2024-12-30,CONCORDBIO,2024-12-30,SAME_SYMBOL_LOCKOUT
UPPER|COROMANDEL|2024-12-30,COROMANDEL,2024-12-30,SAME_SYMBOL_LOCKOUT
UPPER|TRIVENI|2024-12-30,TRIVENI,2024-12-30,SAME_SYMBOL_LOCKOUT
UPPER|ABBOTINDIA|2024-12-31,ABBOTINDIA,2024-12-31,SAME_SYMBOL_LOCKOUT
UPPER|CONCORDBIO|2024-12-31,CONCORDBIO,2024-12-31,SAME_SYMBOL_LOCKOUT
UPPER|MUTHOOTFIN|2024-12-31,MUTHOOTFIN,2024-12-31,SAME_SYMBOL_LOCKOUT
UPPER|NEWGEN|2024-12-31,NEWGEN,2024-12-31,SAME_SYMBOL_LOCKOUT
UPPER|ABBOTINDIA|2025-01-02,ABBOTINDIA,2025-01-02,SAME_SYMBOL_LOCKOUT
UPPER|ANANTRAJ|2025-01-02,ANANTRAJ,2025-01-02,SAME_SYMBOL_LOCKOUT
UPPER|VBL|2025-01-02,VBL,2025-01-02,SAME_SYMBOL_LOCKOUT
UPPER|FSL|2025-01-03,FSL,2025-01-03,SAME_SYMBOL_LOCKOUT
UPPER|JUBLFOOD|2025-01-03,JUBLFOOD,2025-01-03,SAME_SYMBOL_LOCKOUT
UPPER|M&M|2025-01-03,M&M,2025-01-03,SAME_SYMBOL_LOCKOUT
UPPER|MUTHOOTFIN|2025-01-03,MUTHOOTFIN,2025-01-03,SAME_SYMBOL_LOCKOUT
UPPER|TBOTEK|2025-01-03,TBOTEK,2025-01-03,SAME_SYMBOL_LOCKOUT
UPPER|WELCORP|2025-01-03,WELCORP,2025-01-03,SAME_SYMBOL_LOCKOUT
UPPER|APARINDS|2025-01-06,APARINDS,2025-01-06,SAME_SYMBOL_LOCKOUT
UPPER|BAJFINANCE|2025-01-06,BAJFINANCE,2025-01-06,SAME_SYMBOL_LOCKOUT
UPPER|BLUESTARCO|2025-01-06,BLUESTARCO,2025-01-06,SAME_SYMBOL_LOCKOUT
UPPER|DEVYANI|2025-01-06,DEVYANI,2025-01-06,SAME_SYMBOL_LOCKOUT
UPPER|JUBLINGREA|2025-01-06,JUBLINGREA,2025-01-06,SAME_SYMBOL_LOCKOUT
UPPER|KIMS|2025-01-06,KIMS,2025-01-06,SAME_SYMBOL_LOCKOUT
UPPER|NAUKRI|2025-01-06,NAUKRI,2025-01-06,SAME_SYMBOL_LOCKOUT
UPPER|TBOTEK|2025-01-06,TBOTEK,2025-01-06,SAME_SYMBOL_LOCKOUT
UPPER|ABBOTINDIA|2025-01-07,ABBOTINDIA,2025-01-07,SAME_SYMBOL_LOCKOUT
UPPER|IPCALAB|2025-01-07,IPCALAB,2025-01-07,SAME_SYMBOL_LOCKOUT
UPPER|KIMS|2025-01-07,KIMS,2025-01-07,SAME_SYMBOL_LOCKOUT
UPPER|NH|2025-01-07,NH,2025-01-07,SAME_SYMBOL_LOCKOUT
UPPER|AEGISLOG|2025-01-08,AEGISLOG,2025-01-08,SAME_SYMBOL_LOCKOUT
UPPER|APARINDS|2025-01-08,APARINDS,2025-01-08,SAME_SYMBOL_LOCKOUT
UPPER|DRREDDY|2025-01-08,DRREDDY,2025-01-08,SAME_SYMBOL_LOCKOUT
UPPER|NH|2025-01-08,NH,2025-01-08,SAME_SYMBOL_LOCKOUT
UPPER|HCLTECH|2025-01-13,HCLTECH,2025-01-13,SAME_SYMBOL_LOCKOUT
UPPER|KIMS|2025-01-13,KIMS,2025-01-13,SAME_SYMBOL_LOCKOUT
UPPER|VIJAYA|2025-01-13,VIJAYA,2025-01-13,SAME_SYMBOL_LOCKOUT
UPPER|BIOCON|2025-01-15,BIOCON,2025-01-15,SAME_SYMBOL_LOCKOUT
UPPER|SBICARD|2025-01-16,SBICARD,2025-01-16,SAME_SYMBOL_LOCKOUT
UPPER|BIOCON|2025-01-17,BIOCON,2025-01-17,SAME_SYMBOL_LOCKOUT
UPPER|MINDACORP|2025-01-20,MINDACORP,2025-01-20,SAME_SYMBOL_LOCKOUT
UPPER|BIOCON|2025-01-21,BIOCON,2025-01-21,SAME_SYMBOL_LOCKOUT
UPPER|SBICARD|2025-01-21,SBICARD,2025-01-21,SAME_SYMBOL_LOCKOUT
UPPER|REDINGTON|2025-01-22,REDINGTON,2025-01-22,SAME_SYMBOL_LOCKOUT
UPPER|AAVAS|2025-01-24,AAVAS,2025-01-24,SAME_SYMBOL_LOCKOUT
UPPER|JKCEMENT|2025-01-29,JKCEMENT,2025-01-29,SAME_SYMBOL_LOCKOUT
UPPER|MANAPPURAM|2025-01-29,MANAPPURAM,2025-01-29,SAME_SYMBOL_LOCKOUT
UPPER|SBICARD|2025-01-29,SBICARD,2025-01-29,SAME_SYMBOL_LOCKOUT
UPPER|BAJAJFINSV|2025-01-30,BAJAJFINSV,2025-01-30,SAME_SYMBOL_LOCKOUT
UPPER|MANAPPURAM|2025-01-30,MANAPPURAM,2025-01-30,SAME_SYMBOL_LOCKOUT
UPPER|SBICARD|2025-01-30,SBICARD,2025-01-30,SAME_SYMBOL_LOCKOUT
UPPER|ZENSARTECH|2025-01-30,ZENSARTECH,2025-01-30,SAME_SYMBOL_LOCKOUT
UPPER|MARICO|2025-01-31,MARICO,2025-01-31,SAME_SYMBOL_LOCKOUT
UPPER|MARUTI|2025-01-31,MARUTI,2025-01-31,SAME_SYMBOL_LOCKOUT
UPPER|SBICARD|2025-01-31,SBICARD,2025-01-31,SAME_SYMBOL_LOCKOUT
UPPER|ZENSARTECH|2025-01-31,ZENSARTECH,2025-01-31,SAME_SYMBOL_LOCKOUT
UPPER|DABUR|2025-02-03,DABUR,2025-02-03,SAME_SYMBOL_LOCKOUT
UPPER|MARICO|2025-02-03,MARICO,2025-02-03,SAME_SYMBOL_LOCKOUT
UPPER|KOTAKBANK|2025-02-04,KOTAKBANK,2025-02-04,SAME_SYMBOL_LOCKOUT
UPPER|WIPRO|2025-02-04,WIPRO,2025-02-04,SAME_SYMBOL_LOCKOUT
UPPER|JKCEMENT|2025-02-05,JKCEMENT,2025-02-05,SAME_SYMBOL_LOCKOUT
UPPER|WIPRO|2025-02-05,WIPRO,2025-02-05,SAME_SYMBOL_LOCKOUT
UPPER|AIAENG|2025-02-06,AIAENG,2025-02-06,SAME_SYMBOL_LOCKOUT
UPPER|LTTS|2025-02-06,LTTS,2025-02-06,SAME_SYMBOL_LOCKOUT
UPPER|NH|2025-02-06,NH,2025-02-06,SAME_SYMBOL_LOCKOUT
UPPER|REDINGTON|2025-02-06,REDINGTON,2025-02-06,SAME_SYMBOL_LOCKOUT
UPPER|WIPRO|2025-02-06,WIPRO,2025-02-06,SAME_SYMBOL_LOCKOUT
UPPER|ZENSARTECH|2025-02-06,ZENSARTECH,2025-02-06,SAME_SYMBOL_LOCKOUT
UPPER|KOTAKBANK|2025-02-07,KOTAKBANK,2025-02-07,SAME_SYMBOL_LOCKOUT
UPPER|KOTAKBANK|2025-02-10,KOTAKBANK,2025-02-10,SAME_SYMBOL_LOCKOUT
UPPER|M&M|2025-02-10,M&M,2025-02-10,SAME_SYMBOL_LOCKOUT
UPPER|NH|2025-02-10,NH,2025-02-10,SAME_SYMBOL_LOCKOUT
UPPER|KOTAKBANK|2025-02-11,KOTAKBANK,2025-02-11,SAME_SYMBOL_LOCKOUT
UPPER|CHOLAFIN|2025-02-13,CHOLAFIN,2025-02-13,SAME_SYMBOL_LOCKOUT
UPPER|SHREECEM|2025-02-13,SHREECEM,2025-02-13,SAME_SYMBOL_LOCKOUT
UPPER|BAJAJFINSV|2025-02-14,BAJAJFINSV,2025-02-14,SAME_SYMBOL_LOCKOUT
UPPER|REDINGTON|2025-02-17,REDINGTON,2025-02-17,SAME_SYMBOL_LOCKOUT
UPPER|BAJAJFINSV|2025-02-18,BAJAJFINSV,2025-02-18,SAME_SYMBOL_LOCKOUT
UPPER|KOTAKBANK|2025-02-19,KOTAKBANK,2025-02-19,SAME_SYMBOL_LOCKOUT
UPPER|SHREECEM|2025-02-19,SHREECEM,2025-02-19,SAME_SYMBOL_LOCKOUT
UPPER|NH|2025-02-20,NH,2025-02-20,SAME_SYMBOL_LOCKOUT
UPPER|SHREECEM|2025-02-20,SHREECEM,2025-02-20,SAME_SYMBOL_LOCKOUT
UPPER|UPL|2025-02-20,UPL,2025-02-20,SAME_SYMBOL_LOCKOUT
UPPER|CHAMBLFERT|2025-02-21,CHAMBLFERT,2025-02-21,SAME_SYMBOL_LOCKOUT
UPPER|NH|2025-02-21,NH,2025-02-21,SAME_SYMBOL_LOCKOUT
UPPER|REDINGTON|2025-02-21,REDINGTON,2025-02-21,SAME_SYMBOL_LOCKOUT
UPPER|BERGEPAINT|2025-02-27,BERGEPAINT,2025-02-27,SAME_SYMBOL_LOCKOUT
UPPER|MANAPPURAM|2025-02-27,MANAPPURAM,2025-02-27,SAME_SYMBOL_LOCKOUT
UPPER|CHOLAHLDNG|2025-02-28,CHOLAHLDNG,2025-02-28,SAME_SYMBOL_LOCKOUT
UPPER|CHOLAHLDNG|2025-03-03,CHOLAHLDNG,2025-03-03,SAME_SYMBOL_LOCKOUT
UPPER|ABBOTINDIA|2025-03-05,ABBOTINDIA,2025-03-05,SAME_SYMBOL_LOCKOUT
UPPER|AVANTIFEED|2025-03-06,AVANTIFEED,2025-03-06,SAME_SYMBOL_LOCKOUT
UPPER|CHOLAFIN|2025-03-06,CHOLAFIN,2025-03-06,SAME_SYMBOL_LOCKOUT
UPPER|BERGEPAINT|2025-03-07,BERGEPAINT,2025-03-07,SAME_SYMBOL_LOCKOUT
UPPER|GLAXO|2025-03-07,GLAXO,2025-03-07,SAME_SYMBOL_LOCKOUT
UPPER|BERGEPAINT|2025-03-10,BERGEPAINT,2025-03-10,SAME_SYMBOL_LOCKOUT
UPPER|GLAXO|2025-03-10,GLAXO,2025-03-10,SAME_SYMBOL_LOCKOUT
UPPER|AVANTIFEED|2025-03-13,AVANTIFEED,2025-03-13,SAME_SYMBOL_LOCKOUT
UPPER|KOTAKBANK|2025-03-17,KOTAKBANK,2025-03-17,SAME_SYMBOL_LOCKOUT
UPPER|CHAMBLFERT|2025-03-19,CHAMBLFERT,2025-03-19,SAME_SYMBOL_LOCKOUT
UPPER|CHOLAHLDNG|2025-03-19,CHOLAHLDNG,2025-03-19,SAME_SYMBOL_LOCKOUT
UPPER|MANAPPURAM|2025-03-19,MANAPPURAM,2025-03-19,SAME_SYMBOL_LOCKOUT
UPPER|CHOLAFIN|2025-03-20,CHOLAFIN,2025-03-20,SAME_SYMBOL_LOCKOUT
UPPER|COALINDIA|2025-03-20,COALINDIA,2025-03-20,SAME_SYMBOL_LOCKOUT
UPPER|HINDALCO|2025-03-20,HINDALCO,2025-03-20,SAME_SYMBOL_LOCKOUT
UPPER|NH|2025-03-20,NH,2025-03-20,SAME_SYMBOL_LOCKOUT
UPPER|NTPC|2025-03-20,NTPC,2025-03-20,SAME_SYMBOL_LOCKOUT
UPPER|SHRIRAMFIN|2025-03-20,SHRIRAMFIN,2025-03-20,SAME_SYMBOL_LOCKOUT
UPPER|TATASTEEL|2025-03-20,TATASTEEL,2025-03-20,SAME_SYMBOL_LOCKOUT
UPPER|DOMS|2025-03-21,DOMS,2025-03-21,SAME_SYMBOL_LOCKOUT
UPPER|HINDALCO|2025-03-21,HINDALCO,2025-03-21,SAME_SYMBOL_LOCKOUT
UPPER|MGL|2025-03-21,MGL,2025-03-21,SAME_SYMBOL_LOCKOUT
UPPER|SHYAMMETL|2025-03-21,SHYAMMETL,2025-03-21,SAME_SYMBOL_LOCKOUT
UPPER|WELCORP|2025-03-21,WELCORP,2025-03-21,SAME_SYMBOL_LOCKOUT
UPPER|BHARTIARTL|2025-03-24,BHARTIARTL,2025-03-24,SAME_SYMBOL_LOCKOUT
UPPER|COALINDIA|2025-03-24,COALINDIA,2025-03-24,SAME_SYMBOL_LOCKOUT
UPPER|GLAXO|2025-03-24,GLAXO,2025-03-24,SAME_SYMBOL_LOCKOUT
UPPER|GODREJAGRO|2025-03-24,GODREJAGRO,2025-03-24,SAME_SYMBOL_LOCKOUT
UPPER|JSWSTEEL|2025-03-24,JSWSTEEL,2025-03-24,SAME_SYMBOL_LOCKOUT
UPPER|MEDANTA|2025-03-24,MEDANTA,2025-03-24,SAME_SYMBOL_LOCKOUT
UPPER|MGL|2025-03-24,MGL,2025-03-24,SAME_SYMBOL_LOCKOUT
UPPER|NH|2025-03-24,NH,2025-03-24,SAME_SYMBOL_LOCKOUT
UPPER|NHPC|2025-03-24,NHPC,2025-03-24,SAME_SYMBOL_LOCKOUT
UPPER|SHYAMMETL|2025-03-24,SHYAMMETL,2025-03-24,SAME_SYMBOL_LOCKOUT
UPPER|WELCORP|2025-03-24,WELCORP,2025-03-24,SAME_SYMBOL_LOCKOUT
UPPER|BHARTIARTL|2025-03-25,BHARTIARTL,2025-03-25,SAME_SYMBOL_LOCKOUT
UPPER|CHAMBLFERT|2025-03-25,CHAMBLFERT,2025-03-25,SAME_SYMBOL_LOCKOUT
UPPER|GRSE|2025-03-25,GRSE,2025-03-25,SAME_SYMBOL_LOCKOUT
UPPER|JSWSTEEL|2025-03-25,JSWSTEEL,2025-03-25,SAME_SYMBOL_LOCKOUT
UPPER|NTPC|2025-03-25,NTPC,2025-03-25,SAME_SYMBOL_LOCKOUT
UPPER|BEL|2025-03-26,BEL,2025-03-26,SAME_SYMBOL_LOCKOUT
UPPER|BHARTIARTL|2025-03-26,BHARTIARTL,2025-03-26,SAME_SYMBOL_LOCKOUT
UPPER|CHAMBLFERT|2025-03-26,CHAMBLFERT,2025-03-26,SAME_SYMBOL_LOCKOUT
UPPER|CHENNPETRO|2025-03-26,CHENNPETRO,2025-03-26,SAME_SYMBOL_LOCKOUT
UPPER|POONAWALLA|2025-03-26,POONAWALLA,2025-03-26,SAME_SYMBOL_LOCKOUT
UPPER|SOLARINDS|2025-03-26,SOLARINDS,2025-03-26,SAME_SYMBOL_LOCKOUT
UPPER|CHAMBLFERT|2025-03-27,CHAMBLFERT,2025-03-27,SAME_SYMBOL_LOCKOUT
UPPER|SHREECEM|2025-03-27,SHREECEM,2025-03-27,SAME_SYMBOL_LOCKOUT
UPPER|SOLARINDS|2025-03-27,SOLARINDS,2025-03-27,SAME_SYMBOL_LOCKOUT
UPPER|ADANIENSOL|2025-03-28,ADANIENSOL,2025-03-28,SAME_SYMBOL_LOCKOUT
UPPER|BEL|2025-03-28,BEL,2025-03-28,SAME_SYMBOL_LOCKOUT
UPPER|CHAMBLFERT|2025-03-28,CHAMBLFERT,2025-03-28,SAME_SYMBOL_LOCKOUT
UPPER|GRASIM|2025-03-28,GRASIM,2025-03-28,SAME_SYMBOL_LOCKOUT
UPPER|HDFCLIFE|2025-03-28,HDFCLIFE,2025-03-28,SAME_SYMBOL_LOCKOUT
UPPER|NHPC|2025-03-28,NHPC,2025-03-28,SAME_SYMBOL_LOCKOUT
UPPER|HAL|2025-04-01,HAL,2025-04-01,SAME_SYMBOL_LOCKOUT
UPPER|NAVA|2025-04-01,NAVA,2025-04-01,SAME_SYMBOL_LOCKOUT
UPPER|SOLARINDS|2025-04-01,SOLARINDS,2025-04-01,SAME_SYMBOL_LOCKOUT
UPPER|BALRAMCHIN|2025-04-02,BALRAMCHIN,2025-04-02,SAME_SYMBOL_LOCKOUT
UPPER|HDFCLIFE|2025-04-02,HDFCLIFE,2025-04-02,SAME_SYMBOL_LOCKOUT
UPPER|ADANIENSOL|2025-04-03,ADANIENSOL,2025-04-03,SAME_SYMBOL_LOCKOUT
UPPER|BALRAMCHIN|2025-04-03,BALRAMCHIN,2025-04-03,SAME_SYMBOL_LOCKOUT
UPPER|BDL|2025-04-03,BDL,2025-04-03,SAME_SYMBOL_LOCKOUT
UPPER|COROMANDEL|2025-04-03,COROMANDEL,2025-04-03,SAME_SYMBOL_LOCKOUT
UPPER|DMART|2025-04-03,DMART,2025-04-03,SAME_SYMBOL_LOCKOUT
UPPER|NMDC|2025-04-03,NMDC,2025-04-03,SAME_SYMBOL_LOCKOUT
UPPER|SHYAMMETL|2025-04-03,SHYAMMETL,2025-04-03,SAME_SYMBOL_LOCKOUT
UPPER|SUMICHEM|2025-04-03,SUMICHEM,2025-04-03,SAME_SYMBOL_LOCKOUT
UPPER|AADHARHFC|2025-04-04,AADHARHFC,2025-04-04,SAME_SYMBOL_LOCKOUT
UPPER|BHARTIARTL|2025-04-04,BHARTIARTL,2025-04-04,SAME_SYMBOL_LOCKOUT
UPPER|TORNTPOWER|2025-04-04,TORNTPOWER,2025-04-04,SAME_SYMBOL_LOCKOUT
UPPER|BHARTIARTL|2025-04-07,BHARTIARTL,2025-04-07,SAME_SYMBOL_LOCKOUT
UPPER|PNBHOUSING|2025-04-08,PNBHOUSING,2025-04-08,SAME_SYMBOL_LOCKOUT
UPPER|ASIANPAINT|2025-04-09,ASIANPAINT,2025-04-09,SAME_SYMBOL_LOCKOUT
UPPER|BERGEPAINT|2025-04-09,BERGEPAINT,2025-04-09,SAME_SYMBOL_LOCKOUT
UPPER|INDIGO|2025-04-09,INDIGO,2025-04-09,SAME_SYMBOL_LOCKOUT
UPPER|AADHARHFC|2025-04-11,AADHARHFC,2025-04-11,SAME_SYMBOL_LOCKOUT
UPPER|ASIANPAINT|2025-04-11,ASIANPAINT,2025-04-11,SAME_SYMBOL_LOCKOUT
UPPER|BPCL|2025-04-11,BPCL,2025-04-11,SAME_SYMBOL_LOCKOUT
UPPER|COROMANDEL|2025-04-11,COROMANDEL,2025-04-11,SAME_SYMBOL_LOCKOUT
UPPER|GMRAIRPORT|2025-04-11,GMRAIRPORT,2025-04-11,SAME_SYMBOL_LOCKOUT
UPPER|TORNTPOWER|2025-04-11,TORNTPOWER,2025-04-11,SAME_SYMBOL_LOCKOUT
UPPER|AADHARHFC|2025-04-15,AADHARHFC,2025-04-15,SAME_SYMBOL_LOCKOUT
UPPER|BHARTIHEXA|2025-04-15,BHARTIHEXA,2025-04-15,SAME_SYMBOL_LOCKOUT
UPPER|BPCL|2025-04-15,BPCL,2025-04-15,SAME_SYMBOL_LOCKOUT
UPPER|BRITANNIA|2025-04-15,BRITANNIA,2025-04-15,SAME_SYMBOL_LOCKOUT
UPPER|HINDPETRO|2025-04-15,HINDPETRO,2025-04-15,SAME_SYMBOL_LOCKOUT
UPPER|JKCEMENT|2025-04-15,JKCEMENT,2025-04-15,SAME_SYMBOL_LOCKOUT
UPPER|MEDANTA|2025-04-15,MEDANTA,2025-04-15,SAME_SYMBOL_LOCKOUT
UPPER|NESTLEIND|2025-04-15,NESTLEIND,2025-04-15,SAME_SYMBOL_LOCKOUT
UPPER|PNBHOUSING|2025-04-15,PNBHOUSING,2025-04-15,SAME_SYMBOL_LOCKOUT
UPPER|RBLBANK|2025-04-15,RBLBANK,2025-04-15,SAME_SYMBOL_LOCKOUT
UPPER|ADANIENSOL|2025-04-16,ADANIENSOL,2025-04-16,SAME_SYMBOL_LOCKOUT
UPPER|AWL|2025-04-16,AWL,2025-04-16,SAME_SYMBOL_LOCKOUT
UPPER|BDL|2025-04-16,BDL,2025-04-16,SAME_SYMBOL_LOCKOUT
UPPER|BRITANNIA|2025-04-16,BRITANNIA,2025-04-16,SAME_SYMBOL_LOCKOUT
UPPER|KPRMILL|2025-04-16,KPRMILL,2025-04-16,SAME_SYMBOL_LOCKOUT
UPPER|POONAWALLA|2025-04-16,POONAWALLA,2025-04-16,SAME_SYMBOL_LOCKOUT
UPPER|TORNTPOWER|2025-04-16,TORNTPOWER,2025-04-16,SAME_SYMBOL_LOCKOUT
UPPER|ASIANPAINT|2025-04-17,ASIANPAINT,2025-04-17,SAME_SYMBOL_LOCKOUT
UPPER|ASTERDM|2025-04-17,ASTERDM,2025-04-17,SAME_SYMBOL_LOCKOUT
UPPER|AWL|2025-04-17,AWL,2025-04-17,SAME_SYMBOL_LOCKOUT
UPPER|BANDHANBNK|2025-04-17,BANDHANBNK,2025-04-17,SAME_SYMBOL_LOCKOUT
UPPER|BHARTIHEXA|2025-04-17,BHARTIHEXA,2025-04-17,SAME_SYMBOL_LOCKOUT
UPPER|BPCL|2025-04-17,BPCL,2025-04-17,SAME_SYMBOL_LOCKOUT
UPPER|GMRAIRPORT|2025-04-17,GMRAIRPORT,2025-04-17,SAME_SYMBOL_LOCKOUT
UPPER|HINDPETRO|2025-04-17,HINDPETRO,2025-04-17,SAME_SYMBOL_LOCKOUT
UPPER|MAPMYINDIA|2025-04-17,MAPMYINDIA,2025-04-17,SAME_SYMBOL_LOCKOUT
UPPER|MARICO|2025-04-17,MARICO,2025-04-17,SAME_SYMBOL_LOCKOUT
UPPER|PNBHOUSING|2025-04-17,PNBHOUSING,2025-04-17,SAME_SYMBOL_LOCKOUT
UPPER|RBLBANK|2025-04-17,RBLBANK,2025-04-17,SAME_SYMBOL_LOCKOUT
UPPER|SBFC|2025-04-17,SBFC,2025-04-17,SAME_SYMBOL_LOCKOUT
UPPER|TATACONSUM|2025-04-17,TATACONSUM,2025-04-17,SAME_SYMBOL_LOCKOUT
UPPER|ZFCVINDIA|2025-04-17,ZFCVINDIA,2025-04-17,SAME_SYMBOL_LOCKOUT
UPPER|AWL|2025-04-21,AWL,2025-04-21,SAME_SYMBOL_LOCKOUT
UPPER|BDL|2025-04-21,BDL,2025-04-21,SAME_SYMBOL_LOCKOUT
UPPER|BRITANNIA|2025-04-21,BRITANNIA,2025-04-21,SAME_SYMBOL_LOCKOUT
UPPER|GRASIM|2025-04-21,GRASIM,2025-04-21,SAME_SYMBOL_LOCKOUT
UPPER|KPRMILL|2025-04-21,KPRMILL,2025-04-21,SAME_SYMBOL_LOCKOUT
UPPER|MAPMYINDIA|2025-04-21,MAPMYINDIA,2025-04-21,SAME_SYMBOL_LOCKOUT
UPPER|PIIND|2025-04-21,PIIND,2025-04-21,SAME_SYMBOL_LOCKOUT
UPPER|RADICO|2025-04-21,RADICO,2025-04-21,SAME_SYMBOL_LOCKOUT
UPPER|ABCAPITAL|2025-04-22,ABCAPITAL,2025-04-22,SAME_SYMBOL_LOCKOUT
UPPER|ADANIENT|2025-04-22,ADANIENT,2025-04-22,SAME_SYMBOL_LOCKOUT
UPPER|BAJAJHFL|2025-04-22,BAJAJHFL,2025-04-22,SAME_SYMBOL_LOCKOUT
UPPER|BANDHANBNK|2025-04-22,BANDHANBNK,2025-04-22,SAME_SYMBOL_LOCKOUT
UPPER|BHARTIHEXA|2025-04-22,BHARTIHEXA,2025-04-22,SAME_SYMBOL_LOCKOUT
UPPER|BHEL|2025-04-22,BHEL,2025-04-22,SAME_SYMBOL_LOCKOUT
UPPER|BIKAJI|2025-04-22,BIKAJI,2025-04-22,SAME_SYMBOL_LOCKOUT
UPPER|BRITANNIA|2025-04-22,BRITANNIA,2025-04-22,SAME_SYMBOL_LOCKOUT
UPPER|CESC|2025-04-22,CESC,2025-04-22,SAME_SYMBOL_LOCKOUT
UPPER|GMRAIRPORT|2025-04-22,GMRAIRPORT,2025-04-22,SAME_SYMBOL_LOCKOUT
UPPER|HINDPETRO|2025-04-22,HINDPETRO,2025-04-22,SAME_SYMBOL_LOCKOUT
UPPER|HUDCO|2025-04-22,HUDCO,2025-04-22,SAME_SYMBOL_LOCKOUT
UPPER|MAZDOCK|2025-04-22,MAZDOCK,2025-04-22,SAME_SYMBOL_LOCKOUT
UPPER|MRF|2025-04-22,MRF,2025-04-22,SAME_SYMBOL_LOCKOUT
UPPER|NBCC|2025-04-22,NBCC,2025-04-22,SAME_SYMBOL_LOCKOUT
UPPER|PIIND|2025-04-22,PIIND,2025-04-22,SAME_SYMBOL_LOCKOUT
UPPER|PNBHOUSING|2025-04-22,PNBHOUSING,2025-04-22,SAME_SYMBOL_LOCKOUT
UPPER|RAMCOCEM|2025-04-22,RAMCOCEM,2025-04-22,SAME_SYMBOL_LOCKOUT
UPPER|TATAPOWER|2025-04-22,TATAPOWER,2025-04-22,SAME_SYMBOL_LOCKOUT
UPPER|UPL|2025-04-22,UPL,2025-04-22,SAME_SYMBOL_LOCKOUT
UPPER|BALRAMCHIN|2025-04-23,BALRAMCHIN,2025-04-23,SAME_SYMBOL_LOCKOUT
UPPER|BANDHANBNK|2025-04-23,BANDHANBNK,2025-04-23,SAME_SYMBOL_LOCKOUT
UPPER|BHARTIHEXA|2025-04-23,BHARTIHEXA,2025-04-23,SAME_SYMBOL_LOCKOUT
UPPER|CANFINHOME|2025-04-23,CANFINHOME,2025-04-23,SAME_SYMBOL_LOCKOUT
UPPER|CHOLAHLDNG|2025-04-23,CHOLAHLDNG,2025-04-23,SAME_SYMBOL_LOCKOUT
UPPER|ENGINERSIN|2025-04-23,ENGINERSIN,2025-04-23,SAME_SYMBOL_LOCKOUT
UPPER|JKCEMENT|2025-04-23,JKCEMENT,2025-04-23,SAME_SYMBOL_LOCKOUT
UPPER|KPRMILL|2025-04-23,KPRMILL,2025-04-23,SAME_SYMBOL_LOCKOUT
UPPER|MAPMYINDIA|2025-04-23,MAPMYINDIA,2025-04-23,SAME_SYMBOL_LOCKOUT
UPPER|MAZDOCK|2025-04-23,MAZDOCK,2025-04-23,SAME_SYMBOL_LOCKOUT
UPPER|MRF|2025-04-23,MRF,2025-04-23,SAME_SYMBOL_LOCKOUT
UPPER|POONAWALLA|2025-04-23,POONAWALLA,2025-04-23,SAME_SYMBOL_LOCKOUT
UPPER|RADICO|2025-04-23,RADICO,2025-04-23,SAME_SYMBOL_LOCKOUT
UPPER|SAREGAMA|2025-04-23,SAREGAMA,2025-04-23,SAME_SYMBOL_LOCKOUT
UPPER|TATAPOWER|2025-04-23,TATAPOWER,2025-04-23,SAME_SYMBOL_LOCKOUT
UPPER|UPL|2025-04-23,UPL,2025-04-23,SAME_SYMBOL_LOCKOUT
UPPER|ACC|2025-04-24,ACC,2025-04-24,SAME_SYMBOL_LOCKOUT
UPPER|ASIANPAINT|2025-04-24,ASIANPAINT,2025-04-24,SAME_SYMBOL_LOCKOUT
UPPER|BAJAJHFL|2025-04-24,BAJAJHFL,2025-04-24,SAME_SYMBOL_LOCKOUT
UPPER|BANDHANBNK|2025-04-24,BANDHANBNK,2025-04-24,SAME_SYMBOL_LOCKOUT
UPPER|BRITANNIA|2025-04-24,BRITANNIA,2025-04-24,SAME_SYMBOL_LOCKOUT
UPPER|CANFINHOME|2025-04-24,CANFINHOME,2025-04-24,SAME_SYMBOL_LOCKOUT
UPPER|IEX|2025-04-24,IEX,2025-04-24,SAME_SYMBOL_LOCKOUT
UPPER|LAURUSLABS|2025-04-24,LAURUSLABS,2025-04-24,SAME_SYMBOL_LOCKOUT
UPPER|LICHSGFIN|2025-04-24,LICHSGFIN,2025-04-24,SAME_SYMBOL_LOCKOUT
UPPER|LODHA|2025-04-24,LODHA,2025-04-24,SAME_SYMBOL_LOCKOUT
UPPER|MAZDOCK|2025-04-24,MAZDOCK,2025-04-24,SAME_SYMBOL_LOCKOUT
UPPER|NESTLEIND|2025-04-24,NESTLEIND,2025-04-24,SAME_SYMBOL_LOCKOUT
UPPER|PNBHOUSING|2025-04-24,PNBHOUSING,2025-04-24,SAME_SYMBOL_LOCKOUT
UPPER|RAMCOCEM|2025-04-24,RAMCOCEM,2025-04-24,SAME_SYMBOL_LOCKOUT
UPPER|RPOWER|2025-04-24,RPOWER,2025-04-24,SAME_SYMBOL_LOCKOUT
UPPER|TATAPOWER|2025-04-24,TATAPOWER,2025-04-24,SAME_SYMBOL_LOCKOUT
UPPER|TVSMOTOR|2025-04-24,TVSMOTOR,2025-04-24,SAME_SYMBOL_LOCKOUT
UPPER|UNITDSPR|2025-04-24,UNITDSPR,2025-04-24,SAME_SYMBOL_LOCKOUT
UPPER|APOLLOTYRE|2025-04-25,APOLLOTYRE,2025-04-25,SAME_SYMBOL_LOCKOUT
UPPER|ASHOKLEY|2025-04-25,ASHOKLEY,2025-04-25,SAME_SYMBOL_LOCKOUT
UPPER|BALRAMCHIN|2025-04-25,BALRAMCHIN,2025-04-25,SAME_SYMBOL_LOCKOUT
UPPER|BSE|2025-04-25,BSE,2025-04-25,SAME_SYMBOL_LOCKOUT
UPPER|CEATLTD|2025-04-25,CEATLTD,2025-04-25,SAME_SYMBOL_LOCKOUT
UPPER|CHOLAHLDNG|2025-04-25,CHOLAHLDNG,2025-04-25,SAME_SYMBOL_LOCKOUT
UPPER|CIPLA|2025-04-25,CIPLA,2025-04-25,SAME_SYMBOL_LOCKOUT
UPPER|DALBHARAT|2025-04-25,DALBHARAT,2025-04-25,SAME_SYMBOL_LOCKOUT
UPPER|DEEPAKFERT|2025-04-25,DEEPAKFERT,2025-04-25,SAME_SYMBOL_LOCKOUT
UPPER|HDFCLIFE|2025-04-25,HDFCLIFE,2025-04-25,SAME_SYMBOL_LOCKOUT
UPPER|IEX|2025-04-25,IEX,2025-04-25,SAME_SYMBOL_LOCKOUT
UPPER|LODHA|2025-04-25,LODHA,2025-04-25,SAME_SYMBOL_LOCKOUT
UPPER|MCX|2025-04-25,MCX,2025-04-25,SAME_SYMBOL_LOCKOUT
UPPER|NAVINFLUOR|2025-04-25,NAVINFLUOR,2025-04-25,SAME_SYMBOL_LOCKOUT
UPPER|PIDILITIND|2025-04-25,PIDILITIND,2025-04-25,SAME_SYMBOL_LOCKOUT
UPPER|SAIL|2025-04-25,SAIL,2025-04-25,SAME_SYMBOL_LOCKOUT
UPPER|SBFC|2025-04-25,SBFC,2025-04-25,SAME_SYMBOL_LOCKOUT
UPPER|TATAPOWER|2025-04-25,TATAPOWER,2025-04-25,SAME_SYMBOL_LOCKOUT
UPPER|ASTERDM|2025-04-28,ASTERDM,2025-04-28,SAME_SYMBOL_LOCKOUT
UPPER|BSE|2025-04-28,BSE,2025-04-28,SAME_SYMBOL_LOCKOUT
UPPER|CHOLAHLDNG|2025-04-28,CHOLAHLDNG,2025-04-28,SAME_SYMBOL_LOCKOUT
UPPER|KIMS|2025-04-28,KIMS,2025-04-28,SAME_SYMBOL_LOCKOUT
UPPER|TVSMOTOR|2025-04-28,TVSMOTOR,2025-04-28,SAME_SYMBOL_LOCKOUT
UPPER|ULTRACEMCO|2025-04-28,ULTRACEMCO,2025-04-28,SAME_SYMBOL_LOCKOUT
UPPER|ASTERDM|2025-04-29,ASTERDM,2025-04-29,SAME_SYMBOL_LOCKOUT
UPPER|BANKBARODA|2025-04-29,BANKBARODA,2025-04-29,SAME_SYMBOL_LOCKOUT
UPPER|BHEL|2025-04-29,BHEL,2025-04-29,SAME_SYMBOL_LOCKOUT
UPPER|INDIANB|2025-04-29,INDIANB,2025-04-29,SAME_SYMBOL_LOCKOUT
UPPER|LICHSGFIN|2025-04-29,LICHSGFIN,2025-04-29,SAME_SYMBOL_LOCKOUT
UPPER|MAPMYINDIA|2025-04-29,MAPMYINDIA,2025-04-29,SAME_SYMBOL_LOCKOUT
UPPER|NYKAA|2025-04-29,NYKAA,2025-04-29,SAME_SYMBOL_LOCKOUT
UPPER|PNB|2025-04-29,PNB,2025-04-29,SAME_SYMBOL_LOCKOUT
UPPER|POLYMED|2025-04-29,POLYMED,2025-04-29,SAME_SYMBOL_LOCKOUT
UPPER|TATACONSUM|2025-04-29,TATACONSUM,2025-04-29,SAME_SYMBOL_LOCKOUT
UPPER|TATAPOWER|2025-04-29,TATAPOWER,2025-04-29,SAME_SYMBOL_LOCKOUT
UPPER|APOLLOTYRE|2025-04-30,APOLLOTYRE,2025-04-30,SAME_SYMBOL_LOCKOUT
UPPER|BEL|2025-04-30,BEL,2025-04-30,SAME_SYMBOL_LOCKOUT
UPPER|BHARTIHEXA|2025-04-30,BHARTIHEXA,2025-04-30,SAME_SYMBOL_LOCKOUT
UPPER|BPCL|2025-04-30,BPCL,2025-04-30,SAME_SYMBOL_LOCKOUT
UPPER|CIPLA|2025-04-30,CIPLA,2025-04-30,SAME_SYMBOL_LOCKOUT
UPPER|GRSE|2025-04-30,GRSE,2025-04-30,SAME_SYMBOL_LOCKOUT
UPPER|HINDPETRO|2025-04-30,HINDPETRO,2025-04-30,SAME_SYMBOL_LOCKOUT
UPPER|INDIAMART|2025-04-30,INDIAMART,2025-04-30,SAME_SYMBOL_LOCKOUT
UPPER|IOC|2025-04-30,IOC,2025-04-30,SAME_SYMBOL_LOCKOUT
UPPER|RELIANCE|2025-04-30,RELIANCE,2025-04-30,SAME_SYMBOL_LOCKOUT
UPPER|ADANIPORTS|2025-05-02,ADANIPORTS,2025-05-02,SAME_SYMBOL_LOCKOUT
UPPER|BHARTIHEXA|2025-05-02,BHARTIHEXA,2025-05-02,SAME_SYMBOL_LOCKOUT
UPPER|CEATLTD|2025-05-02,CEATLTD,2025-05-02,SAME_SYMBOL_LOCKOUT
UPPER|CREDITACC|2025-05-02,CREDITACC,2025-05-02,SAME_SYMBOL_LOCKOUT
UPPER|JIOFIN|2025-05-02,JIOFIN,2025-05-02,SAME_SYMBOL_LOCKOUT
UPPER|MAZDOCK|2025-05-02,MAZDOCK,2025-05-02,SAME_SYMBOL_LOCKOUT
UPPER|MCX|2025-05-02,MCX,2025-05-02,SAME_SYMBOL_LOCKOUT
UPPER|POWERINDIA|2025-05-02,POWERINDIA,2025-05-02,SAME_SYMBOL_LOCKOUT
UPPER|UPL|2025-05-02,UPL,2025-05-02,SAME_SYMBOL_LOCKOUT
UPPER|ADANIENT|2025-05-05,ADANIENT,2025-05-05,SAME_SYMBOL_LOCKOUT
UPPER|ATUL|2025-05-05,ATUL,2025-05-05,SAME_SYMBOL_LOCKOUT
UPPER|BDL|2025-05-05,BDL,2025-05-05,SAME_SYMBOL_LOCKOUT
UPPER|CEATLTD|2025-05-05,CEATLTD,2025-05-05,SAME_SYMBOL_LOCKOUT
UPPER|ELECON|2025-05-05,ELECON,2025-05-05,SAME_SYMBOL_LOCKOUT
UPPER|GODREJCP|2025-05-05,GODREJCP,2025-05-05,SAME_SYMBOL_LOCKOUT
UPPER|HONASA|2025-05-05,HONASA,2025-05-05,SAME_SYMBOL_LOCKOUT
UPPER|MARICO|2025-05-05,MARICO,2025-05-05,SAME_SYMBOL_LOCKOUT
UPPER|POWERINDIA|2025-05-05,POWERINDIA,2025-05-05,SAME_SYMBOL_LOCKOUT
UPPER|ASTERDM|2025-05-06,ASTERDM,2025-05-06,SAME_SYMBOL_LOCKOUT
UPPER|BDL|2025-05-06,BDL,2025-05-06,SAME_SYMBOL_LOCKOUT
UPPER|BHARTIARTL|2025-05-06,BHARTIARTL,2025-05-06,SAME_SYMBOL_LOCKOUT
UPPER|BOSCHLTD|2025-05-06,BOSCHLTD,2025-05-06,SAME_SYMBOL_LOCKOUT
UPPER|CESC|2025-05-06,CESC,2025-05-06,SAME_SYMBOL_LOCKOUT
UPPER|EMAMILTD|2025-05-06,EMAMILTD,2025-05-06,SAME_SYMBOL_LOCKOUT
UPPER|IOC|2025-05-06,IOC,2025-05-06,SAME_SYMBOL_LOCKOUT
UPPER|JKTYRE|2025-05-06,JKTYRE,2025-05-06,SAME_SYMBOL_LOCKOUT
UPPER|JYOTICNC|2025-05-06,JYOTICNC,2025-05-06,SAME_SYMBOL_LOCKOUT
UPPER|MGL|2025-05-06,MGL,2025-05-06,SAME_SYMBOL_LOCKOUT
UPPER|MSUMI|2025-05-06,MSUMI,2025-05-06,SAME_SYMBOL_LOCKOUT
UPPER|NYKAA|2025-05-06,NYKAA,2025-05-06,SAME_SYMBOL_LOCKOUT
UPPER|RADICO|2025-05-06,RADICO,2025-05-06,SAME_SYMBOL_LOCKOUT
UPPER|BHARTIARTL|2025-05-07,BHARTIARTL,2025-05-07,SAME_SYMBOL_LOCKOUT
UPPER|BOSCHLTD|2025-05-07,BOSCHLTD,2025-05-07,SAME_SYMBOL_LOCKOUT
UPPER|BSE|2025-05-07,BSE,2025-05-07,SAME_SYMBOL_LOCKOUT
UPPER|JKTYRE|2025-05-07,JKTYRE,2025-05-07,SAME_SYMBOL_LOCKOUT
UPPER|MGL|2025-05-07,MGL,2025-05-07,SAME_SYMBOL_LOCKOUT
UPPER|POLYMED|2025-05-07,POLYMED,2025-05-07,SAME_SYMBOL_LOCKOUT
UPPER|RADICO|2025-05-07,RADICO,2025-05-07,SAME_SYMBOL_LOCKOUT
UPPER|SRF|2025-05-07,SRF,2025-05-07,SAME_SYMBOL_LOCKOUT
UPPER|UNITDSPR|2025-05-07,UNITDSPR,2025-05-07,SAME_SYMBOL_LOCKOUT
UPPER|APLAPOLLO|2025-05-08,APLAPOLLO,2025-05-08,SAME_SYMBOL_LOCKOUT
UPPER|APOLLOTYRE|2025-05-08,APOLLOTYRE,2025-05-08,SAME_SYMBOL_LOCKOUT
UPPER|ASTERDM|2025-05-08,ASTERDM,2025-05-08,SAME_SYMBOL_LOCKOUT
UPPER|BSE|2025-05-08,BSE,2025-05-08,SAME_SYMBOL_LOCKOUT
UPPER|CESC|2025-05-08,CESC,2025-05-08,SAME_SYMBOL_LOCKOUT
UPPER|ELECON|2025-05-08,ELECON,2025-05-08,SAME_SYMBOL_LOCKOUT
UPPER|JKTYRE|2025-05-08,JKTYRE,2025-05-08,SAME_SYMBOL_LOCKOUT
UPPER|JYOTICNC|2025-05-08,JYOTICNC,2025-05-08,SAME_SYMBOL_LOCKOUT
UPPER|MARICO|2025-05-08,MARICO,2025-05-08,SAME_SYMBOL_LOCKOUT
UPPER|MGL|2025-05-08,MGL,2025-05-08,SAME_SYMBOL_LOCKOUT
UPPER|MSUMI|2025-05-08,MSUMI,2025-05-08,SAME_SYMBOL_LOCKOUT
UPPER|NAVINFLUOR|2025-05-08,NAVINFLUOR,2025-05-08,SAME_SYMBOL_LOCKOUT
UPPER|POWERINDIA|2025-05-08,POWERINDIA,2025-05-08,SAME_SYMBOL_LOCKOUT
UPPER|BDL|2025-05-09,BDL,2025-05-09,SAME_SYMBOL_LOCKOUT
UPPER|BEL|2025-05-09,BEL,2025-05-09,SAME_SYMBOL_LOCKOUT
UPPER|INTELLECT|2025-05-09,INTELLECT,2025-05-09,SAME_SYMBOL_LOCKOUT
UPPER|WELSPUNLIV|2025-05-09,WELSPUNLIV,2025-05-09,SAME_SYMBOL_LOCKOUT
UPPER|BDL|2025-05-12,BDL,2025-05-12,SAME_SYMBOL_LOCKOUT
UPPER|CEATLTD|2025-05-12,CEATLTD,2025-05-12,SAME_SYMBOL_LOCKOUT
UPPER|EIDPARRY|2025-05-12,EIDPARRY,2025-05-12,SAME_SYMBOL_LOCKOUT
UPPER|ENDURANCE|2025-05-12,ENDURANCE,2025-05-12,SAME_SYMBOL_LOCKOUT
UPPER|MAHABANK|2025-05-12,MAHABANK,2025-05-12,SAME_SYMBOL_LOCKOUT
UPPER|MSUMI|2025-05-12,MSUMI,2025-05-12,SAME_SYMBOL_LOCKOUT
UPPER|NAM-INDIA|2025-05-12,NAM-INDIA,2025-05-12,SAME_SYMBOL_LOCKOUT
UPPER|NAVINFLUOR|2025-05-12,NAVINFLUOR,2025-05-12,SAME_SYMBOL_LOCKOUT
UPPER|REDINGTON|2025-05-12,REDINGTON,2025-05-12,SAME_SYMBOL_LOCKOUT
UPPER|SCHAEFFLER|2025-05-12,SCHAEFFLER,2025-05-12,SAME_SYMBOL_LOCKOUT
UPPER|SRF|2025-05-12,SRF,2025-05-12,SAME_SYMBOL_LOCKOUT
UPPER|UPL|2025-05-12,UPL,2025-05-12,SAME_SYMBOL_LOCKOUT
UPPER|WELSPUNLIV|2025-05-12,WELSPUNLIV,2025-05-12,SAME_SYMBOL_LOCKOUT
UPPER|APLAPOLLO|2025-05-13,APLAPOLLO,2025-05-13,SAME_SYMBOL_LOCKOUT
UPPER|BHARATFORG|2025-05-13,BHARATFORG,2025-05-13,SAME_SYMBOL_LOCKOUT
UPPER|CREDITACC|2025-05-13,CREDITACC,2025-05-13,SAME_SYMBOL_LOCKOUT
UPPER|DALBHARAT|2025-05-13,DALBHARAT,2025-05-13,SAME_SYMBOL_LOCKOUT
UPPER|HONASA|2025-05-13,HONASA,2025-05-13,SAME_SYMBOL_LOCKOUT
UPPER|INDIACEM|2025-05-13,INDIACEM,2025-05-13,SAME_SYMBOL_LOCKOUT
UPPER|MAHABANK|2025-05-13,MAHABANK,2025-05-13,SAME_SYMBOL_LOCKOUT
UPPER|PAGEIND|2025-05-13,PAGEIND,2025-05-13,SAME_SYMBOL_LOCKOUT
UPPER|RBLBANK|2025-05-13,RBLBANK,2025-05-13,SAME_SYMBOL_LOCKOUT
UPPER|RELIANCE|2025-05-13,RELIANCE,2025-05-13,SAME_SYMBOL_LOCKOUT
UPPER|APLAPOLLO|2025-05-14,APLAPOLLO,2025-05-14,SAME_SYMBOL_LOCKOUT
UPPER|BHARTIHEXA|2025-05-14,BHARTIHEXA,2025-05-14,SAME_SYMBOL_LOCKOUT
UPPER|COCHINSHIP|2025-05-14,COCHINSHIP,2025-05-14,SAME_SYMBOL_LOCKOUT
UPPER|CREDITACC|2025-05-14,CREDITACC,2025-05-14,SAME_SYMBOL_LOCKOUT
UPPER|HONASA|2025-05-14,HONASA,2025-05-14,SAME_SYMBOL_LOCKOUT
UPPER|JIOFIN|2025-05-14,JIOFIN,2025-05-14,SAME_SYMBOL_LOCKOUT
UPPER|JKCEMENT|2025-05-14,JKCEMENT,2025-05-14,SAME_SYMBOL_LOCKOUT
UPPER|LT|2025-05-14,LT,2025-05-14,SAME_SYMBOL_LOCKOUT
UPPER|MAPMYINDIA|2025-05-14,MAPMYINDIA,2025-05-14,SAME_SYMBOL_LOCKOUT
UPPER|NYKAA|2025-05-14,NYKAA,2025-05-14,SAME_SYMBOL_LOCKOUT
UPPER|SCHAEFFLER|2025-05-14,SCHAEFFLER,2025-05-14,SAME_SYMBOL_LOCKOUT
UPPER|TANLA|2025-05-14,TANLA,2025-05-14,SAME_SYMBOL_LOCKOUT
UPPER|TITAN|2025-05-14,TITAN,2025-05-14,SAME_SYMBOL_LOCKOUT
UPPER|ABFRL|2025-05-15,ABFRL,2025-05-15,SAME_SYMBOL_LOCKOUT
UPPER|ALKEM|2025-05-15,ALKEM,2025-05-15,SAME_SYMBOL_LOCKOUT
UPPER|ANGELONE|2025-05-15,ANGELONE,2025-05-15,SAME_SYMBOL_LOCKOUT
UPPER|BHARATFORG|2025-05-15,BHARATFORG,2025-05-15,SAME_SYMBOL_LOCKOUT
UPPER|BOSCHLTD|2025-05-15,BOSCHLTD,2025-05-15,SAME_SYMBOL_LOCKOUT
UPPER|ENDURANCE|2025-05-15,ENDURANCE,2025-05-15,SAME_SYMBOL_LOCKOUT
UPPER|GODREJCP|2025-05-15,GODREJCP,2025-05-15,SAME_SYMBOL_LOCKOUT
UPPER|GRSE|2025-05-15,GRSE,2025-05-15,SAME_SYMBOL_LOCKOUT
UPPER|ICICIBANK|2025-05-15,ICICIBANK,2025-05-15,SAME_SYMBOL_LOCKOUT
UPPER|IDFCFIRSTB|2025-05-15,IDFCFIRSTB,2025-05-15,SAME_SYMBOL_LOCKOUT
UPPER|INDIACEM|2025-05-15,INDIACEM,2025-05-15,SAME_SYMBOL_LOCKOUT
UPPER|JKCEMENT|2025-05-15,JKCEMENT,2025-05-15,SAME_SYMBOL_LOCKOUT
UPPER|JKTYRE|2025-05-15,JKTYRE,2025-05-15,SAME_SYMBOL_LOCKOUT
UPPER|NAM-INDIA|2025-05-15,NAM-INDIA,2025-05-15,SAME_SYMBOL_LOCKOUT
UPPER|PAGEIND|2025-05-15,PAGEIND,2025-05-15,SAME_SYMBOL_LOCKOUT
UPPER|PETRONET|2025-05-15,PETRONET,2025-05-15,SAME_SYMBOL_LOCKOUT
UPPER|TIINDIA|2025-05-15,TIINDIA,2025-05-15,SAME_SYMBOL_LOCKOUT
UPPER|ABFRL|2025-05-16,ABFRL,2025-05-16,SAME_SYMBOL_LOCKOUT
UPPER|ADANIPORTS|2025-05-16,ADANIPORTS,2025-05-16,SAME_SYMBOL_LOCKOUT
UPPER|ASHOKLEY|2025-05-16,ASHOKLEY,2025-05-16,SAME_SYMBOL_LOCKOUT
UPPER|BHARATFORG|2025-05-16,BHARATFORG,2025-05-16,SAME_SYMBOL_LOCKOUT
UPPER|BOSCHLTD|2025-05-16,BOSCHLTD,2025-05-16,SAME_SYMBOL_LOCKOUT
UPPER|BRIGADE|2025-05-16,BRIGADE,2025-05-16,SAME_SYMBOL_LOCKOUT
UPPER|DELHIVERY|2025-05-16,DELHIVERY,2025-05-16,SAME_SYMBOL_LOCKOUT
UPPER|DIVISLAB|2025-05-16,DIVISLAB,2025-05-16,SAME_SYMBOL_LOCKOUT
UPPER|ENDURANCE|2025-05-16,ENDURANCE,2025-05-16,SAME_SYMBOL_LOCKOUT
UPPER|ESCORTS|2025-05-16,ESCORTS,2025-05-16,SAME_SYMBOL_LOCKOUT
UPPER|HONASA|2025-05-16,HONASA,2025-05-16,SAME_SYMBOL_LOCKOUT
UPPER|IDFCFIRSTB|2025-05-16,IDFCFIRSTB,2025-05-16,SAME_SYMBOL_LOCKOUT
UPPER|IGL|2025-05-16,IGL,2025-05-16,SAME_SYMBOL_LOCKOUT
UPPER|INDGN|2025-05-16,INDGN,2025-05-16,SAME_SYMBOL_LOCKOUT
UPPER|JBMA|2025-05-16,JBMA,2025-05-16,SAME_SYMBOL_LOCKOUT
UPPER|KALYANKJIL|2025-05-16,KALYANKJIL,2025-05-16,SAME_SYMBOL_LOCKOUT
UPPER|LICHSGFIN|2025-05-16,LICHSGFIN,2025-05-16,SAME_SYMBOL_LOCKOUT
UPPER|MAHABANK|2025-05-16,MAHABANK,2025-05-16,SAME_SYMBOL_LOCKOUT
UPPER|MAPMYINDIA|2025-05-16,MAPMYINDIA,2025-05-16,SAME_SYMBOL_LOCKOUT
UPPER|MARUTI|2025-05-16,MARUTI,2025-05-16,SAME_SYMBOL_LOCKOUT
UPPER|MOTHERSON|2025-05-16,MOTHERSON,2025-05-16,SAME_SYMBOL_LOCKOUT
UPPER|OIL|2025-05-16,OIL,2025-05-16,SAME_SYMBOL_LOCKOUT
UPPER|RBLBANK|2025-05-16,RBLBANK,2025-05-16,SAME_SYMBOL_LOCKOUT
UPPER|RRKABEL|2025-05-16,RRKABEL,2025-05-16,SAME_SYMBOL_LOCKOUT
UPPER|SCHAEFFLER|2025-05-16,SCHAEFFLER,2025-05-16,SAME_SYMBOL_LOCKOUT
UPPER|SUZLON|2025-05-16,SUZLON,2025-05-16,SAME_SYMBOL_LOCKOUT
UPPER|TANLA|2025-05-16,TANLA,2025-05-16,SAME_SYMBOL_LOCKOUT
UPPER|TIINDIA|2025-05-16,TIINDIA,2025-05-16,SAME_SYMBOL_LOCKOUT
UPPER|TMPV|2025-05-16,TMPV,2025-05-16,SAME_SYMBOL_LOCKOUT
UPPER|ANGELONE|2025-05-19,ANGELONE,2025-05-19,SAME_SYMBOL_LOCKOUT
UPPER|BHARATFORG|2025-05-19,BHARATFORG,2025-05-19,SAME_SYMBOL_LOCKOUT
UPPER|BOSCHLTD|2025-05-19,BOSCHLTD,2025-05-19,SAME_SYMBOL_LOCKOUT
UPPER|BRIGADE|2025-05-19,BRIGADE,2025-05-19,SAME_SYMBOL_LOCKOUT
UPPER|ENDURANCE|2025-05-19,ENDURANCE,2025-05-19,SAME_SYMBOL_LOCKOUT
UPPER|ENGINERSIN|2025-05-19,ENGINERSIN,2025-05-19,SAME_SYMBOL_LOCKOUT
UPPER|IRCTC|2025-05-19,IRCTC,2025-05-19,SAME_SYMBOL_LOCKOUT
UPPER|JBMA|2025-05-19,JBMA,2025-05-19,SAME_SYMBOL_LOCKOUT
UPPER|JIOFIN|2025-05-19,JIOFIN,2025-05-19,SAME_SYMBOL_LOCKOUT
UPPER|JKTYRE|2025-05-19,JKTYRE,2025-05-19,SAME_SYMBOL_LOCKOUT
UPPER|JSL|2025-05-19,JSL,2025-05-19,SAME_SYMBOL_LOCKOUT
UPPER|LICI|2025-05-19,LICI,2025-05-19,SAME_SYMBOL_LOCKOUT
UPPER|NETWEB|2025-05-19,NETWEB,2025-05-19,SAME_SYMBOL_LOCKOUT
UPPER|NIVABUPA|2025-05-19,NIVABUPA,2025-05-19,SAME_SYMBOL_LOCKOUT
UPPER|NYKAA|2025-05-19,NYKAA,2025-05-19,SAME_SYMBOL_LOCKOUT
UPPER|OIL|2025-05-19,OIL,2025-05-19,SAME_SYMBOL_LOCKOUT
UPPER|PAGEIND|2025-05-19,PAGEIND,2025-05-19,SAME_SYMBOL_LOCKOUT
UPPER|PRESTIGE|2025-05-19,PRESTIGE,2025-05-19,SAME_SYMBOL_LOCKOUT
UPPER|RBLBANK|2025-05-19,RBLBANK,2025-05-19,SAME_SYMBOL_LOCKOUT
UPPER|RCF|2025-05-19,RCF,2025-05-19,SAME_SYMBOL_LOCKOUT
UPPER|REDINGTON|2025-05-19,REDINGTON,2025-05-19,SAME_SYMBOL_LOCKOUT
UPPER|SBFC|2025-05-19,SBFC,2025-05-19,SAME_SYMBOL_LOCKOUT
UPPER|SCI|2025-05-19,SCI,2025-05-19,SAME_SYMBOL_LOCKOUT
UPPER|SUZLON|2025-05-19,SUZLON,2025-05-19,SAME_SYMBOL_LOCKOUT
UPPER|TANLA|2025-05-19,TANLA,2025-05-19,SAME_SYMBOL_LOCKOUT
UPPER|TATAPOWER|2025-05-19,TATAPOWER,2025-05-19,SAME_SYMBOL_LOCKOUT
UPPER|TVSMOTOR|2025-05-19,TVSMOTOR,2025-05-19,SAME_SYMBOL_LOCKOUT
UPPER|ZEEL|2025-05-19,ZEEL,2025-05-19,SAME_SYMBOL_LOCKOUT
UPPER|AARTIIND|2025-05-20,AARTIIND,2025-05-20,SAME_SYMBOL_LOCKOUT
UPPER|ABREL|2025-05-20,ABREL,2025-05-20,SAME_SYMBOL_LOCKOUT
UPPER|ANGELONE|2025-05-20,ANGELONE,2025-05-20,SAME_SYMBOL_LOCKOUT
UPPER|ASHOKLEY|2025-05-20,ASHOKLEY,2025-05-20,SAME_SYMBOL_LOCKOUT
UPPER|ASTRAL|2025-05-20,ASTRAL,2025-05-20,SAME_SYMBOL_LOCKOUT
UPPER|CONCOR|2025-05-20,CONCOR,2025-05-20,SAME_SYMBOL_LOCKOUT
UPPER|DEEPAKFERT|2025-05-20,DEEPAKFERT,2025-05-20,SAME_SYMBOL_LOCKOUT
UPPER|ERIS|2025-05-20,ERIS,2025-05-20,SAME_SYMBOL_LOCKOUT
UPPER|FACT|2025-05-20,FACT,2025-05-20,SAME_SYMBOL_LOCKOUT
UPPER|IGL|2025-05-20,IGL,2025-05-20,SAME_SYMBOL_LOCKOUT
UPPER|JKTYRE|2025-05-20,JKTYRE,2025-05-20,SAME_SYMBOL_LOCKOUT
UPPER|JMFINANCIL|2025-05-20,JMFINANCIL,2025-05-20,SAME_SYMBOL_LOCKOUT
UPPER|JSL|2025-05-20,JSL,2025-05-20,SAME_SYMBOL_LOCKOUT
UPPER|JYOTICNC|2025-05-20,JYOTICNC,2025-05-20,SAME_SYMBOL_LOCKOUT
UPPER|KPIL|2025-05-20,KPIL,2025-05-20,SAME_SYMBOL_LOCKOUT
UPPER|LICI|2025-05-20,LICI,2025-05-20,SAME_SYMBOL_LOCKOUT
UPPER|LLOYDSME|2025-05-20,LLOYDSME,2025-05-20,SAME_SYMBOL_LOCKOUT
UPPER|NUVAMA|2025-05-20,NUVAMA,2025-05-20,SAME_SYMBOL_LOCKOUT
UPPER|OIL|2025-05-20,OIL,2025-05-20,SAME_SYMBOL_LOCKOUT
UPPER|PIIND|2025-05-20,PIIND,2025-05-20,SAME_SYMBOL_LOCKOUT
UPPER|PRESTIGE|2025-05-20,PRESTIGE,2025-05-20,SAME_SYMBOL_LOCKOUT
UPPER|RCF|2025-05-20,RCF,2025-05-20,SAME_SYMBOL_LOCKOUT
UPPER|REDINGTON|2025-05-20,REDINGTON,2025-05-20,SAME_SYMBOL_LOCKOUT
UPPER|SAIL|2025-05-20,SAIL,2025-05-20,SAME_SYMBOL_LOCKOUT
UPPER|SHREECEM|2025-05-20,SHREECEM,2025-05-20,SAME_SYMBOL_LOCKOUT
UPPER|TATAELXSI|2025-05-20,TATAELXSI,2025-05-20,SAME_SYMBOL_LOCKOUT
UPPER|ANGELONE|2025-05-21,ANGELONE,2025-05-21,SAME_SYMBOL_LOCKOUT
UPPER|ATUL|2025-05-21,ATUL,2025-05-21,SAME_SYMBOL_LOCKOUT
UPPER|ERIS|2025-05-21,ERIS,2025-05-21,SAME_SYMBOL_LOCKOUT
UPPER|HONASA|2025-05-21,HONASA,2025-05-21,SAME_SYMBOL_LOCKOUT
UPPER|IRB|2025-05-21,IRB,2025-05-21,SAME_SYMBOL_LOCKOUT
UPPER|UNIONBANK|2025-05-21,UNIONBANK,2025-05-21,SAME_SYMBOL_LOCKOUT
UPPER|CGPOWER|2025-05-22,CGPOWER,2025-05-22,SAME_SYMBOL_LOCKOUT
UPPER|ENGINERSIN|2025-05-22,ENGINERSIN,2025-05-22,SAME_SYMBOL_LOCKOUT
UPPER|KPIL|2025-05-22,KPIL,2025-05-22,SAME_SYMBOL_LOCKOUT
UPPER|MOTILALOFS|2025-05-22,MOTILALOFS,2025-05-22,SAME_SYMBOL_LOCKOUT
UPPER|NMDC|2025-05-22,NMDC,2025-05-22,SAME_SYMBOL_LOCKOUT
UPPER|TATACOMM|2025-05-22,TATACOMM,2025-05-22,SAME_SYMBOL_LOCKOUT
UPPER|TATASTEEL|2025-05-22,TATASTEEL,2025-05-22,SAME_SYMBOL_LOCKOUT
UPPER|ABREL|2025-05-23,ABREL,2025-05-23,SAME_SYMBOL_LOCKOUT
UPPER|AFFLE|2025-05-23,AFFLE,2025-05-23,SAME_SYMBOL_LOCKOUT
UPPER|ERIS|2025-05-23,ERIS,2025-05-23,SAME_SYMBOL_LOCKOUT
UPPER|GVT&D|2025-05-23,GVT&D,2025-05-23,SAME_SYMBOL_LOCKOUT
UPPER|JBMA|2025-05-23,JBMA,2025-05-23,SAME_SYMBOL_LOCKOUT
UPPER|LLOYDSME|2025-05-23,LLOYDSME,2025-05-23,SAME_SYMBOL_LOCKOUT
UPPER|PRESTIGE|2025-05-23,PRESTIGE,2025-05-23,SAME_SYMBOL_LOCKOUT
UPPER|SAIL|2025-05-23,SAIL,2025-05-23,SAME_SYMBOL_LOCKOUT
UPPER|SUZLON|2025-05-23,SUZLON,2025-05-23,SAME_SYMBOL_LOCKOUT
UPPER|TATACHEM|2025-05-23,TATACHEM,2025-05-23,SAME_SYMBOL_LOCKOUT
UPPER|TATACOMM|2025-05-23,TATACOMM,2025-05-23,SAME_SYMBOL_LOCKOUT
UPPER|UNIONBANK|2025-05-23,UNIONBANK,2025-05-23,SAME_SYMBOL_LOCKOUT
UPPER|UTIAMC|2025-05-23,UTIAMC,2025-05-23,SAME_SYMBOL_LOCKOUT
UPPER|ABREL|2025-05-26,ABREL,2025-05-26,SAME_SYMBOL_LOCKOUT
UPPER|ANGELONE|2025-05-26,ANGELONE,2025-05-26,SAME_SYMBOL_LOCKOUT
UPPER|CANFINHOME|2025-05-26,CANFINHOME,2025-05-26,SAME_SYMBOL_LOCKOUT
UPPER|CGPOWER|2025-05-26,CGPOWER,2025-05-26,SAME_SYMBOL_LOCKOUT
UPPER|DLF|2025-05-26,DLF,2025-05-26,SAME_SYMBOL_LOCKOUT
UPPER|FINCABLES|2025-05-26,FINCABLES,2025-05-26,SAME_SYMBOL_LOCKOUT
UPPER|JYOTICNC|2025-05-26,JYOTICNC,2025-05-26,SAME_SYMBOL_LOCKOUT
UPPER|KPIL|2025-05-26,KPIL,2025-05-26,SAME_SYMBOL_LOCKOUT
UPPER|LICI|2025-05-26,LICI,2025-05-26,SAME_SYMBOL_LOCKOUT
UPPER|LT|2025-05-26,LT,2025-05-26,SAME_SYMBOL_LOCKOUT
UPPER|MCX|2025-05-26,MCX,2025-05-26,SAME_SYMBOL_LOCKOUT
UPPER|MOTHERSON|2025-05-26,MOTHERSON,2025-05-26,SAME_SYMBOL_LOCKOUT
UPPER|NYKAA|2025-05-26,NYKAA,2025-05-26,SAME_SYMBOL_LOCKOUT
UPPER|SONACOMS|2025-05-26,SONACOMS,2025-05-26,SAME_SYMBOL_LOCKOUT
UPPER|TATASTEEL|2025-05-26,TATASTEEL,2025-05-26,SAME_SYMBOL_LOCKOUT
UPPER|ABB|2025-05-27,ABB,2025-05-27,SAME_SYMBOL_LOCKOUT
UPPER|CREDITACC|2025-05-27,CREDITACC,2025-05-27,SAME_SYMBOL_LOCKOUT
UPPER|ENGINERSIN|2025-05-27,ENGINERSIN,2025-05-27,SAME_SYMBOL_LOCKOUT
UPPER|ERIS|2025-05-27,ERIS,2025-05-27,SAME_SYMBOL_LOCKOUT
UPPER|FINPIPE|2025-05-27,FINPIPE,2025-05-27,SAME_SYMBOL_LOCKOUT
UPPER|INDIACEM|2025-05-27,INDIACEM,2025-05-27,SAME_SYMBOL_LOCKOUT
UPPER|INOXWIND|2025-05-27,INOXWIND,2025-05-27,SAME_SYMBOL_LOCKOUT
UPPER|ITC|2025-05-27,ITC,2025-05-27,SAME_SYMBOL_LOCKOUT
UPPER|JUBLPHARMA|2025-05-27,JUBLPHARMA,2025-05-27,SAME_SYMBOL_LOCKOUT
UPPER|KALYANKJIL|2025-05-27,KALYANKJIL,2025-05-27,SAME_SYMBOL_LOCKOUT
UPPER|KEC|2025-05-27,KEC,2025-05-27,SAME_SYMBOL_LOCKOUT
UPPER|LLOYDSME|2025-05-27,LLOYDSME,2025-05-27,SAME_SYMBOL_LOCKOUT
UPPER|LODHA|2025-05-27,LODHA,2025-05-27,SAME_SYMBOL_LOCKOUT
UPPER|MOTHERSON|2025-05-27,MOTHERSON,2025-05-27,SAME_SYMBOL_LOCKOUT
UPPER|NETWORK18|2025-05-27,NETWORK18,2025-05-27,SAME_SYMBOL_LOCKOUT
UPPER|NMDC|2025-05-27,NMDC,2025-05-27,SAME_SYMBOL_LOCKOUT
UPPER|NUVAMA|2025-05-27,NUVAMA,2025-05-27,SAME_SYMBOL_LOCKOUT
UPPER|SAIL|2025-05-27,SAIL,2025-05-27,SAME_SYMBOL_LOCKOUT
UPPER|SUZLON|2025-05-27,SUZLON,2025-05-27,SAME_SYMBOL_LOCKOUT
UPPER|TATACOMM|2025-05-27,TATACOMM,2025-05-27,SAME_SYMBOL_LOCKOUT
UPPER|TATAELXSI|2025-05-27,TATAELXSI,2025-05-27,SAME_SYMBOL_LOCKOUT
UPPER|TATATECH|2025-05-27,TATATECH,2025-05-27,SAME_SYMBOL_LOCKOUT
UPPER|TECHNOE|2025-05-27,TECHNOE,2025-05-27,SAME_SYMBOL_LOCKOUT
UPPER|AARTIIND|2025-05-28,AARTIIND,2025-05-28,SAME_SYMBOL_LOCKOUT
UPPER|ABB|2025-05-28,ABB,2025-05-28,SAME_SYMBOL_LOCKOUT
UPPER|ABREL|2025-05-28,ABREL,2025-05-28,SAME_SYMBOL_LOCKOUT
UPPER|ASTRAL|2025-05-28,ASTRAL,2025-05-28,SAME_SYMBOL_LOCKOUT
UPPER|BAJAJ-AUTO|2025-05-28,BAJAJ-AUTO,2025-05-28,SAME_SYMBOL_LOCKOUT
UPPER|COFORGE|2025-05-28,COFORGE,2025-05-28,SAME_SYMBOL_LOCKOUT
UPPER|CRISIL|2025-05-28,CRISIL,2025-05-28,SAME_SYMBOL_LOCKOUT
UPPER|FINCABLES|2025-05-28,FINCABLES,2025-05-28,SAME_SYMBOL_LOCKOUT
UPPER|GRANULES|2025-05-28,GRANULES,2025-05-28,SAME_SYMBOL_LOCKOUT
UPPER|IIFL|2025-05-28,IIFL,2025-05-28,SAME_SYMBOL_LOCKOUT
UPPER|INOXWIND|2025-05-28,INOXWIND,2025-05-28,SAME_SYMBOL_LOCKOUT
UPPER|IRB|2025-05-28,IRB,2025-05-28,SAME_SYMBOL_LOCKOUT
UPPER|JIOFIN|2025-05-28,JIOFIN,2025-05-28,SAME_SYMBOL_LOCKOUT
UPPER|JUBLPHARMA|2025-05-28,JUBLPHARMA,2025-05-28,SAME_SYMBOL_LOCKOUT
UPPER|LODHA|2025-05-28,LODHA,2025-05-28,SAME_SYMBOL_LOCKOUT
UPPER|LTFOODS|2025-05-28,LTFOODS,2025-05-28,SAME_SYMBOL_LOCKOUT
UPPER|NIACL|2025-05-28,NIACL,2025-05-28,SAME_SYMBOL_LOCKOUT
UPPER|NUVAMA|2025-05-28,NUVAMA,2025-05-28,SAME_SYMBOL_LOCKOUT
UPPER|OBEROIRLTY|2025-05-28,OBEROIRLTY,2025-05-28,SAME_SYMBOL_LOCKOUT
UPPER|OIL|2025-05-28,OIL,2025-05-28,SAME_SYMBOL_LOCKOUT
UPPER|PRESTIGE|2025-05-28,PRESTIGE,2025-05-28,SAME_SYMBOL_LOCKOUT
UPPER|SAIL|2025-05-28,SAIL,2025-05-28,SAME_SYMBOL_LOCKOUT
UPPER|SCI|2025-05-28,SCI,2025-05-28,SAME_SYMBOL_LOCKOUT
UPPER|TATACHEM|2025-05-28,TATACHEM,2025-05-28,SAME_SYMBOL_LOCKOUT
UPPER|TATACOMM|2025-05-28,TATACOMM,2025-05-28,SAME_SYMBOL_LOCKOUT
UPPER|TATATECH|2025-05-28,TATATECH,2025-05-28,SAME_SYMBOL_LOCKOUT
UPPER|ABB|2025-05-29,ABB,2025-05-29,SAME_SYMBOL_LOCKOUT
UPPER|ABREL|2025-05-29,ABREL,2025-05-29,SAME_SYMBOL_LOCKOUT
UPPER|ACMESOLAR|2025-05-29,ACMESOLAR,2025-05-29,SAME_SYMBOL_LOCKOUT
UPPER|CANBK|2025-05-29,CANBK,2025-05-29,SAME_SYMBOL_LOCKOUT
UPPER|CANFINHOME|2025-05-29,CANFINHOME,2025-05-29,SAME_SYMBOL_LOCKOUT
UPPER|CDSL|2025-05-29,CDSL,2025-05-29,SAME_SYMBOL_LOCKOUT
UPPER|CRISIL|2025-05-29,CRISIL,2025-05-29,SAME_SYMBOL_LOCKOUT
UPPER|ERIS|2025-05-29,ERIS,2025-05-29,SAME_SYMBOL_LOCKOUT
UPPER|GMDCLTD|2025-05-29,GMDCLTD,2025-05-29,SAME_SYMBOL_LOCKOUT
UPPER|HBLENGINE|2025-05-29,HBLENGINE,2025-05-29,SAME_SYMBOL_LOCKOUT
UPPER|IDBI|2025-05-29,IDBI,2025-05-29,SAME_SYMBOL_LOCKOUT
UPPER|IIFL|2025-05-29,IIFL,2025-05-29,SAME_SYMBOL_LOCKOUT
UPPER|JMFINANCIL|2025-05-29,JMFINANCIL,2025-05-29,SAME_SYMBOL_LOCKOUT
UPPER|LICI|2025-05-29,LICI,2025-05-29,SAME_SYMBOL_LOCKOUT
UPPER|LTFOODS|2025-05-29,LTFOODS,2025-05-29,SAME_SYMBOL_LOCKOUT
UPPER|MOTHERSON|2025-05-29,MOTHERSON,2025-05-29,SAME_SYMBOL_LOCKOUT
UPPER|MOTILALOFS|2025-05-29,MOTILALOFS,2025-05-29,SAME_SYMBOL_LOCKOUT
UPPER|NETWEB|2025-05-29,NETWEB,2025-05-29,SAME_SYMBOL_LOCKOUT
UPPER|NUVAMA|2025-05-29,NUVAMA,2025-05-29,SAME_SYMBOL_LOCKOUT
UPPER|SAIL|2025-05-29,SAIL,2025-05-29,SAME_SYMBOL_LOCKOUT
UPPER|TATACOMM|2025-05-29,TATACOMM,2025-05-29,SAME_SYMBOL_LOCKOUT
UPPER|TATAELXSI|2025-05-29,TATAELXSI,2025-05-29,SAME_SYMBOL_LOCKOUT
UPPER|UNIONBANK|2025-05-29,UNIONBANK,2025-05-29,SAME_SYMBOL_LOCKOUT
UPPER|ABB|2025-05-30,ABB,2025-05-30,SAME_SYMBOL_LOCKOUT
UPPER|ABREL|2025-05-30,ABREL,2025-05-30,SAME_SYMBOL_LOCKOUT
UPPER|ANGELONE|2025-05-30,ANGELONE,2025-05-30,SAME_SYMBOL_LOCKOUT
UPPER|ATGL|2025-05-30,ATGL,2025-05-30,SAME_SYMBOL_LOCKOUT
UPPER|CDSL|2025-05-30,CDSL,2025-05-30,SAME_SYMBOL_LOCKOUT
UPPER|DLF|2025-05-30,DLF,2025-05-30,SAME_SYMBOL_LOCKOUT
UPPER|DRREDDY|2025-05-30,DRREDDY,2025-05-30,SAME_SYMBOL_LOCKOUT
UPPER|GRANULES|2025-05-30,GRANULES,2025-05-30,SAME_SYMBOL_LOCKOUT
UPPER|HUDCO|2025-05-30,HUDCO,2025-05-30,SAME_SYMBOL_LOCKOUT
UPPER|IEX|2025-05-30,IEX,2025-05-30,SAME_SYMBOL_LOCKOUT
UPPER|JSL|2025-05-30,JSL,2025-05-30,SAME_SYMBOL_LOCKOUT
UPPER|LLOYDSME|2025-05-30,LLOYDSME,2025-05-30,SAME_SYMBOL_LOCKOUT
UPPER|MCX|2025-05-30,MCX,2025-05-30,SAME_SYMBOL_LOCKOUT
UPPER|NETWORK18|2025-05-30,NETWORK18,2025-05-30,SAME_SYMBOL_LOCKOUT
UPPER|PRESTIGE|2025-05-30,PRESTIGE,2025-05-30,SAME_SYMBOL_LOCKOUT
UPPER|RAILTEL|2025-05-30,RAILTEL,2025-05-30,SAME_SYMBOL_LOCKOUT
UPPER|TATATECH|2025-05-30,TATATECH,2025-05-30,SAME_SYMBOL_LOCKOUT
UPPER|ATGL|2025-06-02,ATGL,2025-06-02,SAME_SYMBOL_LOCKOUT
UPPER|BRITANNIA|2025-06-02,BRITANNIA,2025-06-02,SAME_SYMBOL_LOCKOUT
UPPER|GLAXO|2025-06-02,GLAXO,2025-06-02,SAME_SYMBOL_LOCKOUT
UPPER|HBLENGINE|2025-06-02,HBLENGINE,2025-06-02,SAME_SYMBOL_LOCKOUT
UPPER|IGL|2025-06-02,IGL,2025-06-02,SAME_SYMBOL_LOCKOUT
UPPER|INOXWIND|2025-06-02,INOXWIND,2025-06-02,SAME_SYMBOL_LOCKOUT
UPPER|JUBLPHARMA|2025-06-02,JUBLPHARMA,2025-06-02,SAME_SYMBOL_LOCKOUT
UPPER|LT|2025-06-02,LT,2025-06-02,SAME_SYMBOL_LOCKOUT
UPPER|MCX|2025-06-02,MCX,2025-06-02,SAME_SYMBOL_LOCKOUT
UPPER|MOTILALOFS|2025-06-02,MOTILALOFS,2025-06-02,SAME_SYMBOL_LOCKOUT
UPPER|SYRMA|2025-06-02,SYRMA,2025-06-02,SAME_SYMBOL_LOCKOUT
UPPER|TIMKEN|2025-06-02,TIMKEN,2025-06-02,SAME_SYMBOL_LOCKOUT
UPPER|WELCORP|2025-06-02,WELCORP,2025-06-02,SAME_SYMBOL_LOCKOUT
UPPER|ABSLAMC|2025-06-03,ABSLAMC,2025-06-03,SAME_SYMBOL_LOCKOUT
UPPER|AFFLE|2025-06-03,AFFLE,2025-06-03,SAME_SYMBOL_LOCKOUT
UPPER|ATGL|2025-06-03,ATGL,2025-06-03,SAME_SYMBOL_LOCKOUT
UPPER|CONCOR|2025-06-03,CONCOR,2025-06-03,SAME_SYMBOL_LOCKOUT
UPPER|DLF|2025-06-03,DLF,2025-06-03,SAME_SYMBOL_LOCKOUT
UPPER|FINCABLES|2025-06-03,FINCABLES,2025-06-03,SAME_SYMBOL_LOCKOUT
UPPER|INDIANB|2025-06-03,INDIANB,2025-06-03,SAME_SYMBOL_LOCKOUT
UPPER|KAJARIACER|2025-06-03,KAJARIACER,2025-06-03,SAME_SYMBOL_LOCKOUT
UPPER|LT|2025-06-03,LT,2025-06-03,SAME_SYMBOL_LOCKOUT
UPPER|NUVAMA|2025-06-03,NUVAMA,2025-06-03,SAME_SYMBOL_LOCKOUT
UPPER|PVRINOX|2025-06-03,PVRINOX,2025-06-03,SAME_SYMBOL_LOCKOUT
UPPER|SAIL|2025-06-03,SAIL,2025-06-03,SAME_SYMBOL_LOCKOUT
UPPER|SCI|2025-06-03,SCI,2025-06-03,SAME_SYMBOL_LOCKOUT
UPPER|TATACHEM|2025-06-03,TATACHEM,2025-06-03,SAME_SYMBOL_LOCKOUT
UPPER|TIMKEN|2025-06-03,TIMKEN,2025-06-03,SAME_SYMBOL_LOCKOUT
UPPER|ABSLAMC|2025-06-04,ABSLAMC,2025-06-04,SAME_SYMBOL_LOCKOUT
UPPER|AFFLE|2025-06-04,AFFLE,2025-06-04,SAME_SYMBOL_LOCKOUT
UPPER|CUMMINSIND|2025-06-04,CUMMINSIND,2025-06-04,SAME_SYMBOL_LOCKOUT
UPPER|DRREDDY|2025-06-04,DRREDDY,2025-06-04,SAME_SYMBOL_LOCKOUT
UPPER|ETERNAL|2025-06-04,ETERNAL,2025-06-04,SAME_SYMBOL_LOCKOUT
UPPER|FORTIS|2025-06-04,FORTIS,2025-06-04,SAME_SYMBOL_LOCKOUT
UPPER|GESHIP|2025-06-04,GESHIP,2025-06-04,SAME_SYMBOL_LOCKOUT
UPPER|MOTILALOFS|2025-06-04,MOTILALOFS,2025-06-04,SAME_SYMBOL_LOCKOUT
UPPER|OBEROIRLTY|2025-06-04,OBEROIRLTY,2025-06-04,SAME_SYMBOL_LOCKOUT
UPPER|PRESTIGE|2025-06-04,PRESTIGE,2025-06-04,SAME_SYMBOL_LOCKOUT
UPPER|SCI|2025-06-04,SCI,2025-06-04,SAME_SYMBOL_LOCKOUT
UPPER|SUPREMEIND|2025-06-04,SUPREMEIND,2025-06-04,SAME_SYMBOL_LOCKOUT
UPPER|ABSLAMC|2025-06-05,ABSLAMC,2025-06-05,SAME_SYMBOL_LOCKOUT
UPPER|CONCOR|2025-06-05,CONCOR,2025-06-05,SAME_SYMBOL_LOCKOUT
UPPER|CONCORDBIO|2025-06-05,CONCORDBIO,2025-06-05,SAME_SYMBOL_LOCKOUT
UPPER|CUMMINSIND|2025-06-05,CUMMINSIND,2025-06-05,SAME_SYMBOL_LOCKOUT
UPPER|GESHIP|2025-06-05,GESHIP,2025-06-05,SAME_SYMBOL_LOCKOUT
UPPER|HBLENGINE|2025-06-05,HBLENGINE,2025-06-05,SAME_SYMBOL_LOCKOUT
UPPER|IRFC|2025-06-05,IRFC,2025-06-05,SAME_SYMBOL_LOCKOUT
UPPER|NIACL|2025-06-05,NIACL,2025-06-05,SAME_SYMBOL_LOCKOUT
UPPER|PAYTM|2025-06-05,PAYTM,2025-06-05,SAME_SYMBOL_LOCKOUT
UPPER|SCI|2025-06-05,SCI,2025-06-05,SAME_SYMBOL_LOCKOUT
UPPER|UNOMINDA|2025-06-05,UNOMINDA,2025-06-05,SAME_SYMBOL_LOCKOUT
UPPER|WOCKPHARMA|2025-06-05,WOCKPHARMA,2025-06-05,SAME_SYMBOL_LOCKOUT
UPPER|ABB|2025-06-06,ABB,2025-06-06,SAME_SYMBOL_LOCKOUT
UPPER|ABBOTINDIA|2025-06-06,ABBOTINDIA,2025-06-06,SAME_SYMBOL_LOCKOUT
UPPER|CONCOR|2025-06-06,CONCOR,2025-06-06,SAME_SYMBOL_LOCKOUT
UPPER|GESHIP|2025-06-06,GESHIP,2025-06-06,SAME_SYMBOL_LOCKOUT
UPPER|HINDCOPPER|2025-06-06,HINDCOPPER,2025-06-06,SAME_SYMBOL_LOCKOUT
UPPER|PAYTM|2025-06-06,PAYTM,2025-06-06,SAME_SYMBOL_LOCKOUT
UPPER|SCI|2025-06-06,SCI,2025-06-06,SAME_SYMBOL_LOCKOUT
UPPER|TATACHEM|2025-06-06,TATACHEM,2025-06-06,SAME_SYMBOL_LOCKOUT
UPPER|TIMKEN|2025-06-06,TIMKEN,2025-06-06,SAME_SYMBOL_LOCKOUT
UPPER|UNOMINDA|2025-06-06,UNOMINDA,2025-06-06,SAME_SYMBOL_LOCKOUT
UPPER|WELCORP|2025-06-06,WELCORP,2025-06-06,SAME_SYMBOL_LOCKOUT
UPPER|ADANIGREEN|2025-06-09,ADANIGREEN,2025-06-09,SAME_SYMBOL_LOCKOUT
UPPER|ANANTRAJ|2025-06-09,ANANTRAJ,2025-06-09,SAME_SYMBOL_LOCKOUT
UPPER|ASTRAL|2025-06-09,ASTRAL,2025-06-09,SAME_SYMBOL_LOCKOUT
UPPER|CAMS|2025-06-09,CAMS,2025-06-09,SAME_SYMBOL_LOCKOUT
UPPER|CRISIL|2025-06-09,CRISIL,2025-06-09,SAME_SYMBOL_LOCKOUT
UPPER|DRREDDY|2025-06-09,DRREDDY,2025-06-09,SAME_SYMBOL_LOCKOUT
UPPER|FORTIS|2025-06-09,FORTIS,2025-06-09,SAME_SYMBOL_LOCKOUT
UPPER|GODREJPROP|2025-06-09,GODREJPROP,2025-06-09,SAME_SYMBOL_LOCKOUT
UPPER|HOMEFIRST|2025-06-09,HOMEFIRST,2025-06-09,SAME_SYMBOL_LOCKOUT
UPPER|IRFC|2025-06-09,IRFC,2025-06-09,SAME_SYMBOL_LOCKOUT
UPPER|KEC|2025-06-09,KEC,2025-06-09,SAME_SYMBOL_LOCKOUT
UPPER|KPIL|2025-06-09,KPIL,2025-06-09,SAME_SYMBOL_LOCKOUT
UPPER|LODHA|2025-06-09,LODHA,2025-06-09,SAME_SYMBOL_LOCKOUT
UPPER|LTM|2025-06-09,LTM,2025-06-09,SAME_SYMBOL_LOCKOUT
UPPER|NCC|2025-06-09,NCC,2025-06-09,SAME_SYMBOL_LOCKOUT
UPPER|NIACL|2025-06-09,NIACL,2025-06-09,SAME_SYMBOL_LOCKOUT
UPPER|OBEROIRLTY|2025-06-09,OBEROIRLTY,2025-06-09,SAME_SYMBOL_LOCKOUT
UPPER|PNCINFRA|2025-06-09,PNCINFRA,2025-06-09,SAME_SYMBOL_LOCKOUT
UPPER|POLYCAB|2025-06-09,POLYCAB,2025-06-09,SAME_SYMBOL_LOCKOUT
UPPER|SBIN|2025-06-09,SBIN,2025-06-09,SAME_SYMBOL_LOCKOUT
UPPER|SCHNEIDER|2025-06-09,SCHNEIDER,2025-06-09,SAME_SYMBOL_LOCKOUT
UPPER|SRF|2025-06-09,SRF,2025-06-09,SAME_SYMBOL_LOCKOUT
UPPER|UNOMINDA|2025-06-09,UNOMINDA,2025-06-09,SAME_SYMBOL_LOCKOUT
UPPER|CAMS|2025-06-10,CAMS,2025-06-10,SAME_SYMBOL_LOCKOUT
UPPER|CHOLAHLDNG|2025-06-10,CHOLAHLDNG,2025-06-10,SAME_SYMBOL_LOCKOUT
UPPER|FEDERALBNK|2025-06-10,FEDERALBNK,2025-06-10,SAME_SYMBOL_LOCKOUT
UPPER|GAIL|2025-06-10,GAIL,2025-06-10,SAME_SYMBOL_LOCKOUT
UPPER|GODREJPROP|2025-06-10,GODREJPROP,2025-06-10,SAME_SYMBOL_LOCKOUT
UPPER|GRANULES|2025-06-10,GRANULES,2025-06-10,SAME_SYMBOL_LOCKOUT
UPPER|HFCL|2025-06-10,HFCL,2025-06-10,SAME_SYMBOL_LOCKOUT
UPPER|IGL|2025-06-10,IGL,2025-06-10,SAME_SYMBOL_LOCKOUT
UPPER|KAJARIACER|2025-06-10,KAJARIACER,2025-06-10,SAME_SYMBOL_LOCKOUT
UPPER|KEI|2025-06-10,KEI,2025-06-10,SAME_SYMBOL_LOCKOUT
UPPER|MOTHERSON|2025-06-10,MOTHERSON,2025-06-10,SAME_SYMBOL_LOCKOUT
UPPER|NAUKRI|2025-06-10,NAUKRI,2025-06-10,SAME_SYMBOL_LOCKOUT
UPPER|NETWORK18|2025-06-10,NETWORK18,2025-06-10,SAME_SYMBOL_LOCKOUT
UPPER|OBEROIRLTY|2025-06-10,OBEROIRLTY,2025-06-10,SAME_SYMBOL_LOCKOUT
UPPER|SIEMENS|2025-06-10,SIEMENS,2025-06-10,SAME_SYMBOL_LOCKOUT
UPPER|SRF|2025-06-10,SRF,2025-06-10,SAME_SYMBOL_LOCKOUT
UPPER|TATACHEM|2025-06-10,TATACHEM,2025-06-10,SAME_SYMBOL_LOCKOUT
UPPER|WELCORP|2025-06-10,WELCORP,2025-06-10,SAME_SYMBOL_LOCKOUT
UPPER|ZEEL|2025-06-10,ZEEL,2025-06-10,SAME_SYMBOL_LOCKOUT
UPPER|ZENSARTECH|2025-06-10,ZENSARTECH,2025-06-10,SAME_SYMBOL_LOCKOUT
UPPER|GRANULES|2025-06-11,GRANULES,2025-06-11,SAME_SYMBOL_LOCKOUT
UPPER|HINDCOPPER|2025-06-11,HINDCOPPER,2025-06-11,SAME_SYMBOL_LOCKOUT
UPPER|JPPOWER|2025-06-11,JPPOWER,2025-06-11,SAME_SYMBOL_LOCKOUT
UPPER|KEI|2025-06-11,KEI,2025-06-11,SAME_SYMBOL_LOCKOUT
UPPER|NETWORK18|2025-06-11,NETWORK18,2025-06-11,SAME_SYMBOL_LOCKOUT
UPPER|PNCINFRA|2025-06-11,PNCINFRA,2025-06-11,SAME_SYMBOL_LOCKOUT
UPPER|RENUKA|2025-06-11,RENUKA,2025-06-11,SAME_SYMBOL_LOCKOUT
UPPER|TATATECH|2025-06-11,TATATECH,2025-06-11,SAME_SYMBOL_LOCKOUT
UPPER|TTML|2025-06-11,TTML,2025-06-11,SAME_SYMBOL_LOCKOUT
UPPER|UNOMINDA|2025-06-11,UNOMINDA,2025-06-11,SAME_SYMBOL_LOCKOUT
UPPER|ANANDRATHI|2025-06-12,ANANDRATHI,2025-06-12,SAME_SYMBOL_LOCKOUT
UPPER|DIVISLAB|2025-06-12,DIVISLAB,2025-06-12,SAME_SYMBOL_LOCKOUT
UPPER|GAIL|2025-06-12,GAIL,2025-06-12,SAME_SYMBOL_LOCKOUT
UPPER|JBCHEPHARM|2025-06-12,JBCHEPHARM,2025-06-12,SAME_SYMBOL_LOCKOUT
UPPER|LALPATHLAB|2025-06-12,LALPATHLAB,2025-06-12,SAME_SYMBOL_LOCKOUT
UPPER|LAURUSLABS|2025-06-12,LAURUSLABS,2025-06-12,SAME_SYMBOL_LOCKOUT
UPPER|LTM|2025-06-12,LTM,2025-06-12,SAME_SYMBOL_LOCKOUT
UPPER|SIGNATURE|2025-06-12,SIGNATURE,2025-06-12,SAME_SYMBOL_LOCKOUT
UPPER|WOCKPHARMA|2025-06-12,WOCKPHARMA,2025-06-12,SAME_SYMBOL_LOCKOUT
UPPER|ZEEL|2025-06-12,ZEEL,2025-06-12,SAME_SYMBOL_LOCKOUT
UPPER|ZYDUSLIFE|2025-06-12,ZYDUSLIFE,2025-06-12,SAME_SYMBOL_LOCKOUT
UPPER|BIOCON|2025-06-13,BIOCON,2025-06-13,SAME_SYMBOL_LOCKOUT
UPPER|GODIGIT|2025-06-13,GODIGIT,2025-06-13,SAME_SYMBOL_LOCKOUT
UPPER|ONGC|2025-06-13,ONGC,2025-06-13,SAME_SYMBOL_LOCKOUT
UPPER|BIOCON|2025-06-16,BIOCON,2025-06-16,SAME_SYMBOL_LOCKOUT
UPPER|CHOLAHLDNG|2025-06-16,CHOLAHLDNG,2025-06-16,SAME_SYMBOL_LOCKOUT
UPPER|HCLTECH|2025-06-16,HCLTECH,2025-06-16,SAME_SYMBOL_LOCKOUT
UPPER|LAURUSLABS|2025-06-16,LAURUSLABS,2025-06-16,SAME_SYMBOL_LOCKOUT
UPPER|NAVA|2025-06-16,NAVA,2025-06-16,SAME_SYMBOL_LOCKOUT
UPPER|ZEEL|2025-06-16,ZEEL,2025-06-16,SAME_SYMBOL_LOCKOUT
UPPER|BIOCON|2025-06-17,BIOCON,2025-06-17,SAME_SYMBOL_LOCKOUT
UPPER|CHOLAHLDNG|2025-06-17,CHOLAHLDNG,2025-06-17,SAME_SYMBOL_LOCKOUT
UPPER|KPITTECH|2025-06-17,KPITTECH,2025-06-17,SAME_SYMBOL_LOCKOUT
UPPER|MASTEK|2025-06-17,MASTEK,2025-06-17,SAME_SYMBOL_LOCKOUT
UPPER|MAXHEALTH|2025-06-17,MAXHEALTH,2025-06-17,SAME_SYMBOL_LOCKOUT
UPPER|MPHASIS|2025-06-17,MPHASIS,2025-06-17,SAME_SYMBOL_LOCKOUT
UPPER|POLICYBZR|2025-06-17,POLICYBZR,2025-06-17,SAME_SYMBOL_LOCKOUT
UPPER|ASTRAL|2025-06-18,ASTRAL,2025-06-18,SAME_SYMBOL_LOCKOUT
UPPER|HCLTECH|2025-06-18,HCLTECH,2025-06-18,SAME_SYMBOL_LOCKOUT
UPPER|MGL|2025-06-18,MGL,2025-06-18,SAME_SYMBOL_LOCKOUT
UPPER|NAVINFLUOR|2025-06-18,NAVINFLUOR,2025-06-18,SAME_SYMBOL_LOCKOUT
UPPER|TECHM|2025-06-18,TECHM,2025-06-18,SAME_SYMBOL_LOCKOUT
UPPER|KPITTECH|2025-06-19,KPITTECH,2025-06-19,SAME_SYMBOL_LOCKOUT
UPPER|MUTHOOTFIN|2025-06-19,MUTHOOTFIN,2025-06-19,SAME_SYMBOL_LOCKOUT
UPPER|GODIGIT|2025-06-20,GODIGIT,2025-06-20,SAME_SYMBOL_LOCKOUT
UPPER|RELIANCE|2025-06-20,RELIANCE,2025-06-20,SAME_SYMBOL_LOCKOUT
UPPER|TRENT|2025-06-20,TRENT,2025-06-20,SAME_SYMBOL_LOCKOUT
UPPER|CHOLAHLDNG|2025-06-23,CHOLAHLDNG,2025-06-23,SAME_SYMBOL_LOCKOUT
UPPER|GLENMARK|2025-06-23,GLENMARK,2025-06-23,SAME_SYMBOL_LOCKOUT
UPPER|JBCHEPHARM|2025-06-23,JBCHEPHARM,2025-06-23,SAME_SYMBOL_LOCKOUT
UPPER|PERSISTENT|2025-06-23,PERSISTENT,2025-06-23,SAME_SYMBOL_LOCKOUT
UPPER|CHOLAHLDNG|2025-06-24,CHOLAHLDNG,2025-06-24,SAME_SYMBOL_LOCKOUT
UPPER|INDIAMART|2025-06-24,INDIAMART,2025-06-24,SAME_SYMBOL_LOCKOUT
UPPER|JBCHEPHARM|2025-06-24,JBCHEPHARM,2025-06-24,SAME_SYMBOL_LOCKOUT
UPPER|KFINTECH|2025-06-24,KFINTECH,2025-06-24,SAME_SYMBOL_LOCKOUT
UPPER|LLOYDSME|2025-06-24,LLOYDSME,2025-06-24,SAME_SYMBOL_LOCKOUT
UPPER|MPHASIS|2025-06-24,MPHASIS,2025-06-24,SAME_SYMBOL_LOCKOUT
UPPER|PERSISTENT|2025-06-24,PERSISTENT,2025-06-24,SAME_SYMBOL_LOCKOUT
UPPER|RELIANCE|2025-06-24,RELIANCE,2025-06-24,SAME_SYMBOL_LOCKOUT
UPPER|SWIGGY|2025-06-24,SWIGGY,2025-06-24,SAME_SYMBOL_LOCKOUT
UPPER|360ONE|2025-06-25,360ONE,2025-06-25,SAME_SYMBOL_LOCKOUT
UPPER|JBCHEPHARM|2025-06-25,JBCHEPHARM,2025-06-25,SAME_SYMBOL_LOCKOUT
UPPER|KFINTECH|2025-06-25,KFINTECH,2025-06-25,SAME_SYMBOL_LOCKOUT
UPPER|M&M|2025-06-25,M&M,2025-06-25,SAME_SYMBOL_LOCKOUT
UPPER|OBEROIRLTY|2025-06-25,OBEROIRLTY,2025-06-25,SAME_SYMBOL_LOCKOUT
UPPER|VMM|2025-06-25,VMM,2025-06-25,SAME_SYMBOL_LOCKOUT
UPPER|360ONE|2025-06-26,360ONE,2025-06-26,SAME_SYMBOL_LOCKOUT
UPPER|HINDPETRO|2025-06-26,HINDPETRO,2025-06-26,SAME_SYMBOL_LOCKOUT
UPPER|KEC|2025-06-26,KEC,2025-06-26,SAME_SYMBOL_LOCKOUT
UPPER|LAURUSLABS|2025-06-26,LAURUSLABS,2025-06-26,SAME_SYMBOL_LOCKOUT
UPPER|M&M|2025-06-26,M&M,2025-06-26,SAME_SYMBOL_LOCKOUT
UPPER|REDINGTON|2025-06-26,REDINGTON,2025-06-26,SAME_SYMBOL_LOCKOUT
UPPER|360ONE|2025-06-27,360ONE,2025-06-27,SAME_SYMBOL_LOCKOUT
UPPER|ADANIENT|2025-06-27,ADANIENT,2025-06-27,SAME_SYMBOL_LOCKOUT
UPPER|AXISBANK|2025-06-27,AXISBANK,2025-06-27,SAME_SYMBOL_LOCKOUT
UPPER|BSOFT|2025-06-27,BSOFT,2025-06-27,SAME_SYMBOL_LOCKOUT
UPPER|CAMS|2025-06-27,CAMS,2025-06-27,SAME_SYMBOL_LOCKOUT
UPPER|CHOLAHLDNG|2025-06-27,CHOLAHLDNG,2025-06-27,SAME_SYMBOL_LOCKOUT
UPPER|FORTIS|2025-06-27,FORTIS,2025-06-27,SAME_SYMBOL_LOCKOUT
UPPER|GODIGIT|2025-06-27,GODIGIT,2025-06-27,SAME_SYMBOL_LOCKOUT
UPPER|HCLTECH|2025-06-27,HCLTECH,2025-06-27,SAME_SYMBOL_LOCKOUT
UPPER|LLOYDSME|2025-06-27,LLOYDSME,2025-06-27,SAME_SYMBOL_LOCKOUT
UPPER|M&M|2025-06-27,M&M,2025-06-27,SAME_SYMBOL_LOCKOUT
UPPER|MPHASIS|2025-06-27,MPHASIS,2025-06-27,SAME_SYMBOL_LOCKOUT
UPPER|NATIONALUM|2025-06-27,NATIONALUM,2025-06-27,SAME_SYMBOL_LOCKOUT
UPPER|SAIL|2025-06-27,SAIL,2025-06-27,SAME_SYMBOL_LOCKOUT
UPPER|TRITURBINE|2025-06-27,TRITURBINE,2025-06-27,SAME_SYMBOL_LOCKOUT
UPPER|AFFLE|2025-06-30,AFFLE,2025-06-30,SAME_SYMBOL_LOCKOUT
UPPER|GODFRYPHLP|2025-06-30,GODFRYPHLP,2025-06-30,SAME_SYMBOL_LOCKOUT
UPPER|HINDPETRO|2025-06-30,HINDPETRO,2025-06-30,SAME_SYMBOL_LOCKOUT
UPPER|INDUSTOWER|2025-06-30,INDUSTOWER,2025-06-30,SAME_SYMBOL_LOCKOUT
UPPER|MAXHEALTH|2025-06-30,MAXHEALTH,2025-06-30,SAME_SYMBOL_LOCKOUT
UPPER|NAVINFLUOR|2025-06-30,NAVINFLUOR,2025-06-30,SAME_SYMBOL_LOCKOUT
UPPER|REDINGTON|2025-06-30,REDINGTON,2025-06-30,SAME_SYMBOL_LOCKOUT
UPPER|TBOTEK|2025-06-30,TBOTEK,2025-06-30,SAME_SYMBOL_LOCKOUT
UPPER|TIMKEN|2025-06-30,TIMKEN,2025-06-30,SAME_SYMBOL_LOCKOUT
UPPER|UNOMINDA|2025-06-30,UNOMINDA,2025-06-30,SAME_SYMBOL_LOCKOUT
UPPER|COFORGE|2025-07-01,COFORGE,2025-07-01,SAME_SYMBOL_LOCKOUT
UPPER|CUMMINSIND|2025-07-01,CUMMINSIND,2025-07-01,SAME_SYMBOL_LOCKOUT
UPPER|DIVISLAB|2025-07-01,DIVISLAB,2025-07-01,SAME_SYMBOL_LOCKOUT
UPPER|GLENMARK|2025-07-01,GLENMARK,2025-07-01,SAME_SYMBOL_LOCKOUT
UPPER|HINDCOPPER|2025-07-01,HINDCOPPER,2025-07-01,SAME_SYMBOL_LOCKOUT
UPPER|INDIGO|2025-07-01,INDIGO,2025-07-01,SAME_SYMBOL_LOCKOUT
UPPER|INDUSINDBK|2025-07-01,INDUSINDBK,2025-07-01,SAME_SYMBOL_LOCKOUT
UPPER|INDUSTOWER|2025-07-01,INDUSTOWER,2025-07-01,SAME_SYMBOL_LOCKOUT
UPPER|KPIL|2025-07-01,KPIL,2025-07-01,SAME_SYMBOL_LOCKOUT
UPPER|LLOYDSME|2025-07-01,LLOYDSME,2025-07-01,SAME_SYMBOL_LOCKOUT
UPPER|MAXHEALTH|2025-07-01,MAXHEALTH,2025-07-01,SAME_SYMBOL_LOCKOUT
UPPER|MPHASIS|2025-07-01,MPHASIS,2025-07-01,SAME_SYMBOL_LOCKOUT
UPPER|NAVINFLUOR|2025-07-01,NAVINFLUOR,2025-07-01,SAME_SYMBOL_LOCKOUT
UPPER|RAINBOW|2025-07-01,RAINBOW,2025-07-01,SAME_SYMBOL_LOCKOUT
UPPER|TIMKEN|2025-07-01,TIMKEN,2025-07-01,SAME_SYMBOL_LOCKOUT
UPPER|TORNTPHARM|2025-07-01,TORNTPHARM,2025-07-01,SAME_SYMBOL_LOCKOUT
UPPER|ASAHIINDIA|2025-07-02,ASAHIINDIA,2025-07-02,SAME_SYMBOL_LOCKOUT
UPPER|BERGEPAINT|2025-07-02,BERGEPAINT,2025-07-02,SAME_SYMBOL_LOCKOUT
UPPER|BHARTIARTL|2025-07-02,BHARTIARTL,2025-07-02,SAME_SYMBOL_LOCKOUT
UPPER|DALBHARAT|2025-07-02,DALBHARAT,2025-07-02,SAME_SYMBOL_LOCKOUT
UPPER|DIVISLAB|2025-07-02,DIVISLAB,2025-07-02,SAME_SYMBOL_LOCKOUT
UPPER|HINDALCO|2025-07-02,HINDALCO,2025-07-02,SAME_SYMBOL_LOCKOUT
UPPER|HINDPETRO|2025-07-02,HINDPETRO,2025-07-02,SAME_SYMBOL_LOCKOUT
UPPER|INFY|2025-07-02,INFY,2025-07-02,SAME_SYMBOL_LOCKOUT
UPPER|LTFOODS|2025-07-02,LTFOODS,2025-07-02,SAME_SYMBOL_LOCKOUT
UPPER|MPHASIS|2025-07-02,MPHASIS,2025-07-02,SAME_SYMBOL_LOCKOUT
UPPER|SAILIFE|2025-07-02,SAILIFE,2025-07-02,SAME_SYMBOL_LOCKOUT
UPPER|VEDL|2025-07-02,VEDL,2025-07-02,SAME_SYMBOL_LOCKOUT
UPPER|ZYDUSLIFE|2025-07-02,ZYDUSLIFE,2025-07-02,SAME_SYMBOL_LOCKOUT
UPPER|APOLLOHOSP|2025-07-03,APOLLOHOSP,2025-07-03,SAME_SYMBOL_LOCKOUT
UPPER|ASAHIINDIA|2025-07-03,ASAHIINDIA,2025-07-03,SAME_SYMBOL_LOCKOUT
UPPER|HBLENGINE|2025-07-03,HBLENGINE,2025-07-03,SAME_SYMBOL_LOCKOUT
UPPER|HINDALCO|2025-07-03,HINDALCO,2025-07-03,SAME_SYMBOL_LOCKOUT
UPPER|HINDCOPPER|2025-07-03,HINDCOPPER,2025-07-03,SAME_SYMBOL_LOCKOUT
UPPER|IGL|2025-07-03,IGL,2025-07-03,SAME_SYMBOL_LOCKOUT
UPPER|INDUSTOWER|2025-07-03,INDUSTOWER,2025-07-03,SAME_SYMBOL_LOCKOUT
UPPER|JSWSTEEL|2025-07-03,JSWSTEEL,2025-07-03,SAME_SYMBOL_LOCKOUT
UPPER|LTFOODS|2025-07-03,LTFOODS,2025-07-03,SAME_SYMBOL_LOCKOUT
UPPER|MAXHEALTH|2025-07-03,MAXHEALTH,2025-07-03,SAME_SYMBOL_LOCKOUT
UPPER|RAINBOW|2025-07-03,RAINBOW,2025-07-03,SAME_SYMBOL_LOCKOUT
UPPER|TATASTEEL|2025-07-03,TATASTEEL,2025-07-03,SAME_SYMBOL_LOCKOUT
UPPER|TRITURBINE|2025-07-03,TRITURBINE,2025-07-03,SAME_SYMBOL_LOCKOUT
UPPER|AMBER|2025-07-04,AMBER,2025-07-04,SAME_SYMBOL_LOCKOUT
UPPER|AMBUJACEM|2025-07-04,AMBUJACEM,2025-07-04,SAME_SYMBOL_LOCKOUT
UPPER|CANFINHOME|2025-07-04,CANFINHOME,2025-07-04,SAME_SYMBOL_LOCKOUT
UPPER|CESC|2025-07-04,CESC,2025-07-04,SAME_SYMBOL_LOCKOUT
UPPER|NAVA|2025-07-04,NAVA,2025-07-04,SAME_SYMBOL_LOCKOUT
UPPER|RAINBOW|2025-07-04,RAINBOW,2025-07-04,SAME_SYMBOL_LOCKOUT
UPPER|BRITANNIA|2025-07-07,BRITANNIA,2025-07-07,SAME_SYMBOL_LOCKOUT
UPPER|HBLENGINE|2025-07-07,HBLENGINE,2025-07-07,SAME_SYMBOL_LOCKOUT
UPPER|MUTHOOTFIN|2025-07-07,MUTHOOTFIN,2025-07-07,SAME_SYMBOL_LOCKOUT
UPPER|APOLLOHOSP|2025-07-08,APOLLOHOSP,2025-07-08,SAME_SYMBOL_LOCKOUT
UPPER|BRITANNIA|2025-07-08,BRITANNIA,2025-07-08,SAME_SYMBOL_LOCKOUT
UPPER|CESC|2025-07-08,CESC,2025-07-08,SAME_SYMBOL_LOCKOUT
UPPER|RAMCOCEM|2025-07-08,RAMCOCEM,2025-07-08,SAME_SYMBOL_LOCKOUT
UPPER|SRF|2025-07-08,SRF,2025-07-08,SAME_SYMBOL_LOCKOUT
UPPER|ULTRACEMCO|2025-07-09,ULTRACEMCO,2025-07-09,SAME_SYMBOL_LOCKOUT
UPPER|ADANIPOWER|2025-07-10,ADANIPOWER,2025-07-10,SAME_SYMBOL_LOCKOUT
UPPER|BRITANNIA|2025-07-10,BRITANNIA,2025-07-10,SAME_SYMBOL_LOCKOUT
UPPER|ETERNAL|2025-07-10,ETERNAL,2025-07-10,SAME_SYMBOL_LOCKOUT
UPPER|SRF|2025-07-10,SRF,2025-07-10,SAME_SYMBOL_LOCKOUT
UPPER|ULTRACEMCO|2025-07-10,ULTRACEMCO,2025-07-10,SAME_SYMBOL_LOCKOUT
UPPER|AMBER|2025-07-11,AMBER,2025-07-11,SAME_SYMBOL_LOCKOUT
UPPER|ASAHIINDIA|2025-07-11,ASAHIINDIA,2025-07-11,SAME_SYMBOL_LOCKOUT
UPPER|IOC|2025-07-11,IOC,2025-07-11,SAME_SYMBOL_LOCKOUT
UPPER|KIRLOSENG|2025-07-11,KIRLOSENG,2025-07-11,SAME_SYMBOL_LOCKOUT
UPPER|CASTROLIND|2025-07-14,CASTROLIND,2025-07-14,SAME_SYMBOL_LOCKOUT
UPPER|DABUR|2025-07-14,DABUR,2025-07-14,SAME_SYMBOL_LOCKOUT
UPPER|JSWINFRA|2025-07-14,JSWINFRA,2025-07-14,SAME_SYMBOL_LOCKOUT
UPPER|JUBLINGREA|2025-07-14,JUBLINGREA,2025-07-14,SAME_SYMBOL_LOCKOUT
UPPER|MEDANTA|2025-07-14,MEDANTA,2025-07-14,SAME_SYMBOL_LOCKOUT
UPPER|WAAREEENER|2025-07-14,WAAREEENER,2025-07-14,SAME_SYMBOL_LOCKOUT
UPPER|AMBER|2025-07-15,AMBER,2025-07-15,SAME_SYMBOL_LOCKOUT
UPPER|CESC|2025-07-15,CESC,2025-07-15,SAME_SYMBOL_LOCKOUT
UPPER|GODFRYPHLP|2025-07-15,GODFRYPHLP,2025-07-15,SAME_SYMBOL_LOCKOUT
UPPER|JUBLINGREA|2025-07-15,JUBLINGREA,2025-07-15,SAME_SYMBOL_LOCKOUT
UPPER|MANKIND|2025-07-15,MANKIND,2025-07-15,SAME_SYMBOL_LOCKOUT
UPPER|MEDANTA|2025-07-15,MEDANTA,2025-07-15,SAME_SYMBOL_LOCKOUT
UPPER|NYKAA|2025-07-15,NYKAA,2025-07-15,SAME_SYMBOL_LOCKOUT
UPPER|WAAREEENER|2025-07-15,WAAREEENER,2025-07-15,SAME_SYMBOL_LOCKOUT
UPPER|HDFCBANK|2025-07-16,HDFCBANK,2025-07-16,SAME_SYMBOL_LOCKOUT
UPPER|HINDUNILVR|2025-07-16,HINDUNILVR,2025-07-16,SAME_SYMBOL_LOCKOUT
UPPER|KALYANKJIL|2025-07-16,KALYANKJIL,2025-07-16,SAME_SYMBOL_LOCKOUT
UPPER|MARICO|2025-07-16,MARICO,2025-07-16,SAME_SYMBOL_LOCKOUT
UPPER|MEDANTA|2025-07-16,MEDANTA,2025-07-16,SAME_SYMBOL_LOCKOUT
UPPER|CANFINHOME|2025-07-17,CANFINHOME,2025-07-17,SAME_SYMBOL_LOCKOUT
UPPER|GRAPHITE|2025-07-17,GRAPHITE,2025-07-17,SAME_SYMBOL_LOCKOUT
UPPER|MEDANTA|2025-07-17,MEDANTA,2025-07-17,SAME_SYMBOL_LOCKOUT
UPPER|NATCOPHARM|2025-07-17,NATCOPHARM,2025-07-17,SAME_SYMBOL_LOCKOUT
UPPER|SBIN|2025-07-17,SBIN,2025-07-17,SAME_SYMBOL_LOCKOUT
UPPER|VOLTAS|2025-07-17,VOLTAS,2025-07-17,SAME_SYMBOL_LOCKOUT
UPPER|APTUS|2025-07-18,APTUS,2025-07-18,SAME_SYMBOL_LOCKOUT
UPPER|BIOCON|2025-07-18,BIOCON,2025-07-18,SAME_SYMBOL_LOCKOUT
UPPER|CHENNPETRO|2025-07-18,CHENNPETRO,2025-07-18,SAME_SYMBOL_LOCKOUT
UPPER|GMRAIRPORT|2025-07-18,GMRAIRPORT,2025-07-18,SAME_SYMBOL_LOCKOUT
UPPER|HEG|2025-07-18,HEG,2025-07-18,SAME_SYMBOL_LOCKOUT
UPPER|LICHSGFIN|2025-07-18,LICHSGFIN,2025-07-18,SAME_SYMBOL_LOCKOUT
UPPER|M&M|2025-07-18,M&M,2025-07-18,SAME_SYMBOL_LOCKOUT
UPPER|UPL|2025-07-18,UPL,2025-07-18,SAME_SYMBOL_LOCKOUT
UPPER|WIPRO|2025-07-18,WIPRO,2025-07-18,SAME_SYMBOL_LOCKOUT
UPPER|APTUS|2025-07-21,APTUS,2025-07-21,SAME_SYMBOL_LOCKOUT
UPPER|M&M|2025-07-21,M&M,2025-07-21,SAME_SYMBOL_LOCKOUT
UPPER|ULTRACEMCO|2025-07-21,ULTRACEMCO,2025-07-21,SAME_SYMBOL_LOCKOUT
UPPER|VMM|2025-07-21,VMM,2025-07-21,SAME_SYMBOL_LOCKOUT
UPPER|AADHARHFC|2025-07-22,AADHARHFC,2025-07-22,SAME_SYMBOL_LOCKOUT
UPPER|APTUS|2025-07-22,APTUS,2025-07-22,SAME_SYMBOL_LOCKOUT
UPPER|CHENNPETRO|2025-07-22,CHENNPETRO,2025-07-22,SAME_SYMBOL_LOCKOUT
UPPER|FORTIS|2025-07-22,FORTIS,2025-07-22,SAME_SYMBOL_LOCKOUT
UPPER|NYKAA|2025-07-22,NYKAA,2025-07-22,SAME_SYMBOL_LOCKOUT
UPPER|JSWINFRA|2025-07-23,JSWINFRA,2025-07-23,SAME_SYMBOL_LOCKOUT
UPPER|KIMS|2025-07-23,KIMS,2025-07-23,SAME_SYMBOL_LOCKOUT
UPPER|M&M|2025-07-23,M&M,2025-07-23,SAME_SYMBOL_LOCKOUT
UPPER|NYKAA|2025-07-23,NYKAA,2025-07-23,SAME_SYMBOL_LOCKOUT
UPPER|SYNGENE|2025-07-23,SYNGENE,2025-07-23,SAME_SYMBOL_LOCKOUT
UPPER|WHIRLPOOL|2025-07-23,WHIRLPOOL,2025-07-23,SAME_SYMBOL_LOCKOUT
UPPER|KALYANKJIL|2025-07-24,KALYANKJIL,2025-07-24,SAME_SYMBOL_LOCKOUT
UPPER|MRPL|2025-07-24,MRPL,2025-07-24,SAME_SYMBOL_LOCKOUT
UPPER|NATCOPHARM|2025-07-24,NATCOPHARM,2025-07-24,SAME_SYMBOL_LOCKOUT
UPPER|TATACHEM|2025-07-24,TATACHEM,2025-07-24,SAME_SYMBOL_LOCKOUT
UPPER|LALPATHLAB|2025-07-25,LALPATHLAB,2025-07-25,SAME_SYMBOL_LOCKOUT
UPPER|SAILIFE|2025-07-25,SAILIFE,2025-07-25,SAME_SYMBOL_LOCKOUT
UPPER|SYNGENE|2025-07-25,SYNGENE,2025-07-25,SAME_SYMBOL_LOCKOUT
UPPER|3MINDIA|2025-07-28,3MINDIA,2025-07-28,SAME_SYMBOL_LOCKOUT
UPPER|AADHARHFC|2025-07-28,AADHARHFC,2025-07-28,SAME_SYMBOL_LOCKOUT
UPPER|SYNGENE|2025-07-28,SYNGENE,2025-07-28,SAME_SYMBOL_LOCKOUT
UPPER|UPL|2025-07-28,UPL,2025-07-28,SAME_SYMBOL_LOCKOUT
UPPER|CIPLA|2025-07-29,CIPLA,2025-07-29,SAME_SYMBOL_LOCKOUT
UPPER|AJANTPHARM|2025-07-30,AJANTPHARM,2025-07-30,SAME_SYMBOL_LOCKOUT
UPPER|CIPLA|2025-07-30,CIPLA,2025-07-30,SAME_SYMBOL_LOCKOUT
UPPER|SAILIFE|2025-07-30,SAILIFE,2025-07-30,SAME_SYMBOL_LOCKOUT
UPPER|DABUR|2025-07-31,DABUR,2025-07-31,SAME_SYMBOL_LOCKOUT
UPPER|HINDUNILVR|2025-07-31,HINDUNILVR,2025-07-31,SAME_SYMBOL_LOCKOUT
UPPER|NAVINFLUOR|2025-07-31,NAVINFLUOR,2025-07-31,SAME_SYMBOL_LOCKOUT
UPPER|SHYAMMETL|2025-07-31,SHYAMMETL,2025-07-31,SAME_SYMBOL_LOCKOUT
UPPER|3MINDIA|2025-08-01,3MINDIA,2025-08-01,SAME_SYMBOL_LOCKOUT
UPPER|RHIM|2025-08-01,RHIM,2025-08-01,SAME_SYMBOL_LOCKOUT
UPPER|CGCL|2025-08-04,CGCL,2025-08-04,SAME_SYMBOL_LOCKOUT
UPPER|CGCL|2025-08-05,CGCL,2025-08-05,SAME_SYMBOL_LOCKOUT
UPPER|JSL|2025-08-05,JSL,2025-08-05,SAME_SYMBOL_LOCKOUT
UPPER|POWERINDIA|2025-08-05,POWERINDIA,2025-08-05,SAME_SYMBOL_LOCKOUT
UPPER|JSL|2025-08-06,JSL,2025-08-06,SAME_SYMBOL_LOCKOUT
UPPER|LALPATHLAB|2025-08-06,LALPATHLAB,2025-08-06,SAME_SYMBOL_LOCKOUT
UPPER|TVSMOTOR|2025-08-06,TVSMOTOR,2025-08-06,SAME_SYMBOL_LOCKOUT
UPPER|LALPATHLAB|2025-08-07,LALPATHLAB,2025-08-07,SAME_SYMBOL_LOCKOUT
UPPER|HEROMOTOCO|2025-08-08,HEROMOTOCO,2025-08-08,SAME_SYMBOL_LOCKOUT
UPPER|PVRINOX|2025-08-08,PVRINOX,2025-08-08,SAME_SYMBOL_LOCKOUT
UPPER|SAILIFE|2025-08-08,SAILIFE,2025-08-08,SAME_SYMBOL_LOCKOUT
UPPER|TVSMOTOR|2025-08-08,TVSMOTOR,2025-08-08,SAME_SYMBOL_LOCKOUT
UPPER|LALPATHLAB|2025-08-11,LALPATHLAB,2025-08-11,SAME_SYMBOL_LOCKOUT
UPPER|POWERINDIA|2025-08-12,POWERINDIA,2025-08-12,SAME_SYMBOL_LOCKOUT
UPPER|TVSMOTOR|2025-08-13,TVSMOTOR,2025-08-13,SAME_SYMBOL_LOCKOUT
UPPER|ALKEM|2025-08-14,ALKEM,2025-08-14,SAME_SYMBOL_LOCKOUT
UPPER|VMM|2025-08-14,VMM,2025-08-14,SAME_SYMBOL_LOCKOUT
UPPER|APOLLOHOSP|2025-08-18,APOLLOHOSP,2025-08-18,SAME_SYMBOL_LOCKOUT
UPPER|INDIACEM|2025-08-18,INDIACEM,2025-08-18,SAME_SYMBOL_LOCKOUT
UPPER|SBILIFE|2025-08-18,SBILIFE,2025-08-18,SAME_SYMBOL_LOCKOUT
UPPER|HEROMOTOCO|2025-08-19,HEROMOTOCO,2025-08-19,SAME_SYMBOL_LOCKOUT
UPPER|INDIANB|2025-08-19,INDIANB,2025-08-19,SAME_SYMBOL_LOCKOUT
UPPER|JSWSTEEL|2025-08-19,JSWSTEEL,2025-08-19,SAME_SYMBOL_LOCKOUT
UPPER|ALKEM|2025-08-20,ALKEM,2025-08-20,SAME_SYMBOL_LOCKOUT
UPPER|APOLLOHOSP|2025-08-20,APOLLOHOSP,2025-08-20,SAME_SYMBOL_LOCKOUT
UPPER|GODFRYPHLP|2025-08-20,GODFRYPHLP,2025-08-20,SAME_SYMBOL_LOCKOUT
UPPER|GODIGIT|2025-08-20,GODIGIT,2025-08-20,SAME_SYMBOL_LOCKOUT
UPPER|JINDALSTEL|2025-08-20,JINDALSTEL,2025-08-20,SAME_SYMBOL_LOCKOUT
UPPER|JSWSTEEL|2025-08-20,JSWSTEEL,2025-08-20,SAME_SYMBOL_LOCKOUT
UPPER|SAILIFE|2025-08-20,SAILIFE,2025-08-20,SAME_SYMBOL_LOCKOUT
UPPER|ALKEM|2025-08-21,ALKEM,2025-08-21,SAME_SYMBOL_LOCKOUT
UPPER|GODFRYPHLP|2025-08-21,GODFRYPHLP,2025-08-21,SAME_SYMBOL_LOCKOUT
UPPER|JSL|2025-08-21,JSL,2025-08-21,SAME_SYMBOL_LOCKOUT
UPPER|ALKEM|2025-08-22,ALKEM,2025-08-22,SAME_SYMBOL_LOCKOUT
UPPER|APOLLOHOSP|2025-08-22,APOLLOHOSP,2025-08-22,SAME_SYMBOL_LOCKOUT
UPPER|NAM-INDIA|2025-08-22,NAM-INDIA,2025-08-22,SAME_SYMBOL_LOCKOUT
UPPER|SAGILITY|2025-08-22,SAGILITY,2025-08-22,SAME_SYMBOL_LOCKOUT
UPPER|SAILIFE|2025-08-22,SAILIFE,2025-08-22,SAME_SYMBOL_LOCKOUT
UPPER|CIPLA|2025-08-25,CIPLA,2025-08-25,SAME_SYMBOL_LOCKOUT
UPPER|DIXON|2025-08-25,DIXON,2025-08-25,SAME_SYMBOL_LOCKOUT
UPPER|HINDALCO|2025-08-25,HINDALCO,2025-08-25,SAME_SYMBOL_LOCKOUT
UPPER|KIRLOSENG|2025-08-25,KIRLOSENG,2025-08-25,SAME_SYMBOL_LOCKOUT
UPPER|PIDILITIND|2025-08-25,PIDILITIND,2025-08-25,SAME_SYMBOL_LOCKOUT
UPPER|NYKAA|2025-08-26,NYKAA,2025-08-26,SAME_SYMBOL_LOCKOUT
UPPER|PIDILITIND|2025-08-26,PIDILITIND,2025-08-26,SAME_SYMBOL_LOCKOUT
UPPER|VMM|2025-08-26,VMM,2025-08-26,SAME_SYMBOL_LOCKOUT
UPPER|DMART|2025-08-28,DMART,2025-08-28,SAME_SYMBOL_LOCKOUT
UPPER|NYKAA|2025-08-28,NYKAA,2025-08-28,SAME_SYMBOL_LOCKOUT
UPPER|CREDITACC|2025-08-29,CREDITACC,2025-08-29,SAME_SYMBOL_LOCKOUT
UPPER|OLAELEC|2025-08-29,OLAELEC,2025-08-29,SAME_SYMBOL_LOCKOUT
UPPER|CREDITACC|2025-09-01,CREDITACC,2025-09-01,SAME_SYMBOL_LOCKOUT
UPPER|DMART|2025-09-01,DMART,2025-09-01,SAME_SYMBOL_LOCKOUT
UPPER|HINDALCO|2025-09-01,HINDALCO,2025-09-01,SAME_SYMBOL_LOCKOUT
UPPER|USHAMART|2025-09-01,USHAMART,2025-09-01,SAME_SYMBOL_LOCKOUT
UPPER|ABFRL|2025-09-02,ABFRL,2025-09-02,SAME_SYMBOL_LOCKOUT
UPPER|BAJAJ-AUTO|2025-09-02,BAJAJ-AUTO,2025-09-02,SAME_SYMBOL_LOCKOUT
UPPER|BRITANNIA|2025-09-02,BRITANNIA,2025-09-02,SAME_SYMBOL_LOCKOUT
UPPER|HINDALCO|2025-09-02,HINDALCO,2025-09-02,SAME_SYMBOL_LOCKOUT
UPPER|OLAELEC|2025-09-02,OLAELEC,2025-09-02,SAME_SYMBOL_LOCKOUT
UPPER|PIDILITIND|2025-09-02,PIDILITIND,2025-09-02,SAME_SYMBOL_LOCKOUT
UPPER|BRITANNIA|2025-09-03,BRITANNIA,2025-09-03,SAME_SYMBOL_LOCKOUT
UPPER|CCL|2025-09-03,CCL,2025-09-03,SAME_SYMBOL_LOCKOUT
UPPER|DABUR|2025-09-03,DABUR,2025-09-03,SAME_SYMBOL_LOCKOUT
UPPER|DALBHARAT|2025-09-03,DALBHARAT,2025-09-03,SAME_SYMBOL_LOCKOUT
UPPER|PIDILITIND|2025-09-03,PIDILITIND,2025-09-03,SAME_SYMBOL_LOCKOUT
UPPER|ABFRL|2025-09-04,ABFRL,2025-09-04,SAME_SYMBOL_LOCKOUT
UPPER|APOLLOTYRE|2025-09-04,APOLLOTYRE,2025-09-04,SAME_SYMBOL_LOCKOUT
UPPER|ARE&M|2025-09-04,ARE&M,2025-09-04,SAME_SYMBOL_LOCKOUT
UPPER|BAJAJ-AUTO|2025-09-04,BAJAJ-AUTO,2025-09-04,SAME_SYMBOL_LOCKOUT
UPPER|BIKAJI|2025-09-04,BIKAJI,2025-09-04,SAME_SYMBOL_LOCKOUT
UPPER|DALBHARAT|2025-09-04,DALBHARAT,2025-09-04,SAME_SYMBOL_LOCKOUT
UPPER|ESCORTS|2025-09-04,ESCORTS,2025-09-04,SAME_SYMBOL_LOCKOUT
UPPER|HINDALCO|2025-09-04,HINDALCO,2025-09-04,SAME_SYMBOL_LOCKOUT
UPPER|KAYNES|2025-09-04,KAYNES,2025-09-04,SAME_SYMBOL_LOCKOUT
UPPER|LEMONTREE|2025-09-04,LEMONTREE,2025-09-04,SAME_SYMBOL_LOCKOUT
UPPER|OLAELEC|2025-09-04,OLAELEC,2025-09-04,SAME_SYMBOL_LOCKOUT
UPPER|VOLTAS|2025-09-04,VOLTAS,2025-09-04,SAME_SYMBOL_LOCKOUT
UPPER|HINDALCO|2025-09-05,HINDALCO,2025-09-05,SAME_SYMBOL_LOCKOUT
UPPER|JINDALSTEL|2025-09-05,JINDALSTEL,2025-09-05,SAME_SYMBOL_LOCKOUT
UPPER|KAYNES|2025-09-05,KAYNES,2025-09-05,SAME_SYMBOL_LOCKOUT
UPPER|LEMONTREE|2025-09-05,LEMONTREE,2025-09-05,SAME_SYMBOL_LOCKOUT
UPPER|NYKAA|2025-09-05,NYKAA,2025-09-05,SAME_SYMBOL_LOCKOUT
UPPER|ACMESOLAR|2025-09-08,ACMESOLAR,2025-09-08,SAME_SYMBOL_LOCKOUT
UPPER|DALBHARAT|2025-09-08,DALBHARAT,2025-09-08,SAME_SYMBOL_LOCKOUT
UPPER|DEVYANI|2025-09-08,DEVYANI,2025-09-08,SAME_SYMBOL_LOCKOUT
UPPER|ENDURANCE|2025-09-08,ENDURANCE,2025-09-08,SAME_SYMBOL_LOCKOUT
UPPER|NATIONALUM|2025-09-08,NATIONALUM,2025-09-08,SAME_SYMBOL_LOCKOUT
UPPER|NMDC|2025-09-08,NMDC,2025-09-08,SAME_SYMBOL_LOCKOUT
UPPER|TATASTEEL|2025-09-08,TATASTEEL,2025-09-08,SAME_SYMBOL_LOCKOUT
UPPER|TBOTEK|2025-09-08,TBOTEK,2025-09-08,SAME_SYMBOL_LOCKOUT
UPPER|ABCAPITAL|2025-09-09,ABCAPITAL,2025-09-09,SAME_SYMBOL_LOCKOUT
UPPER|ENDURANCE|2025-09-09,ENDURANCE,2025-09-09,SAME_SYMBOL_LOCKOUT
UPPER|EXIDEIND|2025-09-09,EXIDEIND,2025-09-09,SAME_SYMBOL_LOCKOUT
UPPER|HINDALCO|2025-09-09,HINDALCO,2025-09-09,SAME_SYMBOL_LOCKOUT
UPPER|MANAPPURAM|2025-09-09,MANAPPURAM,2025-09-09,SAME_SYMBOL_LOCKOUT
UPPER|TBOTEK|2025-09-09,TBOTEK,2025-09-09,SAME_SYMBOL_LOCKOUT
UPPER|ARE&M|2025-09-10,ARE&M,2025-09-10,SAME_SYMBOL_LOCKOUT
UPPER|DEVYANI|2025-09-10,DEVYANI,2025-09-10,SAME_SYMBOL_LOCKOUT
UPPER|EXIDEIND|2025-09-10,EXIDEIND,2025-09-10,SAME_SYMBOL_LOCKOUT
UPPER|GMDCLTD|2025-09-10,GMDCLTD,2025-09-10,SAME_SYMBOL_LOCKOUT
UPPER|WAAREEENER|2025-09-10,WAAREEENER,2025-09-10,SAME_SYMBOL_LOCKOUT
UPPER|ACMESOLAR|2025-09-11,ACMESOLAR,2025-09-11,SAME_SYMBOL_LOCKOUT
UPPER|DEVYANI|2025-09-11,DEVYANI,2025-09-11,SAME_SYMBOL_LOCKOUT
UPPER|GMDCLTD|2025-09-11,GMDCLTD,2025-09-11,SAME_SYMBOL_LOCKOUT
UPPER|KEI|2025-09-11,KEI,2025-09-11,SAME_SYMBOL_LOCKOUT
UPPER|NATIONALUM|2025-09-11,NATIONALUM,2025-09-11,SAME_SYMBOL_LOCKOUT
UPPER|AFFLE|2025-09-12,AFFLE,2025-09-12,SAME_SYMBOL_LOCKOUT
UPPER|ARE&M|2025-09-12,ARE&M,2025-09-12,SAME_SYMBOL_LOCKOUT
UPPER|CAPLIPOINT|2025-09-12,CAPLIPOINT,2025-09-12,SAME_SYMBOL_LOCKOUT
UPPER|CGPOWER|2025-09-12,CGPOWER,2025-09-12,SAME_SYMBOL_LOCKOUT
UPPER|COALINDIA|2025-09-12,COALINDIA,2025-09-12,SAME_SYMBOL_LOCKOUT
UPPER|KAYNES|2025-09-12,KAYNES,2025-09-12,SAME_SYMBOL_LOCKOUT
UPPER|NATIONALUM|2025-09-12,NATIONALUM,2025-09-12,SAME_SYMBOL_LOCKOUT
UPPER|NMDC|2025-09-12,NMDC,2025-09-12,SAME_SYMBOL_LOCKOUT
UPPER|TIINDIA|2025-09-12,TIINDIA,2025-09-12,SAME_SYMBOL_LOCKOUT
UPPER|WAAREEENER|2025-09-12,WAAREEENER,2025-09-12,SAME_SYMBOL_LOCKOUT
UPPER|ZYDUSLIFE|2025-09-12,ZYDUSLIFE,2025-09-12,SAME_SYMBOL_LOCKOUT
UPPER|ACMESOLAR|2025-09-15,ACMESOLAR,2025-09-15,SAME_SYMBOL_LOCKOUT
UPPER|ADANIPOWER|2025-09-15,ADANIPOWER,2025-09-15,SAME_SYMBOL_LOCKOUT
UPPER|COALINDIA|2025-09-15,COALINDIA,2025-09-15,SAME_SYMBOL_LOCKOUT
UPPER|GRANULES|2025-09-15,GRANULES,2025-09-15,SAME_SYMBOL_LOCKOUT
UPPER|NATIONALUM|2025-09-15,NATIONALUM,2025-09-15,SAME_SYMBOL_LOCKOUT
UPPER|NLCINDIA|2025-09-15,NLCINDIA,2025-09-15,SAME_SYMBOL_LOCKOUT
UPPER|NMDC|2025-09-15,NMDC,2025-09-15,SAME_SYMBOL_LOCKOUT
UPPER|NSLNISP|2025-09-15,NSLNISP,2025-09-15,SAME_SYMBOL_LOCKOUT
UPPER|ARE&M|2025-09-16,ARE&M,2025-09-16,SAME_SYMBOL_LOCKOUT
UPPER|ASAHIINDIA|2025-09-16,ASAHIINDIA,2025-09-16,SAME_SYMBOL_LOCKOUT
UPPER|BAJAJFINSV|2025-09-16,BAJAJFINSV,2025-09-16,SAME_SYMBOL_LOCKOUT
UPPER|JSWSTEEL|2025-09-16,JSWSTEEL,2025-09-16,SAME_SYMBOL_LOCKOUT
UPPER|LUPIN|2025-09-16,LUPIN,2025-09-16,SAME_SYMBOL_LOCKOUT
UPPER|VEDL|2025-09-16,VEDL,2025-09-16,SAME_SYMBOL_LOCKOUT
UPPER|APOLLOTYRE|2025-09-17,APOLLOTYRE,2025-09-17,SAME_SYMBOL_LOCKOUT
UPPER|CGPOWER|2025-09-17,CGPOWER,2025-09-17,SAME_SYMBOL_LOCKOUT
UPPER|COALINDIA|2025-09-17,COALINDIA,2025-09-17,SAME_SYMBOL_LOCKOUT
UPPER|HAVELLS|2025-09-17,HAVELLS,2025-09-17,SAME_SYMBOL_LOCKOUT
UPPER|JKTYRE|2025-09-17,JKTYRE,2025-09-17,SAME_SYMBOL_LOCKOUT
UPPER|JSWSTEEL|2025-09-17,JSWSTEEL,2025-09-17,SAME_SYMBOL_LOCKOUT
UPPER|MANAPPURAM|2025-09-17,MANAPPURAM,2025-09-17,SAME_SYMBOL_LOCKOUT
UPPER|TATASTEEL|2025-09-17,TATASTEEL,2025-09-17,SAME_SYMBOL_LOCKOUT
UPPER|TMPV|2025-09-17,TMPV,2025-09-17,SAME_SYMBOL_LOCKOUT
UPPER|VEDL|2025-09-17,VEDL,2025-09-17,SAME_SYMBOL_LOCKOUT
UPPER|GRANULES|2025-09-18,GRANULES,2025-09-18,SAME_SYMBOL_LOCKOUT
UPPER|JSWSTEEL|2025-09-18,JSWSTEEL,2025-09-18,SAME_SYMBOL_LOCKOUT
UPPER|MPHASIS|2025-09-18,MPHASIS,2025-09-18,SAME_SYMBOL_LOCKOUT
UPPER|NMDC|2025-09-18,NMDC,2025-09-18,SAME_SYMBOL_LOCKOUT
UPPER|RADICO|2025-09-18,RADICO,2025-09-18,SAME_SYMBOL_LOCKOUT
UPPER|TMPV|2025-09-18,TMPV,2025-09-18,SAME_SYMBOL_LOCKOUT
UPPER|YESBANK|2025-09-18,YESBANK,2025-09-18,SAME_SYMBOL_LOCKOUT
UPPER|AFFLE|2025-09-19,AFFLE,2025-09-19,SAME_SYMBOL_LOCKOUT
UPPER|BANKBARODA|2025-09-19,BANKBARODA,2025-09-19,SAME_SYMBOL_LOCKOUT
UPPER|IOB|2025-09-19,IOB,2025-09-19,SAME_SYMBOL_LOCKOUT
UPPER|JSWENERGY|2025-09-19,JSWENERGY,2025-09-19,SAME_SYMBOL_LOCKOUT
UPPER|JSWSTEEL|2025-09-19,JSWSTEEL,2025-09-19,SAME_SYMBOL_LOCKOUT
UPPER|KANSAINER|2025-09-19,KANSAINER,2025-09-19,SAME_SYMBOL_LOCKOUT
UPPER|KAYNES|2025-09-19,KAYNES,2025-09-19,SAME_SYMBOL_LOCKOUT
UPPER|KEI|2025-09-19,KEI,2025-09-19,SAME_SYMBOL_LOCKOUT
UPPER|M&MFIN|2025-09-19,M&MFIN,2025-09-19,SAME_SYMBOL_LOCKOUT
UPPER|NMDC|2025-09-19,NMDC,2025-09-19,SAME_SYMBOL_LOCKOUT
UPPER|SWIGGY|2025-09-19,SWIGGY,2025-09-19,SAME_SYMBOL_LOCKOUT
UPPER|TBOTEK|2025-09-19,TBOTEK,2025-09-19,SAME_SYMBOL_LOCKOUT
UPPER|YESBANK|2025-09-19,YESBANK,2025-09-19,SAME_SYMBOL_LOCKOUT
UPPER|ZYDUSLIFE|2025-09-19,ZYDUSLIFE,2025-09-19,SAME_SYMBOL_LOCKOUT
UPPER|AFFLE|2025-09-22,AFFLE,2025-09-22,SAME_SYMBOL_LOCKOUT
UPPER|BANKBARODA|2025-09-22,BANKBARODA,2025-09-22,SAME_SYMBOL_LOCKOUT
UPPER|GESHIP|2025-09-22,GESHIP,2025-09-22,SAME_SYMBOL_LOCKOUT
UPPER|JKTYRE|2025-09-22,JKTYRE,2025-09-22,SAME_SYMBOL_LOCKOUT
UPPER|JSWSTEEL|2025-09-22,JSWSTEEL,2025-09-22,SAME_SYMBOL_LOCKOUT
UPPER|M&MFIN|2025-09-22,M&MFIN,2025-09-22,SAME_SYMBOL_LOCKOUT
UPPER|NSLNISP|2025-09-22,NSLNISP,2025-09-22,SAME_SYMBOL_LOCKOUT
UPPER|PHOENIXLTD|2025-09-22,PHOENIXLTD,2025-09-22,SAME_SYMBOL_LOCKOUT
UPPER|SBIN|2025-09-22,SBIN,2025-09-22,SAME_SYMBOL_LOCKOUT
UPPER|YESBANK|2025-09-22,YESBANK,2025-09-22,SAME_SYMBOL_LOCKOUT
UPPER|BAJFINANCE|2025-09-23,BAJFINANCE,2025-09-23,SAME_SYMBOL_LOCKOUT
UPPER|BANKINDIA|2025-09-23,BANKINDIA,2025-09-23,SAME_SYMBOL_LOCKOUT
UPPER|FLUOROCHEM|2025-09-23,FLUOROCHEM,2025-09-23,SAME_SYMBOL_LOCKOUT
UPPER|JKTYRE|2025-09-23,JKTYRE,2025-09-23,SAME_SYMBOL_LOCKOUT
UPPER|JSWENERGY|2025-09-23,JSWENERGY,2025-09-23,SAME_SYMBOL_LOCKOUT
UPPER|NSLNISP|2025-09-23,NSLNISP,2025-09-23,SAME_SYMBOL_LOCKOUT
UPPER|ABCAPITAL|2025-09-24,ABCAPITAL,2025-09-24,SAME_SYMBOL_LOCKOUT
UPPER|ALKEM|2025-09-24,ALKEM,2025-09-24,SAME_SYMBOL_LOCKOUT
UPPER|ASAHIINDIA|2025-09-24,ASAHIINDIA,2025-09-24,SAME_SYMBOL_LOCKOUT
UPPER|BANKBARODA|2025-09-24,BANKBARODA,2025-09-24,SAME_SYMBOL_LOCKOUT
UPPER|BANKINDIA|2025-09-24,BANKINDIA,2025-09-24,SAME_SYMBOL_LOCKOUT
UPPER|INDIANB|2025-09-24,INDIANB,2025-09-24,SAME_SYMBOL_LOCKOUT
UPPER|MOTHERSON|2025-09-24,MOTHERSON,2025-09-24,SAME_SYMBOL_LOCKOUT
UPPER|NMDC|2025-09-24,NMDC,2025-09-24,SAME_SYMBOL_LOCKOUT
UPPER|SBIN|2025-09-24,SBIN,2025-09-24,SAME_SYMBOL_LOCKOUT
UPPER|TATASTEEL|2025-09-24,TATASTEEL,2025-09-24,SAME_SYMBOL_LOCKOUT
UPPER|ALKEM|2025-09-25,ALKEM,2025-09-25,SAME_SYMBOL_LOCKOUT
UPPER|ASAHIINDIA|2025-09-25,ASAHIINDIA,2025-09-25,SAME_SYMBOL_LOCKOUT
UPPER|HINDALCO|2025-09-25,HINDALCO,2025-09-25,SAME_SYMBOL_LOCKOUT
UPPER|JSWSTEEL|2025-09-26,JSWSTEEL,2025-09-26,SAME_SYMBOL_LOCKOUT
UPPER|NLCINDIA|2025-09-26,NLCINDIA,2025-09-26,SAME_SYMBOL_LOCKOUT
UPPER|ANANTRAJ|2025-09-29,ANANTRAJ,2025-09-29,SAME_SYMBOL_LOCKOUT
UPPER|BANKINDIA|2025-09-30,BANKINDIA,2025-09-30,SAME_SYMBOL_LOCKOUT
UPPER|HINDCOPPER|2025-09-30,HINDCOPPER,2025-09-30,SAME_SYMBOL_LOCKOUT
UPPER|HINDPETRO|2025-09-30,HINDPETRO,2025-09-30,SAME_SYMBOL_LOCKOUT
UPPER|MUTHOOTFIN|2025-09-30,MUTHOOTFIN,2025-09-30,SAME_SYMBOL_LOCKOUT
UPPER|RBLBANK|2025-09-30,RBLBANK,2025-09-30,SAME_SYMBOL_LOCKOUT
UPPER|BANKBARODA|2025-10-01,BANKBARODA,2025-10-01,SAME_SYMBOL_LOCKOUT
UPPER|HINDCOPPER|2025-10-01,HINDCOPPER,2025-10-01,SAME_SYMBOL_LOCKOUT
UPPER|HINDPETRO|2025-10-01,HINDPETRO,2025-10-01,SAME_SYMBOL_LOCKOUT
UPPER|HINDZINC|2025-10-01,HINDZINC,2025-10-01,SAME_SYMBOL_LOCKOUT
UPPER|JINDALSTEL|2025-10-01,JINDALSTEL,2025-10-01,SAME_SYMBOL_LOCKOUT
UPPER|RBLBANK|2025-10-01,RBLBANK,2025-10-01,SAME_SYMBOL_LOCKOUT
UPPER|TATACONSUM|2025-10-01,TATACONSUM,2025-10-01,SAME_SYMBOL_LOCKOUT
UPPER|BANKINDIA|2025-10-03,BANKINDIA,2025-10-03,SAME_SYMBOL_LOCKOUT
UPPER|HINDCOPPER|2025-10-03,HINDCOPPER,2025-10-03,SAME_SYMBOL_LOCKOUT
UPPER|NSLNISP|2025-10-03,NSLNISP,2025-10-03,SAME_SYMBOL_LOCKOUT
UPPER|TATACONSUM|2025-10-03,TATACONSUM,2025-10-03,SAME_SYMBOL_LOCKOUT
UPPER|VEDL|2025-10-03,VEDL,2025-10-03,SAME_SYMBOL_LOCKOUT
UPPER|ABCAPITAL|2025-10-06,ABCAPITAL,2025-10-06,SAME_SYMBOL_LOCKOUT
UPPER|HINDCOPPER|2025-10-06,HINDCOPPER,2025-10-06,SAME_SYMBOL_LOCKOUT
UPPER|HINDZINC|2025-10-06,HINDZINC,2025-10-06,SAME_SYMBOL_LOCKOUT
UPPER|KAYNES|2025-10-06,KAYNES,2025-10-06,SAME_SYMBOL_LOCKOUT
UPPER|NAM-INDIA|2025-10-06,NAM-INDIA,2025-10-06,SAME_SYMBOL_LOCKOUT
UPPER|ONGC|2025-10-06,ONGC,2025-10-06,SAME_SYMBOL_LOCKOUT
UPPER|TATACONSUM|2025-10-06,TATACONSUM,2025-10-06,SAME_SYMBOL_LOCKOUT
UPPER|YESBANK|2025-10-06,YESBANK,2025-10-06,SAME_SYMBOL_LOCKOUT
UPPER|BANKINDIA|2025-10-07,BANKINDIA,2025-10-07,SAME_SYMBOL_LOCKOUT
UPPER|HINDPETRO|2025-10-07,HINDPETRO,2025-10-07,SAME_SYMBOL_LOCKOUT
UPPER|IOC|2025-10-07,IOC,2025-10-07,SAME_SYMBOL_LOCKOUT
UPPER|JSWENERGY|2025-10-07,JSWENERGY,2025-10-07,SAME_SYMBOL_LOCKOUT
UPPER|KAYNES|2025-10-07,KAYNES,2025-10-07,SAME_SYMBOL_LOCKOUT
UPPER|ONGC|2025-10-07,ONGC,2025-10-07,SAME_SYMBOL_LOCKOUT
UPPER|APLAPOLLO|2025-10-08,APLAPOLLO,2025-10-08,SAME_SYMBOL_LOCKOUT
UPPER|CANBK|2025-10-08,CANBK,2025-10-08,SAME_SYMBOL_LOCKOUT
UPPER|IDEA|2025-10-08,IDEA,2025-10-08,SAME_SYMBOL_LOCKOUT
UPPER|IOC|2025-10-08,IOC,2025-10-08,SAME_SYMBOL_LOCKOUT
UPPER|JKTYRE|2025-10-08,JKTYRE,2025-10-08,SAME_SYMBOL_LOCKOUT
UPPER|ASTERDM|2025-10-09,ASTERDM,2025-10-09,SAME_SYMBOL_LOCKOUT
UPPER|BPCL|2025-10-09,BPCL,2025-10-09,SAME_SYMBOL_LOCKOUT
UPPER|IOC|2025-10-09,IOC,2025-10-09,SAME_SYMBOL_LOCKOUT
UPPER|JSWSTEEL|2025-10-09,JSWSTEEL,2025-10-09,SAME_SYMBOL_LOCKOUT
UPPER|KEI|2025-10-09,KEI,2025-10-09,SAME_SYMBOL_LOCKOUT
UPPER|CANBK|2025-10-10,CANBK,2025-10-10,SAME_SYMBOL_LOCKOUT
UPPER|LT|2025-10-10,LT,2025-10-10,SAME_SYMBOL_LOCKOUT
UPPER|USHAMART|2025-10-10,USHAMART,2025-10-10,SAME_SYMBOL_LOCKOUT
UPPER|AIIL|2025-10-13,AIIL,2025-10-13,SAME_SYMBOL_LOCKOUT
UPPER|NAM-INDIA|2025-10-13,NAM-INDIA,2025-10-13,SAME_SYMBOL_LOCKOUT
UPPER|NEULANDLAB|2025-10-13,NEULANDLAB,2025-10-13,SAME_SYMBOL_LOCKOUT
UPPER|RBLBANK|2025-10-13,RBLBANK,2025-10-13,SAME_SYMBOL_LOCKOUT
UPPER|CHOLAFIN|2025-10-14,CHOLAFIN,2025-10-14,SAME_SYMBOL_LOCKOUT
UPPER|GRANULES|2025-10-14,GRANULES,2025-10-14,SAME_SYMBOL_LOCKOUT
UPPER|NAM-INDIA|2025-10-14,NAM-INDIA,2025-10-14,SAME_SYMBOL_LOCKOUT
UPPER|RBLBANK|2025-10-14,RBLBANK,2025-10-14,SAME_SYMBOL_LOCKOUT
UPPER|ALKEM|2025-10-15,ALKEM,2025-10-15,SAME_SYMBOL_LOCKOUT
UPPER|GRANULES|2025-10-15,GRANULES,2025-10-15,SAME_SYMBOL_LOCKOUT
UPPER|MOTILALOFS|2025-10-15,MOTILALOFS,2025-10-15,SAME_SYMBOL_LOCKOUT
UPPER|RBLBANK|2025-10-15,RBLBANK,2025-10-15,SAME_SYMBOL_LOCKOUT
UPPER|SHRIRAMFIN|2025-10-15,SHRIRAMFIN,2025-10-15,SAME_SYMBOL_LOCKOUT
UPPER|CANBK|2025-10-16,CANBK,2025-10-16,SAME_SYMBOL_LOCKOUT
UPPER|LTM|2025-10-16,LTM,2025-10-16,SAME_SYMBOL_LOCKOUT
UPPER|M&MFIN|2025-10-16,M&MFIN,2025-10-16,SAME_SYMBOL_LOCKOUT
UPPER|MOTILALOFS|2025-10-16,MOTILALOFS,2025-10-16,SAME_SYMBOL_LOCKOUT
UPPER|SBIN|2025-10-16,SBIN,2025-10-16,SAME_SYMBOL_LOCKOUT
UPPER|SHRIRAMFIN|2025-10-16,SHRIRAMFIN,2025-10-16,SAME_SYMBOL_LOCKOUT
UPPER|TATACONSUM|2025-10-16,TATACONSUM,2025-10-16,SAME_SYMBOL_LOCKOUT
UPPER|APLAPOLLO|2025-10-17,APLAPOLLO,2025-10-17,SAME_SYMBOL_LOCKOUT
UPPER|LTM|2025-10-17,LTM,2025-10-17,SAME_SYMBOL_LOCKOUT
UPPER|SBIN|2025-10-17,SBIN,2025-10-17,SAME_SYMBOL_LOCKOUT
UPPER|APOLLOHOSP|2025-10-20,APOLLOHOSP,2025-10-20,SAME_SYMBOL_LOCKOUT
UPPER|BAJFINANCE|2025-10-20,BAJFINANCE,2025-10-20,SAME_SYMBOL_LOCKOUT
UPPER|CENTRALBK|2025-10-20,CENTRALBK,2025-10-20,SAME_SYMBOL_LOCKOUT
UPPER|LT|2025-10-20,LT,2025-10-20,SAME_SYMBOL_LOCKOUT
UPPER|MOTILALOFS|2025-10-20,MOTILALOFS,2025-10-20,SAME_SYMBOL_LOCKOUT
UPPER|PERSISTENT|2025-10-20,PERSISTENT,2025-10-20,SAME_SYMBOL_LOCKOUT
UPPER|UNITDSPR|2025-10-20,UNITDSPR,2025-10-20,SAME_SYMBOL_LOCKOUT
UPPER|360ONE|2025-10-21,360ONE,2025-10-21,SAME_SYMBOL_LOCKOUT
UPPER|APLAPOLLO|2025-10-21,APLAPOLLO,2025-10-21,SAME_SYMBOL_LOCKOUT
UPPER|ASTERDM|2025-10-21,ASTERDM,2025-10-21,SAME_SYMBOL_LOCKOUT
UPPER|AUBANK|2025-10-21,AUBANK,2025-10-21,SAME_SYMBOL_LOCKOUT
UPPER|BAJFINANCE|2025-10-21,BAJFINANCE,2025-10-21,SAME_SYMBOL_LOCKOUT
UPPER|BHARTIARTL|2025-10-21,BHARTIARTL,2025-10-21,SAME_SYMBOL_LOCKOUT
UPPER|HINDALCO|2025-10-21,HINDALCO,2025-10-21,SAME_SYMBOL_LOCKOUT
UPPER|IDFCFIRSTB|2025-10-21,IDFCFIRSTB,2025-10-21,SAME_SYMBOL_LOCKOUT
UPPER|PAYTM|2025-10-21,PAYTM,2025-10-21,SAME_SYMBOL_LOCKOUT
UPPER|PERSISTENT|2025-10-21,PERSISTENT,2025-10-21,SAME_SYMBOL_LOCKOUT
UPPER|PVRINOX|2025-10-21,PVRINOX,2025-10-21,SAME_SYMBOL_LOCKOUT
UPPER|APLAPOLLO|2025-10-23,APLAPOLLO,2025-10-23,SAME_SYMBOL_LOCKOUT
UPPER|APOLLOHOSP|2025-10-23,APOLLOHOSP,2025-10-23,SAME_SYMBOL_LOCKOUT
UPPER|ASTERDM|2025-10-23,ASTERDM,2025-10-23,SAME_SYMBOL_LOCKOUT
UPPER|AUBANK|2025-10-23,AUBANK,2025-10-23,SAME_SYMBOL_LOCKOUT
UPPER|BEL|2025-10-23,BEL,2025-10-23,SAME_SYMBOL_LOCKOUT
UPPER|BHARTIARTL|2025-10-23,BHARTIARTL,2025-10-23,SAME_SYMBOL_LOCKOUT
UPPER|CANFINHOME|2025-10-23,CANFINHOME,2025-10-23,SAME_SYMBOL_LOCKOUT
UPPER|CESC|2025-10-23,CESC,2025-10-23,SAME_SYMBOL_LOCKOUT
UPPER|FEDERALBNK|2025-10-23,FEDERALBNK,2025-10-23,SAME_SYMBOL_LOCKOUT
UPPER|HDFCBANK|2025-10-23,HDFCBANK,2025-10-23,SAME_SYMBOL_LOCKOUT
UPPER|KARURVYSYA|2025-10-23,KARURVYSYA,2025-10-23,SAME_SYMBOL_LOCKOUT
UPPER|MOTILALOFS|2025-10-23,MOTILALOFS,2025-10-23,SAME_SYMBOL_LOCKOUT
UPPER|NAM-INDIA|2025-10-23,NAM-INDIA,2025-10-23,SAME_SYMBOL_LOCKOUT
UPPER|PERSISTENT|2025-10-23,PERSISTENT,2025-10-23,SAME_SYMBOL_LOCKOUT
UPPER|RELIANCE|2025-10-23,RELIANCE,2025-10-23,SAME_SYMBOL_LOCKOUT
UPPER|SBICARD|2025-10-23,SBICARD,2025-10-23,SAME_SYMBOL_LOCKOUT
UPPER|UCOBANK|2025-10-23,UCOBANK,2025-10-23,SAME_SYMBOL_LOCKOUT
UPPER|BEL|2025-10-24,BEL,2025-10-24,SAME_SYMBOL_LOCKOUT
UPPER|BEML|2025-10-24,BEML,2025-10-24,SAME_SYMBOL_LOCKOUT
UPPER|FEDERALBNK|2025-10-24,FEDERALBNK,2025-10-24,SAME_SYMBOL_LOCKOUT
UPPER|MRF|2025-10-24,MRF,2025-10-24,SAME_SYMBOL_LOCKOUT
UPPER|SHRIRAMFIN|2025-10-24,SHRIRAMFIN,2025-10-24,SAME_SYMBOL_LOCKOUT
UPPER|ABCAPITAL|2025-10-27,ABCAPITAL,2025-10-27,SAME_SYMBOL_LOCKOUT
UPPER|AIAENG|2025-10-27,AIAENG,2025-10-27,SAME_SYMBOL_LOCKOUT
UPPER|BEL|2025-10-27,BEL,2025-10-27,SAME_SYMBOL_LOCKOUT
UPPER|CENTRALBK|2025-10-27,CENTRALBK,2025-10-27,SAME_SYMBOL_LOCKOUT
UPPER|CHOLAFIN|2025-10-27,CHOLAFIN,2025-10-27,SAME_SYMBOL_LOCKOUT
UPPER|CUB|2025-10-27,CUB,2025-10-27,SAME_SYMBOL_LOCKOUT
UPPER|GODREJPROP|2025-10-27,GODREJPROP,2025-10-27,SAME_SYMBOL_LOCKOUT
UPPER|PNB|2025-10-27,PNB,2025-10-27,SAME_SYMBOL_LOCKOUT
UPPER|SHRIRAMFIN|2025-10-27,SHRIRAMFIN,2025-10-27,SAME_SYMBOL_LOCKOUT
UPPER|TATASTEEL|2025-10-27,TATASTEEL,2025-10-27,SAME_SYMBOL_LOCKOUT
UPPER|UNIONBANK|2025-10-27,UNIONBANK,2025-10-27,SAME_SYMBOL_LOCKOUT
UPPER|AIAENG|2025-10-28,AIAENG,2025-10-28,SAME_SYMBOL_LOCKOUT
UPPER|APOLLOTYRE|2025-10-28,APOLLOTYRE,2025-10-28,SAME_SYMBOL_LOCKOUT
UPPER|ASAHIINDIA|2025-10-28,ASAHIINDIA,2025-10-28,SAME_SYMBOL_LOCKOUT
UPPER|BHARATFORG|2025-10-28,BHARATFORG,2025-10-28,SAME_SYMBOL_LOCKOUT
UPPER|BHARTIARTL|2025-10-28,BHARTIARTL,2025-10-28,SAME_SYMBOL_LOCKOUT
UPPER|CANBK|2025-10-28,CANBK,2025-10-28,SAME_SYMBOL_LOCKOUT
UPPER|GRASIM|2025-10-28,GRASIM,2025-10-28,SAME_SYMBOL_LOCKOUT
UPPER|IDFCFIRSTB|2025-10-28,IDFCFIRSTB,2025-10-28,SAME_SYMBOL_LOCKOUT
UPPER|KARURVYSYA|2025-10-28,KARURVYSYA,2025-10-28,SAME_SYMBOL_LOCKOUT
UPPER|PAYTM|2025-10-28,PAYTM,2025-10-28,SAME_SYMBOL_LOCKOUT
UPPER|PHOENIXLTD|2025-10-28,PHOENIXLTD,2025-10-28,SAME_SYMBOL_LOCKOUT
UPPER|PVRINOX|2025-10-28,PVRINOX,2025-10-28,SAME_SYMBOL_LOCKOUT
UPPER|AMBER|2025-10-29,AMBER,2025-10-29,SAME_SYMBOL_LOCKOUT
UPPER|AUBANK|2025-10-29,AUBANK,2025-10-29,SAME_SYMBOL_LOCKOUT
UPPER|BHARTIARTL|2025-10-29,BHARTIARTL,2025-10-29,SAME_SYMBOL_LOCKOUT
UPPER|CANFINHOME|2025-10-29,CANFINHOME,2025-10-29,SAME_SYMBOL_LOCKOUT
UPPER|CESC|2025-10-29,CESC,2025-10-29,SAME_SYMBOL_LOCKOUT
UPPER|CUB|2025-10-29,CUB,2025-10-29,SAME_SYMBOL_LOCKOUT
UPPER|GRASIM|2025-10-29,GRASIM,2025-10-29,SAME_SYMBOL_LOCKOUT
UPPER|LAURUSLABS|2025-10-29,LAURUSLABS,2025-10-29,SAME_SYMBOL_LOCKOUT
UPPER|LT|2025-10-29,LT,2025-10-29,SAME_SYMBOL_LOCKOUT
UPPER|NSLNISP|2025-10-29,NSLNISP,2025-10-29,SAME_SYMBOL_LOCKOUT
UPPER|PNB|2025-10-29,PNB,2025-10-29,SAME_SYMBOL_LOCKOUT
UPPER|UNIONBANK|2025-10-29,UNIONBANK,2025-10-29,SAME_SYMBOL_LOCKOUT
UPPER|BHARATFORG|2025-10-30,BHARATFORG,2025-10-30,SAME_SYMBOL_LOCKOUT
UPPER|BRIGADE|2025-10-30,BRIGADE,2025-10-30,SAME_SYMBOL_LOCKOUT
UPPER|CGCL|2025-10-30,CGCL,2025-10-30,SAME_SYMBOL_LOCKOUT
UPPER|GMRAIRPORT|2025-10-30,GMRAIRPORT,2025-10-30,SAME_SYMBOL_LOCKOUT
UPPER|GRAPHITE|2025-10-30,GRAPHITE,2025-10-30,SAME_SYMBOL_LOCKOUT
UPPER|HCLTECH|2025-10-30,HCLTECH,2025-10-30,SAME_SYMBOL_LOCKOUT
UPPER|LT|2025-10-30,LT,2025-10-30,SAME_SYMBOL_LOCKOUT
UPPER|SHRIRAMFIN|2025-10-30,SHRIRAMFIN,2025-10-30,SAME_SYMBOL_LOCKOUT
UPPER|TATAPOWER|2025-10-30,TATAPOWER,2025-10-30,SAME_SYMBOL_LOCKOUT
UPPER|UNIONBANK|2025-10-30,UNIONBANK,2025-10-30,SAME_SYMBOL_LOCKOUT
UPPER|BHARATFORG|2025-10-31,BHARATFORG,2025-10-31,SAME_SYMBOL_LOCKOUT
UPPER|BRIGADE|2025-10-31,BRIGADE,2025-10-31,SAME_SYMBOL_LOCKOUT
UPPER|CANFINHOME|2025-10-31,CANFINHOME,2025-10-31,SAME_SYMBOL_LOCKOUT
UPPER|FIVESTAR|2025-10-31,FIVESTAR,2025-10-31,SAME_SYMBOL_LOCKOUT
UPPER|GMRAIRPORT|2025-10-31,GMRAIRPORT,2025-10-31,SAME_SYMBOL_LOCKOUT
UPPER|HUDCO|2025-10-31,HUDCO,2025-10-31,SAME_SYMBOL_LOCKOUT
UPPER|LAURUSLABS|2025-10-31,LAURUSLABS,2025-10-31,SAME_SYMBOL_LOCKOUT
UPPER|LTM|2025-10-31,LTM,2025-10-31,SAME_SYMBOL_LOCKOUT
UPPER|SBILIFE|2025-10-31,SBILIFE,2025-10-31,SAME_SYMBOL_LOCKOUT
UPPER|UCOBANK|2025-10-31,UCOBANK,2025-10-31,SAME_SYMBOL_LOCKOUT
UPPER|UNIONBANK|2025-10-31,UNIONBANK,2025-10-31,SAME_SYMBOL_LOCKOUT
UPPER|BEL|2025-11-03,BEL,2025-11-03,SAME_SYMBOL_LOCKOUT
UPPER|CANFINHOME|2025-11-03,CANFINHOME,2025-11-03,SAME_SYMBOL_LOCKOUT
UPPER|CHOICEIN|2025-11-03,CHOICEIN,2025-11-03,SAME_SYMBOL_LOCKOUT
UPPER|IIFL|2025-11-03,IIFL,2025-11-03,SAME_SYMBOL_LOCKOUT
UPPER|KARURVYSYA|2025-11-03,KARURVYSYA,2025-11-03,SAME_SYMBOL_LOCKOUT
UPPER|MCX|2025-11-03,MCX,2025-11-03,SAME_SYMBOL_LOCKOUT
UPPER|OIL|2025-11-03,OIL,2025-11-03,SAME_SYMBOL_LOCKOUT
UPPER|ONGC|2025-11-03,ONGC,2025-11-03,SAME_SYMBOL_LOCKOUT
UPPER|PNBHOUSING|2025-11-03,PNBHOUSING,2025-11-03,SAME_SYMBOL_LOCKOUT
UPPER|PRESTIGE|2025-11-03,PRESTIGE,2025-11-03,SAME_SYMBOL_LOCKOUT
UPPER|SBILIFE|2025-11-03,SBILIFE,2025-11-03,SAME_SYMBOL_LOCKOUT
UPPER|UNIONBANK|2025-11-03,UNIONBANK,2025-11-03,SAME_SYMBOL_LOCKOUT
UPPER|ASAHIINDIA|2025-11-04,ASAHIINDIA,2025-11-04,SAME_SYMBOL_LOCKOUT
UPPER|BHEL|2025-11-04,BHEL,2025-11-04,SAME_SYMBOL_LOCKOUT
UPPER|DIVISLAB|2025-11-04,DIVISLAB,2025-11-04,SAME_SYMBOL_LOCKOUT
UPPER|GMRAIRPORT|2025-11-04,GMRAIRPORT,2025-11-04,SAME_SYMBOL_LOCKOUT
UPPER|KIRLOSENG|2025-11-04,KIRLOSENG,2025-11-04,SAME_SYMBOL_LOCKOUT
UPPER|SBILIFE|2025-11-04,SBILIFE,2025-11-04,SAME_SYMBOL_LOCKOUT
UPPER|CUB|2025-11-06,CUB,2025-11-06,SAME_SYMBOL_LOCKOUT
UPPER|GMRAIRPORT|2025-11-06,GMRAIRPORT,2025-11-06,SAME_SYMBOL_LOCKOUT
UPPER|KPIL|2025-11-06,KPIL,2025-11-06,SAME_SYMBOL_LOCKOUT
UPPER|LAURUSLABS|2025-11-06,LAURUSLABS,2025-11-06,SAME_SYMBOL_LOCKOUT
UPPER|PAYTM|2025-11-06,PAYTM,2025-11-06,SAME_SYMBOL_LOCKOUT
UPPER|TITAN|2025-11-06,TITAN,2025-11-06,SAME_SYMBOL_LOCKOUT
UPPER|ASTRAL|2025-11-10,ASTRAL,2025-11-10,SAME_SYMBOL_LOCKOUT
UPPER|GMRAIRPORT|2025-11-10,GMRAIRPORT,2025-11-10,SAME_SYMBOL_LOCKOUT
UPPER|SBILIFE|2025-11-10,SBILIFE,2025-11-10,SAME_SYMBOL_LOCKOUT
UPPER|SOBHA|2025-11-10,SOBHA,2025-11-10,SAME_SYMBOL_LOCKOUT
UPPER|UPL|2025-11-10,UPL,2025-11-10,SAME_SYMBOL_LOCKOUT
UPPER|INDUSTOWER|2025-11-11,INDUSTOWER,2025-11-11,SAME_SYMBOL_LOCKOUT
UPPER|MCX|2025-11-11,MCX,2025-11-11,SAME_SYMBOL_LOCKOUT
UPPER|OIL|2025-11-12,OIL,2025-11-12,SAME_SYMBOL_LOCKOUT
UPPER|AAVAS|2025-11-13,AAVAS,2025-11-13,SAME_SYMBOL_LOCKOUT
UPPER|ASAHIINDIA|2025-11-13,ASAHIINDIA,2025-11-13,SAME_SYMBOL_LOCKOUT
UPPER|BSE|2025-11-13,BSE,2025-11-13,SAME_SYMBOL_LOCKOUT
UPPER|HCLTECH|2025-11-13,HCLTECH,2025-11-13,SAME_SYMBOL_LOCKOUT
UPPER|ICICIGI|2025-11-13,ICICIGI,2025-11-13,SAME_SYMBOL_LOCKOUT
UPPER|INDUSTOWER|2025-11-13,INDUSTOWER,2025-11-13,SAME_SYMBOL_LOCKOUT
UPPER|JINDALSTEL|2025-11-13,JINDALSTEL,2025-11-13,SAME_SYMBOL_LOCKOUT
UPPER|MINDACORP|2025-11-13,MINDACORP,2025-11-13,SAME_SYMBOL_LOCKOUT
UPPER|NUVAMA|2025-11-13,NUVAMA,2025-11-13,SAME_SYMBOL_LOCKOUT
UPPER|SUNPHARMA|2025-11-13,SUNPHARMA,2025-11-13,SAME_SYMBOL_LOCKOUT
UPPER|SYRMA|2025-11-13,SYRMA,2025-11-13,SAME_SYMBOL_LOCKOUT
UPPER|AUROPHARMA|2025-11-14,AUROPHARMA,2025-11-14,SAME_SYMBOL_LOCKOUT
UPPER|BERGEPAINT|2025-11-14,BERGEPAINT,2025-11-14,SAME_SYMBOL_LOCKOUT
UPPER|BSE|2025-11-14,BSE,2025-11-14,SAME_SYMBOL_LOCKOUT
UPPER|GICRE|2025-11-14,GICRE,2025-11-14,SAME_SYMBOL_LOCKOUT
UPPER|GMRAIRPORT|2025-11-14,GMRAIRPORT,2025-11-14,SAME_SYMBOL_LOCKOUT
UPPER|LAURUSLABS|2025-11-14,LAURUSLABS,2025-11-14,SAME_SYMBOL_LOCKOUT
UPPER|LUPIN|2025-11-14,LUPIN,2025-11-14,SAME_SYMBOL_LOCKOUT
UPPER|BIOCON|2025-11-17,BIOCON,2025-11-17,SAME_SYMBOL_LOCKOUT
UPPER|BSE|2025-11-17,BSE,2025-11-17,SAME_SYMBOL_LOCKOUT
UPPER|GRSE|2025-11-17,GRSE,2025-11-17,SAME_SYMBOL_LOCKOUT
UPPER|LATENTVIEW|2025-11-17,LATENTVIEW,2025-11-17,SAME_SYMBOL_LOCKOUT
UPPER|LUPIN|2025-11-17,LUPIN,2025-11-17,SAME_SYMBOL_LOCKOUT
UPPER|MCX|2025-11-17,MCX,2025-11-17,SAME_SYMBOL_LOCKOUT
UPPER|NAVINFLUOR|2025-11-17,NAVINFLUOR,2025-11-17,SAME_SYMBOL_LOCKOUT
UPPER|ANGELONE|2025-11-18,ANGELONE,2025-11-18,SAME_SYMBOL_LOCKOUT
UPPER|ASAHIINDIA|2025-11-18,ASAHIINDIA,2025-11-18,SAME_SYMBOL_LOCKOUT
UPPER|AUROPHARMA|2025-11-18,AUROPHARMA,2025-11-18,SAME_SYMBOL_LOCKOUT
UPPER|BERGEPAINT|2025-11-18,BERGEPAINT,2025-11-18,SAME_SYMBOL_LOCKOUT
UPPER|BIOCON|2025-11-18,BIOCON,2025-11-18,SAME_SYMBOL_LOCKOUT
UPPER|BSE|2025-11-18,BSE,2025-11-18,SAME_SYMBOL_LOCKOUT
UPPER|CANFINHOME|2025-11-18,CANFINHOME,2025-11-18,SAME_SYMBOL_LOCKOUT
UPPER|LAURUSLABS|2025-11-18,LAURUSLABS,2025-11-18,SAME_SYMBOL_LOCKOUT
UPPER|UPL|2025-11-18,UPL,2025-11-18,SAME_SYMBOL_LOCKOUT
UPPER|BERGEPAINT|2025-11-19,BERGEPAINT,2025-11-19,SAME_SYMBOL_LOCKOUT
UPPER|HEROMOTOCO|2025-11-19,HEROMOTOCO,2025-11-19,SAME_SYMBOL_LOCKOUT
UPPER|LATENTVIEW|2025-11-19,LATENTVIEW,2025-11-19,SAME_SYMBOL_LOCKOUT
UPPER|BSE|2025-11-20,BSE,2025-11-20,SAME_SYMBOL_LOCKOUT
UPPER|CDSL|2025-11-20,CDSL,2025-11-20,SAME_SYMBOL_LOCKOUT
UPPER|COFORGE|2025-11-20,COFORGE,2025-11-20,SAME_SYMBOL_LOCKOUT
UPPER|DATAPATTNS|2025-11-20,DATAPATTNS,2025-11-20,SAME_SYMBOL_LOCKOUT
UPPER|KIRLOSENG|2025-11-20,KIRLOSENG,2025-11-20,SAME_SYMBOL_LOCKOUT
UPPER|PNB|2025-11-20,PNB,2025-11-20,SAME_SYMBOL_LOCKOUT
UPPER|SUNPHARMA|2025-11-20,SUNPHARMA,2025-11-20,SAME_SYMBOL_LOCKOUT
UPPER|AWL|2025-11-21,AWL,2025-11-21,SAME_SYMBOL_LOCKOUT
UPPER|BERGEPAINT|2025-11-21,BERGEPAINT,2025-11-21,SAME_SYMBOL_LOCKOUT
UPPER|BHARTIARTL|2025-11-21,BHARTIARTL,2025-11-21,SAME_SYMBOL_LOCKOUT
UPPER|RELIANCE|2025-11-21,RELIANCE,2025-11-21,SAME_SYMBOL_LOCKOUT
UPPER|SONACOMS|2025-11-21,SONACOMS,2025-11-21,SAME_SYMBOL_LOCKOUT
UPPER|ACC|2025-11-24,ACC,2025-11-24,SAME_SYMBOL_LOCKOUT
UPPER|INFY|2025-11-24,INFY,2025-11-24,SAME_SYMBOL_LOCKOUT
UPPER|PERSISTENT|2025-11-24,PERSISTENT,2025-11-24,SAME_SYMBOL_LOCKOUT
UPPER|LATENTVIEW|2025-11-25,LATENTVIEW,2025-11-25,SAME_SYMBOL_LOCKOUT
UPPER|UNIONBANK|2025-11-26,UNIONBANK,2025-11-26,SAME_SYMBOL_LOCKOUT
UPPER|GAIL|2025-11-27,GAIL,2025-11-27,SAME_SYMBOL_LOCKOUT
UPPER|LUPIN|2025-11-27,LUPIN,2025-11-27,SAME_SYMBOL_LOCKOUT
UPPER|MFSL|2025-11-27,MFSL,2025-11-27,SAME_SYMBOL_LOCKOUT
UPPER|SONACOMS|2025-11-27,SONACOMS,2025-11-27,SAME_SYMBOL_LOCKOUT
UPPER|COFORGE|2025-11-28,COFORGE,2025-11-28,SAME_SYMBOL_LOCKOUT
UPPER|LUPIN|2025-11-28,LUPIN,2025-11-28,SAME_SYMBOL_LOCKOUT
UPPER|MOTHERSON|2025-11-28,MOTHERSON,2025-11-28,SAME_SYMBOL_LOCKOUT
UPPER|NUVAMA|2025-11-28,NUVAMA,2025-11-28,SAME_SYMBOL_LOCKOUT
UPPER|COFORGE|2025-12-01,COFORGE,2025-12-01,SAME_SYMBOL_LOCKOUT
UPPER|LUPIN|2025-12-01,LUPIN,2025-12-01,SAME_SYMBOL_LOCKOUT
UPPER|M&M|2025-12-01,M&M,2025-12-01,SAME_SYMBOL_LOCKOUT
UPPER|NUVAMA|2025-12-01,NUVAMA,2025-12-01,SAME_SYMBOL_LOCKOUT
UPPER|BSOFT|2025-12-02,BSOFT,2025-12-02,SAME_SYMBOL_LOCKOUT
UPPER|COROMANDEL|2025-12-02,COROMANDEL,2025-12-02,SAME_SYMBOL_LOCKOUT
UPPER|UNIONBANK|2025-12-02,UNIONBANK,2025-12-02,SAME_SYMBOL_LOCKOUT
UPPER|LTTS|2025-12-03,LTTS,2025-12-03,SAME_SYMBOL_LOCKOUT
UPPER|POWERINDIA|2025-12-03,POWERINDIA,2025-12-03,SAME_SYMBOL_LOCKOUT
UPPER|AJANTPHARM|2025-12-05,AJANTPHARM,2025-12-05,SAME_SYMBOL_LOCKOUT
UPPER|COFORGE|2025-12-05,COFORGE,2025-12-05,SAME_SYMBOL_LOCKOUT
UPPER|TCS|2025-12-05,TCS,2025-12-05,SAME_SYMBOL_LOCKOUT
UPPER|TECHM|2025-12-05,TECHM,2025-12-05,SAME_SYMBOL_LOCKOUT
UPPER|AJANTPHARM|2025-12-08,AJANTPHARM,2025-12-08,SAME_SYMBOL_LOCKOUT
UPPER|COFORGE|2025-12-08,COFORGE,2025-12-08,SAME_SYMBOL_LOCKOUT
UPPER|CUMMINSIND|2025-12-11,CUMMINSIND,2025-12-11,SAME_SYMBOL_LOCKOUT
UPPER|EICHERMOT|2025-12-11,EICHERMOT,2025-12-11,SAME_SYMBOL_LOCKOUT
UPPER|ICICIPRULI|2025-12-12,ICICIPRULI,2025-12-12,SAME_SYMBOL_LOCKOUT
UPPER|ICICIPRULI|2025-12-15,ICICIPRULI,2025-12-15,SAME_SYMBOL_LOCKOUT
UPPER|HINDZINC|2025-12-16,HINDZINC,2025-12-16,SAME_SYMBOL_LOCKOUT
UPPER|ICICIPRULI|2025-12-16,ICICIPRULI,2025-12-16,SAME_SYMBOL_LOCKOUT
UPPER|LUPIN|2025-12-17,LUPIN,2025-12-17,SAME_SYMBOL_LOCKOUT
UPPER|HINDCOPPER|2025-12-18,HINDCOPPER,2025-12-18,SAME_SYMBOL_LOCKOUT
UPPER|IDFCFIRSTB|2025-12-18,IDFCFIRSTB,2025-12-18,SAME_SYMBOL_LOCKOUT
UPPER|COROMANDEL|2025-12-19,COROMANDEL,2025-12-19,SAME_SYMBOL_LOCKOUT
UPPER|HINDCOPPER|2025-12-19,HINDCOPPER,2025-12-19,SAME_SYMBOL_LOCKOUT
UPPER|ICICIPRULI|2025-12-19,ICICIPRULI,2025-12-19,SAME_SYMBOL_LOCKOUT
UPPER|LUPIN|2025-12-19,LUPIN,2025-12-19,SAME_SYMBOL_LOCKOUT
UPPER|TCS|2025-12-19,TCS,2025-12-19,SAME_SYMBOL_LOCKOUT
UPPER|IDEA|2025-12-22,IDEA,2025-12-22,SAME_SYMBOL_LOCKOUT
UPPER|INDIACEM|2025-12-22,INDIACEM,2025-12-22,SAME_SYMBOL_LOCKOUT
UPPER|AJANTPHARM|2025-12-23,AJANTPHARM,2025-12-23,SAME_SYMBOL_LOCKOUT
UPPER|EICHERMOT|2025-12-23,EICHERMOT,2025-12-23,SAME_SYMBOL_LOCKOUT
UPPER|HINDCOPPER|2025-12-23,HINDCOPPER,2025-12-23,SAME_SYMBOL_LOCKOUT
UPPER|ICICIPRULI|2025-12-23,ICICIPRULI,2025-12-23,SAME_SYMBOL_LOCKOUT
UPPER|IDEA|2025-12-23,IDEA,2025-12-23,SAME_SYMBOL_LOCKOUT
UPPER|MANAPPURAM|2025-12-23,MANAPPURAM,2025-12-23,SAME_SYMBOL_LOCKOUT
UPPER|MARUTI|2025-12-23,MARUTI,2025-12-23,SAME_SYMBOL_LOCKOUT
UPPER|MOTHERSON|2025-12-23,MOTHERSON,2025-12-23,SAME_SYMBOL_LOCKOUT
UPPER|NATCOPHARM|2025-12-23,NATCOPHARM,2025-12-23,SAME_SYMBOL_LOCKOUT
UPPER|AIAENG|2025-12-24,AIAENG,2025-12-24,SAME_SYMBOL_LOCKOUT
UPPER|EICHERMOT|2025-12-24,EICHERMOT,2025-12-24,SAME_SYMBOL_LOCKOUT
UPPER|GRANULES|2025-12-24,GRANULES,2025-12-24,SAME_SYMBOL_LOCKOUT
UPPER|HINDALCO|2025-12-24,HINDALCO,2025-12-24,SAME_SYMBOL_LOCKOUT
UPPER|IDEA|2025-12-24,IDEA,2025-12-24,SAME_SYMBOL_LOCKOUT
UPPER|EICHERMOT|2025-12-26,EICHERMOT,2025-12-26,SAME_SYMBOL_LOCKOUT
UPPER|MANAPPURAM|2025-12-26,MANAPPURAM,2025-12-26,SAME_SYMBOL_LOCKOUT
UPPER|RAMCOCEM|2025-12-26,RAMCOCEM,2025-12-26,SAME_SYMBOL_LOCKOUT
UPPER|APLAPOLLO|2025-12-29,APLAPOLLO,2025-12-29,SAME_SYMBOL_LOCKOUT
UPPER|EICHERMOT|2025-12-29,EICHERMOT,2025-12-29,SAME_SYMBOL_LOCKOUT
UPPER|GODREJCP|2025-12-29,GODREJCP,2025-12-29,SAME_SYMBOL_LOCKOUT
UPPER|GRAVITA|2025-12-29,GRAVITA,2025-12-29,SAME_SYMBOL_LOCKOUT
UPPER|HINDALCO|2025-12-29,HINDALCO,2025-12-29,SAME_SYMBOL_LOCKOUT
UPPER|NMDC|2025-12-29,NMDC,2025-12-29,SAME_SYMBOL_LOCKOUT
UPPER|360ONE|2025-12-30,360ONE,2025-12-30,SAME_SYMBOL_LOCKOUT
UPPER|AIAENG|2025-12-30,AIAENG,2025-12-30,SAME_SYMBOL_LOCKOUT
UPPER|HINDALCO|2025-12-30,HINDALCO,2025-12-30,SAME_SYMBOL_LOCKOUT
UPPER|ICICIPRULI|2025-12-30,ICICIPRULI,2025-12-30,SAME_SYMBOL_LOCKOUT
UPPER|MARUTI|2025-12-30,MARUTI,2025-12-30,SAME_SYMBOL_LOCKOUT
UPPER|MSUMI|2025-12-30,MSUMI,2025-12-30,SAME_SYMBOL_LOCKOUT
UPPER|APLAPOLLO|2025-12-31,APLAPOLLO,2025-12-31,SAME_SYMBOL_LOCKOUT
UPPER|CHOICEIN|2025-12-31,CHOICEIN,2025-12-31,SAME_SYMBOL_LOCKOUT
UPPER|HINDALCO|2025-12-31,HINDALCO,2025-12-31,SAME_SYMBOL_LOCKOUT
UPPER|IDEA|2025-12-31,IDEA,2025-12-31,SAME_SYMBOL_LOCKOUT
UPPER|NMDC|2025-12-31,NMDC,2025-12-31,SAME_SYMBOL_LOCKOUT
UPPER|SUNDARMFIN|2025-12-31,SUNDARMFIN,2025-12-31,SAME_SYMBOL_LOCKOUT
UPPER|EICHERMOT|2026-01-02,EICHERMOT,2026-01-02,SAME_SYMBOL_LOCKOUT
UPPER|MANAPPURAM|2026-01-02,MANAPPURAM,2026-01-02,SAME_SYMBOL_LOCKOUT
UPPER|MOTHERSON|2026-01-02,MOTHERSON,2026-01-02,SAME_SYMBOL_LOCKOUT
UPPER|NMDC|2026-01-02,NMDC,2026-01-02,SAME_SYMBOL_LOCKOUT
UPPER|360ONE|2026-01-05,360ONE,2026-01-05,SAME_SYMBOL_LOCKOUT
UPPER|CHOICEIN|2026-01-05,CHOICEIN,2026-01-05,SAME_SYMBOL_LOCKOUT
UPPER|GLENMARK|2026-01-05,GLENMARK,2026-01-05,SAME_SYMBOL_LOCKOUT
UPPER|HINDPETRO|2026-01-05,HINDPETRO,2026-01-05,SAME_SYMBOL_LOCKOUT
UPPER|HSCL|2026-01-05,HSCL,2026-01-05,SAME_SYMBOL_LOCKOUT
UPPER|JSL|2026-01-05,JSL,2026-01-05,SAME_SYMBOL_LOCKOUT
UPPER|NMDC|2026-01-05,NMDC,2026-01-05,SAME_SYMBOL_LOCKOUT
UPPER|RAMCOCEM|2026-01-05,RAMCOCEM,2026-01-05,SAME_SYMBOL_LOCKOUT
UPPER|TVSMOTOR|2026-01-05,TVSMOTOR,2026-01-05,SAME_SYMBOL_LOCKOUT
UPPER|BAJAJ-AUTO|2026-01-06,BAJAJ-AUTO,2026-01-06,SAME_SYMBOL_LOCKOUT
UPPER|BANKINDIA|2026-01-06,BANKINDIA,2026-01-06,SAME_SYMBOL_LOCKOUT
UPPER|CRAFTSMAN|2026-01-06,CRAFTSMAN,2026-01-06,SAME_SYMBOL_LOCKOUT
UPPER|JSL|2026-01-06,JSL,2026-01-06,SAME_SYMBOL_LOCKOUT
UPPER|MSUMI|2026-01-06,MSUMI,2026-01-06,SAME_SYMBOL_LOCKOUT
UPPER|TORNTPOWER|2026-01-06,TORNTPOWER,2026-01-06,SAME_SYMBOL_LOCKOUT
UPPER|GODREJCP|2026-01-07,GODREJCP,2026-01-07,SAME_SYMBOL_LOCKOUT
UPPER|GRANULES|2026-01-07,GRANULES,2026-01-07,SAME_SYMBOL_LOCKOUT
UPPER|JSL|2026-01-07,JSL,2026-01-07,SAME_SYMBOL_LOCKOUT
UPPER|KEI|2026-01-07,KEI,2026-01-07,SAME_SYMBOL_LOCKOUT
UPPER|PETRONET|2026-01-07,PETRONET,2026-01-07,SAME_SYMBOL_LOCKOUT
UPPER|TORNTPOWER|2026-01-07,TORNTPOWER,2026-01-07,SAME_SYMBOL_LOCKOUT
UPPER|ABB|2026-01-08,ABB,2026-01-08,SAME_SYMBOL_LOCKOUT
UPPER|AIAENG|2026-01-08,AIAENG,2026-01-08,SAME_SYMBOL_LOCKOUT
UPPER|BAJAJ-AUTO|2026-01-08,BAJAJ-AUTO,2026-01-08,SAME_SYMBOL_LOCKOUT
UPPER|NMDC|2026-01-08,NMDC,2026-01-08,SAME_SYMBOL_LOCKOUT
UPPER|POLYCAB|2026-01-08,POLYCAB,2026-01-08,SAME_SYMBOL_LOCKOUT
UPPER|VBL|2026-01-08,VBL,2026-01-08,SAME_SYMBOL_LOCKOUT
UPPER|EICHERMOT|2026-01-09,EICHERMOT,2026-01-09,SAME_SYMBOL_LOCKOUT
UPPER|IEX|2026-01-09,IEX,2026-01-09,SAME_SYMBOL_LOCKOUT
UPPER|RAMCOCEM|2026-01-09,RAMCOCEM,2026-01-09,SAME_SYMBOL_LOCKOUT
UPPER|RAMCOCEM|2026-01-12,RAMCOCEM,2026-01-12,SAME_SYMBOL_LOCKOUT
UPPER|ALKEM|2026-01-13,ALKEM,2026-01-13,SAME_SYMBOL_LOCKOUT
UPPER|AXISBANK|2026-01-14,AXISBANK,2026-01-14,SAME_SYMBOL_LOCKOUT
UPPER|BANKINDIA|2026-01-14,BANKINDIA,2026-01-14,SAME_SYMBOL_LOCKOUT
UPPER|MAHABANK|2026-01-14,MAHABANK,2026-01-14,SAME_SYMBOL_LOCKOUT
UPPER|360ONE|2026-01-16,360ONE,2026-01-16,SAME_SYMBOL_LOCKOUT
UPPER|AXISBANK|2026-01-16,AXISBANK,2026-01-16,SAME_SYMBOL_LOCKOUT
UPPER|SAIL|2026-01-16,SAIL,2026-01-16,SAME_SYMBOL_LOCKOUT
UPPER|TATASTEEL|2026-01-16,TATASTEEL,2026-01-16,SAME_SYMBOL_LOCKOUT
UPPER|AXISBANK|2026-01-19,AXISBANK,2026-01-19,SAME_SYMBOL_LOCKOUT
UPPER|EMCURE|2026-01-19,EMCURE,2026-01-19,SAME_SYMBOL_LOCKOUT
UPPER|PNB|2026-01-19,PNB,2026-01-19,SAME_SYMBOL_LOCKOUT
UPPER|TORNTPHARM|2026-01-19,TORNTPHARM,2026-01-19,SAME_SYMBOL_LOCKOUT
UPPER|YESBANK|2026-01-19,YESBANK,2026-01-19,SAME_SYMBOL_LOCKOUT
UPPER|MAHABANK|2026-01-20,MAHABANK,2026-01-20,SAME_SYMBOL_LOCKOUT
UPPER|DALBHARAT|2026-01-22,DALBHARAT,2026-01-22,SAME_SYMBOL_LOCKOUT
UPPER|SAIL|2026-01-22,SAIL,2026-01-22,SAME_SYMBOL_LOCKOUT
UPPER|HCLTECH|2026-01-23,HCLTECH,2026-01-23,SAME_SYMBOL_LOCKOUT
UPPER|MAHABANK|2026-01-23,MAHABANK,2026-01-23,SAME_SYMBOL_LOCKOUT
UPPER|SAIL|2026-01-23,SAIL,2026-01-23,SAME_SYMBOL_LOCKOUT
UPPER|TATASTEEL|2026-01-23,TATASTEEL,2026-01-23,SAME_SYMBOL_LOCKOUT
UPPER|AXISBANK|2026-01-27,AXISBANK,2026-01-27,SAME_SYMBOL_LOCKOUT
UPPER|BALKRISIND|2026-01-27,BALKRISIND,2026-01-27,SAME_SYMBOL_LOCKOUT
UPPER|HCLTECH|2026-01-27,HCLTECH,2026-01-27,SAME_SYMBOL_LOCKOUT
UPPER|SAIL|2026-01-27,SAIL,2026-01-27,SAME_SYMBOL_LOCKOUT
UPPER|TATASTEEL|2026-01-27,TATASTEEL,2026-01-27,SAME_SYMBOL_LOCKOUT
UPPER|AXISBANK|2026-01-28,AXISBANK,2026-01-28,SAME_SYMBOL_LOCKOUT
UPPER|JSWSTEEL|2026-01-28,JSWSTEEL,2026-01-28,SAME_SYMBOL_LOCKOUT
UPPER|SAIL|2026-01-28,SAIL,2026-01-28,SAME_SYMBOL_LOCKOUT
UPPER|SAIL|2026-01-29,SAIL,2026-01-29,SAME_SYMBOL_LOCKOUT
UPPER|ATUL|2026-01-30,ATUL,2026-01-30,SAME_SYMBOL_LOCKOUT
UPPER|RAMCOCEM|2026-02-02,RAMCOCEM,2026-02-02,SAME_SYMBOL_LOCKOUT
UPPER|ATUL|2026-02-03,ATUL,2026-02-03,SAME_SYMBOL_LOCKOUT
UPPER|CUB|2026-02-03,CUB,2026-02-03,SAME_SYMBOL_LOCKOUT
UPPER|HCLTECH|2026-02-03,HCLTECH,2026-02-03,SAME_SYMBOL_LOCKOUT
UPPER|INFY|2026-02-03,INFY,2026-02-03,SAME_SYMBOL_LOCKOUT
UPPER|JINDALSTEL|2026-02-03,JINDALSTEL,2026-02-03,SAME_SYMBOL_LOCKOUT
UPPER|NESTLEIND|2026-02-03,NESTLEIND,2026-02-03,SAME_SYMBOL_LOCKOUT
UPPER|SUNDARMFIN|2026-02-03,SUNDARMFIN,2026-02-03,SAME_SYMBOL_LOCKOUT
UPPER|ULTRACEMCO|2026-02-03,ULTRACEMCO,2026-02-03,SAME_SYMBOL_LOCKOUT
UPPER|JINDALSTEL|2026-02-04,JINDALSTEL,2026-02-04,SAME_SYMBOL_LOCKOUT
UPPER|BANDHANBNK|2026-02-05,BANDHANBNK,2026-02-05,SAME_SYMBOL_LOCKOUT
UPPER|JINDALSTEL|2026-02-05,JINDALSTEL,2026-02-05,SAME_SYMBOL_LOCKOUT
UPPER|NTPC|2026-02-05,NTPC,2026-02-05,SAME_SYMBOL_LOCKOUT
UPPER|PFC|2026-02-05,PFC,2026-02-05,SAME_SYMBOL_LOCKOUT
UPPER|GESHIP|2026-02-06,GESHIP,2026-02-06,SAME_SYMBOL_LOCKOUT
UPPER|NAVINFLUOR|2026-02-06,NAVINFLUOR,2026-02-06,SAME_SYMBOL_LOCKOUT
UPPER|RAMCOCEM|2026-02-06,RAMCOCEM,2026-02-06,SAME_SYMBOL_LOCKOUT
UPPER|ADANIPORTS|2026-02-09,ADANIPORTS,2026-02-09,SAME_SYMBOL_LOCKOUT
UPPER|BANKINDIA|2026-02-09,BANKINDIA,2026-02-09,SAME_SYMBOL_LOCKOUT
UPPER|JINDALSTEL|2026-02-09,JINDALSTEL,2026-02-09,SAME_SYMBOL_LOCKOUT
UPPER|JSWSTEEL|2026-02-09,JSWSTEEL,2026-02-09,SAME_SYMBOL_LOCKOUT
UPPER|NTPC|2026-02-09,NTPC,2026-02-09,SAME_SYMBOL_LOCKOUT
UPPER|PFC|2026-02-09,PFC,2026-02-09,SAME_SYMBOL_LOCKOUT
UPPER|3MINDIA|2026-02-10,3MINDIA,2026-02-10,SAME_SYMBOL_LOCKOUT
UPPER|AARTIIND|2026-02-10,AARTIIND,2026-02-10,SAME_SYMBOL_LOCKOUT
UPPER|BALKRISIND|2026-02-10,BALKRISIND,2026-02-10,SAME_SYMBOL_LOCKOUT
UPPER|BHARATFORG|2026-02-10,BHARATFORG,2026-02-10,SAME_SYMBOL_LOCKOUT
UPPER|JSWSTEEL|2026-02-10,JSWSTEEL,2026-02-10,SAME_SYMBOL_LOCKOUT
UPPER|LTFOODS|2026-02-10,LTFOODS,2026-02-10,SAME_SYMBOL_LOCKOUT
UPPER|MAHABANK|2026-02-10,MAHABANK,2026-02-10,SAME_SYMBOL_LOCKOUT
UPPER|MRPL|2026-02-10,MRPL,2026-02-10,SAME_SYMBOL_LOCKOUT
UPPER|NAVINFLUOR|2026-02-10,NAVINFLUOR,2026-02-10,SAME_SYMBOL_LOCKOUT
UPPER|ULTRACEMCO|2026-02-10,ULTRACEMCO,2026-02-10,SAME_SYMBOL_LOCKOUT
UPPER|KEI|2026-02-11,KEI,2026-02-11,SAME_SYMBOL_LOCKOUT
UPPER|LTFOODS|2026-02-11,LTFOODS,2026-02-11,SAME_SYMBOL_LOCKOUT
UPPER|MFSL|2026-02-11,MFSL,2026-02-11,SAME_SYMBOL_LOCKOUT
UPPER|MOTHERSON|2026-02-11,MOTHERSON,2026-02-11,SAME_SYMBOL_LOCKOUT
UPPER|MRPL|2026-02-11,MRPL,2026-02-11,SAME_SYMBOL_LOCKOUT
UPPER|NTPC|2026-02-11,NTPC,2026-02-11,SAME_SYMBOL_LOCKOUT
UPPER|NYKAA|2026-02-11,NYKAA,2026-02-11,SAME_SYMBOL_LOCKOUT
UPPER|POWERGRID|2026-02-11,POWERGRID,2026-02-11,SAME_SYMBOL_LOCKOUT
UPPER|TITAN|2026-02-11,TITAN,2026-02-11,SAME_SYMBOL_LOCKOUT
UPPER|ASTRAL|2026-02-12,ASTRAL,2026-02-12,SAME_SYMBOL_LOCKOUT
UPPER|BANDHANBNK|2026-02-12,BANDHANBNK,2026-02-12,SAME_SYMBOL_LOCKOUT
UPPER|IOC|2026-02-12,IOC,2026-02-12,SAME_SYMBOL_LOCKOUT
UPPER|JINDALSTEL|2026-02-12,JINDALSTEL,2026-02-12,SAME_SYMBOL_LOCKOUT
UPPER|NTPC|2026-02-12,NTPC,2026-02-12,SAME_SYMBOL_LOCKOUT
UPPER|PETRONET|2026-02-12,PETRONET,2026-02-12,SAME_SYMBOL_LOCKOUT
UPPER|POWERINDIA|2026-02-12,POWERINDIA,2026-02-12,SAME_SYMBOL_LOCKOUT
UPPER|SAIL|2026-02-12,SAIL,2026-02-12,SAME_SYMBOL_LOCKOUT
UPPER|SUNDARMFIN|2026-02-12,SUNDARMFIN,2026-02-12,SAME_SYMBOL_LOCKOUT
UPPER|ABSLAMC|2026-02-13,ABSLAMC,2026-02-13,SAME_SYMBOL_LOCKOUT
UPPER|LT|2026-02-13,LT,2026-02-13,SAME_SYMBOL_LOCKOUT
UPPER|LTFOODS|2026-02-13,LTFOODS,2026-02-13,SAME_SYMBOL_LOCKOUT
UPPER|SCHNEIDER|2026-02-13,SCHNEIDER,2026-02-13,SAME_SYMBOL_LOCKOUT
UPPER|ABSLAMC|2026-02-16,ABSLAMC,2026-02-16,SAME_SYMBOL_LOCKOUT
UPPER|APOLLOHOSP|2026-02-16,APOLLOHOSP,2026-02-16,SAME_SYMBOL_LOCKOUT
UPPER|MFSL|2026-02-16,MFSL,2026-02-16,SAME_SYMBOL_LOCKOUT
UPPER|SCHNEIDER|2026-02-16,SCHNEIDER,2026-02-16,SAME_SYMBOL_LOCKOUT
UPPER|ZFCVINDIA|2026-02-16,ZFCVINDIA,2026-02-16,SAME_SYMBOL_LOCKOUT
UPPER|ABB|2026-02-17,ABB,2026-02-17,SAME_SYMBOL_LOCKOUT
UPPER|ABSLAMC|2026-02-17,ABSLAMC,2026-02-17,SAME_SYMBOL_LOCKOUT
UPPER|BANKINDIA|2026-02-17,BANKINDIA,2026-02-17,SAME_SYMBOL_LOCKOUT
UPPER|INDUSTOWER|2026-02-17,INDUSTOWER,2026-02-17,SAME_SYMBOL_LOCKOUT
UPPER|POWERGRID|2026-02-17,POWERGRID,2026-02-17,SAME_SYMBOL_LOCKOUT
UPPER|SCI|2026-02-17,SCI,2026-02-17,SAME_SYMBOL_LOCKOUT
UPPER|TORNTPOWER|2026-02-17,TORNTPOWER,2026-02-17,SAME_SYMBOL_LOCKOUT
UPPER|AMBER|2026-02-18,AMBER,2026-02-18,SAME_SYMBOL_LOCKOUT
UPPER|GRAPHITE|2026-02-18,GRAPHITE,2026-02-18,SAME_SYMBOL_LOCKOUT
UPPER|HDFCAMC|2026-02-18,HDFCAMC,2026-02-18,SAME_SYMBOL_LOCKOUT
UPPER|KEI|2026-02-18,KEI,2026-02-18,SAME_SYMBOL_LOCKOUT
UPPER|KIMS|2026-02-18,KIMS,2026-02-18,SAME_SYMBOL_LOCKOUT
UPPER|PETRONET|2026-02-18,PETRONET,2026-02-18,SAME_SYMBOL_LOCKOUT
UPPER|POWERGRID|2026-02-18,POWERGRID,2026-02-18,SAME_SYMBOL_LOCKOUT
UPPER|SCI|2026-02-18,SCI,2026-02-18,SAME_SYMBOL_LOCKOUT
UPPER|VOLTAS|2026-02-18,VOLTAS,2026-02-18,SAME_SYMBOL_LOCKOUT
UPPER|ABSLAMC|2026-02-19,ABSLAMC,2026-02-19,SAME_SYMBOL_LOCKOUT
UPPER|BAJAJ-AUTO|2026-02-19,BAJAJ-AUTO,2026-02-19,SAME_SYMBOL_LOCKOUT
UPPER|BANDHANBNK|2026-02-19,BANDHANBNK,2026-02-19,SAME_SYMBOL_LOCKOUT
UPPER|BANKINDIA|2026-02-19,BANKINDIA,2026-02-19,SAME_SYMBOL_LOCKOUT
UPPER|INDIANB|2026-02-19,INDIANB,2026-02-19,SAME_SYMBOL_LOCKOUT
UPPER|INDUSTOWER|2026-02-19,INDUSTOWER,2026-02-19,SAME_SYMBOL_LOCKOUT
UPPER|JINDALSTEL|2026-02-19,JINDALSTEL,2026-02-19,SAME_SYMBOL_LOCKOUT
UPPER|LINDEINDIA|2026-02-19,LINDEINDIA,2026-02-19,SAME_SYMBOL_LOCKOUT
UPPER|MAHABANK|2026-02-19,MAHABANK,2026-02-19,SAME_SYMBOL_LOCKOUT
UPPER|MRPL|2026-02-19,MRPL,2026-02-19,SAME_SYMBOL_LOCKOUT
UPPER|SUPREMEIND|2026-02-19,SUPREMEIND,2026-02-19,SAME_SYMBOL_LOCKOUT
UPPER|TATASTEEL|2026-02-19,TATASTEEL,2026-02-19,SAME_SYMBOL_LOCKOUT
UPPER|TORNTPOWER|2026-02-19,TORNTPOWER,2026-02-19,SAME_SYMBOL_LOCKOUT
UPPER|ABSLAMC|2026-02-20,ABSLAMC,2026-02-20,SAME_SYMBOL_LOCKOUT
UPPER|BANDHANBNK|2026-02-20,BANDHANBNK,2026-02-20,SAME_SYMBOL_LOCKOUT
UPPER|APARINDS|2026-02-23,APARINDS,2026-02-23,SAME_SYMBOL_LOCKOUT
UPPER|ASTRAL|2026-02-23,ASTRAL,2026-02-23,SAME_SYMBOL_LOCKOUT
UPPER|KEI|2026-02-23,KEI,2026-02-23,SAME_SYMBOL_LOCKOUT
UPPER|LTFOODS|2026-02-23,LTFOODS,2026-02-23,SAME_SYMBOL_LOCKOUT
UPPER|MAHABANK|2026-02-23,MAHABANK,2026-02-23,SAME_SYMBOL_LOCKOUT
UPPER|SCHNEIDER|2026-02-23,SCHNEIDER,2026-02-23,SAME_SYMBOL_LOCKOUT
UPPER|TORNTPOWER|2026-02-23,TORNTPOWER,2026-02-23,SAME_SYMBOL_LOCKOUT
UPPER|VOLTAS|2026-02-23,VOLTAS,2026-02-23,SAME_SYMBOL_LOCKOUT
UPPER|VTL|2026-02-23,VTL,2026-02-23,SAME_SYMBOL_LOCKOUT
UPPER|DRREDDY|2026-02-24,DRREDDY,2026-02-24,SAME_SYMBOL_LOCKOUT
UPPER|LT|2026-02-24,LT,2026-02-24,SAME_SYMBOL_LOCKOUT
UPPER|PETRONET|2026-02-24,PETRONET,2026-02-24,SAME_SYMBOL_LOCKOUT
UPPER|SUPREMEIND|2026-02-24,SUPREMEIND,2026-02-24,SAME_SYMBOL_LOCKOUT
UPPER|TORNTPOWER|2026-02-24,TORNTPOWER,2026-02-24,SAME_SYMBOL_LOCKOUT
UPPER|ADANIPORTS|2026-02-25,ADANIPORTS,2026-02-25,SAME_SYMBOL_LOCKOUT
UPPER|APARINDS|2026-02-25,APARINDS,2026-02-25,SAME_SYMBOL_LOCKOUT
UPPER|DRREDDY|2026-02-25,DRREDDY,2026-02-25,SAME_SYMBOL_LOCKOUT
UPPER|FEDERALBNK|2026-02-25,FEDERALBNK,2026-02-25,SAME_SYMBOL_LOCKOUT
UPPER|GVT&D|2026-02-25,GVT&D,2026-02-25,SAME_SYMBOL_LOCKOUT
UPPER|INDIANB|2026-02-25,INDIANB,2026-02-25,SAME_SYMBOL_LOCKOUT
UPPER|JSWCEMENT|2026-02-25,JSWCEMENT,2026-02-25,SAME_SYMBOL_LOCKOUT
UPPER|POWERINDIA|2026-02-25,POWERINDIA,2026-02-25,SAME_SYMBOL_LOCKOUT
UPPER|SIEMENS|2026-02-25,SIEMENS,2026-02-25,SAME_SYMBOL_LOCKOUT
UPPER|TORNTPOWER|2026-02-25,TORNTPOWER,2026-02-25,SAME_SYMBOL_LOCKOUT
UPPER|VOLTAS|2026-02-25,VOLTAS,2026-02-25,SAME_SYMBOL_LOCKOUT
UPPER|APOLLOHOSP|2026-02-26,APOLLOHOSP,2026-02-26,SAME_SYMBOL_LOCKOUT
UPPER|ASTRAL|2026-02-26,ASTRAL,2026-02-26,SAME_SYMBOL_LOCKOUT
UPPER|CENTRALBK|2026-02-26,CENTRALBK,2026-02-26,SAME_SYMBOL_LOCKOUT
UPPER|CGPOWER|2026-02-26,CGPOWER,2026-02-26,SAME_SYMBOL_LOCKOUT
UPPER|DRREDDY|2026-02-26,DRREDDY,2026-02-26,SAME_SYMBOL_LOCKOUT
UPPER|FEDERALBNK|2026-02-26,FEDERALBNK,2026-02-26,SAME_SYMBOL_LOCKOUT
UPPER|JSWCEMENT|2026-02-26,JSWCEMENT,2026-02-26,SAME_SYMBOL_LOCKOUT
UPPER|ONGC|2026-02-26,ONGC,2026-02-26,SAME_SYMBOL_LOCKOUT
UPPER|SUPREMEIND|2026-02-26,SUPREMEIND,2026-02-26,SAME_SYMBOL_LOCKOUT
UPPER|THERMAX|2026-02-26,THERMAX,2026-02-26,SAME_SYMBOL_LOCKOUT
UPPER|TORNTPOWER|2026-02-26,TORNTPOWER,2026-02-26,SAME_SYMBOL_LOCKOUT
UPPER|AMBER|2026-02-27,AMBER,2026-02-27,SAME_SYMBOL_LOCKOUT
UPPER|APOLLOHOSP|2026-02-27,APOLLOHOSP,2026-02-27,SAME_SYMBOL_LOCKOUT
UPPER|COLPAL|2026-02-27,COLPAL,2026-02-27,SAME_SYMBOL_LOCKOUT
UPPER|CUMMINSIND|2026-02-27,CUMMINSIND,2026-02-27,SAME_SYMBOL_LOCKOUT
UPPER|DATAPATTNS|2026-02-27,DATAPATTNS,2026-02-27,SAME_SYMBOL_LOCKOUT
UPPER|EICHERMOT|2026-02-27,EICHERMOT,2026-02-27,SAME_SYMBOL_LOCKOUT
UPPER|FEDERALBNK|2026-02-27,FEDERALBNK,2026-02-27,SAME_SYMBOL_LOCKOUT
UPPER|GRAPHITE|2026-02-27,GRAPHITE,2026-02-27,SAME_SYMBOL_LOCKOUT
UPPER|INDIANB|2026-02-27,INDIANB,2026-02-27,SAME_SYMBOL_LOCKOUT
UPPER|JSWCEMENT|2026-02-27,JSWCEMENT,2026-02-27,SAME_SYMBOL_LOCKOUT
UPPER|NATCOPHARM|2026-02-27,NATCOPHARM,2026-02-27,SAME_SYMBOL_LOCKOUT
UPPER|ONGC|2026-02-27,ONGC,2026-02-27,SAME_SYMBOL_LOCKOUT
UPPER|SAIL|2026-02-27,SAIL,2026-02-27,SAME_SYMBOL_LOCKOUT
UPPER|TMPV|2026-02-27,TMPV,2026-02-27,SAME_SYMBOL_LOCKOUT
UPPER|TORNTPOWER|2026-02-27,TORNTPOWER,2026-02-27,SAME_SYMBOL_LOCKOUT
UPPER|VOLTAS|2026-02-27,VOLTAS,2026-02-27,SAME_SYMBOL_LOCKOUT
UPPER|DATAPATTNS|2026-03-02,DATAPATTNS,2026-03-02,SAME_SYMBOL_LOCKOUT
UPPER|ONGC|2026-03-02,ONGC,2026-03-02,SAME_SYMBOL_LOCKOUT
UPPER|POWERINDIA|2026-03-02,POWERINDIA,2026-03-02,SAME_SYMBOL_LOCKOUT
UPPER|SAIL|2026-03-02,SAIL,2026-03-02,SAME_SYMBOL_LOCKOUT
UPPER|SAILIFE|2026-03-04,SAILIFE,2026-03-04,SAME_SYMBOL_LOCKOUT
UPPER|SUNDARMFIN|2026-03-04,SUNDARMFIN,2026-03-04,SAME_SYMBOL_LOCKOUT
UPPER|BEL|2026-03-05,BEL,2026-03-05,SAME_SYMBOL_LOCKOUT
UPPER|KIRLOSENG|2026-03-05,KIRLOSENG,2026-03-05,SAME_SYMBOL_LOCKOUT
UPPER|LUPIN|2026-03-05,LUPIN,2026-03-05,SAME_SYMBOL_LOCKOUT
UPPER|VTL|2026-03-05,VTL,2026-03-05,SAME_SYMBOL_LOCKOUT
UPPER|ZENTEC|2026-03-05,ZENTEC,2026-03-05,SAME_SYMBOL_LOCKOUT
UPPER|GVT&D|2026-03-06,GVT&D,2026-03-06,SAME_SYMBOL_LOCKOUT
UPPER|LUPIN|2026-03-06,LUPIN,2026-03-06,SAME_SYMBOL_LOCKOUT
UPPER|SCHAEFFLER|2026-03-06,SCHAEFFLER,2026-03-06,SAME_SYMBOL_LOCKOUT
UPPER|ASTERDM|2026-03-09,ASTERDM,2026-03-09,SAME_SYMBOL_LOCKOUT
UPPER|DRREDDY|2026-03-10,DRREDDY,2026-03-10,SAME_SYMBOL_LOCKOUT
UPPER|ZENTEC|2026-03-10,ZENTEC,2026-03-10,SAME_SYMBOL_LOCKOUT
UPPER|CGPOWER|2026-03-11,CGPOWER,2026-03-11,SAME_SYMBOL_LOCKOUT
UPPER|DRREDDY|2026-03-11,DRREDDY,2026-03-11,SAME_SYMBOL_LOCKOUT
UPPER|NATCOPHARM|2026-03-11,NATCOPHARM,2026-03-11,SAME_SYMBOL_LOCKOUT
UPPER|ZENTEC|2026-03-11,ZENTEC,2026-03-11,SAME_SYMBOL_LOCKOUT
UPPER|ASTERDM|2026-03-12,ASTERDM,2026-03-12,SAME_SYMBOL_LOCKOUT
UPPER|DRREDDY|2026-03-12,DRREDDY,2026-03-12,SAME_SYMBOL_LOCKOUT
UPPER|HFCL|2026-03-12,HFCL,2026-03-12,SAME_SYMBOL_LOCKOUT
UPPER|JINDALSAW|2026-03-12,JINDALSAW,2026-03-12,SAME_SYMBOL_LOCKOUT
UPPER|WELCORP|2026-03-12,WELCORP,2026-03-12,SAME_SYMBOL_LOCKOUT
UPPER|ABB|2026-03-13,ABB,2026-03-13,SAME_SYMBOL_LOCKOUT
UPPER|AJANTPHARM|2026-03-13,AJANTPHARM,2026-03-13,SAME_SYMBOL_LOCKOUT
UPPER|CGPOWER|2026-03-13,CGPOWER,2026-03-13,SAME_SYMBOL_LOCKOUT
UPPER|HFCL|2026-03-13,HFCL,2026-03-13,SAME_SYMBOL_LOCKOUT
UPPER|JSWENERGY|2026-03-13,JSWENERGY,2026-03-13,SAME_SYMBOL_LOCKOUT
UPPER|TIMKEN|2026-03-13,TIMKEN,2026-03-13,SAME_SYMBOL_LOCKOUT
UPPER|TIMKEN|2026-03-16,TIMKEN,2026-03-16,SAME_SYMBOL_LOCKOUT
UPPER|MRPL|2026-03-17,MRPL,2026-03-17,SAME_SYMBOL_LOCKOUT
UPPER|LINDEINDIA|2026-03-18,LINDEINDIA,2026-03-18,SAME_SYMBOL_LOCKOUT
UPPER|ATHERENERG|2026-03-19,ATHERENERG,2026-03-19,SAME_SYMBOL_LOCKOUT
UPPER|THERMAX|2026-03-19,THERMAX,2026-03-19,SAME_SYMBOL_LOCKOUT
UPPER|ATHERENERG|2026-03-20,ATHERENERG,2026-03-20,SAME_SYMBOL_LOCKOUT
UPPER|CHENNPETRO|2026-03-20,CHENNPETRO,2026-03-20,SAME_SYMBOL_LOCKOUT
UPPER|WAAREEENER|2026-03-20,WAAREEENER,2026-03-20,SAME_SYMBOL_LOCKOUT
UPPER|CHENNPETRO|2026-03-23,CHENNPETRO,2026-03-23,SAME_SYMBOL_LOCKOUT
UPPER|LINDEINDIA|2026-03-24,LINDEINDIA,2026-03-24,SAME_SYMBOL_LOCKOUT
UPPER|ADANIPOWER|2026-03-25,ADANIPOWER,2026-03-25,SAME_SYMBOL_LOCKOUT
UPPER|AUROPHARMA|2026-03-25,AUROPHARMA,2026-03-25,SAME_SYMBOL_LOCKOUT
UPPER|ACMESOLAR|2026-03-27,ACMESOLAR,2026-03-27,SAME_SYMBOL_LOCKOUT
UPPER|ATHERENERG|2026-03-30,ATHERENERG,2026-03-30,SAME_SYMBOL_LOCKOUT
UPPER|NLCINDIA|2026-03-30,NLCINDIA,2026-03-30,SAME_SYMBOL_LOCKOUT
UPPER|GPIL|2026-04-01,GPIL,2026-04-01,SAME_SYMBOL_LOCKOUT
UPPER|JAINREC|2026-04-01,JAINREC,2026-04-01,SAME_SYMBOL_LOCKOUT
UPPER|ACMESOLAR|2026-04-07,ACMESOLAR,2026-04-07,SAME_SYMBOL_LOCKOUT
UPPER|ADANIPOWER|2026-04-07,ADANIPOWER,2026-04-07,SAME_SYMBOL_LOCKOUT
UPPER|ACMESOLAR|2026-04-08,ACMESOLAR,2026-04-08,SAME_SYMBOL_LOCKOUT
UPPER|CCL|2026-04-08,CCL,2026-04-08,SAME_SYMBOL_LOCKOUT
UPPER|GPIL|2026-04-08,GPIL,2026-04-08,SAME_SYMBOL_LOCKOUT
UPPER|ADANIGREEN|2026-04-09,ADANIGREEN,2026-04-09,SAME_SYMBOL_LOCKOUT
UPPER|CPPLUS|2026-04-09,CPPLUS,2026-04-09,SAME_SYMBOL_LOCKOUT
UPPER|VTL|2026-04-09,VTL,2026-04-09,SAME_SYMBOL_LOCKOUT
UPPER|WAAREEENER|2026-04-09,WAAREEENER,2026-04-09,SAME_SYMBOL_LOCKOUT
UPPER|NATCOPHARM|2026-04-10,NATCOPHARM,2026-04-10,SAME_SYMBOL_LOCKOUT
UPPER|PAGEIND|2026-04-10,PAGEIND,2026-04-10,SAME_SYMBOL_LOCKOUT
UPPER|PREMIERENE|2026-04-10,PREMIERENE,2026-04-10,SAME_SYMBOL_LOCKOUT
UPPER|VTL|2026-04-10,VTL,2026-04-10,SAME_SYMBOL_LOCKOUT
UPPER|ACMESOLAR|2026-04-13,ACMESOLAR,2026-04-13,SAME_SYMBOL_LOCKOUT
UPPER|ADANIGREEN|2026-04-13,ADANIGREEN,2026-04-13,SAME_SYMBOL_LOCKOUT
UPPER|ANANDRATHI|2026-04-13,ANANDRATHI,2026-04-13,SAME_SYMBOL_LOCKOUT
UPPER|BSE|2026-04-13,BSE,2026-04-13,SAME_SYMBOL_LOCKOUT
UPPER|EMMVEE|2026-04-13,EMMVEE,2026-04-13,SAME_SYMBOL_LOCKOUT
UPPER|HONASA|2026-04-13,HONASA,2026-04-13,SAME_SYMBOL_LOCKOUT
UPPER|JPPOWER|2026-04-13,JPPOWER,2026-04-13,SAME_SYMBOL_LOCKOUT
UPPER|LLOYDSME|2026-04-13,LLOYDSME,2026-04-13,SAME_SYMBOL_LOCKOUT
UPPER|NMDC|2026-04-13,NMDC,2026-04-13,SAME_SYMBOL_LOCKOUT
UPPER|OLECTRA|2026-04-13,OLECTRA,2026-04-13,SAME_SYMBOL_LOCKOUT
UPPER|SAIL|2026-04-13,SAIL,2026-04-13,SAME_SYMBOL_LOCKOUT
UPPER|ACMESOLAR|2026-04-15,ACMESOLAR,2026-04-15,SAME_SYMBOL_LOCKOUT
UPPER|ADANIENSOL|2026-04-15,ADANIENSOL,2026-04-15,SAME_SYMBOL_LOCKOUT
UPPER|ADANIGREEN|2026-04-15,ADANIGREEN,2026-04-15,SAME_SYMBOL_LOCKOUT
UPPER|LENSKART|2026-04-15,LENSKART,2026-04-15,SAME_SYMBOL_LOCKOUT
UPPER|LLOYDSME|2026-04-15,LLOYDSME,2026-04-15,SAME_SYMBOL_LOCKOUT
UPPER|OLECTRA|2026-04-15,OLECTRA,2026-04-15,SAME_SYMBOL_LOCKOUT
UPPER|TITAN|2026-04-15,TITAN,2026-04-15,SAME_SYMBOL_LOCKOUT
UPPER|ADANIGREEN|2026-04-16,ADANIGREEN,2026-04-16,SAME_SYMBOL_LOCKOUT
UPPER|ANGELONE|2026-04-16,ANGELONE,2026-04-16,SAME_SYMBOL_LOCKOUT
UPPER|BELRISE|2026-04-16,BELRISE,2026-04-16,SAME_SYMBOL_LOCKOUT
UPPER|CGCL|2026-04-16,CGCL,2026-04-16,SAME_SYMBOL_LOCKOUT
UPPER|EMMVEE|2026-04-16,EMMVEE,2026-04-16,SAME_SYMBOL_LOCKOUT
UPPER|GICRE|2026-04-16,GICRE,2026-04-16,SAME_SYMBOL_LOCKOUT
UPPER|GPIL|2026-04-16,GPIL,2026-04-16,SAME_SYMBOL_LOCKOUT
UPPER|GRANULES|2026-04-16,GRANULES,2026-04-16,SAME_SYMBOL_LOCKOUT
UPPER|GROWW|2026-04-16,GROWW,2026-04-16,SAME_SYMBOL_LOCKOUT
UPPER|JSWCEMENT|2026-04-16,JSWCEMENT,2026-04-16,SAME_SYMBOL_LOCKOUT
UPPER|KAJARIACER|2026-04-16,KAJARIACER,2026-04-16,SAME_SYMBOL_LOCKOUT
UPPER|MCX|2026-04-16,MCX,2026-04-16,SAME_SYMBOL_LOCKOUT
UPPER|NEULANDLAB|2026-04-16,NEULANDLAB,2026-04-16,SAME_SYMBOL_LOCKOUT
UPPER|NMDC|2026-04-16,NMDC,2026-04-16,SAME_SYMBOL_LOCKOUT
UPPER|OBEROIRLTY|2026-04-16,OBEROIRLTY,2026-04-16,SAME_SYMBOL_LOCKOUT
UPPER|OLECTRA|2026-04-16,OLECTRA,2026-04-16,SAME_SYMBOL_LOCKOUT
UPPER|PAGEIND|2026-04-16,PAGEIND,2026-04-16,SAME_SYMBOL_LOCKOUT
UPPER|SAIL|2026-04-16,SAIL,2026-04-16,SAME_SYMBOL_LOCKOUT
UPPER|TIMKEN|2026-04-16,TIMKEN,2026-04-16,SAME_SYMBOL_LOCKOUT
UPPER|TITAN|2026-04-16,TITAN,2026-04-16,SAME_SYMBOL_LOCKOUT
UPPER|ANANDRATHI|2026-04-17,ANANDRATHI,2026-04-17,SAME_SYMBOL_LOCKOUT
UPPER|AUROPHARMA|2026-04-17,AUROPHARMA,2026-04-17,SAME_SYMBOL_LOCKOUT
UPPER|GMDCLTD|2026-04-17,GMDCLTD,2026-04-17,SAME_SYMBOL_LOCKOUT
UPPER|GRANULES|2026-04-17,GRANULES,2026-04-17,SAME_SYMBOL_LOCKOUT
UPPER|J&KBANK|2026-04-17,J&KBANK,2026-04-17,SAME_SYMBOL_LOCKOUT
UPPER|JPPOWER|2026-04-17,JPPOWER,2026-04-17,SAME_SYMBOL_LOCKOUT
UPPER|JSWENERGY|2026-04-17,JSWENERGY,2026-04-17,SAME_SYMBOL_LOCKOUT
UPPER|NTPCGREEN|2026-04-17,NTPCGREEN,2026-04-17,SAME_SYMBOL_LOCKOUT
UPPER|PFC|2026-04-17,PFC,2026-04-17,SAME_SYMBOL_LOCKOUT
UPPER|USHAMART|2026-04-17,USHAMART,2026-04-17,SAME_SYMBOL_LOCKOUT
UPPER|WAAREEENER|2026-04-17,WAAREEENER,2026-04-17,SAME_SYMBOL_LOCKOUT
UPPER|ZYDUSLIFE|2026-04-17,ZYDUSLIFE,2026-04-17,SAME_SYMBOL_LOCKOUT
UPPER|ABDL|2026-04-20,ABDL,2026-04-20,SAME_SYMBOL_LOCKOUT
UPPER|ABSLAMC|2026-04-20,ABSLAMC,2026-04-20,SAME_SYMBOL_LOCKOUT
UPPER|ADANIENSOL|2026-04-20,ADANIENSOL,2026-04-20,SAME_SYMBOL_LOCKOUT
UPPER|ANGELONE|2026-04-20,ANGELONE,2026-04-20,SAME_SYMBOL_LOCKOUT
UPPER|BSE|2026-04-20,BSE,2026-04-20,SAME_SYMBOL_LOCKOUT
UPPER|EMMVEE|2026-04-20,EMMVEE,2026-04-20,SAME_SYMBOL_LOCKOUT
UPPER|HEG|2026-04-20,HEG,2026-04-20,SAME_SYMBOL_LOCKOUT
UPPER|J&KBANK|2026-04-20,J&KBANK,2026-04-20,SAME_SYMBOL_LOCKOUT
UPPER|JSWCEMENT|2026-04-20,JSWCEMENT,2026-04-20,SAME_SYMBOL_LOCKOUT
UPPER|KAJARIACER|2026-04-20,KAJARIACER,2026-04-20,SAME_SYMBOL_LOCKOUT
UPPER|LLOYDSME|2026-04-20,LLOYDSME,2026-04-20,SAME_SYMBOL_LOCKOUT
UPPER|MAZDOCK|2026-04-20,MAZDOCK,2026-04-20,SAME_SYMBOL_LOCKOUT
UPPER|NEULANDLAB|2026-04-20,NEULANDLAB,2026-04-20,SAME_SYMBOL_LOCKOUT
UPPER|NLCINDIA|2026-04-20,NLCINDIA,2026-04-20,SAME_SYMBOL_LOCKOUT
UPPER|NMDC|2026-04-20,NMDC,2026-04-20,SAME_SYMBOL_LOCKOUT
UPPER|SIEMENS|2026-04-20,SIEMENS,2026-04-20,SAME_SYMBOL_LOCKOUT
UPPER|TENNIND|2026-04-20,TENNIND,2026-04-20,SAME_SYMBOL_LOCKOUT
UPPER|USHAMART|2026-04-20,USHAMART,2026-04-20,SAME_SYMBOL_LOCKOUT
UPPER|ZYDUSLIFE|2026-04-20,ZYDUSLIFE,2026-04-20,SAME_SYMBOL_LOCKOUT
UPPER|AADHARHFC|2026-04-21,AADHARHFC,2026-04-21,SAME_SYMBOL_LOCKOUT
UPPER|ADANIPORTS|2026-04-21,ADANIPORTS,2026-04-21,SAME_SYMBOL_LOCKOUT
UPPER|ANTHEM|2026-04-21,ANTHEM,2026-04-21,SAME_SYMBOL_LOCKOUT
UPPER|AUROPHARMA|2026-04-21,AUROPHARMA,2026-04-21,SAME_SYMBOL_LOCKOUT
UPPER|CUMMINSIND|2026-04-21,CUMMINSIND,2026-04-21,SAME_SYMBOL_LOCKOUT
UPPER|GROWW|2026-04-21,GROWW,2026-04-21,SAME_SYMBOL_LOCKOUT
UPPER|HONASA|2026-04-21,HONASA,2026-04-21,SAME_SYMBOL_LOCKOUT
UPPER|JINDALSTEL|2026-04-21,JINDALSTEL,2026-04-21,SAME_SYMBOL_LOCKOUT
UPPER|JSWCEMENT|2026-04-21,JSWCEMENT,2026-04-21,SAME_SYMBOL_LOCKOUT
UPPER|JSWENERGY|2026-04-21,JSWENERGY,2026-04-21,SAME_SYMBOL_LOCKOUT
UPPER|JSWINFRA|2026-04-21,JSWINFRA,2026-04-21,SAME_SYMBOL_LOCKOUT
UPPER|KAJARIACER|2026-04-21,KAJARIACER,2026-04-21,SAME_SYMBOL_LOCKOUT
UPPER|KAYNES|2026-04-21,KAYNES,2026-04-21,SAME_SYMBOL_LOCKOUT
UPPER|LGEINDIA|2026-04-21,LGEINDIA,2026-04-21,SAME_SYMBOL_LOCKOUT
UPPER|LLOYDSME|2026-04-21,LLOYDSME,2026-04-21,SAME_SYMBOL_LOCKOUT
UPPER|MAZDOCK|2026-04-21,MAZDOCK,2026-04-21,SAME_SYMBOL_LOCKOUT
UPPER|NEULANDLAB|2026-04-21,NEULANDLAB,2026-04-21,SAME_SYMBOL_LOCKOUT
UPPER|NTPC|2026-04-21,NTPC,2026-04-21,SAME_SYMBOL_LOCKOUT
UPPER|OBEROIRLTY|2026-04-21,OBEROIRLTY,2026-04-21,SAME_SYMBOL_LOCKOUT
UPPER|PFC|2026-04-21,PFC,2026-04-21,SAME_SYMBOL_LOCKOUT
UPPER|RADICO|2026-04-21,RADICO,2026-04-21,SAME_SYMBOL_LOCKOUT
UPPER|SIEMENS|2026-04-21,SIEMENS,2026-04-21,SAME_SYMBOL_LOCKOUT
UPPER|SYRMA|2026-04-21,SYRMA,2026-04-21,SAME_SYMBOL_LOCKOUT
UPPER|TATAPOWER|2026-04-21,TATAPOWER,2026-04-21,SAME_SYMBOL_LOCKOUT
UPPER|TECHNOE|2026-04-21,TECHNOE,2026-04-21,SAME_SYMBOL_LOCKOUT
UPPER|VEDL|2026-04-21,VEDL,2026-04-21,SAME_SYMBOL_LOCKOUT
UPPER|BHEL|2026-04-22,BHEL,2026-04-22,SAME_SYMBOL_LOCKOUT
UPPER|ELGIEQUIP|2026-04-22,ELGIEQUIP,2026-04-22,SAME_SYMBOL_LOCKOUT
UPPER|ENGINERSIN|2026-04-22,ENGINERSIN,2026-04-22,SAME_SYMBOL_LOCKOUT
UPPER|FACT|2026-04-22,FACT,2026-04-22,SAME_SYMBOL_LOCKOUT
UPPER|GRANULES|2026-04-22,GRANULES,2026-04-22,SAME_SYMBOL_LOCKOUT
UPPER|HONASA|2026-04-22,HONASA,2026-04-22,SAME_SYMBOL_LOCKOUT
UPPER|ITI|2026-04-22,ITI,2026-04-22,SAME_SYMBOL_LOCKOUT
UPPER|JPPOWER|2026-04-22,JPPOWER,2026-04-22,SAME_SYMBOL_LOCKOUT
UPPER|KAJARIACER|2026-04-22,KAJARIACER,2026-04-22,SAME_SYMBOL_LOCKOUT
UPPER|LGEINDIA|2026-04-22,LGEINDIA,2026-04-22,SAME_SYMBOL_LOCKOUT
UPPER|MAZDOCK|2026-04-22,MAZDOCK,2026-04-22,SAME_SYMBOL_LOCKOUT
UPPER|NAM-INDIA|2026-04-22,NAM-INDIA,2026-04-22,SAME_SYMBOL_LOCKOUT
UPPER|SAIL|2026-04-22,SAIL,2026-04-22,SAME_SYMBOL_LOCKOUT
UPPER|TATAPOWER|2026-04-22,TATAPOWER,2026-04-22,SAME_SYMBOL_LOCKOUT
UPPER|ARE&M|2026-04-23,ARE&M,2026-04-23,SAME_SYMBOL_LOCKOUT
UPPER|FACT|2026-04-23,FACT,2026-04-23,SAME_SYMBOL_LOCKOUT
UPPER|GRANULES|2026-04-23,GRANULES,2026-04-23,SAME_SYMBOL_LOCKOUT
UPPER|HEG|2026-04-23,HEG,2026-04-23,SAME_SYMBOL_LOCKOUT
UPPER|HINDALCO|2026-04-23,HINDALCO,2026-04-23,SAME_SYMBOL_LOCKOUT
UPPER|JINDALSAW|2026-04-23,JINDALSAW,2026-04-23,SAME_SYMBOL_LOCKOUT
UPPER|JPPOWER|2026-04-23,JPPOWER,2026-04-23,SAME_SYMBOL_LOCKOUT
UPPER|JSWENERGY|2026-04-23,JSWENERGY,2026-04-23,SAME_SYMBOL_LOCKOUT
UPPER|MAZDOCK|2026-04-23,MAZDOCK,2026-04-23,SAME_SYMBOL_LOCKOUT
UPPER|NATIONALUM|2026-04-23,NATIONALUM,2026-04-23,SAME_SYMBOL_LOCKOUT
UPPER|NTPCGREEN|2026-04-23,NTPCGREEN,2026-04-23,SAME_SYMBOL_LOCKOUT
UPPER|STARHEALTH|2026-04-23,STARHEALTH,2026-04-23,SAME_SYMBOL_LOCKOUT
UPPER|SUMICHEM|2026-04-23,SUMICHEM,2026-04-23,SAME_SYMBOL_LOCKOUT
UPPER|TIMKEN|2026-04-23,TIMKEN,2026-04-23,SAME_SYMBOL_LOCKOUT
UPPER|TTML|2026-04-23,TTML,2026-04-23,SAME_SYMBOL_LOCKOUT
UPPER|URBANCO|2026-04-23,URBANCO,2026-04-23,SAME_SYMBOL_LOCKOUT
UPPER|ZYDUSLIFE|2026-04-23,ZYDUSLIFE,2026-04-23,SAME_SYMBOL_LOCKOUT
UPPER|ABSLAMC|2026-04-24,ABSLAMC,2026-04-24,SAME_SYMBOL_LOCKOUT
UPPER|ADANIGREEN|2026-04-24,ADANIGREEN,2026-04-24,SAME_SYMBOL_LOCKOUT
UPPER|ADANIPORTS|2026-04-24,ADANIPORTS,2026-04-24,SAME_SYMBOL_LOCKOUT
UPPER|CGCL|2026-04-24,CGCL,2026-04-24,SAME_SYMBOL_LOCKOUT
UPPER|GROWW|2026-04-24,GROWW,2026-04-24,SAME_SYMBOL_LOCKOUT
UPPER|HINDALCO|2026-04-24,HINDALCO,2026-04-24,SAME_SYMBOL_LOCKOUT
UPPER|NESTLEIND|2026-04-24,NESTLEIND,2026-04-24,SAME_SYMBOL_LOCKOUT
UPPER|STARHEALTH|2026-04-24,STARHEALTH,2026-04-24,SAME_SYMBOL_LOCKOUT
UPPER|USHAMART|2026-04-24,USHAMART,2026-04-24,SAME_SYMBOL_LOCKOUT
UPPER|ADANIGREEN|2026-04-27,ADANIGREEN,2026-04-27,SAME_SYMBOL_LOCKOUT
UPPER|CUMMINSIND|2026-04-27,CUMMINSIND,2026-04-27,SAME_SYMBOL_LOCKOUT
UPPER|GRANULES|2026-04-27,GRANULES,2026-04-27,SAME_SYMBOL_LOCKOUT
UPPER|JSWSTEEL|2026-04-27,JSWSTEEL,2026-04-27,SAME_SYMBOL_LOCKOUT
UPPER|KPIL|2026-04-27,KPIL,2026-04-27,SAME_SYMBOL_LOCKOUT
UPPER|MEESHO|2026-04-27,MEESHO,2026-04-27,SAME_SYMBOL_LOCKOUT
UPPER|NATIONALUM|2026-04-27,NATIONALUM,2026-04-27,SAME_SYMBOL_LOCKOUT
UPPER|NESTLEIND|2026-04-27,NESTLEIND,2026-04-27,SAME_SYMBOL_LOCKOUT
UPPER|NLCINDIA|2026-04-27,NLCINDIA,2026-04-27,SAME_SYMBOL_LOCKOUT
UPPER|STARHEALTH|2026-04-27,STARHEALTH,2026-04-27,SAME_SYMBOL_LOCKOUT
UPPER|TECHNOE|2026-04-27,TECHNOE,2026-04-27,SAME_SYMBOL_LOCKOUT
UPPER|USHAMART|2026-04-27,USHAMART,2026-04-27,SAME_SYMBOL_LOCKOUT
UPPER|ANTHEM|2026-04-28,ANTHEM,2026-04-28,SAME_SYMBOL_LOCKOUT
UPPER|ATUL|2026-04-28,ATUL,2026-04-28,SAME_SYMBOL_LOCKOUT
UPPER|DRREDDY|2026-04-28,DRREDDY,2026-04-28,SAME_SYMBOL_LOCKOUT
UPPER|GRANULES|2026-04-28,GRANULES,2026-04-28,SAME_SYMBOL_LOCKOUT
UPPER|JSWSTEEL|2026-04-28,JSWSTEEL,2026-04-28,SAME_SYMBOL_LOCKOUT
UPPER|KPIL|2026-04-28,KPIL,2026-04-28,SAME_SYMBOL_LOCKOUT
UPPER|MCX|2026-04-28,MCX,2026-04-28,SAME_SYMBOL_LOCKOUT
UPPER|NAM-INDIA|2026-04-28,NAM-INDIA,2026-04-28,SAME_SYMBOL_LOCKOUT
UPPER|NLCINDIA|2026-04-28,NLCINDIA,2026-04-28,SAME_SYMBOL_LOCKOUT
UPPER|NMDC|2026-04-28,NMDC,2026-04-28,SAME_SYMBOL_LOCKOUT
UPPER|SARDAEN|2026-04-28,SARDAEN,2026-04-28,SAME_SYMBOL_LOCKOUT
UPPER|SJVN|2026-04-28,SJVN,2026-04-28,SAME_SYMBOL_LOCKOUT
UPPER|SUZLON|2026-04-28,SUZLON,2026-04-28,SAME_SYMBOL_LOCKOUT
UPPER|WHIRLPOOL|2026-04-28,WHIRLPOOL,2026-04-28,SAME_SYMBOL_LOCKOUT
UPPER|BSE|2026-04-29,BSE,2026-04-29,SAME_SYMBOL_LOCKOUT
UPPER|DRREDDY|2026-04-29,DRREDDY,2026-04-29,SAME_SYMBOL_LOCKOUT
UPPER|ELGIEQUIP|2026-04-29,ELGIEQUIP,2026-04-29,SAME_SYMBOL_LOCKOUT
UPPER|GLENMARK|2026-04-29,GLENMARK,2026-04-29,SAME_SYMBOL_LOCKOUT
UPPER|GRANULES|2026-04-29,GRANULES,2026-04-29,SAME_SYMBOL_LOCKOUT
UPPER|GROWW|2026-04-29,GROWW,2026-04-29,SAME_SYMBOL_LOCKOUT
UPPER|HEG|2026-04-29,HEG,2026-04-29,SAME_SYMBOL_LOCKOUT
UPPER|HINDALCO|2026-04-29,HINDALCO,2026-04-29,SAME_SYMBOL_LOCKOUT
UPPER|HUDCO|2026-04-29,HUDCO,2026-04-29,SAME_SYMBOL_LOCKOUT
UPPER|J&KBANK|2026-04-29,J&KBANK,2026-04-29,SAME_SYMBOL_LOCKOUT
UPPER|JPPOWER|2026-04-29,JPPOWER,2026-04-29,SAME_SYMBOL_LOCKOUT
UPPER|NCC|2026-04-29,NCC,2026-04-29,SAME_SYMBOL_LOCKOUT
UPPER|NETWEB|2026-04-29,NETWEB,2026-04-29,SAME_SYMBOL_LOCKOUT
UPPER|NHPC|2026-04-29,NHPC,2026-04-29,SAME_SYMBOL_LOCKOUT
UPPER|NLCINDIA|2026-04-29,NLCINDIA,2026-04-29,SAME_SYMBOL_LOCKOUT
UPPER|NMDC|2026-04-29,NMDC,2026-04-29,SAME_SYMBOL_LOCKOUT
UPPER|OLECTRA|2026-04-29,OLECTRA,2026-04-29,SAME_SYMBOL_LOCKOUT
UPPER|SJVN|2026-04-29,SJVN,2026-04-29,SAME_SYMBOL_LOCKOUT
UPPER|SONACOMS|2026-04-29,SONACOMS,2026-04-29,SAME_SYMBOL_LOCKOUT
UPPER|SUZLON|2026-04-29,SUZLON,2026-04-29,SAME_SYMBOL_LOCKOUT
UPPER|TECHNOE|2026-04-29,TECHNOE,2026-04-29,SAME_SYMBOL_LOCKOUT
UPPER|TENNIND|2026-04-29,TENNIND,2026-04-29,SAME_SYMBOL_LOCKOUT
UPPER|VBL|2026-04-29,VBL,2026-04-29,SAME_SYMBOL_LOCKOUT
UPPER|ADANIPORTS|2026-04-30,ADANIPORTS,2026-04-30,SAME_SYMBOL_LOCKOUT
UPPER|CHENNPETRO|2026-04-30,CHENNPETRO,2026-04-30,SAME_SYMBOL_LOCKOUT
UPPER|MCX|2026-04-30,MCX,2026-04-30,SAME_SYMBOL_LOCKOUT
UPPER|OFSS|2026-04-30,OFSS,2026-04-30,SAME_SYMBOL_LOCKOUT
UPPER|SONACOMS|2026-04-30,SONACOMS,2026-04-30,SAME_SYMBOL_LOCKOUT
UPPER|TATACHEM|2026-04-30,TATACHEM,2026-04-30,SAME_SYMBOL_LOCKOUT
UPPER|USHAMART|2026-04-30,USHAMART,2026-04-30,SAME_SYMBOL_LOCKOUT
UPPER|VIJAYA|2026-04-30,VIJAYA,2026-04-30,SAME_SYMBOL_LOCKOUT
UPPER|ATUL|2026-05-04,ATUL,2026-05-04,SAME_SYMBOL_LOCKOUT
UPPER|CARBORUNIV|2026-05-04,CARBORUNIV,2026-05-04,SAME_SYMBOL_LOCKOUT
UPPER|DEEPAKFERT|2026-05-04,DEEPAKFERT,2026-05-04,SAME_SYMBOL_LOCKOUT
UPPER|FINCABLES|2026-05-04,FINCABLES,2026-05-04,SAME_SYMBOL_LOCKOUT
UPPER|HUDCO|2026-05-04,HUDCO,2026-05-04,SAME_SYMBOL_LOCKOUT
UPPER|MCX|2026-05-04,MCX,2026-05-04,SAME_SYMBOL_LOCKOUT
UPPER|NESTLEIND|2026-05-04,NESTLEIND,2026-05-04,SAME_SYMBOL_LOCKOUT
UPPER|NLCINDIA|2026-05-04,NLCINDIA,2026-05-04,SAME_SYMBOL_LOCKOUT
UPPER|OFSS|2026-05-04,OFSS,2026-05-04,SAME_SYMBOL_LOCKOUT
UPPER|RADICO|2026-05-04,RADICO,2026-05-04,SAME_SYMBOL_LOCKOUT
UPPER|SAILIFE|2026-05-04,SAILIFE,2026-05-04,SAME_SYMBOL_LOCKOUT
UPPER|SIEMENS|2026-05-04,SIEMENS,2026-05-04,SAME_SYMBOL_LOCKOUT
UPPER|SONACOMS|2026-05-04,SONACOMS,2026-05-04,SAME_SYMBOL_LOCKOUT
UPPER|TECHNOE|2026-05-04,TECHNOE,2026-05-04,SAME_SYMBOL_LOCKOUT
UPPER|USHAMART|2026-05-04,USHAMART,2026-05-04,SAME_SYMBOL_LOCKOUT
UPPER|ACUTAAS|2026-05-05,ACUTAAS,2026-05-05,SAME_SYMBOL_LOCKOUT
UPPER|ADANIPORTS|2026-05-05,ADANIPORTS,2026-05-05,SAME_SYMBOL_LOCKOUT
UPPER|ATUL|2026-05-05,ATUL,2026-05-05,SAME_SYMBOL_LOCKOUT
UPPER|BSE|2026-05-05,BSE,2026-05-05,SAME_SYMBOL_LOCKOUT
UPPER|CARBORUNIV|2026-05-05,CARBORUNIV,2026-05-05,SAME_SYMBOL_LOCKOUT
UPPER|CCL|2026-05-05,CCL,2026-05-05,SAME_SYMBOL_LOCKOUT
UPPER|CGCL|2026-05-05,CGCL,2026-05-05,SAME_SYMBOL_LOCKOUT
UPPER|J&KBANK|2026-05-05,J&KBANK,2026-05-05,SAME_SYMBOL_LOCKOUT
UPPER|LAURUSLABS|2026-05-05,LAURUSLABS,2026-05-05,SAME_SYMBOL_LOCKOUT
UPPER|MEESHO|2026-05-05,MEESHO,2026-05-05,SAME_SYMBOL_LOCKOUT
UPPER|NEULANDLAB|2026-05-05,NEULANDLAB,2026-05-05,SAME_SYMBOL_LOCKOUT
UPPER|RRKABEL|2026-05-05,RRKABEL,2026-05-05,SAME_SYMBOL_LOCKOUT
UPPER|SAILIFE|2026-05-05,SAILIFE,2026-05-05,SAME_SYMBOL_LOCKOUT
UPPER|TENNIND|2026-05-05,TENNIND,2026-05-05,SAME_SYMBOL_LOCKOUT
UPPER|URBANCO|2026-05-05,URBANCO,2026-05-05,SAME_SYMBOL_LOCKOUT
UPPER|ACUTAAS|2026-05-06,ACUTAAS,2026-05-06,SAME_SYMBOL_LOCKOUT
UPPER|ADANIPORTS|2026-05-06,ADANIPORTS,2026-05-06,SAME_SYMBOL_LOCKOUT
UPPER|BLUEJET|2026-05-06,BLUEJET,2026-05-06,SAME_SYMBOL_LOCKOUT
UPPER|BRIGADE|2026-05-06,BRIGADE,2026-05-06,SAME_SYMBOL_LOCKOUT
UPPER|CUMMINSIND|2026-05-06,CUMMINSIND,2026-05-06,SAME_SYMBOL_LOCKOUT
UPPER|J&KBANK|2026-05-06,J&KBANK,2026-05-06,SAME_SYMBOL_LOCKOUT
UPPER|LINDEINDIA|2026-05-06,LINDEINDIA,2026-05-06,SAME_SYMBOL_LOCKOUT
UPPER|PHOENIXLTD|2026-05-06,PHOENIXLTD,2026-05-06,SAME_SYMBOL_LOCKOUT
UPPER|PNBHOUSING|2026-05-06,PNBHOUSING,2026-05-06,SAME_SYMBOL_LOCKOUT
UPPER|SAILIFE|2026-05-06,SAILIFE,2026-05-06,SAME_SYMBOL_LOCKOUT
UPPER|TENNIND|2026-05-06,TENNIND,2026-05-06,SAME_SYMBOL_LOCKOUT
UPPER|ABSLAMC|2026-05-07,ABSLAMC,2026-05-07,SAME_SYMBOL_LOCKOUT
UPPER|ADANIENT|2026-05-07,ADANIENT,2026-05-07,SAME_SYMBOL_LOCKOUT
UPPER|ATUL|2026-05-07,ATUL,2026-05-07,SAME_SYMBOL_LOCKOUT
UPPER|FLUOROCHEM|2026-05-07,FLUOROCHEM,2026-05-07,SAME_SYMBOL_LOCKOUT
UPPER|HBLENGINE|2026-05-07,HBLENGINE,2026-05-07,SAME_SYMBOL_LOCKOUT
UPPER|JMFINANCIL|2026-05-07,JMFINANCIL,2026-05-07,SAME_SYMBOL_LOCKOUT
UPPER|KPIL|2026-05-07,KPIL,2026-05-07,SAME_SYMBOL_LOCKOUT
UPPER|NCC|2026-05-07,NCC,2026-05-07,SAME_SYMBOL_LOCKOUT
UPPER|NESTLEIND|2026-05-07,NESTLEIND,2026-05-07,SAME_SYMBOL_LOCKOUT
UPPER|NLCINDIA|2026-05-07,NLCINDIA,2026-05-07,SAME_SYMBOL_LOCKOUT
UPPER|PHOENIXLTD|2026-05-07,PHOENIXLTD,2026-05-07,SAME_SYMBOL_LOCKOUT
UPPER|POLICYBZR|2026-05-07,POLICYBZR,2026-05-07,SAME_SYMBOL_LOCKOUT
UPPER|TATASTEEL|2026-05-07,TATASTEEL,2026-05-07,SAME_SYMBOL_LOCKOUT
UPPER|ACE|2026-05-08,ACE,2026-05-08,SAME_SYMBOL_LOCKOUT
UPPER|ACUTAAS|2026-05-08,ACUTAAS,2026-05-08,SAME_SYMBOL_LOCKOUT
UPPER|ADANIPORTS|2026-05-08,ADANIPORTS,2026-05-08,SAME_SYMBOL_LOCKOUT
UPPER|AUROPHARMA|2026-05-08,AUROPHARMA,2026-05-08,SAME_SYMBOL_LOCKOUT
UPPER|BAJAJ-AUTO|2026-05-08,BAJAJ-AUTO,2026-05-08,SAME_SYMBOL_LOCKOUT
UPPER|BEML|2026-05-08,BEML,2026-05-08,SAME_SYMBOL_LOCKOUT
UPPER|BHARATFORG|2026-05-08,BHARATFORG,2026-05-08,SAME_SYMBOL_LOCKOUT
UPPER|BLUEJET|2026-05-08,BLUEJET,2026-05-08,SAME_SYMBOL_LOCKOUT
UPPER|CAMS|2026-05-08,CAMS,2026-05-08,SAME_SYMBOL_LOCKOUT
UPPER|COCHINSHIP|2026-05-08,COCHINSHIP,2026-05-08,SAME_SYMBOL_LOCKOUT
UPPER|DEEPAKFERT|2026-05-08,DEEPAKFERT,2026-05-08,SAME_SYMBOL_LOCKOUT
UPPER|DELHIVERY|2026-05-08,DELHIVERY,2026-05-08,SAME_SYMBOL_LOCKOUT
UPPER|GRAPHITE|2026-05-08,GRAPHITE,2026-05-08,SAME_SYMBOL_LOCKOUT
UPPER|JMFINANCIL|2026-05-08,JMFINANCIL,2026-05-08,SAME_SYMBOL_LOCKOUT
UPPER|JUBLINGREA|2026-05-08,JUBLINGREA,2026-05-08,SAME_SYMBOL_LOCKOUT
UPPER|KPIL|2026-05-08,KPIL,2026-05-08,SAME_SYMBOL_LOCKOUT
UPPER|NAM-INDIA|2026-05-08,NAM-INDIA,2026-05-08,SAME_SYMBOL_LOCKOUT
UPPER|NESTLEIND|2026-05-08,NESTLEIND,2026-05-08,SAME_SYMBOL_LOCKOUT
UPPER|NETWEB|2026-05-08,NETWEB,2026-05-08,SAME_SYMBOL_LOCKOUT
UPPER|RADICO|2026-05-08,RADICO,2026-05-08,SAME_SYMBOL_LOCKOUT
UPPER|SYRMA|2026-05-08,SYRMA,2026-05-08,SAME_SYMBOL_LOCKOUT
UPPER|APARINDS|2026-05-11,APARINDS,2026-05-11,SAME_SYMBOL_LOCKOUT
UPPER|APOLLOHOSP|2026-05-11,APOLLOHOSP,2026-05-11,SAME_SYMBOL_LOCKOUT
UPPER|CHOLAHLDNG|2026-05-11,CHOLAHLDNG,2026-05-11,SAME_SYMBOL_LOCKOUT
UPPER|DEEPAKNTR|2026-05-11,DEEPAKNTR,2026-05-11,SAME_SYMBOL_LOCKOUT
UPPER|JSWINFRA|2026-05-11,JSWINFRA,2026-05-11,SAME_SYMBOL_LOCKOUT
UPPER|LICHSGFIN|2026-05-11,LICHSGFIN,2026-05-11,SAME_SYMBOL_LOCKOUT
UPPER|NESTLEIND|2026-05-11,NESTLEIND,2026-05-11,SAME_SYMBOL_LOCKOUT
UPPER|NLCINDIA|2026-05-11,NLCINDIA,2026-05-11,SAME_SYMBOL_LOCKOUT
UPPER|SHYAMMETL|2026-05-11,SHYAMMETL,2026-05-11,SAME_SYMBOL_LOCKOUT
UPPER|SYRMA|2026-05-11,SYRMA,2026-05-11,SAME_SYMBOL_LOCKOUT
UPPER|ACUTAAS|2026-05-12,ACUTAAS,2026-05-12,SAME_SYMBOL_LOCKOUT
UPPER|DEEPAKNTR|2026-05-12,DEEPAKNTR,2026-05-12,SAME_SYMBOL_LOCKOUT
UPPER|FORTIS|2026-05-12,FORTIS,2026-05-12,SAME_SYMBOL_LOCKOUT
UPPER|HINDZINC|2026-05-12,HINDZINC,2026-05-12,SAME_SYMBOL_LOCKOUT
UPPER|JBMA|2026-05-12,JBMA,2026-05-12,SAME_SYMBOL_LOCKOUT
UPPER|POLYMED|2026-05-12,POLYMED,2026-05-12,SAME_SYMBOL_LOCKOUT
UPPER|RRKABEL|2026-05-12,RRKABEL,2026-05-12,SAME_SYMBOL_LOCKOUT
UPPER|ACUTAAS|2026-05-13,ACUTAAS,2026-05-13,SAME_SYMBOL_LOCKOUT
UPPER|ANTHEM|2026-05-13,ANTHEM,2026-05-13,SAME_SYMBOL_LOCKOUT
UPPER|NEULANDLAB|2026-05-13,NEULANDLAB,2026-05-13,SAME_SYMBOL_LOCKOUT
UPPER|APOLLOHOSP|2026-05-14,APOLLOHOSP,2026-05-14,SAME_SYMBOL_LOCKOUT
UPPER|ASIANPAINT|2026-05-14,ASIANPAINT,2026-05-14,SAME_SYMBOL_LOCKOUT
UPPER|BIOCON|2026-05-14,BIOCON,2026-05-14,SAME_SYMBOL_LOCKOUT
UPPER|HINDZINC|2026-05-14,HINDZINC,2026-05-14,SAME_SYMBOL_LOCKOUT
UPPER|POLYCAB|2026-05-14,POLYCAB,2026-05-14,SAME_SYMBOL_LOCKOUT
UPPER|RADICO|2026-05-14,RADICO,2026-05-14,SAME_SYMBOL_LOCKOUT
UPPER|SAIL|2026-05-14,SAIL,2026-05-14,SAME_SYMBOL_LOCKOUT
UPPER|ADANIENT|2026-05-15,ADANIENT,2026-05-15,SAME_SYMBOL_LOCKOUT
UPPER|ANTHEM|2026-05-15,ANTHEM,2026-05-15,SAME_SYMBOL_LOCKOUT
UPPER|APARINDS|2026-05-15,APARINDS,2026-05-15,SAME_SYMBOL_LOCKOUT
UPPER|CIPLA|2026-05-15,CIPLA,2026-05-15,SAME_SYMBOL_LOCKOUT
UPPER|GESHIP|2026-05-15,GESHIP,2026-05-15,SAME_SYMBOL_LOCKOUT
UPPER|MANKIND|2026-05-15,MANKIND,2026-05-15,SAME_SYMBOL_LOCKOUT
UPPER|MEDANTA|2026-05-15,MEDANTA,2026-05-15,SAME_SYMBOL_LOCKOUT
UPPER|NSLNISP|2026-05-15,NSLNISP,2026-05-15,SAME_SYMBOL_LOCKOUT
UPPER|POLYCAB|2026-05-15,POLYCAB,2026-05-15,SAME_SYMBOL_LOCKOUT
UPPER|PWL|2026-05-15,PWL,2026-05-15,SAME_SYMBOL_LOCKOUT
UPPER|TATASTEEL|2026-05-15,TATASTEEL,2026-05-15,SAME_SYMBOL_LOCKOUT
UPPER|IPCALAB|2026-05-18,IPCALAB,2026-05-18,SAME_SYMBOL_LOCKOUT
UPPER|AJANTPHARM|2026-05-19,AJANTPHARM,2026-05-19,SAME_SYMBOL_LOCKOUT
UPPER|BALRAMCHIN|2026-05-19,BALRAMCHIN,2026-05-19,SAME_SYMBOL_LOCKOUT
UPPER|BIOCON|2026-05-19,BIOCON,2026-05-19,SAME_SYMBOL_LOCKOUT
UPPER|GESHIP|2026-05-19,GESHIP,2026-05-19,SAME_SYMBOL_LOCKOUT
UPPER|IPCALAB|2026-05-19,IPCALAB,2026-05-19,SAME_SYMBOL_LOCKOUT
UPPER|MANKIND|2026-05-19,MANKIND,2026-05-19,SAME_SYMBOL_LOCKOUT
UPPER|POLYCAB|2026-05-19,POLYCAB,2026-05-19,SAME_SYMBOL_LOCKOUT
UPPER|RAINBOW|2026-05-19,RAINBOW,2026-05-19,SAME_SYMBOL_LOCKOUT
UPPER|SAILIFE|2026-05-19,SAILIFE,2026-05-19,SAME_SYMBOL_LOCKOUT
UPPER|SUNPHARMA|2026-05-19,SUNPHARMA,2026-05-19,SAME_SYMBOL_LOCKOUT
UPPER|ACUTAAS|2026-05-20,ACUTAAS,2026-05-20,SAME_SYMBOL_LOCKOUT
UPPER|BIOCON|2026-05-20,BIOCON,2026-05-20,SAME_SYMBOL_LOCKOUT
UPPER|CAPLIPOINT|2026-05-20,CAPLIPOINT,2026-05-20,SAME_SYMBOL_LOCKOUT
UPPER|GLAND|2026-05-20,GLAND,2026-05-20,SAME_SYMBOL_LOCKOUT
UPPER|GPIL|2026-05-20,GPIL,2026-05-20,SAME_SYMBOL_LOCKOUT
UPPER|IPCALAB|2026-05-20,IPCALAB,2026-05-20,SAME_SYMBOL_LOCKOUT
UPPER|NH|2026-05-20,NH,2026-05-20,SAME_SYMBOL_LOCKOUT
UPPER|RADICO|2026-05-20,RADICO,2026-05-20,SAME_SYMBOL_LOCKOUT
UPPER|SAILIFE|2026-05-20,SAILIFE,2026-05-20,SAME_SYMBOL_LOCKOUT
UPPER|ZYDUSLIFE|2026-05-20,ZYDUSLIFE,2026-05-20,SAME_SYMBOL_LOCKOUT
UPPER|FORTIS|2026-05-21,FORTIS,2026-05-21,SAME_SYMBOL_LOCKOUT
UPPER|HINDALCO|2026-05-21,HINDALCO,2026-05-21,SAME_SYMBOL_LOCKOUT
UPPER|IDEA|2026-05-21,IDEA,2026-05-21,SAME_SYMBOL_LOCKOUT
UPPER|MANAPPURAM|2026-05-21,MANAPPURAM,2026-05-21,SAME_SYMBOL_LOCKOUT
UPPER|NAVINFLUOR|2026-05-21,NAVINFLUOR,2026-05-21,SAME_SYMBOL_LOCKOUT
UPPER|POLYCAB|2026-05-21,POLYCAB,2026-05-21,SAME_SYMBOL_LOCKOUT
UPPER|RAINBOW|2026-05-21,RAINBOW,2026-05-21,SAME_SYMBOL_LOCKOUT
UPPER|SAILIFE|2026-05-21,SAILIFE,2026-05-21,SAME_SYMBOL_LOCKOUT
UPPER|SHYAMMETL|2026-05-21,SHYAMMETL,2026-05-21,SAME_SYMBOL_LOCKOUT
UPPER|TIMKEN|2026-05-21,TIMKEN,2026-05-21,SAME_SYMBOL_LOCKOUT
UPPER|ANGELONE|2026-05-22,ANGELONE,2026-05-22,SAME_SYMBOL_LOCKOUT
UPPER|APARINDS|2026-05-22,APARINDS,2026-05-22,SAME_SYMBOL_LOCKOUT
UPPER|GRASIM|2026-05-22,GRASIM,2026-05-22,SAME_SYMBOL_LOCKOUT
UPPER|HINDALCO|2026-05-22,HINDALCO,2026-05-22,SAME_SYMBOL_LOCKOUT
UPPER|IDEA|2026-05-22,IDEA,2026-05-22,SAME_SYMBOL_LOCKOUT
UPPER|MANAPPURAM|2026-05-22,MANAPPURAM,2026-05-22,SAME_SYMBOL_LOCKOUT
UPPER|MOTHERSON|2026-05-22,MOTHERSON,2026-05-22,SAME_SYMBOL_LOCKOUT
UPPER|PAGEIND|2026-05-22,PAGEIND,2026-05-22,SAME_SYMBOL_LOCKOUT
UPPER|POLYCAB|2026-05-22,POLYCAB,2026-05-22,SAME_SYMBOL_LOCKOUT
UPPER|TIMKEN|2026-05-22,TIMKEN,2026-05-22,SAME_SYMBOL_LOCKOUT
UPPER|APOLLOHOSP|2026-05-25,APOLLOHOSP,2026-05-25,SAME_SYMBOL_LOCKOUT
UPPER|ASIANPAINT|2026-05-25,ASIANPAINT,2026-05-25,SAME_SYMBOL_LOCKOUT
UPPER|GLAND|2026-05-25,GLAND,2026-05-25,SAME_SYMBOL_LOCKOUT
UPPER|GRASIM|2026-05-25,GRASIM,2026-05-25,SAME_SYMBOL_LOCKOUT
UPPER|HINDALCO|2026-05-25,HINDALCO,2026-05-25,SAME_SYMBOL_LOCKOUT
UPPER|KEI|2026-05-25,KEI,2026-05-25,SAME_SYMBOL_LOCKOUT
UPPER|MANAPPURAM|2026-05-25,MANAPPURAM,2026-05-25,SAME_SYMBOL_LOCKOUT
UPPER|RAINBOW|2026-05-25,RAINBOW,2026-05-25,SAME_SYMBOL_LOCKOUT
UPPER|TATACOMM|2026-05-25,TATACOMM,2026-05-25,SAME_SYMBOL_LOCKOUT
UPPER|TIMKEN|2026-05-25,TIMKEN,2026-05-25,SAME_SYMBOL_LOCKOUT
UPPER|BIOCON|2026-05-26,BIOCON,2026-05-26,SAME_SYMBOL_LOCKOUT
UPPER|CAPLIPOINT|2026-05-26,CAPLIPOINT,2026-05-26,SAME_SYMBOL_LOCKOUT
UPPER|GRASIM|2026-05-26,GRASIM,2026-05-26,SAME_SYMBOL_LOCKOUT
UPPER|IGIL|2026-05-26,IGIL,2026-05-26,SAME_SYMBOL_LOCKOUT
UPPER|MINDACORP|2026-05-26,MINDACORP,2026-05-26,SAME_SYMBOL_LOCKOUT
UPPER|NSLNISP|2026-05-26,NSLNISP,2026-05-26,SAME_SYMBOL_LOCKOUT
UPPER|RAINBOW|2026-05-26,RAINBOW,2026-05-26,SAME_SYMBOL_LOCKOUT
UPPER|SAMMAANCAP|2026-05-26,SAMMAANCAP,2026-05-26,SAME_SYMBOL_LOCKOUT
UPPER|ASIANPAINT|2026-05-27,ASIANPAINT,2026-05-27,SAME_SYMBOL_LOCKOUT
UPPER|DIXON|2026-05-27,DIXON,2026-05-27,SAME_SYMBOL_LOCKOUT
UPPER|GRASIM|2026-05-27,GRASIM,2026-05-27,SAME_SYMBOL_LOCKOUT
UPPER|IDEA|2026-05-27,IDEA,2026-05-27,SAME_SYMBOL_LOCKOUT
UPPER|JSWSTEEL|2026-05-27,JSWSTEEL,2026-05-27,SAME_SYMBOL_LOCKOUT
UPPER|MOTILALOFS|2026-05-27,MOTILALOFS,2026-05-27,SAME_SYMBOL_LOCKOUT
UPPER|NSLNISP|2026-05-27,NSLNISP,2026-05-27,SAME_SYMBOL_LOCKOUT
UPPER|PNBHOUSING|2026-05-27,PNBHOUSING,2026-05-27,SAME_SYMBOL_LOCKOUT
UPPER|POLYCAB|2026-05-27,POLYCAB,2026-05-27,SAME_SYMBOL_LOCKOUT
UPPER|SHYAMMETL|2026-05-27,SHYAMMETL,2026-05-27,SAME_SYMBOL_LOCKOUT
UPPER|ASIANPAINT|2026-05-29,ASIANPAINT,2026-05-29,SAME_SYMBOL_LOCKOUT
UPPER|ATHERENERG|2026-05-29,ATHERENERG,2026-05-29,SAME_SYMBOL_LOCKOUT
UPPER|CGPOWER|2026-05-29,CGPOWER,2026-05-29,SAME_SYMBOL_LOCKOUT
UPPER|COFORGE|2026-05-29,COFORGE,2026-05-29,SAME_SYMBOL_LOCKOUT
UPPER|ELGIEQUIP|2026-05-29,ELGIEQUIP,2026-05-29,SAME_SYMBOL_LOCKOUT
UPPER|GVT&D|2026-05-29,GVT&D,2026-05-29,SAME_SYMBOL_LOCKOUT
UPPER|HINDALCO|2026-05-29,HINDALCO,2026-05-29,SAME_SYMBOL_LOCKOUT
UPPER|KEI|2026-05-29,KEI,2026-05-29,SAME_SYMBOL_LOCKOUT
UPPER|MINDACORP|2026-05-29,MINDACORP,2026-05-29,SAME_SYMBOL_LOCKOUT
UPPER|MOTHERSON|2026-05-29,MOTHERSON,2026-05-29,SAME_SYMBOL_LOCKOUT
UPPER|POLYCAB|2026-05-29,POLYCAB,2026-05-29,SAME_SYMBOL_LOCKOUT
UPPER|RAINBOW|2026-05-29,RAINBOW,2026-05-29,SAME_SYMBOL_LOCKOUT
UPPER|SUZLON|2026-05-29,SUZLON,2026-05-29,SAME_SYMBOL_LOCKOUT
UPPER|TATATECH|2026-05-29,TATATECH,2026-05-29,SAME_SYMBOL_LOCKOUT
UPPER|VBL|2026-05-29,VBL,2026-05-29,SAME_SYMBOL_LOCKOUT
UPPER|YESBANK|2026-05-29,YESBANK,2026-05-29,SAME_SYMBOL_LOCKOUT
UPPER|ZYDUSLIFE|2026-05-29,ZYDUSLIFE,2026-05-29,SAME_SYMBOL_LOCKOUT
UPPER|ACUTAAS|2026-06-01,ACUTAAS,2026-06-01,SAME_SYMBOL_LOCKOUT
UPPER|ASIANPAINT|2026-06-01,ASIANPAINT,2026-06-01,SAME_SYMBOL_LOCKOUT
UPPER|ENDURANCE|2026-06-01,ENDURANCE,2026-06-01,SAME_SYMBOL_LOCKOUT
UPPER|IFCI|2026-06-01,IFCI,2026-06-01,SAME_SYMBOL_LOCKOUT
UPPER|MINDACORP|2026-06-01,MINDACORP,2026-06-01,SAME_SYMBOL_LOCKOUT
UPPER|RAINBOW|2026-06-01,RAINBOW,2026-06-01,SAME_SYMBOL_LOCKOUT
UPPER|YESBANK|2026-06-01,YESBANK,2026-06-01,SAME_SYMBOL_LOCKOUT
UPPER|NBCC|2026-06-02,NBCC,2026-06-02,SAME_SYMBOL_LOCKOUT
UPPER|NSLNISP|2026-06-02,NSLNISP,2026-06-02,SAME_SYMBOL_LOCKOUT
UPPER|SAMMAANCAP|2026-06-02,SAMMAANCAP,2026-06-02,SAME_SYMBOL_LOCKOUT
UPPER|WELSPUNLIV|2026-06-02,WELSPUNLIV,2026-06-02,SAME_SYMBOL_LOCKOUT
UPPER|APARINDS|2026-06-03,APARINDS,2026-06-03,SAME_SYMBOL_LOCKOUT
UPPER|EXIDEIND|2026-06-03,EXIDEIND,2026-06-03,SAME_SYMBOL_LOCKOUT
UPPER|JINDALSAW|2026-06-03,JINDALSAW,2026-06-03,SAME_SYMBOL_LOCKOUT
UPPER|MINDACORP|2026-06-03,MINDACORP,2026-06-03,SAME_SYMBOL_LOCKOUT
UPPER|NETWEB|2026-06-03,NETWEB,2026-06-03,SAME_SYMBOL_LOCKOUT
UPPER|NMDC|2026-06-03,NMDC,2026-06-03,SAME_SYMBOL_LOCKOUT
UPPER|CGPOWER|2026-06-04,CGPOWER,2026-06-04,SAME_SYMBOL_LOCKOUT
UPPER|EXIDEIND|2026-06-04,EXIDEIND,2026-06-04,SAME_SYMBOL_LOCKOUT
UPPER|FEDERALBNK|2026-06-04,FEDERALBNK,2026-06-04,SAME_SYMBOL_LOCKOUT
UPPER|NETWEB|2026-06-04,NETWEB,2026-06-04,SAME_SYMBOL_LOCKOUT
UPPER|NAM-INDIA|2026-06-05,NAM-INDIA,2026-06-05,SAME_SYMBOL_LOCKOUT
UPPER|NBCC|2026-06-05,NBCC,2026-06-05,SAME_SYMBOL_LOCKOUT
UPPER|POLYCAB|2026-06-05,POLYCAB,2026-06-05,SAME_SYMBOL_LOCKOUT
UPPER|RBLBANK|2026-06-05,RBLBANK,2026-06-05,SAME_SYMBOL_LOCKOUT
UPPER|SAMMAANCAP|2026-06-05,SAMMAANCAP,2026-06-05,SAME_SYMBOL_LOCKOUT
UPPER|APOLLOHOSP|2026-06-08,APOLLOHOSP,2026-06-08,SAME_SYMBOL_LOCKOUT
UPPER|ASTERDM|2026-06-08,ASTERDM,2026-06-08,SAME_SYMBOL_LOCKOUT
UPPER|FEDERALBNK|2026-06-08,FEDERALBNK,2026-06-08,SAME_SYMBOL_LOCKOUT
UPPER|J&KBANK|2026-06-08,J&KBANK,2026-06-08,SAME_SYMBOL_LOCKOUT
UPPER|ZEEL|2026-06-08,ZEEL,2026-06-08,SAME_SYMBOL_LOCKOUT
UPPER|CONCORDBIO|2026-06-09,CONCORDBIO,2026-06-09,SAME_SYMBOL_LOCKOUT
UPPER|APARINDS|2026-06-10,APARINDS,2026-06-10,SAME_SYMBOL_LOCKOUT
UPPER|APOLLOHOSP|2026-06-10,APOLLOHOSP,2026-06-10,SAME_SYMBOL_LOCKOUT
UPPER|CCL|2026-06-10,CCL,2026-06-10,SAME_SYMBOL_LOCKOUT
UPPER|DATAPATTNS|2026-06-10,DATAPATTNS,2026-06-10,SAME_SYMBOL_LOCKOUT
UPPER|DIXON|2026-06-10,DIXON,2026-06-10,SAME_SYMBOL_LOCKOUT
UPPER|FEDERALBNK|2026-06-10,FEDERALBNK,2026-06-10,SAME_SYMBOL_LOCKOUT
UPPER|FORTIS|2026-06-10,FORTIS,2026-06-10,SAME_SYMBOL_LOCKOUT
UPPER|J&KBANK|2026-06-10,J&KBANK,2026-06-10,SAME_SYMBOL_LOCKOUT
UPPER|RBLBANK|2026-06-10,RBLBANK,2026-06-10,SAME_SYMBOL_LOCKOUT
UPPER|ASTERDM|2026-06-11,ASTERDM,2026-06-11,SAME_SYMBOL_LOCKOUT
UPPER|RBLBANK|2026-06-11,RBLBANK,2026-06-11,SAME_SYMBOL_LOCKOUT
UPPER|AIIL|2026-06-12,AIIL,2026-06-12,SAME_SYMBOL_LOCKOUT
UPPER|ASTERDM|2026-06-12,ASTERDM,2026-06-12,SAME_SYMBOL_LOCKOUT
UPPER|FEDERALBNK|2026-06-12,FEDERALBNK,2026-06-12,SAME_SYMBOL_LOCKOUT
UPPER|INDHOTEL|2026-06-12,INDHOTEL,2026-06-12,SAME_SYMBOL_LOCKOUT
UPPER|J&KBANK|2026-06-12,J&KBANK,2026-06-12,SAME_SYMBOL_LOCKOUT
UPPER|PIDILITIND|2026-06-12,PIDILITIND,2026-06-12,SAME_SYMBOL_LOCKOUT
UPPER|RBLBANK|2026-06-12,RBLBANK,2026-06-12,SAME_SYMBOL_LOCKOUT
UPPER|SAILIFE|2026-06-12,SAILIFE,2026-06-12,SAME_SYMBOL_LOCKOUT
UPPER|BLUEJET|2026-06-15,BLUEJET,2026-06-15,SAME_SYMBOL_LOCKOUT
UPPER|FEDERALBNK|2026-06-15,FEDERALBNK,2026-06-15,SAME_SYMBOL_LOCKOUT
UPPER|HONAUT|2026-06-15,HONAUT,2026-06-15,SAME_SYMBOL_LOCKOUT
UPPER|KEI|2026-06-15,KEI,2026-06-15,SAME_SYMBOL_LOCKOUT
UPPER|NBCC|2026-06-15,NBCC,2026-06-15,SAME_SYMBOL_LOCKOUT
UPPER|TIINDIA|2026-06-15,TIINDIA,2026-06-15,SAME_SYMBOL_LOCKOUT
UPPER|TITAGARH|2026-06-15,TITAGARH,2026-06-15,SAME_SYMBOL_LOCKOUT
UPPER|360ONE|2026-06-16,360ONE,2026-06-16,SAME_SYMBOL_LOCKOUT
UPPER|BOSCHLTD|2026-06-16,BOSCHLTD,2026-06-16,SAME_SYMBOL_LOCKOUT
UPPER|CGCL|2026-06-16,CGCL,2026-06-16,SAME_SYMBOL_LOCKOUT
UPPER|FEDERALBNK|2026-06-16,FEDERALBNK,2026-06-16,SAME_SYMBOL_LOCKOUT
UPPER|GABRIEL|2026-06-16,GABRIEL,2026-06-16,SAME_SYMBOL_LOCKOUT
UPPER|GAIL|2026-06-16,GAIL,2026-06-16,SAME_SYMBOL_LOCKOUT
UPPER|GMRAIRPORT|2026-06-16,GMRAIRPORT,2026-06-16,SAME_SYMBOL_LOCKOUT
UPPER|NAM-INDIA|2026-06-16,NAM-INDIA,2026-06-16,SAME_SYMBOL_LOCKOUT
UPPER|PIDILITIND|2026-06-16,PIDILITIND,2026-06-16,SAME_SYMBOL_LOCKOUT
UPPER|SUZLON|2026-06-16,SUZLON,2026-06-16,SAME_SYMBOL_LOCKOUT
UPPER|WELSPUNLIV|2026-06-16,WELSPUNLIV,2026-06-16,SAME_SYMBOL_LOCKOUT
UPPER|DLF|2026-06-17,DLF,2026-06-17,SAME_SYMBOL_LOCKOUT
UPPER|HONAUT|2026-06-17,HONAUT,2026-06-17,SAME_SYMBOL_LOCKOUT
UPPER|J&KBANK|2026-06-17,J&KBANK,2026-06-17,SAME_SYMBOL_LOCKOUT
UPPER|JSWINFRA|2026-06-17,JSWINFRA,2026-06-17,SAME_SYMBOL_LOCKOUT
UPPER|MMTC|2026-06-17,MMTC,2026-06-17,SAME_SYMBOL_LOCKOUT
UPPER|MOTILALOFS|2026-06-17,MOTILALOFS,2026-06-17,SAME_SYMBOL_LOCKOUT
UPPER|NETWEB|2026-06-17,NETWEB,2026-06-17,SAME_SYMBOL_LOCKOUT
UPPER|PCBL|2026-06-17,PCBL,2026-06-17,SAME_SYMBOL_LOCKOUT
UPPER|PHOENIXLTD|2026-06-17,PHOENIXLTD,2026-06-17,SAME_SYMBOL_LOCKOUT
UPPER|ABSLAMC|2026-06-18,ABSLAMC,2026-06-18,SAME_SYMBOL_LOCKOUT
UPPER|EICHERMOT|2026-06-18,EICHERMOT,2026-06-18,SAME_SYMBOL_LOCKOUT
UPPER|J&KBANK|2026-06-18,J&KBANK,2026-06-18,SAME_SYMBOL_LOCKOUT
UPPER|KIRLOSENG|2026-06-18,KIRLOSENG,2026-06-18,SAME_SYMBOL_LOCKOUT
UPPER|LT|2026-06-18,LT,2026-06-18,SAME_SYMBOL_LOCKOUT
UPPER|MOTILALOFS|2026-06-18,MOTILALOFS,2026-06-18,SAME_SYMBOL_LOCKOUT
UPPER|NBCC|2026-06-18,NBCC,2026-06-18,SAME_SYMBOL_LOCKOUT
UPPER|BHARATFORG|2026-06-19,BHARATFORG,2026-06-19,SAME_SYMBOL_LOCKOUT
UPPER|DATAPATTNS|2026-06-19,DATAPATTNS,2026-06-19,SAME_SYMBOL_LOCKOUT
UPPER|FEDERALBNK|2026-06-19,FEDERALBNK,2026-06-19,SAME_SYMBOL_LOCKOUT
UPPER|HONAUT|2026-06-19,HONAUT,2026-06-19,SAME_SYMBOL_LOCKOUT
UPPER|JINDALSAW|2026-06-19,JINDALSAW,2026-06-19,SAME_SYMBOL_LOCKOUT
UPPER|JSWINFRA|2026-06-19,JSWINFRA,2026-06-19,SAME_SYMBOL_LOCKOUT
UPPER|KIMS|2026-06-19,KIMS,2026-06-19,SAME_SYMBOL_LOCKOUT
UPPER|KPIL|2026-06-19,KPIL,2026-06-19,SAME_SYMBOL_LOCKOUT
UPPER|PCBL|2026-06-19,PCBL,2026-06-19,SAME_SYMBOL_LOCKOUT
UPPER|PHOENIXLTD|2026-06-19,PHOENIXLTD,2026-06-19,SAME_SYMBOL_LOCKOUT
UPPER|PIDILITIND|2026-06-19,PIDILITIND,2026-06-19,SAME_SYMBOL_LOCKOUT
UPPER|VTL|2026-06-19,VTL,2026-06-19,SAME_SYMBOL_LOCKOUT
UPPER|ZEEL|2026-06-19,ZEEL,2026-06-19,SAME_SYMBOL_LOCKOUT
UPPER|ABSLAMC|2026-06-22,ABSLAMC,2026-06-22,SAME_SYMBOL_LOCKOUT
UPPER|EICHERMOT|2026-06-22,EICHERMOT,2026-06-22,SAME_SYMBOL_LOCKOUT
UPPER|GAIL|2026-06-22,GAIL,2026-06-22,SAME_SYMBOL_LOCKOUT
UPPER|HDBFS|2026-06-22,HDBFS,2026-06-22,SAME_SYMBOL_LOCKOUT
UPPER|INDIGO|2026-06-22,INDIGO,2026-06-22,SAME_SYMBOL_LOCKOUT
UPPER|JBMA|2026-06-22,JBMA,2026-06-22,SAME_SYMBOL_LOCKOUT
UPPER|NAM-INDIA|2026-06-22,NAM-INDIA,2026-06-22,SAME_SYMBOL_LOCKOUT
UPPER|NAVINFLUOR|2026-06-22,NAVINFLUOR,2026-06-22,SAME_SYMBOL_LOCKOUT
UPPER|PIRAMALFIN|2026-06-22,PIRAMALFIN,2026-06-22,SAME_SYMBOL_LOCKOUT
UPPER|TRAVELFOOD|2026-06-22,TRAVELFOOD,2026-06-22,SAME_SYMBOL_LOCKOUT
UPPER|ZFCVINDIA|2026-06-22,ZFCVINDIA,2026-06-22,SAME_SYMBOL_LOCKOUT
UPPER|ABCAPITAL|2026-06-23,ABCAPITAL,2026-06-23,SAME_SYMBOL_LOCKOUT
UPPER|ACE|2026-06-23,ACE,2026-06-23,SAME_SYMBOL_LOCKOUT
UPPER|AEGISVOPAK|2026-06-23,AEGISVOPAK,2026-06-23,SAME_SYMBOL_LOCKOUT
UPPER|BAJAJHLDNG|2026-06-23,BAJAJHLDNG,2026-06-23,SAME_SYMBOL_LOCKOUT
UPPER|BANKBARODA|2026-06-23,BANKBARODA,2026-06-23,SAME_SYMBOL_LOCKOUT
UPPER|BLUEJET|2026-06-23,BLUEJET,2026-06-23,SAME_SYMBOL_LOCKOUT
UPPER|HDBFS|2026-06-23,HDBFS,2026-06-23,SAME_SYMBOL_LOCKOUT
UPPER|IIFL|2026-06-23,IIFL,2026-06-23,SAME_SYMBOL_LOCKOUT
UPPER|PIDILITIND|2026-06-23,PIDILITIND,2026-06-23,SAME_SYMBOL_LOCKOUT
UPPER|PRESTIGE|2026-06-23,PRESTIGE,2026-06-23,SAME_SYMBOL_LOCKOUT
UPPER|SAILIFE|2026-06-23,SAILIFE,2026-06-23,SAME_SYMBOL_LOCKOUT
UPPER|ZFCVINDIA|2026-06-23,ZFCVINDIA,2026-06-23,SAME_SYMBOL_LOCKOUT
UPPER|CASTROLIND|2026-06-24,CASTROLIND,2026-06-24,SAME_SYMBOL_LOCKOUT
UPPER|FLUOROCHEM|2026-06-24,FLUOROCHEM,2026-06-24,SAME_SYMBOL_LOCKOUT
UPPER|PCBL|2026-06-24,PCBL,2026-06-24,SAME_SYMBOL_LOCKOUT
UPPER|TIINDIA|2026-06-24,TIINDIA,2026-06-24,SAME_SYMBOL_LOCKOUT
UPPER|ZFCVINDIA|2026-06-24,ZFCVINDIA,2026-06-24,SAME_SYMBOL_LOCKOUT
UPPER|AADHARHFC|2026-06-25,AADHARHFC,2026-06-25,SAME_SYMBOL_LOCKOUT
UPPER|ABCAPITAL|2026-06-25,ABCAPITAL,2026-06-25,SAME_SYMBOL_LOCKOUT
UPPER|BAJFINANCE|2026-06-25,BAJFINANCE,2026-06-25,SAME_SYMBOL_LOCKOUT
UPPER|BELRISE|2026-06-25,BELRISE,2026-06-25,SAME_SYMBOL_LOCKOUT
UPPER|CHOLAFIN|2026-06-25,CHOLAFIN,2026-06-25,SAME_SYMBOL_LOCKOUT
UPPER|EICHERMOT|2026-06-25,EICHERMOT,2026-06-25,SAME_SYMBOL_LOCKOUT
UPPER|EMCURE|2026-06-25,EMCURE,2026-06-25,SAME_SYMBOL_LOCKOUT
UPPER|HDBFS|2026-06-25,HDBFS,2026-06-25,SAME_SYMBOL_LOCKOUT
UPPER|KOTAKBANK|2026-06-25,KOTAKBANK,2026-06-25,SAME_SYMBOL_LOCKOUT
UPPER|LT|2026-06-25,LT,2026-06-25,SAME_SYMBOL_LOCKOUT
UPPER|NAM-INDIA|2026-06-25,NAM-INDIA,2026-06-25,SAME_SYMBOL_LOCKOUT
UPPER|SONACOMS|2026-06-25,SONACOMS,2026-06-25,SAME_SYMBOL_LOCKOUT
UPPER|CHOLAFIN|2026-06-29,CHOLAFIN,2026-06-29,SAME_SYMBOL_LOCKOUT
UPPER|PIDILITIND|2026-06-29,PIDILITIND,2026-06-29,SAME_SYMBOL_LOCKOUT
UPPER|SAILIFE|2026-06-29,SAILIFE,2026-06-29,SAME_SYMBOL_LOCKOUT
UPPER|AUROPHARMA|2026-06-30,AUROPHARMA,2026-06-30,SAME_SYMBOL_LOCKOUT
UPPER|CHOICEIN|2026-06-30,CHOICEIN,2026-06-30,SAME_SYMBOL_LOCKOUT
UPPER|JBCHEPHARM|2026-06-30,JBCHEPHARM,2026-06-30,SAME_SYMBOL_LOCKOUT
UPPER|OBEROIRLTY|2026-06-30,OBEROIRLTY,2026-06-30,SAME_SYMBOL_LOCKOUT
UPPER|PCBL|2026-06-30,PCBL,2026-06-30,SAME_SYMBOL_LOCKOUT
UPPER|JBCHEPHARM|2026-07-01,JBCHEPHARM,2026-07-01,SAME_SYMBOL_LOCKOUT
UPPER|DELHIVERY|2026-07-02,DELHIVERY,2026-07-02,SAME_SYMBOL_LOCKOUT
UPPER|ETERNAL|2026-07-02,ETERNAL,2026-07-02,SAME_SYMBOL_LOCKOUT
UPPER|ICICIBANK|2026-07-02,ICICIBANK,2026-07-02,SAME_SYMBOL_LOCKOUT
UPPER|LTF|2026-07-02,LTF,2026-07-02,SAME_SYMBOL_LOCKOUT
UPPER|PARADEEP|2026-07-02,PARADEEP,2026-07-02,SAME_SYMBOL_LOCKOUT
UPPER|BALRAMCHIN|2026-07-03,BALRAMCHIN,2026-07-03,SAME_SYMBOL_LOCKOUT
UPPER|DELHIVERY|2026-07-03,DELHIVERY,2026-07-03,SAME_SYMBOL_LOCKOUT
UPPER|ETERNAL|2026-07-03,ETERNAL,2026-07-03,SAME_SYMBOL_LOCKOUT
UPPER|HEXT|2026-07-03,HEXT,2026-07-03,SAME_SYMBOL_LOCKOUT
UPPER|INDIGO|2026-07-03,INDIGO,2026-07-03,SAME_SYMBOL_LOCKOUT
UPPER|PAYTM|2026-07-03,PAYTM,2026-07-03,SAME_SYMBOL_LOCKOUT
UPPER|POLYMED|2026-07-03,POLYMED,2026-07-03,SAME_SYMBOL_LOCKOUT
UPPER|VTL|2026-07-03,VTL,2026-07-03,SAME_SYMBOL_LOCKOUT
UPPER|AADHARHFC|2026-07-06,AADHARHFC,2026-07-06,SAME_SYMBOL_LOCKOUT
UPPER|BAJFINANCE|2026-07-06,BAJFINANCE,2026-07-06,SAME_SYMBOL_LOCKOUT
UPPER|BALRAMCHIN|2026-07-06,BALRAMCHIN,2026-07-06,SAME_SYMBOL_LOCKOUT
UPPER|DLF|2026-07-06,DLF,2026-07-06,SAME_SYMBOL_LOCKOUT
UPPER|ITCHOTELS|2026-07-06,ITCHOTELS,2026-07-06,SAME_SYMBOL_LOCKOUT
UPPER|PCBL|2026-07-06,PCBL,2026-07-06,SAME_SYMBOL_LOCKOUT
UPPER|VTL|2026-07-06,VTL,2026-07-06,SAME_SYMBOL_LOCKOUT
UPPER|ZYDUSWELL|2026-07-06,ZYDUSWELL,2026-07-06,SAME_SYMBOL_LOCKOUT
UPPER|APOLLOTYRE|2026-07-07,APOLLOTYRE,2026-07-07,SAME_SYMBOL_LOCKOUT
UPPER|CHALET|2026-07-07,CHALET,2026-07-07,SAME_SYMBOL_LOCKOUT
UPPER|CHOLAFIN|2026-07-07,CHOLAFIN,2026-07-07,SAME_SYMBOL_LOCKOUT
UPPER|DIXON|2026-07-07,DIXON,2026-07-07,SAME_SYMBOL_LOCKOUT
UPPER|GODREJPROP|2026-07-07,GODREJPROP,2026-07-07,SAME_SYMBOL_LOCKOUT
UPPER|HDFCBANK|2026-07-07,HDFCBANK,2026-07-07,SAME_SYMBOL_LOCKOUT
UPPER|ICICIBANK|2026-07-07,ICICIBANK,2026-07-07,SAME_SYMBOL_LOCKOUT
UPPER|LUPIN|2026-07-07,LUPIN,2026-07-07,SAME_SYMBOL_LOCKOUT
UPPER|PGEL|2026-07-07,PGEL,2026-07-07,SAME_SYMBOL_LOCKOUT
UPPER|SHRIRAMFIN|2026-07-07,SHRIRAMFIN,2026-07-07,SAME_SYMBOL_LOCKOUT
UPPER|SUNPHARMA|2026-07-07,SUNPHARMA,2026-07-07,SAME_SYMBOL_LOCKOUT
UPPER|CEATLTD|2026-07-08,CEATLTD,2026-07-08,SAME_SYMBOL_LOCKOUT
UPPER|ETERNAL|2026-07-08,ETERNAL,2026-07-08,SAME_SYMBOL_LOCKOUT
UPPER|GODREJPROP|2026-07-08,GODREJPROP,2026-07-08,SAME_SYMBOL_LOCKOUT
UPPER|LUPIN|2026-07-08,LUPIN,2026-07-08,SAME_SYMBOL_LOCKOUT
UPPER|PAYTM|2026-07-08,PAYTM,2026-07-08,SAME_SYMBOL_LOCKOUT
UPPER|SCHNEIDER|2026-07-08,SCHNEIDER,2026-07-08,SAME_SYMBOL_LOCKOUT
UPPER|SUNPHARMA|2026-07-08,SUNPHARMA,2026-07-08,SAME_SYMBOL_LOCKOUT
UPPER|BHARTIARTL|2026-07-09,BHARTIARTL,2026-07-09,SAME_SYMBOL_LOCKOUT
UPPER|ETERNAL|2026-07-09,ETERNAL,2026-07-09,SAME_SYMBOL_LOCKOUT
UPPER|LICI|2026-07-09,LICI,2026-07-09,SAME_SYMBOL_LOCKOUT
UPPER|TITAN|2026-07-09,TITAN,2026-07-09,SAME_SYMBOL_LOCKOUT
UPPER|CEATLTD|2026-07-10,CEATLTD,2026-07-10,SAME_SYMBOL_LOCKOUT
UPPER|CHOICEIN|2026-07-10,CHOICEIN,2026-07-10,SAME_SYMBOL_LOCKOUT
UPPER|DELHIVERY|2026-07-10,DELHIVERY,2026-07-10,SAME_SYMBOL_LOCKOUT
UPPER|DIXON|2026-07-10,DIXON,2026-07-10,SAME_SYMBOL_LOCKOUT
UPPER|ITCHOTELS|2026-07-10,ITCHOTELS,2026-07-10,SAME_SYMBOL_LOCKOUT
UPPER|SONACOMS|2026-07-10,SONACOMS,2026-07-10,SAME_SYMBOL_LOCKOUT
UPPER|CHALET|2026-07-13,CHALET,2026-07-13,SAME_SYMBOL_LOCKOUT
UPPER|GRAVITA|2026-07-13,GRAVITA,2026-07-13,SAME_SYMBOL_LOCKOUT
UPPER|IIFL|2026-07-13,IIFL,2026-07-13,SAME_SYMBOL_LOCKOUT
UPPER|MOTILALOFS|2026-07-13,MOTILALOFS,2026-07-13,SAME_SYMBOL_LOCKOUT
UPPER|RBLBANK|2026-07-13,RBLBANK,2026-07-13,SAME_SYMBOL_LOCKOUT
UPPER|GLAXO|2026-07-14,GLAXO,2026-07-14,SAME_SYMBOL_LOCKOUT
UPPER|HEXT|2026-07-14,HEXT,2026-07-14,SAME_SYMBOL_LOCKOUT
UPPER|JYOTICNC|2026-07-14,JYOTICNC,2026-07-14,SAME_SYMBOL_LOCKOUT
UPPER|KAJARIACER|2026-07-14,KAJARIACER,2026-07-14,SAME_SYMBOL_LOCKOUT
UPPER|MOTILALOFS|2026-07-14,MOTILALOFS,2026-07-14,SAME_SYMBOL_LOCKOUT
UPPER|3MINDIA|2026-07-15,3MINDIA,2026-07-15,SAME_SYMBOL_LOCKOUT
UPPER|JYOTICNC|2026-07-15,JYOTICNC,2026-07-15,SAME_SYMBOL_LOCKOUT
UPPER|LICI|2026-07-15,LICI,2026-07-15,SAME_SYMBOL_LOCKOUT
UPPER|PAYTM|2026-07-15,PAYTM,2026-07-15,SAME_SYMBOL_LOCKOUT
UPPER|REDINGTON|2026-07-15,REDINGTON,2026-07-15,SAME_SYMBOL_LOCKOUT
UPPER|SHREECEM|2026-07-15,SHREECEM,2026-07-15,SAME_SYMBOL_LOCKOUT
UPPER|SHYAMMETL|2026-07-15,SHYAMMETL,2026-07-15,SAME_SYMBOL_LOCKOUT
UPPER|JYOTICNC|2026-07-16,JYOTICNC,2026-07-16,SAME_SYMBOL_LOCKOUT
UPPER|KALYANKJIL|2026-07-16,KALYANKJIL,2026-07-16,SAME_SYMBOL_LOCKOUT
UPPER|LUPIN|2026-07-16,LUPIN,2026-07-16,SAME_SYMBOL_LOCKOUT
UPPER|SHREECEM|2026-07-16,SHREECEM,2026-07-16,SAME_SYMBOL_LOCKOUT
UPPER|SHYAMMETL|2026-07-16,SHYAMMETL,2026-07-16,SAME_SYMBOL_LOCKOUT
UPPER|SUMICHEM|2026-07-16,SUMICHEM,2026-07-16,SAME_SYMBOL_LOCKOUT
UPPER|ZYDUSWELL|2026-07-16,ZYDUSWELL,2026-07-16,SAME_SYMBOL_LOCKOUT
UPPER|BALRAMCHIN|2026-07-17,BALRAMCHIN,2026-07-17,SAME_SYMBOL_LOCKOUT
UPPER|IIFL|2026-07-17,IIFL,2026-07-17,SAME_SYMBOL_LOCKOUT
UPPER|LICI|2026-07-17,LICI,2026-07-17,SAME_SYMBOL_LOCKOUT
UPPER|HOMEFIRST|2026-07-20,HOMEFIRST,2026-07-20,SAME_SYMBOL_LOCKOUT
UPPER|MPHASIS|2026-07-20,MPHASIS,2026-07-20,SAME_SYMBOL_LOCKOUT
UPPER|SHYAMMETL|2026-07-20,SHYAMMETL,2026-07-20,SAME_SYMBOL_LOCKOUT
UPPER|ZYDUSWELL|2026-07-20,ZYDUSWELL,2026-07-20,SAME_SYMBOL_LOCKOUT
UPPER|CUB|2026-07-21,CUB,2026-07-21,SAME_SYMBOL_LOCKOUT
UPPER|GODREJPROP|2026-07-21,GODREJPROP,2026-07-21,SAME_SYMBOL_LOCKOUT
UPPER|IIFL|2026-07-21,IIFL,2026-07-21,SAME_SYMBOL_LOCKOUT
UPPER|JSWCEMENT|2026-07-21,JSWCEMENT,2026-07-21,SAME_SYMBOL_LOCKOUT
UPPER|PCBL|2026-07-21,PCBL,2026-07-21,SAME_SYMBOL_LOCKOUT
UPPER|TECHM|2026-07-21,TECHM,2026-07-21,SAME_SYMBOL_LOCKOUT
UPPER|JUBLINGREA|2026-07-22,JUBLINGREA,2026-07-22,SAME_SYMBOL_LOCKOUT
UPPER|MANAPPURAM|2026-07-22,MANAPPURAM,2026-07-22,SAME_SYMBOL_LOCKOUT
UPPER|SOLARINDS|2026-07-22,SOLARINDS,2026-07-22,SAME_SYMBOL_LOCKOUT
UPPER|CHENNPETRO|2026-07-23,CHENNPETRO,2026-07-23,SAME_SYMBOL_LOCKOUT
UPPER|LLOYDSME|2026-07-23,LLOYDSME,2026-07-23,SAME_SYMBOL_LOCKOUT
UPPER|MANAPPURAM|2026-07-23,MANAPPURAM,2026-07-23,SAME_SYMBOL_LOCKOUT
UPPER|LLOYDSME|2026-07-24,LLOYDSME,2026-07-24,SAME_SYMBOL_LOCKOUT
UPPER|EICHERMOT|2026-07-27,EICHERMOT,2026-07-27,SAME_SYMBOL_LOCKOUT
UPPER|SUMICHEM|2026-07-27,SUMICHEM,2026-07-27,SAME_SYMBOL_LOCKOUT
UPPER|ACE|2026-07-28,ACE,2026-07-28,SAME_SYMBOL_LOCKOUT
UPPER|DIVISLAB|2026-07-28,DIVISLAB,2026-07-28,SAME_SYMBOL_LOCKOUT
UPPER|EICHERMOT|2026-07-28,EICHERMOT,2026-07-28,SAME_SYMBOL_LOCKOUT
UPPER|IIFL|2026-07-28,IIFL,2026-07-28,SAME_SYMBOL_LOCKOUT
UPPER|LENSKART|2026-07-28,LENSKART,2026-07-28,SAME_SYMBOL_LOCKOUT
UPPER|RKFORGE|2026-07-28,RKFORGE,2026-07-28,SAME_SYMBOL_LOCKOUT
UPPER|EICHERMOT|2026-07-29,EICHERMOT,2026-07-29,SAME_SYMBOL_LOCKOUT
UPPER|GLAXO|2026-07-29,GLAXO,2026-07-29,SAME_SYMBOL_LOCKOUT
UPPER|MANKIND|2026-07-29,MANKIND,2026-07-29,SAME_SYMBOL_LOCKOUT
UPPER|MPHASIS|2026-07-29,MPHASIS,2026-07-29,SAME_SYMBOL_LOCKOUT
UPPER|NH|2026-07-29,NH,2026-07-29,SAME_SYMBOL_LOCKOUT
UPPER|REDINGTON|2026-07-29,REDINGTON,2026-07-29,SAME_SYMBOL_LOCKOUT
UPPER|UNITDSPR|2026-07-29,UNITDSPR,2026-07-29,SAME_SYMBOL_LOCKOUT
UPPER|BHARTIHEXA|2026-07-30,BHARTIHEXA,2026-07-30,SAME_SYMBOL_LOCKOUT
UPPER|EICHERMOT|2026-07-30,EICHERMOT,2026-07-30,SAME_SYMBOL_LOCKOUT
UPPER|JYOTICNC|2026-07-30,JYOTICNC,2026-07-30,SAME_SYMBOL_LOCKOUT
UPPER|LTM|2026-07-30,LTM,2026-07-30,SAME_SYMBOL_LOCKOUT
UPPER|MANAPPURAM|2026-07-30,MANAPPURAM,2026-07-30,SAME_SYMBOL_LOCKOUT
UPPER|PPLPHARMA|2026-07-30,PPLPHARMA,2026-07-30,SAME_SYMBOL_LOCKOUT
UPPER|RBLBANK|2026-07-30,RBLBANK,2026-07-30,SAME_SYMBOL_LOCKOUT
UPPER|SONATSOFTW|2026-07-30,SONATSOFTW,2026-07-30,SAME_SYMBOL_LOCKOUT
UPPER|TCS|2026-07-30,TCS,2026-07-30,SAME_SYMBOL_LOCKOUT
UPPER|TECHM|2026-07-30,TECHM,2026-07-30,SAME_SYMBOL_LOCKOUT
UPPER|TITAN|2026-07-30,TITAN,2026-07-30,SAME_SYMBOL_LOCKOUT
UPPER|ABCAPITAL|2026-07-31,ABCAPITAL,2026-07-31,SAME_SYMBOL_LOCKOUT
UPPER|BAJAJ-AUTO|2026-07-31,BAJAJ-AUTO,2026-07-31,SAME_SYMBOL_LOCKOUT
UPPER|CREDITACC|2026-07-31,CREDITACC,2026-07-31,SAME_SYMBOL_LOCKOUT
UPPER|EICHERMOT|2026-07-31,EICHERMOT,2026-07-31,SAME_SYMBOL_LOCKOUT
UPPER|ENDURANCE|2026-07-31,ENDURANCE,2026-07-31,SAME_SYMBOL_LOCKOUT
UPPER|GLAXO|2026-07-31,GLAXO,2026-07-31,SAME_SYMBOL_LOCKOUT
UPPER|INDHOTEL|2026-07-31,INDHOTEL,2026-07-31,SAME_SYMBOL_LOCKOUT
UPPER|JYOTICNC|2026-07-31,JYOTICNC,2026-07-31,SAME_SYMBOL_LOCKOUT
UPPER|KARURVYSYA|2026-07-31,KARURVYSYA,2026-07-31,SAME_SYMBOL_LOCKOUT
UPPER|LLOYDSME|2026-07-31,LLOYDSME,2026-07-31,SAME_SYMBOL_LOCKOUT
UPPER|SUNPHARMA|2026-07-31,SUNPHARMA,2026-07-31,SAME_SYMBOL_LOCKOUT
UPPER|3MINDIA|2026-08-03,3MINDIA,2026-08-03,SAME_SYMBOL_LOCKOUT
UPPER|ANANTRAJ|2026-08-03,ANANTRAJ,2026-08-03,SAME_SYMBOL_LOCKOUT
UPPER|BHARTIARTL|2026-08-03,BHARTIARTL,2026-08-03,SAME_SYMBOL_LOCKOUT
UPPER|ENDURANCE|2026-08-03,ENDURANCE,2026-08-03,SAME_SYMBOL_LOCKOUT
UPPER|HYUNDAI|2026-08-03,HYUNDAI,2026-08-03,SAME_SYMBOL_LOCKOUT
UPPER|LALPATHLAB|2026-08-03,LALPATHLAB,2026-08-03,SAME_SYMBOL_LOCKOUT
UPPER|PPLPHARMA|2026-08-03,PPLPHARMA,2026-08-03,SAME_SYMBOL_LOCKOUT
UPPER|SAILIFE|2026-08-03,SAILIFE,2026-08-03,SAME_SYMBOL_LOCKOUT
UPPER|SBICARD|2026-08-03,SBICARD,2026-08-03,SAME_SYMBOL_LOCKOUT
UPPER|360ONE|2026-08-04,360ONE,2026-08-04,SAME_SYMBOL_LOCKOUT
UPPER|ACE|2026-08-04,ACE,2026-08-04,SAME_SYMBOL_LOCKOUT
UPPER|BALKRISIND|2026-08-04,BALKRISIND,2026-08-04,SAME_SYMBOL_LOCKOUT
UPPER|CASTROLIND|2026-08-04,CASTROLIND,2026-08-04,SAME_SYMBOL_LOCKOUT
UPPER|CONCORDBIO|2026-08-04,CONCORDBIO,2026-08-04,SAME_SYMBOL_LOCKOUT
UPPER|COROMANDEL|2026-08-04,COROMANDEL,2026-08-04,SAME_SYMBOL_LOCKOUT
UPPER|GABRIEL|2026-08-04,GABRIEL,2026-08-04,SAME_SYMBOL_LOCKOUT
UPPER|GLAXO|2026-08-04,GLAXO,2026-08-04,SAME_SYMBOL_LOCKOUT
UPPER|HEG|2026-08-04,HEG,2026-08-04,SAME_SYMBOL_LOCKOUT
UPPER|LALPATHLAB|2026-08-04,LALPATHLAB,2026-08-04,SAME_SYMBOL_LOCKOUT
UPPER|NESTLEIND|2026-08-04,NESTLEIND,2026-08-04,SAME_SYMBOL_LOCKOUT
UPPER|PIDILITIND|2026-08-04,PIDILITIND,2026-08-04,SAME_SYMBOL_LOCKOUT
UPPER|PPLPHARMA|2026-08-04,PPLPHARMA,2026-08-04,SAME_SYMBOL_LOCKOUT
UPPER|RBLBANK|2026-08-04,RBLBANK,2026-08-04,SAME_SYMBOL_LOCKOUT
UPPER|TVSMOTOR|2026-08-04,TVSMOTOR,2026-08-04,SAME_SYMBOL_LOCKOUT
UPPER|ARE&M|2026-08-05,ARE&M,2026-08-05,SAME_SYMBOL_LOCKOUT
UPPER|BAJAJFINSV|2026-08-05,BAJAJFINSV,2026-08-05,SAME_SYMBOL_LOCKOUT
UPPER|BALKRISIND|2026-08-05,BALKRISIND,2026-08-05,SAME_SYMBOL_LOCKOUT
UPPER|BHARTIARTL|2026-08-05,BHARTIARTL,2026-08-05,SAME_SYMBOL_LOCKOUT
UPPER|EMCURE|2026-08-05,EMCURE,2026-08-05,SAME_SYMBOL_LOCKOUT
UPPER|HYUNDAI|2026-08-05,HYUNDAI,2026-08-05,SAME_SYMBOL_LOCKOUT
UPPER|M&M|2026-08-05,M&M,2026-08-05,SAME_SYMBOL_LOCKOUT
UPPER|MOTHERSON|2026-08-05,MOTHERSON,2026-08-05,SAME_SYMBOL_LOCKOUT
UPPER|PGEL|2026-08-05,PGEL,2026-08-05,SAME_SYMBOL_LOCKOUT
UPPER|PNB|2026-08-05,PNB,2026-08-05,SAME_SYMBOL_LOCKOUT
UPPER|RKFORGE|2026-08-05,RKFORGE,2026-08-05,SAME_SYMBOL_LOCKOUT
UPPER|TMCV|2026-08-05,TMCV,2026-08-05,SAME_SYMBOL_LOCKOUT
UPPER|360ONE|2026-08-06,360ONE,2026-08-06,SAME_SYMBOL_LOCKOUT
UPPER|AFFLE|2026-08-06,AFFLE,2026-08-06,SAME_SYMBOL_LOCKOUT
UPPER|ASTERDM|2026-08-06,ASTERDM,2026-08-06,SAME_SYMBOL_LOCKOUT
UPPER|CASTROLIND|2026-08-06,CASTROLIND,2026-08-06,SAME_SYMBOL_LOCKOUT
UPPER|ENDURANCE|2026-08-06,ENDURANCE,2026-08-06,SAME_SYMBOL_LOCKOUT
UPPER|HYUNDAI|2026-08-06,HYUNDAI,2026-08-06,SAME_SYMBOL_LOCKOUT
UPPER|LLOYDSME|2026-08-06,LLOYDSME,2026-08-06,SAME_SYMBOL_LOCKOUT
UPPER|MOTHERSON|2026-08-06,MOTHERSON,2026-08-06,SAME_SYMBOL_LOCKOUT
UPPER|PAYTM|2026-08-06,PAYTM,2026-08-06,SAME_SYMBOL_LOCKOUT
UPPER|PNBHOUSING|2026-08-06,PNBHOUSING,2026-08-06,SAME_SYMBOL_LOCKOUT
UPPER|RKFORGE|2026-08-06,RKFORGE,2026-08-06,SAME_SYMBOL_LOCKOUT
UPPER|THELEELA|2026-08-06,THELEELA,2026-08-06,SAME_SYMBOL_LOCKOUT
UPPER|AFFLE|2026-08-07,AFFLE,2026-08-07,SAME_SYMBOL_LOCKOUT
UPPER|ASTERDM|2026-08-07,ASTERDM,2026-08-07,SAME_SYMBOL_LOCKOUT
UPPER|CRAFTSMAN|2026-08-07,CRAFTSMAN,2026-08-07,SAME_SYMBOL_LOCKOUT
UPPER|EICHERMOT|2026-08-07,EICHERMOT,2026-08-07,SAME_SYMBOL_LOCKOUT
UPPER|HEROMOTOCO|2026-08-07,HEROMOTOCO,2026-08-07,SAME_SYMBOL_LOCKOUT
UPPER|LLOYDSME|2026-08-07,LLOYDSME,2026-08-07,SAME_SYMBOL_LOCKOUT
UPPER|MPHASIS|2026-08-07,MPHASIS,2026-08-07,SAME_SYMBOL_LOCKOUT
UPPER|PNB|2026-08-07,PNB,2026-08-07,SAME_SYMBOL_LOCKOUT
UPPER|ASHOKLEY|2026-08-10,ASHOKLEY,2026-08-10,SAME_SYMBOL_LOCKOUT
UPPER|ASTERDM|2026-08-10,ASTERDM,2026-08-10,SAME_SYMBOL_LOCKOUT
UPPER|BHARATFORG|2026-08-10,BHARATFORG,2026-08-10,SAME_SYMBOL_LOCKOUT
UPPER|EMCURE|2026-08-10,EMCURE,2026-08-10,SAME_SYMBOL_LOCKOUT
UPPER|LLOYDSME|2026-08-10,LLOYDSME,2026-08-10,SAME_SYMBOL_LOCKOUT
UPPER|PNBHOUSING|2026-08-10,PNBHOUSING,2026-08-10,SAME_SYMBOL_LOCKOUT
UPPER|SAILIFE|2026-08-10,SAILIFE,2026-08-10,SAME_SYMBOL_LOCKOUT
UPPER|UNOMINDA|2026-08-10,UNOMINDA,2026-08-10,SAME_SYMBOL_LOCKOUT
UPPER|APLAPOLLO|2026-08-11,APLAPOLLO,2026-08-11,SAME_SYMBOL_LOCKOUT
UPPER|BAJAJ-AUTO|2026-08-11,BAJAJ-AUTO,2026-08-11,SAME_SYMBOL_LOCKOUT
UPPER|BEML|2026-08-11,BEML,2026-08-11,SAME_SYMBOL_LOCKOUT
UPPER|CONCORDBIO|2026-08-11,CONCORDBIO,2026-08-11,SAME_SYMBOL_LOCKOUT
UPPER|EICHERMOT|2026-08-11,EICHERMOT,2026-08-11,SAME_SYMBOL_LOCKOUT
UPPER|HEROMOTOCO|2026-08-11,HEROMOTOCO,2026-08-11,SAME_SYMBOL_LOCKOUT
UPPER|ARE&M|2026-08-12,ARE&M,2026-08-12,SAME_SYMBOL_LOCKOUT
UPPER|BEML|2026-08-12,BEML,2026-08-12,SAME_SYMBOL_LOCKOUT
UPPER|ENDURANCE|2026-08-12,ENDURANCE,2026-08-12,SAME_SYMBOL_LOCKOUT
UPPER|POLYMED|2026-08-12,POLYMED,2026-08-12,SAME_SYMBOL_LOCKOUT
UPPER|PVRINOX|2026-08-12,PVRINOX,2026-08-12,SAME_SYMBOL_LOCKOUT
UPPER|TATAINVEST|2026-08-12,TATAINVEST,2026-08-12,SAME_SYMBOL_LOCKOUT
UPPER|ASHOKLEY|2026-08-13,ASHOKLEY,2026-08-13,SAME_SYMBOL_LOCKOUT
UPPER|AUROPHARMA|2026-08-13,AUROPHARMA,2026-08-13,SAME_SYMBOL_LOCKOUT
UPPER|BRITANNIA|2026-08-13,BRITANNIA,2026-08-13,SAME_SYMBOL_LOCKOUT
UPPER|ENDURANCE|2026-08-13,ENDURANCE,2026-08-13,SAME_SYMBOL_LOCKOUT
UPPER|INDIANB|2026-08-13,INDIANB,2026-08-13,SAME_SYMBOL_LOCKOUT
UPPER|JUBLFOOD|2026-08-13,JUBLFOOD,2026-08-13,SAME_SYMBOL_LOCKOUT
UPPER|PVRINOX|2026-08-13,PVRINOX,2026-08-13,SAME_SYMBOL_LOCKOUT
UPPER|UNIONBANK|2026-08-13,UNIONBANK,2026-08-13,SAME_SYMBOL_LOCKOUT
UPPER|VIJAYA|2026-08-13,VIJAYA,2026-08-13,SAME_SYMBOL_LOCKOUT
UPPER|3MINDIA|2026-08-14,3MINDIA,2026-08-14,SAME_SYMBOL_LOCKOUT
UPPER|AJANTPHARM|2026-08-14,AJANTPHARM,2026-08-14,SAME_SYMBOL_LOCKOUT
UPPER|DEVYANI|2026-08-14,DEVYANI,2026-08-14,SAME_SYMBOL_LOCKOUT
UPPER|HAL|2026-08-14,HAL,2026-08-14,SAME_SYMBOL_LOCKOUT
UPPER|HAVELLS|2026-08-14,HAVELLS,2026-08-14,SAME_SYMBOL_LOCKOUT
UPPER|JUBLFOOD|2026-08-14,JUBLFOOD,2026-08-14,SAME_SYMBOL_LOCKOUT
UPPER|UNIONBANK|2026-08-14,UNIONBANK,2026-08-14,SAME_SYMBOL_LOCKOUT
UPPER|ANTHEM|2026-08-17,ANTHEM,2026-08-17,SAME_SYMBOL_LOCKOUT
UPPER|APLAPOLLO|2026-08-17,APLAPOLLO,2026-08-17,SAME_SYMBOL_LOCKOUT
UPPER|HAVELLS|2026-08-17,HAVELLS,2026-08-17,SAME_SYMBOL_LOCKOUT
UPPER|MAZDOCK|2026-08-17,MAZDOCK,2026-08-17,SAME_SYMBOL_LOCKOUT
UPPER|PVRINOX|2026-08-17,PVRINOX,2026-08-17,SAME_SYMBOL_LOCKOUT
UPPER|SUMICHEM|2026-08-17,SUMICHEM,2026-08-17,SAME_SYMBOL_LOCKOUT
UPPER|UNIONBANK|2026-08-17,UNIONBANK,2026-08-17,SAME_SYMBOL_LOCKOUT
UPPER|AJANTPHARM|2026-08-18,AJANTPHARM,2026-08-18,SAME_SYMBOL_LOCKOUT
UPPER|UNIONBANK|2026-08-18,UNIONBANK,2026-08-18,SAME_SYMBOL_LOCKOUT
UPPER|WELSPUNLIV|2026-08-18,WELSPUNLIV,2026-08-18,SAME_SYMBOL_LOCKOUT
UPPER|BEML|2026-08-19,BEML,2026-08-19,SAME_SYMBOL_LOCKOUT
UPPER|CHENNPETRO|2026-08-19,CHENNPETRO,2026-08-19,SAME_SYMBOL_LOCKOUT
UPPER|HFCL|2026-08-19,HFCL,2026-08-19,SAME_SYMBOL_LOCKOUT
UPPER|LTFOODS|2026-08-19,LTFOODS,2026-08-19,SAME_SYMBOL_LOCKOUT
UPPER|PNBHOUSING|2026-08-19,PNBHOUSING,2026-08-19,SAME_SYMBOL_LOCKOUT
UPPER|ANANTRAJ|2026-08-20,ANANTRAJ,2026-08-20,SAME_SYMBOL_LOCKOUT
UPPER|LTFOODS|2026-08-20,LTFOODS,2026-08-20,SAME_SYMBOL_LOCKOUT
UPPER|PERSISTENT|2026-08-20,PERSISTENT,2026-08-20,SAME_SYMBOL_LOCKOUT
UPPER|PNBHOUSING|2026-08-20,PNBHOUSING,2026-08-20,SAME_SYMBOL_LOCKOUT
UPPER|SAILIFE|2026-08-20,SAILIFE,2026-08-20,SAME_SYMBOL_LOCKOUT
UPPER|TMCV|2026-08-20,TMCV,2026-08-20,SAME_SYMBOL_LOCKOUT
UPPER|ACMESOLAR|2026-08-21,ACMESOLAR,2026-08-21,SAME_SYMBOL_LOCKOUT
UPPER|APLAPOLLO|2026-08-21,APLAPOLLO,2026-08-21,SAME_SYMBOL_LOCKOUT
UPPER|HINDCOPPER|2026-08-21,HINDCOPPER,2026-08-21,SAME_SYMBOL_LOCKOUT
UPPER|ACMESOLAR|2026-08-24,ACMESOLAR,2026-08-24,SAME_SYMBOL_LOCKOUT
UPPER|AFFLE|2026-08-24,AFFLE,2026-08-24,SAME_SYMBOL_LOCKOUT
UPPER|APLAPOLLO|2026-08-24,APLAPOLLO,2026-08-24,SAME_SYMBOL_LOCKOUT
UPPER|EIDPARRY|2026-08-24,EIDPARRY,2026-08-24,SAME_SYMBOL_LOCKOUT
UPPER|HINDCOPPER|2026-08-24,HINDCOPPER,2026-08-24,SAME_SYMBOL_LOCKOUT
UPPER|MEESHO|2026-08-24,MEESHO,2026-08-24,SAME_SYMBOL_LOCKOUT
UPPER|NAM-INDIA|2026-08-24,NAM-INDIA,2026-08-24,SAME_SYMBOL_LOCKOUT
UPPER|NETWEB|2026-08-24,NETWEB,2026-08-24,SAME_SYMBOL_LOCKOUT
UPPER|PERSISTENT|2026-08-24,PERSISTENT,2026-08-24,SAME_SYMBOL_LOCKOUT
UPPER|POLICYBZR|2026-08-24,POLICYBZR,2026-08-24,SAME_SYMBOL_LOCKOUT
UPPER|HFCL|2026-08-25,HFCL,2026-08-25,SAME_SYMBOL_LOCKOUT
UPPER|KAYNES|2026-08-25,KAYNES,2026-08-25,SAME_SYMBOL_LOCKOUT
UPPER|MAZDOCK|2026-08-25,MAZDOCK,2026-08-25,SAME_SYMBOL_LOCKOUT
UPPER|MOTILALOFS|2026-08-25,MOTILALOFS,2026-08-25,SAME_SYMBOL_LOCKOUT
UPPER|POLICYBZR|2026-08-25,POLICYBZR,2026-08-25,SAME_SYMBOL_LOCKOUT
UPPER|SIEMENS|2026-08-25,SIEMENS,2026-08-25,SAME_SYMBOL_LOCKOUT
