Entry_ID,Symbol,Leader_Date,Signal_Date,Pullback_Age,Leader_Close,ATR14_Seed,ATR14_Signal,Pullback_Low,Pullback_Depth_ATR,Close,Prior_High,SMA20,SMA50,SMA200,Median_Traded_Value_20,RS21,RS63,RS126,Composite_RS,RS_Coverage,Resumption_Volume_Ratio,Seed_Membership_OK,Seed_RS_Coverage_OK,Seed_Liquidity_OK,Seed_Trend_OK,Seed_RS_OK,Signal_Membership_OK,Signal_RS_Coverage_OK,Signal_Liquidity_OK,Signal_Trend_OK,Signal_RS_OK,Age_OK,Depth_OK,Resumption_OK,Not_New_Leader_OK,Signal_Qualified,Signal_Rejection_Reason
360ONE-2024-01-08,360ONE,2023-12-29 00:00:00,2024-01-08 00:00:00,5,688.0885009765625,25.839293713235495,24.62283264006401,624.3057171657601,2.4684414565918,651.8350830078125,644.5650215332923,647.7614288330078,582.1755596923828,482.6302734375,351614167.3285217,56.93877551020409,86.3265306122449,73.26530612244898,73.59183673469389,0.9780439121756487,1.5572950739807636,True,True,True,True,True,True,True,True,True,True,True,True,True,True,True,
360ONE-2024-05-03,360ONE,2024-04-25 00:00:00,2024-05-03 00:00:00,5,818.8842163085938,41.69373219237298,37.323305803204924,750.3281330289548,1.6442779207993266,776.6597290039062,776.4636234247895,746.5257385253906,709.4836962890626,588.1720515441895,585211097.9763794,86.0655737704918,84.8360655737705,73.15573770491804,81.70081967213115,0.9740518962075848,0.9255005371371161,True,True,True,True,True,True,True,True,True,True,True,True,True,True,True,
360ONE-2024-07-05,360ONE,2024-06-28 00:00:00,2024-07-05 00:00:00,5,961.2261962890625,41.926252507003376,41.71179631676707,902.4335701462913,1.4022866969317236,946.0744018554688,930.3833356894341,850.2141510009766,799.2607470703125,655.6968765258789,423773101.64538574,87.0182555780933,88.84381338742394,71.19675456389453,83.00202839756592,0.9820717131474104,0.973074524492921,True,True,True,True,True,True,True,True,True,True,True,True,True,True,True,
360ONE-2024-07-15,360ONE,2024-07-10 00:00:00,2024-07-15 00:00:00,3,988.7345581054688,42.12605527467707,45.43639595390116,908.4158102644121,1.9066287435970308,968.336181640625,950.9288654217088,905.7017578125,820.8654528808594,669.0376194763184,611207260.9077454,96.55172413793103,87.0182555780933,85.39553752535497,89.39148073022312,0.9801192842942346,0.7306655549155207,True,True,True,True,True,True,True,True,True,True,True,True,True,True,True,
360ONE-2024-10-21,360ONE,2024-10-16 00:00:00,2024-10-21 00:00:00,3,1103.307861328125,46.628845137815176,47.36865391311685,1029.963839074524,1.5729324206256243,1086.2498779296875,1070.6669023400968,1030.7356018066407,1050.581767578125,835.4095944213867,820008083.3927612,81.0204081632653,77.9591836734694,81.63265306122449,79.9795918367347,0.98,1.549649299026259,True,True,True,True,True,True,True,True,True,True,True,True,True,True,True,
360ONE-2024-12-09,360ONE,2024-12-03 00:00:00,2024-12-09 00:00:00,4,1137.22705078125,41.90036200073218,39.940238020271984,1083.7920872310838,1.275286441421019,1119.4317626953125,1109.4526738355585,1074.4004211425781,1044.8971057128906,904.1659231567382,389781588.0377197,82.99595141700405,71.05263157894737,90.08097165991903,80.34412955465586,0.988,1.7320166473077185,True,True,True,True,True,True,True,True,True,True,True,True,True,True,True,
360ONE-2024-12-20,360ONE,2024-12-17 00:00:00,2024-12-20 00:00:00,3,1230.7752685546875,40.75961499583086,41.69776944886552,1175.865561367542,1.3471596135724513,1228.46484375,1219.026536996046,1148.8309326171875,1082.0086376953125,926.6585931396485,720697830.5355835,88.46153846153845,92.91497975708502,95.34412955465586,92.30769230769229,0.988,2.3661732037670773,True,True,True,True,True,True,True,True,True,True,True,True,True,True,True,
360ONE-2025-07-17,360ONE,2025-07-07 00:00:00,2025-07-17 00:00:00,8,1239.46435546875,48.03787712463822,40.19761236527654,1161.1199772190057,1.6308876024324173,1192.576416015625,1190.1034277710814,1179.9740356445313,1088.1033178710939,1043.038617553711,805454515.1503296,74.44668008048289,81.48893360160966,50.10060362173038,69.95975855130784,0.994,0.6951232013350604,True,True,True,True,True,True,True,True,True,False,True,True,True,True,False,RS_FAIL
360ONE-2025-12-30,360ONE,2025-12-24 00:00:00,2025-12-30 00:00:00,3,1189.0972900390625,33.27313254579181,34.06288018380745,1157.5802910212308,0.9472206734504716,1184.72265625,1181.1434724551868,1142.5475341796875,1127.355810546875,1055.5083081054688,537886511.7652588,68.27309236947792,92.16867469879519,60.8433734939759,75.60240963855422,0.9940119760479041,1.9876616641618865,True,True,True,True,True,True,True,True,True,True,True,True,True,True,True,
3MINDIA-2024-07-22,3MINDIA,2024-07-09 00:00:00,2024-07-22 00:00:00,8,38783.078125,1167.9789795732588,1170.0637693951624,35874.1971214798,2.4905251330661846,37210.4609375,37194.85591341118,37045.3490234375,33668.2584765625,30827.71294921875,241169913.10351562,71.6024340770791,87.2210953346856,47.05882352941176,70.4868154158215,0.9801192842942346,0.448307550926635,True,True,True,True,True,True,True,True,True,True,True,True,True,True,True,
3MINDIA-2025-11-26,3MINDIA,2025-11-17 00:00:00,2025-11-26 00:00:00,7,35614.22265625,914.3123974980756,778.5145914560259,34367.281964503934,1.3638015793706768,35012.9296875,34934.073507013316,34139.825,31138.5406640625,29170.47107421875,230665806.28710938,98.582995951417,88.8663967611336,84.0080971659919,90.3238866396761,0.9840637450199203,0.6989091463879777,True,True,True,True,True,True,True,True,True,True,True,True,True,True,True,
AADHARHFC-2025-07-28,AADHARHFC,2025-07-22 00:00:00,2025-07-28 00:00:00,4,519.5999755859375,15.650079100763529,17.23853149999077,494.95001220703125,1.5750695712268725,516.5499877929688,512.6500244140625,481.9999969482422,458.4229986572266,433.7299998474121,331022126.21569824,97.38430583501007,56.53923541247485,91.14688128772636,79.17505030181087,0.9920159680638723,9.712600738056231,True,True,True,True,True,True,True,True,True,True,True,True,True,True,True,
AARTIIND-2024-01-31,AARTIIND,2024-01-19 00:00:00,2024-01-31 00:00:00,6,676.1149291992188,24.564625504262956,23.7952403724519,627.4155012939531,1.9825023547301528,656.3961181640625,648.8273022479685,625.7921936035157,594.2451379394531,519.1436093139648,982885407.4659119,43.06122448979592,84.6938775510204,70.61224489795919,67.9795918367347,0.9780439121756487,0.9352541504561802,True,True,True,True,True,True,True,True,True,False,True,True,True,True,False,RS_FAIL
AARTIIND-2024-03-01,AARTIIND,2024-02-20 00:00:00,2024-03-01 00:00:00,8,701.0123901367188,24.537604269855304,22.64970318385347,640.2127981816802,2.47781288207225,670.4880981445312,658.2883653567455,667.5974792480469,642.307158203125,532.7995185852051,996927821.7599792,68.22810590631364,67.20977596741345,74.74541751527495,69.77596741344196,0.9800399201596807,0.6640041187620104,True,True,True,True,True,True,True,True,True,False,True,True,True,True,False,RS_FAIL
AARTIIND-2026-07-27,AARTIIND,2026-07-16 00:00:00,2026-07-27 00:00:00,7,504.75,15.628160376519974,15.386302606147117,469.0,2.2875373133303287,486.1000061035156,480.54998779296875,483.9925018310547,475.5960009765625,425.0170004272461,270522803.6126404,72.6,35.4,89.4,62.76,1.0,0.6383759455958202,True,True,True,True,True,True,True,True,True,False,True,True,True,True,False,RS_FAIL
AAVAS-2024-06-18,AAVAS,2024-06-12 00:00:00,2024-06-18 00:00:00,3,1907.449951171875,72.66147453457624,72.80671924352109,1822.1500244140625,1.1739360824176805,1900.449951171875,1868.0,1674.257501220703,1614.052001953125,1547.2722479248048,431809371.7429199,87.37270875763747,85.74338085539715,57.43380855397149,77.73930753564154,0.9780876494023905,1.5046402539692048,True,True,True,True,True,True,True,True,True,True,True,True,True,True,True,
AAVAS-2024-09-13,AAVAS,2024-09-06 00:00:00,2024-09-13 00:00:00,5,1875.8499755859375,51.626183883334356,56.48147072272281,1770.0,2.0503157046265303,1846.5,1811.0,1745.2024963378906,1736.0680029296875,1593.8395013427735,300733949.67529297,70.79107505070994,35.496957403651116,65.51724137931035,55.09127789046653,0.9820717131474104,2.1738365512836317,True,True,True,True,True,True,True,True,True,False,True,True,True,True,False,RS_FAIL
ABB-2024-05-30,ABB,2024-05-21 00:00:00,2024-05-30 00:00:00,7,8337.0712890625,245.61311365067291,214.3157002018126,7907.846028767495,1.7475665444536366,8059.486328125,8043.688418298427,7619.31123046875,6718.563232421875,4990.28703125,2655673278.463867,97.75510204081633,97.75510204081633,95.10204081632652,96.95918367346938,0.9780439121756487,0.8965512410460735,True,True,True,True,True,True,True,True,True,True,True,True,True,True,True,
ABB-2024-06-27,ABB,2024-06-14 00:00:00,2024-06-27 00:00:00,8,8796.0849609375,338.2998678460702,315.76632694650687,8031.254794193189,2.2608053961532035,8428.4931640625,8225.607122947127,8142.919677734375,7521.176591796875,5361.098181152343,3558515797.4379883,45.21384928716905,90.4276985743381,94.29735234215886,78.0244399185336,0.9780876494023905,1.5010302560266535,True,True,True,True,True,True,True,True,True,True,True,True,True,True,True,
ABB-2026-03-18,ABB,2026-03-12 00:00:00,2026-03-18 00:00:00,4,6308.626953125,192.93878099046995,190.95061649191774,6065.987365074808,1.2575988445898665,6238.24658203125,6238.246578781458,5999.249169921875,5533.70611328125,5344.837348632813,2229167280.320801,94.97991967871486,96.5863453815261,91.56626506024097,94.59839357429719,0.996,0.7639253107177024,True,True,True,True,True,True,True,True,True,True,True,True,True,True,True,
ABB-2026-08-25,ABB,2026-08-12 00:00:00,2026-08-25 00:00:00,9,7710.0,202.71286813251953,177.6921237966708,7391.5,1.571187872453104,7627.0,7566.5,7530.041259765625,7252.169736328125,6220.720671386719,1376128600.0,71.0,60.4,83.8,70.6,1.0,0.9731602251571022,True,True,True,True,True,True,True,True,True,True,True,True,True,True,True,
ABBOTINDIA-2025-03-17,ABBOTINDIA,2025-03-04 00:00:00,2025-03-17 00:00:00,8,30395.40234375,996.7815781492317,921.4901172267882,28483.059639447834,1.918517302308994,29081.234375,29020.089641713206,28950.609375,27706.58828125,27344.813984375,495605316.6904297,86.49193548387096,95.96774193548387,91.93548387096774,91.91532258064517,0.992,0.34106818384915555,True,True,True,True,True,True,True,True,True,True,True,True,True,True,True,
ABCAPITAL-2024-06-28,ABCAPITAL,2024-06-20 00:00:00,2024-06-28 00:00:00,6,243.02000427246094,9.33924617886918,8.269310852334094,232.75999450683594,1.0985907822880956,238.7100067138672,238.39999389648438,233.1405029296875,226.13420135498046,189.73505043029786,1724764378.3321915,47.96747967479675,83.73983739837398,81.30081300813008,72.27642276422763,0.9800796812749004,1.0598670666415249,True,True,True,True,True,True,True,True,True,True,True,True,True,True,True,
ABCAPITAL-2025-09-29,ABCAPITAL,2025-09-24 00:00:00,2025-09-29 00:00:00,3,291.95001220703125,7.355624549270786,7.994538067424759,277.70001220703125,1.937293006806975,289.8500061035156,287.95001220703125,286.59750213623045,278.02900146484376,219.6613503265381,1333896173.5685272,69.87951807228916,80.52208835341365,97.79116465863453,82.51004016064257,0.9940119760479041,1.7367462055864622,True,True,True,True,True,True,True,True,True,True,True,True,True,True,True,
ABCAPITAL-2025-10-15,ABCAPITAL,2025-10-06 00:00:00,2025-10-15 00:00:00,7,304.04998779296875,8.254336695242637,7.877462457530682,289.8999938964844,1.7142496628032733,303.5,302.3999938964844,294.0800018310547,286.50800170898435,225.56830039978027,1433627900.069809,81.54158215010142,88.64097363083164,95.53752535496957,88.58012170385396,0.9801192842942346,0.7206629510517663,True,True,True,True,True,True,True,True,True,True,True,True,True,True,True,
ABCAPITAL-2025-11-17,ABCAPITAL,2025-11-07 00:00:00,2025-11-17 00:00:00,6,338.1000061035156,9.34793901823336,8.422571106616775,322.6000061035156,1.6581195031083227,334.79998779296875,334.1499938964844,321.5074981689453,303.97600036621094,240.6789501953125,1145122826.5551453,87.4493927125506,93.7246963562753,96.96356275303644,92.81376518218623,0.9840637450199203,0.5836071279517351,True,True,True,True,True,True,True,True,True,True,True,True,True,True,True,
ABCAPITAL-2025-12-12,ABCAPITAL,2025-12-09 00:00:00,2025-12-12 00:00:00,3,364.04998779296875,8.171804502273064,8.59801548523831,353.25,1.3216160261744676,362.95001220703125,362.25,347.82250061035154,327.005,258.0064504241943,1271395420.6271362,97.17741935483872,96.37096774193549,98.38709677419355,97.21774193548389,0.9880478087649402,1.0087088755730182,True,True,True,True,True,True,True,True,True,True,True,True,True,True,True,
ABCAPITAL-2026-08-12,ABCAPITAL,2026-08-05 00:00:00,2026-08-12 00:00:00,5,424.70001220703125,11.347323316563878,10.915389721724898,401.0,2.0885993591489496,410.95001220703125,409.8999938964844,405.51750030517576,390.98900024414064,354.4522494506836,1267818334.6107025,59.199999999999996,71.6,70.8,67.64,1.0,0.7409347373597819,True,True,True,True,True,True,True,True,True,False,True,True,True,True,False,RS_FAIL
ABFRL-2024-05-10,ABFRL,2024-04-29 00:00:00,2024-05-10 00:00:00,8,268.8500061035156,10.66277163811869,10.570842157921176,244.0,2.3305390893563294,256.8500061035156,255.35000610351562,250.22250061035157,232.05100006103515,226.5495001220703,1002935435.4922485,85.45081967213115,60.65573770491803,46.31147540983606,63.790983606557376,0.9740518962075848,1.0243924450136814,True,True,True,True,True,True,True,True,True,False,True,True,True,True,False,RS_FAIL
ABFRL-2024-07-01,ABFRL,2024-06-18 00:00:00,2024-07-01 00:00:00,9,330.5,13.578164477311018,11.721322656117696,307.04998779296875,1.7270384554713558,322.5,321.25,316.7375,285.86099884033206,241.0454995727539,1468124041.3789978,56.09756097560976,93.90243902439023,77.03252032520325,77.5,0.9800796812749004,0.9594953985214284,True,True,True,True,True,True,True,True,True,True,True,True,True,True,True,
ABFRL-2024-07-15,ABFRL,2024-07-04 00:00:00,2024-07-15 00:00:00,7,334.20001220703125,11.735984889528982,10.88379633177241,315.04998779296875,1.6317356058585617,328.04998779296875,327.79998779296875,322.854997253418,300.027998046875,245.9914993286133,1511802087.188675,30.425963488843816,90.26369168356997,75.25354969574036,67.80933062880324,0.9801192842942346,1.3072495947964449,True,True,True,True,True,True,True,True,True,False,True,True,True,True,False,RS_FAIL
ABREL-2023-11-28,ABREL,2023-11-21 00:00:00,2023-11-28 00:00:00,4,1236.840576171875,34.178060502395745,36.390399673777,1172.2098284867868,1.8910010320965354,1227.53662109375,1198.3806058433322,1162.9232482910156,1124.206973876953,880.8719189453125,156721628.1973877,74.89795918367346,84.89795918367346,84.28571428571429,81.71428571428572,0.9780439121756487,2.137763411761758,True,True,True,True,True,True,True,True,True,True,True,True,True,True,True,
ABREL-2024-04-18,ABREL,2024-04-10 00:00:00,2024-04-18 00:00:00,4,1831.702392578125,75.08862234073968,77.13474063438204,1685.5740934424027,1.9460777755731935,1797.8197021484375,1795.8294134246278,1625.9859375,1513.5129907226562,1225.0937158203126,378238804.69348145,96.10655737704919,77.25409836065575,84.6311475409836,85.12295081967214,0.9740518962075848,1.4934068915619065,True,True,True,True,True,True,True,True,True,True,True,True,True,True,True,
ABREL-2024-06-03,ABREL,2024-05-24 00:00:00,2024-06-03 00:00:00,6,2214.71044921875,95.64890320337426,93.97876047058057,1990.2690470719515,2.346513076784353,2103.95751953125,2084.6528142978464,2059.7508239746094,1860.3955639648439,1388.2345593261718,568155911.6574707,68.9795918367347,92.85714285714286,88.9795918367347,84.53061224489797,0.9780439121756487,0.9440168120616768,True,True,True,True,True,True,True,True,True,True,True,True,True,True,True,
ABREL-2024-06-24,ABREL,2024-06-18 00:00:00,2024-06-24 00:00:00,4,2347.305419921875,123.17113894401618,119.08116643724337,2180.8279516564903,1.3515947785548377,2318.050048828125,2299.591224045216,2131.309912109375,2024.6562158203126,1467.9363763427734,583296264.9533691,66.80244399185335,95.11201629327903,94.90835030549898,86.55804480651732,0.9780876494023905,2.8951449567804484,True,True,True,True,True,True,True,True,True,True,True,True,True,True,True,
ABREL-2024-09-10,ABREL,2024-08-27 00:00:00,2024-09-10 00:00:00,10,2505.181640625,98.16682393658037,103.28801924752773,2275.9872509484953,2.3347438623925867,2478.40234375,2425.791462546549,2317.006384277344,2268.620048828125,1785.161419067383,831060505.5266113,86.61257606490872,73.22515212981745,95.53752535496957,83.93509127789048,0.9820717131474104,4.2049521399072445,True,True,True,True,True,True,True,True,True,True,True,True,True,True,True,
ABSLAMC-2024-11-14,ABSLAMC,2024-11-06 00:00:00,2024-11-14 00:00:00,6,783.497314453125,29.657146557529448,27.338549359563434,736.9735927289346,1.5687187448712534,760.8050537109375,755.9628630494398,740.5387878417969,712.9283862304687,583.3899043273926,273016780.9021301,92.90060851926978,89.65517241379311,95.53752535496957,92.39350912778906,0.986,1.064896037025112,True,True,True,True,True,True,True,True,True,True,True,True,True,True,True,
ABSLAMC-2025-08-04,ABSLAMC,2025-07-30 00:00:00,2025-08-04 00:00:00,3,858.633544921875,22.535753640191672,24.825744476449575,806.8316297869304,2.298654660590441,842.6344604492188,837.9517876836086,827.2001373291016,769.7581506347656,705.7548608398438,357359370.8076172,94.36619718309859,94.76861167002012,91.54929577464789,93.68209255533199,0.9920159680638723,1.1933762084462791,True,True,True,True,True,True,True,True,True,True,True,True,True,True,True,
ABSLAMC-2026-05-04,ABSLAMC,2026-04-17 00:00:00,2026-05-04 00:00:00,10,1042.1351318359375,44.26497866040935,42.09547018816927,972.3343390814548,1.5768852683738581,1014.3807373046875,1004.4788422675205,997.9060119628906,937.8016674804687,827.6656323242188,392135214.8942871,63.394683026584865,91.41104294478528,91.8200408997955,83.12883435582822,0.9702380952380952,0.7678579972837122,True,True,True,True,True,True,True,True,True,True,True,True,True,True,True,
ABSLAMC-2026-07-02,ABSLAMC,2026-06-23 00:00:00,2026-07-02 00:00:00,6,1169.6888427734375,43.367331888641274,44.753559831139626,1095.4491470612033,1.7118806363939336,1162.1771240234375,1156.0310425045936,1105.6046813964845,1050.2722619628905,875.3967135620118,473450568.7327881,90.2,76.6,93.0,85.6,1.0,0.6067966035649035,True,True,True,True,True,True,True,True,True,True,True,True,True,True,True,
ACC-2024-02-06,ACC,2024-01-31 00:00:00,2024-02-06 00:00:00,4,2512.323974609375,82.77239198869817,77.12221594223294,2438.216844747131,0.895312169694973,2496.475341796875,2491.7851262461977,2347.0991943359377,2196.2260131835938,1942.0953759765625,599417873.9676514,64.08163265306122,74.08163265306122,55.91836734693878,65.63265306122449,0.9780439121756487,0.7767671562809386,True,True,True,True,True,True,True,True,True,False,True,True,True,True,False,RS_FAIL
ACC-2024-03-01,ACC,2024-02-16 00:00:00,2024-03-01 00:00:00,9,2686.210205078125,76.20503730235455,72.98309920518936,2524.074222662307,2.1276281484191126,2661.573974609375,2628.544600999126,2592.658728027344,2399.72587890625,2021.4385827636718,980817023.170166,75.15274949083503,90.22403258655804,68.63543788187373,79.22606924643584,0.9800399201596807,0.7794961086927846,True,True,True,True,True,True,True,True,True,True,True,True,True,True,True,
ACE-2024-04-08,ACE,2024-04-01 00:00:00,2024-04-08 00:00:00,5,1600.4444580078125,100.28640057775519,87.77205154563833,1547.5912003907354,0.5270231787419506,1583.856201171875,1583.4576725361123,1389.210498046875,1229.3165026855468,860.5479646301269,760005698.9854736,92.40246406570843,99.17864476386036,98.76796714579056,97.02258726899385,0.9720558882235529,0.597378302563532,True,True,True,True,True,True,True,True,True,True,True,True,True,True,True,
ACE-2026-07-31,ACE,2026-07-28 00:00:00,2026-07-31 00:00:00,3,1077.5999755859375,38.24132804247227,37.525837473285115,1032.5999755859375,1.1767373755958814,1070.300048828125,1068.5,1012.7900085449219,967.7550036621094,933.1490029907227,287128305.8060303,74.6,87.4,79.0,81.04,1.0,1.0686824448231969,True,True,True,True,True,True,True,True,True,True,True,True,True,True,True,
ACE-2026-08-17,ACE,2026-08-05 00:00:00,2026-08-17 00:00:00,8,1137.800048828125,39.03242498444717,37.94676296205851,1062.300048828125,1.9342892487485386,1113.699951171875,1092.5,1074.5050048828125,1014.9750036621094,933.3795028686524,364194875.37854004,90.4,87.8,78.8,85.88,1.0,0.8304067392683318,True,True,True,True,True,True,True,True,True,True,True,True,True,True,True,
ACMESOLAR-2026-07-10,ACMESOLAR,2026-07-02 00:00:00,2026-07-10 00:00:00,6,393.25,14.690108560742512,14.14972901685688,361.5,2.1613182685965935,377.0,372.0,362.554997253418,329.1589990234375,270.21842796325683,565680724.375,77.0,90.60000000000001,97.39999999999999,88.56,1.0,0.9932289794997368,True,True,True,True,True,True,True,True,True,True,True,True,True,True,True,
ACUTAAS-2026-05-18,ACUTAAS,2026-05-13 00:00:00,2026-05-18 00:00:00,3,2827.800048828125,106.90987183068596,106.26163836648763,2702.800048828125,1.1692091465413366,2799.10009765625,2769.89990234375,2617.4200073242187,2423.4680029296874,1839.1234063720703,1051231208.9938965,96.76113360323887,97.57085020242914,99.19028340080972,97.81376518218623,0.9801587301587301,0.930165651361424,True,True,True,True,True,True,True,True,True,True,True,True,True,True,True,
ADANIENSOL-2025-11-11,ADANIENSOL,2025-11-03 00:00:00,2025-11-11 00:00:00,5,994.5499877929688,26.395025961806784,28.142115376911928,945.2000122070312,1.8696695224829933,989.2999877929688,972.5,955.4000061035156,892.3910046386719,842.8580020141602,1270550146.0387573,78.34008097165992,94.12955465587044,60.93117408906883,79.43319838056681,0.9821073558648111,1.2733650875145683,True,True,True,True,True,True,True,True,True,True,True,True,True,True,True,
ADANIENSOL-2025-11-26,ADANIENSOL,2025-11-18 00:00:00,2025-11-26 00:00:00,6,1026.6500244140625,27.93116515658634,26.348480219270243,965.75,2.1803610437533756,991.2000122070312,977.5,988.995004272461,940.4960034179687,855.7415023803711,1268360399.369934,81.78137651821862,94.33198380566802,74.08906882591093,84.49392712550608,0.9840637450199203,0.5049077072899385,True,True,True,True,True,True,True,True,True,True,True,True,True,True,True,
ADANIENSOL-2026-02-17,ADANIENSOL,2026-02-11 00:00:00,2026-02-17 00:00:00,4,1033.800048828125,38.05525903276983,37.08302934862085,972.2999877929688,1.6160725901825506,1030.199951171875,1007.5,953.3049987792969,974.8019970703125,906.5052505493164,1565593948.1464233,91.36546184738957,66.86746987951807,93.57429718875501,82.22891566265059,0.9940119760479041,0.8876778450576156,True,True,True,True,True,True,True,True,True,True,True,True,True,True,True,
ADANIENSOL-2026-05-04,ADANIENSOL,2026-04-27 00:00:00,2026-05-04 00:00:00,4,1435.800048828125,58.864173649571505,59.27427333503858,1308.0,2.171100703612023,1398.4000244140625,1377.0999755859375,1257.735009765625,1099.0980004882813,961.6115008544922,4592897555.654785,98.3640081799591,98.3640081799591,97.75051124744377,98.1799591002045,0.9702380952380952,1.0871836152222327,True,True,True,True,True,True,True,True,True,True,True,True,True,True,True,
ADANIENSOL-2026-06-02,ADANIENSOL,2026-05-27 00:00:00,2026-06-02 00:00:00,3,1540.0999755859375,65.95578002057799,60.49009181466324,1475.5,0.9794437358754989,1530.5999755859375,1524.0,1395.7900024414062,1263.7800048828126,1020.4012512207031,4451800882.574219,87.95180722891565,97.79116465863453,97.59036144578313,94.77911646586345,0.9880952380952381,0.8439346249865619,True,True,True,True,True,True,True,True,True,True,True,True,True,True,True,
ADANIENSOL-2026-06-18,ADANIENSOL,2026-06-09 00:00:00,2026-06-18 00:00:00,7,1579.199951171875,61.50302521355725,56.79577363446804,1460.800048828125,1.9251069672203838,1523.300048828125,1496.300048828125,1504.35,1393.202001953125,1063.5925003051757,4195738573.123169,86.37274549098196,95.39078156312625,95.19038076152304,92.625250501002,0.9900793650793651,0.6652955076102752,True,True,True,True,True,True,True,True,True,True,True,True,True,True,True,
ADANIENT-2023-12-26,ADANIENT,2023-12-15 00:00:00,2023-12-26 00:00:00,6,2987.81298828125,114.25346452903817,108.62421591151495,2721.368417468217,2.332048064462102,2861.631103515625,2843.805361125997,2760.254150390625,2467.089853515625,2304.8912396240235,9410872515.08252,97.95918367346938,63.6734693877551,45.51020408163266,68.51020408163265,0.9780439121756487,0.6167884596276658,True,True,True,True,True,True,True,True,True,False,True,True,True,True,False,RS_FAIL
ADANIENT-2024-02-14,ADANIENT,2024-02-07 00:00:00,2024-02-14 00:00:00,5,3225.545654296875,95.83283569773265,95.24703078344797,3087.9295894526877,1.4360011768643017,3202.926025390625,3189.7436823345943,3081.420556640625,2979.1954833984373,2513.4255554199217,7192241785.944458,63.06122448979592,87.95918367346938,61.836734693877546,72.6530612244898,0.9780439121756487,0.7398993659968569,True,True,True,True,True,True,True,True,True,True,True,True,True,True,True,
ADANIENT-2024-03-01,ADANIENT,2024-02-26 00:00:00,2024-03-01 00:00:00,4,3323.315185546875,87.03340385410455,86.54238349131741,3201.0785994141256,1.4044789784122023,3314.3271484375,3300.3460399377336,3228.8813232421876,3071.8228857421873,2594.753074951172,5323397401.544556,71.28309572301426,87.78004073319755,66.80244399185335,76.5376782077393,0.9800399201596807,0.6960781169205866,True,True,True,True,True,True,True,True,True,True,True,True,True,True,True,
ADANIENT-2026-06-18,ADANIENT,2026-06-05 00:00:00,2026-06-18 00:00:00,9,3046.837646484375,86.85843136631945,80.31808688467738,2886.199951171875,1.8494197141901123,3013.39990234375,2974.5,2939.3560302734377,2620.3105200195314,2347.351949462891,5233388623.261841,83.56713426853707,95.59118236472945,88.17635270541082,89.75951903807615,0.9900793650793651,1.014697552600014,True,True,True,True,True,True,True,True,True,True,True,True,True,True,True,
ADANIENT-2026-06-30,ADANIENT,2026-06-24 00:00:00,2026-06-30 00:00:00,3,3069.699951171875,84.13992940313332,79.05964699414388,2955.0,1.3632047469676585,3036.0,3020.0,2985.261608886719,2759.0009521484376,2377.0457849121094,5171981670.102173,57.199999999999996,98.0,90.4,83.48,1.0,1.2171768021677702,True,True,True,True,True,True,True,True,True,True,True,True,True,True,True,
ADANIENT-2026-07-10,ADANIENT,2026-07-03 00:00:00,2026-07-10 00:00:00,5,3212.10009765625,85.90562844246868,88.74690226893767,3026.800048828125,2.1570187214475838,3157.300048828125,3105.0,3059.5650024414062,2885.3592333984375,2406.5537841796877,6359444502.324463,64.60000000000001,96.39999999999999,92.0,85.54,1.0,1.0233319015283902,True,True,True,True,True,True,True,True,True,True,True,True,True,True,True,
ADANIGREEN-2024-01-23,ADANIGREEN,2024-01-10 00:00:00,2024-01-23 00:00:00,8,1723.25,74.61701626645183,73.21614570992577,1562.75,2.1509838912194827,1680.9000244140625,1619.1500244140625,1647.6525085449218,1392.2240087890625,1067.9677529907226,1747248338.0046997,77.75510204081633,99.38775510204081,90.61224489795919,90.26530612244898,0.9780439121756487,1.44942758629152,True,True,True,True,True,True,True,True,True,True,True,True,True,True,True,
ADANIGREEN-2024-03-01,ADANIGREEN,2024-02-27 00:00:00,2024-03-01 00:00:00,3,1979.5,75.33018867680617,80.22701144168731,1855.949951171875,1.6401133595748647,1969.550048828125,1947.3499755859375,1882.3075073242187,1736.2950048828125,1190.9407537841796,3227812481.914551,94.29735234215886,99.18533604887983,95.72301425661914,96.68024439918533,0.9800399201596807,0.5573583488179936,True,True,True,True,True,True,True,True,True,True,True,True,True,True,True,
ADANIGREEN-2026-05-19,ADANIGREEN,2026-05-14 00:00:00,2026-05-19 00:00:00,3,1414.9000244140625,53.21174110364482,58.52168181024958,1312.4000244140625,1.9262666072202457,1377.800048828125,1374.9000244140625,1306.332501220703,1081.9330029296875,1016.5612496948243,5935994214.131714,96.76113360323887,97.36842105263158,91.29554655870446,95.36437246963563,0.9801587301587301,1.8515597329524869,True,True,True,True,True,True,True,True,True,True,True,True,True,True,True,
ADANIGREEN-2026-06-18,ADANIGREEN,2026-06-09 00:00:00,2026-06-18 00:00:00,7,1534.5,54.23954140541699,48.868047411389,1450.4000244140625,1.5505288836667468,1506.800048828125,1489.699951171875,1467.235009765625,1341.0610034179688,1071.445249938965,4047243080.5,81.3627254509018,98.99799599198397,93.5871743486974,92.08416833667336,0.9900793650793651,0.719064263867808,True,True,True,True,True,True,True,True,True,True,True,True,True,True,True,
ADANIGREEN-2026-07-01,ADANIGREEN,2026-06-22 00:00:00,2026-07-01 00:00:00,6,1549.9000244140625,48.99183841789568,45.8012914679159,1469.300048828125,1.6451714854712625,1535.0,1508.5,1500.2849975585937,1413.292001953125,1097.7124996948241,3709053095.4385986,62.6,99.2,95.19999999999999,87.02000000000001,1.0,1.0389167742340761,True,True,True,True,True,True,True,True,True,True,True,True,True,True,True,
ADANIGREEN-2026-07-21,ADANIGREEN,2026-07-14 00:00:00,2026-07-21 00:00:00,5,1604.5,53.04834259074003,50.98690080153771,1498.0,2.007602778877211,1541.9000244140625,1539.800048828125,1532.5299865722657,1483.7519970703124,1132.9807489013672,3486749844.4815674,46.800000000000004,90.8,96.2,79.22,1.0,0.7941536327987259,True,True,True,True,True,True,True,True,True,True,True,True,True,True,True,
ADANIPORTS-2024-02-09,ADANIPORTS,2024-02-06 00:00:00,2024-02-09 00:00:00,3,1256.229248046875,38.971505163156394,38.156285626287506,1215.7724857710969,1.0381113612729003,1254.650390625,1247.7431416323502,1187.0483093261719,1089.5901538085936,838.7791415405273,5512495501.582947,64.89795918367346,91.22448979591836,83.6734693877551,81.06122448979592,0.9780439121756487,0.7783257115724167,True,True,True,True,True,True,True,True,True,True,True,True,True,True,True,
ADANIPORTS-2024-05-31,ADANIPORTS,2024-05-23 00:00:00,2024-05-31 00:00:00,6,1424.22314453125,40.14074020908246,43.298235034499136,1355.4468131957392,1.7133797477892325,1418.3521728515625,1394.9167448116589,1333.5360778808595,1316.8067333984375,1057.1182485961915,4534855158.135559,83.26530612244898,67.3469387755102,92.65306122448979,79.71428571428571,0.9780439121756487,2.370243905315894,True,True,True,True,True,True,True,True,True,True,True,True,True,True,True,
ADANIPORTS-2025-11-26,ADANIPORTS,2025-11-14 00:00:00,2025-11-26 00:00:00,8,1506.3515625,28.93747715411087,26.69441211651228,1460.9429472664233,1.5691974456427673,1499.8787841796875,1486.1368130817598,1469.3076965332032,1438.7763525390626,1327.8821545410156,2929005349.977417,86.03238866396761,82.5910931174089,65.78947368421053,78.582995951417,0.9840637450199203,1.991805963046647,True,True,True,True,True,True,True,True,True,True,True,True,True,True,True,
ADANIPORTS-2025-12-05,ADANIPORTS,2025-12-01 00:00:00,2025-12-05 00:00:00,4,1524.076904296875,26.508150489885736,25.767160816955048,1482.3526437524984,1.5740162845497903,1503.0654296875,1502.7666834992024,1491.6584838867188,1451.7496801757814,1340.9926428222657,2813860959.501465,84.4758064516129,85.48387096774194,62.298387096774185,78.2258064516129,0.9880478087649402,0.604459300482883,True,True,True,True,True,True,True,True,True,True,True,True,True,True,True,
ADANIPORTS-2026-02-17,ADANIPORTS,2026-02-05 00:00:00,2026-02-17 00:00:00,8,1563.6102294921875,45.315796517534395,41.45373651261236,1489.024682977,1.6459061132540707,1559.7266845703125,1539.0139586663463,1469.496875,1468.5249731445313,1422.1354217529297,3528377003.8029175,87.14859437751004,77.51004016064257,85.34136546184739,82.75100401606426,0.9940119760479041,1.2613065816734463,True,True,True,True,True,True,True,True,True,True,True,True,True,True,True,
ADANIPORTS-2026-05-21,ADANIPORTS,2026-05-15 00:00:00,2026-05-21 00:00:00,4,1787.56640625,51.70722409495402,48.347678908027255,1736.9796083602193,0.9783313410304944,1785.7740478515625,1770.3390162895837,1713.4886108398437,1540.1750244140626,1463.17353515625,5306812017.188965,90.30303030303031,81.61616161616162,85.05050505050505,85.25252525252526,0.9821428571428571,0.536532967457514,True,True,True,True,True,True,True,True,True,True,True,True,True,True,True,
ADANIPORTS-2026-06-12,ADANIPORTS,2026-06-09 00:00:00,2026-06-12 00:00:00,3,1818.735107421875,42.193783847275995,42.05256113739098,1774.222613688611,1.0549538267148706,1812.9000244140625,1812.7602726544392,1794.8427490234376,1679.5603979492187,1499.591256713867,3808091786.967407,64.85943775100401,87.75100401606426,81.12449799196787,78.89558232931726,0.9880952380952381,1.0733339686250496,True,True,True,True,True,True,True,True,True,True,True,True,True,True,True,
ADANIPORTS-2026-06-30,ADANIPORTS,2026-06-18 00:00:00,2026-06-30 00:00:00,7,1842.0999755859375,39.41347317868411,37.06704735255706,1770.5,1.8166370484867784,1810.199951171875,1809.5,1807.6987426757812,1759.8759790039062,1528.5636694335938,3925358875.1326294,45.2,83.0,80.80000000000001,71.0,1.0,1.003410771793698,True,True,True,True,True,True,True,True,True,True,True,True,True,True,True,
ADANIPOWER-2023-09-21,ADANIPOWER,2023-09-11 00:00:00,2023-09-21 00:00:00,7,79.68000030517578,3.5752977781839532,3.4210629114693094,72.87999725341797,1.9019403343829517,76.48999786376953,74.76000213623047,70.92200050354003,60.88680015563965,50.62245015144348,6968659932.991123,83.02658486707567,94.88752556237219,96.11451942740287,91.69734151329243,0.9760479041916168,1.2820457755880317,True,True,True,True,True,True,True,True,True,True,True,True,True,True,True,
ADANIPOWER-2023-11-24,ADANIPOWER,2023-11-09 00:00:00,2023-11-24 00:00:00,10,80.22000122070312,3.60292480176586,2.856068588898531,76.01000213623047,1.1684948524069272,79.44000244140625,78.0999984741211,76.76650009155273,73.72419998168945,54.02015015602112,5052019365.565395,94.89795918367348,83.26530612244898,83.87755102040816,86.9387755102041,0.9780439121756487,0.7023640263225668,True,True,True,True,True,True,True,True,True,True,True,True,True,True,True,
ADANIPOWER-2023-12-01,ADANIPOWER,2023-11-28 00:00:00,2023-12-01 00:00:00,3,89.23999786376953,3.6120633191209017,4.025533209904432,83.41999816894531,1.6112673507176174,88.08000183105469,87.31999969482422,79.87500038146973,74.64920013427735,55.021750173568726,5447302271.787624,88.57142857142857,89.59183673469387,91.02040816326532,89.71428571428572,0.9780439121756487,1.0037926705526443,True,True,True,True,True,True,True,True,True,True,True,True,True,True,True,
ADANIPOWER-2023-12-14,ADANIPOWER,2023-12-07 00:00:00,2023-12-14 00:00:00,5,112.4800033569336,5.7118555124869745,5.642940925932879,99.5999984741211,2.254959855804278,105.79000091552734,104.0,92.13850059509278,80.01180023193359,58.329250173568724,5264679089.789486,98.16326530612245,91.83673469387756,94.48979591836735,94.53061224489795,0.9780439121756487,0.26704389552942204,True,True,True,True,True,True,True,True,True,True,True,True,True,True,True,
ADANIPOWER-2024-02-07,ADANIPOWER,2024-01-29 00:00:00,2024-02-07 00:00:00,7,114.08999633789062,4.256009040694623,3.9882084761382735,109.0,1.1959552456824403,113.94000244140625,110.9800033569336,108.60250053405761,104.85180038452148,71.0281001853943,819363047.4035072,49.183673469387756,85.10204081632654,94.08163265306122,77.0204081632653,0.9780439121756487,1.8473104767651785,True,True,True,True,True,True,True,True,True,True,True,True,True,True,True,
ADANIPOWER-2024-05-30,ADANIPOWER,2024-05-23 00:00:00,2024-05-30 00:00:00,5,142.27000427246094,5.435580891574043,5.281884356620057,133.2100067138672,1.6667947252221176,139.67999267578125,136.8000030517578,128.69199981689454,120.70879974365235,96.42620008468629,3517506306.64711,92.85714285714286,85.3061224489796,92.85714285714286,89.83673469387756,0.9780439121756487,1.605693478472103,True,True,True,True,True,True,True,True,True,True,True,True,True,True,True,
ADANIPOWER-2025-08-25,ADANIPOWER,2025-08-19 00:00:00,2025-08-25 00:00:00,4,121.19999694824219,3.1711204673970506,3.0064859311696934,118.0199966430664,1.0028002208903843,121.12999725341797,120.58999633789062,117.50699996948242,116.76680053710938,108.12140022277832,1514031964.1661072,79.07444668008048,75.45271629778671,68.81287726358148,74.54728370221328,0.9920159680638723,1.0237155128806763,True,True,True,True,True,True,True,True,True,True,True,True,True,True,True,
AEGISLOG-2024-02-28,AEGISLOG,2024-02-20 00:00:00,2024-02-28 00:00:00,6,453.8127746582031,21.18292231049548,21.707057310760955,406.4891839876587,2.234044480590719,434.3523864746094,420.00456369384256,403.10642700195314,373.7706726074219,345.1192282104492,310178472.3247833,96.13034623217924,76.78207739307535,49.287169042769854,74.33808553971487,0.9800399201596807,2.933548763457017,True,True,True,True,True,True,True,True,True,True,True,True,True,True,True,
AEGISLOG-2024-04-04,AEGISLOG,2024-03-28 00:00:00,2024-04-04 00:00:00,4,437.4374084472656,22.53989904314671,20.01818178371601,420.83706658812173,0.7364869659516622,430.04315185546875,426.0277234436846,399.6286911010742,398.7940423583984,351.7129103088379,330636117.7327881,48.870636550308014,84.39425051334702,67.35112936344969,68.62422997946612,0.9720558882235529,1.023829197345984,True,True,True,True,True,True,True,True,True,False,True,True,True,True,False,RS_FAIL
AEGISLOG-2026-08-18,AEGISLOG,2026-08-06 00:00:00,2026-08-18 00:00:00,8,1400.0,77.97858195709105,72.48604869428279,1241.5,2.032609416868046,1367.699951171875,1298.9000244140625,1321.0150085449218,1228.0352795410156,834.7370886230469,1187034146.3399048,42.199999999999996,100.0,98.8,82.3,1.0,3.4199001915910783,True,True,True,True,True,True,True,True,True,True,True,True,True,True,True,
AEGISVOPAK-2026-08-03,AEGISVOPAK,2026-07-27 00:00:00,2026-08-03 00:00:00,5,303.489990234375,15.102349165628514,14.000852952713133,285.5299987792969,1.1892183962977978,301.79998779296875,295.4700012207031,288.18127899169923,247.37635284423828,231.440344619751,597287810.4568939,94.6,99.2,83.6,93.14,1.0,0.9894869875022174,True,True,True,True,True,True,True,True,True,True,True,True,True,True,True,
AFFLE-2024-08-16,AFFLE,2024-08-09 00:00:00,2024-08-16 00:00:00,4,1595.199951171875,65.40337908828354,62.99004247355018,1467.0,1.9601426250290015,1554.5,1529.949951171875,1473.9999877929688,1376.457998046875,1194.6464978027343,906824509.2615967,90.06085192697769,94.11764705882352,79.71602434077079,88.58012170385396,0.9801192842942346,0.6957370041617333,True,True,True,True,True,True,True,True,True,True,True,True,True,True,True,
AFFLE-2024-09-05,AFFLE,2024-08-26 00:00:00,2024-09-05 00:00:00,8,1701.050048828125,61.71349938486019,53.55933324051518,1590.0,1.799445015029698,1628.5,1625.0,1605.1449890136719,1488.108994140625,1235.5334973144531,571580793.5828857,71.39959432048681,92.69776876267748,83.36713995943205,83.50912778904664,0.9820717131474104,0.5465880705128833,True,True,True,True,True,True,True,True,True,True,True,True,True,True,True,
AFFLE-2024-12-23,AFFLE,2024-12-16 00:00:00,2024-12-23 00:00:00,5,1852.449951171875,63.94234152801304,70.97446774225463,1700.050048828125,2.3833957077875203,1792.050048828125,1785.75,1751.0699951171875,1632.0130029296874,1394.7612496948243,752337772.2559204,88.05668016194332,92.3076923076923,94.12955465587044,91.57894736842105,0.988,2.6220439498620807,True,True,True,True,True,True,True,True,True,True,True,True,True,True,True,
AFFLE-2025-06-26,AFFLE,2025-06-16 00:00:00,2025-06-26 00:00:00,8,1961.0999755859375,66.80538669091126,57.390288374191506,1884.5,1.1466137594613874,1956.5999755859375,1952.0,1877.9299926757812,1727.2819995117188,1620.0047521972656,579385805.4645996,91.12903225806451,85.28225806451613,70.76612903225806,82.68145161290323,0.9860834990059643,1.046779163141174,True,True,True,True,True,True,True,True,True,True,True,True,True,True,True,
AIAENG-2023-08-18,AIAENG,2023-08-14 00:00:00,2023-08-18 00:00:00,3,3577.77001953125,98.07449737325805,99.53680640814994,3464.9376743571765,1.1504758953252552,3576.930908203125,3575.203591462386,3477.4990844726562,3348.774228515625,2864.3342858886717,252061821.27172852,58.19672131147541,80.12295081967213,68.23770491803278,69.97950819672131,0.9721115537848606,1.0578899784407816,True,True,True,True,True,True,True,True,True,False,True,True,True,True,False,RS_FAIL
AIAENG-2025-11-25,AIAENG,2025-11-20 00:00:00,2025-11-25 00:00:00,3,3839.60009765625,92.31007484636011,105.61814824814938,3652.5,2.026865409519572,3825.5,3799.0,3535.084997558594,3329.4619921875,3275.7028295898435,295797728.36364746,96.5587044534413,95.34412955465586,77.93522267206477,90.48582995951418,0.9840637450199203,0.6697708855121672,True,True,True,True,True,True,True,True,True,True,True,True,True,True,True,
AIAENG-2026-05-07,AIAENG,2026-04-23 00:00:00,2026-05-07 00:00:00,9,4079.60009765625,131.63775433790343,118.27569800884294,3844.199951171875,1.7882418890261675,4005.5,3957.0,3926.7150268554688,3781.93001953125,3569.9555712890624,121559100.37939453,31.901840490797547,31.901840490797547,83.43558282208589,47.361963190184056,0.9702380952380952,0.5780578057805781,True,True,True,True,True,True,True,True,True,False,True,True,True,True,False,RS_FAIL
AIAENG-2026-06-15,AIAENG,2026-06-05 00:00:00,2026-06-15 00:00:00,6,4630.7001953125,136.94576337199078,138.4171707324825,4290.5,2.4841965675739948,4469.2001953125,4387.5,4342.435034179687,4068.83802734375,3707.314753417969,267556623.53320312,93.5871743486974,75.55110220440882,79.95991983967936,82.28456913827655,0.9900793650793651,0.9549642684257595,True,True,True,True,True,True,True,True,True,True,True,True,True,True,True,
AIIL-2025-05-05,AIIL,2025-04-23 00:00:00,2025-05-05 00:00:00,7,372.8931884765625,18.500606995796407,18.529450183697026,340.9206207670819,1.7281902002861418,370.8936462402344,364.2551788845206,347.2726318359375,323.1415460205078,323.25631973266604,82839994.86221313,69.40451745379876,77.61806981519507,87.47433264887063,78.11088295687885,0.9720558882235529,3.943895733632013,True,True,True,True,True,True,True,False,False,True,True,True,True,True,False,LIQUIDITY_FAIL;TREND_FAIL
AIIL-2025-09-12,AIIL,2025-08-29 00:00:00,2025-09-12 00:00:00,10,646.5800170898438,25.56530661380975,22.57168079435204,600.0,1.8220011124248505,626.9600219726562,625.7999877929688,613.8310089111328,578.9944018554687,424.9017837524414,583711292.8010559,82.09255533199196,96.17706237424547,99.79879275653923,93.03822937625755,0.9920159680638723,0.3557601959411448,True,True,True,True,True,True,True,True,True,True,True,True,True,True,True,
AIIL-2026-08-13,AIIL,2026-08-07 00:00:00,2026-08-13 00:00:00,4,596.5999755859375,22.871935249013962,23.198373911220717,547.1500244140625,2.162036164998624,579.0999755859375,567.7999877929688,560.2649993896484,533.6730010986328,521.2378507995605,158407766.66201782,93.8,72.8,70.39999999999999,78.38,1.0,0.8721886500976873,True,True,True,True,True,True,True,True,True,True,True,True,True,True,True,
AJANTPHARM-2024-05-24,AJANTPHARM,2024-05-14 00:00:00,2024-05-24 00:00:00,7,2367.8154296875,77.68986561462079,61.58433560165821,2301.5369800675317,0.8531157712222265,2352.666015625,2348.1505775553655,2279.14560546875,2159.714807128906,1924.1715216064454,263028935.57739258,83.6734693877551,71.0204081632653,56.53061224489796,70.46938775510203,0.9780439121756487,0.5787471468425057,True,True,True,True,True,True,True,True,True,True,True,True,True,True,True,
AJANTPHARM-2026-05-19,AJANTPHARM,2026-05-14 00:00:00,2026-05-19 00:00:00,3,3229.61376953125,89.67615571928896,95.02714300363266,3121.405126064246,1.206660149502025,3218.713623046875,3199.687984781413,2949.177868652344,2892.6388525390626,2678.2990344238283,266565596.44848633,94.33198380566802,80.36437246963563,89.87854251012146,87.4089068825911,0.9801587301587301,1.4692446310470386,True,True,True,True,True,True,True,True,True,True,True,True,True,True,True,
AJANTPHARM-2026-07-13,AJANTPHARM,2026-06-30 00:00:00,2026-07-13 00:00:00,9,3391.629638671875,106.1478433393607,107.13945834882723,3225.253754913522,1.5673976834973464,3390.34130859375,3335.444343215368,3228.5188598632812,3114.030673828125,2785.7789196777344,280200501.3927002,73.8,76.2,78.4,76.14,1.0,1.4643569531408336,True,True,True,True,True,True,True,True,True,True,True,True,True,True,True,
ALKEM-2023-12-13,ALKEM,2023-12-07 00:00:00,2023-12-13 00:00:00,4,4760.09033203125,104.98863894746562,107.12164783552191,4557.984743032208,1.9250234218215936,4756.05078125,4685.956153716875,4488.934741210937,3969.4861767578127,3540.8068322753907,1178759550.0778809,75.10204081632654,93.26530612244898,73.46938775510205,81.87755102040816,0.9780439121756487,1.1941529320923085,True,True,True,True,True,True,True,True,True,True,True,True,True,True,True,
ALKYLAMINE-2025-07-15,ALKYLAMINE,2025-07-07 00:00:00,2025-07-15 00:00:00,6,2384.539306640625,86.46107618452776,84.13565517464265,2185.164884389208,2.3059442589623362,2293.1552734375,2256.8602662137678,2236.782122802734,2002.2118383789064,1889.8214233398437,284213391.79296875,96.37826961770624,85.3118712273642,89.93963782696177,90.02012072434607,0.994,0.35180672421223924,True,True,True,True,True,True,True,True,True,True,True,True,True,True,True,
AMBER-2023-09-15,AMBER,2023-09-07 00:00:00,2023-09-15 00:00:00,6,3043.35009765625,112.02038513594721,111.2683417856935,2797.35009765625,2.1960288719009133,2974.60009765625,2947.0,2924.2800048828126,2603.216005859375,2126.1360003662107,482287700.7988281,42.535787321063395,90.1840490797546,79.95910020449898,72.82208588957056,0.9760479041916168,0.9171826625386997,True,True,True,True,True,True,True,True,True,True,True,True,True,True,True,
AMBER-2024-09-12,AMBER,2024-09-05 00:00:00,2024-09-12 00:00:00,5,4690.60009765625,143.16493734980506,140.5629895911858,4378.0498046875,2.1831483235666402,4501.7001953125,4448.7001953125,4382.7349853515625,4374.843999023437,3852.994991455078,418946746.87841797,75.86206896551724,57.606490872210955,54.96957403651116,62.2920892494929,0.9820717131474104,0.6593481954594772,True,True,True,True,True,True,True,True,True,False,True,True,True,True,False,RS_FAIL
AMBER-2024-09-30,AMBER,2024-09-23 00:00:00,2024-09-30 00:00:00,5,4994.64990234375,188.49522163963243,229.81968468008264,4536.0498046875,2.4329534386447604,4809.10009765625,4746.5498046875,4582.8875,4404.629995117188,3939.8359924316405,437083074.234375,79.55010224948876,57.46421267893661,60.53169734151329,65.01022494887526,0.978,3.756224637533392,True,True,True,True,True,True,True,True,True,False,True,True,True,True,False,RS_FAIL
AMBER-2024-10-08,AMBER,2024-10-03 00:00:00,2024-10-08 00:00:00,3,5163.85009765625,247.22005466755212,247.15588401936705,4800.0,1.4717661079135975,5064.7998046875,5051.0,4693.9625,4471.8789892578125,3987.1314916992187,1466256997.0490723,94.88752556237219,75.66462167689161,75.66462167689161,81.43149284253579,0.978,1.4525200273839654,True,True,True,True,True,True,True,True,True,True,True,True,True,True,True,
AMBER-2024-11-01,AMBER,2024-10-23 00:00:00,2024-11-01 00:00:00,7,6408.0498046875,395.2379693585115,386.83784472619044,5910.0,1.2601264131982475,6160.9501953125,6055.9501953125,5680.8349609375,5016.26998046875,4220.246740722656,3355986503.4125977,98.77551020408163,97.95918367346938,94.28571428571428,97.10204081632652,0.98,0.2635709714578267,True,True,True,True,True,True,True,True,True,True,True,True,True,True,True,
AMBER-2025-01-02,AMBER,2024-12-26 00:00:00,2025-01-02 00:00:00,4,7867.7001953125,327.8440432635892,344.2151401483669,7120.89990234375,2.277913258800059,7544.39990234375,7449.0,6504.0875,6308.52001953125,4716.675246582031,2469076300.107422,98.98785425101214,100.0,97.36842105263158,98.90688259109311,0.988,0.644620526020983,True,True,True,True,True,True,True,True,True,True,True,True,True,True,True,
AMBER-2025-03-27,AMBER,2025-03-20 00:00:00,2025-03-27 00:00:00,5,7248.5,330.7803512960398,330.9935172491859,6728.2998046875,1.572645392249839,7131.2998046875,6992.4501953125,6445.5899658203125,6432.412958984375,5573.131735839844,3583032473.274414,94.16498993963782,69.21529175050301,100.0,85.93561368209255,0.994,1.022254357752918,True,True,True,True,True,True,True,True,True,True,True,True,True,True,True,
AMBER-2025-10-01,AMBER,2025-09-25 00:00:00,2025-10-01 00:00:00,4,8438.5,204.58950521080214,217.94461574150662,7963.0,2.324166137016954,8241.5,8238.5,8094.075,7706.09,6921.529230957031,2538285439.0,87.4239350912779,90.46653144016227,61.86612576064908,80.973630831643,0.9840319361277445,0.4489931727613234,True,True,True,True,True,True,True,True,True,True,True,True,True,True,True,
AMBUJACEM-2024-02-06,AMBUJACEM,2024-01-29 00:00:00,2024-02-06 00:00:00,6,567.4755249023438,17.810463588520907,18.30208188411226,540.6881968375662,1.5040219437096696,560.06201171875,556.6519299028694,536.541616821289,509.4933734130859,445.2303704833984,1545686889.826294,51.02040816326531,72.85714285714285,52.244897959183675,60.12244897959184,0.9780439121756487,1.0399005611383012,True,True,True,True,True,True,True,True,True,False,True,True,True,True,False,RS_FAIL
AMBUJACEM-2024-02-14,AMBUJACEM,2024-02-09 00:00:00,2024-02-14 00:00:00,3,569.55126953125,18.22036312289262,18.34350939133108,546.1247909284089,1.2857306105720472,564.3123779296875,563.4228612293088,547.7482940673829,525.9492736816406,450.8740864562988,1730727336.3728027,74.6938775510204,80.61224489795919,55.10204081632652,71.18367346938776,0.9780439121756487,0.6720533839759839,True,True,True,True,True,True,True,True,True,True,True,True,True,True,True,
AMBUJACEM-2024-04-16,AMBUJACEM,2024-04-03 00:00:00,2024-04-16 00:00:00,8,627.6233520507812,17.087590502833073,17.154809874590736,586.6022526554361,2.4006368474562834,610.4241333007812,608.4966298515545,602.1260131835937,587.9317163085938,486.51273254394533,1542831670.3050842,57.58196721311475,76.84426229508196,73.97540983606558,70.20491803278688,0.9740518962075848,0.7811181140717111,True,True,True,True,True,True,True,True,True,True,True,True,True,True,True,
ANANDRATHI-2024-04-19,ANANDRATHI,2024-04-15 00:00:00,2024-04-19 00:00:00,3,1034.1636962890625,47.09640512017682,45.40070635850015,998.0347628128575,0.7671272018323716,1030.4334716796875,1025.1963483569994,931.7162963867188,914.0810473632813,576.7129457855225,307104681.845459,86.27049180327869,97.54098360655738,98.97540983606558,94.59016393442623,0.9740518962075848,1.4220640488077965,True,True,True,True,True,True,True,True,True,True,True,True,True,True,True,
ANANDRATHI-2025-08-04,ANANDRATHI,2025-07-29 00:00:00,2025-08-04 00:00:00,4,1338.9244384765625,43.11834054227426,42.424337428809736,1279.85486046424,1.3699408945112201,1319.5001220703125,1319.1017092846646,1252.7481994628906,1108.2646020507811,988.4029931640625,485811131.3125,99.59758551307847,98.99396378269618,96.98189134808854,98.57142857142857,0.9920159680638723,0.7627399857786206,True,True,True,True,True,True,True,True,True,True,True,True,True,True,True,
ANANDRATHI-2026-06-03,ANANDRATHI,2026-05-25 00:00:00,2026-06-03 00:00:00,6,1808.6500244140625,39.28242999041254,45.605704762790204,1715.3499755859375,2.375108893489946,1785.199951171875,1778.5,1781.1821411132812,1738.7435229492187,1555.8833239746093,692650503.401001,54.21686746987952,81.12449799196787,85.7429718875502,74.43775100401606,0.9880952380952381,1.736532305778479,True,True,True,True,True,True,True,True,True,True,True,True,True,True,True,
ANANTRAJ-2024-12-30,ANANTRAJ,2024-12-20 00:00:00,2024-12-30 00:00:00,5,844.89306640625,32.62023903103206,33.97409817037913,799.8713131069504,1.3801785221889329,842.0512084960938,828.8886443730424,775.4733367919922,730.8519592285156,542.3134553527832,845730286.5389099,98.98785425101214,92.71255060728745,99.39271255060729,96.5991902834008,0.988,0.8443322101281557,True,True,True,True,True,True,True,True,True,True,True,True,True,True,True,
ANANTRAJ-2026-08-12,ANANTRAJ,2026-08-04 00:00:00,2026-08-12 00:00:00,6,630.4000244140625,19.96281577944286,19.837576495286346,593.2999877929688,1.8584570949804744,614.6500244140625,613.0,608.6223785400391,568.1304541015625,541.573614654541,1649845278.5378418,75.2,90.2,61.4,77.06,1.0,0.6227925987009005,True,True,True,True,True,True,True,True,True,True,True,True,True,True,True,
ANGELONE-2023-09-08,ANGELONE,2023-09-04 00:00:00,2023-09-08 00:00:00,4,183.43865966796875,5.821650924715681,5.876241609699496,173.22645394656365,1.7541769256637187,179.12472534179688,177.33042663465824,171.6268409729004,162.01692535400392,131.8355672454834,592936024.6910095,60.940695296523515,76.07361963190185,90.79754601226993,75.95092024539878,0.9760479041916168,1.1082765056349149,True,True,True,True,True,True,True,True,True,True,True,True,True,True,True,
ANGELONE-2023-12-12,ANGELONE,2023-12-06 00:00:00,2023-12-12 00:00:00,4,301.6229553222656,12.672598066135274,12.225085961390757,282.236724390978,1.5297755701013716,294.3177185058594,291.53867043015407,288.23640899658204,246.716025390625,165.32787284851074,2149497895.2755737,74.08163265306122,98.36734693877551,97.75510204081633,90.89795918367346,0.9780439121756487,0.9932659730117577,True,True,True,True,True,True,True,True,True,True,True,True,True,True,True,
ANGELONE-2023-12-22,ANGELONE,2023-12-18 00:00:00,2023-12-22 00:00:00,4,322.09405517578125,13.244797954759894,13.379076669935884,299.9862654352232,1.6691677605103077,316.0511169433594,315.09115187715935,299.0330383300781,266.75678649902346,173.72860218048095,2027076761.6004944,70.61224489795919,99.38775510204081,97.34693877551021,90.14285714285714,0.9780439121756487,0.33421917349644537,True,True,True,True,True,True,True,True,True,True,True,True,True,True,True,
ANGELONE-2026-05-05,ANGELONE,2026-04-22 00:00:00,2026-05-05 00:00:00,8,327.576904296875,12.568756312545366,10.57944982667581,302.763671595935,1.9741995217277721,313.4306640625,312.5334486329772,302.4580993652344,259.4010479736328,250.35625869750976,2515732445.470337,92.63803680981594,83.23108384458078,91.20654396728017,88.44580777096115,0.9702380952380952,0.7538629902742919,True,True,True,True,True,True,True,True,True,True,True,True,True,True,True,
ANGELONE-2026-06-09,ANGELONE,2026-05-25 00:00:00,2026-06-09 00:00:00,10,345.3818664550781,11.797449034642398,12.10599982697426,318.5149374641985,2.2773507147169463,336.50927734375,333.86744809536714,328.6486083984375,307.71275329589844,258.5218730926514,2150517220.1377563,85.7429718875502,97.59036144578313,87.95180722891565,91.14457831325302,0.9880952380952381,0.5771708999462409,True,True,True,True,True,True,True,True,True,True,True,True,True,True,True,
APARINDS-2023-09-11,APARINDS,2023-08-28 00:00:00,2023-09-11 00:00:00,10,4987.0908203125,214.24450210124823,158.87095783393775,4792.001818047195,0.9105904718764223,4970.7880859375,4865.41285041553,4806.703796386719,4077.8634033203125,2709.226294555664,695710861.0686035,95.29652351738241,97.13701431492842,97.95501022494888,96.83026584867076,0.9760479041916168,1.1044011761793164,True,True,True,True,True,True,True,True,True,True,True,True,True,True,True,
APARINDS-2024-04-22,APARINDS,2024-04-05 00:00:00,2024-04-22 00:00:00,9,7258.3017578125,302.9104067225373,274.41255888431834,6680.7418057817995,1.906702243345965,7244.51904296875,7023.789905830603,6862.23544921875,6390.544345703125,5292.80542602539,732089477.628418,88.72950819672131,93.23770491803278,67.82786885245902,84.26229508196721,0.9740518962075848,1.1248746039251734,True,True,True,True,True,True,True,True,True,True,True,True,True,True,True,
APARINDS-2024-05-24,APARINDS,2024-05-14 00:00:00,2024-05-24 00:00:00,7,8204.8955078125,342.67943178800203,310.6338863228199,7642.501772535044,1.6411657167255354,7931.35595703125,7879.631756427535,7788.119360351562,7114.705751953125,5766.103175048828,890779456.2937012,59.795918367346935,88.57142857142857,71.22448979591837,74.73469387755102,0.9780439121756487,0.9594586865758319,True,True,True,True,True,True,True,True,True,True,True,True,True,True,True,
APARINDS-2024-07-15,APARINDS,2024-07-05 00:00:00,2024-07-15 00:00:00,6,8755.580078125,307.87264225522813,297.2369368452759,8430.019830752204,1.0574510453023773,8725.2470703125,8605.842775380655,8472.693798828124,8094.13060546875,6417.759426269531,578760580.5839844,48.88438133874239,72.41379310344827,86.20689655172413,69.49290060851926,0.9801192842942346,2.806654215850994,True,True,True,True,True,True,True,True,True,False,True,True,True,True,False,RS_FAIL
APARINDS-2024-12-18,APARINDS,2024-12-11 00:00:00,2024-12-18 00:00:00,5,10163.228515625,361.4700415460825,320.0408997622459,9764.339486457207,1.1035189180869909,9957.4462890625,9890.989988254425,9868.86083984375,9725.02630859375,8434.632836914063,732705087.1831055,79.1497975708502,66.39676113360325,77.93522267206477,73.68421052631578,0.988,1.0342733999186031,True,True,True,True,True,True,True,True,True,True,True,True,True,True,True,
APARINDS-2026-02-17,APARINDS,2026-02-03 00:00:00,2026-02-17 00:00:00,10,9759.0,397.2007400417804,302.28586834487214,9325.5,1.091387694681539,9556.0,9541.0,8585.775,8464.42,8392.982351074219,525236426.25,99.19678714859438,73.49397590361446,74.8995983935743,81.62650602409639,0.9940119760479041,0.44986499667792873,True,True,True,True,True,True,True,True,True,True,True,True,True,True,True,
APARINDS-2026-05-20,APARINDS,2026-05-11 00:00:00,2026-05-20 00:00:00,7,12843.0,463.1896870862653,502.26365536010644,11864.0,2.113604916721018,12676.0,12393.0,12395.775,11131.53,9321.8975,1180366815.0,83.23232323232324,94.74747474747474,95.75757575757575,91.59595959595958,0.9821428571428571,0.7373573370535608,True,True,True,True,True,True,True,True,True,True,True,True,True,True,True,
APARINDS-2026-08-18,APARINDS,2026-08-12 00:00:00,2026-08-18 00:00:00,4,18000.0,736.1016650067892,779.5738404378098,16199.0,2.4466729062260564,17214.0,16998.0,15392.65,15130.78,11294.52,2822228352.0,98.8,94.39999999999999,98.6,96.97999999999999,1.0,1.9052389850732827,True,True,True,True,True,True,True,True,True,True,True,True,True,True,True,
APLAPOLLO-2023-08-31,APLAPOLLO,2023-08-25 00:00:00,2023-08-31 00:00:00,4,1677.32373046875,55.488925948753,56.039889483658676,1590.7704400570763,1.5598299828619921,1658.5185546875,1628.1333793086892,1561.065692138672,1450.4115405273437,1233.394948120117,1361286281.0334473,66.25766871165644,93.66053169734151,69.73415132924336,78.26175869120654,0.9741035856573705,0.8348440518658458,True,True,True,True,True,True,True,True,True,True,True,True,True,True,True,
APLAPOLLO-2025-06-03,APLAPOLLO,2025-05-27 00:00:00,2025-06-03 00:00:00,5,1837.088134765625,40.397911488575055,37.566281727920504,1775.9016844662508,1.5145943947294989,1809.28515625,1806.9932412730193,1772.8672668457032,1639.24962890625,1523.8970050048829,1098300215.137085,72.61663286004057,74.64503042596348,91.88640973630832,79.20892494929006,0.9801192842942346,0.8552346549431148,True,True,True,True,True,True,True,True,True,True,True,True,True,True,True,
APLAPOLLO-2026-02-02,APLAPOLLO,2026-01-28 00:00:00,2026-02-02 00:00:00,3,2091.0,50.726662133665194,53.968173822304884,2032.0999755859375,1.1611255686183417,2079.300048828125,2070.699951171875,1964.919989013672,1859.6399975585937,1747.9527154541015,1177146107.3432617,94.16498993963782,96.37826961770624,95.37223340040242,95.41247484909456,0.9920159680638723,0.9815361436162546,True,True,True,True,True,True,True,True,True,True,True,True,True,True,True,
APLAPOLLO-2026-02-18,APLAPOLLO,2026-02-11 00:00:00,2026-02-18 00:00:00,5,2280.800048828125,54.6717105482213,51.58321426830231,2199.0,1.4962043076368734,2243.89990234375,2237.800048828125,2141.7599853515626,1976.049990234375,1785.0548022460937,2166055751.833374,93.77510040160642,98.79518072289156,95.38152610441767,96.26506024096385,0.9940119760479041,0.4921186906000152,True,True,True,True,True,True,True,True,True,True,True,True,True,True,True,
APLLTD-2024-03-01,APLLTD,2024-02-22 00:00:00,2024-03-01 00:00:00,6,1040.3031005859375,39.17953491621095,38.65768247456373,975.208840971951,1.6614352302342694,1016.6456298828125,997.372678266768,977.873291015625,886.9427844238281,733.4669421386719,160098883.05322266,84.31771894093686,88.59470468431772,71.4867617107943,82.17922606924643,0.9800399201596807,0.6217594039325257,True,True,True,True,True,True,True,True,True,True,True,True,True,True,True,
APLLTD-2024-08-01,APLLTD,2024-07-29 00:00:00,2024-08-01 00:00:00,3,1207.4676513671875,52.671267282722965,50.98268155169201,1138.2774996956134,1.3136223075891242,1181.5943603515625,1159.6679662800116,1053.8714599609375,947.2545581054687,876.2767056274414,362255767.5804138,98.17444219066938,75.05070993914808,55.98377281947262,76.26774847870183,0.9801192842942346,0.6990953664191204,True,True,True,True,True,True,True,True,True,True,True,True,True,True,True,
APOLLOHOSP-2025-09-03,APOLLOHOSP,2025-08-21 00:00:00,2025-09-03 00:00:00,8,7906.7861328125,147.11709252356818,131.73268299088986,7567.132932356685,2.3087269781477113,7716.759765625,7679.85225150921,7591.486279296875,7433.340458984375,6968.931726074219,3190455379.6518555,74.04426559356136,83.29979879275655,67.80684104627767,75.87525150905432,0.9920159680638723,0.7776909018288328,True,True,True,True,True,True,True,True,True,True,True,True,True,True,True,
APOLLOHOSP-2025-09-17,APOLLOHOSP,2025-09-10 00:00:00,2025-09-17 00:00:00,5,7909.27978515625,129.8250143492984,115.87247803231492,7776.611042896037,1.0219043142430402,7868.3818359375,7842.446587596506,7798.580981445312,7538.653740234375,7018.509372558594,2462742294.1875,35.2112676056338,82.49496981891348,67.80684104627767,63.903420523138834,0.9920159680638723,0.7841434202832946,True,True,True,True,True,True,True,True,True,False,True,True,True,True,False,RS_FAIL
APOLLOHOSP-2026-06-19,APOLLOHOSP,2026-06-09 00:00:00,2026-06-19 00:00:00,8,8514.0888671875,167.79725920327084,143.88218774886766,8372.254023802961,0.8452750900580489,8479.62890625,8454.65810206126,8339.06748046875,8037.533408203125,7586.616752929687,2748712862.529297,46.292585170340686,60.92184368737475,77.75551102204409,61.58316633266533,0.9940239043824701,0.9827726147178878,True,True,True,True,True,True,True,True,True,False,True,True,True,True,False,RS_FAIL
APOLLOHOSP-2026-07-20,APOLLOHOSP,2026-07-15 00:00:00,2026-07-20 00:00:00,3,8923.6123046875,140.84499995832635,142.0793857115332,8761.300737987349,1.1524127001184026,8894.6455078125,8881.660561214734,8749.389697265626,8463.357705078124,7691.140300292969,2618358305.756836,70.19999999999999,78.8,78.8,76.22,1.0,1.0704095766730364,True,True,True,True,True,True,True,True,True,True,True,True,True,True,True,
APOLLOHOSP-2026-07-28,APOLLOHOSP,2026-07-22 00:00:00,2026-07-28 00:00:00,4,8927.607421875,132.44718466647288,127.01266727272068,8733.832495264884,1.4630354514373287,8892.6474609375,8850.197029310899,8834.115966796875,8563.311328125,7731.16916015625,1868550574.3549805,62.4,80.80000000000001,81.2,75.4,1.0,0.796567279652443,True,True,True,True,True,True,True,True,True,True,True,True,True,True,True,
APOLLOTYRE-2024-12-02,APOLLOTYRE,2024-11-26 00:00:00,2024-12-02 00:00:00,4,507.9811706542969,14.99060198631752,13.59936805046559,492.78909436631375,1.0134400407568356,501.9238586425781,500.067613027982,480.75268707275393,493.3840631103516,488.3343933105469,528341478.5863342,65.58704453441295,77.32793522267207,58.2995951417004,68.09716599190284,0.988,0.6583117161993655,True,True,True,True,True,True,True,True,True,False,True,True,True,True,False,RS_FAIL
APOLLOTYRE-2024-12-13,APOLLOTYRE,2024-12-09 00:00:00,2024-12-13 00:00:00,4,536.4601440429688,13.464715777368486,12.395267728620945,524.2967275418409,0.9033548648365902,535.1900024414062,531.7217571660462,505.0599609375,493.79244140625,489.4214656066895,564885671.7267761,91.09311740890689,76.31578947368422,70.04048582995951,78.8663967611336,0.988,1.9467099071497542,True,True,True,True,True,True,True,True,True,True,True,True,True,True,True,
APOLLOTYRE-2025-11-03,APOLLOTYRE,2025-10-21 00:00:00,2025-11-03 00:00:00,8,508.6773376464844,11.913876985709063,12.753531907281095,490.8541147749188,1.496005279636922,503.0489501953125,502.35772822219377,489.26927795410154,478.36699951171875,445.7827813720703,360587067.5735626,80.32454361054768,82.75862068965517,43.6105476673428,70.28397565922921,0.9801192842942346,1.1424462937190418,True,True,True,True,True,True,True,True,True,True,True,True,True,True,True,
APOLLOTYRE-2025-11-10,APOLLOTYRE,2025-11-04 00:00:00,2025-11-10 00:00:00,3,515.7868041992188,13.186179999516616,13.964333341505128,491.24910723949864,1.8608647053672573,515.4412841796875,514.256339806307,496.21094970703126,482.56853759765625,447.1100262451172,361876202.34620667,80.36437246963563,90.68825910931174,57.48987854251012,77.63157894736842,0.9821073558648111,0.8788117481086655,True,True,True,True,True,True,True,True,True,True,True,True,True,True,True,
APTUS-2024-10-17,APTUS,2024-10-14 00:00:00,2024-10-17 00:00:00,3,378.094970703125,15.40618349234124,15.017416318177059,360.4832537143439,1.1431589788305636,375.66912841796875,372.46702325293694,355.99296112060546,327.2760803222656,321.52690338134767,575925154.2232819,97.55102040816327,86.53061224489797,57.75510204081633,81.20408163265306,0.98,1.2086880566564837,True,True,True,True,True,True,True,True,True,True,True,True,True,True,True,
ARE&M-2023-12-07,ARE&M,2023-12-01 00:00:00,2023-12-07 00:00:00,4,750.5697631835938,20.1884762714808,20.672350487985728,731.3469633405715,0.9521669483386067,746.8617553710938,745.2030484733418,666.3730865478516,634.1527453613281,605.7284387207031,471721186.3765564,90.81632653061224,79.59183673469387,54.48979591836734,75.42857142857142,0.9780439121756487,1.248507963099516,True,True,True,True,True,True,True,True,True,True,True,True,True,True,True,
ARE&M-2024-06-18,ARE&M,2024-06-07 00:00:00,2024-06-18 00:00:00,6,1367.2138671875,84.2300375855476,77.89095360731201,1289.0050478153148,0.9285145966218167,1337.6964111328125,1324.035564610485,1220.1247924804688,1090.897392578125,809.54625,4041736092.9851074,89.61303462321793,95.11201629327903,93.48268839103869,92.9735234215886,0.9780876494023905,1.0025187987401647,True,True,True,True,True,True,True,True,True,True,True,True,True,True,True,
ASAHIINDIA-2025-07-23,ASAHIINDIA,2025-07-17 00:00:00,2025-07-23 00:00:00,4,870.9802856445312,30.41438256366316,28.56735923041484,827.483657688565,1.4301335187363877,851.9754638671875,844.9920485239644,818.5448944091797,767.8214331054687,703.6648880004883,291108294.0649414,99.19517102615694,81.28772635814889,89.93963782696177,89.25553319919516,0.9920159680638723,0.5126541949187158,True,True,True,True,True,True,True,True,True,True,True,True,True,True,True,
ASAHIINDIA-2025-09-23,ASAHIINDIA,2025-09-18 00:00:00,2025-09-23 00:00:00,3,916.75,29.00078352432115,29.71205289224927,871.0999755859375,1.5740962438404007,916.25,890.7999877929688,864.4876556396484,851.1122766113281,735.7660479736328,165561726.90600586,67.46987951807229,97.59036144578313,91.36546184738957,86.6867469879518,0.9940119760479041,2.4864907864315096,True,True,True,True,True,True,True,True,True,True,True,True,True,True,True,
ASHOKLEY-2023-08-04,ASHOKLEY,2023-08-01 00:00:00,2023-08-04 00:00:00,3,85.12367248535156,1.8894568589703358,1.913308479180446,82.65130809214118,1.3085053418778267,84.33807373046875,84.3380641410364,81.74207382202148,75.73948272705078,68.49023370742798,1989504794.8848724,84.42622950819673,79.09836065573771,62.090163934426236,75.59426229508198,0.9721115537848606,0.7280070285968734,True,True,True,True,True,True,True,True,True,True,True,True,True,True,True,
ASHOKLEY-2024-05-31,ASHOKLEY,2024-05-28 00:00:00,2024-05-31 00:00:00,3,107.8582992553711,3.320657400497758,3.2577949800077124,103.79310428043955,1.224213908463481,106.50322723388672,106.26549923216524,99.13120880126954,88.91173690795898,83.36541076660156,3427260821.2636337,93.06122448979592,90.61224489795919,62.04081632653061,82.77551020408164,0.9780439121756487,1.4163729712612785,True,True,True,True,True,True,True,True,True,True,True,True,True,True,True,
ASHOKLEY-2024-08-09,ASHOKLEY,2024-07-31 00:00:00,2024-08-09 00:00:00,7,122.23623657226562,3.631844205249078,3.7225463886891754,114.11061521436348,2.2373265202726063,120.33914184570312,118.6274759986933,114.25372047424317,112.00155654907226,90.13524063110351,2519145806.328125,89.4523326572008,81.54158215010142,89.24949290060852,86.22718052738335,0.9801192842942346,1.066743640645075,True,True,True,True,True,True,True,True,True,True,True,True,True,True,True,
ASHOKLEY-2025-07-21,ASHOKLEY,2025-07-14 00:00:00,2025-07-21 00:00:00,5,123.5159683227539,2.1731088071293305,2.3456711000211263,118.85268716365002,2.1459032073336757,121.88016510009766,121.5383416950295,121.58229484558106,117.97998123168945,107.62667095184327,1250287440.823143,63.17907444668008,65.99597585513078,78.67203219315896,68.95372233400403,0.9920159680638723,0.8189587475588819,True,True,True,True,True,True,True,True,True,False,True,True,True,True,False,RS_FAIL
ASHOKLEY-2025-09-02,ASHOKLEY,2025-08-19 00:00:00,2025-09-02 00:00:00,9,130.16175842285156,3.543845928350538,3.1838342484489357,122.90559495054103,2.047539204303916,127.3393783569336,125.50335735761904,123.03011093139648,121.73337615966797,110.21000389099122,1372568204.3382645,88.93360160965796,80.6841046277666,57.947686116700204,76.33802816901408,0.9920159680638723,1.3742274706057238,True,True,True,True,True,True,True,True,True,True,True,True,True,True,True,
ASHOKLEY-2025-09-17,ASHOKLEY,2025-09-08 00:00:00,2025-09-17 00:00:00,7,134.0779266357422,3.754700150447114,3.3406373807771987,129.16560805331042,1.3083118186805947,133.5701141357422,132.39818860543474,128.9693244934082,123.79908752441406,111.464658203125,1916968780.71904,54.72837022132797,86.31790744466801,80.88531187122736,75.21126760563381,0.9920159680638723,1.4138296639659995,True,True,True,True,True,True,True,True,True,True,True,True,True,True,True,
ASHOKLEY-2025-09-26,ASHOKLEY,2025-09-23 00:00:00,2025-09-26 00:00:00,3,140.6699981689453,3.45939432589207,3.455084707044528,135.7576935930741,1.41998977656428,138.609375,138.5800894183955,132.54662284851074,126.00279373168945,112.39056354522705,2084223868.1088028,90.16064257028113,90.16064257028113,90.36144578313254,90.22088353413655,0.9940119760479041,1.336474482246713,True,True,True,True,True,True,True,True,True,True,True,True,True,True,True,
ASHOKLEY-2025-12-11,ASHOKLEY,2025-12-03 00:00:00,2025-12-11 00:00:00,6,159.98089599609375,4.174139160121553,3.9688356767090127,152.94097736192353,1.6865558056682555,157.64080810546875,157.63097792633823,151.26218338012694,142.34700805664062,122.21718032836914,1991923663.8440247,100.0,95.16129032258065,95.96774193548387,96.85483870967741,0.9880478087649402,0.9132467850195128,True,True,True,True,True,True,True,True,True,True,True,True,True,True,True,
ASHOKLEY-2026-01-09,ASHOKLEY,2026-01-02 00:00:00,2026-01-09 00:00:00,5,185.61361694335938,4.204760858456077,4.21059945126311,180.81546050814734,1.1411246909708546,184.6107177734375,183.1752224862395,174.69045715332032,158.2404379272461,129.56653106689453,2452869198.8094864,99.3963782696177,99.3963782696177,98.99396378269618,99.27565392354124,0.9920159680638723,1.9322226123468684,True,True,True,True,True,True,True,True,True,True,True,True,True,True,True,
ASHOKLEY-2026-02-17,ASHOKLEY,2026-02-12 00:00:00,2026-02-17 00:00:00,3,207.4805908203125,6.252858042073386,6.117624162954409,199.59510485358612,1.2611010698895746,204.1966094970703,203.41985774056772,195.36575469970703,182.55184844970702,141.19962951660156,3093053585.428589,91.16465863453816,99.59839357429718,98.79518072289156,96.82730923694778,0.9940119760479041,0.4603083370087582,True,True,True,True,True,True,True,True,True,True,True,True,True,True,True,
ASTERDM-2024-02-06,ASTERDM,2024-01-31 00:00:00,2024-02-06 00:00:00,4,334.31036376953125,10.719572803467477,11.043162467839249,319.2432283098429,1.405572380161882,333.2530212402344,325.85164602226774,320.4534744262695,306.40624633789065,248.96399360656739,111934672.4038086,71.0204081632653,70.0,67.55102040816327,69.57142857142857,0.9780439121756487,4.381989510050342,True,True,True,True,True,True,True,True,True,False,True,True,True,True,False,RS_FAIL
ASTERDM-2024-02-27,ASTERDM,2024-02-20 00:00:00,2024-02-27 00:00:00,5,359.2335510253906,11.91548951944533,12.343985370783555,342.92019753677437,1.3690879809842382,358.06292724609375,356.2880668207438,341.26998443603514,322.5413568115234,260.7870182800293,169572019.377182,82.4847250509165,83.70672097759673,76.17107942973523,81.07942973523421,0.9800399201596807,2.7935359397178727,True,True,True,True,True,True,True,True,True,True,True,True,True,True,True,
ASTERDM-2024-08-19,ASTERDM,2024-08-09 00:00:00,2024-08-19 00:00:00,5,400.1608581542969,12.89666698351135,12.663458482419136,373.6828639272887,2.053088155324228,388.2457580566406,384.9605223167742,358.4457672119141,348.75237548828125,327.07360954284667,692254601.8249817,95.74036511156187,58.41784989858012,56.18661257606491,68.94523326572008,0.9801192842942346,0.25806247196765686,True,True,True,True,True,True,True,True,True,False,True,True,True,True,False,RS_FAIL
ASTERDM-2024-10-31,ASTERDM,2024-10-25 00:00:00,2024-10-31 00:00:00,4,442.279052734375,17.071590647300898,16.064722601723265,420.842671872997,1.255675660473219,438.18890380859375,436.5626924469211,418.41814880371095,410.9711053466797,360.9145710754394,312297880.10002136,93.06122448979592,91.83673469387756,80.40816326530611,88.77551020408164,0.98,1.1614661272646092,True,True,True,True,True,True,True,True,True,True,True,True,True,True,True,
ASTERDM-2024-12-05,ASTERDM,2024-11-29 00:00:00,2024-12-05 00:00:00,4,492.7407531738281,15.020310494494181,15.669949003897091,469.67814988082637,1.535427866251869,481.7022399902344,479.1890212042996,447.3054962158203,429.97702880859373,375.0392691040039,455026791.8430023,87.24696356275304,93.11740890688259,86.8421052631579,89.47368421052632,0.988,2.8696338881123737,True,True,True,True,True,True,True,True,True,True,True,True,True,True,True,
ASTERDM-2025-10-03,ASTERDM,2025-09-19 00:00:00,2025-10-03 00:00:00,9,647.712890625,17.899162483177896,17.7867716871471,615.3048260417199,1.8105911164132968,642.8342895507812,631.0359016939929,630.2991668701172,611.3298876953126,533.1035661315918,380614536.8731384,75.25354969574036,59.2292089249493,84.78701825557809,71.70385395537525,0.9840319361277445,1.6322953388993702,True,True,True,True,True,True,True,True,True,True,True,True,True,True,True,
ASTERDM-2026-06-18,ASTERDM,2026-06-12 00:00:00,2026-06-18 00:00:00,4,814.9500122070312,24.716276458016313,26.07314380818096,761.5999755859375,2.1584981342847276,788.5,783.2000122070312,763.0850006103516,734.4069958496094,660.0575885009765,356153989.96875,47.29458917835671,65.53106212424849,86.37274549098196,66.312625250501,0.9900793650793651,0.7141690436629747,True,True,True,True,True,True,True,True,True,False,True,True,True,True,False,RS_FAIL
ASTERDM-2026-07-27,ASTERDM,2026-07-15 00:00:00,2026-07-27 00:00:00,8,824.5999755859375,22.77576262433042,21.552344864939585,770.0,2.397284186989663,801.5,791.9000244140625,800.2600067138671,779.5700024414062,682.2027291870118,336131715.2145386,72.2,78.60000000000001,88.6,79.68,1.0,1.1319818602136504,True,True,True,True,True,True,True,True,True,True,True,True,True,True,True,
ASTRAL-2023-08-16,ASTRAL,2023-08-04 00:00:00,2023-08-16 00:00:00,7,2011.1392822265625,53.20206105492097,55.53320543950822,1886.3893116852853,2.344833415617051,2007.8626708984375,1987.4601138107669,1938.0894836425782,1916.3021923828126,1590.7924298095704,1333093456.9853516,80.32786885245902,63.934426229508205,74.38524590163934,71.98770491803279,0.9721115537848606,1.5893717216019527,True,True,True,True,True,True,True,True,True,True,True,True,True,True,True,
ASTRAL-2024-07-02,ASTRAL,2024-06-27 00:00:00,2024-07-02 00:00:00,3,2402.45263671875,71.67955718077694,68.0083655397017,2348.0989552272113,0.7582870713676135,2401.459228515625,2374.5802427823774,2247.7129821777344,2153.9370971679687,1971.504594116211,1393601667.9744873,76.21951219512195,61.58536585365854,56.09756097560976,64.32926829268293,0.9800796812749004,1.1018990935178998,True,True,True,True,True,True,True,True,True,False,True,True,True,True,False,RS_FAIL
ASTRAL-2026-03-05,ASTRAL,2026-02-26 00:00:00,2026-03-05 00:00:00,4,1681.55517578125,38.26329691107459,42.01454934363617,1588.0023374877787,2.4449758867065676,1660.48828125,1658.6912543523479,1611.1059997558593,1505.6199340820312,1463.267276611328,1065156618.0986328,93.57429718875501,92.7710843373494,84.53815261044177,90.54216867469879,0.996,0.5780706034443536,True,True,True,True,True,True,True,True,True,True,True,True,True,True,True,
ASTRAZEN-2025-03-27,ASTRAZEN,2025-03-21 00:00:00,2025-03-27 00:00:00,4,8444.0859375,334.2350296817899,337.15205386239734,8174.962445375596,0.8051923593425392,8428.0634765625,8412.13841035161,7681.401928710938,7335.589111328125,6959.5606640625,239557922.44189453,97.58551307847083,99.79879275653923,94.56740442655935,97.56539235412475,0.994,1.1225357286546433,True,True,True,True,True,True,True,True,True,True,True,True,True,True,True,
ATHERENERG-2026-02-27,ATHERENERG,2026-02-19 00:00:00,2026-02-27 00:00:00,6,733.7000122070312,29.669995789235287,28.94730412535781,680.0,1.8099096672778905,710.9000244140625,710.5,707.1874969482421,683.1349987792969,538.4947496032714,1049015432.2212524,92.16867469879519,60.8433734939759,98.79518072289156,81.62650602409639,0.996,0.9507317675426198,True,True,True,True,True,True,True,True,True,True,True,True,True,True,True,
ATHERENERG-2026-03-25,ATHERENERG,2026-03-20 00:00:00,2026-03-25 00:00:00,3,780.5999755859375,32.23800601839179,34.49517243632575,717.0499877929688,1.9712753870916664,776.6500244140625,772.4000244140625,719.0799987792968,690.4139965820312,573.1122492980957,1214440221.5499878,96.3855421686747,90.56224899598394,97.18875502008032,94.29718875502009,0.996,1.7103872783465994,True,True,True,True,True,True,True,True,True,True,True,True,True,True,True,
ATHERENERG-2026-04-06,ATHERENERG,2026-03-27 00:00:00,2026-04-06 00:00:00,4,796.3499755859375,35.16337702095204,36.513195332701876,742.1500244140625,1.5413750260556616,784.7999877929688,774.9000244140625,736.3224975585938,703.9649975585937,584.5927493286133,1545397753.3008728,96.70103092783505,83.50515463917526,97.31958762886597,91.6082474226804,0.97,1.2447600749942778,True,True,True,True,True,True,True,True,True,True,True,True,True,True,True,
ATHERENERG-2026-04-20,ATHERENERG,2026-04-13 00:00:00,2026-04-20 00:00:00,4,907.8499755859375,43.95023844592333,46.892634700411,835.6500244140625,1.6427658580444404,889.4500122070312,881.2000122070312,801.8274963378906,745.4009973144531,608.0007490539551,3368948588.3773804,91.9917864476386,96.30390143737166,97.74127310061603,95.44147843942505,0.974,3.6312274475893083,True,True,True,True,True,True,True,True,True,True,True,True,True,True,True,
ATHERENERG-2026-06-23,ATHERENERG,2026-06-10 00:00:00,2026-06-23 00:00:00,9,1042.0,48.10303806331839,43.42906773911551,950.3499755859375,1.9052855724709714,1006.75,985.6500244140625,993.6899993896484,946.0919982910157,741.0124987792968,2802596440.532837,83.76753507014027,79.35871743486975,94.38877755511022,85.19038076152304,0.9960079840319361,1.5874337615250844,True,True,True,True,True,True,True,True,True,True,True,True,True,True,True,
ATHERENERG-2026-07-29,ATHERENERG,2026-07-20 00:00:00,2026-07-29 00:00:00,7,1296.699951171875,56.213986027850645,52.701387094716345,1188.0999755859375,1.9319031305151133,1246.0999755859375,1229.0,1218.6749938964845,1084.6939978027344,821.0404986572265,4152755595.125183,83.6,94.8,98.8,92.64,1.0,0.9460709400037687,True,True,True,True,True,True,True,True,True,True,True,True,True,True,True,
ATUL-2024-08-16,ATUL,2024-08-07 00:00:00,2024-08-16 00:00:00,6,7970.27880859375,231.2018101849485,231.8793583352803,7527.797020320123,1.913833580799676,7834.50439453125,7735.822551186524,7613.51123046875,6892.067998046875,6417.618334960937,529676213.25878906,92.2920892494929,89.24949290060852,70.99391480730223,84.68559837728195,0.9801192842942346,0.5482188836558504,True,True,True,True,True,True,True,True,True,True,True,True,True,True,True,
ATUL-2026-05-13,ATUL,2026-05-06 00:00:00,2026-05-13 00:00:00,5,7073.12255859375,195.43218508385982,188.47028374862626,6770.614418660603,1.5478931466858468,6953.71142578125,6905.449552953448,6776.062426757812,6490.78416015625,6232.721657714844,208663032.74267578,77.39307535641548,67.0061099796334,86.76171079429736,76.0488798370672,0.9742063492063492,1.316926551420648,True,True,True,True,True,True,True,True,True,True,True,True,True,True,True,
AUBANK-2025-07-09,AUBANK,2025-07-01 00:00:00,2025-07-09 00:00:00,6,836.5050048828125,18.644427207949168,17.548286752783838,801.2219077095701,1.8924205490313588,824.9488525390625,820.4032922589025,802.4198760986328,742.9362719726563,632.6558489990234,1878739098.1360168,88.73239436619718,93.7625754527163,96.78068410462777,93.158953722334,0.9920159680638723,0.6532534865372338,True,True,True,True,True,True,True,True,True,True,True,True,True,True,True,
AUBANK-2025-11-06,AUBANK,2025-10-29 00:00:00,2025-11-06 00:00:00,5,881.5938720703125,19.951614477502904,18.57562657401462,862.9119918171427,0.9363593244163338,880.145263671875,880.1452559084257,833.8052642822265,767.0740759277344,690.6970822143554,1697995807.5924072,97.16599190283401,89.67611336032388,83.40080971659918,90.04048582995952,0.9821073558648111,1.6032952238235323,True,True,True,True,True,True,True,True,True,True,True,True,True,True,True,
AUBANK-2025-11-17,AUBANK,2025-11-10 00:00:00,2025-11-17 00:00:00,5,913.712646484375,19.821720126470534,19.965221671386306,877.9473619956077,1.8043481726394286,911.8145141601562,893.6820807192923,876.4363647460938,791.0268151855469,701.1607562255859,1824360798.356964,93.31983805668015,93.11740890688259,91.90283400809717,92.81376518218624,0.9840637450199203,1.133394840422732,True,True,True,True,True,True,True,True,True,True,True,True,True,True,True,
AUBANK-2025-11-24,AUBANK,2025-11-19 00:00:00,2025-11-24 00:00:00,3,924.751953125,19.767534509522964,19.27931213487448,907.7184628312148,0.8616901761612906,924.2024536132812,924.002697548256,894.1941192626953,813.0853918457032,709.4725723266602,1863277697.266327,87.4493927125506,95.74898785425101,93.92712550607287,92.71255060728744,0.9840637450199203,1.5852657619662767,True,True,True,True,True,True,True,True,True,True,True,True,True,True,True,
AUBANK-2025-12-15,AUBANK,2025-12-10 00:00:00,2025-12-15 00:00:00,3,992.7359619140625,19.44261705822897,19.796245451646875,956.4711991075272,1.8652202374775684,978.1001586914062,976.651501135472,949.3705444335938,884.1763525390625,739.1888273620606,1710903251.8885803,97.78225806451613,99.79838709677419,91.12903225806451,96.59274193548387,0.9900199600798403,0.945393670375025,True,True,True,True,True,True,True,True,True,True,True,True,True,True,True,
AUBANK-2026-01-12,AUBANK,2026-01-05 00:00:00,2026-01-12 00:00:00,5,1013.96533203125,17.580942465247816,17.56776663120697,987.8906042858985,1.4831245706476406,1006.822265625,1005.073920576836,991.0550689697266,952.2352612304687,782.9371423339844,1471243495.1829834,74.44668008048289,99.19517102615694,91.34808853118712,89.41649899396378,0.9920159680638723,0.9163896450590896,True,True,True,True,True,True,True,True,True,True,True,True,True,True,True,
AUBANK-2026-05-06,AUBANK,2026-04-24 00:00:00,2026-05-06 00:00:00,7,1064.6160888671875,31.405404898626198,27.863854476399347,997.0317580461781,2.1519967992504956,1023.0065307617188,1014.0152849101285,1009.4896545410156,958.1555114746094,885.5407791137695,1838604710.0405884,65.23517382413088,49.079754601226995,80.98159509202453,63.49693251533743,0.9702380952380952,1.290661762811226,True,True,True,True,True,True,True,True,True,False,True,True,True,True,False,RS_FAIL
AUROPHARMA-2023-10-06,AUROPHARMA,2023-09-29 00:00:00,2023-10-06 00:00:00,4,906.908935546875,24.17869428102012,25.363090661225442,863.9613044904492,1.7762593197656267,893.518798828125,882.7075598274763,875.4222930908203,852.1006469726562,625.8814436340332,1440601722.4270935,80.0,72.85714285714285,89.59183673469387,80.0204081632653,0.9780439121756487,1.197551734294375,True,True,True,True,True,True,True,True,True,True,True,True,True,True,True,
AUROPHARMA-2023-11-30,AUROPHARMA,2023-11-22 00:00:00,2023-11-30 00:00:00,5,1050.2860107421875,27.9898276256869,26.596266905538748,1004.1759861252266,1.6473850869536866,1036.1595458984375,1026.5595031707526,961.5882354736328,911.6164990234375,715.0563214111328,2324652820.3842773,89.79591836734694,83.06122448979592,89.79591836734694,87.10204081632654,0.9780439121756487,1.3585184750616757,True,True,True,True,True,True,True,True,True,True,True,True,True,True,True,
AUROPHARMA-2023-12-28,AUROPHARMA,2023-12-21 00:00:00,2023-12-28 00:00:00,4,1086.4976806640625,32.72171906814818,33.06494248920247,1040.7357122281855,1.3985196908686361,1084.060302734375,1075.604271727685,1034.3464965820312,968.5384997558593,769.8535282897949,2015749293.8372803,50.61224489795918,78.77551020408163,83.06122448979592,71.61224489795919,0.9780439121756487,1.1915391964548883,True,True,True,True,True,True,True,True,True,True,True,True,True,True,True,
AUROPHARMA-2024-05-17,AUROPHARMA,2024-05-13 00:00:00,2024-05-17 00:00:00,4,1173.196044921875,36.323433335896915,33.768567268101265,1141.0666848142807,0.8845353304155358,1160.693115234375,1160.6930852545145,1129.9932983398437,1091.4629150390624,988.8642498779296,1450631814.8344727,59.591836734693885,69.59183673469389,54.08163265306123,61.93877551020409,0.9780439121756487,1.0065821833266824,True,True,True,True,True,True,True,True,True,False,True,True,True,True,False,RS_FAIL
AUROPHARMA-2024-06-03,AUROPHARMA,2024-05-24 00:00:00,2024-06-03 00:00:00,6,1230.4312744140625,33.52052150999438,35.118392377887254,1158.30202093996,2.1517938929618605,1222.8099365234375,1207.3678389706631,1178.1699523925781,1125.493182373047,1008.8788034057617,1556856889.1446533,71.42857142857143,75.51020408163265,50.61224489795918,66.81632653061224,0.9780439121756487,1.298789937756879,True,True,True,True,True,True,True,True,True,False,True,True,True,True,False,RS_FAIL
AUROPHARMA-2024-09-12,AUROPHARMA,2024-08-30 00:00:00,2024-09-12 00:00:00,9,1563.5308837890625,37.76016915794874,36.792787591193864,1496.7815158269545,1.7677189867158425,1555.610595703125,1540.4176444879856,1532.7240417480468,1439.0651171875,1185.6203802490234,1579579818.9840698,44.01622718052739,82.1501014198783,82.96146044624746,70.95334685598377,0.9820717131474104,3.9548885046335074,True,True,True,True,True,True,True,True,True,True,True,True,True,True,True,
AUROPHARMA-2026-03-20,AUROPHARMA,2026-03-12 00:00:00,2026-03-20 00:00:00,6,1311.9000244140625,39.37179970071302,37.469938259456576,1240.0,1.8261807933753254,1291.4000244140625,1269.0,1240.4750122070313,1198.8479931640625,1148.6308255004883,1820386158.3995361,98.39357429718876,86.54618473895582,92.9718875502008,92.02811244979921,0.996,0.985525206434748,True,True,True,True,True,True,True,True,True,True,True,True,True,True,True,
AUROPHARMA-2026-05-05,AUROPHARMA,2026-04-23 00:00:00,2026-05-05 00:00:00,7,1435.4000244140625,36.33440731760272,35.050536898843816,1367.0,1.8825138336830705,1428.0999755859375,1398.0,1384.5400024414062,1306.68400390625,1180.7560830688476,1871751387.680542,29.038854805725972,85.68507157464212,92.22903885480572,70.65439672801637,0.9702380952380952,1.2502371378795025,True,True,True,True,True,True,True,True,True,True,True,True,True,True,True,
AVANTIFEED-2024-01-31,AVANTIFEED,2024-01-17 00:00:00,2024-01-31 00:00:00,8,535.6630859375,25.6793926020764,28.250691118652906,479.1935777405695,2.19902040020855,503.82952880859375,497.0667252974254,479.46650848388674,423.42259521484374,394.5177862548828,507563949.26589966,92.04081632653062,65.71428571428571,63.87755102040816,73.0612244897959,0.9780439121756487,4.891665758079035,True,True,True,True,True,True,True,True,True,True,True,True,True,True,True,
AVANTIFEED-2024-07-01,AVANTIFEED,2024-06-18 00:00:00,2024-07-01 00:00:00,9,618.07275390625,27.466385895084624,26.00371567498745,564.2601281156407,1.9592175685640396,598.5089111328125,584.8866583939246,576.8220062255859,534.4795599365234,466.2162205505371,415455906.6666565,90.2439024390244,68.69918699186992,83.73983739837398,79.67479674796749,0.9800796812749004,1.3359665655068973,True,True,True,True,True,True,True,True,True,True,True,True,True,True,True,
AVANTIFEED-2024-08-01,AVANTIFEED,2024-07-24 00:00:00,2024-08-01 00:00:00,6,709.853759765625,32.389023223058004,32.196175732646466,660.3951883871349,1.5270164536261823,691.7566528320312,679.1242809698493,621.850473022461,583.4791137695313,487.63793167114255,625548471.1832275,91.48073022312373,91.07505070993915,75.86206896551724,86.63286004056795,0.9801192842942346,2.6187902455395022,True,True,True,True,True,True,True,True,True,True,True,True,True,True,True,
AVANTIFEED-2025-03-04,AVANTIFEED,2025-02-27 00:00:00,2025-03-04 00:00:00,3,727.458984375,33.04854372472119,36.38380190944436,666.3456171633287,1.8492000047178134,721.8987426757812,718.9236384149025,695.1805847167968,663.2299426269532,620.1938040161133,498829217.8856201,92.74193548387096,99.79838709677419,96.16935483870968,96.59274193548387,0.992,1.258940237588252,True,True,True,True,True,True,True,True,True,True,True,True,True,True,True,
AXISBANK-2025-12-04,AXISBANK,2025-11-26 00:00:00,2025-12-04 00:00:00,6,1289.2056884765625,19.912196814931512,19.54904774264739,1254.0328509120545,1.7663966407831506,1279.0135498046875,1271.9190809099528,1257.729998779297,1222.30732421875,1143.8219235229492,6086159768.13739,85.28225806451613,93.75,72.98387096774194,84.97983870967741,0.9900199600798403,0.6799659394171962,True,True,True,True,True,True,True,True,True,True,True,True,True,True,True,
BAJAJ-AUTO-2023-09-26,BAJAJ-AUTO,2023-09-20 00:00:00,2023-09-26 00:00:00,4,4944.50390625,91.8498154922421,90.91500639483517,4763.149990184926,1.9744614084760141,4835.98779296875,4827.3536129188005,4629.347265625,4565.8141015625,4002.8466650390624,1619679092.9023438,84.04907975460122,57.873210633946826,58.691206543967276,65.97137014314929,0.9760479041916168,1.2451036428952085,True,True,True,True,True,True,True,True,True,False,True,True,True,True,False,RS_FAIL
BAJAJ-AUTO-2023-12-11,BAJAJ-AUTO,2023-12-04 00:00:00,2023-12-11 00:00:00,5,5916.3857421875,101.79544031204837,101.72580580986728,5712.373767167358,2.0041366724752545,5855.99755859375,5838.443881130599,5600.122094726563,5223.0349609375,4458.221115722657,2508433251.574951,77.9591836734694,88.9795918367347,62.857142857142854,77.83673469387756,0.9780439121756487,0.40616091317244324,True,True,True,True,True,True,True,True,True,True,True,True,True,True,True,
BAJAJ-AUTO-2023-12-22,BAJAJ-AUTO,2023-12-18 00:00:00,2023-12-22 00:00:00,4,6168.240234375,113.11499844052778,113.47934856409996,5945.292023271403,1.9709871739141276,6078.9462890625,6053.093370933417,5910.1082763671875,5450.833515625,4571.282131347656,2363325723.9729004,69.59183673469389,80.61224489795919,74.48979591836735,75.46938775510205,0.9780439121756487,0.5895753773808828,True,True,True,True,True,True,True,True,True,True,True,True,True,True,True,
BAJAJ-AUTO-2024-01-24,BAJAJ-AUTO,2024-01-12 00:00:00,2024-01-24 00:00:00,7,6966.01806640625,160.09452592057573,155.0003932868563,6617.428198600128,2.177400293992941,6881.01708984375,6878.298095641856,6701.167431640625,6132.326904296875,4902.366131591797,3489485382.604004,83.46938775510205,81.42857142857143,78.57142857142857,81.18367346938776,0.9780439121756487,0.9121768998396825,True,True,True,True,True,True,True,True,True,True,True,True,True,True,True,
BAJAJ-AUTO-2024-04-12,BAJAJ-AUTO,2024-04-02 00:00:00,2024-04-12 00:00:00,7,8849.3447265625,244.11781373351053,212.3905926986246,8491.835806620453,1.4644933709439134,8647.8134765625,8633.456430388202,8467.55419921875,8038.361357421875,5905.244846191406,4360210572.137695,58.40163934426229,88.31967213114754,92.21311475409836,80.51229508196721,0.9740518962075848,0.9471751264857704,True,True,True,True,True,True,True,True,True,True,True,True,True,True,True,
BAJAJ-AUTO-2024-06-24,BAJAJ-AUTO,2024-06-14 00:00:00,2024-06-24 00:00:00,5,9580.6884765625,217.0416619583528,209.06448050622274,9146.748355870273,1.9993402039811765,9372.470703125,9356.794032347367,9116.2638671875,8743.29173828125,6902.343308105469,2800448534.341797,68.43177189409369,47.25050916496945,85.74338085539715,65.15274949083502,0.9780876494023905,0.9065014807313247,True,True,True,True,True,True,True,True,True,False,True,True,True,True,False,RS_FAIL
BAJAJ-AUTO-2024-09-10,BAJAJ-AUTO,2024-09-02 00:00:00,2024-09-10 00:00:00,6,10700.4990234375,213.6490011251828,191.91944769165366,10367.637614600437,1.5579825184487084,10567.44140625,10485.355879339355,10049.1701171875,9521.9285546875,8157.182575683593,2877778467.9223633,84.38133874239351,63.691683569979716,74.4421906693712,73.12373225152129,0.9820717131474104,1.6093286823201753,True,True,True,True,True,True,True,True,True,True,True,True,True,True,True,
BAJAJ-AUTO-2026-01-14,BAJAJ-AUTO,2026-01-07 00:00:00,2026-01-14 00:00:00,5,9653.6416015625,177.4098758512197,177.24694116542926,9230.102193854704,2.3873496651504724,9446.5556640625,9443.597902588248,9214.989794921876,8986.3425390625,8477.726333007813,2919997858.7304688,89.53722334004024,76.25754527162978,88.73239436619718,83.98390342052313,0.9920159680638723,1.0741905660709907,True,True,True,True,True,True,True,True,True,True,True,True,True,True,True,
BAJAJ-AUTO-2026-02-17,BAJAJ-AUTO,2026-02-11 00:00:00,2026-02-17 00:00:00,4,9732.53125,196.01306118167395,188.74665557940753,9498.820259778644,1.1923235564631172,9690.1279296875,9638.84936174755,9438.740771484376,9265.947578125,8684.3978515625,2756027527.805176,67.67068273092369,87.75100401606426,84.53815261044177,80.76305220883535,0.9940119760479041,0.5433027444619916,True,True,True,True,True,True,True,True,True,True,True,True,True,True,True,
BAJAJ-AUTO-2026-02-23,BAJAJ-AUTO,2026-02-18 00:00:00,2026-02-23 00:00:00,3,9841.498046875,189.66917725063178,192.27116296721894,9536.292784729658,1.6091452842758909,9768.03125,9686.676389473081,9551.109423828126,9332.80666015625,8727.585588378906,2821159259.572754,65.86345381526104,81.52610441767068,80.52208835341365,76.52610441767068,0.9940119760479041,0.49049204649868916,True,True,True,True,True,True,True,True,True,True,True,True,True,True,True,
BAJAJ-AUTO-2026-05-20,BAJAJ-AUTO,2026-05-08 00:00:00,2026-05-20 00:00:00,8,10562.845703125,256.6176703407381,255.68198493444496,9938.630897597446,2.432470081653842,10317.3017578125,10142.264759921607,9988.331396484375,9493.396640625,9101.546245117188,3348711679.0131836,80.8080808080808,65.25252525252525,83.43434343434343,75.37373737373737,0.9821428571428571,1.1336613041693107,True,True,True,True,True,True,True,True,True,True,True,True,True,True,True,
BAJAJFINSV-2024-09-18,BAJAJFINSV,2024-09-13 00:00:00,2024-09-18 00:00:00,3,1891.9130859375,44.36533986105347,46.99794512986595,1835.5886796931716,1.2695587686407726,1885.67138671875,1874.3365701460361,1801.8363464355468,1674.8321557617187,1629.8344708251952,4522770506.881348,94.32048681541582,76.47058823529412,37.93103448275862,70.26369168356997,0.9840319361277445,1.1653553968041868,True,True,True,True,True,True,True,True,True,True,True,True,True,True,True,
BAJAJHLDNG-2024-07-12,BAJAJHLDNG,2024-07-08 00:00:00,2024-07-12 00:00:00,4,9657.5244140625,288.02177495762413,261.7659773147617,9420.45178595658,0.8231066145634284,9655.7685546875,9546.519119427103,8756.240576171875,8283.01552734375,7795.0380078125,620743970.9150391,90.46653144016227,70.99391480730223,52.129817444219064,71.17647058823529,0.9801192842942346,0.5207322241513664,True,True,True,True,True,True,True,True,True,True,True,True,True,True,True,
BAJAJHLDNG-2024-07-29,BAJAJHLDNG,2024-07-22 00:00:00,2024-07-29 00:00:00,5,9729.52734375,268.6152355109402,276.78076198493693,9095.777081569491,2.359323591511984,9401.4404296875,9325.292006421621,9392.696728515624,8554.214658203126,7920.135424804687,385579403.7314453,83.97565922920892,61.05476673427992,48.6815415821501,64.21906693711968,0.9801192842942346,0.7407636917966959,True,True,True,True,True,True,True,True,True,False,True,True,True,True,False,RS_FAIL
BAJAJHLDNG-2024-09-26,BAJAJHLDNG,2024-09-20 00:00:00,2024-09-26 00:00:00,4,10884.318359375,306.21570289266185,306.20271887755376,10387.52728678367,1.6223566195280017,10608.51953125,10564.135070806504,10387.764013671875,9774.34994140625,8548.746342773438,786486529.28125,81.54158215010142,89.4523326572008,63.28600405679513,79.22920892494929,0.986,0.7258722955419985,True,True,True,True,True,True,True,True,True,True,True,True,True,True,True,
BAJAJHLDNG-2024-11-14,BAJAJHLDNG,2024-11-11 00:00:00,2024-11-14 00:00:00,3,10643.978515625,304.98881931890435,344.77452433363015,10053.047236029479,1.9375506319057152,10642.654296875,10544.958599155318,10229.4486328125,10309.70291015625,8975.368857421876,309165969.24560547,93.91480730223124,90.26369168356997,83.16430020283975,89.22920892494929,0.986,3.456363725059759,True,True,True,True,True,True,True,True,True,True,True,True,True,True,True,
BAJAJHLDNG-2024-12-27,BAJAJHLDNG,2024-12-19 00:00:00,2024-12-27 00:00:00,5,11114.8515625,364.6994998425626,374.8746672326999,10447.75367643053,1.8291713763179012,11084.8369140625,11043.736350219804,10774.764599609374,10454.5373046875,9288.85244873047,593191460.84375,90.89068825910931,83.60323886639675,90.68825910931174,87.914979757085,0.988,1.029817358571929,True,True,True,True,True,True,True,True,True,True,True,True,True,True,True,
BAJAJHLDNG-2025-02-10,BAJAJHLDNG,2025-02-03 00:00:00,2025-02-10 00:00:00,5,11971.650390625,454.8856998878465,457.5961662081011,10985.864249313227,2.1671073448886657,11302.884765625,11259.088386899797,11070.848291015625,11001.06255859375,9779.103000488281,588524651.5268555,93.14516129032258,88.70967741935483,95.96774193548387,92.21774193548387,0.992,1.640830516658619,True,True,True,True,True,True,True,True,True,True,True,True,True,True,True,
BAJAJHLDNG-2025-05-23,BAJAJHLDNG,2025-05-19 00:00:00,2025-05-23 00:00:00,4,13705.84765625,550.1102597410902,581.9795728043351,12466.99484997408,2.2520081826123124,13485.1494140625,13137.916688371344,12163.65732421875,11818.71994140625,10876.345927734375,639541497.7089844,79.8780487804878,56.91056910569105,93.29268292682927,74.71544715447155,0.9781312127236581,2.0551778712995934,True,True,True,True,True,True,True,True,True,True,True,True,True,True,True,
BAJAJHLDNG-2025-06-05,BAJAJHLDNG,2025-05-26 00:00:00,2025-06-05 00:00:00,8,13710.751953125,568.2946401064304,509.2541727112729,12850.519481375399,1.5137085783327056,13224.2353515625,13198.732150178917,12830.803466796875,12152.8834375,11063.944379882812,819700428.5668945,67.13995943204868,43.81338742393509,93.91480730223124,65.84178498985801,0.9801192842942346,0.6277161951258554,True,True,True,True,True,True,True,True,True,False,True,True,True,True,False,RS_FAIL
BAJAJHLDNG-2025-06-24,BAJAJHLDNG,2025-06-10 00:00:00,2025-06-24 00:00:00,10,14107.0283203125,519.1717194874642,427.9465612974854,13108.491127858217,1.9233273981873618,13510.6513671875,13325.26578658739,13487.6994140625,12688.44140625,11319.063754882813,735603488.2241211,38.104838709677416,61.08870967741935,89.31451612903226,62.66129032258064,0.9860834990059643,1.2610482857655718,True,True,True,True,True,True,True,True,True,False,True,True,True,True,False,RS_FAIL
BAJAJHLDNG-2025-07-14,BAJAJHLDNG,2025-07-02 00:00:00,2025-07-14 00:00:00,8,14169.9638671875,416.33433082617495,391.528226301145,13424.95228407118,1.7894550796181456,13905.5732421875,13858.396392342931,13693.4806640625,13252.4223046875,11560.85171875,500832595.25683594,40.845070422535215,72.03219315895373,89.13480885311871,67.80684104627767,0.994,1.5968557455861632,True,True,True,True,True,True,True,True,True,False,True,True,True,True,False,RS_FAIL
BAJFINANCE-2025-02-13,BAJFINANCE,2025-02-05 00:00:00,2025-02-13 00:00:00,6,840.559326171875,23.115690956472584,23.498145511643592,792.7056466833607,2.070181660527647,830.6370239257812,818.289566436961,785.0625457763672,734.5329699707031,699.5739724731445,11825237168.804626,100.0,99.59677419354838,98.18548387096774,99.29435483870968,0.992,1.320086127976964,True,True,True,True,True,True,True,True,True,True,True,True,True,True,True,
BAJFINANCE-2025-03-12,BAJFINANCE,2025-02-27 00:00:00,2025-03-12 00:00:00,9,859.9151611328125,19.890397255304908,20.45755208024895,811.1033039497349,2.4540413424904877,838.08984375,827.2784497584448,833.2953521728516,787.4180395507813,714.6630450439453,7390111617.714844,88.30645161290323,99.39516129032258,97.98387096774194,95.64516129032258,0.992,2.3778200861070657,True,True,True,True,True,True,True,True,True,True,True,True,True,True,True,
BAJFINANCE-2025-09-22,BAJFINANCE,2025-09-15 00:00:00,2025-09-22 00:00:00,5,1003.6801147460938,20.52670834330951,18.916730795286316,982.5599604241896,1.028910917847578,1000.3506469726562,989.9147731644083,940.719692993164,914.3055676269531,853.7491003417969,5807721285.56131,93.36016096579478,72.63581488933602,55.53319919517102,73.72233400402415,0.9920159680638723,0.6632347363408447,True,True,True,True,True,True,True,True,True,True,True,True,True,True,True,
BAJFINANCE-2025-09-30,BAJFINANCE,2025-09-24 00:00:00,2025-09-30 00:00:00,4,1023.4585571289062,19.382788595217107,19.67703358212975,975.0561160768209,2.497186656827549,992.797119140625,991.7037543454866,977.0836608886718,923.7505078125,863.3514721679687,6824580707.712006,95.53752535496957,80.93306288032454,57.809330628803245,78.37728194726166,0.9840319361277445,1.0385458680487725,True,True,True,True,True,True,True,True,True,True,True,True,True,True,True,
BAJFINANCE-2026-02-18,BAJFINANCE,2026-02-13 00:00:00,2026-02-18 00:00:00,3,1018.4891357421875,25.078405372431686,23.808835109196732,997.1701631461748,0.8500928300428678,1017.544921875,1010.1404286879872,958.70166015625,970.6849938964843,957.0411190795899,5947462909.11319,70.68273092369478,66.46586345381526,77.51004016064257,71.0441767068273,0.9940119760479041,0.7826577610876452,True,True,True,True,True,True,True,True,True,True,True,True,True,True,True,
BALKRISIND-2024-06-28,BALKRISIND,2024-06-18 00:00:00,2024-06-28 00:00:00,8,3294.3388671875,100.43191270772056,90.28168796655493,3098.781144629829,1.9471671631584646,3179.525146484375,3163.2775427783054,3137.2897216796873,2796.1889306640624,2523.6585412597656,1115658177.3493652,38.21138211382114,88.41463414634147,63.617886178861795,65.91463414634146,0.9800796812749004,0.7168135481425002,True,True,True,True,True,True,True,True,True,False,True,True,True,True,False,RS_FAIL
BALRAMCHIN-2024-09-12,BALRAMCHIN,2024-08-30 00:00:00,2024-09-12 00:00:00,9,590.69189453125,21.805853473022673,20.22201525412147,538.8403940879078,2.3778707174883458,565.1361694335938,556.6998178233716,561.991015625,497.45104125976565,416.3620198059082,1373771050.5138245,81.54158215010142,92.0892494929006,86.81541582150102,87.34279918864098,0.9820717131474104,0.9131952748415628,True,True,True,True,True,True,True,True,True,True,True,True,True,True,True,
BALRAMCHIN-2026-06-02,BALRAMCHIN,2026-05-19 00:00:00,2026-06-02 00:00:00,9,550.4500122070312,19.85331522443794,17.5827833130765,510.1499938964844,2.02988860323643,537.4000244140625,536.75,533.2400054931641,513.2540020751953,480.280998840332,288889058.7064514,67.26907630522089,82.53012048192771,82.53012048192771,77.95180722891567,0.9880952380952381,0.8276949794991298,True,True,True,True,True,True,True,True,True,True,True,True,True,True,True,
BALRAMCHIN-2026-08-10,BALRAMCHIN,2026-08-04 00:00:00,2026-08-10 00:00:00,4,658.7000122070312,22.536881385703797,22.236073471171178,623.2999877929688,1.5707596720333452,655.25,637.0,615.9474975585938,575.2170007324219,496.3753887939453,279823057.2832031,94.6,80.2,92.60000000000001,88.24000000000001,1.0,1.9942460873169694,True,True,True,True,True,True,True,True,True,True,True,True,True,True,True,
BANDHANBNK-2026-06-24,BANDHANBNK,2026-06-16 00:00:00,2026-06-24 00:00:00,6,214.87745666503906,7.15100069193668,6.773401912320844,202.34606916304952,1.752396348684412,209.9402313232422,208.5324331918434,205.49873886108398,196.56120971679687,166.7474850463867,1595080615.5578308,70.39999999999999,86.8,93.0,83.74,1.0,1.2137521307145833,True,True,True,True,True,True,True,True,True,True,True,True,True,True,True,
BANKBARODA-2024-02-21,BANKBARODA,2024-02-15 00:00:00,2024-02-21 00:00:00,3,251.15396118164062,9.622049359565276,8.611519368560913,245.73368450140364,0.5633183200051541,250.60736083984375,250.3340630261611,232.6476303100586,216.97715270996093,187.4380191040039,5683102153.810837,91.02040816326532,85.10204081632654,73.26530612244898,83.32653061224491,0.9780439121756487,0.6938340822534267,True,True,True,True,True,True,True,True,True,True,True,True,True,True,True,
BANKBARODA-2025-09-29,BANKBARODA,2025-09-24 00:00:00,2025-09-29 00:00:00,3,246.40042114257812,4.4941159330135205,4.720315466640043,239.42599798715983,1.551901032232964,246.03233337402344,245.05396446397492,235.7126106262207,234.3100744628906,222.4499412536621,1998511756.3431473,87.95180722891565,72.89156626506023,71.08433734939759,76.86746987951807,0.9940119760479041,1.3706517956461208,True,True,True,True,True,True,True,True,True,True,True,True,True,True,True,
BANKBARODA-2025-10-09,BANKBARODA,2025-10-06 00:00:00,2025-10-09 00:00:00,3,258.24725341796875,5.249178948252839,5.204602262556827,250.40103381648365,1.4947517847713452,255.87400817871094,254.9537917104516,244.72898712158204,236.93110046386718,222.95500709533692,2582618067.6261063,94.9290060851927,83.36713995943205,55.78093306288032,78.55983772819474,0.9840319361277445,0.5203627000749269,True,True,True,True,True,True,True,True,True,True,True,True,True,True,True,
BANKBARODA-2025-11-17,BANKBARODA,2025-11-03 00:00:00,2025-11-17 00:00:00,9,282.0765380859375,6.260565643455801,6.155336801893152,272.14766070599575,1.5859393456437048,278.9283447265625,278.4440105308656,270.58809967041014,254.73253173828124,229.11316032409667,2327222501.8065643,80.36437246963563,88.25910931174089,87.85425101214574,85.76923076923077,0.9840637450199203,1.1104273519743169,True,True,True,True,True,True,True,True,True,True,True,True,True,True,True,
BANKBARODA-2025-11-25,BANKBARODA,2025-11-19 00:00:00,2025-11-25 00:00:00,4,284.1107177734375,6.089508975568171,6.034069293932737,271.90550215201887,2.0043020989684717,278.2502746582031,276.89412667204715,275.9351531982422,260.7322760009766,231.3235279083252,2317261557.358307,89.87854251012146,92.51012145748987,88.46153846153845,90.50607287449392,0.9840637450199203,0.94899855427119,True,True,True,True,True,True,True,True,True,True,True,True,True,True,True,
BANKBARODA-2025-12-05,BANKBARODA,2025-12-02 00:00:00,2025-12-05 00:00:00,3,287.5979309082031,6.10454147598075,6.425347436592361,276.26452458113795,1.856553251650135,283.4326477050781,280.76883082039194,279.27463989257814,267.66697967529296,234.5589836883545,2220169255.3971863,74.39516129032258,94.75806451612904,87.70161290322581,86.53225806451613,0.9880478087649402,0.9285930173466753,True,True,True,True,True,True,True,True,True,True,True,True,True,True,True,
BANKBARODA-2026-01-14,BANKBARODA,2026-01-07 00:00:00,2026-01-14 00:00:00,5,298.5923156738281,5.612852666598769,6.320235941131952,286.43555200689536,2.1658797030743044,298.0595703125,294.1848970148927,288.05320739746094,282.3787432861328,246.80075401306152,2110281762.0501099,91.34808853118712,91.75050301810866,93.56136820925553,92.17303822937626,0.9920159680638723,1.5534293466451206,True,True,True,True,True,True,True,True,True,True,True,True,True,True,True,
BANKBARODA-2026-01-28,BANKBARODA,2026-01-16 00:00:00,2026-01-28 00:00:00,7,298.5923156738281,5.951223516844706,6.778954445519088,285.37000373695156,2.221780428755755,296.6065673828125,294.0880238622834,293.87733001708983,285.3593389892578,250.3207516479492,2439131965.4026184,91.34808853118712,91.14688128772636,93.56136820925553,91.93158953722333,0.9920159680638723,1.1675702693572516,True,True,True,True,True,True,True,True,True,True,True,True,True,True,True,
BANKINDIA-2023-10-10,BANKINDIA,2023-10-03 00:00:00,2023-10-10 00:00:00,5,103.06072998046875,4.124960767823892,4.024789769881405,94.56370200448985,2.0599051613432606,98.03560638427734,97.98992309160906,97.60390167236328,87.18407791137696,74.87058271408081,2426024113.589058,95.51020408163265,89.79591836734694,73.06122448979592,86.48979591836735,0.9780439121756487,0.4064534689681983,True,True,True,True,True,True,True,True,True,True,True,True,True,True,True,
BANKINDIA-2026-02-16,BANKINDIA,2026-02-09 00:00:00,2026-02-16 00:00:00,5,163.08274841308594,5.7731093597435565,5.351091069850851,154.51269701888248,1.4844775770165117,160.37132263183594,159.2480103982696,157.8143424987793,147.14554870605468,125.21125122070312,2367372727.964699,86.51911468812877,92.35412474849095,96.78068410462777,91.93158953722335,0.9920159680638723,0.6292244615499429,True,True,True,True,True,True,True,True,True,True,True,True,True,True,True,
BAYERCROP-2023-09-29,BAYERCROP,2023-09-22 00:00:00,2023-09-29 00:00:00,5,4981.162109375,119.88689821931132,120.63401337344214,4785.39096764238,1.6329652751086463,4931.52685546875,4911.488601552501,4818.401953125,4501.499296875,4132.081522216797,96193950.27905273,88.16326530612245,75.10204081632654,52.244897959183675,72.16326530612245,0.9780439121756487,0.9280339376799152,True,True,True,True,True,True,True,False,True,True,True,True,True,True,False,LIQUIDITY_FAIL
BAYERCROP-2023-10-09,BAYERCROP,2023-10-03 00:00:00,2023-10-09 00:00:00,4,5006.37158203125,125.71394927677527,123.57941937615024,4825.514553451651,1.4386393047076964,4978.2529296875,4940.437635119695,4881.37177734375,4577.803120117187,4147.072698974609,90142447.22338867,75.91836734693878,72.85714285714285,59.38775510204082,69.73469387755102,0.9780439121756487,1.053353947975154,True,True,True,True,True,True,True,False,True,False,True,True,True,True,False,LIQUIDITY_FAIL;RS_FAIL
BAYERCROP-2024-07-08,BAYERCROP,2024-06-28 00:00:00,2024-07-08 00:00:00,6,6317.85400390625,223.11025600098566,207.16206590694628,6025.699000368693,1.3094646959495488,6255.82763671875,6200.766182632095,6007.862866210938,5434.20072265625,5194.767666015625,216057365.43188477,85.39553752535497,70.79107505070994,49.69574036511156,68.84381338742394,0.9820717131474104,0.40735576325707895,True,True,True,True,True,True,True,True,True,False,True,True,True,True,False,RS_FAIL
BBTC-2024-02-16,BBTC,2024-02-13 00:00:00,2024-02-16 00:00:00,3,1748.601318359375,88.08668866566242,84.17645106777677,1669.1995608067214,0.901404727041416,1730.99462890625,1714.3688702646211,1655.3006958007813,1530.5101953125,1221.222484436035,202424492.13006592,68.77551020408164,65.71428571428571,89.18367346938776,73.6734693877551,0.9780439121756487,1.5999706745999591,True,True,True,True,True,True,True,True,True,True,True,True,True,True,True,
BBTC-2024-09-10,BBTC,2024-09-04 00:00:00,2024-09-10 00:00:00,4,2698.94677734375,118.03078049304857,115.4717415027395,2512.382768519064,1.5806386100757308,2666.707763671875,2633.0949093502536,2480.4306640625,2290.129582519531,1737.032984008789,322078935.55737305,90.06085192697769,99.18864097363083,90.87221095334685,93.95537525354969,0.9820717131474104,1.3454918770661672,True,True,True,True,True,True,True,True,True,True,True,True,True,True,True,
BDL-2024-01-04,BDL,2023-12-27 00:00:00,2024-01-04 00:00:00,5,871.0347900390625,36.482490854782114,34.37863655912694,804.366153873164,1.8274145926952141,830.4956665039062,826.9426885600948,758.3211151123047,624.4945764160157,553.0050309753418,2037576930.156067,98.16326530612245,97.95918367346938,77.75510204081633,91.95918367346938,0.9780439121756487,0.815001486342698,True,True,True,True,True,True,True,True,True,True,True,True,True,True,True,
BDL-2024-06-26,BDL,2024-06-18 00:00:00,2024-06-26 00:00:00,6,1614.1204833984375,93.23685564840767,85.23940868624085,1483.8838846436333,1.396836024221162,1576.87451171875,1572.956572458441,1492.8159118652343,1225.6374682617188,830.6314958190918,6075401482.1501465,37.270875763747455,98.16700610997964,97.5560081466395,79.71486761710794,0.9780876494023905,1.733694834919062,True,True,True,True,True,True,True,True,True,True,True,True,True,True,True,
BDL-2025-05-09,BDL,2025-05-05 00:00:00,2025-05-09 00:00:00,4,1557.7225341796875,70.39678364285241,77.63790294721285,1422.1602059111162,1.9256892325695805,1525.7493896484375,1491.8836938000911,1432.5688537597657,1266.6637768554688,1212.1667959594727,2721791555.7231445,90.55441478439425,97.3305954825462,98.35728952772074,95.60574948665298,0.9720558882235529,6.637215658972408,True,True,True,True,True,True,True,True,True,True,True,True,True,True,True,
BDL-2025-06-10,BDL,2025-05-30 00:00:00,2025-06-10 00:00:00,7,2007.5386962890625,93.41419078751042,81.80183371142435,1917.8942240306621,0.9596451192551134,1959.4293212890625,1956.0429866520867,1904.5470947265626,1607.4034936523437,1266.1615902709962,8552665834.492981,90.06085192697769,99.18864097363083,99.39148073022312,96.51115618661257,0.9801192842942346,0.6720526905872038,True,True,True,True,True,True,True,True,True,True,True,True,True,True,True,
BEL-2025-06-27,BEL,2025-06-23 00:00:00,2025-06-27 00:00:00,4,417.57879638671875,9.617144327295353,9.777370370611235,401.8042446679352,1.6402531959525903,411.2293395996094,410.6340475503591,396.6254623413086,359.85987731933596,300.2464525604248,8906763683.39299,77.41935483870968,91.93548387096774,95.56451612903226,88.66935483870968,0.9900199600798403,1.8350899990635776,True,True,True,True,True,True,True,True,True,True,True,True,True,True,True,
BEL-2025-10-01,BEL,2025-09-17 00:00:00,2025-10-01 00:00:00,10,409.89617919921875,8.550193337747094,8.785291345522518,390.2565803256281,2.296977167391813,404.22802734375,404.12857973269803,393.1776428222656,385.3053009033203,335.2510779571533,5156620643.89006,88.03245436105477,44.62474645030426,86.00405679513185,70.06085192697769,0.9840319361277445,1.026895036324772,True,True,True,True,True,True,True,True,True,True,True,True,True,True,True,
BEL-2025-10-16,BEL,2025-10-10 00:00:00,2025-10-16 00:00:00,4,411.18890380859375,8.330639510330935,8.2132781894112,399.3554233605078,1.4204768353511255,409.4983825683594,407.9570691489724,404.1758239746094,389.1407647705078,340.76138023376467,4828678503.317322,74.64503042596348,66.73427991886409,90.06085192697769,76.10547667342799,0.9801192842942346,0.9630712308731184,True,True,True,True,True,True,True,True,True,True,True,True,True,True,True,
BEL-2025-11-14,BEL,2025-11-11 00:00:00,2025-11-14 00:00:00,3,424.9117736816406,8.70553103481842,8.554815918637773,416.359851750113,0.9823549990602012,424.46429443359375,422.82351733355375,415.0397552490234,404.0589788818359,353.928960647583,5247561447.655304,73.07692307692307,77.32793522267207,82.5910931174089,77.63157894736842,0.9821073558648111,1.1491849864821504,True,True,True,True,True,True,True,True,True,True,True,True,True,True,True,
BELRISE-2026-05-04,BELRISE,2026-04-20 00:00:00,2026-05-04 00:00:00,9,222.17999267578125,8.031194394483256,7.008383499768171,207.19000244140625,1.8664708507954735,215.74000549316406,214.39999389648438,210.03400039672852,195.9142010498047,165.54490036010742,771502247.4422302,59.30470347648262,91.61554192229039,96.7280163599182,83.4560327198364,0.9702380952380952,1.881103945169263,True,True,True,True,True,True,True,True,True,True,True,True,True,True,True,
BELRISE-2026-06-12,BELRISE,2026-06-09 00:00:00,2026-06-12 00:00:00,3,234.72999572753906,7.848084885474598,8.198747790849067,218.4199981689453,2.078213703929304,228.22999572753906,226.8000030517578,217.2775001525879,213.52660034179686,177.79310066223144,658980859.2797928,85.94377510040161,77.91164658634538,93.77510040160642,85.08032128514057,0.9880952380952381,0.9086450517833341,True,True,True,True,True,True,True,True,True,True,True,True,True,True,True,
BEML-2023-08-08,BEML,2023-08-02 00:00:00,2023-08-08 00:00:00,4,1009.9777221679688,35.55010670412473,40.3399105156584,938.0262121501348,2.0239463869031282,1006.8065795898438,991.6396752151409,884.563833618164,811.4615100097657,718.0523818969726,493426779.98986816,98.36065573770492,94.4672131147541,86.27049180327869,93.17622950819673,0.9721115537848606,3.149106671799917,True,True,True,True,True,True,True,True,True,True,True,True,True,True,True,
BEML-2024-01-19,BEML,2024-01-12 00:00:00,2024-01-19 00:00:00,5,1583.555419921875,58.27317583226989,54.98326989943901,1493.343714861884,1.5480828661140933,1572.814697265625,1558.8221819918074,1482.7817321777343,1308.4445336914061,993.6421826171875,809460828.0488281,95.10204081632652,86.53061224489797,94.89795918367348,91.61224489795919,0.9780439121756487,0.6592817969581014,True,True,True,True,True,True,True,True,True,True,True,True,True,True,True,
BEML-2024-04-22,BEML,2024-04-16 00:00:00,2024-04-22 00:00:00,3,1713.4261474609375,65.43753652696488,61.05020670524976,1660.623376521749,0.8069186852324447,1707.1094970703125,1705.4810325720728,1625.402099609375,1570.522763671875,1260.9623623657226,876594190.0823975,89.54918032786885,67.21311475409836,80.32786885245902,77.84836065573771,0.9740518962075848,0.40264319032613743,True,True,True,True,True,True,True,True,True,True,True,True,True,True,True,
BEML-2024-05-03,BEML,2024-04-24 00:00:00,2024-05-03 00:00:00,6,1782.9332275390625,60.56769306411454,58.7522974129307,1702.5447892894795,1.327249465560576,1753.0283203125,1748.8581670343387,1707.6510986328126,1594.8507397460937,1299.5431854248047,847216784.3227539,73.5655737704918,64.54918032786885,86.47540983606558,73.83196721311475,0.9740518962075848,2.9037371123567253,True,True,True,True,True,True,True,True,True,True,True,True,True,True,True,
BEML-2024-07-11,BEML,2024-07-08 00:00:00,2024-07-11 00:00:00,3,2567.251953125,136.03207900362972,141.2895912443761,2353.9684074036477,1.5678915391395385,2521.259521484375,2504.4316519570048,2287.948858642578,2080.695673828125,1558.8497457885742,3591879986.9245605,96.95740365111561,94.9290060851927,93.50912778904666,95.11156186612577,0.9801192842942346,2.024130106927895,True,True,True,True,True,True,True,True,True,True,True,True,True,True,True,
BEML-2025-07-03,BEML,2025-06-23 00:00:00,2025-07-03 00:00:00,8,2387.087158203125,107.03517070644385,91.00878816235095,2157.5353866911273,2.1446387201228423,2219.7958984375,2217.7524098431436,2202.055078125,1958.8160107421875,1807.3111450195313,2638898048.6660156,49.29577464788733,91.75050301810866,68.81287726358148,72.13279678068412,0.9920159680638723,0.9502757971888107,True,True,True,True,True,True,True,True,True,True,True,True,True,True,True,
BHARATFORG-2023-09-14,BHARATFORG,2023-09-11 00:00:00,2023-09-14 00:00:00,3,1096.15771484375,23.110974424232346,25.361498154033296,1045.8809779204041,2.1754485985943397,1089.2772216796875,1065.3920074066402,1044.6327911376952,945.295478515625,840.4066967773438,1474336415.2314453,86.09406952965234,86.09406952965234,67.89366053169734,80.63394683026584,0.9760479041916168,0.8974967314500364,True,True,True,True,True,True,True,True,True,True,True,True,True,True,True,
BHARATFORG-2025-11-10,BHARATFORG,2025-11-03 00:00:00,2025-11-10 00:00:00,4,1335.117919921875,30.266411641238136,29.174131985027884,1293.6912357507313,1.3687345781916107,1322.869384765625,1315.2011979734266,1279.05244140625,1229.5773168945314,1181.8193850708008,840791611.3609619,90.68825910931174,85.62753036437248,61.53846153846154,79.91902834008098,0.9821073558648111,1.0972108011664143,True,True,True,True,True,True,True,True,True,True,True,True,True,True,True,
BHARATFORG-2025-11-26,BHARATFORG,2025-11-19 00:00:00,2025-11-26 00:00:00,5,1440.1787109375,35.24416998283915,32.870513063322,1393.474207125914,1.3251696332847949,1425.3409423828125,1416.7766863851612,1369.1258483886718,1289.0646020507813,1194.6858364868165,1204946410.8164062,92.51012145748987,95.1417004048583,76.92307692307693,88.88663967611336,0.9840637450199203,0.6677607411943176,True,True,True,True,True,True,True,True,True,True,True,True,True,True,True,
BHARATFORG-2026-01-13,BHARATFORG,2026-01-07 00:00:00,2026-01-13 00:00:00,4,1477.223876953125,28.511366003071124,29.226528335929565,1413.0920917694557,2.249341023392611,1454.2200927734375,1454.0209504533218,1446.8011352539063,1412.2416186523437,1252.0679107666015,778175567.8855591,72.23340040241449,94.36619718309859,90.74446680080483,86.63983903420524,0.9920159680638723,0.8742456333379177,True,True,True,True,True,True,True,True,True,True,True,True,True,True,True,
BHARATFORG-2026-02-09,BHARATFORG,2026-02-04 00:00:00,2026-02-09 00:00:00,3,1584.3759765625,47.72293691056165,46.76154407151848,1534.9824371898728,1.035006279374558,1583.7784423828125,1567.1478838685236,1461.2507263183593,1441.1786499023438,1285.132666015625,981632656.8601074,85.51307847082495,96.37826961770624,94.56740442655935,92.57545271629778,0.9920159680638723,1.6678304528510532,True,True,True,True,True,True,True,True,True,True,True,True,True,True,True,
BHARATFORG-2026-03-05,BHARATFORG,2026-02-26 00:00:00,2026-03-05 00:00:00,4,1906.216552734375,50.8959018976204,54.00511025986112,1804.9238377535787,1.9901939292588144,1892.65771484375,1864.3435324143795,1758.8197204589844,1572.7657373046875,1340.4902197265626,3099330256.9104614,98.79518072289156,99.59839357429718,99.3975903614458,99.29718875502007,0.996,1.7353894750069971,True,True,True,True,True,True,True,True,True,True,True,True,True,True,True,
BHARATFORG-2026-04-27,BHARATFORG,2026-04-22 00:00:00,2026-04-27 00:00:00,3,1897.443115234375,60.11668753979537,60.40989131818436,1830.4464821651065,1.1144431905852892,1895.3494873046875,1886.3767670021587,1782.3074951171875,1779.2141064453126,1423.3667950439453,2061894671.3204346,50.715746421267895,93.4560327198364,98.3640081799591,82.10633946830265,0.978,0.724449846827792,True,True,True,True,True,True,True,True,True,True,True,True,True,True,True,
BHARATFORG-2026-07-27,BHARATFORG,2026-07-20 00:00:00,2026-07-27 00:00:00,5,2209.0,58.48663130605231,53.086146271608115,2128.10009765625,1.3832204135747228,2181.300048828125,2169.0,2144.1468017578127,2043.6444458007813,1689.3163244628906,1607840211.2113037,59.199999999999996,79.0,93.4,77.38,1.0,0.9519358721872686,True,True,True,True,True,True,True,True,True,True,True,True,True,True,True,
BHARTIARTL-2024-03-28,BHARTIARTL,2024-03-22 00:00:00,2024-03-28 00:00:00,3,1203.9068603515625,27.144644409362,25.70866017191351,1178.4867416704947,0.9364690248917245,1196.602294921875,1196.261467861563,1162.3994079589843,1126.4687084960938,954.9474758911133,8241349813.4375,94.02061855670102,83.50515463917526,70.30927835051546,82.70103092783503,0.9680638722554891,1.4806999273049974,True,True,True,True,True,True,True,True,True,True,True,True,True,True,True,
BHARTIARTL-2024-06-21,BHARTIARTL,2024-06-12 00:00:00,2024-06-21 00:00:00,6,1400.9383544921875,39.400751515035246,37.41342138057733,1337.0954405734203,1.620347619369769,1379.17041015625,1370.3071898081141,1356.9471008300782,1298.7196313476563,1077.5347216796874,10309548550.472473,47.86150712830957,50.101832993890014,74.13441955193483,56.63951120162933,0.9780876494023905,5.822081034259625,True,True,True,True,True,True,True,True,True,False,True,True,True,True,False,RS_FAIL
BHARTIARTL-2024-09-10,BHARTIARTL,2024-08-30 00:00:00,2024-09-10 00:00:00,7,1556.28955078125,31.340882546253056,29.956305785828537,1491.8461249392576,2.056209672681885,1545.3204345703125,1514.861640406891,1490.5582275390625,1448.090234375,1229.2989346313477,8528946959.10083,71.19675456389453,58.21501014198783,79.91886409736308,68.62068965517243,0.9820717131474104,1.067764865916486,True,True,True,True,True,True,True,True,True,False,True,True,True,True,False,RS_FAIL
BHARTIARTL-2025-04-30,BHARTIARTL,2025-04-17 00:00:00,2025-04-30 00:00:00,8,1850.153564453125,45.39037813988692,43.80093651155122,1768.7667912851523,1.7930402103536092,1826.060791015625,1809.7051588045153,1757.0828002929688,1677.4021069335938,1587.2743798828126,11108538780.367126,72.0164609053498,85.59670781893004,86.0082304526749,81.64609053497942,0.9700598802395209,1.4493637263776045,True,True,True,True,True,True,True,True,True,True,True,True,True,True,True,
BHARTIARTL-2025-11-03,BHARTIARTL,2025-10-29 00:00:00,2025-11-03 00:00:00,3,2074.4921875,33.884606524607946,33.51638662027097,2021.75570003092,1.5563553152308636,2048.22265625,2048.0251375948988,1980.317236328125,1924.2034326171874,1804.6991387939454,8065119957.451294,87.4239350912779,70.38539553752535,58.012170385395535,71.78498985801217,0.9801192842942346,0.7295925550745685,True,True,True,True,True,True,True,True,True,True,True,True,True,True,True,
BHEL-2023-08-28,BHEL,2023-08-22 00:00:00,2023-08-28 00:00:00,4,110.36810302734375,3.8472056851318053,4.13002185041655,104.35524911042347,1.5629145954316912,108.8773193359375,108.52945604182187,101.79468650817871,95.22155242919922,81.61723804473877,2473846784.406849,67.07566462167689,84.25357873210633,88.75255623721881,80.44989775051124,0.9741035856573705,1.7107620904309218,True,True,True,True,True,True,True,True,True,True,True,True,True,True,True,
BHEL-2024-01-10,BHEL,2024-01-02 00:00:00,2024-01-10 00:00:00,6,200.75961303710938,7.9608570434849595,7.4081282571724865,190.67194761372787,1.2671582177998153,198.42405700683594,198.02649137496195,187.4220230102539,163.1996827697754,113.6100535583496,5790406009.379623,79.38775510204081,95.91836734693877,96.53061224489797,91.14285714285714,0.9780439121756487,1.432429612099607,True,True,True,True,True,True,True,True,True,True,True,True,True,True,True,
BHEL-2024-04-22,BHEL,2024-04-10 00:00:00,2024-04-22 00:00:00,6,260.8880920410156,9.525930407881036,9.505406948664952,244.73791636397357,1.695390894697343,257.7574768066406,254.77590397427946,249.16058349609375,237.9637615966797,164.32975109100343,4463268062.149246,81.14754098360656,89.13934426229508,96.10655737704919,88.83196721311475,0.9740518962075848,0.6865248062792308,True,True,True,True,True,True,True,True,True,True,True,True,True,True,True,
BHEL-2025-11-17,BHEL,2025-11-12 00:00:00,2025-11-17 00:00:00,3,286.1269836425781,7.4664580407633565,7.304725003611996,278.90031902813007,0.9678839116209932,284.5820007324219,283.5852188178578,257.2511581420898,242.15246337890625,230.3714619445801,2529186040.140747,97.57085020242914,94.73684210526315,72.67206477732793,88.96761133603239,0.9840637450199203,0.7900252288946444,True,True,True,True,True,True,True,True,True,True,True,True,True,True,True,
BHEL-2026-05-19,BHEL,2026-05-14 00:00:00,2026-05-19 00:00:00,3,411.821533203125,14.718747526206686,14.68311863537509,384.8585228624198,1.8318821144732338,399.810302734375,395.02570707420716,374.54130401611326,310.5171337890625,267.8337830352783,6568369653.059509,98.582995951417,99.19028340080972,97.36842105263158,98.46153846153845,0.9801587301587301,0.6577064559320085,True,True,True,True,True,True,True,True,True,True,True,True,True,True,True,
BHEL-2026-07-24,BHEL,2026-07-16 00:00:00,2026-07-24 00:00:00,6,434.0,15.311734857788865,14.593670737536973,402.1499938964844,2.0801043382300977,417.29998779296875,417.0,404.5202041625977,401.570654296875,309.81864685058594,5023329161.604431,77.8,85.8,96.0,86.46,1.0,0.6962854803625138,True,True,True,True,True,True,True,True,True,True,True,True,True,True,True,
BIKAJI-2023-11-24,BIKAJI,2023-11-15 00:00:00,2023-11-24 00:00:00,7,546.9209594726562,16.220247892479183,16.843705660533477,529.5014984841463,1.0739330930069708,545.6268920898438,542.4914269162708,511.90535736083984,493.9837377929687,427.0842880249023,169356721.74588013,83.6734693877551,70.61224489795919,74.28571428571429,75.6326530612245,0.9780439121756487,0.991713819547392,True,True,True,True,True,True,True,True,True,True,True,True,True,True,True,
BIKAJI-2023-12-06,BIKAJI,2023-11-30 00:00:00,2023-12-06 00:00:00,4,555.4315795898438,16.138619389996943,16.6677726644478,532.7365104749642,1.406258402062967,545.0297241210938,543.6858779666783,536.5887115478515,501.8155187988281,432.9396725463867,187261662.62313843,73.67346938775509,61.63265306122449,72.24489795918367,68.42857142857143,0.9780439121756487,1.0317983334231222,True,True,True,True,True,True,True,True,True,False,True,True,True,True,False,RS_FAIL
BIKAJI-2024-09-02,BIKAJI,2024-08-19 00:00:00,2024-09-02 00:00:00,10,870.0995483398438,38.337543471783924,33.00719572940306,812.9334711125232,1.4911252013158918,838.3018798828125,836.258421582476,826.1285278320313,757.2178259277343,600.1240878295898,559319481.4507141,96.55172413793103,93.10344827586206,92.2920892494929,93.894523326572,0.9820717131474104,0.816810137704738,True,True,True,True,True,True,True,True,True,True,True,True,True,True,True,
BIKAJI-2024-09-10,BIKAJI,2024-09-05 00:00:00,2024-09-10 00:00:00,3,878.6719360351562,33.40767161935037,35.806541807609506,822.3531731335371,1.6858032952227129,860.48046875,859.7328628214251,849.6602935791016,773.9459838867188,610.2692150878906,427123730.91741943,62.27180527383367,82.96146044624746,94.7261663286004,80.2839756592292,0.9820717131474104,3.385042903436392,True,True,True,True,True,True,True,True,True,True,True,True,True,True,True,
BIKAJI-2024-09-26,BIKAJI,2024-09-23 00:00:00,2024-09-26 00:00:00,3,975.56005859375,39.75606080373539,38.32522249343432,937.0340291566639,0.9690605321105223,975.1613159179688,957.8670001055393,889.153173828125,823.6500024414063,632.5014260864258,527994285.8716736,94.9290060851927,92.90060851926978,97.16024340770791,94.7870182555781,0.986,1.4302269324563754,True,True,True,True,True,True,True,True,True,True,True,True,True,True,True,
BIKAJI-2025-09-15,BIKAJI,2025-09-04 00:00:00,2025-09-15 00:00:00,7,799.7852172851562,23.64348291860688,21.39471581537946,756.1206366419918,1.84679138828575,790.0542602539062,778.4270402959291,783.8115173339844,757.7578015136719,724.1531747436524,245590818.35888672,86.31790744466801,74.04426559356136,63.581488933601605,74.58752515090544,0.9920159680638723,0.571203953279425,True,True,True,True,True,True,True,True,True,True,True,True,True,True,True,
BIOCON-2024-05-14,BIOCON,2024-05-02 00:00:00,2024-05-14 00:00:00,8,309.684814453125,10.84319515283279,11.777188974869656,291.0579530496496,1.7178388049770668,309.684814453125,305.05297351895655,290.63209381103513,275.77489166259767,261.0053469848633,2577915836.821121,91.39344262295081,68.23770491803278,69.26229508196722,75.49180327868852,0.9740518962075848,0.8093103178445602,True,True,True,True,True,True,True,True,True,True,True,True,True,True,True,
BIOCON-2024-06-20,BIOCON,2024-06-11 00:00:00,2024-06-20 00:00:00,6,343.10369873046875,14.12214585413532,12.591995987299317,325.22387503435374,1.2660840555530268,341.46014404296875,337.87423326071155,323.00755920410154,303.3765850830078,268.8161979675293,2615548932.725464,74.74541751527495,71.89409368635438,76.17107942973523,74.03258655804481,0.9780876494023905,0.989144664746102,True,True,True,True,True,True,True,True,True,True,True,True,True,True,True,
BIOCON-2024-07-15,BIOCON,2024-07-05 00:00:00,2024-07-15 00:00:00,6,369.26409912109375,11.472778936299434,10.852322754986016,348.2174282710885,1.8344876134076258,358.2420349121094,355.0999779351167,350.7534423828125,328.4471142578125,276.41635108947753,1933678551.5258331,59.2292089249493,81.54158215010142,55.375253549695735,66.99797160243408,0.9801192842942346,0.7517775252316968,True,True,True,True,True,True,True,True,True,False,True,True,True,True,False,RS_FAIL
BIOCON-2025-01-23,BIOCON,2025-01-20 00:00:00,2025-01-23 00:00:00,3,400.5348205566406,13.117642813203432,13.266905958857086,379.1390562658899,1.6310677608339075,396.2955322265625,391.35808642815806,376.01696624755857,361.04192321777344,340.6263612365723,1239745698.571045,99.19191919191918,97.97979797979798,87.27272727272727,95.13131313131314,0.9880239520958084,0.9935290240372393,True,True,True,True,True,True,True,True,True,True,True,True,True,True,True,
BIOCON-2025-07-23,BIOCON,2025-07-18 00:00:00,2025-07-23 00:00:00,3,398.2737121582031,9.440381833638412,9.493447550317544,384.1406064133711,1.4970904772593312,396.4758605957031,394.2784879651822,376.72985687255857,355.0569720458984,347.2336386108398,1655933476.732544,91.54929577464789,81.08651911468813,37.82696177062374,71.24748490945673,0.9920159680638723,0.8440406981999081,True,True,True,True,True,True,True,True,True,True,True,True,True,True,True,
BIOCON-2026-07-27,BIOCON,2026-07-16 00:00:00,2026-07-27 00:00:00,7,440.70001220703125,13.113728545604161,11.363019803019357,426.3500061035156,1.094273535830195,436.25,435.0,425.5650390625,422.4403918457031,389.4276789855957,2093734003.4448853,75.0,87.2,68.4,77.9,1.0,0.5126174604257233,True,True,True,True,True,True,True,True,True,True,True,True,True,True,True,
BLS-2023-12-22,BLS,2023-12-12 00:00:00,2023-12-22 00:00:00,8,313.2099609375,10.751576455616677,11.855215395964576,289.80071466579375,2.1772850119553535,306.04888916015625,305.0117894097987,286.1238815307617,269.0277117919922,222.75306327819825,940241583.3650055,85.10204081632654,65.91836734693878,87.14285714285714,78.04081632653062,0.9780439121756487,1.6324205811679946,True,True,True,True,True,True,True,True,True,True,True,True,True,True,True,
BLUESTARCO-2023-11-13,BLUESTARCO,2023-11-03 00:00:00,2023-11-13 00:00:00,6,958.3623046875,38.63527509910883,38.52108950082346,899.679011979288,1.5189044870956692,946.5269775390625,946.3297454833985,907.2313690185547,858.6233581542969,751.9272018432617,220923665.2521057,88.36734693877551,88.77551020408163,71.22448979591837,83.38775510204081,0.9780439121756487,0.5739169404174541,True,True,True,True,True,True,True,True,True,True,True,True,True,True,True,
BLUESTARCO-2024-04-16,BLUESTARCO,2024-04-10 00:00:00,2024-04-16 00:00:00,3,1400.1142578125,50.75252825631726,50.31447388724985,1327.5739395058583,1.4292946735636256,1374.76708984375,1363.7701409764768,1302.939227294922,1258.5061108398438,965.4864190673828,414241281.703125,55.942622950819676,95.69672131147541,83.81147540983606,80.20491803278688,0.9740518962075848,1.6330675077162229,True,True,True,True,True,True,True,True,True,True,True,True,True,True,True,
BLUESTARCO-2024-05-31,BLUESTARCO,2024-05-17 00:00:00,2024-05-31 00:00:00,9,1561.3699951171875,57.3695988083801,59.80938527150677,1452.288138988944,1.9013878150444679,1554.811279296875,1488.0900679099686,1471.8558532714844,1396.8448071289063,1069.1622439575194,563848289.380188,77.14285714285715,83.6734693877551,86.3265306122449,82.51020408163265,0.9780439121756487,4.625207855998896,True,True,True,True,True,True,True,True,True,True,True,True,True,True,True,
BLUESTARCO-2024-06-10,BLUESTARCO,2024-06-04 00:00:00,2024-06-10 00:00:00,4,1579.66552734375,69.52530648699343,68.48729839995745,1493.218405182397,1.2433907382706078,1573.994384765625,1564.9700357495522,1513.5382446289063,1433.5312280273438,1093.5757244873048,565551245.6192627,78.81873727087576,80.04073319755601,87.9837067209776,82.05702647657841,0.9800399201596807,0.6549781756523662,True,True,True,True,True,True,True,True,True,True,True,True,True,True,True,
BLUESTARCO-2024-07-16,BLUESTARCO,2024-07-09 00:00:00,2024-07-16 00:00:00,5,1819.8724365234375,82.50656360252715,81.52997491439649,1656.939973614489,1.9747818330414377,1713.798828125,1704.5276841662146,1657.2704223632813,1576.202646484375,1207.80275390625,357010243.37158203,32.657200811359026,75.45638945233266,95.131845841785,68.51926977687627,0.9801192842942346,1.964121883204701,True,True,True,True,True,True,True,True,True,False,True,True,True,True,False,RS_FAIL
BLUESTARCO-2024-09-20,BLUESTARCO,2024-09-16 00:00:00,2024-09-20 00:00:00,4,1916.252197265625,61.28219683124762,63.861627498969014,1825.2873847358105,1.4843595241910743,1911.4984130859375,1892.0377106744334,1763.3228698730468,1708.7595092773438,1392.5490197753907,719576843.6907349,84.58417849898579,71.19675456389453,79.71602434077079,77.76876267748479,0.9840319361277445,1.3894435151740099,True,True,True,True,True,True,True,True,True,True,True,True,True,True,True,
BLUESTARCO-2024-12-26,BLUESTARCO,2024-12-16 00:00:00,2024-12-26 00:00:00,7,2135.864990234375,77.15685469678091,74.08510592812276,1945.07167702258,2.4727979641160154,2019.546875,1995.77826682836,1987.362646484375,1904.2014184570312,1675.16984375,472921503.1999512,90.89068825910931,75.30364372469636,83.19838056680162,82.34817813765181,0.988,0.7426838269011569,True,True,True,True,True,True,True,True,True,True,True,True,True,True,True,
BOSCHLTD-2024-02-26,BOSCHLTD,2024-02-20 00:00:00,2024-02-26 00:00:00,4,28226.98046875,742.375083426735,757.6284654552695,27039.348020950358,1.599774122695013,28065.474609375,28005.1456416358,25538.52138671875,23262.5160546875,19820.496318359375,905951649.3779297,96.13034623217924,80.44806517311609,81.26272912423626,85.39714867617108,0.9800399201596807,0.8780546883410486,True,True,True,True,True,True,True,True,True,True,True,True,True,True,True,
BOSCHLTD-2024-05-27,BOSCHLTD,2024-05-14 00:00:00,2024-05-27 00:00:00,8,31098.296875,853.1908761032934,807.0803509550607,29791.42772890691,1.5317429929183521,30790.501953125,30548.501058104655,29704.36689453125,29380.391796875,23037.2842578125,1457777858.0664062,75.71428571428571,65.91836734693878,79.79591836734694,73.0204081632653,0.9780439121756487,2.476971737577798,True,True,True,True,True,True,True,True,True,True,True,True,True,True,True,
BOSCHLTD-2024-07-02,BOSCHLTD,2024-06-27 00:00:00,2024-07-02 00:00:00,3,33895.45703125,1078.8918466286257,1022.504601194497,32873.70396665556,0.9470393791437639,33793.18359375,33632.29009515133,31682.52578125,30390.7246875,24722.631083984375,1397955475.6328125,71.54471544715447,48.983739837398375,88.21138211382113,67.52032520325204,0.9800796812749004,0.7982195507894767,True,True,True,True,True,True,True,True,True,False,True,True,True,True,False,RS_FAIL
BOSCHLTD-2024-10-08,BOSCHLTD,2024-09-27 00:00:00,2024-10-08 00:00:00,6,37222.62109375,879.3177535338464,888.2276731116224,35501.65899303528,1.9571560949365945,37214.3359375,36388.40820445968,35178.8525390625,33265.026875,29426.48728515625,1485913002.3496094,97.54601226993866,72.59713701431492,61.554192229038854,76.76891615541922,0.978,0.8696381063449834,True,True,True,True,True,True,True,True,True,True,True,True,True,True,True,
BOSCHLTD-2025-07-28,BOSCHLTD,2025-07-17 00:00:00,2025-07-28 00:00:00,7,37878.24609375,840.6115486585813,770.0418531486692,36682.45375198649,1.4225266636792155,37476.3828125,37358.763306341694,36006.87880859375,33126.338359375,31388.173251953125,1438620553.6992188,98.59154929577466,93.56136820925553,83.09859154929578,91.93158953722335,0.9920159680638723,0.9216603512756267,True,True,True,True,True,True,True,True,True,True,True,True,True,True,True,
BOSCHLTD-2026-07-22,BOSCHLTD,2026-07-09 00:00:00,2026-07-22 00:00:00,9,41948.953125,907.4746982508183,804.9245542620785,40135.88367462158,1.99792837626565,41288.30078125,41054.83398915387,40956.7314453125,38857.098046875,36619.10015625,1068990456.8964844,69.8,69.8,67.2,69.02,1.0,0.5652322098050119,True,True,True,True,True,True,True,True,True,False,True,True,True,True,False,RS_FAIL
BOSCHLTD-2026-08-25,BOSCHLTD,2026-08-20 00:00:00,2026-08-25 00:00:00,3,48750.0,1093.2020902394813,1035.0710613178355,47785.0,0.8827279133619321,48680.0,48595.0,44995.065234375,42464.919921875,37379.2637109375,1518896850.0,96.2,95.8,88.2,93.64000000000001,1.0,0.8638850889192886,True,True,True,True,True,True,True,True,True,True,True,True,True,True,True,
BPCL-2024-01-03,BPCL,2023-12-28 00:00:00,2024-01-03 00:00:00,3,207.71267700195312,4.923020069552092,4.9984771087600635,199.81978589474645,1.603262021217962,205.59451293945312,204.85875289016903,200.95755920410156,179.15512969970703,158.4101992034912,3576787789.3882446,48.36734693877551,91.42857142857143,63.469387755102034,70.12244897959184,0.9780439121756487,0.8032498933454723,True,True,True,True,True,True,True,True,True,True,True,True,True,True,True,
BPCL-2024-03-01,BPCL,2024-02-20 00:00:00,2024-03-01 00:00:00,8,293.2414245605469,11.46941107416788,10.736468741383112,265.0811625375395,2.455249170241326,277.9461364746094,272.8179807794012,276.53033142089845,235.96972076416014,178.02983238220216,6890038576.41748,97.9633401221996,93.07535641547861,92.66802443991853,94.41955193482687,0.9800399201596807,0.6191643562751051,True,True,True,True,True,True,True,True,True,True,True,True,True,True,True,
BPCL-2024-08-09,BPCL,2024-07-31 00:00:00,2024-08-09 00:00:00,7,312.1933288574219,9.58423346832305,9.87442701286534,296.8088556831869,1.6051855607527055,306.8684387207031,306.7530447113315,292.9350616455078,280.4139831542969,242.99472061157226,5374091117.599594,92.0892494929006,59.2292089249493,64.50304259634888,70.66937119675455,0.9801192842942346,0.6167250312400077,True,True,True,True,True,True,True,True,True,True,True,True,True,True,True,
BPCL-2026-02-18,BPCL,2026-02-09 00:00:00,2026-02-18 00:00:00,7,388.29998779296875,9.842850696521078,9.011607825407632,366.54998779296875,2.2097256852313594,380.8999938964844,375.79998779296875,368.6468032836914,360.4913427734375,327.3481660461426,2239742661.1506653,79.71887550200803,81.72690763052208,91.36546184738957,84.0160642570281,0.9940119760479041,0.4066479708777567,True,True,True,True,True,True,True,True,True,True,True,True,True,True,True,
BRIGADE-2023-12-14,BRIGADE,2023-12-05 00:00:00,2023-12-14 00:00:00,7,648.4205322265625,27.152763851964323,25.286055840806338,590.2514215755282,2.1422905958365694,634.0549926757812,610.3110622128219,591.4087951660156,518.2421844482421,433.70767700195313,226224456.22000122,90.61224489795919,92.85714285714286,80.0,88.32653061224491,0.9780439121756487,3.493082874292786,True,True,True,True,True,True,True,True,True,True,True,True,True,True,True,
BRIGADE-2024-01-25,BRIGADE,2024-01-18 00:00:00,2024-01-25 00:00:00,4,738.2608032226562,26.901322049182472,30.072176481507054,672.5366567594173,2.4431567468349136,725.6817016601562,711.6882702464923,698.6886413574218,640.3840161132813,480.6420489501953,377633689.1936035,84.48979591836735,93.26530612244898,88.9795918367347,89.34693877551021,0.9780439121756487,0.4294105526253114,True,True,True,True,True,True,True,True,True,True,True,True,True,True,True,
BRIGADE-2024-04-24,BRIGADE,2024-04-18 00:00:00,2024-04-24 00:00:00,4,766.8801879882812,29.52136670244816,29.31941852637716,722.2205360927137,1.512790798126023,759.5113525390625,749.500214449133,723.2886505126953,714.3820385742188,574.2883897399902,379829253.92648315,76.4344262295082,49.795081967213115,88.11475409836066,69.28278688524591,0.9740518962075848,0.6452250265901698,True,True,True,True,True,True,True,True,True,False,True,True,True,True,False,RS_FAIL
BRITANNIA-2024-07-26,BRITANNIA,2024-07-23 00:00:00,2024-07-26 00:00:00,3,5697.56689453125,103.56613132174292,101.11507082311725,5560.464768960691,1.3238123682020317,5628.60791015625,5621.132559780237,5467.936669921875,5242.540712890625,4815.850065917969,1203235975.180664,73.42799188640974,70.18255578093306,42.190669371196755,62.758620689655174,0.9801192842942346,0.6581934398654331,True,True,True,True,True,True,True,True,True,False,True,True,True,True,False,RS_FAIL
BRITANNIA-2026-02-24,BRITANNIA,2026-02-18 00:00:00,2026-02-24 00:00:00,4,6074.82763671875,124.76903839249586,117.57500814253551,5943.022814477848,1.0563904630431844,6061.548828125,6049.253609572785,5877.144799804688,5888.687529296875,5715.117478027344,1594675612.9528809,59.23694779116466,71.6867469879518,75.90361445783132,69.21686746987952,0.996,0.700880673535063,True,True,True,True,True,True,True,True,True,False,True,True,True,True,False,RS_FAIL
BSE-2023-11-06,BSE,2023-10-30 00:00:00,2023-11-06 00:00:00,5,625.47314453125,30.958434703740473,30.928700486827147,576.9566976562127,1.5671479304208962,614.1185302734375,600.9842178637763,543.4937133789062,454.5238928222656,254.1887833404541,2999262706.394348,99.79550102249489,99.79550102249489,99.79550102249489,99.79550102249488,0.9760479041916168,0.6777214034731944,True,True,True,True,True,True,True,True,True,True,True,True,True,True,True,
BSE-2024-04-10,BSE,2024-04-04 00:00:00,2024-04-10 00:00:00,4,952.5965576171875,41.72150179193486,41.86769182217927,888.4902074599122,1.5365302638666671,943.7963256835938,927.0857908711092,800.1117340087891,782.6334619140625,568.8911144256592,2669203674.7108154,98.5655737704918,82.58196721311475,97.74590163934425,91.92622950819671,0.9740518962075848,1.070085074607682,True,True,True,True,True,True,True,True,True,True,True,True,True,True,True,
BSE-2024-10-01,BSE,2024-09-20 00:00:00,2024-10-01 00:00:00,7,1320.6610107421875,64.74123103006832,66.80794240823678,1186.4390587310984,2.0732066702400402,1278.8865966796875,1267.6516324371858,1124.663882446289,965.4256286621094,855.1066958618164,6590325060.26239,99.79550102249489,98.15950920245399,84.86707566462167,94.66257668711656,0.978,2.079850923569705,True,True,True,True,True,True,True,True,True,True,True,True,True,True,True,
BSE-2024-11-18,BSE,2024-11-07 00:00:00,2024-11-18 00:00:00,6,1614.6568603515625,79.13010801756512,79.36520797292637,1475.34778892165,1.760506524254827,1559.6258544921875,1546.0379045790137,1476.7520874023437,1345.3960205078124,967.8551086425781,10531539051.401184,97.76876267748479,100.0,97.76876267748479,98.66125760649086,0.986,1.0263708544788788,True,True,True,True,True,True,True,True,True,True,True,True,True,True,True,
BSE-2025-01-23,BSE,2025-01-17 00:00:00,2025-01-23 00:00:00,4,1988.0589599609375,76.35623310092625,76.61733230909417,1856.2398489929153,1.7263700108645503,1958.5467529296875,1927.1621047108697,1825.6156433105468,1738.9069384765626,1196.260065612793,7373451073.799011,95.55555555555556,99.5959595959596,100.0,98.5050505050505,0.9880239520958084,1.0492261870925355,True,True,True,True,True,True,True,True,True,True,True,True,True,True,True,
BSE-2025-04-08,BSE,2025-04-02 00:00:00,2025-04-08 00:00:00,4,1874.0863037109375,96.11651304672924,100.51558761006721,1649.8858776664256,2.3325900923550122,1835.4271240234375,1739.914050361858,1561.7750549316406,1663.748603515625,1388.6019046020508,23244298477.700684,99.79381443298969,87.01030927835052,99.38144329896907,94.55670103092783,0.9680638722554891,0.759412562908265,True,True,True,True,True,True,True,True,True,True,True,True,True,True,True,
BSE-2025-05-23,BSE,2025-05-19 00:00:00,2025-05-23 00:00:00,4,2479.800048828125,92.41191127867845,99.00459874672966,2292.2942221203707,2.0290222776835503,2441.567626953125,2433.755040877853,2278.7449951171875,1924.953876953125,1590.053323059082,23512052025.129272,88.8211382113821,96.34146341463415,99.1869918699187,94.9390243902439,0.9781312127236581,1.663066823387294,True,True,True,True,True,True,True,True,True,True,True,True,True,True,True,
BSE-2025-11-26,BSE,2025-11-19 00:00:00,2025-11-26 00:00:00,5,2890.684326171875,89.26445474839515,83.66057683973297,2787.6557099046354,1.1541953239689948,2879.11474609375,2847.298624955905,2693.309362792969,2442.3136181640625,2264.3741119384767,12990918581.984375,96.76113360323887,95.34412955465586,83.80566801619433,92.3076923076923,0.9840637450199203,0.6518147705420716,True,True,True,True,True,True,True,True,True,True,True,True,True,True,True,
BSOFT-2023-08-16,BSOFT,2023-08-09 00:00:00,2023-08-16 00:00:00,4,433.1745910644531,11.548398013559279,10.931172524201893,418.39048855362034,1.2801864374153347,430.6947326660156,428.1670816628104,402.1852096557617,359.71663330078127,296.6332349395752,953957969.2924194,91.80327868852459,92.00819672131148,92.21311475409836,92.00819672131146,0.9721115537848606,0.970622032241396,True,True,True,True,True,True,True,True,True,True,True,True,True,True,True,
BSOFT-2023-08-22,BSOFT,2023-08-17 00:00:00,2023-08-22 00:00:00,3,448.3879699707031,11.543622922057454,11.72172675653249,427.5471229132752,1.8053991539870407,444.76348876953125,442.37890377155054,416.3803451538086,369.51782653808596,300.35649314880374,953957969.2924194,93.23770491803278,89.75409836065575,91.59836065573771,91.35245901639344,0.9721115537848606,0.8744338347386648,True,True,True,True,True,True,True,True,True,True,True,True,True,True,True,
BSOFT-2024-02-15,BSOFT,2024-02-06 00:00:00,2024-02-15 00:00:00,7,819.60009765625,23.875039540925787,25.47347048566974,769.947650372856,2.0796802115565716,810.8123779296875,805.7702771417026,795.0235260009765,726.7962036132812,499.687978515625,1440423481.9298096,73.06122448979592,86.73469387755102,91.42857142857143,84.04081632653062,0.9780439121756487,0.6235493865267062,True,True,True,True,True,True,True,True,True,True,True,True,True,True,True,
CAMS-2024-05-15,CAMS,2024-05-02 00:00:00,2024-05-15 00:00:00,9,634.92041015625,22.050248224716764,23.548959058414194,581.2997577146552,2.4317482458764257,632.0906372070312,617.3569185663271,616.5483642578125,592.4021862792969,521.3505003356934,918704530.5383301,76.07361963190185,76.07361963190185,68.50715746421268,73.80368098159511,0.9760479041916168,1.281621871405209,True,True,True,True,True,True,True,True,True,True,True,True,True,True,True,
CAMS-2024-05-30,CAMS,2024-05-23 00:00:00,2024-05-30 00:00:00,5,680.6753540039062,23.132302874682928,24.403029669300683,640.7621327484079,1.7254322438939373,664.04248046875,663.0161586489564,637.5275634765625,609.4447326660156,532.2509350585938,904792300.7495117,76.93877551020408,77.14285714285715,56.326530612244895,70.83673469387755,0.9780439121756487,0.900502314309265,True,True,True,True,True,True,True,True,True,True,True,True,True,True,True,
CAMS-2024-06-24,CAMS,2024-06-13 00:00:00,2024-06-24 00:00:00,6,703.1788330078125,28.73345727827515,27.05801792682303,669.1550229609996,1.184118211647912,701.4523315429688,701.0014026524815,672.8702087402344,640.986533203125,549.182516784668,728810593.0635071,38.4928716904277,67.41344195519349,65.9877800407332,58.30957230142567,0.9780876494023905,1.041591539974416,True,True,True,True,True,True,True,True,True,False,True,True,True,True,False,RS_FAIL
CAMS-2024-10-01,CAMS,2024-09-23 00:00:00,2024-10-01 00:00:00,6,890.8095092773438,30.58203145187438,28.819510672832966,849.9721375088518,1.3353387538285661,884.7824096679688,865.2329890963556,857.7813171386719,840.051904296875,663.4047155761718,1027438614.5765686,60.73619631901841,84.04907975460122,85.48057259713701,77.48466257668711,0.978,1.5250247502188832,True,True,True,True,True,True,True,True,True,True,True,True,True,True,True,
CAMS-2026-06-30,CAMS,2026-06-18 00:00:00,2026-06-30 00:00:00,7,825.8770141601562,23.202589431692616,19.979972938003318,775.4993117534677,2.171210353697729,790.2258911132812,789.878774695188,774.8299743652344,772.5659423828125,738.3974285888672,820968464.7657776,53.2,70.19999999999999,62.2,62.7,1.0,1.444209417594338,True,True,True,True,True,True,True,True,True,False,True,True,True,True,False,RS_FAIL
CANBK-2023-10-10,CANBK,2023-10-03 00:00:00,2023-10-10 00:00:00,5,69.96199035644531,1.933661678303217,1.9247937432782973,66.0767398162439,2.0092711066243547,67.78734588623047,67.63266325768213,67.38926048278809,63.17998580932617,56.21731418609619,3574468982.8865814,91.22448979591836,56.93877551020409,63.6734693877551,69.24489795918367,0.9780439121756487,0.4510275663132553,True,True,True,True,True,True,True,True,True,False,True,True,True,True,False,RS_FAIL
CANBK-2023-11-28,CANBK,2023-11-15 00:00:00,2023-11-28 00:00:00,8,74.138427734375,1.7953122056859956,1.6396125559350503,70.79000507950082,1.865092123959988,72.0820541381836,72.02746582935275,71.34049072265626,68.99623123168945,58.55104614257812,1671331284.8891258,65.10204081632654,77.75510204081633,70.0,71.63265306122449,0.9780439121756487,0.986677092001339,True,True,True,True,True,True,True,True,True,True,True,True,True,True,True,
CANBK-2024-01-25,CANBK,2024-01-19 00:00:00,2024-01-25 00:00:00,3,84.92070770263672,2.090959711494478,2.4720867881622177,80.61689384942395,2.058295924858684,84.6750259399414,83.64685331619452,82.8406810760498,79.14941009521485,64.6407985496521,2768956323.2982063,76.32653061224491,74.08163265306122,69.38775510204081,73.34693877551021,0.9780439121756487,1.8486535957726118,True,True,True,True,True,True,True,True,True,True,True,True,True,True,True,
CANBK-2024-02-14,CANBK,2024-02-09 00:00:00,2024-02-14 00:00:00,3,103.91026306152344,3.2464169263642257,3.5563730023392597,97.28620969716663,2.040419796534057,103.08226013183594,100.95309440569886,91.63028869628906,85.14162902832031,67.53595663070679,4358559511.311798,93.87755102040816,88.57142857142857,87.55102040816325,89.85714285714286,0.9780439121756487,0.9267985757925924,True,True,True,True,True,True,True,True,True,True,True,True,True,True,True,
CANBK-2024-03-01,CANBK,2024-02-15 00:00:00,2024-03-01 00:00:00,10,106.83103942871094,3.669555000623788,3.4703795946343496,99.04230679102903,2.122527836851579,105.30239868164062,103.3552174864196,102.65414695739746,90.90946716308594,70.53202304840087,4901223033.554821,92.66802443991853,89.81670061099797,90.4276985743381,90.85539714867618,0.9800399201596807,0.7388835264520751,True,True,True,True,True,True,True,True,True,True,True,True,True,True,True,
CANBK-2025-07-14,CANBK,2025-07-01 00:00:00,2025-07-14 00:00:00,9,111.73413848876953,2.7701433830305793,2.4093861356063107,107.65858337223408,1.4712433809389083,110.04002380371094,109.86577194062062,108.09034156799316,104.4238330078125,94.0015718460083,1940612831.0917435,49.899396378269614,78.87323943661971,85.3118712273642,72.11267605633803,0.994,1.514217677834171,True,True,True,True,True,True,True,True,True,True,True,True,True,True,True,
CANBK-2025-10-10,CANBK,2025-10-07 00:00:00,2025-10-10 00:00:00,3,123.97048950195312,2.700509665127563,2.654781794912391,120.71778753577037,1.2044770689717597,123.32188415527344,122.93465982227647,117.01929626464843,109.70449447631836,97.80418426513671,3621321626.2327995,96.34888438133873,88.43813387423936,89.65517241379311,91.1764705882353,0.9840319361277445,0.7776418895027305,True,True,True,True,True,True,True,True,True,True,True,True,True,True,True,
CANBK-2025-10-20,CANBK,2025-10-15 00:00:00,2025-10-20 00:00:00,3,124.30931854248047,2.699615593522282,2.800587821522772,120.62098134622357,1.3662453295599002,123.51549530029297,123.47677951225884,120.67858390808105,111.95815155029297,98.67536254882812,3386745001.688141,94.9290060851927,86.81541582150102,86.81541582150102,89.24949290060853,0.9801192842942346,0.9883727940386636,True,True,True,True,True,True,True,True,True,True,True,True,True,True,True,
CANBK-2025-11-25,CANBK,2025-11-19 00:00:00,2025-11-25 00:00:00,4,145.57772827148438,3.157977870544649,3.227668851474182,140.3308135864848,1.661479244024803,143.94168090820312,143.8448751195297,137.48033332824707,126.3869775390625,104.12996963500977,4067002100.983612,98.582995951417,98.17813765182186,96.35627530364373,97.75303643724695,0.9840637450199203,0.8306483815907596,True,True,True,True,True,True,True,True,True,True,True,True,True,True,True,
CANBK-2026-01-14,CANBK,2025-12-31 00:00:00,2026-01-14 00:00:00,9,149.9630584716797,3.21731493371542,3.4056673950063425,142.26693891031334,2.3920939416641787,148.9756317138672,146.74907272562032,146.8889633178711,143.82338958740235,115.3808703994751,2777538607.3793945,79.27565392354124,95.37223340040242,95.97585513078471,90.72434607645876,0.9920159680638723,1.158654195338703,True,True,True,True,True,True,True,True,True,True,True,True,True,True,True,
CANFINHOME-2025-12-05,CANFINHOME,2025-12-01 00:00:00,2025-12-05 00:00:00,4,894.2267456054688,21.072100410487703,22.35720964725882,867.3793466982709,1.2740732240358812,885.86767578125,882.474895152816,875.1483795166016,832.8179052734375,743.5184503173828,236272599.5346985,75.80645161290323,91.33064516129032,83.66935483870968,84.375,0.9880478087649402,0.7178956707080263,True,True,True,True,True,True,True,True,True,True,True,True,True,True,True,
CAPLIPOINT-2024-08-26,CAPLIPOINT,2024-08-19 00:00:00,2024-08-26 00:00:00,5,1834.9100341796875,82.6665114762853,85.72570598953259,1725.6177445854619,1.3220866302744434,1830.7850341796875,1767.3664485514205,1619.4887084960938,1520.3805102539063,1374.496968383789,282182006.26641846,95.131845841785,93.30628803245436,52.53549695740365,81.62271805273834,0.9801192842942346,19.791416645689296,True,True,True,True,True,True,True,True,True,True,True,True,True,True,True,
CAPLIPOINT-2024-08-30,CAPLIPOINT,2024-08-27 00:00:00,2024-08-30 00:00:00,3,1945.494873046875,91.0762643698595,94.8244356357958,1771.8892840968122,1.9061562323752415,1893.60693359375,1851.858094218733,1680.8296508789062,1558.61546875,1391.416930541992,441996157.5866089,97.16024340770791,94.7261663286004,64.50304259634888,86.38945233265719,0.9820717131474104,1.7809499393628647,True,True,True,True,True,True,True,True,True,True,True,True,True,True,True,
CAPLIPOINT-2024-09-17,CAPLIPOINT,2024-09-05 00:00:00,2024-09-17 00:00:00,8,2106.923583984375,99.30525080006977,89.71554755181945,1893.6070327529571,2.148089345858316,1995.841796875,1957.6715371097273,1908.1991760253907,1688.7226635742188,1437.8027807617189,480310626.45532227,76.06490872210954,95.53752535496957,83.56997971602435,86.105476673428,0.9840319361277445,0.5863883461337563,True,True,True,True,True,True,True,True,True,True,True,True,True,True,True,
CAPLIPOINT-2024-11-05,CAPLIPOINT,2024-10-31 00:00:00,2024-11-05 00:00:00,3,2025.83837890625,78.49562464375435,77.01971481016835,1941.8846255333551,1.0695341779100653,2012.20263671875,2001.403595090261,1900.8905334472656,1924.22076171875,1542.2135235595704,155503092.7675171,80.61224489795919,94.89795918367348,92.44897959183673,89.87755102040816,0.98,0.984494129606737,True,True,True,True,True,True,True,True,True,True,True,True,True,True,True,
CAPLIPOINT-2024-12-23,CAPLIPOINT,2024-12-11 00:00:00,2024-12-23 00:00:00,8,2458.04833984375,93.18639482765597,93.94763308720883,2281.730621928306,1.892097212705092,2406.292724609375,2396.6880425750755,2321.438122558594,2090.8315380859376,1659.8575146484375,506746158.0148926,97.16599190283401,97.57085020242914,97.77327935222672,97.51012145748987,0.988,1.3530106874016623,True,True,True,True,True,True,True,True,True,True,True,True,True,True,True,
CAPLIPOINT-2025-01-02,CAPLIPOINT,2024-12-27 00:00:00,2025-01-02 00:00:00,3,2587.935302734375,100.23817068731601,101.590697745375,2440.4811362152846,1.4710380836763322,2547.675048828125,2521.100714345548,2425.7432861328125,2173.722302246094,1697.292713623047,300931083.0749512,90.2834008097166,95.1417004048583,98.582995951417,94.7165991902834,0.988,2.4368672184296263,True,True,True,True,True,True,True,True,True,True,True,True,True,True,True,
CARBORUNIV-2024-05-13,CARBORUNIV,2024-05-06 00:00:00,2024-05-13 00:00:00,5,1501.3455810546875,66.02116255274991,59.23934659074588,1429.607963094925,1.0865851976242495,1491.93896484375,1470.4029321228325,1374.7424621582031,1239.017861328125,1159.4053570556641,225406143.9906006,94.67213114754098,95.90163934426229,71.31147540983606,88.15573770491802,0.9740518962075848,1.1153152690711,True,True,True,True,True,True,True,True,True,True,True,True,True,True,True,
CARBORUNIV-2024-06-03,CARBORUNIV,2024-05-22 00:00:00,2024-06-03 00:00:00,8,1721.6090087890625,80.79234950073091,73.14717306465455,1554.5672966022794,2.06754368723083,1657.9906005859375,1615.1656677140331,1574.9969787597656,1395.206328125,1188.2585650634765,248754202.95080566,83.87755102040816,97.34693877551021,74.28571428571429,86.38775510204083,0.9780439121756487,1.4953502299804524,True,True,True,True,True,True,True,True,True,True,True,True,True,True,True,
CARBORUNIV-2026-06-29,CARBORUNIV,2026-06-19 00:00:00,2026-06-29 00:00:00,5,1238.746337890625,52.8980584101091,51.30101531630446,1132.3001391001455,2.0122893351816673,1189.0648193359375,1175.59692648428,1098.650405883789,1044.4356799316406,904.841213684082,198884349.40393066,93.4,95.8,92.4,94.06,1.0,1.4441745143533051,True,True,True,True,True,True,True,True,True,True,True,True,True,True,True,
CARTRADE-2026-08-03,CARTRADE,2026-07-27 00:00:00,2026-08-03 00:00:00,5,2978.5,139.21586299088762,147.96282553341365,2705.0,1.9645749710139135,2803.300048828125,2785.699951171875,2793.5049682617187,2513.095983886719,2373.1379931640627,1122256343.5080566,66.2,99.6,47.599999999999994,73.98,1.0,0.8557195186275391,True,True,True,True,True,True,True,True,True,True,True,True,True,True,True,
CASTROLIND-2024-02-09,CASTROLIND,2024-02-06 00:00:00,2024-02-09 00:00:00,3,173.11932373046875,7.983217972893489,7.901362143966472,163.8007829014945,1.1672662403325031,172.34988403320312,172.2216592039324,158.97910766601564,145.75108123779296,120.56863594055176,751426018.8947983,78.9795918367347,87.55102040816325,66.53061224489795,78.67346938775509,0.9780439121756487,2.3956573824589853,True,True,True,True,True,True,True,True,True,True,True,True,True,True,True,
CASTROLIND-2024-02-27,CASTROLIND,2024-02-16 00:00:00,2024-02-27 00:00:00,6,177.56484985351562,8.329070685815047,7.488591496105911,169.058502078986,1.021284137859039,175.42758178710938,174.8291462713155,171.19363555908203,158.32937423706053,125.08304332733154,823701064.90168,74.54175152749491,89.40936863543789,71.69042769857434,79.63340122199594,0.9800399201596807,1.414579775479293,True,True,True,True,True,True,True,True,True,True,True,True,True,True,True,
CASTROLIND-2024-08-07,CASTROLIND,2024-07-30 00:00:00,2024-08-07 00:00:00,6,237.2996826171875,11.414926997286416,12.214937969899877,210.00746882531996,2.3909232006788574,227.16416931152344,224.83925699264043,226.1437629699707,199.87225860595703,165.07998455047607,2144366155.9559402,68.96551724137932,89.4523326572008,81.13590263691684,80.81135902636916,0.9801192842942346,1.1087551314713109,True,True,True,True,True,True,True,True,True,True,True,True,True,True,True,
CASTROLIND-2024-09-03,CASTROLIND,2024-08-27 00:00:00,2024-09-03 00:00:00,5,244.03387451171875,10.601454559485786,9.623558859054286,231.3371951562573,1.1976355965324519,238.39584350585938,235.73221336241338,230.5647415161133,221.33357330322266,175.2283444213867,1215836908.4237137,65.11156186612575,93.30628803245436,80.12170385395537,80.89249492900608,0.9820717131474104,2.4127389871135936,True,True,True,True,True,True,True,True,True,True,True,True,True,True,True,
CASTROLIND-2025-08-05,CASTROLIND,2025-07-23 00:00:00,2025-08-05 00:00:00,9,211.53724670410156,5.105546981534441,4.977214379426804,200.52835387183524,2.156261194360349,205.39447021484375,204.08081243027516,205.34821166992188,201.98300567626953,188.429013671875,292303904.137619,69.61770623742454,61.3682092555332,89.738430583501,72.35412474849095,0.9920159680638723,1.996231258289503,True,True,True,True,True,True,True,True,True,True,True,True,True,True,True,
CCL-2025-09-10,CCL,2025-09-03 00:00:00,2025-09-10 00:00:00,5,930.6862182617188,32.77428287310603,30.447857862777678,888.7993617142564,1.2780403681031849,915.0285034179688,908.5460137242347,891.6691101074218,875.9752563476562,734.9218542480469,116510682.7239685,70.02012072434609,79.27565392354124,95.57344064386318,81.38832997987927,0.9920159680638723,1.6140627415784572,True,True,True,True,True,True,True,True,True,True,True,True,True,True,True,
CCL-2026-02-16,CCL,2026-02-10 00:00:00,2026-02-16 00:00:00,4,1031.050048828125,35.55130797388137,37.80571534877167,970.5999755859375,1.7003614406141851,1025.75,1017.7999877929688,975.0970031738282,963.1638000488281,892.6324230957031,189676958.94628906,82.49496981891348,62.776659959758554,85.71428571428571,75.57344064386318,0.9920159680638723,2.3776647261593578,True,True,True,True,True,True,True,True,True,True,True,True,True,True,True,
CCL-2026-04-01,CCL,2026-03-20 00:00:00,2026-04-01 00:00:00,6,1087.5999755859375,37.699245150419564,38.28999578997321,1024.300048828125,1.6790767694484732,1082.300048828125,1058.300048828125,1046.6199981689454,1011.5274865722656,929.314303894043,233507120.87860107,93.81443298969072,92.57731958762886,94.43298969072164,93.50515463917526,0.97,1.1654391483402047,True,True,True,True,True,True,True,True,True,True,True,True,True,True,True,
CCL-2026-04-13,CCL,2026-04-07 00:00:00,2026-04-13 00:00:00,4,1146.0999755859375,42.73644361973883,45.087655910702516,1047.5999755859375,2.3048244462369225,1095.300048828125,1087.0,1073.5200073242188,1033.2114233398438,939.8909594726563,276833348.2494507,70.57613168724279,93.00411522633745,94.8559670781893,86.8312757201646,0.972,0.8266122980424566,True,True,True,True,True,True,True,True,True,True,True,True,True,True,True,
CCL-2026-06-18,CCL,2026-06-10 00:00:00,2026-06-18 00:00:00,6,1193.4000244140625,45.62633941220936,42.77795093608165,1102.0999755859375,2.0010382161776845,1132.4000244140625,1128.300048828125,1101.1600036621094,1108.5980053710937,997.5865014648438,224316345.08532715,48.296593186372746,43.28657314629258,72.74549098196393,53.62725450901803,0.9900793650793651,0.9583705258614771,True,True,True,True,True,True,True,True,True,False,True,True,True,True,False,RS_FAIL
CDSL-2024-05-06,CDSL,2024-04-25 00:00:00,2024-05-06 00:00:00,6,1047.4962158203125,39.0447067206058,38.11244245670044,991.0063681594902,1.4467991286257977,1045.231689453125,1021.540054102791,979.9031585693359,920.6292919921875,788.4369631958008,3251068552.161377,89.95901639344262,82.78688524590164,81.76229508196722,84.6311475409836,0.9740518962075848,2.776031416975678,True,True,True,True,True,True,True,True,True,True,True,True,True,True,True,
CEMPRO-2026-06-29,CEMPRO,2026-06-22 00:00:00,2026-06-29 00:00:00,4,1273.199951171875,58.37676775679346,53.622575612262246,1205.0,1.168272136203334,1252.800048828125,1247.4000244140625,1173.7641387939452,984.8219140625,783.2266845703125,555178293.482544,95.6,99.8,95.8,97.33999999999999,1.0,1.1379967100699606,True,True,True,True,True,True,True,True,True,True,True,True,True,True,True,
CENTRALBK-2023-09-22,CENTRALBK,2023-09-18 00:00:00,2023-09-22 00:00:00,3,49.87822341918945,2.759650189335993,3.143434555439753,44.52896183470574,1.9383839318311622,49.01077651977539,49.01077064841412,39.16042957305908,34.04634559631348,29.002138986587525,1242121186.9436798,99.38650306748467,98.77300613496932,97.34151329243353,98.52760736196319,0.9760479041916168,4.124968417860415,True,True,True,True,True,True,True,True,True,True,True,True,True,True,True,
CENTRALBK-2023-10-10,CENTRALBK,2023-10-03 00:00:00,2023-10-10 00:00:00,5,50.601097106933594,2.8694726250707467,2.8861105869908714,44.76991870467971,2.0321428931945693,47.56502914428711,46.84215166837963,46.300001525878905,38.166720123291014,29.872718706130982,2445385159.5327034,98.77551020408163,97.95918367346938,95.51020408163265,97.46938775510203,0.9780439121756487,0.5608349775402449,True,True,True,True,True,True,True,True,True,True,True,True,True,True,True,
CENTRALBK-2024-04-10,CENTRALBK,2024-04-05 00:00:00,2024-04-10 00:00:00,3,63.22726821899414,3.162996349375088,2.9391843894702476,60.673125135125474,0.8075074397013728,62.745357513427734,62.55259517276636,58.56715316772461,60.54975257873535,45.339545545578005,948551610.1413422,40.36885245901639,83.81147540983606,56.557377049180324,62.60245901639344,0.9740518962075848,0.7986277970212302,True,True,True,True,True,True,True,True,True,False,True,True,True,True,False,RS_FAIL
CENTURYPLY-2024-01-02,CENTURYPLY,2023-12-19 00:00:00,2024-01-02 00:00:00,8,819.7361450195312,26.233711926253278,28.412283081675945,763.328138341282,2.150210646393472,778.0410766601562,775.1483209616192,759.3406799316406,683.6088525390625,619.2425747680664,197091205.66497803,84.08163265306122,67.14285714285714,48.57142857142857,66.65306122448979,0.9780439121756487,1.1291764248678169,True,True,True,True,True,True,True,True,True,False,True,True,True,True,False,RS_FAIL
CENTURYPLY-2024-10-01,CENTURYPLY,2024-09-23 00:00:00,2024-10-01 00:00:00,6,915.340087890625,32.63775696469671,31.71438474186121,862.4071530004919,1.621831271903552,895.964599609375,892.2693358951958,849.1902496337891,778.0025061035157,723.1658389282227,120651284.23010254,92.02453987730061,86.29856850715747,74.23312883435584,84.39672801635993,0.978,0.9034967215914576,True,True,True,True,True,True,True,True,True,True,True,True,True,True,True,
CERA-2023-08-18,CERA,2023-08-14 00:00:00,2023-08-18 00:00:00,3,8224.5,245.17511707530502,237.79484865034237,8016.075192032851,0.8501058771927967,8215.11328125,8195.94826524376,7775.8318359375,7566.575048828125,6253.066379394531,168295363.18701172,81.55737704918032,53.48360655737705,80.94262295081968,70.14344262295083,0.9721115537848606,0.5480366799905949,True,True,True,True,True,True,True,True,True,True,True,True,True,True,True,
CESC-2023-11-29,CESC,2023-11-22 00:00:00,2023-11-29 00:00:00,4,87.59056091308594,2.765684126331763,2.612156448704201,84.65186469499456,1.0625567070774238,86.84491729736328,86.49402828764734,81.08815689086914,79.15958587646485,67.95615774154663,377894044.1598129,83.87755102040816,79.18367346938776,73.06122448979592,78.75510204081633,0.9780439121756487,2.2562512061281654,True,True,True,True,True,True,True,True,True,True,True,True,True,True,True,
CESC-2024-04-26,CESC,2024-04-22 00:00:00,2024-04-26 00:00:00,4,130.01361083984375,5.0508355380013095,4.605867217446686,127.2965067606745,0.5379514060052814,129.96832275390625,129.0173205574109,124.19447135925293,117.24863876342773,94.9763886642456,731179735.1968231,87.90983606557377,46.72131147540984,85.45081967213115,70.69672131147541,0.9740518962075848,0.852504134637813,True,True,True,True,True,True,True,True,True,True,True,True,True,True,True,
CGPOWER-2024-05-24,CGPOWER,2024-05-17 00:00:00,2024-05-24 00:00:00,4,651.8114624023438,23.606755960236704,24.08637297798824,619.4473945454546,1.370966341644032,644.4922485351562,643.2972023617276,590.4641937255859,538.9366900634766,455.48236618041994,1821888788.4696045,91.42857142857143,95.91836734693877,84.28571428571429,91.08163265306122,0.9780439121756487,0.42553964715366677,True,True,True,True,True,True,True,True,True,True,True,True,True,True,True,
CGPOWER-2026-06-15,CGPOWER,2026-06-04 00:00:00,2026-06-15 00:00:00,7,937.9000244140625,28.352243575343973,27.6476297209044,895.0,1.5131086293068443,935.5,919.0,899.790005493164,839.2929992675781,729.9425625610352,2849740132.2784424,87.5751503006012,84.76953907815631,91.78356713426854,87.71543086172345,0.9900793650793651,0.833558724317927,True,True,True,True,True,True,True,True,True,True,True,True,True,True,True,
CGPOWER-2026-06-29,CGPOWER,2026-06-17 00:00:00,2026-06-29 00:00:00,7,963.75,26.89668222347752,24.535690915110028,912.0,1.924029126344385,956.25,948.9500122070312,932.9825012207032,882.21,741.8997113037109,3221992350.79541,65.8,90.0,94.0,83.94,1.0,3.5390132917869175,True,True,True,True,True,True,True,True,True,True,True,True,True,True,True,
CHALET-2023-09-26,CHALET,2023-09-11 00:00:00,2023-09-26 00:00:00,10,574.1638793945312,17.682487480835672,16.561355414810542,536.4556725804655,2.132517093815789,556.4335327148438,552.088359231516,549.586148071289,511.04883850097656,413.2606703186035,87777528.15820312,69.73415132924336,87.73006134969326,82.82208588957054,80.85889570552149,0.9760479041916168,1.380050753917414,True,True,True,True,True,True,True,False,True,True,True,True,True,True,False,LIQUIDITY_FAIL
CHALET-2023-10-11,CHALET,2023-10-06 00:00:00,2023-10-11 00:00:00,3,608.3759765625,19.285787061887046,19.39336802636549,584.352613348969,1.2456511697677302,605.0297241210938,604.3305111867593,567.0817657470703,533.5988580322265,424.3146746826172,113413287.85253906,87.34693877551021,88.57142857142857,87.75510204081633,87.95918367346938,0.9780439121756487,0.9533001485845838,True,True,True,True,True,True,True,True,True,True,True,True,True,True,True,
CHALET-2024-04-10,CHALET,2024-04-01 00:00:00,2024-04-10 00:00:00,7,900.4025268554688,47.057833631516836,36.62328404867195,841.6176168521816,1.2492056150225348,858.69873046875,858.0494260269754,817.9163757324219,811.3741235351563,624.5088905334472,331207538.05200195,91.59836065573771,84.01639344262296,77.6639344262295,84.38524590163935,0.9740518962075848,0.22538694369384424,True,True,True,True,True,True,True,True,True,True,True,True,True,True,True,
CHALET-2024-12-27,CHALET,2024-12-12 00:00:00,2024-12-27 00:00:00,10,1015.8745727539062,40.420137427303345,45.064995365154495,924.9752798251152,2.248861550564388,988.0054321289062,986.4571586329997,949.428173828125,896.1352160644532,846.1216271972656,396903413.8838196,93.31983805668015,90.08097165991903,82.99595141700405,88.92712550607287,0.988,2.315026844451061,True,True,True,True,True,True,True,True,True,True,True,True,True,True,True,
CHAMBLFERT-2024-01-12,CHAMBLFERT,2024-01-03 00:00:00,2024-01-12 00:00:00,7,367.8067321777344,11.691821749393295,11.557152476945783,350.02035988888036,1.5212661183255698,365.0008850097656,363.2412225183391,351.03808135986327,320.45487426757813,274.2030518341064,1264175524.4078827,56.12244897959183,85.51020408163265,73.46938775510205,73.08163265306123,0.9780439121756487,2.185675420324608,True,True,True,True,True,True,True,True,True,True,True,True,True,True,True,
CHAMBLFERT-2024-12-16,CHAMBLFERT,2024-12-05 00:00:00,2024-12-16 00:00:00,7,527.024658203125,15.140645082758535,13.635132899519371,500.18986158026905,1.7723681174862338,514.405029296875,511.55230991222084,491.4504425048828,474.74529541015625,437.01096054077146,702251826.725647,81.78137651821862,76.51821862348179,79.75708502024291,79.06882591093117,0.988,0.5481974680574372,True,True,True,True,True,True,True,True,True,True,True,True,True,True,True,
CHAMBLFERT-2025-03-05,CHAMBLFERT,2025-02-27 00:00:00,2025-03-05 00:00:00,4,555.7933959960938,21.386810926186488,23.216151799165964,510.0051179936836,2.1409586572042847,552.2637329101562,527.0246363701452,524.6529998779297,495.90404846191404,476.5640943908691,1180138132.989441,98.38709677419355,94.95967741935483,94.55645161290323,95.86693548387098,0.992,1.0587407492723735,True,True,True,True,True,True,True,True,True,True,True,True,True,True,True,
CHENNPETRO-2025-07-15,CHENNPETRO,2025-07-04 00:00:00,2025-07-15 00:00:00,7,727.7493896484375,28.616091050215775,26.589316578106345,671.5508215684765,1.9638799716335549,701.84423828125,684.9044764960969,658.5228057861328,635.1298828125,604.312960357666,1229894639.5465393,97.38430583501007,67.6056338028169,80.28169014084507,80.3420523138833,0.994,1.189645027373376,True,True,True,True,True,True,True,True,True,True,True,True,True,True,True,
CHENNPETRO-2026-03-20,CHENNPETRO,2026-03-17 00:00:00,2026-03-20 00:00:00,3,1012.5247192382812,56.79962472996322,58.502928092209096,946.8325259448067,1.1565603400689426,1012.239501953125,1004.4439372034378,912.9097686767578,857.6936340332031,771.8132916259766,2736230692.8073425,99.79919678714859,96.18473895582329,98.59437751004016,97.99196787148594,0.996,1.55509989770638,True,True,True,True,True,True,True,True,True,True,True,True,True,True,True,
CHENNPETRO-2026-06-15,CHENNPETRO,2026-06-09 00:00:00,2026-06-15 00:00:00,4,1175.1536865234375,44.57474684822567,49.368673022912084,1068.6002189192775,2.3904447055407436,1160.013916015625,1110.378443399481,1060.1776000976563,1018.9398986816407,874.9144302368164,1124613285.0514526,95.59118236472945,86.57314629258516,87.17434869739479,89.45891783567133,0.9900793650793651,2.1797570408297426,True,True,True,True,True,True,True,True,True,True,True,True,True,True,True,
CHENNPETRO-2026-08-17,CHENNPETRO,2026-08-11 00:00:00,2026-08-17 00:00:00,4,1426.0999755859375,68.36161148795348,69.58816286796542,1308.0,1.7275774080713238,1382.4000244140625,1368.800048828125,1252.0880554199218,1160.70166015625,977.2825503540039,2215970375.7056885,98.0,97.39999999999999,96.8,97.4,1.0,1.1909122814501414,True,True,True,True,True,True,True,True,True,True,True,True,True,True,True,
CHENNPETRO-2026-08-24,CHENNPETRO,2026-08-19 00:00:00,2026-08-24 00:00:00,3,1440.300048828125,70.90560471280405,68.51371081091958,1379.5999755859375,0.856068761955377,1412.0999755859375,1408.0,1306.1466064453125,1188.4576513671875,989.7820086669922,2375391303.1621094,96.39999999999999,97.8,97.39999999999999,97.25999999999999,1.0,0.8621278118698662,True,True,True,True,True,True,True,True,True,True,True,True,True,True,True,
CHOICEIN-2026-01-14,CHOICEIN,2026-01-02 00:00:00,2026-01-14 00:00:00,8,850.2999877929688,19.024747898377484,18.68325781095584,806.0,2.3285453257831,831.5499877929688,823.0,818.1774993896485,794.8439990234375,738.3102488708496,344842213.6288147,90.14084507042254,66.59959758551308,89.738430583501,80.6036217303823,0.9920159680638723,1.4767902791763503,True,True,True,True,True,True,True,True,True,True,True,True,True,True,True,
CHOLAFIN-2023-09-28,CHOLAFIN,2023-09-15 00:00:00,2023-09-28 00:00:00,8,1222.031982421875,34.86589220411177,34.94989196340706,1165.3671188438714,1.6252233915677936,1214.7623291015625,1200.4218497263112,1163.8210388183593,1117.085018310547,930.1794262695313,2487457364.728821,86.9120654396728,46.62576687116564,87.52556237218813,70.98159509202453,0.9760479041916168,1.5051340024992357,True,True,True,True,True,True,True,True,True,True,True,True,True,True,True,
CHOLAFIN-2025-05-26,CHOLAFIN,2025-05-21 00:00:00,2025-05-26 00:00:00,3,1653.36865234375,50.81597436844727,47.24539556393821,1601.4513425334958,1.0216730163200567,1642.1865234375,1632.2024519760757,1571.4390686035156,1528.7380224609376,1401.8094500732423,1952483073.185669,61.78861788617886,74.1869918699187,95.52845528455285,76.869918699187,0.9781312127236581,0.43603079738532374,True,True,True,True,True,True,True,True,True,True,True,True,True,True,True,
CHOLAFIN-2026-02-17,CHOLAFIN,2026-02-09 00:00:00,2026-02-17 00:00:00,6,1769.5048828125,50.5825925623739,45.99722926599328,1683.1390014246329,1.7074229890721502,1731.419921875,1720.7242155391891,1685.7639282226562,1701.07408203125,1616.084223022461,2181897818.7579346,61.24497991967871,72.28915662650603,83.33333333333334,72.28915662650603,0.9940119760479041,0.2536110775548469,True,True,True,True,True,True,True,True,True,True,True,True,True,True,True,
CHOLAFIN-2026-08-13,CHOLAFIN,2026-08-06 00:00:00,2026-08-13 00:00:00,5,1940.0,56.86276159339677,52.969301100785216,1862.0,1.3717237400066375,1927.9000244140625,1917.5999755859375,1830.444580078125,1759.2844213867188,1665.3407330322266,2653137535.3466797,74.8,88.6,65.8,77.61999999999999,1.0,0.6191222604050612,True,True,True,True,True,True,True,True,True,True,True,True,True,True,True,
CHOLAHLDNG-2024-08-09,CHOLAHLDNG,2024-08-01 00:00:00,2024-08-09 00:00:00,6,1544.715087890625,55.64131766759358,64.55614165149544,1427.1889850657146,2.112209195458351,1540.3717041015625,1504.72423213928,1494.9303100585937,1382.8117846679688,1154.2578378295898,356328471.6370239,77.079107505071,92.69776876267748,78.70182555780933,83.81338742393508,0.9801192842942346,2.429167662656617,True,True,True,True,True,True,True,True,True,True,True,True,True,True,True,
CHOLAHLDNG-2025-05-06,CHOLAHLDNG,2025-04-25 00:00:00,2025-05-06 00:00:00,6,1977.375244140625,91.33089620508052,89.9325474467772,1775.3739894902187,2.211751587292203,1883.2144775390625,1866.139759450147,1832.3722045898437,1703.2496875,1650.4690106201172,830679538.5627441,84.80492813141683,97.74127310061603,88.50102669404517,91.08829568788501,0.9720558882235529,0.2822265112053098,True,True,True,True,True,True,True,True,True,True,True,True,True,True,True,
CHOLAHLDNG-2025-06-03,CHOLAHLDNG,2025-05-28 00:00:00,2025-06-03 00:00:00,4,1950.3153076171875,74.72136190125511,71.97281946664799,1827.2972387985017,1.64635742294493,1895.895751953125,1887.2085801771786,1852.6397216796875,1818.1297680664063,1686.0758392333985,253941286.31085205,37.52535496957404,69.97971602434076,89.4523326572008,66.08519269776875,0.9801192842942346,0.858377797230102,True,True,True,True,True,True,True,True,True,False,True,True,True,True,False,RS_FAIL
CHOLAHLDNG-2025-07-10,CHOLAHLDNG,2025-06-30 00:00:00,2025-07-10 00:00:00,8,2162.801025390625,79.7781445236176,80.73824309513914,2000.4411826548271,2.0351418763284563,2113.274169921875,2094.402132181021,2054.5261169433593,1942.8303247070312,1725.3118060302734,370437913.4859619,85.51307847082495,63.38028169014085,94.96981891348088,79.49698189134809,0.994,0.6987483270804538,True,True,True,True,True,True,True,True,True,True,True,True,True,True,True,
CIEINDIA-2024-07-16,CIEINDIA,2024-07-09 00:00:00,2024-07-16 00:00:00,5,600.14892578125,18.069418123373094,18.428662249321057,570.1899473303965,1.6579935361671125,593.8953857421875,584.6362056003638,572.490200805664,533.3940411376954,475.5376783752441,184014005.27664185,68.76267748478702,76.8762677484787,63.691683569979716,70.4868154158215,0.9801192842942346,1.14023698859384,True,True,True,True,True,True,True,True,True,True,True,True,True,True,True,
CIPLA-2024-03-14,CIPLA,2024-03-11 00:00:00,2024-03-14 00:00:00,3,1461.9744873046875,30.4537249363328,32.81974014684472,1408.4177136157869,1.7586280102308525,1454.733154296875,1437.5775006471697,1428.2804138183594,1362.6456176757813,1178.6197946166992,1904502147.0272217,79.42973523421588,86.9653767820774,62.52545824847251,77.37270875763747,0.9800399201596807,1.2905805486107627,True,True,True,True,True,True,True,True,True,True,True,True,True,True,True,
CLEAN-2024-08-12,CLEAN,2024-08-02 00:00:00,2024-08-12 00:00:00,6,1634.6260986328125,66.36091683278629,68.2563017841455,1530.987913670257,1.5617352789699845,1621.2501220703125,1596.8268155190442,1527.1932678222656,1450.9599096679688,1395.9155041503907,336096773.82366943,84.78701825557809,79.71602434077079,55.172413793103445,73.87423935091277,0.9801192842942346,1.3475482142731592,True,True,True,True,True,True,True,True,True,True,True,True,True,True,True,
COALINDIA-2023-10-27,COALINDIA,2023-10-17 00:00:00,2023-10-27 00:00:00,7,260.30877685546875,5.8334804251679895,6.13499140455899,248.41696147808318,2.0385455183974694,257.4793701171875,253.5427655075432,248.4825538635254,225.4555908203125,192.76567085266115,2164980055.432022,93.66053169734151,95.91002044989774,75.05112474437627,88.97750511247443,0.9760479041916168,1.189169874269589,True,True,True,True,True,True,True,True,True,True,True,True,True,True,True,
COALINDIA-2023-12-22,COALINDIA,2023-12-19 00:00:00,2023-12-22 00:00:00,3,314.74896240234375,7.881254080203159,8.799626114954332,296.86501224356294,2.2691756891461368,311.5752868652344,306.0428514207612,300.24022521972654,278.5949786376953,214.27184120178222,3983039930.6204224,63.26530612244898,89.38775510204081,89.79591836734694,81.6734693877551,0.9780439121756487,1.0468671254145445,True,True,True,True,True,True,True,True,True,True,True,True,True,True,True,
COALINDIA-2024-05-31,COALINDIA,2024-05-22 00:00:00,2024-05-31 00:00:00,7,435.2871398925781,13.21960953829499,12.077741599981277,415.59203603062247,1.4898400595647132,426.17706298828125,423.35724856765523,411.26256561279297,394.2597332763672,314.94610473632815,5365214553.195709,82.0408163265306,71.22448979591837,79.18367346938776,76.85714285714286,0.9780439121756487,0.8660739078005387,True,True,True,True,True,True,True,True,True,True,True,True,True,True,True,
COALINDIA-2026-01-22,COALINDIA,2026-01-12 00:00:00,2026-01-22 00:00:00,7,421.0350036621094,8.78140220208704,8.92505836846494,400.8257351044485,2.301371477195047,412.17218017578125,408.71466961323875,408.91919708251953,386.8487030029297,368.95710388183596,2843179463.522644,92.95774647887323,91.14688128772636,88.32997987927565,90.84507042253522,0.9920159680638723,1.595588731216914,True,True,True,True,True,True,True,True,True,True,True,True,True,True,True,
COALINDIA-2026-03-11,COALINDIA,2026-03-05 00:00:00,2026-03-11 00:00:00,4,443.4754943847656,11.314239076588468,11.358387994623277,428.0318130194026,1.3649774643103705,440.8604431152344,439.0348149852066,422.58761138916014,418.1956500244141,378.5011364746094,3698331510.553772,89.7590361445783,92.9718875502008,89.7590361445783,91.0441767068273,0.996,1.1405177213583497,True,True,True,True,True,True,True,True,True,True,True,True,True,True,True,
COALINDIA-2026-03-20,COALINDIA,2026-03-12 00:00:00,2026-03-20 00:00:00,6,463.9026184082031,12.591195233644909,12.661549124963498,443.27816474581755,1.6380060256134392,461.97833251953125,453.93577575184304,439.1162445068359,425.37349304199216,381.6169804382324,4483235339.702286,98.79518072289156,97.79116465863453,94.77911646586345,97.18875502008031,0.996,2.3679044574002304,True,True,True,True,True,True,True,True,True,True,True,True,True,True,True,
COCHINSHIP-2023-08-23,COCHINSHIP,2023-08-17 00:00:00,2023-08-23 00:00:00,4,426.1167907714844,18.032436713550712,20.12793899710754,397.6019697118249,1.5813071473713614,421.9806213378906,412.0297122907929,350.42716827392576,316.59304382324217,269.92427085876466,1136187825.7079773,97.1311475409836,98.97540983606558,95.90163934426229,97.5,0.9721115537848606,4.131573319618941,True,True,True,True,True,True,True,True,True,True,True,True,True,True,True,
COCHINSHIP-2024-01-16,COCHINSHIP,2024-01-10 00:00:00,2024-01-16 00:00:00,4,789.330810546875,35.698816803023064,35.92278679228944,738.006615011189,1.4377001853837292,778.8595581054688,777.728810304794,682.7618133544922,610.2947845458984,414.2104020690918,3304296511.0667725,96.93877551020408,95.10204081632652,98.9795918367347,96.81632653061224,0.9780439121756487,1.5836803304491698,True,True,True,True,True,True,True,True,True,True,True,True,True,True,True,
COCHINSHIP-2024-01-25,COCHINSHIP,2024-01-19 00:00:00,2024-01-25 00:00:00,3,859.041259765625,41.87935478326725,43.720324672743786,782.890716956252,1.8183313282514713,856.9763793945312,840.1634130475571,743.033334350586,651.9830249023438,433.05756088256834,2905957665.5498047,95.10204081632652,97.14285714285714,98.36734693877551,96.89795918367346,0.9780439121756487,0.6001154173070653,True,True,True,True,True,True,True,True,True,True,True,True,True,True,True,
COCHINSHIP-2024-02-08,COCHINSHIP,2024-01-31 00:00:00,2024-02-08 00:00:00,6,896.8953247070312,43.689816673224904,40.899943957122204,848.7174729286841,1.1027249699555906,896.1087036132812,881.9503241309632,839.6766937255859,713.7981921386719,461.85074661254885,3310346203.436493,96.53061224489797,96.12244897959184,98.57142857142858,96.9795918367347,0.9780439121756487,1.020410887668251,True,True,True,True,True,True,True,True,True,True,True,True,True,True,True,
COCHINSHIP-2024-04-16,COCHINSHIP,2024-04-08 00:00:00,2024-04-16 00:00:00,5,1126.520263671875,54.00018485736466,54.76704084992967,1011.0251612638407,2.1387908710516728,1089.1571044921875,1071.0431090297734,975.2958221435547,896.4952319335938,602.8022911071778,3884745682.3861694,99.59016393442623,94.05737704918032,97.74590163934425,96.82377049180327,0.9740518962075848,1.1077902294858433,True,True,True,True,True,True,True,True,True,True,True,True,True,True,True,
COCHINSHIP-2024-06-03,COCHINSHIP,2024-05-29 00:00:00,2024-06-03 00:00:00,3,1992.0909423828125,124.56861884763191,124.18138958708826,1876.546612695375,0.927555677796889,1987.105712890625,1984.144498431196,1570.368896484375,1272.6667517089843,780.4121571350098,14054599139.704773,99.38775510204081,100.0,100.0,99.81632653061224,0.9780439121756487,0.6167152292818172,True,True,True,True,True,True,True,True,True,True,True,True,True,True,True,
COFORGE-2023-08-30,COFORGE,2023-08-24 00:00:00,2023-08-30 00:00:00,4,1043.4818115234375,34.02784735421428,34.03492156982042,984.8894496603973,1.7218944605317106,1025.557373046875,1020.737786985972,980.3073669433594,937.2574877929687,824.2070358276367,2370839234.990082,87.52556237218813,60.122699386503065,46.421267893660534,64.23312883435582,0.9741035856573705,1.4595174528243493,True,True,True,True,True,True,True,True,True,False,True,True,True,True,False,RS_FAIL
COFORGE-2023-09-15,COFORGE,2023-09-06 00:00:00,2023-09-15 00:00:00,7,1088.9212646484375,32.00065164637043,28.925094146953818,1039.0976000873436,1.5569578117245928,1087.6243896484375,1072.3424114284708,1040.4786041259765,978.9578271484374,843.6329470825195,2326804643.3981323,77.91411042944786,73.8241308793456,71.77914110429448,74.43762781186095,0.9760479041916168,1.0263199960925184,True,True,True,True,True,True,True,True,True,True,True,True,True,True,True,
COFORGE-2023-11-29,COFORGE,2023-11-20 00:00:00,2023-11-29 00:00:00,6,1109.150634765625,27.661585194389055,26.35669578500748,1067.1818259435574,1.5172235621037589,1106.4886474609375,1095.850768205446,1039.1760803222655,1015.0498291015625,901.9994540405273,1186407319.7354126,79.18367346938776,54.69387755102041,60.40816326530612,63.755102040816325,0.9780439121756487,2.3975365157681234,True,True,True,True,True,True,True,True,True,False,True,True,True,True,False,RS_FAIL
COFORGE-2024-02-15,COFORGE,2024-02-12 00:00:00,2024-02-15 00:00:00,3,1299.0826416015625,36.27346243831019,37.22486792219515,1246.2322295110012,1.4569993746928174,1294.9124755859375,1288.929515954215,1252.1594116210938,1214.8976049804687,1016.1875607299804,2339289275.3170776,52.04081632653062,75.71428571428571,62.857142857142854,64.75510204081633,0.9780439121756487,0.4569967798504921,True,True,True,True,True,True,True,True,True,False,True,True,True,True,False,RS_FAIL
COFORGE-2024-12-26,COFORGE,2024-12-19 00:00:00,2024-12-26 00:00:00,4,1900.5010986328125,38.213018318051446,40.92719803252604,1833.2257787146848,1.7605340504167273,1868.255859375,1863.6802736832612,1792.4480590820312,1636.9203051757813,1265.7840734863282,2835431137.834778,86.8421052631579,99.19028340080972,98.78542510121457,95.36437246963563,0.988,0.9791184206647384,True,True,True,True,True,True,True,True,True,True,True,True,True,True,True,
COFORGE-2025-07-15,COFORGE,2025-07-04 00:00:00,2025-07-15 00:00:00,7,1928.27734375,47.08189220483526,46.62409972581397,1820.9201328125,2.2802229458074863,1872.2261962890625,1869.1617133735022,1869.8042114257812,1758.915390625,1624.082501220703,2854538914.482544,58.14889336016097,96.17706237424547,42.45472837022133,68.65191146881288,0.994,1.0424256023336045,True,True,True,True,True,True,True,True,True,False,True,True,True,True,False,RS_FAIL
COFORGE-2025-11-11,COFORGE,2025-10-27 00:00:00,2025-11-11 00:00:00,10,1813.7974853515625,47.91415616814801,43.396080224394204,1703.0270036205823,2.3118529175854996,1784.5538330078125,1759.8276381795995,1751.4548950195312,1709.9158154296874,1652.7598413085936,2326751310.400635,73.68421052631578,62.55060728744939,55.66801619433198,63.82591093117408,0.9821073558648111,1.6390889230366958,True,True,True,True,True,True,True,True,True,False,True,True,True,True,False,RS_FAIL
COFORGE-2026-08-19,COFORGE,2026-08-13 00:00:00,2026-08-19 00:00:00,4,1829.0,51.29643486739257,47.41607713813045,1762.199951171875,1.3022357011907577,1813.0999755859375,1795.0,1729.0426452636718,1572.731484375,1507.1913671875,4141671519.5,98.6,93.4,86.2,92.8,1.0,1.1096495526381447,True,True,True,True,True,True,True,True,True,True,True,True,True,True,True,
COHANCE-2023-10-20,COHANCE,2023-10-12 00:00:00,2023-10-20 00:00:00,6,589.9500122070312,16.391278757574504,17.219763494557302,564.8499755859375,1.531304359612265,589.0999755859375,576.0999755859375,564.8725006103516,537.02,495.0449995422363,150050126.0,87.75510204081633,79.79591836734694,48.36734693877551,72.75510204081633,0.9780439121756487,3.2304217217271467,True,True,True,True,True,True,True,True,True,True,True,True,True,True,True,
COHANCE-2024-07-23,COHANCE,2024-07-18 00:00:00,2024-07-23 00:00:00,3,872.2999877929688,32.368391858838514,35.239601306010364,815.0499877929688,1.7687007822221268,867.0999755859375,852.0,819.464990234375,723.2439953613281,662.4277474975586,263900177.09277344,97.16024340770791,88.64097363083164,56.99797160243407,81.70385395537525,0.9801192842942346,1.0523550372634003,True,True,True,True,True,True,True,True,True,True,True,True,True,True,True,
COHANCE-2024-09-19,COHANCE,2024-09-13 00:00:00,2024-09-19 00:00:00,4,1208.0,49.14362636335129,52.0910106124199,1134.949951171875,1.4864602845548625,1179.5,1167.5,1135.525,1017.1819970703125,760.7862469482421,331147928.5925293,93.50912778904666,98.98580121703854,95.33468559837728,96.24746450304261,0.9840319361277445,8.937276192284738,True,True,True,True,True,True,True,True,True,True,True,True,True,True,True,
COLPAL-2023-10-10,COLPAL,2023-09-26 00:00:00,2023-10-10 00:00:00,9,1937.7431640625,38.57229100703945,39.135927461507926,1844.2247723778894,2.4244966851345042,1902.556640625,1885.7364915893381,1873.4539306640625,1862.8178198242188,1566.4562994384767,611020354.9279785,64.89795918367346,63.469387755102034,61.0204081632653,63.16326530612244,0.9780439121756487,2.118064377550707,True,True,True,True,True,True,True,True,True,False,True,True,True,True,False,RS_FAIL
COLPAL-2023-10-27,COLPAL,2023-10-20 00:00:00,2023-10-27 00:00:00,4,1977.8958740234375,41.53706378606243,45.09738885791817,1878.8021378997312,2.385670220555088,1949.550048828125,1934.55712031312,1912.1614562988282,1880.5685205078125,1596.5494799804687,797580279.0714111,72.39263803680981,70.75664621676891,69.32515337423312,70.81799591002044,0.9760479041916168,2.3803684631346496,True,True,True,True,True,True,True,True,True,True,True,True,True,True,True,
COLPAL-2023-11-15,COLPAL,2023-11-08 00:00:00,2023-11-15 00:00:00,4,2024.2596435546875,42.58271148776037,39.63037755985098,1984.1087526996043,0.9428918322080971,2023.312744140625,2017.015460327005,1972.9068359375,1916.4393603515625,1632.6714672851563,756601211.9377441,75.51020408163265,61.63265306122449,66.12244897959184,67.14285714285714,0.9780439121756487,0.6135234176275801,True,True,True,True,True,True,True,True,True,False,True,True,True,True,False,RS_FAIL
COLPAL-2023-12-22,COLPAL,2023-12-19 00:00:00,2023-12-22 00:00:00,3,2292.201171875,46.83863408407869,47.65112628474111,2229.1335435458645,1.3464873509318092,2278.990478515625,2277.854364264226,2193.27470703125,2067.3639990234374,1738.185354614258,655909797.7177734,70.0,79.38775510204081,80.61224489795919,76.93877551020408,0.9780439121756487,0.40664191729967053,True,True,True,True,True,True,True,True,True,True,True,True,True,True,True,
COLPAL-2024-01-04,COLPAL,2023-12-29 00:00:00,2024-01-04 00:00:00,3,2395.513427734375,49.953109160577085,46.954076664568554,2330.4573904093886,1.302342104789916,2369.708984375,2369.5195652516613,2286.2349243164062,2134.7579931640626,1777.2730999755859,605739830.8798828,63.6734693877551,77.55102040816327,76.73469387755102,73.14285714285714,0.9780439121756487,1.3028885012974858,True,True,True,True,True,True,True,True,True,True,True,True,True,True,True,
COLPAL-2024-03-22,COLPAL,2024-03-18 00:00:00,2024-03-22 00:00:00,4,2588.92919921875,61.22087422164925,63.26759759798529,2463.457542812427,2.049491419414473,2564.403076171875,2562.88782162227,2462.489294433594,2415.7982763671876,2032.462855834961,539548411.9145508,89.61303462321793,69.65376782077392,81.05906313645622,79.06313645621182,0.9800399201596807,1.0004824637498604,True,True,True,True,True,True,True,True,True,True,True,True,True,True,True,
COLPAL-2024-09-20,COLPAL,2024-09-09 00:00:00,2024-09-20 00:00:00,9,3533.413330078125,63.47192293489907,66.26276902058284,3437.3956978756682,1.5127575747301476,3512.73193359375,3504.33450250349,3489.015380859375,3312.4382958984374,2706.1110522460935,1342010130.2520752,50.91277890466531,90.26369168356997,65.92292089249493,71.15618661257606,0.9840319361277445,3.0400358774706384,True,True,True,True,True,True,True,True,True,True,True,True,True,True,True,
CONCOR-2024-01-11,CONCOR,2024-01-04 00:00:00,2024-01-11 00:00:00,5,880.5742797851562,23.867745577725422,24.972622998644447,836.9457678048626,1.8279276456260685,870.498779296875,859.5555542165115,836.0394561767578,776.2777026367188,671.7602136230469,1169556669.2591858,51.22448979591837,76.12244897959184,63.06122448979592,64.73469387755102,0.9780439121756487,1.3566867410474086,True,True,True,True,True,True,True,True,True,False,True,True,True,True,False,RS_FAIL
CONCOR-2024-02-14,CONCOR,2024-02-08 00:00:00,2024-02-14 00:00:00,4,919.9246826171875,31.101714332465065,33.814187566297925,864.9237551298258,1.768421087642418,909.0890502929688,903.2842115137187,861.2669158935547,841.6239184570312,704.3647521972656,1694803498.2093506,72.24489795918367,73.46938775510205,67.9591836734694,71.44897959183673,0.9780439121756487,0.7488099952850132,True,True,True,True,True,True,True,True,True,True,True,True,True,True,True,
CONCOR-2024-05-03,CONCOR,2024-04-26 00:00:00,2024-05-03 00:00:00,4,1033.264404296875,33.325752849071435,33.06412344624558,991.0341791248725,1.2671949336976251,1024.9925537109375,1021.2196035751809,936.9305236816406,915.4714294433594,778.891223449707,1864403242.296814,90.3688524590164,82.58196721311475,73.36065573770492,82.15163934426229,0.9740518962075848,1.3447346103375868,True,True,True,True,True,True,True,True,True,True,True,True,True,True,True,
CONCORDBIO-2024-12-11,CONCORDBIO,2024-12-05 00:00:00,2024-12-11 00:00:00,4,2171.41845703125,79.96289203242279,81.43145239117696,2045.6779036391044,1.5724863145415147,2167.81298828125,2083.755744249317,2031.11103515625,1931.3814477539063,1674.1820086669923,146686885.8413086,96.35627530364373,88.8663967611336,92.71255060728745,92.26720647773278,0.988,1.3721198615145846,True,True,True,True,True,True,True,True,True,True,True,True,True,True,True,
CONCORDBIO-2025-01-06,CONCORDBIO,2024-12-31 00:00:00,2025-01-06 00:00:00,3,2183.66650390625,90.60714386812583,89.01668881916581,2050.122800599002,1.4738760941589135,2128.64892578125,2111.5113139339915,2113.180633544922,2001.5481909179687,1733.004613647461,142910185.7692871,68.21862348178138,89.27125506072875,87.4493927125506,82.40890688259108,0.9860279441117764,2.9788790560471976,True,True,True,True,True,True,True,True,True,True,True,True,True,True,True,
CONCORDBIO-2026-08-10,CONCORDBIO,2026-07-31 00:00:00,2026-08-10 00:00:00,6,1420.800048828125,47.360801070153514,50.900053140074895,1356.4000244140625,1.3597748129021197,1419.0,1390.9000244140625,1336.458917236328,1305.08611328125,1252.599562072754,118723110.4321289,84.2,90.60000000000001,54.2,77.76,1.0,3.958555032760213,True,True,True,True,True,True,True,True,True,True,True,True,True,True,True,
COROMANDEL-2024-08-30,COROMANDEL,2024-08-22 00:00:00,2024-08-30 00:00:00,6,1760.4786376953125,53.52685247835456,46.27633038863662,1685.8716491477362,1.3938235687918734,1737.454345703125,1720.8035209760758,1690.6123840332032,1622.4946875,1275.0210357666015,660015413.6066284,76.47058823529412,87.62677484787018,93.91480730223124,86.16632860040568,0.9820717131474104,0.791338099283103,True,True,True,True,True,True,True,True,True,True,True,True,True,True,True,
COROMANDEL-2024-11-19,COROMANDEL,2024-11-07 00:00:00,2024-11-19 00:00:00,7,1756.921142578125,53.22886191237701,52.030782909969545,1645.5046685387197,2.0931590501186026,1743.72900390625,1723.3234933580861,1657.0071350097655,1644.367421875,1408.484384765625,566626004.0587769,96.75456389452333,76.67342799188641,91.27789046653145,87.079107505071,0.986,0.6854139485233068,True,True,True,True,True,True,True,True,True,True,True,True,True,True,True,
COROMANDEL-2024-11-29,COROMANDEL,2024-11-22 00:00:00,2024-11-29 00:00:00,5,1785.083984375,51.79207833487455,47.8739358300134,1724.7563253520782,1.1648047532068193,1767.840576171875,1753.9567506851404,1715.2500122070312,1654.707666015625,1432.6188940429688,602756661.1217041,88.25910931174089,76.92307692307693,88.66396761133603,83.84615384615384,0.988,1.0844306738962044,True,True,True,True,True,True,True,True,True,True,True,True,True,True,True,
CPPLUS-2026-06-18,CPPLUS,2026-06-04 00:00:00,2026-06-18 00:00:00,10,3535.994873046875,150.6852771817456,158.38764210859645,3263.718389430067,1.806921609789442,3512.10546875,3406.45357787938,3159.5256591796874,2653.5513671875,1789.3096990966797,1068739224.5146484,100.0,99.59919839679358,99.79959919839679,99.77955911823648,0.9900793650793651,0.9558881262879393,True,True,True,True,True,True,True,True,True,True,True,True,True,True,True,
CPPLUS-2026-07-06,CPPLUS,2026-06-29 00:00:00,2026-07-06 00:00:00,5,3712.314697265625,145.47478132156874,144.73762638009265,3413.450287187742,2.0544070069247935,3609.76123046875,3607.362233694918,3519.522216796875,3001.2795166015626,1923.819136352539,769708701.2299805,46.400000000000006,99.4,99.8,83.62,1.0,0.8465167100880251,True,True,True,True,True,True,True,True,True,True,True,True,True,True,True,
CRAFTSMAN-2023-08-22,CRAFTSMAN,2023-08-17 00:00:00,2023-08-22 00:00:00,3,4876.76953125,142.92166394034052,144.8910180692181,4693.417904826552,1.2828819744219024,4822.56982421875,4802.363647168934,4701.3040771484375,4351.40265625,3544.74005859375,143006259.40234375,69.05737704918032,92.21311475409836,82.17213114754098,82.25409836065573,0.9721115537848606,0.7664987279892254,True,True,True,True,True,True,True,True,True,True,True,True,True,True,True,
CRAFTSMAN-2023-08-31,CRAFTSMAN,2023-08-24 00:00:00,2023-08-31 00:00:00,5,4928.330078125,141.5030466493582,134.9577246481243,4770.411544058043,1.1160080140060618,4895.43310546875,4868.806045255881,4781.438037109375,4475.7330322265625,3601.7242517089844,131869566.21972656,66.66666666666666,85.48057259713701,78.11860940695297,77.6278118609407,0.9741035856573705,3.5275855756910124,True,True,True,True,True,True,True,True,True,True,True,True,True,True,True,
CRAFTSMAN-2023-12-01,CRAFTSMAN,2023-11-20 00:00:00,2023-12-01 00:00:00,8,5220.3779296875,173.1351131677045,162.73343594312843,4887.369696906407,1.9234009016907523,5077.24072265625,5074.503200576142,4978.3810546875,4754.1946484375,4052.2890478515624,131345594.29296875,35.51020408163265,45.714285714285715,77.55102040816327,52.20408163265306,0.9780439121756487,0.9145181149957091,True,True,True,True,True,True,True,True,True,False,True,True,True,True,False,RS_FAIL
CRAFTSMAN-2024-09-04,CRAFTSMAN,2024-08-26 00:00:00,2024-09-04 00:00:00,7,6250.84716796875,250.64780738719946,241.61791212276714,5773.083725082613,1.9061145910927155,6007.150390625,5925.5685930981945,5676.684790039062,5507.8478125,4798.694692382813,256613858.7055664,87.62677484787018,86.81541582150102,80.73022312373224,85.23326572008114,0.9820717131474104,1.7110097263706086,True,True,True,True,True,True,True,True,True,True,True,True,True,True,True,
CRAFTSMAN-2024-09-12,CRAFTSMAN,2024-09-05 00:00:00,2024-09-12 00:00:00,5,6349.34423828125,254.47233185527043,249.27707719305297,5889.343641314726,1.8076644860084314,6099.859375,6019.524822423914,5917.018774414062,5576.23568359375,4833.744650878906,323374593.70288086,85.19269776876268,93.71196754563894,82.75862068965517,87.87018255578094,0.9820717131474104,0.7431474894914315,True,True,True,True,True,True,True,True,True,True,True,True,True,True,True,
CRAFTSMAN-2026-02-18,CRAFTSMAN,2026-02-11 00:00:00,2026-02-18 00:00:00,5,8109.1044921875,293.9547988348673,275.47903970268425,7643.672689874952,1.5833448004841382,7984.75634765625,7834.93903671103,7685.896044921875,7496.602021484375,6585.200249023437,370534154.8569336,68.67469879518072,95.38152610441767,77.10843373493977,81.88755020080322,0.9940119760479041,1.0340450554575502,True,True,True,True,True,True,True,True,True,True,True,True,True,True,True,
CRAFTSMAN-2026-05-19,CRAFTSMAN,2026-05-08 00:00:00,2026-05-19 00:00:00,7,8970.5537109375,345.57730486966074,343.63816454764293,8232.454231562278,2.135844770401245,8525.5966796875,8488.641615292423,8099.491357421875,7521.36181640625,7174.2828369140625,262705033.75048828,88.25910931174089,65.18218623481782,84.21052631578947,77.81376518218623,0.9801587301587301,0.9553746582430992,True,True,True,True,True,True,True,True,True,True,True,True,True,True,True,
CRAFTSMAN-2026-06-30,CRAFTSMAN,2026-06-19 00:00:00,2026-06-30 00:00:00,6,9794.5478515625,324.75487607344974,292.87419210898173,9192.282491455599,1.8545229170652613,9448.4697265625,9408.518614604416,9244.14453125,8682.9543359375,7523.421789550781,771362557.8989258,72.39999999999999,81.2,89.0,80.9,1.0,0.9971491626031014,True,True,True,True,True,True,True,True,True,True,True,True,True,True,True,
CRAFTSMAN-2026-08-12,CRAFTSMAN,2026-08-06 00:00:00,2026-08-12 00:00:00,4,10555.0,323.9234503758333,336.9989500776805,10200.0,1.0959379433261471,10511.0,10404.0,9824.825,9475.00345703125,7973.616335449219,402237013.75,92.0,88.8,88.4,89.64,1.0,1.8190517505358783,True,True,True,True,True,True,True,True,True,True,True,True,True,True,True,
CREDITACC-2025-10-01,CREDITACC,2025-09-25 00:00:00,2025-10-01 00:00:00,4,1416.5,41.145215686180684,46.13549610125214,1326.0,2.1995266883579845,1400.800048828125,1369.300048828125,1348.864990234375,1328.3880004882812,1123.650750427246,299357820.78204346,56.18661257606491,85.19269776876268,93.50912778904666,78.98580121703854,0.9840319361277445,1.045868378489973,True,True,True,True,True,True,True,True,True,True,True,True,True,True,True,
CRISIL-2024-02-29,CRISIL,2024-02-21 00:00:00,2024-02-29 00:00:00,6,4882.3662109375,172.30859314702724,163.81107262906218,4614.519789203497,1.5544577135828375,4837.3876953125,4748.540124103839,4504.582958984375,4194.064545898437,3890.5596240234377,136049163.71154785,97.9633401221996,60.4887983706721,59.063136456211815,71.30346232179227,0.9800399201596807,1.5966008986130102,True,True,True,True,True,True,True,True,True,True,True,True,True,True,True,
CRISIL-2024-03-26,CRISIL,2024-03-18 00:00:00,2024-03-26 00:00:00,5,5036.392578125,162.97501121375734,167.2231571997007,4724.435687850386,1.9141394005824168,4936.21533203125,4869.0131786148695,4788.875830078125,4425.792333984375,3994.972027587891,181541478.3647461,81.05906313645622,80.24439918533605,75.35641547861506,79.0224032586558,0.9800399201596807,1.8771550037818523,True,True,True,True,True,True,True,True,True,True,True,True,True,True,True,
CRISIL-2024-12-24,CRISIL,2024-12-18 00:00:00,2024-12-24 00:00:00,4,5727.27685546875,178.1934651585088,185.23309901007042,5402.926630659904,1.8202139148050478,5591.49609375,5590.764447125563,5387.35732421875,5201.090205078125,4566.175648193359,230410889.21484375,83.60323886639675,97.36842105263158,91.7004048582996,91.53846153846155,0.988,1.0569679905510683,True,True,True,True,True,True,True,True,True,True,True,True,True,True,True,
CRISIL-2025-07-10,CRISIL,2025-06-30 00:00:00,2025-07-10 00:00:00,8,5948.45458984375,187.6674377418879,179.4841093283479,5625.852968118714,1.7190069071478065,5823.54443359375,5783.219665246937,5715.478173828125,5312.485087890625,5009.887407226563,493541621.40063477,58.55130784708249,86.51911468812877,51.91146881287726,67.74647887323943,0.994,0.3503745743473326,True,True,True,True,True,True,True,True,True,False,True,True,True,True,False,RS_FAIL
CROMPTON-2024-07-08,CROMPTON,2024-06-24 00:00:00,2024-07-08 00:00:00,10,419.20782470703125,13.192463687684924,11.557633376010173,392.85238194445515,1.9977650412014196,409.0449523925781,404.3282055001657,408.32527313232424,373.01086364746095,307.7985372924805,1238959421.392456,37.93103448275862,93.91480730223124,68.76267748478702,69.5740365111562,0.9820717131474104,0.7494800791032104,True,True,True,True,True,True,True,True,True,False,True,True,True,True,False,RS_FAIL
CROMPTON-2024-09-10,CROMPTON,2024-08-30 00:00:00,2024-09-10 00:00:00,7,467.2217102050781,13.888938035361123,13.163208718394387,447.9275836071922,1.3891721993980546,457.3298034667969,456.74216368517364,450.7213073730469,432.6128723144531,340.8967254638672,1146272935.7045593,69.77687626774848,64.50304259634888,91.27789046653145,74.11764705882352,0.9820717131474104,1.1570289187112666,True,True,True,True,True,True,True,True,True,True,True,True,True,True,True,
CUB-2025-06-06,CUB,2025-06-03 00:00:00,2025-06-06 00:00:00,3,148.89903259277344,3.8695932382669462,3.806904984581187,144.13644522997168,1.2307720914187734,148.08197021484375,146.8526693320381,143.51738052368165,132.66647689819337,125.93433132171631,314952894.5209656,54.15821501014199,78.09330628803245,78.90466531440163,71.15618661257606,0.9801192842942346,0.8099140998820302,True,True,True,True,True,True,True,True,True,True,True,True,True,True,True,
CUB-2025-08-18,CUB,2025-08-05 00:00:00,2025-08-18 00:00:00,8,161.41773986816406,5.052983460300433,4.483775125520345,154.18798539243525,1.4307892619341673,158.8988494873047,158.47532395088203,156.4421417236328,154.17552551269532,134.15795879364015,258461446.38510132,69.41649899396378,78.67203219315896,82.69617706237425,77.102615694165,0.9920159680638723,0.7471728638034959,True,True,True,True,True,True,True,True,True,True,True,True,True,True,True,
CUB-2025-10-13,CUB,2025-10-06 00:00:00,2025-10-13 00:00:00,5,163.89950561523438,4.191441819382099,4.238813021729392,157.30874812501287,1.572432058998045,161.76698303222656,160.91992484397966,157.05946044921876,155.06640563964845,138.4469882583618,339944511.0005722,88.64097363083164,70.18255578093306,79.91886409736308,78.64097363083164,0.9840319361277445,1.0332622355985337,True,True,True,True,True,True,True,True,True,True,True,True,True,True,True,
CUB-2025-11-03,CUB,2025-10-28 00:00:00,2025-11-03 00:00:00,4,177.78689575195312,5.552262332796703,5.698278073351204,167.18373540471413,1.9097008951841314,175.3868865966797,175.3200044808781,166.64057159423828,158.1032049560547,141.4622717666626,383814200.65491486,87.82961460446246,76.47058823529412,86.00405679513185,82.73833671399593,0.9801192842942346,0.9120491385744636,True,True,True,True,True,True,True,True,True,True,True,True,True,True,True,
CUB-2025-11-24,CUB,2025-11-18 00:00:00,2025-11-24 00:00:00,4,207.12950134277344,7.529163026183542,7.835980769301877,193.26438650497929,1.841521400131276,201.6978759765625,199.87743476794614,189.6257354736328,171.12079956054689,146.40641540527344,911514452.4176483,98.78542510121457,96.5587044534413,95.1417004048583,96.80161943319837,0.9840637450199203,2.0382808496756497,True,True,True,True,True,True,True,True,True,True,True,True,True,True,True,
CUB-2025-12-12,CUB,2025-12-01 00:00:00,2025-12-12 00:00:00,9,210.24282836914062,7.635458257563693,7.409134970077085,192.5585117311381,2.3160779669621547,203.1096649169922,197.6111665976041,201.7432113647461,184.40692749023438,151.85158576965333,689726066.4781189,91.33064516129032,99.19354838709677,97.58064516129032,96.3508064516129,0.9880478087649402,1.6468170282218342,True,True,True,True,True,True,True,True,True,True,True,True,True,True,True,
CUB-2026-01-06,CUB,2025-12-29 00:00:00,2026-01-06 00:00:00,5,222.13145446777344,6.952388581274333,6.597125484477788,212.7320198642939,1.3519719868357347,219.0106964111328,217.93328927063592,209.8657440185547,200.43932861328125,160.00871887207032,526510912.3311386,85.3118712273642,98.18913480885311,94.96981891348088,93.36016096579476,0.9920159680638723,1.0706004899291246,True,True,True,True,True,True,True,True,True,True,True,True,True,True,True,
CUMMINSIND-2024-03-04,CUMMINSIND,2024-02-23 00:00:00,2024-03-04 00:00:00,6,2717.218994140625,79.46662518632789,84.08720830959146,2561.7323506672114,1.9566282462460076,2690.10400390625,2671.2063388530887,2544.2442016601562,2213.2869067382812,1843.9523663330078,1308524209.8289795,97.75967413441956,91.0386965376782,84.928716904277,91.22199592668025,0.9800399201596807,1.5301381956135773,True,True,True,True,True,True,True,True,True,True,True,True,True,True,True,
CUMMINSIND-2024-04-10,CUMMINSIND,2024-04-03 00:00:00,2024-04-10 00:00:00,5,2947.5244140625,78.78671228766042,75.59979297035572,2825.0975448892254,1.5539024997803983,2900.883056640625,2894.503281501168,2800.5349365234374,2616.5114501953126,1978.722360229492,1532578989.5621338,74.79508196721312,96.31147540983606,90.77868852459017,88.19672131147541,0.9740518962075848,1.031807183033404,True,True,True,True,True,True,True,True,True,True,True,True,True,True,True,
CUMMINSIND-2024-07-04,CUMMINSIND,2024-06-27 00:00:00,2024-07-04 00:00:00,5,3967.296875,151.30970289617957,142.6043426074423,3755.6963686435624,1.3984595984675632,3928.776123046875,3845.3536482121035,3715.45703125,3524.5083251953124,2458.1374908447265,3374779430.883789,82.1501014198783,85.39553752535497,96.75456389452333,87.82961460446246,0.9820717131474104,1.21963972925632,True,True,True,True,True,True,True,True,True,True,True,True,True,True,True,
CUMMINSIND-2025-07-30,CUMMINSIND,2025-07-21 00:00:00,2025-07-30 00:00:00,7,3571.896728515625,73.98857601083341,74.8231677264819,3437.231380247478,1.8200829848168658,3536.3544921875,3523.322569876401,3464.123095703125,3299.987314453125,3101.131033935547,1524940997.843872,87.5251509054326,86.31790744466801,83.90342052313883,85.95573440643864,0.9920159680638723,1.113724250394896,True,True,True,True,True,True,True,True,True,True,True,True,True,True,True,
CUMMINSIND-2025-11-17,CUMMINSIND,2025-11-11 00:00:00,2025-11-17 00:00:00,4,4358.07177734375,98.73349620536013,96.80425633382052,4208.793964291357,1.5119267400589511,4325.4912109375,4307.81841012489,4216.51474609375,4047.5666455078126,3345.6190234375,2361870635.3061523,88.8663967611336,82.38866396761134,95.54655870445345,88.27935222672065,0.9840637450199203,0.9511438275315195,True,True,True,True,True,True,True,True,True,True,True,True,True,True,True,
CUMMINSIND-2025-12-10,CUMMINSIND,2025-12-01 00:00:00,2025-12-10 00:00:00,7,4486.41845703125,96.71015239127037,91.89013776598064,4355.998417130832,1.3485661709306753,4478.02685546875,4438.831497459391,4353.125317382813,4182.498833007812,3483.0366137695314,1969271728.784668,85.68548387096774,89.11290322580645,96.37096774193549,90.26209677419355,0.9880478087649402,1.1555318154206982,True,True,True,True,True,True,True,True,True,True,True,True,True,True,True,
CUMMINSIND-2026-05-14,CUMMINSIND,2026-05-07 00:00:00,2026-05-14 00:00:00,5,5358.5546875,127.9592512193798,132.312137279565,5105.1565362501515,1.980303485954368,5322.85107421875,5226.648867322405,5209.059643554688,4897.008896484375,4300.050148925781,2523153386.176758,70.52845528455285,89.22764227642277,87.8048780487805,83.19105691056912,0.9761904761904762,0.653150969843114,True,True,True,True,True,True,True,True,True,True,True,True,True,True,True,
CYIENT-2023-08-14,CYIENT,2023-08-07 00:00:00,2023-08-14 00:00:00,5,1564.69775390625,50.18842023533701,49.975857275974306,1444.3912965734385,2.397095919112141,1480.9503173828125,1478.471742747387,1436.502752685547,1404.4381176757813,1027.1611016845702,379088259.2043457,75.61475409836066,81.14754098360656,96.51639344262296,84.09836065573771,0.9721115537848606,0.7702308174989949,True,True,True,True,True,True,True,True,True,True,True,True,True,True,True,
DABUR-2024-07-29,DABUR,2024-07-23 00:00:00,2024-07-29 00:00:00,4,630.940673828125,14.617031119179284,14.931141452712177,597.8121630576536,2.266432252921925,620.107421875,614.4490261155574,605.741909790039,578.7789392089844,530.7477333068848,1361149515.2100525,66.93711967545639,80.52738336713996,45.233265720081135,65.86206896551724,0.9801192842942346,0.9919157987738361,True,True,True,True,True,True,True,True,True,False,True,True,True,True,False,RS_FAIL
DALBHARAT-2025-07-09,DALBHARAT,2025-07-02 00:00:00,2025-07-09 00:00:00,5,2209.463134765625,47.68214047261775,47.30820944835484,2111.6340137462207,2.0516931507213743,2165.37548828125,2147.361911349531,2118.769873046875,2065.9203979492186,1866.414921875,708331398.5180664,56.13682092555332,56.33802816901409,85.71428571428571,65.09054325955734,0.9920159680638723,1.3476751692765025,True,True,True,True,True,True,True,True,True,False,True,True,True,True,False,RS_FAIL
DATAPATTNS-2023-08-31,DATAPATTNS,2023-08-22 00:00:00,2023-08-31 00:00:00,7,2384.69140625,86.50529310882744,88.424272525437,2218.9408279719987,1.9160744079495784,2355.155029296875,2331.575605863141,2189.7893676757812,2042.0656567382812,1568.1890408325196,380743231.9790039,92.43353783231085,91.61554192229039,96.93251533742331,93.4560327198364,0.9741035856573705,3.3172208810683337,True,True,True,True,True,True,True,True,True,True,True,True,True,True,True,
DATAPATTNS-2024-04-22,DATAPATTNS,2024-04-10 00:00:00,2024-04-22 00:00:00,6,2985.3935546875,155.78708150362527,157.93206367381586,2621.0309104751636,2.338850183825142,2888.1474609375,2879.1627425674146,2627.781872558594,2398.285830078125,2102.1089916992187,708608527.1859131,94.05737704918032,97.1311475409836,73.97540983606558,89.26229508196721,0.9740518962075848,2.584880135616181,True,True,True,True,True,True,True,True,True,True,True,True,True,True,True,
DATAPATTNS-2026-05-13,DATAPATTNS,2026-05-07 00:00:00,2026-05-13 00:00:00,4,4240.85595703125,190.21715288600043,183.35400561131593,4006.3667723597014,1.2327446873946273,4187.0732421875,4136.283279379155,3969.3525268554686,3535.9043408203124,2898.9437060546875,4277411211.870117,96.33401221995926,98.77800407331976,98.77800407331976,98.04480651731161,0.9742063492063492,0.7816243056858324,True,True,True,True,True,True,True,True,True,True,True,True,True,True,True,
DATAPATTNS-2026-06-12,DATAPATTNS,2026-06-09 00:00:00,2026-06-12 00:00:00,3,4548.5849609375,211.98599124184125,237.05887400700766,4155.94052142167,1.8522188056657325,4535.81298828125,4421.361932873811,4076.563830566406,3896.9314013671874,3060.351455078125,4012288530.0914307,91.56626506024097,91.36546184738957,98.59437751004016,93.59437751004018,0.9880952380952381,2.572857005979118,True,True,True,True,True,True,True,True,True,True,True,True,True,True,True,
DATAPATTNS-2026-07-02,DATAPATTNS,2026-06-22 00:00:00,2026-07-02 00:00:00,7,4855.61572265625,225.0331740379506,194.5083576833863,4365.48414699164,2.1780414277139064,4646.5712890625,4604.961889074908,4530.529223632812,4230.88142578125,3207.731190185547,4359272110.452881,92.2,94.0,97.8,94.6,1.0,0.8171287558215502,True,True,True,True,True,True,True,True,True,True,True,True,True,True,True,
DATAPATTNS-2026-07-30,DATAPATTNS,2026-07-22 00:00:00,2026-07-30 00:00:00,6,4772.39697265625,210.05224503066376,203.58498376557623,4302.0,2.2394284459448683,4462.0,4450.0,4362.835925292969,4366.31865234375,3369.0157373046877,2863398013.263916,44.2,69.8,96.6,70.16,1.0,0.7969924096791454,True,True,True,True,True,True,True,True,True,True,True,True,True,True,True,
DCMSHRIRAM-2024-08-30,DCMSHRIRAM,2024-08-23 00:00:00,2024-08-30 00:00:00,5,1157.0950927734375,44.47336295688035,44.813745084238114,1092.94853984683,1.4423589461584334,1133.1568603515625,1126.2752609479062,1104.266357421875,1038.7038635253907,971.391552734375,150345416.4675293,84.38133874239351,61.66328600405679,55.375253549695735,66.5922920892495,0.9820717131474104,3.224535993953995,True,True,True,True,True,True,True,True,True,False,True,True,True,True,False,RS_FAIL
DCMSHRIRAM-2025-07-29,DCMSHRIRAM,2025-07-23 00:00:00,2025-07-29 00:00:00,4,1424.3782958984375,55.24228259505811,58.277433120222746,1331.5335204175883,1.6806831854039816,1404.722900390625,1397.5126442410851,1372.227197265625,1210.7759375,1100.4050845336915,291531822.53582764,97.38430583501007,96.37826961770624,79.07444668008048,91.48893360160967,0.9920159680638723,0.5528844010782632,True,True,True,True,True,True,True,True,True,True,True,True,True,True,True,
DEEPAKFERT-2024-07-22,DEEPAKFERT,2024-07-15 00:00:00,2024-07-22 00:00:00,4,764.8194580078125,34.442285396183706,34.895932307632414,717.9079045064304,1.3620337025190548,759.536376953125,747.8451647814604,719.9281616210938,626.2166247558594,593.7036093139649,1382573789.7666626,75.65922920892496,93.30628803245436,53.34685598377283,76.02434077079108,0.9801192842942346,0.851861410526195,True,True,True,True,True,True,True,True,True,True,True,True,True,True,True,
DEEPAKFERT-2024-10-16,DEEPAKFERT,2024-10-03 00:00:00,2024-10-16 00:00:00,9,1110.1732177734375,51.12098012242888,47.057916834346734,987.1494700890461,2.4065216940239345,1046.4671630859375,1044.9384883936818,1042.2833038330077,1018.8464184570313,705.1528216552734,830916775.3016357,89.79591836734694,95.91836734693877,97.34693877551021,94.51020408163264,0.98,0.3983811657995854,True,True,True,True,True,True,True,True,True,True,True,True,True,True,True,
DEEPAKFERT-2025-05-26,DEEPAKFERT,2025-05-19 00:00:00,2025-05-26 00:00:00,5,1364.25830078125,53.08752903669516,53.390836363073795,1267.6142258542247,1.820466627109786,1347.0003662109375,1339.0124669903205,1295.231689453125,1210.4887084960938,1140.2677584838866,375348219.81469727,50.20325203252033,93.69918699186992,65.4471544715447,72.17479674796748,0.9781312127236581,1.6795235775637967,True,True,True,True,True,True,True,True,True,True,True,True,True,True,True,
DEEPAKFERT-2025-10-01,DEEPAKFERT,2025-09-24 00:00:00,2025-10-01 00:00:00,5,1569.5941162109375,47.92368341703605,48.17863656404089,1475.9329698182312,1.954381210176582,1536.6190185546875,1515.1653144027769,1454.8616577148437,1472.6097705078125,1317.0867510986327,333167780.9302368,84.17849898580123,23.123732251521297,88.84381338742394,61.15618661257607,0.9840319361277445,1.1729860381453954,True,True,True,True,True,True,True,True,True,False,True,True,True,True,False,RS_FAIL
DEEPAKNTR-2024-05-17,DEEPAKNTR,2024-05-06 00:00:00,2024-05-17 00:00:00,9,2535.34423828125,75.09488460623787,68.70449682699159,2383.7109605417686,2.0192224614842242,2446.94482421875,2427.51504783549,2415.547998046875,2262.0068872070315,2190.8035931396485,622170194.645874,67.75510204081633,66.12244897959184,42.244897959183675,59.44897959183673,0.9780439121756487,0.7031120054435378,True,True,True,True,True,True,True,True,True,False,True,True,True,True,False,RS_FAIL
DELHIVERY-2025-07-15,DELHIVERY,2025-07-09 00:00:00,2025-07-15 00:00:00,4,421.29998779296875,11.10581051854672,10.943836302471626,404.04998779296875,1.5532409787824557,417.54998779296875,411.95001220703125,389.0074981689453,364.57599853515626,335.0512993621826,1066232041.4517975,93.96378269617706,98.99396378269618,82.897384305835,92.65593561368209,0.994,0.8283311015960637,True,True,True,True,True,True,True,True,True,True,True,True,True,True,True,
DELHIVERY-2025-09-01,DELHIVERY,2025-08-26 00:00:00,2025-09-01 00:00:00,3,478.5,12.044105964035866,12.306945205913928,459.04998779296875,1.6148987949051334,473.75,472.0,465.86500244140626,430.2260009765625,344.9270499420166,1316568912.8831177,97.1830985915493,97.1830985915493,97.98792756539235,97.42454728370222,0.9920159680638723,1.1127177420325958,True,True,True,True,True,True,True,True,True,True,True,True,True,True,True,
DELHIVERY-2025-10-28,DELHIVERY,2025-10-21 00:00:00,2025-10-28 00:00:00,4,476.54998779296875,12.804584753478979,12.058199315611137,462.29998779296875,1.1128826333964719,475.79998779296875,474.0,462.5149978637695,466.8189996337891,367.2162996673584,1203753921.0458221,72.81947261663286,83.36713995943205,96.34888438133873,84.0973630831643,0.9801192842942346,0.5874133418834362,True,True,True,True,True,True,True,True,True,True,True,True,True,True,True,
DIVISLAB-2024-09-27,DIVISLAB,2024-09-13 00:00:00,2024-09-27 00:00:00,10,5451.24658203125,122.86164016654868,123.08742250681294,5246.626418038041,1.6654519971882997,5410.84814453125,5371.8872731157435,5290.972924804688,4975.3884765625,4144.418228759766,2620821516.1401367,79.71602434077079,79.3103448275862,88.23529411764706,82.10953346855983,0.986,13.680311635270725,True,True,True,True,True,True,True,True,True,True,True,True,True,True,True,
DIVISLAB-2025-02-12,DIVISLAB,2025-02-07 00:00:00,2025-02-12 00:00:00,3,6087.61279296875,192.13342407092014,190.10753615445608,5754.9558200701385,1.731385231420335,5918.384765625,5913.378086524287,5795.619604492187,5841.325595703125,5190.405189208985,2240201092.5046387,83.26612903225806,86.08870967741935,97.78225806451613,88.74999999999999,0.992,0.7516107617410637,True,True,True,True,True,True,True,True,True,True,True,True,True,True,True,
DIVISLAB-2026-08-11,DIVISLAB,2026-08-03 00:00:00,2026-08-11 00:00:00,6,8585.0,196.43137480414916,192.8987113929783,8233.5,1.7894290072065178,8578.5,8350.0,7779.116625976562,7124.956962890625,6547.947797851562,3225485104.6484375,98.8,89.2,91.8,92.85999999999999,1.0,1.3576005575915642,True,True,True,True,True,True,True,True,True,True,True,True,True,True,True,
DIVISLAB-2026-08-18,DIVISLAB,2026-08-12 00:00:00,2026-08-18 00:00:00,4,8600.0,193.5845177220513,177.61842489221956,8414.0,0.9608206389059422,8588.0,8550.0,8094.708276367188,7319.20318359375,6598.854677734375,3100388312.5,95.8,88.8,89.4,91.08000000000001,1.0,1.0308663309200214,True,True,True,True,True,True,True,True,True,True,True,True,True,True,True,
DIXON-2023-08-21,DIXON,2023-08-09 00:00:00,2023-08-21 00:00:00,7,4894.38916015625,172.30023312777092,164.04806275459205,4578.488723282882,1.8334301186877013,4886.7998046875,4769.216741107453,4469.885266113281,4396.94859375,3670.45380859375,2675181354.5874023,88.31967213114754,95.90163934426229,97.3360655737705,94.05737704918032,0.9721115537848606,1.3403981950328958,True,True,True,True,True,True,True,True,True,True,True,True,True,True,True,
DIXON-2023-09-08,DIXON,2023-09-05 00:00:00,2023-09-08 00:00:00,3,5120.26806640625,145.6575325337923,143.00628934521606,4952.956034220084,1.1486672146347803,5113.92724609375,5097.750121234877,4924.768334960938,4563.225063476562,3705.9335986328124,2334987365.532715,44.580777096114524,73.00613496932516,91.61554192229039,70.06134969325154,0.9760479041916168,0.8200939834524862,True,True,True,True,True,True,True,True,True,True,True,True,True,True,True,
DIXON-2023-10-10,DIXON,2023-10-03 00:00:00,2023-10-10 00:00:00,5,5293.201171875,150.50154392507906,139.63614845051026,5023.967239581177,1.7889114308877136,5166.30322265625,5158.758944035771,5080.744799804687,4896.1438671875,3791.086315917969,1606666626.1464844,69.38775510204081,76.53061224489795,91.83673469387756,78.9795918367347,0.9780439121756487,0.9903131350304815,True,True,True,True,True,True,True,True,True,True,True,True,True,True,True,
DIXON-2023-12-19,DIXON,2023-12-11 00:00:00,2023-12-19 00:00:00,6,6367.53857421875,179.8592693724282,193.77545625462008,6175.04333649946,1.0702547519010392,6361.09375,6323.624575522803,5890.152001953125,5542.76982421875,4324.768090820313,2170204662.3479004,85.71428571428571,82.6530612244898,69.59183673469389,79.6530612244898,0.9780439121756487,2.2634831723944018,True,True,True,True,True,True,True,True,True,True,True,True,True,True,True,
DIXON-2024-01-11,DIXON,2023-12-29 00:00:00,2024-01-11 00:00:00,8,6561.4833984375,188.42420979048546,163.46994870619253,6238.142812140017,1.716024637476338,6483.44580078125,6389.87071172318,6389.0340576171875,5888.24052734375,4606.92692993164,1759044008.2253418,33.87755102040816,72.85714285714285,79.38775510204081,63.12244897959183,0.9780439121756487,1.1761903382761816,True,True,True,True,True,True,True,True,True,False,True,True,True,True,False,RS_FAIL
DIXON-2024-05-03,DIXON,2024-04-26 00:00:00,2024-05-03 00:00:00,4,8573.2685546875,254.6059740209714,235.86978882165226,8263.816278131428,1.2154164007580723,8444.87109375,8417.242917010124,7908.354467773437,7355.689560546875,5891.942198486328,2431944656.6220703,79.09836065573771,95.49180327868852,74.18032786885246,84.18032786885246,0.9740518962075848,0.8627953015705424,True,True,True,True,True,True,True,True,True,True,True,True,True,True,True,
DIXON-2024-10-01,DIXON,2024-09-24 00:00:00,2024-10-01 00:00:00,5,14334.470703125,469.01421039827,436.9943468551198,13747.882124950502,1.2506840201630316,14189.4853515625,14030.556138314088,13470.32197265625,12668.541796875,9262.335070800782,5721869241.095215,90.1840490797546,70.5521472392638,95.0920245398773,83.8036809815951,0.978,0.9206507878677476,True,True,True,True,True,True,True,True,True,True,True,True,True,True,True,
DIXON-2024-11-22,DIXON,2024-11-07 00:00:00,2024-11-22 00:00:00,9,15691.5166015625,652.3550347602833,591.2296815512445,14533.532195390915,1.775083113441597,15341.873046875,15332.775612113615,14806.58818359375,14511.30716796875,10753.344111328124,8839128756.211914,77.28194726166329,94.52332657200812,97.16024340770791,90.1419878296146,0.986,0.6941769021586404,True,True,True,True,True,True,True,True,True,True,True,True,True,True,True,
DIXON-2025-09-25,DIXON,2025-09-18 00:00:00,2025-09-25 00:00:00,5,18331.0,306.34008956543323,284.44637441805946,17998.0,1.0870271679830932,18202.0,18189.0,17926.6552734375,17086.9291796875,15787.680405273437,2618703904.59375,86.14457831325302,96.98795180722891,77.71084337349397,87.95180722891567,0.9940119760479041,1.6260481749424531,True,True,True,True,True,True,True,True,True,True,True,True,True,True,True,
DLF-2024-01-19,DLF,2024-01-15 00:00:00,2024-01-19 00:00:00,4,785.15087890625,18.36632594479147,18.448511407506146,743.5731454919267,2.263802436007319,765.7998657226562,760.9743418123327,738.2235870361328,673.4886083984375,525.1574166870117,3573598878.5839233,83.06122448979592,86.73469387755102,84.6938775510204,85.0204081632653,0.9780439121756487,0.6950157035582062,True,True,True,True,True,True,True,True,True,True,True,True,True,True,True,
DLF-2024-04-08,DLF,2024-04-01 00:00:00,2024-04-08 00:00:00,5,924.4093017578125,27.870466142824775,27.273982244430773,861.3846618968191,2.2613414335453808,895.1636352539062,886.9259580491652,855.445425415039,838.0554113769531,629.2294856262207,3707589449.703186,32.648870636550306,86.44763860369609,90.34907597535934,71.47843942505133,0.9720558882235529,1.0732436572678963,True,True,True,True,True,True,True,True,True,True,True,True,True,True,True,
DMART-2024-04-19,DMART,2024-04-12 00:00:00,2024-04-19 00:00:00,4,4765.0498046875,123.65762581271143,125.8915304647268,4605.0,1.29429789417037,4696.0,4694.2998046875,4507.302465820312,4100.547983398437,3867.4194921875,2054852321.3503418,89.95901639344262,82.78688524590164,55.73770491803278,76.82377049180327,0.9740518962075848,1.7051055604984156,True,True,True,True,True,True,True,True,True,True,True,True,True,True,True,
DMART-2024-05-22,DMART,2024-05-08 00:00:00,2024-05-22 00:00:00,9,4806.75,133.5141107900864,130.78151926108816,4550.35009765625,1.920395535921047,4798.7998046875,4737.4501953125,4678.932446289063,4481.456962890625,3961.097235107422,1870345494.0766602,40.816326530612244,86.73469387755102,56.12244897959183,63.77551020408164,0.9780439121756487,1.755959276339475,True,True,True,True,True,True,True,True,True,False,True,True,True,True,False,RS_FAIL
DMART-2025-06-26,DMART,2025-06-23 00:00:00,2025-06-26 00:00:00,3,4335.7998046875,108.42981671305581,102.51129815699797,4236.7001953125,0.9139516452126182,4315.39990234375,4294.0,4151.584985351563,4159.833989257812,4030.9742431640625,1831662612.1608887,75.0,52.41935483870967,88.91129032258065,70.14112903225806,0.9860834990059643,0.7357333246249287,True,True,True,True,True,True,True,True,True,True,True,True,True,True,True,
DMART-2025-09-17,DMART,2025-09-04 00:00:00,2025-09-17 00:00:00,9,4829.2998046875,110.19248453317654,103.02616739809983,4562.60009765625,2.4203075932184155,4717.2998046875,4715.0,4709.894946289062,4386.9539794921875,4020.396989746094,1890723342.75,52.716297786720325,77.8672032193159,60.36217303822937,65.07042253521126,0.9920159680638723,0.747150180169273,True,True,True,True,True,True,True,True,True,False,True,True,True,True,False,RS_FAIL
DOMS-2024-11-28,DOMS,2024-11-25 00:00:00,2024-11-28 00:00:00,3,3060.201171875,127.64478861633302,124.95876615468363,2901.5073581444803,1.2432455367019482,2973.899169921875,2958.4934078042857,2796.227502441406,2731.1510888671874,2151.4042724609376,214239369.60986328,94.73684210526315,94.12955465587044,94.73684210526315,94.49392712550606,0.988,1.6170232368367368,True,True,True,True,True,True,True,True,True,True,True,True,True,True,True,
DOMS-2025-03-28,DOMS,2025-03-21 00:00:00,2025-03-28 00:00:00,5,2963.7783203125,124.93697838498325,119.50386736353047,2742.3150066096355,1.7726002066453308,2869.000732421875,2824.6283808067606,2753.203723144531,2616.4329736328127,2579.3896032714842,373423730.75,83.71134020618557,89.48453608247424,91.95876288659794,88.49484536082475,0.97,0.7005193349523632,True,True,True,True,True,True,True,True,True,True,True,True,True,True,True,
ECLERX-2024-01-29,ECLERX,2024-01-15 00:00:00,2024-01-29 00:00:00,8,1397.3438720703125,49.51908705478635,48.15515766316217,1279.3298061292892,2.3832035879509714,1347.151611328125,1336.2891353875125,1312.69130859375,1287.4108666992188,955.6924481201172,156082335.76586914,54.48979591836734,80.20408163265306,79.18367346938776,72.18367346938776,0.9780439121756487,0.8133627876664212,True,True,True,True,True,True,True,True,True,True,True,True,True,True,True,
ECLERX-2024-10-07,ECLERX,2024-10-01 00:00:00,2024-10-07 00:00:00,3,1538.362060546875,58.11059540497166,62.74145391350105,1453.7302090234066,1.4563927788671,1537.2880859375,1526.2718104479745,1423.8817077636718,1357.018388671875,1257.7254919433594,214676156.8491211,89.97955010224949,91.61554192229039,71.57464212678937,85.11247443762781,0.978,7.94271234989534,True,True,True,True,True,True,True,True,True,True,True,True,True,True,True,
ECLERX-2024-11-26,ECLERX,2024-11-11 00:00:00,2024-11-26 00:00:00,9,1689.06591796875,71.305130367755,73.3742216317854,1555.3734588128532,1.8749346430808025,1687.8917236328125,1683.1206333890468,1580.8391723632812,1507.6947778320311,1298.2042413330078,363003406.56811523,98.38056680161942,96.76113360323887,93.7246963562753,96.33603238866397,0.988,0.862862888560854,True,True,True,True,True,True,True,True,True,True,True,True,True,True,True,
ECLERX-2025-09-09,ECLERX,2025-09-02 00:00:00,2025-09-09 00:00:00,5,2265.99365234375,99.65993865481207,93.78264660969113,2105.8325834707834,1.6070757320823736,2167.898193359375,2156.004720569206,2096.9115661621095,1937.020869140625,1660.850787963867,344741205.86120605,75.0503018108652,90.54325955734407,95.97585513078471,87.5251509054326,0.9920159680638723,1.7230789780454634,True,True,True,True,True,True,True,True,True,True,True,True,True,True,True,
ECLERX-2025-10-30,ECLERX,2025-10-27 00:00:00,2025-10-30 00:00:00,3,2392.32373046875,90.80523387556437,87.62068374980478,2245.0053536655455,1.622355568238317,2359.341796875,2355.993869700698,2121.2489685058595,2129.2014794921874,1722.5852984619141,218415447.66210938,94.9290060851927,96.75456389452333,98.98580121703854,96.87626774847871,0.9801192842942346,2.5226611635220126,True,True,True,True,True,True,True,True,True,True,True,True,True,True,True,
EICHERMOT-2024-11-06,EICHERMOT,2024-11-01 00:00:00,2024-11-06 00:00:00,3,4839.51220703125,119.28579602815749,119.82046072131727,4680.7057962433155,1.3313103158606423,4803.90185546875,4796.916443692394,4664.441870117187,4711.227529296875,4368.464213867188,2416246860.669922,80.81632653061224,73.26530612244898,42.04081632653061,66.16326530612245,0.98,0.7231269976706453,True,True,True,True,True,True,True,True,True,False,True,True,True,True,False,RS_FAIL
EICHERMOT-2025-10-07,EICHERMOT,2025-09-26 00:00:00,2025-10-07 00:00:00,6,6973.9697265625,125.04918758657011,120.72012303462172,6779.010937471861,1.5590568227856014,6884.90234375,6883.417762862804,6859.765478515625,6235.87529296875,5432.005339355469,3199016535.1655273,76.47058823529412,94.9290060851927,81.7444219066937,85.43610547667342,0.9840319361277445,0.6154953035586,True,True,True,True,True,True,True,True,True,True,True,True,True,True,True,
EICHERMOT-2025-12-01,EICHERMOT,2025-11-24 00:00:00,2025-12-01 00:00:00,5,7183.27783203125,140.16453928632407,144.04183974767838,6883.912767154604,2.1358117138680264,7051.65625,6991.783165604841,6899.647900390625,6890.028623046875,5788.7142724609375,3438826834.255127,79.1497975708502,84.0080971659919,93.52226720647774,85.40485829959513,0.9860279441117764,1.93261782066712,True,True,True,True,True,True,True,True,True,True,True,True,True,True,True,
EICHERMOT-2025-12-31,EICHERMOT,2025-12-26 00:00:00,2025-12-31 00:00:00,3,7248.09912109375,118.61614624616239,128.30857103116793,7058.583712485336,1.5977201637887928,7236.71826171875,7236.22349887035,7126.2251953125,6988.438095703125,6029.557973632813,2574302196.4519043,72.63581488933602,65.19114688128774,94.16498993963782,76.11670020120724,0.9920159680638723,0.9899024032861854,True,True,True,True,True,True,True,True,True,True,True,True,True,True,True,
EICHERMOT-2026-02-23,EICHERMOT,2026-02-13 00:00:00,2026-02-23 00:00:00,6,7981.41943359375,196.21908039343333,173.89831074772812,7802.29536804918,0.912877917812138,7955.1943359375,7895.321386823341,7445.877758789063,7307.73443359375,6418.264267578125,3348201064.2595215,90.36144578313254,84.33734939759037,94.77911646586345,89.27710843373495,0.9940119760479041,0.5362149900076014,True,True,True,True,True,True,True,True,True,True,True,True,True,True,True,
EIDPARRY-2024-09-16,EIDPARRY,2024-09-06 00:00:00,2024-09-16 00:00:00,6,844.9500122070312,27.912222467534754,26.847242460194536,800.2999877929688,1.599658517554301,836.25,815.4000244140625,822.6750030517578,797.27,660.1739999389648,344411545.3473511,77.079107505071,68.35699797160242,76.26774847870182,73.34685598377281,0.9820717131474104,1.619004735206112,True,True,True,True,True,True,True,True,True,True,True,True,True,True,True,
EIDPARRY-2025-06-03,EIDPARRY,2025-05-23 00:00:00,2025-06-03 00:00:00,7,999.25,28.232993031221344,31.247432419622296,940.0,2.098608529902537,983.5,959.9000244140625,942.8149993896484,860.2040002441406,828.0190008544922,263710458.77526855,85.39553752535497,93.10344827586206,83.16430020283975,87.80933062880324,0.9801192842942346,1.3436509362235687,True,True,True,True,True,True,True,True,True,True,True,True,True,True,True,
EIDPARRY-2025-07-10,EIDPARRY,2025-07-03 00:00:00,2025-07-10 00:00:00,5,1114.699951171875,38.64474833409573,36.57442492295646,1054.5999755859375,1.5551912789379487,1109.800048828125,1091.9000244140625,1037.5524993896483,979.3520007324219,856.2895007324219,249258845.29052734,92.35412474849095,92.15291750503019,89.33601609657947,91.3682092555332,0.994,1.046552354396375,True,True,True,True,True,True,True,True,True,True,True,True,True,True,True,
EIHOTEL-2024-04-22,EIHOTEL,2024-04-09 00:00:00,2024-04-22 00:00:00,7,485.1734619140625,22.495484616582747,24.282180152217393,430.34238799092543,2.437425770446299,472.8624572753906,451.60240886014225,455.0435562133789,421.99065185546874,282.8392337799072,376400586.8433838,85.86065573770492,99.59016393442623,97.3360655737705,94.79508196721312,0.9740518962075848,0.7868666488500572,True,True,True,True,True,True,True,True,True,True,True,True,True,True,True,
ELECON-2024-04-29,ELECON,2024-04-19 00:00:00,2024-04-29 00:00:00,6,578.2168579101562,24.85459662092244,25.184425314925164,551.9893970589067,1.0552358282560692,574.4984130859375,567.9043377404373,519.3205200195313,490.4483483886719,444.2489701843262,191243966.76864624,91.59836065573771,63.729508196721305,75.40983606557377,75.59426229508196,0.9740518962075848,1.3449770446965574,True,True,True,True,True,True,True,True,True,True,True,True,True,True,True,
ELECON-2026-06-22,ELECON,2026-06-15 00:00:00,2026-06-22 00:00:00,5,560.3499755859375,22.545554694456268,22.580339622093643,524.0999755859375,1.6078557609812778,545.0499877929688,545.0,528.7021774291992,507.75095336914063,488.97416534423826,301642488.289032,43.08617234468938,89.37875751503006,69.33867735470942,69.47895791583166,0.9940239043824701,1.035572241934153,True,True,True,True,True,True,True,True,True,False,True,True,True,True,False,RS_FAIL
ELGIEQUIP-2024-07-08,ELGIEQUIP,2024-06-24 00:00:00,2024-07-08 00:00:00,10,760.3095092773438,30.032839336202333,26.430579362046398,698.8284132768996,2.0471289881118,732.830810546875,731.4469514020012,697.8992401123047,652.4091711425781,579.8582862854004,143914017.56848145,87.0182555780933,77.079107505071,69.97971602434076,77.93103448275862,0.9820717131474104,0.5889460059625318,True,True,True,True,True,True,True,True,True,True,True,True,True,True,True,
ELGIEQUIP-2026-05-07,ELGIEQUIP,2026-04-29 00:00:00,2026-05-07 00:00:00,5,563.2230834960938,17.214948244111195,15.823446114405955,537.4931342404,1.4946283248045986,559.7393188476562,547.4467108004073,542.0120407104492,514.5083215332031,494.87284042358397,205621815.41931152,62.78118609406953,86.70756646216769,76.27811860940696,76.40081799591002,0.9702380952380952,1.1247495212176193,True,True,True,True,True,True,True,True,True,True,True,True,True,True,True,
ELGIEQUIP-2026-06-15,ELGIEQUIP,2026-06-04 00:00:00,2026-06-15 00:00:00,7,619.2617797851562,21.71403425305046,19.596437727786203,588.1568463200368,1.4324806299294517,605.9736938476562,605.8244572099596,582.6823638916015,553.0953546142578,499.0942153930664,211971661.2546692,94.18837675350701,81.1623246492986,84.5691382765531,86.09218436873748,0.9900793650793651,0.7795054901822464,True,True,True,True,True,True,True,True,True,True,True,True,True,True,True,
EMAMILTD-2023-08-31,EMAMILTD,2023-08-22 00:00:00,2023-08-31 00:00:00,7,509.3966064453125,15.039256167654916,15.738789027242234,480.6395748781508,1.912131241504465,496.20050048828125,494.2613713191106,481.49803314208987,434.1950933837891,392.5799235534668,250897365.6513672,86.29856850715747,86.50306748466258,70.34764826175869,81.59509202453988,0.9741035856573705,1.2406342211905417,True,True,True,True,True,True,True,True,True,True,True,True,True,True,True,
EMAMILTD-2024-07-01,EMAMILTD,2024-06-18 00:00:00,2024-07-01 00:00:00,9,712.3856201171875,32.933938050689356,34.76487660503798,655.0158415566189,1.741965338984653,693.5348510742188,684.2538082369836,676.874545288086,564.7043487548829,496.46278778076174,474920836.7996826,83.130081300813,96.34146341463415,77.23577235772358,86.64634146341463,0.9800796812749004,15.452178218256869,True,True,True,True,True,True,True,True,True,True,True,True,True,True,True,
EMAMILTD-2024-09-03,EMAMILTD,2024-08-28 00:00:00,2024-09-03 00:00:00,4,807.6492919921875,27.61400424319652,27.454925109125956,759.8010044767391,1.7327544058459823,790.9144897460938,788.6542071783874,778.0410919189453,751.3028210449219,555.2053851318359,403738249.29244995,69.5740365111562,80.93306288032454,96.14604462474645,82.08924949290062,0.9820717131474104,1.1907884622207505,True,True,True,True,True,True,True,True,True,True,True,True,True,True,True,
EMCURE-2025-12-23,EMCURE,2025-12-12 00:00:00,2025-12-23 00:00:00,7,1438.5999755859375,45.6255449246537,39.81183857437776,1374.199951171875,1.4114905262044122,1426.5,1405.0,1402.2049987792968,1377.6019995117188,1274.5242031860353,154216954.24273682,81.28772635814889,81.69014084507043,65.99597585513078,76.86116700201207,0.9920159680638723,0.90986221867201,True,True,True,True,True,True,True,True,True,True,True,True,True,True,True,
EMCURE-2026-05-11,EMCURE,2026-05-04 00:00:00,2026-05-11 00:00:00,5,1793.199951171875,71.96127151084951,73.97117904137734,1627.4000244140625,2.304016080827797,1678.0,1675.0,1655.7399963378907,1571.71,1452.5177239990235,466484474.9602661,37.21881390593047,67.68916155419224,88.75255623721881,64.86707566462168,0.9702380952380952,1.0271095838106148,True,True,True,True,True,True,True,True,True,False,True,True,True,True,False,RS_FAIL
ENDURANCE-2024-01-04,ENDURANCE,2023-12-29 00:00:00,2024-01-04 00:00:00,3,1911.4266357421875,62.321124292860745,59.318234771422865,1843.5993501989794,1.088351442834578,1910.586181640625,1888.389193423808,1770.7960998535157,1679.4995727539062,1537.1548706054687,175776167.6989746,75.91836734693878,71.42857142857143,46.73469387755102,65.36734693877551,0.9780439121756487,0.7620422352306555,True,True,True,True,True,True,True,True,True,False,True,True,True,True,False,RS_FAIL
ENDURANCE-2024-01-17,ENDURANCE,2024-01-05 00:00:00,2024-01-17 00:00:00,8,2092.61279296875,82.39861773044446,103.72666594921255,1893.2834105439053,2.419086483670428,2019.1002197265625,2002.143255283338,1910.3192993164062,1754.1877978515624,1572.2679571533204,277922889.9091797,91.02040816326532,81.83673469387756,48.16326530612245,74.48979591836735,0.9780439121756487,3.4810527373309523,True,True,True,True,True,True,True,True,True,True,True,True,True,True,True,
ENDURANCE-2025-07-14,ENDURANCE,2025-07-01 00:00:00,2025-07-14 00:00:00,9,2861.413330078125,124.26703534032784,108.67537902009482,2581.27349301039,2.2543374942559864,2670.453857421875,2633.1546881699264,2626.0571533203124,2431.8292431640625,2187.0053118896485,460419691.0053711,92.35412474849095,92.95774647887323,90.14084507042254,91.93158953722335,0.994,0.42822141914503836,True,True,True,True,True,True,True,True,True,True,True,True,True,True,True,
ENDURANCE-2025-09-16,ENDURANCE,2025-09-10 00:00:00,2025-09-16 00:00:00,4,3028.728515625,102.39460107415485,102.02055925060719,2815.7055810256447,2.080411783088863,2910.21630859375,2883.7256270576495,2891.5532836914062,2711.5657080078126,2268.165355834961,466446978.55322266,87.72635814889335,90.14084507042254,91.34808853118712,89.77867203219316,0.9920159680638723,1.9315792712949287,True,True,True,True,True,True,True,True,True,True,True,True,True,True,True,
ENGINERSIN-2023-09-11,ENGINERSIN,2023-09-04 00:00:00,2023-09-11 00:00:00,5,156.44454956054688,5.744252502685248,5.432381107872287,148.96303638070614,1.3024345946393152,153.9189453125,151.67926347628236,149.23162078857422,137.5214988708496,95.64508583068847,542330983.9664383,59.71370143149284,92.63803680981594,96.93251533742331,84.04907975460122,0.9760479041916168,2.482493794189955,True,True,True,True,True,True,True,True,True,True,True,True,True,True,True,
ENGINERSIN-2025-07-22,ENGINERSIN,2025-07-11 00:00:00,2025-07-22 00:00:00,7,244.9612274169922,7.753890402245459,7.369596180015131,228.0157655062127,2.185414163949524,236.85516357421875,233.64795189086607,235.57277297973633,221.2326840209961,184.89206214904786,800001345.5808182,64.98993963782696,90.74446680080483,93.7625754527163,83.9235412474849,0.9920159680638723,1.063953924399681,True,True,True,True,True,True,True,True,True,True,True,True,True,True,True,
EQUITASBNK-2024-01-16,EQUITASBNK,2024-01-05 00:00:00,2024-01-16 00:00:00,7,113.09871673583984,3.9582931281189007,3.355125503429689,108.45826149579231,1.1723374418844046,112.65441131591797,112.30885314941406,108.2262393951416,100.85384231567383,88.07190418243408,402472443.5455246,60.61224489795919,62.65306122448979,51.22448979591837,58.61224489795919,0.9780439121756487,1.1185194167086978,True,True,True,True,True,True,True,True,True,False,True,True,True,True,False,RS_FAIL
ERIS-2023-08-18,ERIS,2023-08-09 00:00:00,2023-08-18 00:00:00,6,829.019287109375,24.769930058066823,25.638484648053,782.3363204936243,1.884662835394139,821.1564331054688,805.1338459517458,788.2928283691406,723.7105139160157,654.7588543701172,124835825.74737549,85.65573770491804,86.27049180327869,68.44262295081968,80.73770491803279,0.9721115537848606,0.873099285146942,True,True,True,True,True,True,True,True,True,True,True,True,True,True,True,
ERIS-2025-05-02,ERIS,2025-04-24 00:00:00,2025-05-02 00:00:00,5,1503.9295654296875,72.11545092863845,69.45033417260098,1409.536118101669,1.3089212660047729,1482.0469970703125,1452.1077190607423,1395.8694396972655,1323.0312939453124,1298.7805404663086,179027883.694458,72.63374485596708,97.7366255144033,89.50617283950618,87.7366255144033,0.9700598802395209,2.839167702676176,True,True,True,True,True,True,True,True,True,True,True,True,True,True,True,
ERIS-2025-06-03,ERIS,2025-05-29 00:00:00,2025-06-03 00:00:00,3,1607.0760498046875,73.76161242967673,69.67982298053538,1530.0891814567149,1.0437253987820672,1595.1400146484375,1577.236080940679,1501.8755859375,1435.9742236328125,1345.7097924804686,347650005.69781494,53.7525354969574,82.1501014198783,83.77281947261663,74.11764705882354,0.9801192842942346,0.7024774492046698,True,True,True,True,True,True,True,True,True,True,True,True,True,True,True,
ESCORTS-2023-08-08,ESCORTS,2023-08-02 00:00:00,2023-08-08 00:00:00,4,2523.190185546875,65.83972793129469,63.89477494295604,2456.8171557410774,1.0081000011886354,2517.46044921875,2515.0815942171503,2371.83349609375,2225.5852709960936,2049.3611212158203,480209240.89941406,82.78688524590164,78.48360655737704,63.52459016393443,75.28688524590164,0.9721115537848606,0.8475247524752475,True,True,True,True,True,True,True,True,True,True,True,True,True,True,True,
ESCORTS-2023-09-06,ESCORTS,2023-08-30 00:00:00,2023-09-06 00:00:00,5,3158.66064453125,92.87006666176232,99.10269137714756,2938.469437739697,2.370959930431634,3061.116455078125,3026.109152235977,2829.8550048828124,2515.362724609375,2138.6925775146483,1683923329.5438232,94.68302658486708,91.8200408997955,84.66257668711657,90.5316973415133,0.9741035856573705,0.932517362610673,True,True,True,True,True,True,True,True,True,True,True,True,True,True,True,
ESCORTS-2024-05-27,ESCORTS,2024-05-21 00:00:00,2024-05-27 00:00:00,4,3774.952392578125,101.49764172057475,95.31287114431787,3659.055051215019,1.1418722582951635,3743.489990234375,3726.981623009705,3496.2375366210936,3103.6260107421876,2976.001428222656,968259680.4074707,91.22448979591836,88.57142857142857,51.83673469387755,78.34693877551021,0.9780439121756487,0.7740409003422707,True,True,True,True,True,True,True,True,True,True,True,True,True,True,True,
ESCORTS-2025-09-23,ESCORTS,2025-09-18 00:00:00,2025-09-23 00:00:00,3,3733.41064453125,109.85282692994839,113.14487961963604,3527.0977948012173,1.8780841194154747,3678.708984375,3657.4576062041415,3608.2063110351564,3469.4304931640627,3274.919885253906,426029663.3847656,70.48192771084338,83.53413654618474,60.8433734939759,72.81124497991968,0.9940119760479041,1.7149993562508048,True,True,True,True,True,True,True,True,True,True,True,True,True,True,True,
ETERNAL-2023-08-22,ETERNAL,2023-08-07 00:00:00,2023-08-22 00:00:00,10,97.5999984741211,4.018600793563797,3.6412416070279554,88.30000305175781,2.3142371935172514,91.9000015258789,90.5,89.6625,81.82900024414063,64.4925001335144,6240652885.865921,86.88524590163934,92.62295081967213,97.1311475409836,92.25409836065573,0.9721115537848606,1.4180430454910253,True,True,True,True,True,True,True,True,True,True,True,True,True,True,True,
ETERNAL-2023-09-29,ETERNAL,2023-09-15 00:00:00,2023-09-29 00:00:00,9,102.94999694824219,3.423542410247301,3.1508353610845785,97.75,1.5188936852885557,101.5,100.5999984741211,99.63999938964844,93.77599990844726,68.94075006484985,4822186200.602051,51.02040816326531,87.55102040816325,94.08163265306122,78.55102040816325,0.9780439121756487,1.0202178785602285,True,True,True,True,True,True,True,True,True,True,True,True,True,True,True,
ETERNAL-2023-10-20,ETERNAL,2023-10-17 00:00:00,2023-10-20 00:00:00,3,113.8499984741211,3.5088879216881996,3.527013620216214,109.5,1.2397085832334644,113.3499984741211,113.1500015258789,105.95249977111817,100.08399978637695,72.25025003433228,6247033020.219856,94.08163265306122,96.53061224489797,96.53061224489797,95.79591836734696,0.9780439121756487,1.1594137185732143,True,True,True,True,True,True,True,True,True,True,True,True,True,True,True,
ETERNAL-2024-01-02,ETERNAL,2023-12-19 00:00:00,2024-01-02 00:00:00,8,130.25,4.193440121895168,4.489284714548985,120.19999694824219,2.3966010625223504,128.6999969482422,125.55000305175781,123.58999938964844,118.49599990844726,88.07825002670288,5942292483.0,71.0204081632653,80.20408163265306,89.18367346938776,80.14285714285714,0.9780439121756487,1.3696726745639933,True,True,True,True,True,True,True,True,True,True,True,True,True,True,True,
ETERNAL-2024-04-22,ETERNAL,2024-04-10 00:00:00,2024-04-22 00:00:00,6,196.89999389648438,7.085175985964203,7.352778767846994,181.39999389648438,2.1876661963945057,193.35000610351562,191.0,184.70000076293945,168.14000061035156,122.59225036621093,7041669905.5620575,91.59836065573771,94.05737704918032,91.80327868852459,92.64344262295081,0.9740518962075848,0.7371026017368943,True,True,True,True,True,True,True,True,True,True,True,True,True,True,True,
ETERNAL-2024-05-16,ETERNAL,2024-05-10 00:00:00,2024-05-16 00:00:00,4,201.3000030517578,7.921434306514539,8.979366359101357,182.10000610351562,2.423803089858642,195.1999969482422,193.39999389648438,191.98999938964843,180.8920001220703,132.41975021362305,7049540327.7495575,59.38775510204082,91.83673469387756,82.85714285714286,79.40816326530613,0.9780439121756487,0.9637909509398591,True,True,True,True,True,True,True,True,True,True,True,True,True,True,True,
ETERNAL-2024-09-19,ETERNAL,2024-09-12 00:00:00,2024-09-19 00:00:00,5,283.8999938964844,10.4715066743499,10.417748521621517,269.20001220703125,1.4038076989876664,278.8500061035156,277.8500061035156,262.32000198364256,249.25000061035155,185.3415504837036,13959399749.408623,80.12170385395537,95.94320486815415,94.7261663286004,90.83164300202839,0.9840319361277445,0.8433377801608909,True,True,True,True,True,True,True,True,True,True,True,True,True,True,True,
ETERNAL-2024-12-16,ETERNAL,2024-12-06 00:00:00,2024-12-16 00:00:00,6,302.95001220703125,10.127072489198607,9.831208567501942,278.20001220703125,2.4439441927958945,294.1499938964844,288.95001220703125,283.91699981689453,270.4927996826172,226.41750015258788,13592433638.902893,75.7085020242915,80.36437246963563,95.54655870445345,83.52226720647774,0.988,0.6547233597701076,True,True,True,True,True,True,True,True,True,True,True,True,True,True,True,
ETERNAL-2025-09-01,ETERNAL,2025-08-20 00:00:00,2025-09-01 00:00:00,7,326.54998779296875,8.890043253313644,8.397751855813405,307.75,2.1147239959672084,321.1000061035156,316.75,312.5599990844727,289.1737982177734,253.50279930114746,10272904335.583344,86.51911468812877,97.98792756539235,90.74446680080483,92.37424547283703,0.9920159680638723,1.4723309687468722,True,True,True,True,True,True,True,True,True,True,True,True,True,True,True,
ETERNAL-2025-09-16,ETERNAL,2025-09-08 00:00:00,2025-09-16 00:00:00,6,329.6499938964844,7.760719479707286,7.138626269151681,320.70001220703125,1.1532412314161746,327.29998779296875,325.6000061035156,323.0174987792969,303.7269982910156,256.6266992950439,8872366292.669128,43.25955734406438,97.1830985915493,93.96378269617706,80.04024144869214,0.9920159680638723,0.7043410320919092,True,True,True,True,True,True,True,True,True,True,True,True,True,True,True,
EXIDEIND-2023-08-07,EXIDEIND,2023-08-01 00:00:00,2023-08-07 00:00:00,4,259.5159912109375,6.377245660834643,6.722406642580393,248.32059704037692,1.7555218609996814,259.4173583984375,256.9020925572109,248.57131271362306,230.11449951171875,191.6187107849121,796753491.6109924,65.3688524590164,90.77868852459017,85.45081967213115,81.55737704918033,0.9721115537848606,0.6789987148418722,True,True,True,True,True,True,True,True,True,True,True,True,True,True,True,
EXIDEIND-2024-05-14,EXIDEIND,2024-04-30 00:00:00,2024-05-14 00:00:00,9,465.9648742675781,20.6662052006396,19.15969304962724,429.07429831997985,1.7850677272117936,454.96673583984375,453.38850253774035,448.8857147216797,370.9500354003906,303.7181634521484,3784169502.884598,96.51639344262296,94.87704918032787,91.59836065573771,94.38524590163935,0.9740518962075848,0.3170268637060028,True,True,True,True,True,True,True,True,True,True,True,True,True,True,True,
EXIDEIND-2024-05-24,EXIDEIND,2024-05-17 00:00:00,2024-05-24 00:00:00,4,469.8117370605469,18.25082094325606,18.5461515289063,454.0790098147528,0.8620284695526286,468.2828369140625,464.4359763398772,456.7298858642578,391.2496893310547,311.3466205596924,2006485354.92865,52.44897959183673,93.26530612244898,89.38775510204081,79.85714285714286,0.9780439121756487,3.504471891067909,True,True,True,True,True,True,True,True,True,True,True,True,True,True,True,
EXIDEIND-2024-07-08,EXIDEIND,2024-06-25 00:00:00,2024-07-08 00:00:00,9,571.75390625,22.189467706318048,17.12020959465978,549.6589775843336,0.9957394633389651,563.6655883789062,563.2216969417298,552.7414123535157,502.496328125,352.21280349731444,2999375673.221161,50.10141987829615,97.76876267748479,92.0892494929006,81.76470588235294,0.9820717131474104,0.49734005552010035,True,True,True,True,True,True,True,True,True,True,True,True,True,True,True,
EXIDEIND-2025-09-18,EXIDEIND,2025-09-08 00:00:00,2025-09-18 00:00:00,8,425.3118591308594,10.241002845020725,8.831267560835785,411.87626033660695,1.3119417109414189,423.1223449707031,418.99213203181347,410.2913345336914,393.4971032714844,383.9142713928223,931284149.1195984,83.29979879275655,80.08048289738431,65.99597585513078,76.82092555331992,0.9920159680638723,0.8852157914835858,True,True,True,True,True,True,True,True,True,True,True,True,True,True,True,
FACT-2023-09-28,FACT,2023-09-15 00:00:00,2023-09-28 00:00:00,8,564.9357299804688,31.25004768350981,27.475494371795083,512.8370860178478,1.6671540629396424,543.1948852539062,538.9008452043366,516.7561248779297,486.3815362548828,352.7027529907227,810576936.4140625,92.43353783231085,70.5521472392638,98.97750511247445,85.64417177914112,0.9760479041916168,1.1287415097585418,True,True,True,True,True,True,True,True,True,True,True,True,True,True,True,
FACT-2023-11-08,FACT,2023-10-31 00:00:00,2023-11-08 00:00:00,6,755.0004272460938,45.1414986197097,43.71168906069336,701.8742531369468,1.1768810459019852,742.7174682617188,725.6911802511063,682.3763946533203,581.3937805175781,399.8937212371826,1425550876.8399963,99.79591836734694,98.16326530612245,98.36734693877551,98.71428571428572,0.9780439121756487,0.9468204958603345,True,True,True,True,True,True,True,True,True,True,True,True,True,True,True,
FACT-2023-12-15,FACT,2023-12-06 00:00:00,2023-12-15 00:00:00,7,811.9712524414062,32.85936383009778,40.82543896543733,743.0170799234918,2.098463405270049,799.93798828125,797.2416473133525,745.1341522216796,696.4268634033203,457.34340957641604,547976192.4559021,58.36734693877551,97.14285714285714,98.36734693877551,85.87755102040816,0.9780439121756487,8.621565177047605,True,True,True,True,True,True,True,True,True,True,True,True,True,True,True,
FACT-2024-12-16,FACT,2024-12-06 00:00:00,2024-12-16 00:00:00,6,1029.093994140625,41.01110692018279,39.897116087909865,972.2664554936907,1.3856621514150778,1009.3018188476562,1008.3022268115142,941.473583984375,898.7794299316406,858.1502490234375,429789375.20947266,94.73684210526315,68.0161943319838,85.62753036437248,81.3157894736842,0.988,0.6278293284070934,True,True,True,True,True,True,True,True,True,True,True,True,True,True,True,
FEDERALBNK-2024-11-19,FEDERALBNK,2024-11-11 00:00:00,2024-11-19 00:00:00,5,205.7770538330078,5.188174561511985,5.743841298591633,193.2063452238624,2.4229540583310563,204.7071990966797,199.001353107909,197.84780197143556,191.90113861083984,173.34965980529785,2118938583.086975,93.71196754563894,79.71602434077079,82.35294117647058,84.70588235294117,0.986,2.195670110258652,True,True,True,True,True,True,True,True,True,True,True,True,True,True,True,
FEDERALBNK-2025-12-30,FEDERALBNK,2025-12-22 00:00:00,2025-12-30 00:00:00,5,268.2336120605469,4.259613705326351,4.541499042524726,259.21444618534866,2.1173670898655366,266.68890380859375,263.1011436604867,261.49912414550784,247.7501956176758,210.52334754943848,1544554466.7630615,81.52610441767068,98.39357429718876,93.37349397590361,91.8273092369478,0.9940119760479041,6.260794615116755,True,True,True,True,True,True,True,True,True,True,True,True,True,True,True,
FEDERALBNK-2026-05-04,FEDERALBNK,2026-04-22 00:00:00,2026-05-04 00:00:00,7,295.440673828125,8.303621499669754,7.504779427149951,279.0466732278482,1.9743193498076481,288.16552734375,286.9696177224655,287.3532974243164,281.1754022216797,243.89399856567383,2206132046.328064,33.33333333333333,45.807770961145195,87.52556237218813,54.58077709611452,0.9702380952380952,0.7078526349148276,True,True,True,True,True,True,True,True,True,False,True,True,True,True,False,RS_FAIL
FINCABLES-2024-06-03,FINCABLES,2024-05-29 00:00:00,2024-06-03 00:00:00,3,1463.161376953125,71.27623310919205,68.36780632748177,1398.8389281844068,0.9024389472179187,1446.514404296875,1444.0517597165765,1170.489663696289,1049.0533862304687,1017.5048596191406,440484307.23876953,98.16326530612245,95.10204081632652,81.63265306122449,91.9795918367347,0.9780439121756487,1.0393291602692807,True,True,True,True,True,True,True,True,True,True,True,True,True,True,True,
FINCABLES-2024-07-16,FINCABLES,2024-07-05 00:00:00,2024-07-16 00:00:00,7,1641.550048828125,65.83706035453915,68.58267517159607,1531.768733605783,1.6674698814187439,1631.650390625,1601.1639486153929,1588.1910217285156,1402.3062878417968,1091.5215451049805,244555396.31188965,52.73833671399595,97.3630831643002,89.24949290060852,81.54158215010142,0.9801192842942346,2.6588533335074467,True,True,True,True,True,True,True,True,True,True,True,True,True,True,True,
FINCABLES-2026-06-29,FINCABLES,2026-06-22 00:00:00,2026-06-29 00:00:00,4,1190.5,49.90845134531215,48.9019234056117,1103.9000244140625,1.7351765733374482,1179.199951171875,1155.0,1080.4099914550782,1061.122999267578,866.1975012207031,480645715.34033203,62.8,91.2,95.6,84.0,1.0,2.4540842527127977,True,True,True,True,True,True,True,True,True,True,True,True,True,True,True,
FINEORG-2024-12-10,FINEORG,2024-12-03 00:00:00,2024-12-10 00:00:00,5,5207.19775390625,180.22188287679825,167.73805285885555,5038.276152567815,0.9372979498494728,5166.87158203125,5127.889632690719,5006.90390625,5000.052978515625,4808.122319335937,74349723.75634766,44.534412955465584,48.987854251012145,66.19433198380567,52.81376518218623,0.988,3.1309765855578147,True,True,True,True,True,True,True,False,True,False,True,True,True,True,False,LIQUIDITY_FAIL;RS_FAIL
FINPIPE-2024-04-10,FINPIPE,2024-04-03 00:00:00,2024-04-10 00:00:00,5,253.60740661621094,9.837322874566484,9.457995091047454,245.3147703329735,0.8429769347794114,252.29034423828125,250.72936660291856,231.4393051147461,221.29354614257812,207.82941535949706,263900787.03755188,87.70491803278688,59.83606557377049,39.549180327868854,62.11065573770492,0.9740518962075848,2.262741139830813,True,True,True,True,True,True,True,True,True,False,True,True,True,True,False,RS_FAIL
FINPIPE-2024-06-21,FINPIPE,2024-06-07 00:00:00,2024-06-21 00:00:00,9,341.7528991699219,17.531899401107793,13.785172418933058,314.92389412087635,1.5302965431885986,324.6799011230469,323.7042762620906,321.3384613037109,288.3660858154297,232.96660667419434,352653719.05337524,52.74949083503056,92.4643584521385,86.35437881873727,78.71690427698576,0.9780876494023905,2.421909480883223,True,True,True,True,True,True,True,True,True,True,True,True,True,True,True,
FIVESTAR-2024-10-24,FIVESTAR,2024-10-16 00:00:00,2024-10-24 00:00:00,6,894.044921875,31.491800763550675,36.07271262605281,832.1846160699445,1.9643305338275243,879.1508178710938,862.3204403259658,829.6824279785156,778.6680541992188,747.3241055297851,1138347305.8049927,99.18367346938776,91.63265306122449,79.38775510204081,90.22448979591836,0.98,3.1333859396900547,True,True,True,True,True,True,True,True,True,True,True,True,True,True,True,
FLUOROCHEM-2024-09-27,FLUOROCHEM,2024-09-16 00:00:00,2024-09-27 00:00:00,9,4478.28466796875,164.8045539447298,175.88811158326794,4093.815685845894,2.3328783878860193,4296.20654296875,4287.163715721731,4025.6762817382814,3576.8237109375,3423.1091125488283,1043874850.3981934,100.0,93.30628803245436,69.97971602434076,88.31643002028399,0.986,0.4922475461653635,True,True,True,True,True,True,True,True,True,True,True,True,True,True,True,
FLUOROCHEM-2024-10-16,FLUOROCHEM,2024-10-11 00:00:00,2024-10-16 00:00:00,3,4690.1455078125,205.81071719361924,196.99210552054862,4523.427044615704,0.8100572480875864,4671.4599609375,4649.32759854139,4342.394396972656,3847.2228759765626,3498.156649169922,795162403.6838379,77.9591836734694,96.12244897959184,70.20408163265306,82.89795918367348,0.98,1.0356160542806274,True,True,True,True,True,True,True,True,True,True,True,True,True,True,True,
FLUOROCHEM-2026-07-29,FLUOROCHEM,2026-07-21 00:00:00,2026-07-29 00:00:00,6,4607.10009765625,135.26379314999403,135.3413414776787,4423.2001953125,1.359564877349132,4582.10009765625,4577.89990234375,4200.5400390625,3926.7740087890625,3570.6620043945313,551106272.75,91.8,91.4,92.80000000000001,91.94,1.0,0.6506024096385542,True,True,True,True,True,True,True,True,True,True,True,True,True,True,True,
FLUOROCHEM-2026-08-12,FLUOROCHEM,2026-08-04 00:00:00,2026-08-12 00:00:00,6,4612.7998046875,144.7136397924875,151.68983242507974,4401.7998046875,1.4580519175840232,4565.7998046875,4522.0,4472.750024414063,4080.9320068359375,3609.792003173828,569066898.25,94.0,86.8,86.8,88.96000000000001,1.0,7.720213382539063,True,True,True,True,True,True,True,True,True,True,True,True,True,True,True,
FORCEMOT-2026-02-16,FORCEMOT,2026-02-11 00:00:00,2026-02-16 00:00:00,3,24927.0,1046.5310952383304,1101.2597726817096,23004.0,1.837499151959807,24586.0,24129.0,21110.15,19791.62,16971.883779296873,1755511937.5,97.78672032193158,99.79879275653923,88.53118712273643,95.8148893360161,0.9920159680638723,1.553360748469122,True,True,True,True,True,True,True,True,True,True,True,True,True,True,True,
FORCEMOT-2026-02-24,FORCEMOT,2026-02-17 00:00:00,2026-02-24 00:00:00,5,25776.0,1141.8126460615874,1177.687200262809,23328.0,2.143959438918282,25038.0,24900.0,22529.25,20721.78,17418.94783203125,2820725432.5,97.38955823293173,99.79919678714859,88.75502008032129,95.76305220883535,0.996,0.6672724122338065,True,True,True,True,True,True,True,True,True,True,True,True,True,True,True,
FORTIS-2023-12-11,FORTIS,2023-12-05 00:00:00,2023-12-11 00:00:00,4,386.2866516113281,10.60451995724715,9.986312033887575,374.5371985748596,1.1079665165266568,384.3947448730469,382.8514031935742,371.95581970214846,347.9178289794922,308.1237088012695,761130185.3865967,76.32653061224491,70.61224489795919,70.61224489795919,72.32653061224491,0.9780439121756487,1.3609005263126452,True,True,True,True,True,True,True,True,True,True,True,True,True,True,True,
FORTIS-2024-01-05,FORTIS,2024-01-02 00:00:00,2024-01-05 00:00:00,3,433.6327209472656,12.913554598981984,12.661385632416424,419.24468686933585,1.114180760041393,432.4378356933594,428.9528826073344,403.0145736694336,373.73167236328123,320.30538314819336,596777228.746994,81.0204081632653,76.93877551020408,66.53061224489795,75.0408163265306,0.9780439121756487,0.8116825383485397,True,True,True,True,True,True,True,True,True,True,True,True,True,True,True,
FORTIS-2024-05-16,FORTIS,2024-05-08 00:00:00,2024-05-16 00:00:00,6,460.765869140625,13.445860227245058,12.94689634735644,432.13913403925153,2.129037087814414,446.9255065917969,446.6765921419351,444.1150863647461,423.80305419921876,382.46929397583006,354799742.45648193,55.91836734693878,53.673469387755105,62.244897959183675,56.91836734693878,0.9780439121756487,1.503655207132631,True,True,True,True,True,True,True,True,True,False,True,True,True,True,False,RS_FAIL
FORTIS-2024-10-08,FORTIS,2024-10-01 00:00:00,2024-10-08 00:00:00,4,614.4706420898438,20.399529926999026,21.050570215113403,572.7144168083069,2.0469209550888734,595.8624267578125,591.5721109894264,591.716748046875,550.987177734375,466.64316452026367,830471904.060669,90.38854805725971,94.06952965235173,82.82208588957054,89.59100204498978,0.978,0.8869597779031607,True,True,True,True,True,True,True,True,True,True,True,True,True,True,True,
FORTIS-2024-10-28,FORTIS,2024-10-15 00:00:00,2024-10-28 00:00:00,9,618.3120727539062,20.618126151627028,19.865466581773553,570.7188908944196,2.3083175216546516,603.5452270507812,590.6242210345017,599.5242340087891,578.5962072753906,480.3849383544922,627180810.8562317,84.08163265306122,93.87755102040816,87.95918367346938,89.16326530612244,0.98,0.9927379065365551,True,True,True,True,True,True,True,True,True,True,True,True,True,True,True,
FORTIS-2024-12-02,FORTIS,2024-11-25 00:00:00,2024-12-02 00:00:00,5,696.2869873046875,24.06221709415078,26.439984026251658,637.1697280584125,2.4568500489776426,675.4338989257812,662.1137417994933,645.7404968261719,618.4567370605469,505.09506072998045,1137992085.6547241,90.08097165991903,95.1417004048583,91.09311740890689,92.4089068825911,0.988,0.9969271531594144,True,True,True,True,True,True,True,True,True,True,True,True,True,True,True,
FORTIS-2025-05-12,FORTIS,2025-05-06 00:00:00,2025-05-12 00:00:00,4,685.3116455078125,26.3951830854371,25.58476654514646,645.2515583837253,1.5177044612427553,675.134521484375,667.5015995214153,667.2023040771485,647.0794750976562,620.3424349975586,915829240.1130371,34.22131147540984,70.08196721311475,79.91803278688525,62.27459016393443,0.9740518962075848,0.777035815428752,True,True,True,True,True,True,True,True,True,False,True,True,True,True,False,RS_FAIL
FORTIS-2025-09-29,FORTIS,2025-09-15 00:00:00,2025-09-29 00:00:00,10,976.614013671875,19.30384157028397,20.63960169516046,928.3651143427079,2.499445468068941,969.7213134765625,943.5989534406217,956.550259399414,913.8211987304687,741.5253439331054,1145896522.6581116,79.31726907630522,96.18473895582329,96.18473895582329,91.12449799196787,0.9940119760479041,3.390655175155623,True,True,True,True,True,True,True,True,True,True,True,True,True,True,True,
FSL-2023-08-16,FSL,2023-08-04 00:00:00,2023-08-16 00:00:00,7,141.79742431640625,4.444195567932889,4.215815922410392,137.612901710177,0.9415703117168585,140.98904418945312,140.5610907776524,136.45742645263672,128.7313198852539,111.22049934387206,266126730.3895111,73.77049180327869,50.204918032786885,67.82786885245902,62.56147540983606,0.9721115537848606,0.6281118581050495,True,True,True,True,True,True,True,True,True,False,True,True,True,True,False,RS_FAIL
FSL-2023-09-01,FSL,2023-08-25 00:00:00,2023-09-01 00:00:00,5,159.96192932128906,4.901194039579646,5.377725588732275,151.78314753259167,1.6687325012332814,159.58152770996094,156.82356785624452,147.04467849731446,135.28956909179686,114.50161197662354,308624843.5618286,85.88957055214725,78.52760736196319,79.75460122699386,81.1042944785276,0.9741035856573705,6.015767918072571,True,True,True,True,True,True,True,True,True,True,True,True,True,True,True,
FSL-2023-09-08,FSL,2023-09-04 00:00:00,2023-09-08 00:00:00,4,162.29193115234375,5.418165810683471,5.3003591256672165,156.918668700325,0.9917124428757483,160.9129638671875,160.77030140652494,151.87586975097656,139.04991073608397,116.03940788269043,395232019.73339844,79.34560327198365,80.57259713701431,79.14110429447852,79.77505112474438,0.9760479041916168,1.0772365799789885,True,True,True,True,True,True,True,True,True,True,True,True,True,True,True,
FSL-2023-10-18,FSL,2023-10-12 00:00:00,2023-10-18 00:00:00,4,161.626220703125,4.688385551889941,4.748902026775738,153.35233293138108,1.7647626630042441,158.34519958496094,157.5843653492601,156.10554275512695,153.3542352294922,123.52870441436768,194703091.3855133,44.69387755102041,75.10204081632654,77.75510204081633,66.77551020408164,0.9780439121756487,1.5280409783694406,True,True,True,True,True,True,True,True,True,False,True,True,True,True,False,RS_FAIL
FSL-2024-07-12,FSL,2024-07-08 00:00:00,2024-07-12 00:00:00,4,242.0925750732422,9.084797659822213,9.624420750325584,228.7161195164824,1.4723999430298338,241.42471313476562,235.2010893472074,214.2672203063965,198.39182525634766,182.3249668121338,772423724.3838806,96.14604462474645,71.80527383367141,72.21095334685599,79.2292089249493,0.9801192842942346,2.501868746777609,True,True,True,True,True,True,True,True,True,True,True,True,True,True,True,
FSL-2024-11-04,FSL,2024-10-28 00:00:00,2024-11-04 00:00:00,5,360.59326171875,18.526779702735134,18.45011089961039,315.63404298553894,2.426715244342959,347.6233215332031,333.58866398002476,322.7263748168945,311.40429748535155,234.93473052978516,1385775396.0000305,97.75510204081633,94.28571428571428,97.95918367346938,96.42857142857142,0.98,3.9390433829542886,True,True,True,True,True,True,True,True,True,True,True,True,True,True,True,
FSL-2024-11-25,FSL,2024-11-07 00:00:00,2024-11-25 00:00:00,10,368.72369384765625,19.072688096737494,17.311490981841512,323.90960783937044,2.3496470859790106,344.9615783691406,335.91165434884056,341.14077911376955,321.99705810546874,244.96863273620605,1691167178.485077,64.5748987854251,87.85425101214574,99.39271255060729,84.33198380566802,0.988,0.7740173477805453,True,True,True,True,True,True,True,True,True,True,True,True,True,True,True,
GABRIEL-2026-07-06,GABRIEL,2026-06-29 00:00:00,2026-07-06 00:00:00,5,1272.5670166015625,47.13007583757359,46.38631025927405,1212.5911217732735,1.272560965846661,1272.4671630859375,1249.3151884232539,1174.175601196289,1114.7635119628906,1059.5622161865235,415826393.7579346,98.6,91.2,80.60000000000001,90.24000000000001,1.0,1.4031785893358597,True,True,True,True,True,True,True,True,True,True,True,True,True,True,True,
GAEL-2024-03-01,GAEL,2024-02-26 00:00:00,2024-03-01 00:00:00,4,204.889892578125,8.439200805373288,8.282941352604448,189.78935817125262,1.7893322786273538,199.11837768554688,197.3769518781332,191.67132263183595,184.4009146118164,155.40690128326415,222259486.68145752,50.91649694501018,44.602851323828915,80.85539714867616,57.37270875763747,0.9800399201596807,0.5614295258931262,True,True,True,True,True,True,True,True,True,False,True,True,True,True,False,RS_FAIL
GAIL-2024-01-12,GAIL,2024-01-02 00:00:00,2024-01-12 00:00:00,8,147.7998046875,5.30178765203349,4.738850347574281,140.41208775420486,1.3934388583936579,146.313232421875,145.14204240188033,140.2183681488037,126.45735443115234,108.17585578918457,3496581189.751404,85.10204081632654,80.81632653061224,77.14285714285715,81.0,0.9780439121756487,1.209941427644819,True,True,True,True,True,True,True,True,True,True,True,True,True,True,True,
GAIL-2024-01-25,GAIL,2024-01-19 00:00:00,2024-01-25 00:00:00,3,151.6288299560547,4.906179758492633,5.323689721615551,140.32197610737606,2.304614670733656,149.0160675048828,148.7458117059081,146.70966720581055,132.38466278076172,110.32483169555664,4150192682.586853,68.9795918367347,81.22448979591836,79.18367346938776,76.93877551020408,0.9780439121756487,0.6794203857674079,True,True,True,True,True,True,True,True,True,True,True,True,True,True,True,
GAIL-2024-02-29,GAIL,2024-02-15 00:00:00,2024-02-29 00:00:00,9,171.18338012695312,6.424256687746113,5.632639619896421,163.79718974256437,1.149734629763078,169.32522583007812,168.90713833320584,166.2435546875,153.47542495727538,118.3740055847168,3025366511.4543457,83.09572301425662,93.68635437881873,86.15071283095723,88.24847250509166,0.9800399201596807,1.0427740462775632,True,True,True,True,True,True,True,True,True,True,True,True,True,True,True,
GESHIP-2023-10-09,GESHIP,2023-09-27 00:00:00,2023-10-09 00:00:00,7,781.2708129882812,29.136058411606516,27.3688346191014,744.6799904053775,1.2558604209939266,773.6514282226562,769.1346328526131,757.2039489746094,722.0653454589843,623.1316001892089,268213507.64050293,91.42857142857143,71.22448979591837,65.51020408163265,75.57142857142857,0.9780439121756487,1.0425100464031167,True,True,True,True,True,True,True,True,True,True,True,True,True,True,True,
GESHIP-2023-12-15,GESHIP,2023-12-05 00:00:00,2023-12-15 00:00:00,8,828.4157104492188,25.98657652182951,25.41058558873618,784.5776927461172,1.6869485546230476,827.2657470703125,802.2417423400613,782.5099304199218,761.6310522460938,669.2313381958007,246707638.01971436,74.89795918367346,58.57142857142858,55.91836734693878,62.6734693877551,0.9780439121756487,4.1196700644038975,True,True,True,True,True,True,True,True,True,False,True,True,True,True,False,RS_FAIL
GESHIP-2024-01-03,GESHIP,2023-12-22 00:00:00,2024-01-03 00:00:00,6,934.8599853515625,35.04284919162448,32.830299840619254,881.5918729232785,1.520085086032773,915.8159790039062,913.3779633093586,865.0364135742187,790.2898754882813,692.4663766479492,386850871.7351074,77.3469387755102,65.91836734693878,66.3265306122449,69.46938775510203,0.9780439121756487,1.1676044664682657,True,True,True,True,True,True,True,True,True,False,True,True,True,True,False,RS_FAIL
GESHIP-2024-06-28,GESHIP,2024-06-18 00:00:00,2024-06-28 00:00:00,8,1148.2720947265625,51.97012617031692,46.810154499561904,1083.1459810805618,1.2531451902304196,1146.2603759765625,1124.7387075090849,1080.6170928955078,1006.4857312011719,876.2488177490235,998123784.7845459,85.16260162601627,69.51219512195121,59.34959349593496,71.15853658536585,0.9800796812749004,1.557493955536134,True,True,True,True,True,True,True,True,True,True,True,True,True,True,True,
GESHIP-2025-10-16,GESHIP,2025-10-06 00:00:00,2025-10-16 00:00:00,8,1029.0084228515625,30.869617251649622,26.008089396327133,989.8951941560273,1.2670461177630916,1012.965576171875,1006.5679411396158,1001.6776153564454,963.55521484375,912.4820416259765,388516983.75161743,51.3184584178499,78.29614604462475,69.3711967545639,67.52535496957404,0.9801192842942346,0.3279996324904677,True,True,True,True,True,True,True,True,True,False,True,True,True,True,False,RS_FAIL
GESHIP-2025-11-07,GESHIP,2025-10-31 00:00:00,2025-11-07 00:00:00,4,1065.8919677734375,29.764390669906195,31.65501959693356,1003.3690629712034,2.100594146059537,1051.9332275390625,1032.1587872632688,1019.5935424804687,990.1627709960937,920.8144247436524,290384574.8930664,72.2672064777328,89.87854251012146,78.74493927125506,81.25506072874495,0.9821073558648111,1.5001231830500124,True,True,True,True,True,True,True,True,True,True,True,True,True,True,True,
GESHIP-2026-02-24,GESHIP,2026-02-11 00:00:00,2026-02-24 00:00:00,9,1325.44287109375,38.41822727154642,38.30443865146141,1252.4349314223944,1.9003463943123502,1300.1898193359375,1294.392395291989,1253.3121765136718,1149.88697265625,1018.6370861816406,580390680.0222778,93.17269076305222,96.78714859437751,95.38152610441767,95.28112449799197,0.996,1.189678157794335,True,True,True,True,True,True,True,True,True,True,True,True,True,True,True,
GESHIP-2026-05-06,GESHIP,2026-04-30 00:00:00,2026-05-06 00:00:00,3,1549.3797607421875,56.90815661962677,54.19401313039128,1488.4580216183012,1.0705273680025555,1547.709228515625,1521.4737012954693,1428.4548583984374,1391.41732421875,1126.6760778808593,738204099.9451904,28.016359918200408,91.61554192229039,97.13701431492842,74.1922290388548,0.9702380952380952,1.151297977384934,True,True,True,True,True,True,True,True,True,True,True,True,True,True,True,
GESHIP-2026-05-15,GESHIP,2026-05-08 00:00:00,2026-05-15 00:00:00,5,1560.6798095703125,55.63266580894606,63.523057330632376,1436.6744409633072,2.2290028134345574,1507.225830078125,1495.532819682775,1480.3170288085937,1421.2081103515625,1146.1419012451172,791415771.692688,85.56910569105692,82.3170731707317,96.13821138211382,87.4390243902439,0.9761904761904762,16.659115402154367,True,True,True,True,True,True,True,True,True,True,True,True,True,True,True,
GICRE-2023-12-07,GICRE,2023-11-30 00:00:00,2023-12-07 00:00:00,5,303.1285705566406,14.2404325655787,14.666751504317313,277.6109284644343,1.7919148154169373,294.87567138671875,293.4527394702504,259.20314331054686,230.83873291015624,180.6416879272461,658308963.7374268,97.55102040816327,94.89795918367348,90.61224489795919,94.40816326530613,0.9780439121756487,2.1387498027231664,True,True,True,True,True,True,True,True,True,True,True,True,True,True,True,
GICRE-2023-12-22,GICRE,2023-12-19 00:00:00,2023-12-22 00:00:00,3,306.44866943359375,13.68234358918286,14.947106119385586,280.36188038628654,1.906602394339168,298.0060729980469,295.9665379576863,294.61004028320315,249.77395080566407,189.4461321258545,708372063.6285858,85.71428571428571,91.22448979591836,91.22448979591836,89.57142857142857,0.9780439121756487,0.5828633566550065,True,True,True,True,True,True,True,True,True,True,True,True,True,True,True,
GICRE-2024-07-16,GICRE,2024-07-09 00:00:00,2024-07-16 00:00:00,5,395.99755859375,16.392909022758122,17.016254217829548,373.80005282219537,1.3540919272313439,395.61810302734375,392.25054340868525,376.15736389160156,353.0814544677734,308.4910590362549,625045633.8976746,62.47464503042597,79.71602434077079,69.1683569979716,71.37931034482759,0.9801192842942346,4.120840322271827,True,True,True,True,True,True,True,True,True,True,True,True,True,True,True,
GICRE-2025-04-03,GICRE,2025-03-21 00:00:00,2025-04-03 00:00:00,8,433.3943176269531,17.794050279651735,16.634062252770583,396.12246161676933,2.0946246315155,417.28857421875,411.0117408151709,395.47533721923827,388.30805725097656,387.5210592651367,205571862.06118774,81.44329896907216,66.8041237113402,92.37113402061856,78.8659793814433,0.97,1.621090191541662,True,True,True,True,True,True,True,True,True,True,True,True,True,True,True,
GILLETTE-2023-10-27,GILLETTE,2023-10-13 00:00:00,2023-10-27 00:00:00,9,5916.857421875,159.07816363624926,147.42829356433413,5651.965407440771,1.6651689231209357,5837.09033203125,5773.135760931969,5820.100537109375,5574.665029296875,4759.7246484375,78790410.06054688,81.39059304703477,74.84662576687117,79.55010224948876,78.22085889570552,0.9760479041916168,0.5719364515053883,True,True,True,True,True,True,True,False,True,True,True,True,True,True,False,LIQUIDITY_FAIL
GILLETTE-2025-07-11,GILLETTE,2025-06-30 00:00:00,2025-07-11 00:00:00,9,10553.8681640625,314.99837426178277,306.2947062596674,10033.889310446993,1.6507350389795108,10398.6005859375,10389.893096239944,10187.51328125,9316.658251953126,8718.9819140625,267693070.3330078,73.03822937625755,84.50704225352112,68.81287726358148,76.35814889336015,0.994,2.1513476936957256,True,True,True,True,True,True,True,True,True,True,True,True,True,True,True,
GILLETTE-2025-07-23,GILLETTE,2025-07-18 00:00:00,2025-07-23 00:00:00,3,10891.0078125,328.07841880880443,315.19439070277383,10565.960976737284,0.9907595779780469,10845.5400390625,10821.354472748146,10486.803076171875,9791.77822265625,8818.439313964844,288374441.55615234,79.87927565392354,94.36619718309859,77.2635814889336,84.88933601609658,0.9920159680638723,0.9971819571583814,True,True,True,True,True,True,True,True,True,True,True,True,True,True,True,
GLAND-2026-07-16,GLAND,2026-07-07 00:00:00,2026-07-16 00:00:00,7,2530.879638671875,78.75656867787582,79.94108325147148,2398.281232596906,1.6836488473401223,2510.433837890625,2505.868518163547,2396.0630737304687,2260.1330297851564,1892.1461218261718,1298602287.0517578,93.8,96.2,93.0,94.52000000000001,1.0,1.4657887897740804,True,True,True,True,True,True,True,True,True,True,True,True,True,True,True,
GLAXO-2023-12-22,GLAXO,2023-12-15 00:00:00,2023-12-22 00:00:00,5,1678.8428955078125,44.10975478502449,47.71253492984051,1578.475706011894,2.275396677788688,1660.0565185546875,1647.6112572221693,1608.025079345703,1498.485751953125,1340.2819201660157,264722952.83111572,36.93877551020408,57.95918367346938,55.306122448979586,50.85714285714285,0.9780439121756487,0.5845298525501571,True,True,True,True,True,True,True,True,True,False,True,True,True,True,False,RS_FAIL
GLAXO-2024-01-31,GLAXO,2024-01-18 00:00:00,2024-01-31 00:00:00,7,2205.048828125,75.74460684951337,77.54160048505885,2030.056983585112,2.3102878451472515,2129.335205078125,2091.573796982617,2075.6858032226564,1805.4805151367189,1442.0305505371093,672342868.1661377,87.95918367346938,90.0,84.08163265306122,87.61224489795919,0.9780439121756487,0.6489675420156094,True,True,True,True,True,True,True,True,True,True,True,True,True,True,True,
GLAXO-2024-06-24,GLAXO,2024-06-13 00:00:00,2024-06-24 00:00:00,6,2587.899658203125,104.73289317913256,106.62307596040681,2395.151139517642,1.8403818784592394,2528.10595703125,2490.7829460136004,2438.9891723632813,2145.5992797851563,1827.418251953125,463319414.81726074,63.13645621181263,79.63340122199592,85.33604887983707,76.39511201629327,0.9780876494023905,2.347786278822576,True,True,True,True,True,True,True,True,True,True,True,True,True,True,True,
GLAXO-2025-06-16,GLAXO,2025-06-05 00:00:00,2025-06-16 00:00:00,7,3380.15625,133.04018713939385,124.11696958090052,3154.0130068725844,1.6998115230435775,3283.223876953125,3248.8978509758604,3144.016259765625,2886.0036474609374,2517.2208966064454,519418366.0274658,95.94320486815415,77.079107505071,98.17444219066938,89.06693711967546,0.9801192842942346,0.5219540794498407,True,True,True,True,True,True,True,True,True,True,True,True,True,True,True,
GLAXO-2026-08-25,GLAXO,2026-08-19 00:00:00,2026-08-25 00:00:00,4,3032.39990234375,84.09880496079715,86.31962088420634,2865.39990234375,1.9857594894225599,2963.39990234375,2955.89990234375,2726.999951171875,2548.3419873046873,2416.790788574219,231450451.57543945,93.0,94.6,67.60000000000001,86.02,1.0,2.1210989986441873,True,True,True,True,True,True,True,True,True,True,True,True,True,True,True,
GLENMARK-2024-03-21,GLENMARK,2024-03-11 00:00:00,2024-03-21 00:00:00,8,951.5995483398438,29.932857220546502,32.317823687867715,879.5795822265625,2.4060505010475697,943.0328979492188,942.7838227253704,924.2160369873047,891.7353430175781,793.2756314086914,1025915846.2226562,91.44602851323829,77.59674134419552,47.86150712830957,72.83095723014256,0.9800399201596807,0.6594544771071218,True,True,True,True,True,True,True,True,True,True,True,True,True,True,True,
GLENMARK-2024-09-05,GLENMARK,2024-08-30 00:00:00,2024-09-05 00:00:00,4,1725.0418701171875,44.1998543860307,43.89777297673067,1660.044585537084,1.4705316450238306,1702.8282470703125,1697.847532410332,1622.6724792480468,1471.5745458984375,1077.9148526000977,1679430911.605774,92.0892494929006,89.8580121703854,97.97160243407707,92.96146044624746,0.9820717131474104,0.9800314150205961,True,True,True,True,True,True,True,True,True,True,True,True,True,True,True,
GLENMARK-2025-12-12,GLENMARK,2025-12-02 00:00:00,2025-12-12 00:00:00,8,1978.5999755859375,48.42112459164338,43.23951997745336,1892.699951171875,1.774019606907009,1975.0,1967.5999755859375,1919.0250061035156,1894.7520043945312,1752.0402404785157,1602085152.5769043,90.5241935483871,37.29838709677419,87.70161290322581,68.38709677419355,0.9880478087649402,0.4312695620675655,True,True,True,True,True,True,True,True,True,False,True,True,True,True,False,RS_FAIL
GLENMARK-2025-12-30,GLENMARK,2025-12-23 00:00:00,2025-12-30 00:00:00,4,2047.0,43.03835763560625,40.32786314644095,2000.0,1.092049106472321,2029.800048828125,2028.5,1981.6899963378905,1910.1360034179688,1788.645327758789,965876368.34021,83.33333333333334,64.2570281124498,86.94779116465864,76.78714859437751,0.9940119760479041,4.673873873873874,True,True,True,True,True,True,True,True,True,True,True,True,True,True,True,
GLENMARK-2026-03-06,GLENMARK,2026-02-27 00:00:00,2026-03-06 00:00:00,4,2136.699951171875,49.97032383038012,54.371132751072196,2031.0999755859375,2.113253777269632,2124.39990234375,2118.89990234375,2045.6999877929688,2022.0399951171876,1925.493366088867,817204730.7417603,92.3694779116466,82.53012048192771,74.69879518072288,83.13253012048193,0.996,1.0601061078988843,True,True,True,True,True,True,True,True,True,True,True,True,True,True,True,
GLENMARK-2026-03-18,GLENMARK,2026-03-11 00:00:00,2026-03-18 00:00:00,5,2272.699951171875,61.395462344619844,65.58404045253174,2136.0,2.226548118565544,2186.300048828125,2184.699951171875,2124.0499755859373,2048.3499951171875,1956.8342376708983,1023120253.5031738,95.18072289156626,89.1566265060241,78.1124497991968,87.65060240963855,0.996,1.817347274822987,True,True,True,True,True,True,True,True,True,True,True,True,True,True,True,
GMDCLTD-2025-09-18,GMDCLTD,2025-09-12 00:00:00,2025-09-18 00:00:00,4,559.341552734375,30.540374123564117,28.00382927305932,533.968226966344,0.8308125390138441,552.0499877929688,549.6732039399936,475.43155670166016,432.30071899414065,345.4121875,2803729564.810974,99.79879275653923,98.99396378269618,100.0,99.53722334004024,0.9920159680638723,0.8488646176674491,True,True,True,True,True,True,True,True,True,True,True,True,True,True,True,
GMDCLTD-2025-10-01,GMDCLTD,2025-09-23 00:00:00,2025-10-01 00:00:00,6,627.4000244140625,32.209862337365756,32.125091198675676,577.5,1.5492156995708388,620.5999755859375,617.9000244140625,556.3714065551758,470.3971856689453,356.4115875244141,4177391058.9329224,99.59432048681542,99.59432048681542,99.79716024340772,99.6551724137931,0.9840319361277445,0.7713503844526942,True,True,True,True,True,True,True,True,True,True,True,True,True,True,True,
GMMPFAUDLR-2023-10-10,GMMPFAUDLR,2023-09-27 00:00:00,2023-10-10 00:00:00,8,1863.3997802734375,54.966911177671975,53.97199334956876,1752.3484615575117,2.0203303466874782,1828.1241455078125,1806.530907990173,1812.531182861328,1651.6083129882813,1542.8512353515625,286899303.7836914,74.28571428571429,80.20408163265306,43.26530612244898,67.34693877551021,0.9780439121756487,0.9965048912527306,True,True,True,True,True,True,True,True,True,False,True,True,True,True,False,RS_FAIL
GMRAIRPORT-2024-02-13,GMRAIRPORT,2024-02-07 00:00:00,2024-02-13 00:00:00,4,90.80000305175781,3.948093534974209,4.181850792461961,84.19999694824219,1.6716944634288509,89.8499984741211,89.30000305175781,83.29249954223633,78.70000030517578,58.494499912261965,3186727646.993923,70.81632653061224,94.08163265306122,88.9795918367347,85.57142857142857,0.9780439121756487,2.1618256882230455,True,True,True,True,True,True,True,True,True,True,True,True,True,True,True,
GMRAIRPORT-2024-07-08,GMRAIRPORT,2024-06-27 00:00:00,2024-07-08 00:00:00,7,99.23999786376953,4.058779260559281,3.4882251946197713,95.0,1.0446485486341228,98.9000015258789,97.38999938964844,95.62000007629395,88.95800003051758,76.74950010299682,3463330721.5717697,79.71602434077079,62.06896551724138,55.375253549695735,65.35496957403652,0.9820717131474104,0.678049401955884,True,True,True,True,True,True,True,True,True,False,True,True,True,True,False,RS_FAIL
GMRAIRPORT-2026-07-13,GMRAIRPORT,2026-07-07 00:00:00,2026-07-13 00:00:00,4,114.9800033569336,2.718846852774469,2.75690803939951,110.30999755859375,1.717642092850614,114.68000030517578,113.19999694824219,110.74000091552735,103.47840042114258,98.29284973144532,2425308032.274296,78.8,69.0,68.8,71.88,1.0,0.6680588555494736,True,True,True,True,True,True,True,True,True,True,True,True,True,True,True,
GNFC-2023-12-01,GNFC,2023-11-16 00:00:00,2023-12-01 00:00:00,10,668.324462890625,19.038525369772124,16.97873222828862,640.9515497783236,1.4377643531027848,663.5578002929688,658.3192199134285,655.704638671875,621.4006750488281,542.870445098877,599466443.4195557,17.755102040816325,78.36734693877551,52.6530612244898,52.46938775510205,0.9780439121756487,1.3627850158413524,True,True,True,True,True,True,True,True,True,False,True,True,True,True,False,RS_FAIL
GODFRYPHLP-2024-02-15,GODFRYPHLP,2024-02-12 00:00:00,2024-02-15 00:00:00,3,825.60107421875,36.12379429949995,35.94389879851643,783.454408941163,1.1667286367581382,822.3552856445312,814.4248328139638,757.1918487548828,711.509267578125,640.4505513000488,224439018.53979492,90.81632653061224,65.10204081632654,52.6530612244898,69.08163265306123,0.9780439121756487,1.0666871448318231,True,True,True,True,True,True,True,True,True,False,True,True,True,True,False,RS_FAIL
GODFRYPHLP-2024-05-03,GODFRYPHLP,2024-04-25 00:00:00,2024-05-03 00:00:00,5,1103.1357421875,45.994854269861044,46.38745693515656,1031.6494960117145,1.5542226910071575,1083.469482421875,1083.021765643206,1018.7601043701172,981.5189892578124,751.379349822998,177894689.29486084,72.3360655737705,96.31147540983606,80.73770491803278,84.44672131147541,0.9740518962075848,8.815728866566385,True,True,True,True,True,True,True,True,True,True,True,True,True,True,True,
GODFRYPHLP-2024-07-04,GODFRYPHLP,2024-06-26 00:00:00,2024-07-04 00:00:00,6,1415.829833984375,62.1433002429421,56.63593234519829,1315.5637253899401,1.6134661049937165,1393.02978515625,1381.4377792470991,1325.804638671875,1214.8454443359376,882.1092575073242,345120475.95318604,76.47058823529412,88.64097363083164,96.95740365111561,87.48478701825557,0.9820717131474104,1.4663150721460105,True,True,True,True,True,True,True,True,True,True,True,True,True,True,True,
GODFRYPHLP-2024-08-26,GODFRYPHLP,2024-08-20 00:00:00,2024-08-26 00:00:00,4,1869.274169921875,92.33869306030911,93.0795310113085,1737.6843050208677,1.4250782693562938,1836.5675048828125,1818.1087254916413,1491.1005737304688,1410.728154296875,1013.2957971191406,461748090.4048462,99.59432048681542,95.94320486815415,99.39148073022312,98.07302231237324,0.9801192842942346,3.1189983768121805,True,True,True,True,True,True,True,True,True,True,True,True,True,True,True,
GODFRYPHLP-2025-07-29,GODFRYPHLP,2025-07-22 00:00:00,2025-07-29 00:00:00,5,3059.498046875,121.08853100226715,120.0543083525959,2807.1933177242436,2.0836385334134784,2905.645751953125,2890.211848692086,2893.8834594726563,2785.9562451171873,2192.8402728271485,1409470148.9857178,63.78269617706237,56.13682092555332,100.0,71.58953722334005,0.9920159680638723,1.1811230945158573,True,True,True,True,True,True,True,True,True,True,True,True,True,True,True,
GODFRYPHLP-2025-09-04,GODFRYPHLP,2025-08-21 00:00:00,2025-09-04 00:00:00,9,3619.344482421875,197.24493548516674,199.25910977746852,3266.851284393223,1.7870836438036717,3414.839599609375,3404.0589919722393,3371.40419921875,3090.3342529296874,2334.4633013916014,5776364202.389282,98.59154929577466,96.98189134808854,99.59758551307847,98.24949698189135,0.9920159680638723,1.4161226929666901,True,True,True,True,True,True,True,True,True,True,True,True,True,True,True,
GODIGIT-2025-08-07,GODIGIT,2025-07-30 00:00:00,2025-08-07 00:00:00,6,371.1000061035156,12.246250500519315,12.354780725448988,350.29998779296875,1.698480552040384,365.29998779296875,362.54998779296875,356.554997253418,348.93800048828126,320.8489999389648,162056317.58447266,95.37223340040242,90.54325955734407,80.48289738430584,88.9738430583501,0.9920159680638723,2.2859497702567366,True,True,True,True,True,True,True,True,True,True,True,True,True,True,True,
GODREJAGRO-2025-08-06,GODREJAGRO,2025-07-31 00:00:00,2025-08-06 00:00:00,4,831.0516357421875,25.821432674030582,28.685634138906785,780.827543677485,1.9450544320576932,815.20947265625,809.4709781083503,789.5006317138672,769.0582250976563,729.9402011108399,224978863.875,92.5553319919517,79.07444668008048,65.59356136820925,79.07444668008048,0.9920159680638723,3.0289201606735023,True,True,True,True,True,True,True,True,True,True,True,True,True,True,True,
GODREJCP-2024-05-13,GODREJCP,2024-05-08 00:00:00,2024-05-13 00:00:00,3,1289.0155029296875,37.70768306413321,36.119014195070406,1251.8331394469235,0.9860686327379028,1277.56005859375,1275.459739833499,1179.0415100097657,1175.478427734375,1050.3554608154298,1042986008.3851929,86.68032786885246,71.31147540983606,66.18852459016394,74.38524590163935,0.9740518962075848,1.2164334316524592,True,True,True,True,True,True,True,True,True,True,True,True,True,True,True,
GODREJCP-2024-08-01,GODREJCP,2024-07-23 00:00:00,2024-08-01 00:00:00,7,1458.76318359375,38.289945682680205,39.82166155150135,1374.1248824805257,2.210457591521447,1414.087646484375,1396.967622794233,1391.413262939453,1344.8948168945312,1152.1319973754883,1495355437.845337,70.38539553752535,72.81947261663286,60.04056795131846,68.2555780933063,0.9801192842942346,0.9308086898679643,True,True,True,True,True,True,True,True,True,False,True,True,True,True,False,RS_FAIL
GODREJIND-2023-09-14,GODREJIND,2023-09-08 00:00:00,2023-09-14 00:00:00,4,584.25,17.393367079910398,19.726770621465622,542.2999877929688,2.411839640611285,580.4000244140625,572.9000244140625,539.0624984741211,507.6109997558594,462.9217489624023,154354639.9468994,84.86707566462167,55.828220858895705,66.05316973415133,67.60736196319019,0.9760479041916168,1.1886593748343435,True,True,True,True,True,True,True,True,True,False,True,True,True,True,False,RS_FAIL
GODREJIND-2023-10-13,GODREJIND,2023-10-06 00:00:00,2023-10-13 00:00:00,5,719.0999755859375,25.306821449646176,28.10195024344221,657.5,2.4341253487129952,683.9000244140625,681.4000244140625,604.5550018310547,553.4979986572266,476.54599914550784,210354125.7137146,97.75510204081633,91.42857142857143,82.24489795918367,90.57142857142857,0.9780439121756487,1.0455761108139514,True,True,True,True,True,True,True,True,True,True,True,True,True,True,True,
GODREJIND-2024-01-16,GODREJIND,2024-01-08 00:00:00,2024-01-16 00:00:00,6,878.5999755859375,31.392336624190893,30.65526123022783,815.0,2.025971381083097,845.9000244140625,843.5,778.4750061035156,709.1140051269531,560.5820008850097,404287443.0,96.3265306122449,72.24489795918367,88.77551020408163,84.42857142857143,0.9780439121756487,0.6423778258606762,True,True,True,True,True,True,True,True,True,True,True,True,True,True,True,
GODREJIND-2025-05-21,GODREJIND,2025-05-14 00:00:00,2025-05-21 00:00:00,5,1172.5,45.99083499061142,43.78023847102685,1120.4000244140625,1.1328338699780773,1160.4000244140625,1159.4000244140625,1123.9,1130.9729956054687,1056.8367489624025,137783757.5,46.435845213849284,97.35234215885947,90.83503054989816,80.12219959266803,0.9780876494023905,2.095188182527301,True,True,True,True,True,True,True,True,True,True,True,True,True,True,True,
GODREJIND-2026-07-15,GODREJIND,2026-07-10 00:00:00,2026-07-15 00:00:00,3,1417.699951171875,51.466020224962826,51.64771264031508,1332.5,1.6554602590108578,1379.4000244140625,1375.5,1213.2549926757813,1145.580997314453,1037.5512478637695,218343441.48608398,99.2,97.6,87.8,95.14,1.0,1.8047772493020073,True,True,True,True,True,True,True,True,True,True,True,True,True,True,True,
GODREJPROP-2023-11-09,GODREJPROP,2023-11-06 00:00:00,2023-11-09 00:00:00,3,1814.7281494140625,49.861879590240775,50.3241369932543,1746.1595500717124,1.3751707698514182,1806.517822265625,1773.825867995534,1683.5024536132812,1644.7607080078126,1422.706558227539,921498335.7783203,77.3469387755102,78.9795918367347,71.22448979591837,76.16326530612245,0.9780439121756487,3.4231103215465497,True,True,True,True,True,True,True,True,True,True,True,True,True,True,True,
GODREJPROP-2023-11-30,GODREJPROP,2023-11-21 00:00:00,2023-11-30 00:00:00,6,1881.754150390625,49.53713656382838,46.61133996447078,1814.3797986825448,1.3600776383444904,1867.672119140625,1851.599997910841,1811.881903076172,1695.4775634765624,1465.2018981933593,1143942273.8615112,78.16326530612245,68.9795918367347,67.14285714285714,71.18367346938776,0.9780439121756487,1.4585937462526921,True,True,True,True,True,True,True,True,True,True,True,True,True,True,True,
GODREJPROP-2024-01-25,GODREJPROP,2024-01-19 00:00:00,2024-01-25 00:00:00,3,2332.127197265625,63.74688727562652,65.28925068328773,2212.6548417059753,1.8741676757184926,2315.70654296875,2271.4703998869877,2196.005157470703,2020.8338818359375,1648.0007989501953,1465495634.2265625,88.36734693877551,84.6938775510204,77.14285714285715,83.53061224489795,0.9780439121756487,1.397359072699171,True,True,True,True,True,True,True,True,True,True,True,True,True,True,True,
GODREJPROP-2024-03-01,GODREJPROP,2024-02-27 00:00:00,2024-03-01 00:00:00,3,2481.057373046875,70.61159415493107,74.03782874262181,2324.76284269456,2.2134400479528127,2416.3701171875,2395.12269691746,2325.996875,2241.121096191406,1780.1375927734375,1652978914.3139648,61.30346232179226,77.80040733197556,77.18940936863544,72.66802443991853,0.9800399201596807,1.583425332432566,True,True,True,True,True,True,True,True,True,True,True,True,True,True,True,
GODREJPROP-2024-04-23,GODREJPROP,2024-04-09 00:00:00,2024-04-23 00:00:00,8,2691.490234375,97.4592273381253,82.04860308555598,2465.084452315309,2.3230820543466657,2523.601806640625,2514.6450145515564,2461.9148559570312,2373.981904296875,1935.7864837646484,1440209376.6313477,85.24590163934425,64.75409836065575,80.32786885245902,75.57377049180329,0.9740518962075848,1.5482085282802844,True,True,True,True,True,True,True,True,True,True,True,True,True,True,True,
GODREJPROP-2024-05-14,GODREJPROP,2024-05-06 00:00:00,2024-05-14 00:00:00,6,2829.0751953125,98.52236326112426,104.62227299459337,2613.516937353073,2.1879119706874075,2808.723388671875,2765.6317571294157,2634.595178222656,2476.7053662109374,2011.8343939208985,1599520755.59375,81.14754098360656,88.9344262295082,82.17213114754098,84.56967213114754,0.9740518962075848,1.0032941184485962,True,True,True,True,True,True,True,True,True,True,True,True,True,True,True,
GODREJPROP-2024-05-27,GODREJPROP,2024-05-16 00:00:00,2024-05-27 00:00:00,6,2846.2421875,100.81920214982824,106.88611773488492,2645.263575531485,1.993455687834536,2829.62255859375,2770.5578400167315,2737.6893676757813,2535.5180810546876,2057.8315594482424,2200346212.9244385,80.61224489795919,85.10204081632654,79.18367346938776,81.9795918367347,0.9780439121756487,2.2506779301893802,True,True,True,True,True,True,True,True,True,True,True,True,True,True,True,
GODREJPROP-2024-06-27,GODREJPROP,2024-06-24 00:00:00,2024-06-27 00:00:00,3,3096.283447265625,116.21851026998525,108.20582764940112,3011.4933890711,0.7295744713776722,3095.686279296875,3085.3364234551423,2911.8922607421873,2777.1928955078124,2202.7600189208983,2027480006.0737305,77.18940936863544,85.94704684317719,88.39103869653768,84.05295315682281,0.9780876494023905,0.9653101875889513,True,True,True,True,True,True,True,True,True,True,True,True,True,True,True,
GODREJPROP-2024-07-08,GODREJPROP,2024-07-03 00:00:00,2024-07-08 00:00:00,3,3314.6279296875,113.3073528269526,104.75409519070281,3212.521750795833,0.9011434504838122,3296.06787109375,3292.0871085906892,3086.7445556640623,2876.9735791015623,2259.025546875,2061273976.4587402,82.55578093306288,88.64097363083164,88.84381338742394,86.87626774847871,0.9820717131474104,0.9991313064797775,True,True,True,True,True,True,True,True,True,True,True,True,True,True,True,
GODREJPROP-2024-10-01,GODREJPROP,2024-09-25 00:00:00,2024-10-01 00:00:00,4,3311.443359375,97.24947066291725,102.99791559875528,3096.0347149367844,2.2150109709579557,3236.80419921875,3162.5632340755387,2993.7540893554688,2973.5397900390626,2645.6039404296876,2040673830.6815186,90.59304703476482,30.879345603271986,73.8241308793456,61.67689161554192,0.978,0.8187523751560817,True,True,True,True,True,True,True,True,True,False,True,True,True,True,False,RS_FAIL
GPIL-2023-12-22,GPIL,2023-12-15 00:00:00,2023-12-22 00:00:00,5,710.0498046875,22.409813783701907,23.952946263925707,659.8840265680116,2.2385629172863872,698.5791015625,678.2962007358552,675.8518768310547,642.3304162597656,511.0866792297363,231963523.3817749,53.673469387755105,66.73469387755102,77.9591836734694,66.18367346938776,0.9780439121756487,1.665990785025813,True,True,True,True,True,True,True,True,True,False,True,True,True,True,False,RS_FAIL
GPIL-2025-09-01,GPIL,2025-08-25 00:00:00,2025-09-01 00:00:00,4,242.03114318847656,8.181600362543211,8.61101616075209,230.18006987305472,1.4485030788937232,238.28660583496094,235.52798876058029,210.78581695556642,195.69292877197265,190.30298347473143,529206196.9592056,99.19517102615694,93.96378269617706,88.53118712273643,93.90342052313883,0.9920159680638723,5.634579467206117,True,True,True,True,True,True,True,True,True,True,True,True,True,True,True,
GPIL-2025-09-10,GPIL,2025-09-03 00:00:00,2025-09-10 00:00:00,5,246.96080017089844,8.710569536945405,8.199479926512504,234.33293193380743,1.4497178609883767,242.1407012939453,240.6468712072409,228.33116989135743,203.9040542602539,192.22762657165526,650933247.0449753,99.3963782696177,97.1830985915493,82.49496981891348,93.44064386317908,0.9920159680638723,0.5406325586055953,True,True,True,True,True,True,True,True,True,True,True,True,True,True,True,
GPIL-2025-11-14,GPIL,2025-10-31 00:00:00,2025-11-14 00:00:00,9,282.5738220214844,8.98602404682544,10.08397341584504,260.923197718201,2.409366388345252,275.5627746582031,269.3882632930281,267.31829528808595,256.60460876464845,204.7198557281494,523787153.6331482,92.3076923076923,97.77327935222672,93.52226720647774,94.8582995951417,0.9821073558648111,5.551216854435867,True,True,True,True,True,True,True,True,True,True,True,True,True,True,True,
GPIL-2026-02-23,GPIL,2026-02-17 00:00:00,2026-02-23 00:00:00,4,271.87799072265625,9.635414312067356,9.364047484263024,258.0350964625892,1.4366682959061001,267.7549743652344,263.81124611286214,258.1725341796875,255.60851806640625,229.5800754547119,470249653.7270355,72.48995983935743,87.55020080321285,87.55020080321285,83.03212851405623,0.9940119760479041,0.6687313800208331,True,True,True,True,True,True,True,True,True,True,True,True,True,True,True,
GPIL-2026-04-28,GPIL,2026-04-17 00:00:00,2026-04-28 00:00:00,7,304.294189453125,11.340722712634067,11.085458230469907,287.81222359727025,1.4533435190592496,303.7464599609375,302.5016037245705,288.56909637451173,271.0209127807617,246.80359245300292,938213726.3405762,63.80368098159509,83.84458077709611,82.61758691206545,77.4642126789366,0.978,2.5187534905941633,True,True,True,True,True,True,True,True,True,True,True,True,True,True,True,
GPPL-2023-12-14,GPPL,2023-12-07 00:00:00,2023-12-14 00:00:00,5,141.19961547851562,5.311912503430652,5.246448887269828,134.48016121771937,1.2649783399964802,140.10997009277344,138.88412961899778,130.41842498779297,120.54318084716797,106.26984073638916,337671964.58608246,76.32653061224491,69.18367346938776,72.24489795918367,72.24489795918367,0.9780439121756487,1.518249000865281,True,True,True,True,True,True,True,True,True,True,True,True,True,True,True,
GPPL-2024-01-25,GPPL,2024-01-15 00:00:00,2024-01-25 00:00:00,7,151.18801879882812,5.374316469051283,5.966859054300584,138.9295211452456,2.2809407901776404,148.55470275878906,147.19264860823458,144.73414611816406,136.3860531616211,112.91828678131104,441443652.8479767,77.9591836734694,80.61224489795919,74.08163265306122,77.85714285714286,0.9780439121756487,1.5182510101356408,True,True,True,True,True,True,True,True,True,True,True,True,True,True,True,
GRANULES-2023-12-07,GRANULES,2023-11-30 00:00:00,2023-12-07 00:00:00,5,396.4486083984375,10.8682556273845,10.831797500990534,380.8208337069755,1.4379285165215498,392.03314208984375,391.93391506956067,374.5697616577148,355.97224792480466,309.30446655273437,620697122.1830444,70.20408163265306,87.14285714285714,67.55102040816327,76.18367346938774,0.9780439121756487,0.702645736402001,True,True,True,True,True,True,True,True,True,True,True,True,True,True,True,
GRANULES-2024-08-20,GRANULES,2024-08-12 00:00:00,2024-08-20 00:00:00,5,685.5715942382812,20.421094022179396,18.744703289087447,654.8796268439544,1.5029541199405012,671.9915161132812,665.2264010292172,623.2058074951171,544.8183557128906,442.19136856079103,1214020499.0188904,98.78296146044624,98.98580121703854,91.68356997971603,96.7342799188641,0.9801192842942346,0.42970461634278767,True,True,True,True,True,True,True,True,True,True,True,True,True,True,True,
GRANULES-2024-09-04,GRANULES,2024-08-30 00:00:00,2024-09-04 00:00:00,3,714.423095703125,18.982155496879813,20.454782537654303,675.8217780833401,2.033558181847684,700.1963500976562,689.600898566174,677.8239959716797,592.9536682128906,461.6168716430664,1141014143.838684,70.38539553752535,97.3630831643002,88.64097363083164,86.65314401622717,0.9820717131474104,1.1321259563406494,True,True,True,True,True,True,True,True,True,True,True,True,True,True,True,
GRANULES-2024-12-31,GRANULES,2024-12-19 00:00:00,2024-12-31 00:00:00,7,596.9775390625,20.996850418767245,19.237993409400847,573.7969378327093,1.1040037323441412,589.2672729492188,588.3221589573617,579.1966033935547,568.8772119140625,528.013936920166,1256253195.9382935,68.0161943319838,83.60323886639675,81.9838056680162,78.4412955465587,0.988,0.25736045982734373,True,True,True,True,True,True,True,True,True,True,True,True,True,True,True,
GRANULES-2026-01-02,GRANULES,2025-12-26 00:00:00,2026-01-02 00:00:00,4,616.066650390625,15.198387856012838,15.109081045053701,591.7672925804094,1.5988115345143148,614.07080078125,600.5489872700987,585.2733154296875,567.90798828125,513.5562190246582,628091168.2042236,84.10462776659959,83.29979879275655,91.34808853118712,85.95573440643864,0.9920159680638723,0.8449353894851723,True,True,True,True,True,True,True,True,True,True,True,True,True,True,True,
GRANULES-2026-04-01,GRANULES,2026-03-25 00:00:00,2026-04-01 00:00:00,3,627.7423095703125,21.34290278090375,19.903136887477313,614.9190702411981,0.600819835087651,626.7943115234375,624.9980502375126,585.9244598388672,578.6296496582031,541.3731806945801,450332298.36642456,94.84536082474226,78.55670103092784,92.78350515463917,87.71134020618557,0.97,1.1333790425986607,True,True,True,True,True,True,True,True,True,True,True,True,True,True,True,
GRAPHITE-2024-03-21,GRAPHITE,2024-03-07 00:00:00,2024-03-21 00:00:00,9,607.6353149414062,28.496352513821382,31.110648161303704,552.8367259713588,1.9230036175145195,590.6058349609375,576.2878348419855,579.3607604980468,548.9390411376953,466.27257537841797,1016556026.4798279,95.5193482688391,75.56008146639512,66.19144602851324,78.73727087576376,0.9800399201596807,3.146931294598394,True,True,True,True,True,True,True,True,True,True,True,True,True,True,True,
GRAPHITE-2024-04-18,GRAPHITE,2024-04-10 00:00:00,2024-04-18 00:00:00,4,648.1157836914062,26.063576762781477,28.990760000568425,594.6015883163341,2.0532176324889493,637.745849609375,629.5641300958391,605.1902587890625,579.5072741699219,486.26904678344727,1273596881.9203186,71.10655737704919,81.14754098360656,70.69672131147541,75.0,0.9740518962075848,3.2111242050726716,True,True,True,True,True,True,True,True,True,True,True,True,True,True,True,
GRAPHITE-2025-10-06,GRAPHITE,2025-09-23 00:00:00,2025-10-06 00:00:00,8,567.3714599609375,15.00205650473099,16.355310096812183,535.3233522294436,2.1362476352083704,561.38720703125,551.9903611211539,543.9535949707031,534.7427062988281,499.62180908203123,301706959.5324402,86.00405679513185,66.73427991886409,64.3002028397566,71.78498985801217,0.9840319361277445,2.5682593023052185,True,True,True,True,True,True,True,True,True,True,True,True,True,True,True,
GRAPHITE-2026-05-06,GRAPHITE,2026-04-22 00:00:00,2026-05-06 00:00:00,9,733.0032348632812,31.929127895394313,26.959741735839664,684.6342322721683,1.5148864306466074,709.4122314453125,708.3241562701406,692.0527862548828,661.17080078125,592.1403399658203,964377417.746582,50.920245398773,74.23312883435584,77.0961145194274,68.09815950920246,0.9702380952380952,0.8385582492873486,True,True,True,True,True,True,True,True,True,False,True,True,True,True,False,RS_FAIL
GRAPHITE-2026-05-13,GRAPHITE,2026-05-08 00:00:00,2026-05-13 00:00:00,3,743.5870361328125,27.31753207405391,28.56586167585761,704.3181542736456,1.4374974193391468,741.0647583007812,739.2348352292737,714.4964111328125,665.2589245605469,596.0627957153321,1023720485.4626465,91.0386965376782,85.94704684317719,91.64969450101833,89.18533604887983,0.9742063492063492,1.67470791008041,True,True,True,True,True,True,True,True,True,True,True,True,True,True,True,
GRASIM-2024-07-22,GRASIM,2024-07-12 00:00:00,2024-07-22 00:00:00,5,2813.829833984375,58.777438936489524,62.85027199954687,2673.5713154503833,2.3862645442164383,2781.96875,2760.5958661217564,2697.1110717773436,2506.119912109375,2185.4807318115236,2760740360.359131,89.4523326572008,79.71602434077079,74.64503042596348,81.1156186612576,0.9801192842942346,1.2237361844819359,True,True,True,True,True,True,True,True,True,True,True,True,True,True,True,
GRASIM-2025-07-08,GRASIM,2025-06-26 00:00:00,2025-07-08 00:00:00,8,2863.92724609375,57.5381142082196,51.82402520236172,2756.354940889174,1.869583434995663,2801.84716796875,2800.9531634731875,2750.3555419921877,2690.7805224609374,2581.529266357422,1572952647.3779297,88.73239436619718,29.376257545271628,76.25754527162978,61.247484909456745,0.9920159680638723,1.4648923009530637,True,True,True,True,True,True,True,True,True,False,True,True,True,True,False,RS_FAIL
GRASIM-2025-09-01,GRASIM,2025-08-21 00:00:00,2025-09-01 00:00:00,6,2872.252197265625,56.31098795988516,51.85545489824325,2754.120140677626,2.0978508967406877,2795.192138671875,2789.1112318577684,2774.061242675781,2764.5857177734374,2595.8326220703125,1595581351.484375,75.0503018108652,83.29979879275655,62.37424547283702,74.54728370221329,0.9920159680638723,0.8592964305080952,True,True,True,True,True,True,True,True,True,True,True,True,True,True,True,
GRASIM-2026-02-18,GRASIM,2026-02-10 00:00:00,2026-02-18 00:00:00,6,2944.726318359375,59.08512990081557,55.66377213024766,2852.414021597302,1.5623609005689725,2924.68896484375,2907.9411234206486,2847.658801269531,2819.3350537109377,2767.582780761719,1880835911.7661133,70.08032128514057,81.52610441767068,64.45783132530121,72.9718875502008,0.9940119760479041,0.5368042757942435,True,True,True,True,True,True,True,True,True,True,True,True,True,True,True,
GRASIM-2026-08-18,GRASIM,2026-08-10 00:00:00,2026-08-18 00:00:00,6,3380.5,76.28725498193567,75.83427464155595,3201.0,2.3529487336056913,3278.699951171875,3272.199951171875,3200.4519653320312,3157.959013671875,2896.9021313476565,1413250315.7966309,71.2,48.6,65.0,60.3,1.0,3.434949255824666,True,True,True,True,True,True,True,True,True,False,True,True,True,True,False,RS_FAIL
GRINDWELL-2024-07-09,GRINDWELL,2024-07-04 00:00:00,2024-07-09 00:00:00,3,2877.02294921875,92.15870048338108,91.56180676398195,2737.751736838044,1.5112106795149594,2832.474609375,2813.943832359817,2704.813366699219,2446.4060864257813,2175.2019921875,157566112.44018555,68.35699797160242,92.2920892494929,54.96957403651116,73.91480730223122,0.9820717131474104,0.4926955603422987,True,True,True,True,True,True,True,True,True,True,True,True,True,True,True,
GRSE-2024-05-29,GRSE,2024-05-24 00:00:00,2024-05-29 00:00:00,3,1439.820068359375,74.10608763496707,77.64925097007072,1339.5546992500506,1.3529977402560116,1425.073974609375,1411.0673182285873,1089.9804809570312,939.3177221679688,828.713998413086,1253807465.7348633,99.18367346938776,99.18367346938776,93.06122448979592,97.34693877551021,0.9780439121756487,2.144445155598674,True,True,True,True,True,True,True,True,True,True,True,True,True,True,True,
GRSE-2024-12-12,GRSE,2024-12-06 00:00:00,2024-12-12 00:00:00,4,1757.4501953125,80.14657224568766,74.884363359179,1688.0999460485814,0.8652927669985293,1747.4794921875,1742.3955248629288,1583.854803466797,1597.795439453125,1515.5146405029298,1055998527.6461182,95.54655870445345,62.34817813765182,85.4251012145749,79.23076923076923,0.988,1.091527095160915,True,True,True,True,True,True,True,True,True,True,True,True,True,True,True,
GRSE-2025-11-27,GRSE,2025-11-20 00:00:00,2025-11-27 00:00:00,5,2913.015869140625,93.84529132624156,96.31019354055123,2692.527464805861,2.349488197210269,2777.591552734375,2770.9102084532333,2720.8662841796877,2656.40505859375,2339.048493652344,3585033379.661621,91.7004048582996,84.41295546558705,42.30769230769231,73.96761133603239,0.9840637450199203,1.3224964850303422,True,True,True,True,True,True,True,True,True,True,True,True,True,True,True,
GSFC-2024-01-09,GSFC,2024-01-04 00:00:00,2024-01-09 00:00:00,3,279.9188232421875,12.715806827288656,13.994911887050224,261.15519942369997,1.4756140977401455,279.5829162597656,276.03173562461205,239.20991744995118,207.74844207763672,163.56830535888673,1269159575.969902,97.75510204081633,97.75510204081633,92.85714285714286,96.28571428571429,0.9780439121756487,4.841197981254564,True,True,True,True,True,True,True,True,True,True,True,True,True,True,True,
GVT&D-2024-12-03,GVT&D,2024-11-25 00:00:00,2024-12-03 00:00:00,6,1911.208984375,99.31642421571925,90.86326369685148,1701.6626084067398,2.1098864324103848,1843.0030517578125,1776.7388976485533,1796.568359375,1745.0186376953125,1411.224266052246,788180660.3151855,63.56275303643725,83.80566801619433,84.41295546558705,77.91497975708502,0.988,1.8652002009899538,True,True,True,True,True,True,True,True,True,True,True,True,True,True,True,
GVT&D-2024-12-30,GVT&D,2024-12-20 00:00:00,2024-12-30 00:00:00,5,2146.494384765625,86.78702783223639,93.31124268396995,1972.4948114226856,2.0049030101513456,2090.137451171875,2083.5161149986006,1985.677911376953,1859.3476513671876,1516.0670678710937,578547092.5731201,97.16599190283401,97.97570850202429,91.29554655870446,95.72874493927125,0.988,0.8701955144238787,True,True,True,True,True,True,True,True,True,True,True,True,True,True,True,
GVT&D-2025-07-08,GVT&D,2025-06-24 00:00:00,2025-07-08 00:00:00,10,2429.0263671875,98.32010047062496,87.65799146918557,2281.362936619314,1.501864113862488,2372.669189453125,2354.647015773289,2343.435339355469,2095.854873046875,1796.9146166992186,671973735.6818848,70.02012072434609,99.19517102615694,82.29376257545272,85.37223340040242,0.9920159680638723,1.8474492805573874,True,True,True,True,True,True,True,True,True,True,True,True,True,True,True,
GVT&D-2025-09-29,GVT&D,2025-09-19 00:00:00,2025-09-29 00:00:00,6,3061.123046875,94.97606047687327,96.22937407651817,2882.465560062339,1.8810791468463157,2981.52001953125,2963.46502532451,2869.9862670898438,2756.9625537109373,2067.7093048095703,941182140.5661621,84.33734939759037,97.79116465863453,99.3975903614458,94.23694779116465,0.9940119760479041,1.7406092146141132,True,True,True,True,True,True,True,True,True,True,True,True,True,True,True,
GVT&D-2025-12-30,GVT&D,2025-12-24 00:00:00,2025-12-30 00:00:00,3,3155.48974609375,130.9668532167444,129.78566388563019,3025.810698752155,0.9901669327503944,3137.035400390625,3097.233770811349,2963.983642578125,2977.3206396484375,2448.559924316406,2006026935.6676025,94.37751004016064,76.30522088353415,95.18072289156626,87.38955823293173,0.9940119760479041,2.252394580687724,True,True,True,True,True,True,True,True,True,True,True,True,True,True,True,
GVT&D-2026-02-16,GVT&D,2026-02-09 00:00:00,2026-02-16 00:00:00,5,3682.28564453125,167.41181537529246,156.00351177659664,3522.780623191449,0.9527703942653823,3661.137939453125,3621.3367318087753,3209.0270751953126,3061.85138671875,2717.2607513427733,2156425981.230713,99.59758551307847,96.98189134808854,89.93963782696177,95.65392354124748,0.9920159680638723,1.0012564749447024,True,True,True,True,True,True,True,True,True,True,True,True,True,True,True,
GVT&D-2026-02-23,GVT&D,2026-02-18 00:00:00,2026-02-23 00:00:00,3,3717.7978515625,151.6498907980586,158.40698942120912,3477.293070950089,1.5859212251769725,3703.93212890625,3688.8694846709855,3464.0807861328126,3140.4348779296874,2768.879165649414,1928254913.0656738,99.3975903614458,98.19277108433735,95.58232931726907,97.77108433734941,0.9940119760479041,0.8812502698116649,True,True,True,True,True,True,True,True,True,True,True,True,True,True,True,
GVT&D-2026-03-05,GVT&D,2026-02-26 00:00:00,2026-03-05 00:00:00,4,3854.8583984375,152.74026693620348,161.46504927265931,3598.0941312376817,1.6810515808975475,3814.957275390625,3789.7199238595663,3676.7593994140625,3252.26607421875,2839.808505859375,1982225720.5594482,93.77510040160642,98.99598393574297,95.58232931726907,96.40562248995984,0.996,1.0994200504848812,True,True,True,True,True,True,True,True,True,True,True,True,True,True,True,
GVT&D-2026-05-05,GVT&D,2026-04-24 00:00:00,2026-05-05 00:00:00,6,4586.9462890625,189.09450475389917,165.95555332313552,4380.158404633067,1.093568978636164,4567.59423828125,4529.788047241803,4249.007946777344,3928.6399267578126,3173.8209924316407,2616296376.9726562,75.4601226993865,95.29652351738241,97.34151329243353,89.95910020449898,0.9702380952380952,1.7675747961297428,True,True,True,True,True,True,True,True,True,True,True,True,True,True,True,
HAL-2023-09-01,HAL,2023-08-23 00:00:00,2023-09-01 00:00:00,7,1946.8807373046875,43.94702808897186,42.3877883780715,1878.552608339599,1.5547838371859086,1910.838134765625,1904.6574760843532,1869.1384399414062,1850.1469995117188,1466.8612963867188,2911928953.6481934,58.691206543967276,74.64212678936605,83.640081799591,72.5562372188139,0.9741035856573705,1.1577242588713468,True,True,True,True,True,True,True,True,True,True,True,True,True,True,True,
HAL-2024-06-25,HAL,2024-06-18 00:00:00,2024-06-25 00:00:00,5,5404.236328125,259.6282636380001,243.88265424063704,4995.166748086499,1.5755972570415797,5246.2138671875,5219.600393175934,4896.18583984375,4355.264609375,2969.9030670166017,21317794644.776367,42.76985743380855,97.35234215885947,96.5376782077393,80.73319755600815,0.9780876494023905,0.7970393405629779,True,True,True,True,True,True,True,True,True,True,True,True,True,True,True,
HBLENGINE-2024-08-07,HBLENGINE,2024-07-24 00:00:00,2024-08-07 00:00:00,10,645.5916748046875,40.59400054579503,35.25493331167265,558.8890334716464,2.135848651704822,610.6021118164062,594.7247892299783,605.4780029296875,543.1869470214843,467.3708610534668,1336507475.7356567,67.13995943204868,69.3711967545639,50.709939148073026,63.10344827586208,0.9801192842942346,0.8886534821962122,True,True,True,True,True,True,True,True,True,False,True,True,True,True,False,RS_FAIL
HCLTECH-2024-09-10,HCLTECH,2024-09-02 00:00:00,2024-09-10 00:00:00,6,1667.4312744140625,35.79952613771102,34.93681932999452,1605.9637182996366,1.7169935679588866,1642.0042724609375,1630.1906352561311,1586.4248474121093,1499.9556201171874,1378.584510498047,4289394884.687378,82.1501014198783,81.33874239350912,38.74239350912779,68.80324543610547,0.9820717131474104,0.8678719942892271,True,True,True,True,True,True,True,True,True,False,True,True,True,True,False,RS_FAIL
HCLTECH-2024-12-03,HCLTECH,2024-11-26 00:00:00,2024-12-03 00:00:00,5,1764.6588134765625,37.15139259760372,37.0984068962439,1703.717099505195,1.6403614968473168,1756.4835205078125,1745.150117510387,1720.113787841797,1695.8050854492187,1487.699036254883,4107966869.503723,78.94736842105263,77.1255060728745,88.8663967611336,81.19433198380567,0.988,1.2268179050387946,True,True,True,True,True,True,True,True,True,True,True,True,True,True,True,
HCLTECH-2026-01-22,HCLTECH,2026-01-19 00:00:00,2026-01-22 00:00:00,3,1667.525390625,30.18316577620293,30.034402280528095,1621.0000809866287,1.541432399216812,1654.218505859375,1646.2538418405477,1600.9226440429688,1591.7022631835937,1503.278853149414,3386522246.8463135,85.51307847082495,92.95774647887323,86.31790744466801,88.73239436619718,0.9920159680638723,0.8826589314594092,True,True,True,True,True,True,True,True,True,True,True,True,True,True,True,
HCLTECH-2026-02-03,HCLTECH,2026-01-28 00:00:00,2026-02-03 00:00:00,4,1679.9578857421875,29.996850632197955,36.344172771622944,1606.1391439517708,2.4608830672104376,1646.6424560546875,1640.037484641112,1630.823065185547,1605.6257739257812,1515.1800012207032,4219388559.6875,86.11670020120724,89.93963782696177,85.3118712273642,87.40442655935612,0.9920159680638723,1.1887509871602782,True,True,True,True,True,True,True,True,True,True,True,True,True,True,True,
HDFCAMC-2023-10-03,HDFCAMC,2023-09-15 00:00:00,2023-10-03 00:00:00,10,1286.4500732421875,37.349948409469015,37.182127463620354,1209.340065312815,2.0645278297044003,1255.7760009765625,1251.5051233613567,1234.196710205078,1201.8734765625,978.6805014038086,1452881924.5667725,68.77551020408164,64.6938775510204,79.18367346938776,70.26530612244898,0.9780439121756487,0.7790485522041263,True,True,True,True,True,True,True,True,True,True,True,True,True,True,True,
HDFCAMC-2023-12-12,HDFCAMC,2023-12-05 00:00:00,2023-12-12 00:00:00,5,1429.721923828125,33.689067814541815,30.39467265049669,1399.944409055199,0.8838925118632281,1423.681640625,1420.448872224737,1374.44951171875,1330.0861987304688,1068.7781381225586,1073332590.9660645,59.795918367346935,78.36734693877551,83.6734693877551,74.38775510204083,0.9780439121756487,1.279228358411347,True,True,True,True,True,True,True,True,True,True,True,True,True,True,True,
HDFCAMC-2024-02-23,HDFCAMC,2024-02-16 00:00:00,2024-02-23 00:00:00,4,1828.8397216796875,45.48844807440979,46.21295528279544,1753.1690313421423,1.66351444247479,1801.6815185546875,1789.9307692833902,1735.4736267089843,1623.1559790039062,1271.422511291504,1164482127.8112793,76.37474541751527,77.18940936863544,77.39307535641548,77.0061099796334,0.9800399201596807,0.592493597901543,True,True,True,True,True,True,True,True,True,True,True,True,True,True,True,
HDFCAMC-2024-03-04,HDFCAMC,2024-02-27 00:00:00,2024-03-04 00:00:00,4,1842.2657470703125,52.01168351913734,51.01414433283905,1751.8476728952123,1.7384185255574638,1819.920654296875,1797.0329405839225,1775.6060180664062,1667.1747900390626,1300.3849017333985,1164482127.8112793,81.4663951120163,80.04073319755601,80.44806517311609,80.59063136456211,0.9800399201596807,1.5293350326111403,True,True,True,True,True,True,True,True,True,True,True,True,True,True,True,
HDFCBANK-2024-12-02,HDFCBANK,2024-11-27 00:00:00,2024-12-02 00:00:00,3,879.5181884765625,17.331227591394875,17.161655489926268,861.4163604593637,1.0444631184802269,875.8298950195312,875.7813410106078,850.1475433349609,838.57884765625,771.5024493408204,23894136738.439148,68.0161943319838,86.8421052631579,70.24291497975709,76.21457489878543,0.988,0.5408605784853983,True,True,True,True,True,True,True,True,True,True,True,True,True,True,True,
HDFCBANK-2025-04-04,HDFCBANK,2025-03-28 00:00:00,2025-04-04 00:00:00,4,887.2344970703125,14.060455901535837,15.636668092041612,856.7331486628899,2.169300101008169,881.94482421875,875.490173946712,852.5267578125,835.4830895996093,828.2186782836914,15664581925.459167,52.37113402061856,88.65979381443299,91.95876288659794,78.76288659793815,0.97,1.7776954605088497,True,True,True,True,True,True,True,True,True,True,True,True,True,True,True,
HDFCBANK-2025-05-07,HDFCBANK,2025-04-22 00:00:00,2025-05-07 00:00:00,10,952.0227661132812,18.636493625337494,15.941235971943176,918.099962552793,1.8202352997544562,944.2093505859375,941.5401354999643,914.7076721191406,870.9913977050782,838.1101647949218,26332852881.5766,79.87679671457906,86.652977412731,88.50102669404517,85.17453798767967,0.9720558882235529,0.7582254741905105,True,True,True,True,True,True,True,True,True,True,True,True,True,True,True,
HDFCLIFE-2025-07-07,HDFCLIFE,2025-06-30 00:00:00,2025-07-07 00:00:00,5,811.4080200195312,15.471980574122695,14.931358812479397,774.4397780546047,2.389367139379485,786.6463012695312,785.9985782203652,776.6477935791015,757.6510400390625,684.3776290893554,1735855919.8780518,73.44064386317908,56.74044265593562,91.75050301810866,72.25352112676056,0.9920159680638723,0.9698973156540216,True,True,True,True,True,True,True,True,True,True,True,True,True,True,True,
HEG-2023-08-04,HEG,2023-08-01 00:00:00,2023-08-04 00:00:00,3,346.2060852050781,12.66564640901037,12.78773571117537,326.07359163190193,1.5895354191203293,342.6352844238281,339.2463351131999,316.5937042236328,294.0266455078125,223.5293731689453,484753936.85783386,85.04098360655738,96.92622950819673,96.51639344262296,93.23770491803279,0.9721115537848606,1.375548489718766,True,True,True,True,True,True,True,True,True,True,True,True,True,True,True,
HEG-2024-05-06,HEG,2024-04-22 00:00:00,2024-05-06 00:00:00,9,489.9461975097656,22.66262588091028,19.47352796137929,446.2169355485184,1.929576130808491,473.12725830078125,463.8694736581301,461.45597686767576,393.5454846191406,351.46749084472657,1409205524.1046143,92.62295081967213,93.85245901639344,75.40983606557377,87.95081967213113,0.9740518962075848,0.9909112122868964,True,True,True,True,True,True,True,True,True,True,True,True,True,True,True,
HEG-2024-12-16,HEG,2024-12-09 00:00:00,2024-12-16 00:00:00,5,591.9829711914062,28.71810465827985,28.079532766366714,538.1798528949575,1.8734912675003599,573.404541015625,569.7383731139432,488.66956939697263,464.6873474121094,431.2416847229004,523490534.0847473,99.79757085020243,98.78542510121457,86.63967611336032,95.44534412955466,0.988,2.7018548563613485,True,True,True,True,True,True,True,True,True,True,True,True,True,True,True,
HEG-2025-05-27,HEG,2025-05-19 00:00:00,2025-05-27 00:00:00,6,523.8621215820312,23.60787904257663,23.73074920588974,471.1983737205694,2.230769980076701,495.3255920410156,490.47043116872067,470.21500091552736,459.99092041015626,440.75996948242187,341596849.6685486,58.333333333333336,95.9349593495935,88.8211382113821,82.52032520325203,0.9781312127236581,1.764032652269942,True,True,True,True,True,True,True,True,True,True,True,True,True,True,True,
HEG-2025-07-29,HEG,2025-07-17 00:00:00,2025-07-29 00:00:00,8,545.4130249023438,17.457230567321314,17.762421021984526,502.4101505965344,2.46332739548664,520.5426635742188,518.0160278520257,514.6967041015625,506.23484802246094,459.6811787414551,278202840.6067505,79.47686116700201,64.38631790744466,85.3118712273642,75.19114688128772,0.9920159680638723,0.7244330377122398,True,True,True,True,True,True,True,True,True,True,True,True,True,True,True,
HEG-2026-08-24,HEG,2026-08-18 00:00:00,2026-08-24 00:00:00,4,739.25,24.685236320367892,24.743938377730085,696.0999755859375,1.7480093710287568,722.75,722.0,687.2474975585938,607.2999200439453,568.1894120788575,830368691.125,85.6,89.8,83.2,86.56,1.0,0.746074332021541,True,True,True,True,True,True,True,True,True,True,True,True,True,True,True,
HEROMOTOCO-2023-12-12,HEROMOTOCO,2023-11-30 00:00:00,2023-12-12 00:00:00,8,3446.347900390625,76.28507569356258,75.73610847579745,3323.5749783547726,1.6093963454795752,3381.464599609375,3364.7698936939055,3222.3947021484373,2966.105322265625,2601.872211303711,2335436106.00708,87.14285714285714,87.14285714285714,57.55102040816327,78.26530612244898,0.9780439121756487,0.8219081704234478,True,True,True,True,True,True,True,True,True,True,True,True,True,True,True,
HEROMOTOCO-2025-08-12,HEROMOTOCO,2025-08-07 00:00:00,2025-08-12 00:00:00,3,4505.32275390625,104.77151264302442,104.17280558649884,4387.6796936356905,1.1228535057176354,4490.33984375,4470.522832369612,4252.548754882812,4163.425615234375,3978.3530798339843,2128844508.7531738,96.78068410462777,77.2635814889336,71.42857142857143,81.3682092555332,0.9920159680638723,1.4176402206667993,True,True,True,True,True,True,True,True,True,True,True,True,True,True,True,
HEROMOTOCO-2025-09-17,HEROMOTOCO,2025-09-08 00:00:00,2025-09-17 00:00:00,7,5261.54248046875,126.55839930527246,110.75838299169045,5092.376783055214,1.336661164665096,5171.64306640625,5170.676711795023,5072.15419921875,4601.28302734375,4042.0852209472655,3837694739.118408,75.65392354124748,93.158953722334,90.94567404426559,87.24346076458752,0.9920159680638723,0.8264818272350886,True,True,True,True,True,True,True,True,True,True,True,True,True,True,True,
HEROMOTOCO-2025-10-27,HEROMOTOCO,2025-10-21 00:00:00,2025-10-27 00:00:00,3,5458.2587890625,100.54396943379778,107.15639272554664,5301.659391594776,1.5575215336095851,5458.2587890625,5437.475444930371,5350.862353515625,5170.446416015625,4196.337052001953,3240897170.472168,84.78701825557809,98.58012170385395,93.30628803245436,92.86004056795132,0.9801192842942346,0.6868606988587388,True,True,True,True,True,True,True,True,True,True,True,True,True,True,True,
HFCL-2024-01-02,HFCL,2023-12-26 00:00:00,2024-01-02 00:00:00,4,85.57125854492188,3.794448933266313,3.7658691680570704,81.28271341467912,1.1302155347630716,84.97284698486328,84.52405038519149,75.67021827697754,70.09861190795898,67.94389268875122,2283646774.8299484,95.51020408163265,51.63265306122449,60.816326530612244,67.55102040816327,0.9780439121756487,0.9930457983589955,True,True,True,True,True,True,True,True,True,False,True,True,True,True,False,RS_FAIL
HFCL-2024-02-06,HFCL,2024-01-25 00:00:00,2024-02-06 00:00:00,7,105.46806335449219,5.529849414409619,5.715539303964293,95.8437852350425,1.7404231830202914,103.22406005859375,103.12433133094629,94.46747016906738,82.8086361694336,71.63613719940186,2206563267.1857033,78.77551020408163,89.38775510204081,81.42857142857143,83.81632653061224,0.9780439121756487,2.011576184619523,True,True,True,True,True,True,True,True,True,True,True,True,True,True,True,
HFCL-2024-03-01,HFCL,2024-02-22 00:00:00,2024-03-01 00:00:00,6,114.84300994873047,6.4460817417486584,6.446580422429833,101.82779039211202,2.0190900578135933,108.11099243164062,107.31312688110884,105.48302345275879,96.13501281738282,75.40603740692139,3952067362.173317,69.04276985743381,96.13034623217924,78.20773930753563,82.62729124236253,0.9800399201596807,0.8159408765319175,True,True,True,True,True,True,True,True,True,True,True,True,True,True,True,
HFCL-2024-08-19,HFCL,2024-08-12 00:00:00,2024-08-19 00:00:00,4,140.04563903808594,7.82083245753289,7.55870543964448,130.15207678751332,1.2650267480213448,137.17330932617188,133.89207764082983,129.14227485656738,121.68750396728515,97.00039844512939,5842070312.109833,94.32048681541582,94.11764705882352,77.89046653144015,89.31034482758619,0.9801192842942346,0.840222812124312,True,True,True,True,True,True,True,True,True,True,True,True,True,True,True,
HFCL-2024-08-30,HFCL,2024-08-23 00:00:00,2024-08-30 00:00:00,5,149.5801239013672,7.495942768705134,6.961085034886926,141.3720797255393,1.0949982449300064,149.22109985351562,147.79491244920175,138.88572959899903,128.25833786010742,100.67946346282959,5842070312.109833,89.65517241379311,94.52332657200812,69.5740365111562,85.57809330628803,0.9820717131474104,0.6877677319307423,True,True,True,True,True,True,True,True,True,True,True,True,True,True,True,
HFCL-2024-09-17,HFCL,2024-09-05 00:00:00,2024-09-17 00:00:00,8,157.1698455810547,6.923941969843422,6.443041567205803,145.86007361263057,1.6334296297806603,153.2204132080078,151.3454260243439,149.7172721862793,136.32816497802733,105.75968284606934,4762214893.3237,85.19269776876268,84.17849898580123,90.66937119675457,86.43002028397567,0.9840319361277445,1.2088335166630215,True,True,True,True,True,True,True,True,True,True,True,True,True,True,True,
HFCL-2026-07-03,HFCL,2026-06-25 00:00:00,2026-07-03 00:00:00,5,215.0,10.406197635604173,9.701869462385332,201.49000549316406,1.2982642632706025,214.47999572753906,209.5,196.53949890136718,168.64479995727538,96.42505025863647,5362115868.786194,72.2,100.0,100.0,91.66,1.0,0.739822170677053,True,True,True,True,True,True,True,True,True,True,True,True,True,True,True,
HFCL-2026-07-15,HFCL,2026-07-07 00:00:00,2026-07-15 00:00:00,6,226.0399932861328,10.206458047958964,9.789303144499428,206.10000610351562,1.9536637576837623,223.0800018310547,214.5500030517578,212.94249954223633,184.62059967041014,102.13895025253296,5150519390.852417,95.39999999999999,99.8,100.0,98.53999999999999,1.0,1.2267413667816471,True,True,True,True,True,True,True,True,True,True,True,True,True,True,True,
HINDALCO-2024-05-03,HINDALCO,2024-04-29 00:00:00,2024-05-03 00:00:00,3,638.3094482421875,15.764734367554283,15.667963729690925,617.2959994446865,1.3329402391168255,635.4127197265625,635.2163868659162,603.2124877929688,552.9043243408203,507.94288497924805,4668103778.365723,85.65573770491804,69.4672131147541,64.13934426229508,72.72540983606558,0.9740518962075848,1.3832552027050626,True,True,True,True,True,True,True,True,True,True,True,True,True,True,True,
HINDALCO-2025-08-21,HINDALCO,2025-08-18 00:00:00,2025-08-21 00:00:00,3,710.44384765625,15.691584970542731,14.326487048879232,694.4273726733037,1.020704728873054,703.6293334960938,702.2366705767544,683.6435607910156,672.6235229492188,639.0053469848633,2607046805.8576355,78.67203219315896,73.64185110663985,57.3440643863179,70.261569416499,0.9920159680638723,0.8441875579284682,True,True,True,True,True,True,True,True,True,True,True,True,True,True,True,
HINDALCO-2025-10-16,HINDALCO,2025-10-03 00:00:00,2025-10-16 00:00:00,9,776.3002319335938,15.283506230343196,14.703035572673699,750.5346923390451,1.6858395715110746,776.051513671875,764.7107316980594,756.704965209961,729.7304321289063,657.4125796508789,3310408769.536743,79.3103448275862,93.91480730223124,81.13590263691684,85.6997971602434,0.9801192842942346,0.9596887741556935,True,True,True,True,True,True,True,True,True,True,True,True,True,True,True,
HINDALCO-2025-12-10,HINDALCO,2025-12-05 00:00:00,2025-12-10 00:00:00,3,818.9776000976562,16.541071439016573,16.65758824437789,798.9321457139766,1.2118594891257775,817.4854125976562,815.1476025454816,800.3846130371094,794.5669592285157,697.6530218505859,3524769622.685791,89.51612903225806,84.4758064516129,92.74193548387096,88.46774193548387,0.9880478087649402,1.2241339423391646,True,True,True,True,True,True,True,True,True,True,True,True,True,True,True,
HINDALCO-2025-12-17,HINDALCO,2025-12-12 00:00:00,2025-12-17 00:00:00,3,847.6778564453125,17.184171758913617,16.579520285470387,826.836619056514,1.2128159378986612,844.39501953125,840.61471765618,810.302865600586,801.9584008789062,702.9321939086914,3450307410.238312,95.16129032258065,88.70967741935483,95.16129032258065,92.58064516129032,0.9900199600798403,0.7685721463572721,True,True,True,True,True,True,True,True,True,True,True,True,True,True,True,
HINDALCO-2026-01-22,HINDALCO,2026-01-14 00:00:00,2026-01-22 00:00:00,5,950.3920288085938,20.402146623760693,19.927628971025715,920.8959388935998,1.4457346307198031,939.5486450195312,939.2501899375012,915.2354705810546,855.60056640625,732.6618585205078,5247418442.017242,96.78068410462777,96.579476861167,96.98189134808854,96.76056338028168,0.9920159680638723,1.0913205628987663,True,True,True,True,True,True,True,True,True,True,True,True,True,True,True,
HINDALCO-2026-04-22,HINDALCO,2026-04-16 00:00:00,2026-04-22 00:00:00,4,1034.5032958984375,33.15707471566953,29.889222703013463,1006.1512056370141,0.855084186543895,1034.5032958984375,1017.8899663659707,943.4134704589844,935.1654943847657,822.0158212280273,6466660254.443359,66.59836065573771,71.51639344262296,94.26229508196722,76.86475409836066,0.976,0.6526220041263471,True,True,True,True,True,True,True,True,True,True,True,True,True,True,True,
HINDALCO-2026-05-05,HINDALCO,2026-04-28 00:00:00,2026-05-05 00:00:00,4,1068.724853515625,27.799780856599885,25.67759175642081,1025.0526246907825,1.5709558665270684,1049.2264404296875,1043.9539984506468,1019.4741760253906,955.4267956542968,838.5734945678711,4627679079.673828,61.75869120654397,49.284253578732105,88.13905930470347,64.68302658486708,0.9702380952380952,1.0060057985884896,True,True,True,True,True,True,True,True,True,False,True,True,True,True,False,RS_FAIL
HINDALCO-2026-05-20,HINDALCO,2026-05-14 00:00:00,2026-05-20 00:00:00,4,1097.5743408203125,27.248110789415367,29.039991361400013,1031.717792399671,2.4169216328283474,1079.8665771484375,1047.9332497218627,1049.9228424072267,984.1131494140625,859.4401840209961,4516550173.635498,79.1919191919192,85.85858585858585,94.54545454545455,86.46464646464646,0.9821428571428571,2.726389083047421,True,True,True,True,True,True,True,True,True,True,True,True,True,True,True,
HINDCOPPER-2023-08-09,HINDCOPPER,2023-08-04 00:00:00,2023-08-09 00:00:00,3,151.6155242919922,5.228422426192372,5.26077707109881,143.69016707042516,1.5158219010506984,149.5480499267578,146.9390742287319,130.6773265838623,120.57963485717774,110.29857666015624,936847847.9250221,97.3360655737705,93.23770491803278,80.5327868852459,90.65573770491802,0.9721115537848606,1.2179435325276697,True,True,True,True,True,True,True,True,True,True,True,True,True,True,True,
HINDCOPPER-2023-09-08,HINDCOPPER,2023-09-04 00:00:00,2023-09-08 00:00:00,4,168.893798828125,6.7829887718035335,6.417503519560462,159.04864394062093,1.4514479116388588,164.36500549316406,162.83902346070911,151.21188354492188,136.65974319458007,114.85171939849853,1660014216.6135712,68.71165644171779,93.66053169734151,88.95705521472392,84.76482617586912,0.9760479041916168,0.7175329452036503,True,True,True,True,True,True,True,True,True,True,True,True,True,True,True,
HINDCOPPER-2023-12-14,HINDCOPPER,2023-12-08 00:00:00,2023-12-14 00:00:00,4,184.41688537597656,6.33285716187529,6.429813389634115,175.55260828988727,1.399727936302355,182.58460998535156,182.2379563989626,170.44696350097655,157.64870819091797,128.77091865539552,1289324151.6020813,76.53061224489795,63.06122448979592,87.55102040816325,74.44897959183673,0.9780439121756487,0.6114189299267255,True,True,True,True,True,True,True,True,True,True,True,True,True,True,True,
HINDCOPPER-2024-01-16,HINDCOPPER,2024-01-05 00:00:00,2024-01-16 00:00:00,7,280.5870361328125,12.146194482037652,11.703400462176258,253.20181094733874,2.254634175829498,264.39361572265625,262.511787611948,252.0331169128418,200.3171520996094,145.04814517974853,5188412845.918732,99.79591836734694,98.16326530612245,97.75510204081633,98.53061224489797,0.9780439121756487,0.7865304317577072,True,True,True,True,True,True,True,True,True,True,True,True,True,True,True,
HINDCOPPER-2024-05-14,HINDCOPPER,2024-05-02 00:00:00,2024-05-14 00:00:00,8,387.70135498046875,15.460839039852061,16.50707307574097,351.05564660201907,2.3702276625473706,375.6181640625,366.90242372767915,370.3144500732422,318.94018920898435,219.89325229644774,4059334621.8253326,79.71311475409836,93.44262295081968,99.18032786885246,91.04508196721311,0.9740518962075848,0.8954494983787198,True,True,True,True,True,True,True,True,True,True,True,True,True,True,True,
HINDCOPPER-2026-01-12,HINDCOPPER,2026-01-06 00:00:00,2026-01-12 00:00:00,4,564.3451538085938,23.7869019334344,24.630429830555865,510.48151587596624,2.264424265226311,544.8264770507812,532.3963912377046,473.0365783691406,393.13767883300784,292.22238761901855,20051060511.226593,100.0,99.79879275653923,100.0,99.91951710261569,0.9920159680638723,1.3102956239364094,True,True,True,True,True,True,True,True,True,True,True,True,True,True,True,
HINDCOPPER-2026-01-21,HINDCOPPER,2026-01-14 00:00:00,2026-01-21 00:00:00,4,571.883056640625,25.141912683141886,23.985194226291714,522.8117992594035,1.951771052570899,556.4078979492188,554.5608938910461,531.9321472167969,423.4171301269531,303.7386245727539,21137928109.30188,100.0,99.79879275653923,100.0,99.91951710261569,0.9920159680638723,0.9355241528050604,True,True,True,True,True,True,True,True,True,True,True,True,True,True,True,
HINDCOPPER-2026-04-27,HINDCOPPER,2026-04-17 00:00:00,2026-04-27 00:00:00,6,569.5999755859375,26.215526891652797,22.468120570986077,537.4500122070312,1.2263710552826241,559.3499755859375,554.9500122070312,526.4774948120117,537.2185400390625,402.0019399261475,4057295087.4710083,80.16359918200409,53.987730061349694,99.18200408997954,75.39877300613497,0.978,0.7726626834511732,True,True,True,True,True,True,True,True,True,True,True,True,True,True,True,
HINDPETRO-2023-12-13,HINDPETRO,2023-12-06 00:00:00,2023-12-13 00:00:00,5,221.912841796875,8.303248439616004,8.850857966997927,205.59787642108896,1.9648894639771317,216.57078552246094,213.59656154560315,198.73401794433593,169.75049377441405,153.9774980545044,3254819724.570175,94.08163265306122,96.12244897959184,73.06122448979592,88.59183673469389,0.9780439121756487,1.2794854561048334,True,True,True,True,True,True,True,True,True,True,True,True,True,True,True,
HINDPETRO-2024-02-26,HINDPETRO,2024-02-15 00:00:00,2024-02-26 00:00:00,6,341.63958740234375,15.347815172124069,15.621150641659453,303.6136036947737,2.477615431324446,321.8244934082031,320.517364770854,307.997492980957,267.82092346191405,187.07708419799803,5233702516.456604,97.14867617107943,96.74134419551935,96.74134419551935,96.86354378818737,0.9800399201596807,1.3199646877647804,True,True,True,True,True,True,True,True,True,True,True,True,True,True,True,
HINDPETRO-2024-08-16,HINDPETRO,2024-08-07 00:00:00,2024-08-16 00:00:00,6,353.6415100097656,13.197580383740041,12.423821400513997,333.79994477783436,1.50342446531918,348.3827819824219,346.13572723008025,337.99843139648436,317.84880798339844,273.5058531951904,3892441047.0936127,86.00405679513185,64.90872210953347,49.08722109533469,66.49087221095334,0.9801192842942346,0.6262442132730112,True,True,True,True,True,True,True,True,True,False,True,True,True,True,False,RS_FAIL
HINDPETRO-2024-12-24,HINDPETRO,2024-12-13 00:00:00,2024-12-24 00:00:00,7,380.666748046875,9.614481618421994,11.18092957534706,356.637197967929,2.499307922426494,378.6490173339844,377.3649851072643,365.23326110839844,359.8545837402344,333.687155456543,1885013125.5158234,85.4251012145749,79.55465587044534,86.03238866396761,83.25910931174089,0.988,1.178065911735487,True,True,True,True,True,True,True,True,True,True,True,True,True,True,True,
HINDPETRO-2025-01-02,HINDPETRO,2024-12-26 00:00:00,2025-01-02 00:00:00,4,384.5646667480469,11.214286587601617,10.561397913434304,367.68894158624005,1.5048416169838597,378.5114440917969,376.5854213089024,373.17585906982424,358.4990234375,335.7794969177246,2104890049.458084,84.81781376518218,52.834008097166,86.63967611336032,72.57085020242916,0.988,0.433455163682533,True,True,True,True,True,True,True,True,True,True,True,True,True,True,True,
HINDPETRO-2025-07-16,HINDPETRO,2025-07-08 00:00:00,2025-07-16 00:00:00,6,415.19781494140625,10.57830669831863,10.683235157112012,392.5439639473746,2.141538493834024,409.14453125,404.46701799371834,393.37399139404295,378.62699157714843,351.61918838500975,1806645901.4164124,92.15291750503019,56.13682092555332,71.22736418511066,71.46881287726359,0.994,1.4544597839403148,True,True,True,True,True,True,True,True,True,True,True,True,True,True,True,
HINDPETRO-2025-10-16,HINDPETRO,2025-10-09 00:00:00,2025-10-16 00:00:00,5,431.0687561035156,9.798195928631852,10.472092867416592,413.5154231654378,1.7914862150066047,425.37451171875,425.2804003311605,412.62832794189455,386.4348583984375,359.0142640686035,1899865986.13089,95.94320486815415,73.42799188640974,69.1683569979716,78.90466531440163,0.9801192842942346,1.125045357651029,True,True,True,True,True,True,True,True,True,True,True,True,True,True,True,
HINDPETRO-2025-12-29,HINDPETRO,2025-12-22 00:00:00,2025-12-29 00:00:00,4,452.2505798339844,9.449196824004137,8.8302049969758,442.26502987002743,1.0567617703327217,450.919189453125,447.9235233557668,437.3412063598633,441.08687866210937,388.47353622436526,1078021733.0896606,77.91164658634538,87.75100401606426,86.54618473895582,84.43775100401606,0.9940119760479041,0.6598018817945163,True,True,True,True,True,True,True,True,True,True,True,True,True,True,True,
HINDUNILVR-2024-09-26,HINDUNILVR,2024-09-23 00:00:00,2024-09-26 00:00:00,3,2909.856689453125,55.55623013428907,56.42604958719546,2791.245148614173,2.13498181126126,2869.070556640625,2844.3298235915863,2782.2060546875,2694.38763671875,2407.7331359863283,5048632488.015137,77.89046653144015,80.73022312373224,65.51724137931035,75.31440162271804,0.986,1.052770793781817,True,True,True,True,True,True,True,True,True,True,True,True,True,True,True,
HINDUNILVR-2025-09-02,HINDUNILVR,2025-08-26 00:00:00,2025-09-02 00:00:00,4,2644.697998046875,53.603793894935926,56.006934375194945,2592.346011350618,0.9766470410446598,2629.37548828125,2625.7411398904956,2538.692907714844,2436.24744140625,2318.622022705078,3195429333.9970703,84.70824949698189,86.72032193158954,63.581488933601605,79.17505030181087,0.9920159680638723,1.2120980435713,True,True,True,True,True,True,True,True,True,True,True,True,True,True,True,
HINDZINC-2024-11-05,HINDZINC,2024-10-30 00:00:00,2024-11-05 00:00:00,4,539.61572265625,19.05809754905376,20.107833262590123,503.6509307607576,1.8871134331704615,538.8934936523438,538.7972062636719,506.4337554931641,491.84468017578126,458.72822494506835,1150892133.5560913,93.46938775510203,37.755102040816325,77.75510204081633,66.46938775510203,0.98,1.1467616495134718,True,True,True,True,True,True,True,True,True,False,True,True,True,True,False,RS_FAIL
HINDZINC-2026-01-02,HINDZINC,2025-12-26 00:00:00,2026-01-02 00:00:00,4,625.4229125976562,16.463282905045748,17.577879953389075,597.3851943241789,1.7030454032278233,617.5173950195312,609.9064196743027,566.9881103515625,509.66888305664065,455.95862182617185,7215194488.284424,99.59758551307847,97.1830985915493,96.17706237424547,97.6056338028169,0.9920159680638723,0.5300323997794201,True,True,True,True,True,True,True,True,True,True,True,True,True,True,True,
HOMEFIRST-2025-06-16,HOMEFIRST,2025-06-06 00:00:00,2025-06-16 00:00:00,6,1294.4505615234375,48.49198978325018,49.729560838020674,1204.4710140346256,1.8555548636177461,1271.856201171875,1270.0644946001291,1225.760272216797,1178.5407470703126,1093.9391677856445,317640766.49365234,79.91886409736308,79.71602434077079,92.69776876267748,83.67139959432049,0.9801192842942346,1.194614560514239,True,True,True,True,True,True,True,True,True,True,True,True,True,True,True,
HONASA-2026-05-06,HONASA,2026-04-21 00:00:00,2026-05-06 00:00:00,10,351.6000061035156,12.599904227093267,11.022975356851427,331.0,1.6349335464963244,345.1499938964844,345.0,342.6050003051758,312.50999938964844,291.0597505187988,178751821.2179718,53.78323108384458,85.48057259713701,87.52556237218813,76.58486707566462,0.9702380952380952,0.7091334540184054,True,True,True,True,True,True,True,True,True,True,True,True,True,True,True,
HONASA-2026-05-14,HONASA,2026-05-08 00:00:00,2026-05-14 00:00:00,4,359.25,11.172359660770491,10.833924369097724,344.5,1.3202224460954008,352.8999938964844,352.6000061035156,347.24750061035155,318.22199951171876,292.89175033569336,175990009.7520752,57.52032520325203,88.00813008130082,89.83739837398373,79.41056910569107,0.9761904761904762,1.5689311610020353,True,True,True,True,True,True,True,True,True,True,True,True,True,True,True,
HONASA-2026-06-04,HONASA,2026-05-27 00:00:00,2026-06-04 00:00:00,5,419.95001220703125,14.398391891504989,14.249706616824046,396.1000061035156,1.6564354049556786,417.04998779296875,409.0,379.0650009155273,349.3320001220703,301.9022503662109,333481732.625,96.98795180722891,94.37751004016064,94.77911646586345,95.28112449799197,0.9880952380952381,2.561061753390053,True,True,True,True,True,True,True,True,True,True,True,True,True,True,True,
HONASA-2026-08-20,HONASA,2026-08-14 00:00:00,2026-08-20 00:00:00,4,502.79998779296875,15.953783078096546,16.20038755484038,470.04998779296875,2.0528046444961077,483.79998779296875,479.95001220703125,466.475,453.51000122070315,345.7205009460449,401984161.43270874,72.2,88.2,96.2,85.8,1.0,1.0075834795031902,True,True,True,True,True,True,True,True,True,True,True,True,True,True,True,
HONAUT-2024-06-24,HONAUT,2024-06-14 00:00:00,2024-06-24 00:00:00,5,57496.703125,2269.197896099787,2232.3486925690886,54602.654240713535,1.275362051613325,56782.0,56555.88949330734,53129.6515625,49031.70859375,40453.621875,357145995.94921875,60.28513238289206,89.40936863543789,88.39103869653768,80.36659877800408,0.9780876494023905,1.103256494694475,True,True,True,True,True,True,True,True,True,True,True,True,True,True,True,
HSCL-2024-06-25,HSCL,2024-06-20 00:00:00,2024-06-25 00:00:00,3,400.05035400390625,14.23451698694769,15.385936590490545,381.0003086003453,1.338299390209646,399.5516357421875,396.2602564294097,356.11778869628904,352.22364501953126,312.61043014526365,261809643.12597656,83.29938900203666,65.37678207739307,73.11608961303462,73.07535641547862,0.9780876494023905,1.829608934937928,True,True,True,True,True,True,True,True,True,True,True,True,True,True,True,
HSCL-2024-07-16,HSCL,2024-07-10 00:00:00,2024-07-16 00:00:00,4,431.71728515625,15.79706537600468,15.54679601681527,411.42050820635257,1.2848447776083587,431.3681640625,423.2893604161564,404.95497131347656,370.6453985595703,324.8689040374756,488660131.7635803,93.71196754563894,87.62677484787018,36.105476673427994,73.99594320486815,0.9801192842942346,3.2372236041392877,True,True,True,True,True,True,True,True,True,True,True,True,True,True,True,
HSCL-2024-09-25,HSCL,2024-09-18 00:00:00,2024-09-25 00:00:00,5,659.91845703125,26.221022655397643,25.49031186343163,630.3460927743606,1.1278112469347896,658.37255859375,656.2780435930785,580.4794281005859,506.4531567382812,388.0806539916992,1150197949.303711,98.58012170385395,99.39148073022312,97.97160243407707,98.72210953346855,0.986,1.5147668688473388,True,True,True,True,True,True,True,True,True,True,True,True,True,True,True,
HSCL-2026-06-25,HSCL,2026-06-17 00:00:00,2026-06-25 00:00:00,6,701.0999755859375,32.69815879329268,32.68184500749011,630.0499877929688,2.172904848928164,678.0999755859375,667.9500122070312,660.1124969482422,614.2473693847656,499.6541069030762,9546340303.902283,90.60000000000001,94.6,92.4,92.74,1.0,1.0304548565562084,True,True,True,True,True,True,True,True,True,True,True,True,True,True,True,
HSCL-2026-07-24,HSCL,2026-07-21 00:00:00,2026-07-24 00:00:00,3,800.9000244140625,30.862972773983678,32.42075555219512,747.0999755859375,1.7431907555410997,789.5499877929688,782.0,700.4400024414062,663.4890319824219,524.9566496276856,8157723523.931366,96.8,97.6,96.8,97.12,1.0,0.3925986322156653,True,True,True,True,True,True,True,True,True,True,True,True,True,True,True,
HUDCO-2023-08-29,HUDCO,2023-08-23 00:00:00,2023-08-29 00:00:00,4,66.82015228271484,2.4275317650656616,2.421840298499382,63.03620858968102,1.5587617626628567,65.97431182861328,64.63881741358122,61.469193840026854,56.542042388916016,47.1643487739563,659260035.3636951,91.00204498977506,82.0040899795501,93.04703476482618,88.01635991820041,0.9741035856573705,0.9716055830682838,True,True,True,True,True,True,True,True,True,True,True,True,True,True,True,
HUDCO-2023-10-11,HUDCO,2023-10-06 00:00:00,2023-10-11 00:00:00,3,85.4316635131836,4.368458410517954,4.296507380141636,80.33265055969035,1.1672339471554383,84.73634338378906,84.59728373189111,76.59646606445312,68.78251617431641,51.57419288635254,1570629111.8028793,97.75510204081633,97.34693877551021,96.73469387755102,97.28571428571428,0.9780439121756487,0.8324260073861667,True,True,True,True,True,True,True,True,True,True,True,True,True,True,True,
HUDCO-2024-01-11,HUDCO,2024-01-04 00:00:00,2024-01-11 00:00:00,5,119.22422790527344,6.367267427013019,5.888332786408198,113.75437162992213,0.8590586681102064,117.601806640625,116.58200968413013,109.8397201538086,90.36009613037109,65.653133354187,2529258318.566162,98.16326530612245,87.95918367346938,96.93877551020408,93.71428571428571,0.9780439121756487,1.4832040068460788,True,True,True,True,True,True,True,True,True,True,True,True,True,True,True,
HUDCO-2024-05-08,HUDCO,2024-04-29 00:00:00,2024-05-08 00:00:00,6,213.7412567138672,10.39002401522364,11.26081796877227,190.14279478800654,2.2712615381142314,209.11502075195312,201.8251982935984,195.28772735595703,184.87134521484376,114.97202060699463,2404349908.2666855,82.58196721311475,67.82786885245902,100.0,81.90573770491804,0.9740518962075848,3.0643618100399923,True,True,True,True,True,True,True,True,True,True,True,True,True,True,True,
IBREALEST-2023-10-06,IBREALEST,2023-09-25 00:00:00,2023-10-06 00:00:00,8,85.6500015258789,4.0837520081282115,3.835850418681249,78.0,1.8732776894024195,82.44999694824219,82.0,80.77749977111816,74.37,67.03125009536743,1106784377.0973244,,,,,0.9780439121756487,0.9087381691151485,True,True,True,True,True,False,True,True,True,False,True,True,True,True,False,NOT_POINT_IN_TIME_MEMBER;RS_FAIL
ICICIBANK-2024-09-26,ICICIBANK,2024-09-20 00:00:00,2024-09-26 00:00:00,4,1317.09765625,23.989223068058863,22.795605731632474,1287.62539277616,1.228562650412873,1307.84765625,1306.568398126912,1246.8662353515624,1203.5630419921874,1093.1404565429686,15477251376.902649,80.12170385395537,60.24340770791075,46.65314401622718,62.129817444219064,0.986,0.8886611550505865,True,True,True,True,True,True,True,True,True,False,True,True,True,True,False,RS_FAIL
ICICIBANK-2024-11-05,ICICIBANK,2024-10-29 00:00:00,2024-11-05 00:00:00,5,1310.6029052734375,28.098558155026968,27.188414384389546,1242.9497173467564,2.4077103014831245,1276.013671875,1271.1918884914494,1245.7026123046876,1242.895615234375,1129.0127908325196,15901607255.538025,81.63265306122449,81.0204081632653,59.38775510204082,74.71428571428571,0.98,1.275320358665418,True,True,True,True,True,True,True,True,True,True,True,True,True,True,True,
ICICIBANK-2024-12-10,ICICIBANK,2024-12-05 00:00:00,2024-12-10 00:00:00,3,1315.1788330078125,23.846367349599777,22.080815648998858,1294.2677540997624,0.8769083609877802,1309.2252197265625,1307.8476391384686,1270.4956604003905,1255.6498413085938,1161.4594277954102,14381255767.536987,61.74089068825911,75.30364372469636,71.25506072874494,70.02024291497975,0.988,0.7175441525254137,True,True,True,True,True,True,True,True,True,True,True,True,True,True,True,
ICICIBANK-2025-04-04,ICICIBANK,2025-03-24 00:00:00,2025-04-04 00:00:00,8,1336.4835205078125,21.515939990866404,22.18071823044951,1294.4154767036698,1.9552036221517968,1313.998046875,1311.7346357410256,1276.31142578125,1243.3610961914062,1232.2443194580078,13667338301.106812,70.10309278350515,91.95876288659794,90.9278350515464,85.09278350515464,0.97,0.7954008332607542,True,True,True,True,True,True,True,True,True,True,True,True,True,True,True,
ICICIBANK-2025-05-23,ICICIBANK,2025-05-16 00:00:00,2025-05-23 00:00:00,5,1430.8043212890625,27.35513152544041,24.197520705759793,1405.0223165661077,0.9424924423769397,1426.67138671875,1422.2431385993382,1410.8872131347657,1345.463837890625,1263.3275012207032,14475651083.924377,45.9349593495935,60.36585365853659,82.52032520325203,62.6829268292683,0.9781312127236581,0.5100197991776692,True,True,True,True,True,True,True,True,True,False,True,True,True,True,False,RS_FAIL
ICICIPRULI-2024-09-26,ICICIPRULI,2024-09-23 00:00:00,2024-09-26 00:00:00,3,787.2708129882812,16.78929673451932,17.639320832472787,757.8620007507407,1.7516405066017537,778.463134765625,772.2429792958402,756.8941772460937,730.0296301269532,603.6091690063477,985283573.7268982,68.35699797160242,90.26369168356997,66.5314401622718,76.57200811359027,0.986,0.9705172230679364,True,True,True,True,True,True,True,True,True,True,True,True,True,True,True,
ICICIPRULI-2025-12-18,ICICIPRULI,2025-12-15 00:00:00,2025-12-18 00:00:00,3,646.2572631835938,13.169586350399788,14.046056282713439,623.7852323933383,1.7063581339874987,643.4171142578125,637.3880238541647,623.6780975341796,611.9931481933594,608.48650390625,576559395.8710327,94.55645161290323,83.66935483870968,61.49193548387096,80.28225806451613,0.9900199600798403,2.783056083926583,True,True,True,True,True,True,True,True,True,True,True,True,True,True,True,
IDBI-2023-08-22,IDBI,2023-08-07 00:00:00,2023-08-22 00:00:00,10,62.835811614990234,2.0169977266081913,1.8110764168097504,58.06894960535698,2.3633452565409048,59.3690071105957,58.98380113315396,59.28233528137207,55.7994425201416,50.59002891540527,541378484.8183155,71.72131147540983,55.942622950819676,65.57377049180327,63.5655737704918,0.9721115537848606,0.9437342383717623,True,True,True,True,True,True,True,True,True,False,True,True,True,True,False,RS_FAIL
IDBI-2025-06-05,IDBI,2025-06-02 00:00:00,2025-06-05 00:00:00,3,99.14884185791016,3.6750820613994373,3.7712190991123427,94.73330956779078,1.201478556491873,99.00199127197266,98.7865943459148,89.53355102539062,82.73871719360352,80.45409343719483,1399463034.7597733,92.69776876267748,90.46653144016227,91.48073022312373,91.44016227180528,0.9801192842942346,1.8012167732735387,True,True,True,True,True,True,True,True,True,True,True,True,True,True,True,
IDBI-2025-11-07,IDBI,2025-10-31 00:00:00,2025-11-07 00:00:00,4,103.80000305175781,3.3354776537488777,3.4441513373256747,95.83000183105469,2.3894632337726263,100.41999816894531,100.36000061035156,96.17250061035156,93.35200057983398,86.70192932128906,839132844.5821266,86.23481781376519,79.55465587044534,85.4251012145749,83.31983805668017,0.9821073558648111,1.8581853401654944,True,True,True,True,True,True,True,True,True,True,True,True,True,True,True,
IDEA-2023-09-22,IDEA,2023-09-15 00:00:00,2023-09-22 00:00:00,4,11.699999809265137,0.6545083520291982,0.7289256913830019,10.600000381469727,1.680649947987735,11.300000190734863,11.199999809265137,10.28499994277954,8.87600001335144,7.593500010967254,3283238584.3645363,99.59100204498978,95.50102249488752,92.22903885480572,95.74642126789365,0.9760479041916168,0.9374127331948905,True,True,True,True,True,True,True,True,True,True,True,True,True,True,True,
IDEA-2023-10-11,IDEA,2023-09-26 00:00:00,2023-10-11 00:00:00,10,12.100000381469727,0.7226450715489691,0.6706868310991068,10.550000190734863,2.1448983072872583,11.850000381469727,11.199999809265137,11.312499952316283,9.750999994277954,7.794250011444092,3077210943.0,95.10204081632652,98.16326530612245,94.28571428571428,96.08163265306122,0.9780439121756487,1.4178961939731174,True,True,True,True,True,True,True,True,True,True,True,True,True,True,True,
IDEA-2024-01-15,IDEA,2024-01-08 00:00:00,2024-01-15 00:00:00,5,17.149999618530273,0.9823390926688896,0.9133267827025836,15.800000190734863,1.3742702879996707,16.5,16.200000762939453,15.259999990463257,14.242999973297119,9.854249999523162,4193502562.7385435,90.81632653061224,86.93877551020408,96.93877551020408,91.10204081632652,0.9780439121756487,0.7329546249028636,True,True,True,True,True,True,True,True,True,True,True,True,True,True,True,
IDEA-2026-02-18,IDEA,2026-02-11 00:00:00,2026-02-18 00:00:00,5,11.850000381469727,0.49805845004669136,0.4370439540932901,11.210000038146973,1.2849904328754105,11.5600004196167,11.460000038146973,10.964500093460083,11.192000102996825,8.721750028133393,5620250951.805958,82.53012048192771,83.13253012048193,99.59839357429718,87.89156626506025,0.9940119760479041,0.6825612975678985,True,True,True,True,True,True,True,True,True,True,True,True,True,True,True,
IDEA-2026-07-01,IDEA,2026-06-18 00:00:00,2026-07-01 00:00:00,8,15.010000228881836,0.5224058624356122,0.4654733577327633,13.829999923706055,2.2587807488879763,14.640000343322754,14.630000114440918,14.551000070571899,13.18400005340576,10.802050037384033,7352501820.83324,52.6,97.6,78.60000000000001,78.4,1.0,0.8514687735788374,True,True,True,True,True,True,True,True,True,True,True,True,True,True,True,
IDFCFIRSTB-2023-08-30,IDFCFIRSTB,2023-08-23 00:00:00,2023-08-30 00:00:00,5,91.67971801757812,1.9533499387553308,1.9509235757417593,89.54300734767656,1.0938698834797962,91.67971801757812,91.38156927627632,88.67341613769531,84.12769241333008,65.94976654052735,2678991569.660782,66.87116564417178,79.55010224948876,93.04703476482618,79.79550102249489,0.9741035856573705,1.1626742448805,True,True,True,True,True,True,True,True,True,True,True,True,True,True,True,
IDFCFIRSTB-2025-09-17,IDFCFIRSTB,2025-09-09 00:00:00,2025-09-17 00:00:00,6,73.31462097167969,1.4200918803757747,1.2274890610086904,70.74217497808542,1.811464475744745,71.62957000732422,71.58969130075994,70.68833923339844,71.10378524780273,65.51528913497924,1051715904.3326302,47.68611670020121,51.30784708249497,76.05633802816901,57.645875251509054,0.9920159680638723,0.6274339644442368,True,True,True,True,True,True,True,True,True,False,True,True,True,True,False,RS_FAIL
IDFCFIRSTB-2025-11-07,IDFCFIRSTB,2025-11-03 00:00:00,2025-11-07 00:00:00,3,81.74983978271484,1.808195960442977,1.8878672711594153,78.48942399027527,1.8031318860157324,81.23136901855469,81.18151001895039,76.9803539276123,73.12218826293946,67.38715312957764,2080539209.4289398,93.92712550607287,89.06882591093117,73.27935222672065,85.78947368421052,0.9821073558648111,1.3275789361501755,True,True,True,True,True,True,True,True,True,True,True,True,True,True,True,
IDFCFIRSTB-2026-08-19,IDFCFIRSTB,2026-08-13 00:00:00,2026-08-19 00:00:00,4,86.55000305175781,1.6823690316744562,1.4959262164929916,84.51000213623047,1.2125763593597165,85.48999786376953,85.47000122070312,84.6520278930664,81.23962677001953,76.70822568893432,1103797565.750122,74.6,88.6,48.4,72.33999999999999,1.0,0.6743871459911626,True,True,True,True,True,True,True,True,True,True,True,True,True,True,True,
IEX-2024-01-04,IEX,2023-12-29 00:00:00,2024-01-04 00:00:00,3,158.13865661621094,5.801830362362724,5.605201970637706,152.53791419216336,0.9653406036102627,156.208984375,155.738330059482,147.15366973876954,135.19913848876953,130.34582473754884,1955965838.1430511,85.51020408163265,74.08163265306122,60.40816326530612,73.40816326530611,0.9780439121756487,1.2940313149056173,True,True,True,True,True,True,True,True,True,True,True,True,True,True,True,
IEX-2024-08-16,IEX,2024-08-07 00:00:00,2024-08-16 00:00:00,6,189.37820434570312,7.203863472790331,7.015827747505133,176.4958579404818,1.7882552124813507,186.4591064453125,180.5060421006845,177.78839950561525,173.17611450195312,146.94145393371582,2445209560.913925,88.43813387423936,89.65517241379311,81.33874239350912,86.79513184584178,0.9801192842942346,1.0552616053069988,True,True,True,True,True,True,True,True,True,True,True,True,True,True,True,
IFCI-2026-05-06,IFCI,2026-04-22 00:00:00,2026-05-06 00:00:00,9,61.7400016784668,2.6812107908019454,2.4084296084029355,57.61000061035156,1.5403492639532301,61.09000015258789,58.91999816894531,59.218499755859376,56.64080001831055,55.58799995422363,783236381.10952,62.78118609406953,63.190184049079754,69.32515337423312,64.9079754601227,0.9702380952380952,3.3919552874882655,True,True,True,True,True,True,True,True,True,False,True,True,True,True,False,RS_FAIL
IFCI-2026-05-25,IFCI,2026-05-14 00:00:00,2026-05-25 00:00:00,7,65.0999984741211,2.7250187722078523,2.354157576023802,60.599998474121094,1.6513647707292785,61.75,61.380001068115234,61.41649971008301,58.066199951171875,55.74264991760254,935943243.8682613,63.65461847389559,44.57831325301205,79.51807228915662,60.78313253012048,0.9880952380952381,0.7787775252616785,True,True,True,True,True,True,True,True,True,False,True,True,True,True,False,RS_FAIL
IGIL-2026-06-04,IGIL,2026-05-26 00:00:00,2026-06-04 00:00:00,6,378.3956604003906,14.481503968130323,13.0006216385009,350.6549140408901,1.9155984364987244,359.289794921875,359.2897913067193,350.7963592529297,345.0839508056641,333.54719818115234,132330799.25845337,64.05622489959839,69.27710843373494,72.89156626506023,68.79518072289156,0.9880952380952381,1.351480912989179,True,True,True,True,True,True,True,True,True,False,True,True,True,True,False,RS_FAIL
IGL-2024-07-29,IGL,2024-07-24 00:00:00,2024-07-29 00:00:00,3,261.4972839355469,8.031315037340876,7.862688540359072,252.53927640825788,1.1153849009333525,259.2816162109375,258.6621574502676,252.95501632690429,234.17157653808593,210.8023624420166,1115614613.1965485,80.73022312373224,66.93711967545639,54.15821501014199,67.24137931034483,0.9801192842942346,0.8193991823326272,True,True,True,True,True,True,True,True,True,False,True,True,True,True,False,RS_FAIL
IIFL-2025-10-27,IIFL,2025-10-15 00:00:00,2025-10-27 00:00:00,7,502.53167724609375,14.782062682135038,13.80020339674732,484.31644538988934,1.232252375591571,501.6382751464844,491.76135907274306,476.7797149658203,456.0585363769531,412.46335571289063,596078677.7429047,95.131845841785,37.93103448275862,89.8580121703854,70.66937119675455,0.9801192842942346,1.334426634390553,True,True,True,True,True,True,True,True,True,True,True,True,True,True,True,
IIFL-2025-11-25,IIFL,2025-11-18 00:00:00,2025-11-25 00:00:00,5,560.9990844726562,16.00821763579124,15.964096408221069,528.439972042655,2.0338999113308827,553.3060302734375,547.0522570622874,536.5797439575196,493.62457580566405,427.6502355957031,765283414.3644714,96.35627530364373,95.1417004048583,93.31983805668015,94.95951417004048,0.9840637450199203,1.5209049683220934,True,True,True,True,True,True,True,True,True,True,True,True,True,True,True,
IIFL-2026-01-19,IIFL,2026-01-06 00:00:00,2026-01-19 00:00:00,8,660.2645874023438,17.111534472761427,16.698517178778676,622.1466267831098,2.2276179076698863,647.0126342773438,636.6393680067345,621.044775390625,582.5873327636718,479.4315965270996,807889082.5725708,97.78672032193158,98.39034205231388,92.35412474849095,96.39839034205231,0.9920159680638723,1.5208399348041635,True,True,True,True,True,True,True,True,True,True,True,True,True,True,True,
IKS-2026-07-17,IKS,2026-07-10 00:00:00,2026-07-17 00:00:00,5,1928.0999755859375,60.00667708499824,55.318233870417416,1837.800048828125,1.5048313145202907,1897.0999755859375,1888.0,1810.2,1717.5139990234375,1602.9079986572265,306295207.2302246,93.2,93.4,66.0,85.12,1.0,0.6826859105943409,True,True,True,True,True,True,True,True,True,True,True,True,True,True,True,
INDGN-2026-08-18,INDGN,2026-08-13 00:00:00,2026-08-18 00:00:00,3,569.7999877929688,18.725653185609936,17.91124811287691,552.0499877929688,0.9478975085173694,567.7000122070312,564.9000244140625,536.491079711914,521.2370764160156,503.8178176879883,220218540.30975342,89.2,68.8,73.4,76.3,1.0,0.4170631741378378,True,True,True,True,True,True,True,True,True,True,True,True,True,True,True,
INDHOTEL-2024-03-07,INDHOTEL,2024-02-23 00:00:00,2024-03-07 00:00:00,9,588.35888671875,14.90274465337576,16.257137835085715,558.6688355455759,1.9922539011261065,581.6292114257812,581.1343320837753,556.7909118652344,503.0503356933594,425.1728569030762,1866906373.1366882,93.48268839103869,86.35437881873727,72.09775967413442,84.21588594704684,0.9800399201596807,0.8536269280843553,True,True,True,True,True,True,True,True,True,True,True,True,True,True,True,
INDHOTEL-2024-11-29,INDHOTEL,2024-11-22 00:00:00,2024-11-29 00:00:00,5,793.1747436523438,23.39755906266078,21.753572781684422,769.7979385082648,0.9991129878750924,787.5166625976562,786.5240203521969,732.0028900146484,703.0175903320312,620.6602282714844,3083278372.143585,96.35627530364373,94.53441295546558,89.47368421052632,93.56275303643724,0.988,1.298352421525205,True,True,True,True,True,True,True,True,True,True,True,True,True,True,True,
INDHOTEL-2025-04-01,INDHOTEL,2025-03-24 00:00:00,2025-04-01 00:00:00,5,835.908203125,24.308333403506516,25.608244997820176,776.200508681733,2.4562644197834658,799.8255004882812,797.0956884479757,769.5423248291015,761.436865234375,715.2633828735352,2032064754.0549316,77.31958762886599,58.14432989690722,94.22680412371133,74.72164948453609,0.97,0.8539963472302977,True,True,True,True,True,True,True,True,True,True,True,True,True,True,True,
INDIACEM-2023-08-21,INDIACEM,2023-08-11 00:00:00,2023-08-21 00:00:00,5,252.6999969482422,9.014681136088761,9.559583435740032,233.14999389648438,2.1686849214768853,245.0,240.4499969482422,226.43249969482423,220.10200042724608,210.56100006103514,1123543817.6898956,90.3688524590164,77.25409836065575,61.47540983606557,76.45491803278689,0.9721115537848606,1.1895032746971643,True,True,True,True,True,True,True,True,True,True,True,True,True,True,True,
INDIACEM-2024-08-02,INDIACEM,2024-07-26 00:00:00,2024-08-02 00:00:00,5,374.04998779296875,16.757061737274405,14.811137429579063,359.0,0.8981280864706466,372.04998779296875,366.75,334.65999908447264,272.6097994995117,241.90145057678222,3699322684.235962,98.58012170385395,98.78296146044624,84.17849898580123,94.34077079107504,0.9801192842942346,0.5142831754321336,True,True,True,True,True,True,True,True,True,True,True,True,True,True,True,
INDIACEM-2025-08-12,INDIACEM,2025-08-05 00:00:00,2025-08-12 00:00:00,5,373.25,12.716019939386456,12.318827101286372,351.54998779296875,1.706509765671087,368.79998779296875,364.0,360.6225021362305,346.64100158691406,326.41475074768067,181085598.75720215,94.16498993963782,85.51307847082495,92.75653923541248,90.28169014084507,0.9920159680638723,0.9693726741960963,True,True,True,True,True,True,True,True,True,True,True,True,True,True,True,
INDIACEM-2025-08-26,INDIACEM,2025-08-21 00:00:00,2025-08-26 00:00:00,3,390.95001220703125,12.315085530505808,13.03113605612664,366.1000061035156,2.0178508741948606,383.1499938964844,382.70001220703125,369.74750061035155,353.35900146484374,327.1487505340576,156017843.79473877,89.53722334004024,84.50704225352112,89.738430583501,87.58551307847081,0.9920159680638723,3.525169836322577,True,True,True,True,True,True,True,True,True,True,True,True,True,True,True,
INDIACEM-2025-09-11,INDIACEM,2025-09-03 00:00:00,2025-09-11 00:00:00,6,403.75,12.31703651095697,12.098294963627586,385.1000061035156,1.5141624269680245,394.54998779296875,394.45001220703125,384.9499984741211,367.59699951171876,329.05650032043457,260424106.66575623,86.92152917505031,90.14084507042254,80.88531187122736,86.39839034205231,0.9920159680638723,0.4083909785722327,True,True,True,True,True,True,True,True,True,True,True,True,True,True,True,
INDIAMART-2024-09-20,INDIAMART,2024-09-12 00:00:00,2024-09-20 00:00:00,6,2978.563232421875,83.46061389471433,84.84258775977493,2777.977484854873,2.4033581614920903,2908.44873046875,2903.307913899828,2893.8616333007812,2788.18841796875,2567.9451599121094,594802378.734375,66.5314401622718,72.00811359026369,37.52535496957404,60.02028397565923,0.9840319361277445,0.989403699341058,True,True,True,True,True,True,True,True,True,False,True,True,True,True,False,RS_FAIL
INDIANB-2023-08-11,INDIANB,2023-08-08 00:00:00,2023-08-11 00:00:00,3,366.5835876464844,11.145011180424177,12.680689840692326,346.2308112838351,1.8261781915838893,362.14892578125,360.28169276586726,322.91380462646487,291.3719036865234,265.6217170715332,467155872.8559418,92.21311475409836,91.39344262295081,80.5327868852459,88.3811475409836,0.9721115537848606,3.084384593804962,True,True,True,True,True,True,True,True,True,True,True,True,True,True,True,
INDIANB-2023-10-11,INDIANB,2023-10-03 00:00:00,2023-10-11 00:00:00,6,412.00390625,16.950740570670707,15.704720124076891,375.3129017044133,2.164566462014756,395.058837890625,385.5359695831055,388.63089752197266,370.1901531982422,292.3214958190918,847607435.6764069,90.20408163265307,89.59183673469387,81.42857142857143,87.32653061224491,0.9780439121756487,0.7521291310281782,True,True,True,True,True,True,True,True,True,True,True,True,True,True,True,
INDIANB-2024-02-08,INDIANB,2024-02-05 00:00:00,2024-02-08 00:00:00,3,523.0106811523438,19.515672493985022,20.0397068946414,497.8964648502816,1.2868742447795583,515.1682739257812,512.880962067468,446.9421188354492,416.0772973632813,352.2110186767578,1470933728.101471,93.46938775510203,72.44897959183673,80.61224489795919,81.20408163265306,0.9780439121756487,1.318012436769623,True,True,True,True,True,True,True,True,True,True,True,True,True,True,True,
INDIANB-2025-05-28,INDIANB,2025-05-19 00:00:00,2025-05-28 00:00:00,7,583.8178100585938,17.723245579071943,15.871722318173216,559.7108831594752,1.3601869246558664,580.6195068359375,572.1701073689812,556.3645477294922,534.8974304199219,518.6452877807617,968723477.4081116,42.68292682926829,61.99186991869918,79.47154471544715,61.443089430894304,0.9781312127236581,1.0355262547996877,True,True,True,True,True,True,True,True,True,False,True,True,True,True,False,RS_FAIL
INDIANB-2025-06-16,INDIANB,2025-06-09 00:00:00,2025-06-16 00:00:00,5,622.29345703125,17.76750008891095,16.5866333930669,593.3598537617721,1.628456627251457,619.5029296875,616.7613636482918,594.8732666015625,561.8617486572266,523.615104675293,2035146179.7255554,78.29614604462475,73.63083164300203,83.36713995943205,77.95131845841784,0.9801192842942346,1.2396005475544043,True,True,True,True,True,True,True,True,True,True,True,True,True,True,True,
INDIANB-2025-07-14,INDIANB,2025-07-02 00:00:00,2025-07-14 00:00:00,8,637.0785522460938,14.728115372865618,13.740184270220947,607.6063290494108,2.001085845034947,621.8528442382812,621.6080424637311,620.6313873291016,596.1553332519532,534.8180671691895,1073515584.6305237,46.68008048289739,63.581488933601605,91.75050301810866,66.96177062374245,0.994,0.9147228684162622,True,True,True,True,True,True,True,True,True,False,True,True,True,True,False,RS_FAIL
INDIANB-2025-09-01,INDIANB,2025-08-18 00:00:00,2025-09-01 00:00:00,9,662.1934814453125,14.256871027393135,12.709220191167095,629.1964291964156,2.314466630545821,654.5562133789062,643.3450386392007,644.8602508544922,630.2969873046875,554.979504699707,582883524.1653442,91.95171026156942,74.04426559356136,80.08048289738431,81.22736418511066,0.9920159680638723,1.1822840748903716,True,True,True,True,True,True,True,True,True,True,True,True,True,True,True,
INDIANB-2025-11-10,INDIANB,2025-11-03 00:00:00,2025-11-10 00:00:00,4,861.9873046875,20.454911924729625,19.70375194301886,832.2704309586902,1.4527989090426057,858.0707397460938,857.7281147291912,810.0218536376954,737.35044921875,607.007749786377,1452299483.674591,94.93927125506073,97.36842105263158,96.35627530364373,96.33603238866397,0.9821073558648111,0.6627842863165369,True,True,True,True,True,True,True,True,True,True,True,True,True,True,True,
INDIANB-2025-11-25,INDIANB,2025-11-17 00:00:00,2025-11-25 00:00:00,6,871.5829467773438,19.011447598371166,18.52690478381592,832.4662341950484,2.0575346711444915,854.8885498046875,845.5867053848517,851.2486145019532,781.0524780273438,626.3518016052246,1226043646.6846619,86.43724696356276,97.16599190283401,97.57085020242914,94.06882591093117,0.9840637450199203,1.1182394940826137,True,True,True,True,True,True,True,True,True,True,True,True,True,True,True,
INDIGO-2024-03-15,INDIGO,2024-03-12 00:00:00,2024-03-15 00:00:00,3,3237.47900390625,92.92407632646697,97.6676564077229,3074.1550338686034,1.7576066020161032,3197.6962890625,3181.872902063075,3140.872265625,3072.8731640625,2691.478675537109,1944902407.2524414,82.6530612244898,62.44897959183674,74.89795918367346,72.24489795918367,0.9780439121756487,3.5662252436526116,True,True,True,True,True,True,True,True,True,True,True,True,True,True,True,
INDIGO-2024-05-08,INDIGO,2024-05-02 00:00:00,2024-05-08 00:00:00,4,4101.3193359375,112.76715979685962,121.39978809826736,3908.9442692720736,1.705949382887479,4068.774169921875,4033.134301145154,3794.490185546875,3477.418515625,2883.1849560546875,3650307676.9039307,95.08196721311475,93.64754098360656,83.60655737704919,91.0655737704918,0.9740518962075848,0.9917781983698883,True,True,True,True,True,True,True,True,True,True,True,True,True,True,True,
INDIGO-2024-06-21,INDIGO,2024-06-10 00:00:00,2024-06-21 00:00:00,8,4558.89599609375,163.29090486098127,136.00814515763508,4178.938197338476,2.326876681091046,4302.87841796875,4255.409070251892,4260.722302246094,4067.01416015625,3136.1235217285157,7621478242.895996,19.34826883910387,79.22606924643586,79.0224032586558,61.20162932790224,0.9780876494023905,0.9887865699393004,True,True,True,True,True,True,True,True,True,False,True,True,True,True,False,RS_FAIL
INDIGO-2024-09-10,INDIGO,2024-08-28 00:00:00,2024-09-10 00:00:00,9,4851.6513671875,122.01360136748862,110.96810822385854,4710.4396033637595,1.1573444455461126,4823.69873046875,4817.309294358204,4608.863989257812,4439.319990234375,3673.0930944824217,5303203646.77832,84.78701825557809,45.233265720081135,89.24949290060852,70.30425963488844,0.9820717131474104,0.5702916499483319,True,True,True,True,True,True,True,True,True,True,True,True,True,True,True,
INDIGO-2024-09-23,INDIGO,2024-09-12 00:00:00,2024-09-23 00:00:00,7,4986.2236328125,111.33837957718278,102.46871859866381,4773.932762535878,1.9067178010207697,4922.0322265625,4908.305789729877,4852.846704101563,4555.9998046875,3776.96181640625,5111403237.672607,61.4604462474645,69.1683569979716,78.70182555780933,69.71602434077079,0.986,0.4594544086038629,True,True,True,True,True,True,True,True,True,False,True,True,True,True,False,RS_FAIL
INDIGO-2025-04-04,INDIGO,2025-03-27 00:00:00,2025-04-04 00:00:00,5,5119.14892578125,125.67714685216318,124.80419418267273,4958.520411764875,1.2781043971767305,5090.2978515625,5076.42126669928,4903.980249023438,4582.780546875,4455.636920166015,4305636664.756348,73.81443298969073,96.70103092783505,92.16494845360825,88.47422680412372,0.97,1.623940951779201,True,True,True,True,True,True,True,True,True,True,True,True,True,True,True,
INDIGO-2025-05-02,INDIGO,2025-04-23 00:00:00,2025-05-02 00:00:00,6,5549.12255859375,151.54935734252447,162.5817979637536,5184.2389389387,2.4076883337113593,5312.5224609375,5311.52426528531,5248.8724365234375,4901.634736328125,4539.383145751953,5798622532.2890625,61.72839506172839,97.11934156378601,93.82716049382715,85.51440329218107,0.9700598802395209,0.5153235085550623,True,True,True,True,True,True,True,True,True,True,True,True,True,True,True,
INDIGO-2025-05-22,INDIGO,2025-05-15 00:00:00,2025-05-22 00:00:00,5,5579.5712890625,196.71404644030602,181.1717447964845,5320.509007205232,1.3169485684688116,5493.71630859375,5473.250704594806,5390.315893554687,5174.854013671875,4611.621075439453,5193045159.223877,34.34959349593496,89.02439024390245,97.5609756097561,75.1829268292683,0.9781312127236581,2.408155888921512,True,True,True,True,True,True,True,True,True,True,True,True,True,True,True,
INDIGO-2025-07-08,INDIGO,2025-06-30 00:00:00,2025-07-08 00:00:00,6,5966.41748046875,148.66308698910683,132.01902429230478,5721.331414527336,1.6486006775802544,5792.2119140625,5782.2285033924845,5599.687036132813,5483.183935546875,4768.5675915527345,6572886683.576172,61.56941649899397,47.48490945674044,93.7625754527163,65.59356136820927,0.9920159680638723,0.42220974718260573,True,True,True,True,True,True,True,True,True,False,True,True,True,True,False,RS_FAIL
INDIGOPNTS-2023-08-16,INDIGOPNTS,2023-08-09 00:00:00,2023-08-16 00:00:00,4,1590.6724853515625,45.79953542245908,48.46371123359266,1486.9350449823005,2.265032590666661,1543.1302490234375,1542.483738541114,1536.1172729492187,1470.0895532226561,1286.37069732666,125736705.46270752,67.00819672131148,63.52459016393443,75.40983606557377,68.13524590163934,0.9721115537848606,0.717415285663536,True,True,True,True,True,True,True,True,True,False,True,True,True,True,False,RS_FAIL
INDUSINDBK-2026-01-12,INDUSINDBK,2026-01-06 00:00:00,2026-01-12 00:00:00,4,912.7716064453125,21.009282417773324,22.058078055981216,874.6832721455938,1.8129288541286348,903.98583984375,890.5575980934755,865.3533996582031,847.4464001464844,800.244599609375,2539264547.202942,90.3420523138833,94.36619718309859,74.44668008048289,87.18309859154928,0.9920159680638723,1.3752561524531735,True,True,True,True,True,True,True,True,True,True,True,True,True,True,True,
INDUSINDBK-2026-02-25,INDUSINDBK,2026-02-18 00:00:00,2026-02-25 00:00:00,5,943.1224365234375,23.369561772964257,22.336747314004462,910.4753206844206,1.3969930697111173,935.834228515625,932.889008571104,921.4051116943359,899.516064453125,825.7053619384766,2745902644.5804443,52.610441767068274,83.93574297188755,87.14859437751004,75.50200803212851,0.996,0.39344734070108645,True,True,True,True,True,True,True,True,True,True,True,True,True,True,True,
INDUSINDBK-2026-07-15,INDUSINDBK,2026-07-07 00:00:00,2026-07-15 00:00:00,6,1022.25,24.886843141240195,25.035254672584465,989.7999877929688,1.3039023078527008,1009.7000122070312,1009.0,962.367318725586,931.1971728515625,870.1711978149414,1821359650.444336,82.19999999999999,80.60000000000001,65.4,76.52,1.0,0.7962599875696006,True,True,True,True,True,True,True,True,True,True,True,True,True,True,True,
INDUSTOWER-2024-01-16,INDUSTOWER,2024-01-05 00:00:00,2024-01-16 00:00:00,7,214.09274291992188,8.348353703989101,7.5121037942648305,202.1906804291567,1.4256777938239473,211.5388641357422,208.55128479003906,195.7794548034668,187.17767974853516,166.413140335083,2741725125.8120346,80.0,54.08163265306123,63.469387755102034,64.67346938775509,0.9780439121756487,1.0848350923675516,True,True,True,True,True,True,True,True,True,False,True,True,True,True,False,RS_FAIL
INDUSTOWER-2024-02-06,INDUSTOWER,2024-01-29 00:00:00,2024-02-06 00:00:00,6,223.82643127441406,8.868274641677631,8.58784397424516,203.15440396601696,2.3310089215376997,212.9844512939453,210.28601514240663,211.1099998474121,195.8396893310547,171.3546688079834,3047893789.496544,46.93877551020408,43.06122448979592,57.3469387755102,48.51020408163265,0.9780439121756487,1.5105376238827528,True,True,True,True,True,True,True,True,True,False,True,True,True,True,False,RS_FAIL
INDUSTOWER-2024-04-05,INDUSTOWER,2024-04-01 00:00:00,2024-04-05 00:00:00,4,303.76788330078125,12.675053989080372,12.537204947685668,287.577185671995,1.2773671530499706,302.61138916015625,298.7564754049327,259.81694107055665,236.8030569458008,190.77576721191406,4940477334.565109,97.1252566735113,96.50924024640656,86.652977412731,93.73716632443532,0.9720558882235529,1.2591000624307658,True,True,True,True,True,True,True,True,True,True,True,True,True,True,True,
INDUSTOWER-2024-07-11,INDUSTOWER,2024-07-04 00:00:00,2024-07-11 00:00:00,5,389.39532470703125,14.562071602662927,13.947392842387329,360.00153415550125,2.0185171006956755,379.9507751464844,374.3611428378868,353.1927947998047,338.9238024902344,246.2307514190674,8329732844.422836,79.3103448275862,68.76267748478702,95.33468559837728,79.89858012170386,0.9801192842942346,0.5575462305948244,True,True,True,True,True,True,True,True,True,True,True,True,True,True,True,
INDUSTOWER-2024-09-05,INDUSTOWER,2024-08-30 00:00:00,2024-09-05 00:00:00,4,441.8704528808594,11.44335830411929,11.630146843671918,415.7051952369051,2.2865016500038706,427.0290222167969,425.29429694616795,413.8090423583984,400.9205908203125,290.44791458129885,2732702204.5347443,54.76673427991886,80.73022312373224,97.3630831643002,77.93103448275862,0.9820717131474104,1.1328569508421191,True,True,True,True,True,True,True,True,True,True,True,True,True,True,True,
INDUSTOWER-2025-12-11,INDUSTOWER,2025-12-05 00:00:00,2025-12-11 00:00:00,4,400.622802734375,9.422494926923955,9.653750184841558,382.1191863841549,1.9637703701328242,395.46685791015625,392.72019800906867,389.42425231933595,368.4987677001953,359.7437576293945,1741281100.9715424,79.23387096774194,92.74193548387096,73.79032258064517,83.00403225806451,0.9880478087649402,0.9699870995005098,True,True,True,True,True,True,True,True,True,True,True,True,True,True,True,
INDUSTOWER-2026-01-14,INDUSTOWER,2026-01-02 00:00:00,2026-01-14 00:00:00,8,426.01708984375,10.80087257767517,11.539125319385692,407.7544150303719,1.6908517975784745,422.4994812011719,417.72903243386884,409.53971405029296,397.42803283691404,369.5699542236328,2540466319.235565,88.93360160965796,97.78672032193158,76.05633802816901,88.61167002012073,0.9920159680638723,1.5890215916699906,True,True,True,True,True,True,True,True,True,True,True,True,True,True,True,
INFY-2024-09-05,INFY,2024-09-02 00:00:00,2024-09-05 00:00:00,3,1846.59326171875,30.99193790117452,31.192244734191895,1786.0115271331308,1.9547578721536896,1817.125,1811.5319278069883,1762.3122619628907,1680.703544921875,1479.1730334472657,8083118824.488098,67.13995943204868,82.35294117647058,47.05882352941176,67.20081135902636,0.9820717131474104,0.9060972506038247,True,True,True,True,True,True,True,True,True,False,True,True,True,True,False,RS_FAIL
INFY-2026-01-22,INFY,2026-01-16 00:00:00,2026-01-22 00:00:00,4,1654.00830078125,30.740840006965236,28.879976348119307,1596.6494821313709,1.8658832561791683,1628.265380859375,1621.9030597634667,1597.2025207519532,1567.2124877929687,1488.8771667480469,9692480300.434204,78.06841046277665,90.54325955734407,79.87927565392354,83.60160965794769,0.9920159680638723,1.0003460881678479,True,True,True,True,True,True,True,True,True,True,True,True,True,True,True,
INOXWIND-2024-09-06,INOXWIND,2024-08-27 00:00:00,2024-09-06 00:00:00,8,228.07000732421875,12.086993274420676,10.697000246809969,212.35000610351562,1.3005716859271255,225.8800048828125,224.4499969482422,217.28200073242186,183.92399993896484,140.52147459030152,2144926800.6172638,99.18864097363083,96.75456389452333,87.62677484787018,94.74645030425964,0.9820717131474104,1.5961669757941928,True,True,True,True,True,True,True,True,True,True,True,True,True,True,True,
INOXWIND-2024-09-18,INOXWIND,2024-09-13 00:00:00,2024-09-18 00:00:00,3,250.99000549316406,11.78909953144259,12.11962540230648,238.14999389648438,1.089142691724183,248.64999389648438,246.0,231.0800003051758,199.11940032958984,147.6850620651245,2372392102.4921646,88.84381338742394,99.59432048681542,98.17444219066938,95.94320486815415,0.9840319361277445,1.9310748993947389,True,True,True,True,True,True,True,True,True,True,True,True,True,True,True,
INTELLECT-2023-08-28,INTELLECT,2023-08-16 00:00:00,2023-08-28 00:00:00,8,701.699462890625,27.326184525191486,24.61208313261547,658.2235269860564,1.5909991336144624,688.7940063476562,686.9784379779394,675.3538269042969,632.5435119628906,495.40454391479494,406596224.7043457,95.0920245398773,73.8241308793456,86.9120654396728,84.13087934560326,0.9741035856573705,0.4507717741117028,True,True,True,True,True,True,True,True,True,True,True,True,True,True,True,
INTELLECT-2024-01-31,INTELLECT,2024-01-19 00:00:00,2024-01-31 00:00:00,6,906.5662841796875,28.926567780185753,32.04988146804259,849.8905726032572,1.959296104781996,883.9940795898438,873.4441219594675,837.4856567382812,783.2604724121094,652.6426550292969,382917373.97857666,67.14285714285714,79.79591836734694,76.93877551020408,75.14285714285714,0.9780439121756487,1.086789143044618,True,True,True,True,True,True,True,True,True,True,True,True,True,True,True,
INTELLECT-2025-06-16,INTELLECT,2025-06-11 00:00:00,2025-06-16 00:00:00,3,1196.47314453125,44.91451164858379,49.05779910364653,1115.9271690310468,1.7933174055281735,1192.2391357421875,1190.4667103813817,1131.297833251953,923.9675769042968,843.6110781860351,685520085.2785034,85.80121703853956,98.98580121703854,97.97160243407707,94.72616632860041,0.9801192842942346,1.0651634393275409,True,True,True,True,True,True,True,True,True,True,True,True,True,True,True,
INTELLECT-2025-11-12,INTELLECT,2025-11-03 00:00:00,2025-11-12 00:00:00,6,1186.5703125,48.276946269315246,49.07272295754412,1079.69974124821,2.213697831167848,1137.04736328125,1113.1772544970067,1042.9487091064452,1009.0631188964844,932.117373046875,436464923.81222534,94.53441295546558,91.7004048582996,82.99595141700405,89.93927125506073,0.9821073558648111,2.731023088540841,True,True,True,True,True,True,True,True,True,True,True,True,True,True,True,
IOB-2023-09-26,IOB,2023-09-18 00:00:00,2023-09-26 00:00:00,5,46.400001525878906,2.3909381404270555,2.9382980709120394,41.70000076293945,1.9657559028691416,45.400001525878906,45.0,36.42749996185303,31.481000061035157,27.447250032424925,1842402708.4139748,99.59100204498978,99.59100204498978,96.11451942740287,98.54805725971372,0.9760479041916168,2.549702221221695,True,True,True,True,True,True,True,True,True,True,True,True,True,True,True,
IOC-2023-11-23,IOC,2023-11-16 00:00:00,2023-11-23 00:00:00,5,92.88905334472656,2.125724549755704,2.2825972861151698,89.54290862515695,1.5741196195688474,92.62136840820312,91.63982643120704,85.11263694763184,80.33339874267578,73.89414558410644,2644919251.6237793,94.28571428571428,77.75510204081633,56.734693877551024,76.40816326530611,0.9780439121756487,0.6083138104040707,True,True,True,True,True,True,True,True,True,True,True,True,True,True,True,
IOC-2023-12-13,IOC,2023-12-07 00:00:00,2023-12-13 00:00:00,4,108.28133392333984,2.8870971002747354,2.9134830394012217,104.04289327618577,1.4680630751043149,106.76441955566406,106.09519103329167,98.52843170166015,86.56496383666992,76.2976404953003,3136721069.046524,91.63265306122449,92.24489795918367,73.67346938775509,86.48979591836734,0.9780439121756487,0.7885313609912731,True,True,True,True,True,True,True,True,True,True,True,True,True,True,True,
IOC-2024-01-03,IOC,2023-12-28 00:00:00,2024-01-03 00:00:00,3,118.8997802734375,3.5437520465028447,3.4278317028933527,114.48286683351513,1.2463946071738297,118.40899658203125,117.29361710747956,110.92702560424804,96.79269958496094,79.70733610153198,2491193165.395458,86.53061224489797,96.3265306122449,84.48979591836735,89.83673469387756,0.9780439121756487,1.0117146837140238,True,True,True,True,True,True,True,True,True,True,True,True,True,True,True,
IOC-2025-07-16,IOC,2025-07-08 00:00:00,2025-07-16 00:00:00,6,142.99258422851562,2.7526197000164236,2.6788375460097096,139.0882161621351,1.4184189942247496,141.33787536621094,141.20770951888835,137.18251571655273,134.37081939697265,128.97406257629393,1804611058.73143,75.65392354124748,53.72233400402414,74.44668008048289,66.51911468812878,0.994,0.5418297797962898,True,True,True,True,True,True,True,True,True,False,True,True,True,True,False,RS_FAIL
IOC-2025-10-27,IOC,2025-10-13 00:00:00,2025-10-27 00:00:00,9,147.45370483398438,2.675813816920525,2.7212646976701316,141.65089416955107,2.1686152555679326,147.39671325683594,143.68329671377361,144.75553512573242,139.0150408935547,129.52181789398193,1547218139.7920685,79.3103448275862,70.99391480730223,66.32860040567951,72.0892494929006,0.9801192842942346,1.5761187527827907,True,True,True,True,True,True,True,True,True,True,True,True,True,True,True,
IOC-2025-12-29,IOC,2025-12-22 00:00:00,2025-12-29 00:00:00,4,160.1945037841797,3.0169810368337693,2.927183952177528,156.15196093116802,1.3399298184698551,158.55007934570312,158.51094276991918,156.86512298583983,156.2111380004883,138.67624172210694,1582753164.7134705,75.70281124497991,88.95582329317268,85.94377510040161,84.07630522088354,0.9940119760479041,0.8128614838385861,True,True,True,True,True,True,True,True,True,True,True,True,True,True,True,
IOC-2026-02-18,IOC,2026-02-11 00:00:00,2026-02-18 00:00:00,5,177.47076416015625,4.149221417244666,4.023171433116056,168.52429686929096,2.156179772350226,174.9552001953125,172.42001615058027,166.31118698120116,161.2214813232422,145.87294288635255,2242864351.4112854,86.94779116465864,84.53815261044177,92.3694779116466,87.61044176706827,0.9940119760479041,0.6075115410558996,True,True,True,True,True,True,True,True,True,True,True,True,True,True,True,
IPCALAB-2023-12-15,IPCALAB,2023-12-01 00:00:00,2023-12-15 00:00:00,10,1140.892822265625,26.946197295269847,26.85089189530711,1074.8029819481442,2.4526592599795993,1105.8135986328125,1102.687655570737,1098.7290588378905,1023.2724938964843,850.208415222168,274191162.97076416,43.673469387755105,79.38775510204081,81.83673469387756,69.40816326530611,0.9780439121756487,1.4062584208435713,True,True,True,True,True,True,True,True,True,False,True,True,True,True,False,RS_FAIL
IPCALAB-2024-04-24,IPCALAB,2024-04-18 00:00:00,2024-04-24 00:00:00,4,1341.9410400390625,38.61303622648169,36.38717305823969,1300.5107294800432,1.0729617405897092,1336.929443359375,1325.666514465934,1278.8950500488281,1219.76599609375,1030.6587603759765,787552863.2211914,75.81967213114754,75.61475409836066,71.31147540983606,74.38524590163935,0.9740518962075848,0.9502881456347283,True,True,True,True,True,True,True,True,True,True,True,True,True,True,True,
IPCALAB-2024-09-30,IPCALAB,2024-09-25 00:00:00,2024-09-30 00:00:00,3,1489.2919921875,35.76606271972499,36.42088156976692,1446.1075287830001,1.207414518699136,1488.944091796875,1479.303382284506,1442.9146606445313,1374.176044921875,1232.9487225341798,477848792.7334595,81.79959100204499,92.84253578732107,49.48875255623722,76.52351738241309,0.978,0.9830847961934294,True,True,True,True,True,True,True,True,True,True,True,True,True,True,True,
IPCALAB-2025-01-07,IPCALAB,2025-01-02 00:00:00,2025-01-07 00:00:00,3,1735.607421875,47.38140020721626,45.32090282319948,1694.855533993655,0.8600819668292218,1727.6461181640625,1727.596294516252,1610.951220703125,1572.57521484375,1380.5024896240234,761566294.9359741,96.15384615384616,90.08097165991903,94.53441295546558,93.23886639676114,0.9860279441117764,0.9563047567029472,True,True,True,True,True,True,True,True,True,True,True,True,True,True,True,
IRB-2023-11-15,IRB,2023-11-09 00:00:00,2023-11-15 00:00:00,3,17.385181427001953,0.7543616045187232,0.7007022200570399,17.041407621909727,0.45571487603952393,17.385181427001953,17.385179160955698,16.730346965789796,15.987308120727539,13.99384177684784,1142606029.3847694,86.53061224489797,92.85714285714286,58.36734693877551,80.61224489795919,0.9780439121756487,1.2945066625453456,True,True,True,True,True,True,True,True,True,True,True,False,True,True,False,PULLBACK_TOO_SHALLOW
IRB-2023-11-23,IRB,2023-11-17 00:00:00,2023-11-23 00:00:00,4,18.71116828918457,0.7528870265408918,0.7347437805663997,17.67984807571309,1.3698206731092701,18.539287567138672,18.416508412201132,17.26532654762268,16.326169033050537,14.126189985275268,941432672.8079243,88.36734693877551,94.6938775510204,68.9795918367347,85.08163265306122,0.9780439121756487,0.9382797554975574,True,True,True,True,True,True,True,True,True,True,True,True,True,True,True,
IRB-2023-12-07,IRB,2023-11-24 00:00:00,2023-12-07 00:00:00,8,19.177722930908203,0.7576821192142695,0.6913251127389632,18.048176597680644,1.4907918566151719,18.8830623626709,18.61295191796759,18.147625827789305,16.90094358444214,14.342905697822571,794700586.5106602,62.44897959183674,79.18367346938776,64.48979591836735,69.75510204081633,0.9780439121756487,1.9787710182860416,True,True,True,True,True,True,True,True,True,False,True,True,True,True,False,RS_FAIL
IRB-2024-04-22,IRB,2024-04-09 00:00:00,2024-04-22 00:00:00,7,34.62417984008789,1.677293904683346,1.5988538672405992,31.0092878360399,2.155192953336608,32.97657775878906,32.95197846976839,31.342501163482666,31.13223159790039,20.621983261108397,1412892091.3900375,90.98360655737704,96.72131147540983,97.74590163934425,95.30737704918032,0.9740518962075848,0.5533506830972679,True,True,True,True,True,True,True,True,True,True,True,True,True,True,True,
IRCON-2023-12-14,IRCON,2023-12-04 00:00:00,2023-12-14 00:00:00,8,169.50131225585938,7.340996661160595,7.0061537627396975,151.81882893093783,2.408730604452555,165.79135131835938,157.55235908364168,160.03371200561523,148.22547271728516,99.02731956481934,2833815783.6739655,53.46938775510204,53.265306122448976,96.3265306122449,66.24489795918367,0.9780439121756487,4.189588174032871,True,True,True,True,True,True,True,True,True,False,True,True,True,True,False,RS_FAIL
IRCON-2024-06-03,IRCON,2024-05-21 00:00:00,2024-06-03 00:00:00,9,281.3939514160156,12.563935366283252,13.340170046734432,254.58990932536435,2.133411332454238,278.67474365234375,267.26358110003696,251.50890731811523,234.4334652709961,180.72176933288574,3142389245.0740814,87.34693877551021,82.85714285714286,87.95918367346938,85.73469387755102,0.9780439121756487,1.8230919031477546,True,True,True,True,True,True,True,True,True,True,True,True,True,True,True,
IREDA-2025-01-08,IREDA,2025-01-03 00:00:00,2025-01-08 00:00:00,3,229.3340301513672,8.847369348761315,9.559420196056395,212.27446650251557,1.9282074678209362,222.20184326171875,221.72436793950897,212.7837760925293,206.1565155029297,206.18451789855956,1448399552.462761,78.54251012145748,68.42105263157895,44.73684210526316,64.35222672064776,0.9860279441117764,4.02976176638088,True,True,True,True,True,True,True,True,False,False,True,True,True,True,False,TREND_FAIL;RS_FAIL
IRFC-2023-08-24,IRFC,2023-08-16 00:00:00,2023-08-24 00:00:00,6,48.55599594116211,2.1973708825383156,2.0503721060352773,43.960937008045484,2.0911622018985687,46.045291900634766,45.618950033616464,43.31431560516357,36.161662902832035,30.719985599517823,6505382841.571217,99.79508196721312,95.49180327868852,94.67213114754098,96.53688524590163,0.9721115537848606,0.7612063450458468,True,True,True,True,True,True,True,True,True,True,True,True,True,True,True,
ITI-2023-12-04,ITI,2023-11-24 00:00:00,2023-12-04 00:00:00,5,282.54998779296875,14.390179943114967,13.152921156560142,265.20001220703125,1.205681628341184,274.6499938964844,274.5,271.2649978637695,250.93399841308593,143.5882494354248,400992794.6101074,17.551020408163264,99.79591836734694,98.9795918367347,74.87755102040816,0.9780439121756487,1.660081935377425,True,True,True,True,True,True,True,True,True,True,True,True,True,True,True,
J&KBANK-2026-07-15,J&KBANK,2026-07-10 00:00:00,2026-07-15 00:00:00,3,192.64999389648438,7.128607704750441,7.541517000121287,176.72999572753906,2.233254911521694,182.6300048828125,182.1999969482422,166.14599990844727,152.69580017089845,120.52105014801026,568633416.2066574,88.0,96.0,98.0,94.20000000000002,1.0,3.2751329552445254,True,True,True,True,True,True,True,True,True,True,True,True,True,True,True,
JBCHEPHARM-2023-08-18,JBCHEPHARM,2023-08-09 00:00:00,2023-08-18 00:00:00,6,1315.481201171875,47.382794775941825,48.19244631051571,1244.0970692235207,1.506541188334439,1299.1927490234375,1278.8393602835224,1246.3616943359375,1183.6551147460937,1026.8874179077147,140959521.04455566,71.51639344262296,86.68032786885246,78.48360655737704,79.67213114754098,0.9721115537848606,1.4681772566418423,True,True,True,True,True,True,True,True,True,True,True,True,True,True,True,
JBCHEPHARM-2023-09-01,JBCHEPHARM,2023-08-28 00:00:00,2023-09-01 00:00:00,4,1422.3121337890625,49.6741133140708,48.92881954895081,1324.4398176279633,1.9702881366455247,1361.5194091796875,1358.4273425957583,1318.8503295898438,1238.3095239257811,1046.529330444336,208016157.14611816,70.75664621676891,84.04907975460122,71.57464212678937,76.31901840490798,0.9741035856573705,0.8002799230211691,True,True,True,True,True,True,True,True,True,True,True,True,True,True,True,
JBCHEPHARM-2023-09-25,JBCHEPHARM,2023-09-14 00:00:00,2023-09-25 00:00:00,6,1448.849853515625,47.920649238919275,51.46556588773523,1335.2498399949877,2.3705858606852055,1395.5313720703125,1392.3663428824686,1391.576239013672,1311.9791918945311,1077.571609802246,274510082.8947754,58.077709611451944,77.70961145194273,77.30061349693251,71.69734151329243,0.9760479041916168,1.141421826788436,True,True,True,True,True,True,True,True,True,True,True,True,True,True,True,
JBCHEPHARM-2026-06-05,JBCHEPHARM,2026-05-25 00:00:00,2026-06-05 00:00:00,8,2218.997802734375,55.9309848417762,55.43396465980718,2080.89990234375,2.4690768592988612,2169.300048828125,2163.39990234375,2156.391882324219,2074.7624975585936,1872.60619140625,523928913.7573242,73.09236947791165,52.610441767068274,85.94377510040161,68.75502008032129,0.9880952380952381,0.7669068167553942,True,True,True,True,True,True,True,True,True,False,True,True,True,True,False,RS_FAIL
JBCHEPHARM-2026-06-23,JBCHEPHARM,2026-06-12 00:00:00,2026-06-23 00:00:00,7,2257.699951171875,59.47604922591973,54.51025637425482,2163.10009765625,1.590553756458966,2237.0,2215.60009765625,2190.314990234375,2125.8507788085935,1902.8827429199218,501173660.5765381,43.48697394789579,32.86573146292585,81.76352705410822,50.721442885771545,0.9960079840319361,0.8455519893146787,True,True,True,True,True,True,True,True,True,False,True,True,True,True,False,RS_FAIL
JBMA-2023-08-25,JBMA,2023-08-21 00:00:00,2023-08-25 00:00:00,4,766.3484497070312,41.16226351780858,39.613955263622316,733.4223061427292,0.7999109074761342,761.1640014648438,760.2168518788536,695.8115234375,660.9056042480469,392.20322036743164,347922867.62054443,69.12065439672801,99.38650306748467,99.79550102249489,90.42944785276075,0.9741035856573705,2.5115636386704887,True,True,True,True,True,True,True,True,True,True,True,True,True,True,True,
JBMA-2024-01-17,JBMA,2024-01-11 00:00:00,2024-01-17 00:00:00,4,965.9273681640625,41.94150397647713,44.19367377445882,887.7930216909526,1.8629362103212006,955.8237915039062,944.4728694343371,835.0111694335938,716.95966796875,607.2988400268555,351479011.6118164,98.9795918367347,94.89795918367348,63.06122448979592,86.57142857142857,0.9780439121756487,1.016452354115389,True,True,True,True,True,True,True,True,True,True,True,True,True,True,True,
JBMA-2024-02-27,JBMA,2024-02-21 00:00:00,2024-02-27 00:00:00,4,1152.6815185546875,59.149629428031496,57.603222045095585,1087.5944397085007,1.100380162573623,1122.969482421875,1115.6100008660794,1042.7582794189452,923.7228674316407,692.9555584716796,439341698.6875,91.44602851323829,97.9633401221996,75.76374745417516,89.34826883910387,0.9800399201596807,1.369883147344226,True,True,True,True,True,True,True,True,True,True,True,True,True,True,True,
JBMA-2026-06-09,JBMA,2026-06-04 00:00:00,2026-06-09 00:00:00,3,692.7999877929688,27.5892737935665,27.98929940824468,645.2000122070312,1.7253073039217606,676.75,668.4000244140625,648.0774963378906,626.4440014648437,615.2374345397949,422191193.4057617,59.036144578313255,89.7590361445783,73.49397590361446,75.66265060240963,0.9880952380952381,1.3148945980174067,True,True,True,True,True,True,True,True,True,True,True,True,True,True,True,
JINDALSAW-2024-02-06,JINDALSAW,2024-01-30 00:00:00,2024-02-06 00:00:00,5,254.42408752441406,10.329912010483751,10.053885568014385,237.366632901774,1.651268142974361,247.74732971191406,246.60203112324473,244.67332458496094,226.55026580810548,169.11842918395996,713482673.4755707,78.9795918367347,41.63265306122449,78.57142857142857,63.91836734693878,0.9780439121756487,0.6040685677735291,True,True,True,True,True,True,True,True,True,False,True,True,True,True,False,RS_FAIL
JINDALSAW-2024-08-16,JINDALSAW,2024-08-09 00:00:00,2024-08-16 00:00:00,4,320.638671875,14.380644285217942,13.338757054247534,295.0641223970868,1.7784008122780437,308.6858825683594,306.1578842380265,298.8168746948242,282.78063323974607,247.07336250305175,857060986.2019043,90.87221095334685,64.70588235294117,58.21501014198783,70.60851926977688,0.9801192842942346,0.39131736266469813,True,True,True,True,True,True,True,True,True,True,True,True,True,True,True,
JINDALSAW-2024-09-10,JINDALSAW,2024-09-04 00:00:00,2024-09-10 00:00:00,4,350.87646484375,12.138173869855095,12.308583720223538,325.7683088266381,2.0685282882186677,346.9494934082031,343.7097346880509,332.2821838378906,305.3077001953125,257.54007682800295,604439439.2138672,72.81947261663286,82.35294117647058,85.39553752535497,80.40567951318458,0.9820717131474104,0.7996871742554847,True,True,True,True,True,True,True,True,True,True,True,True,True,True,True,
JINDALSAW-2024-09-23,JINDALSAW,2024-09-16 00:00:00,2024-09-23 00:00:00,5,354.067138671875,12.246662060116057,11.785089916364967,338.21193421883004,1.2946551783020874,354.01806640625,352.6190699000818,344.0472015380859,318.7841436767578,262.91463638305663,590192492.9107666,61.66328600405679,87.4239350912779,91.27789046653145,80.85192697768764,0.986,1.2062630544003914,True,True,True,True,True,True,True,True,True,True,True,True,True,True,True,
JINDALSAW-2024-09-27,JINDALSAW,2024-09-24 00:00:00,2024-09-27 00:00:00,3,367.0507507324219,12.15470332537708,12.385310333477923,351.9809464113635,1.2398331672641507,365.9463195800781,364.2036977213046,349.3805404663086,325.66815368652345,265.63336715698244,608087763.2017212,84.98985801217039,94.11764705882352,92.2920892494929,90.8316430020284,0.986,1.0812010485855352,True,True,True,True,True,True,True,True,True,True,True,True,True,True,True,
JINDALSAW-2026-06-25,JINDALSAW,2026-06-18 00:00:00,2026-06-25 00:00:00,5,264.05999755859375,11.57807340680118,10.520776356216249,252.80999755859375,0.9716642488543507,260.7200012207031,259.3999938964844,248.17750091552733,238.40178588867187,195.51969314575194,566117445.131073,72.6,90.60000000000001,97.2,87.17999999999999,1.0,0.9004047690215168,True,True,True,True,True,True,True,True,True,True,True,True,True,True,True,
JINDALSAW-2026-08-17,JINDALSAW,2026-08-10 00:00:00,2026-08-17 00:00:00,5,279.04998779296875,8.732155206453127,8.318328814659719,263.1499938964844,1.8208556216149436,270.3999938964844,268.3999938964844,263.52749862670896,259.78679931640625,207.38671493530273,270645341.7848053,48.6,88.0,90.8,77.02,1.0,0.4105298035833492,True,True,True,True,True,True,True,True,True,True,True,True,True,True,True,
JINDALSTEL-2024-05-13,JINDALSTEL,2024-05-08 00:00:00,2024-05-13 00:00:00,3,938.0850830078125,27.49038292748125,27.724580194942373,903.2896775461143,1.2657301119990727,933.9594116210938,931.3745566796878,919.8100524902344,863.8157397460938,732.0746676635742,1730650409.335083,77.04918032786885,86.68032786885246,84.42622950819673,83.11475409836066,0.9740518962075848,1.0510751164722878,True,True,True,True,True,True,True,True,True,True,True,True,True,True,True,
JINDALSTEL-2024-06-03,JINDALSTEL,2024-05-22 00:00:00,2024-06-03 00:00:00,8,1071.4013671875,30.066077551961325,29.200787811850347,1010.6584467598565,2.0203141005894545,1051.269775390625,1040.5328677740672,1001.3556610107422,930.7552136230469,759.3058679199219,1780557478.1995544,84.48979591836735,91.42857142857143,82.85714285714286,86.77551020408164,0.9780439121756487,1.0851128096061569,True,True,True,True,True,True,True,True,True,True,True,True,True,True,True,
JINDALSTEL-2026-04-27,JINDALSTEL,2026-04-21 00:00:00,2026-04-27 00:00:00,4,1286.496337890625,42.46253734032912,39.84430650305415,1235.0883580592408,1.2106666970783928,1275.9151611328125,1270.8242919580762,1206.7790222167969,1196.2658618164062,1068.3374209594726,1829076969.4642334,51.124744376278116,83.02658486707567,89.97955010224949,75.54192229038856,0.978,0.7437972139049445,True,True,True,True,True,True,True,True,True,True,True,True,True,True,True,
JIOFIN-2025-08-11,JIOFIN,2025-08-04 00:00:00,2025-08-11 00:00:00,5,332.6011962890625,7.767541949116316,7.8371754491151435,315.567745076913,2.192901090683819,326.9842224121094,324.73195892256933,319.8341232299805,312.00486450195314,281.08538856506345,4853770822.573242,74.84909456740442,91.95171026156942,92.95774647887323,87.12273641851107,0.9920159680638723,0.7288102219476025,True,True,True,True,True,True,True,True,True,True,True,True,True,True,True,
JKCEMENT-2025-02-04,JKCEMENT,2025-01-29 00:00:00,2025-02-04 00:00:00,4,4860.9619140625,153.85230872592598,162.24939693696973,4671.326118960098,1.2325833565502162,4849.1845703125,4815.441350705726,4638.654321289063,4595.1309375,4330.498670654297,513332221.1315918,83.03030303030303,96.36363636363636,89.0909090909091,90.18181818181819,0.9880239520958084,0.9732028923862186,True,True,True,True,True,True,True,True,True,True,True,True,True,True,True,
JKCEMENT-2025-04-11,JKCEMENT,2025-04-03 00:00:00,2025-04-11 00:00:00,5,4967.40869140625,156.31739658985776,159.0505553227154,4632.266343133403,2.1439862458315257,4927.2060546875,4908.221757700537,4715.20927734375,4659.482900390625,4471.722337646484,461832079.51782227,87.01030927835052,85.36082474226804,94.63917525773195,88.63917525773195,0.9680638722554891,0.9536787797218483,True,True,True,True,True,True,True,True,True,True,True,True,True,True,True,
JKCEMENT-2025-05-02,JKCEMENT,2025-04-24 00:00:00,2025-05-02 00:00:00,5,5229.8974609375,163.385386778179,152.77028420187688,5009.252131918578,1.3504593854435847,5129.513671875,5127.128666674475,5015.339599609375,4729.84697265625,4519.489722900391,372705145.9030762,71.60493827160494,68.51851851851852,96.09053497942386,77.71604938271605,0.9700598802395209,0.49343663167116086,True,True,True,True,True,True,True,True,True,True,True,True,True,True,True,
JKCEMENT-2025-07-30,JKCEMENT,2025-07-24 00:00:00,2025-07-30 00:00:00,4,6597.4443359375,177.87968626726533,181.64298498891125,6376.2673984927715,1.2434075081086484,6588.4775390625,6572.536879352627,6421.511376953125,5996.284541015625,4952.61515625,492193164.21606445,87.72635814889335,89.13480885311871,90.94567404426559,89.25553319919516,0.9920159680638723,0.9830331402576106,True,True,True,True,True,True,True,True,True,True,True,True,True,True,True,
JKTYRE-2025-11-26,JKTYRE,2025-11-12 00:00:00,2025-11-26 00:00:00,10,462.19952392578125,14.327869833792901,13.403794241324784,435.6169711722549,1.8553038980595864,451.45758056640625,443.43826983922276,445.6015151977539,405.99600891113283,342.83068519592285,541158463.138031,94.33198380566802,99.39271255060729,86.8421052631579,94.10931174089069,0.9840637450199203,0.6072494965047578,True,True,True,True,True,True,True,True,True,True,True,True,True,True,True,
JKTYRE-2026-01-30,JKTYRE,2026-01-22 00:00:00,2026-01-30 00:00:00,5,515.01806640625,15.330087704366024,15.740954149884928,489.5740734901032,1.659742162394825,514.5230712890625,502.1475754305892,503.21680908203126,479.88456970214844,389.25169113159177,380904107.3134613,86.11670020120724,96.579476861167,98.18913480885311,93.92354124748489,0.9920159680638723,1.1760038232656884,True,True,True,True,True,True,True,True,True,True,True,True,True,True,True,
JMFINANCIL-2024-01-12,JMFINANCIL,2024-01-04 00:00:00,2024-01-12 00:00:00,6,95.71165466308594,3.5723377639767193,3.5056405048711814,90.4876241792072,1.4623562577306113,94.45228576660156,94.40563410610731,92.78946151733399,84.65536987304688,73.12228523254394,597285389.543335,84.6938775510204,57.14285714285714,65.3061224489796,67.85714285714286,0.9780439121756487,1.5746292944957647,True,True,True,True,True,True,True,True,True,False,True,True,True,True,False,RS_FAIL
JMFINANCIL-2024-09-23,JMFINANCIL,2024-09-16 00:00:00,2024-09-23 00:00:00,5,128.11741638183594,6.193493926887499,6.132935297294319,115.33726265953241,2.063480464043356,122.45967864990234,121.7225474028699,115.68716049194336,102.17552703857422,88.70539009094239,2316082175.934227,99.59432048681542,97.3630831643002,90.66937119675457,96.02434077079108,0.986,0.5880242633606064,True,True,True,True,True,True,True,True,True,True,True,True,True,True,True,
JMFINANCIL-2024-09-27,JMFINANCIL,2024-09-24 00:00:00,2024-09-27 00:00:00,3,137.5469512939453,7.031005661149878,7.453243512589919,128.75881488347673,1.249911724439052,136.79067993164062,136.6087917541369,122.80623016357421,105.65766296386718,89.82361656188965,2892201510.83342,99.79716024340772,98.98580121703854,97.3630831643002,98.7423935091278,0.986,2.4647651321447253,True,True,True,True,True,True,True,True,True,True,True,True,True,True,True,
JMFINANCIL-2024-10-10,JMFINANCIL,2024-10-01 00:00:00,2024-10-10 00:00:00,6,147.3690185546875,7.7668100489817276,7.8996001790678765,128.9311244742094,2.3739339528324632,138.80105590820312,137.5661181298383,131.4316379547119,112.55894515991211,91.99700698852538,2786787254.657074,96.31901840490798,98.97750511247445,96.93251533742331,97.56646216768917,0.978,0.7184501452981266,True,True,True,True,True,True,True,True,True,True,True,True,True,True,True,
JMFINANCIL-2025-09-03,JMFINANCIL,2025-08-22 00:00:00,2025-09-03 00:00:00,7,188.2498321533203,8.433888069036087,8.131024956620882,172.18687779949974,1.9045728639432151,184.82656860351562,181.9397319585954,173.29869079589844,165.7681121826172,124.6842781829834,1189973578.6244354,99.19517102615694,99.59758551307847,99.59758551307847,99.47686116700201,0.9920159680638723,1.7848275298920246,True,True,True,True,True,True,True,True,True,True,True,True,True,True,True,
JSL-2023-09-14,JSL,2023-09-11 00:00:00,2023-09-14 00:00:00,3,513.1702270507812,17.234801514024493,19.570516742477487,474.7463700045765,2.22943426502116,510.0746765136719,509.04289420861863,452.9769058227539,406.5208544921875,300.1426835632324,365483740.04455566,96.11451942740287,96.31901840490798,90.59304703476482,94.53987730061348,0.9760479041916168,1.4489870166471308,True,True,True,True,True,True,True,True,True,True,True,True,True,True,True,
JSL-2023-12-04,JSL,2023-11-24 00:00:00,2023-12-04 00:00:00,5,535.9166870117188,22.25721860424528,22.059945263036592,486.57743606035837,2.216775232730542,516.9020385742188,513.6424616798113,488.8295501708984,469.0664471435547,364.13143280029294,800142111.4614258,78.57142857142857,74.28571428571429,92.04081632653062,80.89795918367348,0.9780439121756487,0.8018846969747406,True,True,True,True,True,True,True,True,True,True,True,True,True,True,True,
JSL-2024-05-02,JSL,2024-04-24 00:00:00,2024-05-02 00:00:00,5,728.730224609375,25.98434597360112,26.429991163983242,683.3913271148368,1.744854288062527,725.2235717773438,709.5179722168222,696.6028381347656,672.8992321777343,529.080675201416,905479659.9279785,42.41803278688525,89.95901639344262,79.91803278688525,72.6844262295082,0.9740518962075848,1.6581796328273601,True,True,True,True,True,True,True,True,True,True,True,True,True,True,True,
JSL-2024-06-06,JSL,2024-06-03 00:00:00,2024-06-06 00:00:00,3,793.5281372070312,34.31857686113945,36.61282493030786,722.4578260903849,2.070899134431261,784.7369995117188,776.2915015178216,713.2641296386719,703.2169738769531,570.0300410461426,1666315413.777008,83.87755102040816,83.46938775510205,84.89795918367346,84.0204081632653,0.9780439121756487,0.5530931466915201,True,True,True,True,True,True,True,True,True,True,True,True,True,True,True,
JSL-2024-06-25,JSL,2024-06-12 00:00:00,2024-06-25 00:00:00,8,813.5799560546875,34.5143352760982,30.74113950833074,771.4514250872322,1.220609657710257,802.0230102539062,799.7511760712368,777.0545654296875,727.5626379394531,593.1645529174805,955596752.7711487,85.33604887983707,59.67413441955194,82.68839103869654,74.27698574338086,0.9780876494023905,0.5103632998683799,True,True,True,True,True,True,True,True,True,True,True,True,True,True,True,
JSL-2025-10-23,JSL,2025-10-16 00:00:00,2025-10-23 00:00:00,4,804.5263671875,22.62760243254388,21.61395227638364,778.1696797026821,1.1648024824278664,795.9728393554688,795.4755402443551,772.3587432861328,762.1485961914062,665.2082801818848,372602813.6802063,68.76267748478702,93.10344827586206,92.69776876267748,85.67951318458418,0.9801192842942346,0.5563261841743092,True,True,True,True,True,True,True,True,True,True,True,True,True,True,True,
JSWENERGY-2023-08-29,JSWENERGY,2023-08-16 00:00:00,2023-08-29 00:00:00,9,364.10931396484375,13.11587249984756,13.316377443972202,336.55377107312887,2.100930982062775,362.328369140625,349.96055547278337,329.66240844726565,302.8865173339844,268.8060041809082,1146623874.3769226,96.7280163599182,91.41104294478528,92.43353783231085,93.31288343558283,0.9741035856573705,2.1394169302563264,True,True,True,True,True,True,True,True,True,True,True,True,True,True,True,
JSWENERGY-2023-09-29,JSWENERGY,2023-09-26 00:00:00,2023-09-29 00:00:00,3,435.2491455078125,19.97989491076404,20.077148736721654,409.2766831767391,1.2999298768624115,432.77557373046875,431.39039404824433,398.30640869140626,351.21807189941404,278.8051181030273,2248780274.7487183,95.71428571428572,96.53061224489797,92.44897959183673,95.06122448979593,0.9780439121756487,0.6854937682833405,True,True,True,True,True,True,True,True,True,True,True,True,True,True,True,
JSWENERGY-2024-02-23,JSWENERGY,2024-02-08 00:00:00,2024-02-23 00:00:00,10,501.4913330078125,20.374003792251326,18.807555320820352,468.9886385801469,1.5953022665101815,501.4913330078125,491.34972004925635,487.24357147216796,458.3977996826172,367.9075016784668,1249637260.4668274,52.138492871690424,62.52545824847251,69.4501018329939,61.4867617107943,0.9800399201596807,2.2382102000639623,True,True,True,True,True,True,True,True,True,False,True,True,True,True,False,RS_FAIL
JSWENERGY-2024-03-04,JSWENERGY,2024-02-26 00:00:00,2024-03-04 00:00:00,5,518.1632080078125,19.662102602250098,19.807402824672526,485.01735153827605,1.6857737516710598,511.4350280761719,509.35724441929113,493.35575408935546,467.6667529296875,375.46236015319823,1819020674.6246338,77.59674134419552,68.63543788187373,71.89409368635438,72.30142566191446,0.9800399201596807,2.127639697552414,True,True,True,True,True,True,True,True,True,True,True,True,True,True,True,
JSWENERGY-2024-06-27,JSWENERGY,2024-06-24 00:00:00,2024-06-27 00:00:00,3,741.6368408203125,29.13192459882433,28.581409038280274,703.8651349094388,1.2965743400419918,730.1713256835938,721.3364731281686,660.308480834961,622.3713464355469,489.3190600585938,2763223920.8872375,91.85336048879837,89.81670061099797,91.85336048879837,91.0386965376782,0.9780876494023905,1.4154482505106718,True,True,True,True,True,True,True,True,True,True,True,True,True,True,True,
JSWINFRA-2026-07-01,JSWINFRA,2026-06-24 00:00:00,2026-07-01 00:00:00,4,338.3999938964844,10.947187704004202,10.561883087844963,318.1000061035156,1.8543564193700206,330.45001220703125,328.70001220703125,301.81129760742186,284.9701434326172,278.54320426940916,1287020480.7758179,96.8,81.0,73.8,83.58,1.0,1.767411383020355,True,True,True,True,True,True,True,True,True,True,True,True,True,True,True,
JSWINFRA-2026-07-20,JSWINFRA,2026-07-13 00:00:00,2026-07-20 00:00:00,5,351.20001220703125,11.183105276053372,11.300860848443609,331.6000061035156,1.7526443344395182,348.45001220703125,346.04998779296875,331.0375,299.62636474609377,278.9283991241455,1244588977.644806,93.0,91.0,86.6,90.28,1.0,1.0057659467098565,True,True,True,True,True,True,True,True,True,True,True,True,True,True,True,
JSWSTEEL-2025-02-13,JSWSTEEL,2025-02-07 00:00:00,2025-02-13 00:00:00,4,972.5299682617188,22.715658519015797,23.70116460550681,930.2374246551113,1.8618233572759229,961.6718139648438,954.8791842442777,933.5147644042969,929.0544604492187,928.05705078125,1357944769.8532104,94.55645161290323,86.08870967741935,87.29838709677419,88.99193548387096,0.992,0.9791019341370376,True,True,True,True,True,True,True,True,True,True,True,True,True,True,True,
JSWSTEEL-2025-10-16,JSWSTEEL,2025-10-09 00:00:00,2025-10-16 00:00:00,5,1168.48828125,21.918873077654748,21.072856168976955,1132.8928218287165,1.6239639371593153,1165.406005859375,1157.0539951348271,1140.8172912597656,1094.2427990722656,1011.2656198120117,1650330834.1916504,84.58417849898579,90.87221095334685,64.3002028397566,81.01419878296146,0.9801192842942346,0.45749170317131754,True,True,True,True,True,True,True,True,True,True,True,True,True,True,True,
JSWSTEEL-2026-02-03,JSWSTEEL,2026-01-29 00:00:00,2026-02-03 00:00:00,3,1230.4324951171875,26.11425741664257,29.43746249024958,1167.2951646432568,2.4177340931660325,1222.3787841796875,1196.9250223120841,1182.5475830078126,1144.317177734375,1082.4088983154297,2016493103.58844,86.72032193158954,76.86116700201208,85.51307847082495,82.41448692152917,0.9920159680638723,1.2276593018048862,True,True,True,True,True,True,True,True,True,True,True,True,True,True,True,
JSWSTEEL-2026-02-16,JSWSTEEL,2026-02-11 00:00:00,2026-02-16 00:00:00,3,1242.065673828125,26.167199963674317,24.954895860078018,1218.2027758327736,0.9119392991408424,1241.0714111328125,1240.6738032537282,1211.2874938964844,1161.273779296875,1091.746875,1771646462.3926392,77.2635814889336,83.29979879275655,84.10462776659959,81.73038229376257,0.9920159680638723,0.4277577699429075,True,True,True,True,True,True,True,True,True,True,True,True,True,True,True,
JSWSTEEL-2026-06-12,JSWSTEEL,2026-06-03 00:00:00,2026-06-12 00:00:00,7,1305.4019775390625,25.266649438689168,26.7033200799275,1245.346849157515,2.37685366741144,1290.1893310546875,1286.0132669086688,1282.0311706542968,1255.4627709960937,1178.146863708496,1631820848.6704102,51.00401606425703,62.24899598393574,76.50602409638554,63.15261044176707,0.9880952380952381,0.730066136048912,True,True,True,True,True,True,True,True,True,False,True,True,True,True,False,RS_FAIL
JUBLFOOD-2024-08-21,JUBLFOOD,2024-08-12 00:00:00,2024-08-21 00:00:00,6,648.3724365234375,20.198050179387035,19.697633791009203,621.247001778286,1.3429729357160527,643.79345703125,633.9885372183772,606.6515594482422,576.779072265625,515.4845217895507,1493148947.440277,86.20689655172413,90.46653144016227,74.4421906693712,84.38133874239351,0.9801192842942346,1.8469605997829652,True,True,True,True,True,True,True,True,True,True,True,True,True,True,True,
JUBLFOOD-2024-12-23,JUBLFOOD,2024-12-11 00:00:00,2024-12-23 00:00:00,8,704.5643920898438,18.474305196149647,20.063380110751215,658.9737825985785,2.4677847966248323,688.48828125,682.3663527443636,669.8065338134766,630.1372045898438,566.6702639770508,907667787.6488037,78.74493927125506,71.05263157894737,86.63967611336032,78.03643724696357,0.988,1.4419378956507547,True,True,True,True,True,True,True,True,True,True,True,True,True,True,True,
JUBLFOOD-2025-04-30,JUBLFOOD,2025-04-24 00:00:00,2025-04-30 00:00:00,4,713.224609375,20.867544549375598,20.42797125496444,687.940677681455,1.211639042328129,712.1296997070312,709.7406608152309,689.5856872558594,662.0396899414062,651.4645300292968,971039667.1425476,76.5432098765432,72.42798353909465,93.82716049382715,80.08230452674897,0.9700598802395209,1.4157829672740767,True,True,True,True,True,True,True,True,True,True,True,True,True,True,True,
JUBLINGREA-2024-04-30,JUBLINGREA,2024-04-25 00:00:00,2024-04-30 00:00:00,3,550.2308349609375,24.1769702857538,23.41835377029617,526.4593774386781,0.983227312657396,543.2073974609375,540.3096698163295,512.0933074951172,478.4616003417969,453.4266189575195,317903358.0703125,92.62295081967213,75.20491803278688,51.02459016393443,73.17622950819671,0.9740518962075848,1.1636954098942298,True,True,True,True,True,True,True,True,True,True,True,True,True,True,True,
JUBLINGREA-2024-08-22,JUBLINGREA,2024-08-09 00:00:00,2024-08-22 00:00:00,8,698.8058471679688,32.62896789773085,33.77110628111848,618.4702311933961,2.4620949159767784,682.5315551757812,643.2268307535829,629.7917114257813,574.573046875,493.76147872924804,595302567.6347351,93.91480730223124,88.84381338742394,80.12170385395537,87.74847870182555,0.9801192842942346,5.185622122433507,True,True,True,True,True,True,True,True,True,True,True,True,True,True,True,
JUBLINGREA-2024-09-25,JUBLINGREA,2024-09-18 00:00:00,2024-09-25 00:00:00,5,764.9384155273438,34.529968605231396,31.046307501405785,737.7654155159316,0.7869396095337116,759.8095092773438,756.3081706038648,720.7514007568359,659.9896826171876,529.3817376708985,600807035.5304871,93.91480730223124,95.94320486815415,90.87221095334685,93.81338742393508,0.986,0.5561325785639765,True,True,True,True,True,True,True,True,True,True,True,True,True,True,True,
JUBLINGREA-2024-12-10,JUBLINGREA,2024-12-04 00:00:00,2024-12-10 00:00:00,4,779.733154296875,31.604006145407492,30.26172316850869,753.5463881460092,0.8285900853955843,774.5549926757812,770.2151739533341,718.0957244873047,720.7997143554687,595.9066397094726,193436928.9944458,68.82591093117408,82.5910931174089,94.33198380566802,81.98380566801619,0.988,1.963387914038228,True,True,True,True,True,True,True,True,True,True,True,True,True,True,True,
JUBLINGREA-2025-07-30,JUBLINGREA,2025-07-17 00:00:00,2025-07-30 00:00:00,9,826.0863037109375,27.99096550388635,26.882638403188196,768.3466675234588,2.0627954466044396,804.8353271484375,803.2466711083026,800.7454833984375,748.6762194824219,713.2243502807618,294658708.74819946,83.29979879275655,74.44668008048289,74.44668008048289,77.102615694165,0.9920159680638723,0.6250787752574233,True,True,True,True,True,True,True,True,True,True,True,True,True,True,True,
JUBLPHARMA-2024-01-16,JUBLPHARMA,2024-01-05 00:00:00,2024-01-16 00:00:00,7,575.9683227539062,21.9361746291001,18.71700372758166,542.6296007835497,1.519805642234908,553.5126953125,553.4635009765625,545.2568130493164,477.23236206054685,398.5178413391113,299252178.5444946,77.55102040816327,85.71428571428571,75.10204081632654,80.08163265306123,0.9780439121756487,0.9685024539543982,True,True,True,True,True,True,True,True,True,True,True,True,True,True,True,
JUBLPHARMA-2024-02-12,JUBLPHARMA,2024-02-02 00:00:00,2024-02-12 00:00:00,6,583.3058471679688,24.443870735470444,24.27805724663237,541.7431627840883,1.700331540518618,577.396484375,564.7405619579579,560.6581512451172,529.0714886474609,421.78954299926755,241115069.31726074,61.63265306122449,90.20408163265307,80.20408163265306,78.63265306122449,0.9780439121756487,1.8688724834400876,True,True,True,True,True,True,True,True,True,True,True,True,True,True,True,
JUBLPHARMA-2024-05-03,JUBLPHARMA,2024-04-18 00:00:00,2024-05-03 00:00:00,10,690.1181030273438,27.30961603989432,24.194798464413502,645.1082336884692,1.6481326311260984,675.8862915039062,675.5416268762434,653.5635833740234,601.95294921875,489.4105612182617,158860655.50671387,92.82786885245902,77.25409836065575,94.4672131147541,87.09016393442623,0.9740518962075848,0.8949647844702899,True,True,True,True,True,True,True,True,True,True,True,True,True,True,True,
JUBLPHARMA-2024-05-23,JUBLPHARMA,2024-05-17 00:00:00,2024-05-23 00:00:00,3,711.5396118164062,26.799999339900854,26.097817858852814,682.5344274137891,1.0822830267548973,706.9598388671875,704.2021870142268,683.6916229248047,632.3971362304687,510.07402557373047,153282286.27963257,59.795918367346935,75.51020408163265,87.75510204081633,74.46938775510203,0.9780439121756487,0.7791312565272782,True,True,True,True,True,True,True,True,True,True,True,True,True,True,True,
JUBLPHARMA-2024-09-04,JUBLPHARMA,2024-08-27 00:00:00,2024-09-04 00:00:00,6,930.0400390625,34.252127017436486,31.357142466501067,891.604140693896,1.1221463224470019,919.09375,910.3763322714058,883.4736785888672,797.2658837890625,636.8426644897461,278507484.85961914,71.80527383367141,87.62677484787018,93.50912778904666,84.6450304259635,0.9820717131474104,1.7632745989952519,True,True,True,True,True,True,True,True,True,True,True,True,True,True,True,
JUBLPHARMA-2024-09-23,JUBLPHARMA,2024-09-16 00:00:00,2024-09-23 00:00:00,5,1212.7122802734375,50.85025180907094,51.84812740625385,1117.9104718173262,1.8643331170131994,1208.5518798828125,1201.8155777032168,1035.716519165039,894.7600329589844,681.4632426452637,700013791.444458,98.98580121703854,98.98580121703854,98.58012170385395,98.86409736308316,0.986,0.5876468012356207,True,True,True,True,True,True,True,True,True,True,True,True,True,True,True,
JUSTDIAL-2024-07-01,JUSTDIAL,2024-06-26 00:00:00,2024-07-01 00:00:00,3,1070.8499755859375,42.84949054527202,41.52523246847302,1022.0499877929688,1.138869731517807,1052.3499755859375,1048.9000244140625,1004.0499938964844,1014.0249987792969,849.0942514038086,266141729.943573,66.66666666666666,81.5040650406504,66.05691056910568,72.41869918699186,0.9800796812749004,0.7320996075786376,True,True,True,True,True,True,True,True,True,True,True,True,True,True,True,
JUSTDIAL-2024-08-08,JUSTDIAL,2024-07-25 00:00:00,2024-08-08 00:00:00,10,1284.4000244140625,63.43288372802029,61.069504880471925,1138.0,2.307951582995635,1243.6500244140625,1198.5,1193.5774932861327,1076.8729956054688,904.8685000610352,591055673.2223511,97.97160243407707,70.18255578093306,90.87221095334685,84.7261663286004,0.9801192842942346,1.9141856585542993,True,True,True,True,True,True,True,True,True,True,True,True,True,True,True,
JUSTDIAL-2024-08-16,JUSTDIAL,2024-08-12 00:00:00,2024-08-16 00:00:00,3,1301.0999755859375,62.93773099487279,63.69380759214464,1205.0,1.5269056266703716,1275.949951171875,1257.0,1243.7674926757813,1110.0359936523437,917.7252493286132,591055673.2223511,98.17444219066938,84.38133874239351,86.00405679513185,89.00608519269777,0.9801192842942346,1.0271347536354911,True,True,True,True,True,True,True,True,True,True,True,True,True,True,True,
JUSTDIAL-2024-09-04,JUSTDIAL,2024-08-21 00:00:00,2024-09-04 00:00:00,10,1354.75,64.66259089136966,56.15741825930377,1220.6500244140625,2.073841671627721,1283.050048828125,1275.5999755859375,1274.6849975585938,1184.723994140625,953.9922491455078,424674654.17193604,73.22515212981745,82.55578093306288,78.70182555780933,78.60040567951319,0.9820717131474104,0.952033166691371,True,True,True,True,True,True,True,True,True,True,True,True,True,True,True,
JYOTHYLAB-2023-09-07,JYOTHYLAB,2023-09-01 00:00:00,2023-09-07 00:00:00,4,352.8775634765625,13.1247756178283,13.199081755263395,336.5634444757537,1.2430017453897013,348.67840576171875,347.47170872247017,326.30436248779296,283.6363793945313,214.48404945373534,317263408.3655548,79.14110429447852,98.77300613496932,96.31901840490798,92.14723926380368,0.9760479041916168,2.128110805969211,True,True,True,True,True,True,True,True,True,True,True,True,True,True,True,
JYOTHYLAB-2023-12-19,JYOTHYLAB,2023-12-06 00:00:00,2023-12-19 00:00:00,9,460.17437744140625,16.708744814620523,17.33902365677058,431.5039713573612,1.715892270911805,455.0098571777344,453.5135483380266,435.9831237792969,396.94118408203127,279.02659034729004,281329357.064209,33.87755102040816,88.9795918367347,98.16326530612245,75.20408163265306,0.9780439121756487,4.9527982047821935,True,True,True,True,True,True,True,True,True,True,True,True,True,True,True,
JYOTHYLAB-2024-01-02,JYOTHYLAB,2023-12-27 00:00:00,2024-01-02 00:00:00,3,468.3314514160156,16.639931324421294,17.32852333237107,448.9765084015499,1.16316243361292,467.2212829589844,466.6420954048952,452.7219955444336,416.1947540283203,291.6764775085449,355943774.1408386,64.28571428571429,83.06122448979592,97.95918367346938,81.89795918367346,0.9780439121756487,0.9888082703463105,True,True,True,True,True,True,True,True,True,True,True,True,True,True,True,
JYOTHYLAB-2024-08-06,JYOTHYLAB,2024-07-26 00:00:00,2024-08-06 00:00:00,7,533.3484497070312,23.34573478185261,21.916802263465588,485.84352028523074,2.034844046062222,521.5816040039062,503.73687036265744,498.6387405395508,453.83591918945314,436.13659118652345,500610850.7186279,95.53752535496957,90.46653144016227,24.94929006085193,72.33265720081135,0.9801192842942346,2.2997626775819846,True,True,True,True,True,True,True,True,True,True,True,True,True,True,True,
JYOTHYLAB-2024-09-03,JYOTHYLAB,2024-08-22 00:00:00,2024-09-03 00:00:00,8,554.4509887695312,21.28122020740014,18.62094738734456,522.2136903377121,1.514823779729003,536.9465942382812,536.2172254052813,535.67021484375,499.2312567138672,453.49510818481446,254241326.11566162,72.61663286004057,92.69776876267748,48.88438133874239,73.52941176470588,0.9820717131474104,0.41437868131088573,True,True,True,True,True,True,True,True,True,True,True,True,True,True,True,
JYOTICNC-2024-12-16,JYOTICNC,2024-12-05 00:00:00,2024-12-16 00:00:00,7,1363.449951171875,59.54017472416526,55.67381729799485,1243.0,2.023002984621552,1295.4000244140625,1279.449951171875,1265.9925109863282,1158.0840014648438,1039.0252471923827,416877466.80029297,94.33198380566802,83.40080971659918,66.39676113360325,81.57894736842105,0.988,1.672484663146361,True,True,True,True,True,True,True,True,True,True,True,True,True,True,True,
JYOTICNC-2025-01-02,JYOTICNC,2024-12-17 00:00:00,2025-01-02 00:00:00,10,1435.9000244140625,63.65426066342825,59.75931371563627,1319.050048828125,1.8356976323043237,1381.550048828125,1370.0,1344.1875,1217.9650048828125,1083.9549978637694,448516599.63861084,78.94736842105263,94.53441295546558,63.96761133603239,80.68825910931174,0.988,1.5852547043169025,True,True,True,True,True,True,True,True,True,True,True,True,True,True,True,
KAJARIACER-2025-08-18,KAJARIACER,2025-08-11 00:00:00,2025-08-18 00:00:00,4,1296.3505859375,43.29124136030942,42.446501825288124,1227.9236199159704,1.5806191707929458,1270.207763671875,1266.444876368005,1210.806951904297,1144.0326806640626,1029.4184225463866,601397709.484375,86.51911468812877,96.579476861167,89.13480885311871,91.32796780684104,0.9920159680638723,0.4991442038900549,True,True,True,True,True,True,True,True,True,True,True,True,True,True,True,
KAJARIACER-2025-10-16,KAJARIACER,2025-10-13 00:00:00,2025-10-16 00:00:00,3,1253.375,33.080730202380494,34.04716407860336,1193.7662327057697,1.8019181236193176,1243.142333984375,1236.883313844898,1200.9143371582031,1221.3201342773436,1038.581901550293,160287903.2906494,68.96551724137932,76.67342799188641,96.14604462474645,80.2028397565923,0.9801192842942346,4.676453262158093,True,True,True,True,True,True,True,True,True,True,True,True,True,True,True,
KAJARIACER-2026-07-09,KAJARIACER,2026-07-06 00:00:00,2026-07-09 00:00:00,3,1215.5,29.323221437081013,28.72751248362955,1189.0,0.9037206248590792,1215.0,1214.199951171875,1181.9549987792968,1122.6330004882811,1074.335646057129,293690461.1497803,84.2,54.6,81.8,71.64000000000001,1.0,1.071998022881033,True,True,True,True,True,True,True,True,True,True,True,True,True,True,True,
KALYANKJIL-2023-08-28,KALYANKJIL,2023-08-22 00:00:00,2023-08-28 00:00:00,4,222.44898986816406,10.286568261742138,9.78451070999328,208.96874216687314,1.3104708351984338,219.4644317626953,216.47988055373202,196.7961112976074,172.08126174926758,126.06478614807129,579466246.4927444,97.34151329243353,99.59100204498978,97.54601226993866,98.30265848670757,0.9741035856573705,1.3211193584053451,True,True,True,True,True,True,True,True,True,True,True,True,True,True,True,
KALYANKJIL-2023-09-08,KALYANKJIL,2023-08-31 00:00:00,2023-09-08 00:00:00,6,250.5038299560547,10.840210248955623,11.463440586760981,232.79545417972972,1.6335823170986048,245.23109436035156,243.53984578742455,227.1670715332031,192.1127182006836,132.37084396362306,1010136065.0620804,98.97750511247445,99.38650306748467,97.75051124744377,98.77300613496932,0.9760479041916168,0.40597127887073337,True,True,True,True,True,True,True,True,True,True,True,True,True,True,True,
KALYANKJIL-2023-11-01,KALYANKJIL,2023-10-19 00:00:00,2023-11-01 00:00:00,8,302.7335510253906,14.464344351069949,14.084384553843536,276.6684474265224,1.8020245485195574,295.8193664550781,291.2927682237545,276.9818176269531,247.1810140991211,156.68371765136717,1323661839.9632874,98.97750511247445,98.97750511247445,99.59100204498978,99.16155419222905,0.9760479041916168,0.9520901726076896,True,True,True,True,True,True,True,True,True,True,True,True,True,True,True,
KALYANKJIL-2024-04-12,KALYANKJIL,2024-04-08 00:00:00,2024-04-12 00:00:00,3,431.2187805175781,17.600629084269826,17.1004966240215,410.5755484744577,1.1728689891868602,425.5480651855469,424.15527603674,403.43749542236327,384.2368450927734,291.36492786407473,799815013.4436035,73.15573770491804,70.08196721311475,93.23770491803278,77.95081967213115,0.9740518962075848,1.140791650375276,True,True,True,True,True,True,True,True,True,True,True,True,True,True,True,
KALYANKJIL-2024-09-30,KALYANKJIL,2024-09-24 00:00:00,2024-09-30 00:00:00,4,769.74755859375,30.45646470054413,31.285858039126595,701.9459271880913,2.2261819312353524,728.1193237304688,727.6706379164675,695.3452545166016,619.6339099121094,451.53389831542967,5462992303.332031,96.11451942740287,97.75051124744377,93.4560327198364,95.97137014314929,0.978,1.5083752684467773,True,True,True,True,True,True,True,True,True,True,True,True,True,True,True,
KALYANKJIL-2024-12-16,KALYANKJIL,2024-12-09 00:00:00,2024-12-16 00:00:00,5,773.1875,28.844830626012072,27.6229751811038,735.2485163389808,1.3152784342164259,761.0230712890625,760.7737990141894,722.9295349121094,706.2224206542969,544.2324996948242,3762767881.786957,76.11336032388664,77.93522267206477,99.19028340080972,83.76518218623481,0.988,0.4899675487133189,True,True,True,True,True,True,True,True,True,True,True,True,True,True,True,
KARURVYSYA-2023-10-10,KARURVYSYA,2023-09-25 00:00:00,2023-10-10 00:00:00,10,110.26494598388672,3.824692844590824,3.638980980746248,103.29743773638918,1.8217170713071829,108.52307891845703,108.40154478805823,107.91341438293458,102.96165618896484,90.17103115081787,244431909.48976517,72.24489795918367,48.57142857142857,67.75510204081633,61.42857142857143,0.9780439121756487,0.752332502153001,True,True,True,True,True,True,True,True,True,False,True,True,True,True,False,RS_FAIL
KARURVYSYA-2023-11-29,KARURVYSYA,2023-11-13 00:00:00,2023-11-29 00:00:00,10,128.65594482421875,4.187386822925842,3.4839485537871995,120.1085857408933,2.0412155467770163,124.1999740600586,124.15947114842662,123.08193321228028,115.91268585205079,95.68512805938721,327903981.85344315,40.61224489795918,85.71428571428571,79.79591836734694,70.40816326530611,0.9780439121756487,0.8040546233098432,True,True,True,True,True,True,True,True,True,True,True,True,True,True,True,
KARURVYSYA-2024-04-22,KARURVYSYA,2024-04-05 00:00:00,2024-04-22 00:00:00,9,157.86279296875,5.507052509284676,5.016317309908085,149.96357921589737,1.4343814117506353,157.37669372558594,154.74362261232548,151.8148223876953,148.8811770629883,124.86698955535888,320284591.5969238,66.18852459016394,68.64754098360656,75.20491803278688,69.87704918032787,0.9740518962075848,0.9818933016133837,True,True,True,True,True,True,True,True,True,False,True,True,True,True,False,RS_FAIL
KARURVYSYA-2024-06-18,KARURVYSYA,2024-06-10 00:00:00,2024-06-18 00:00:00,5,174.26885986328125,7.414943008892942,6.915817899003786,166.53166427803816,1.0434598857959743,173.2885284423828,169.3267866254077,162.120263671875,158.58789611816405,136.1614149093628,409962652.0140152,58.65580448065173,67.61710794297352,68.83910386965377,65.29531568228106,0.9780876494023905,2.258061984029784,True,True,True,True,True,True,True,True,True,False,True,True,True,True,False,RS_FAIL
KARURVYSYA-2024-11-06,KARURVYSYA,2024-11-01 00:00:00,2024-11-06 00:00:00,3,186.27651977539062,6.293618325796006,5.805121759440835,181.09422380558766,0.8234207575890007,185.22042846679688,184.6064159136804,177.19930038452148,176.9447705078125,163.62374198913574,383938377.57364655,95.3061224489796,69.18367346938776,67.9591836734694,76.6530612244898,0.98,0.5563137489978544,True,True,True,True,True,True,True,True,True,True,True,True,True,True,True,
KARURVYSYA-2025-02-07,KARURVYSYA,2025-01-31 00:00:00,2025-02-07 00:00:00,5,195.02830505371094,6.737863038585658,6.003728871033068,188.21682037042163,1.010926557022908,193.7266082763672,192.71962072009265,186.6146453857422,185.98507141113282,175.4364828491211,434686579.8525238,95.96774193548387,83.26612903225806,83.66935483870968,87.19758064516128,0.9900199600798403,0.8965173494995392,True,True,True,True,True,True,True,True,True,True,True,True,True,True,True,
KARURVYSYA-2025-07-15,KARURVYSYA,2025-07-01 00:00:00,2025-07-15 00:00:00,10,224.28012084960938,6.566160286031819,6.112005753437986,214.66050593760792,1.4650289503997096,222.4380645751953,221.8649801512249,214.23028564453125,197.9068359375,183.59519309997557,643999907.7869568,86.11670020120724,81.48893360160966,89.33601609657947,85.23138832997988,0.994,1.3625916724699705,True,True,True,True,True,True,True,True,True,True,True,True,True,True,True,
KARURVYSYA-2025-10-16,KARURVYSYA,2025-10-10 00:00:00,2025-10-16 00:00:00,4,224.84130859375,5.880399483499758,5.728155350689137,218.55023346934263,1.0698380513194652,224.7519989013672,223.56126341705007,215.36897735595704,212.9136636352539,193.95020767211915,366038177.10746,90.06085192697769,61.4604462474645,77.079107505071,74.72616632860041,0.9801192842942346,1.4862965243812443,True,True,True,True,True,True,True,True,True,True,True,True,True,True,True,
KARURVYSYA-2025-11-12,KARURVYSYA,2025-11-03 00:00:00,2025-11-12 00:00:00,6,249.85675048828125,6.734551329987715,6.33130761983723,241.57119301477425,1.2303057869071305,248.09048461914062,246.43338536392727,240.65630645751952,222.9015933227539,199.54395294189453,479949160.5589447,89.27125506072875,79.1497975708502,92.10526315789474,86.07287449392713,0.9821073558648111,1.0379809175552188,True,True,True,True,True,True,True,True,True,True,True,True,True,True,True,
KARURVYSYA-2025-11-26,KARURVYSYA,2025-11-19 00:00:00,2025-11-26 00:00:00,5,251.74208068847656,5.791723546843941,6.218013070735677,240.13238177274016,2.004532644183755,249.8964385986328,247.94163391068122,247.0088996887207,231.3540545654297,202.5236294555664,336999079.7429352,66.59919028340082,86.23481781376519,92.91497975708502,82.34817813765181,0.9840637450199203,1.2734297628450169,True,True,True,True,True,True,True,True,True,True,True,True,True,True,True,
KARURVYSYA-2026-02-17,KARURVYSYA,2026-02-09 00:00:00,2026-02-17 00:00:00,6,324.02984619140625,11.703679887470603,10.648748653301286,309.7906332079902,1.2166440914587786,322.4422302246094,316.0420013414807,299.18807754516604,273.42088317871094,229.8461305999756,1092230449.625183,97.38955823293173,98.59437751004016,97.99196787148594,98.05220883534136,0.9940119760479041,0.9254669815012363,True,True,True,True,True,True,True,True,True,True,True,True,True,True,True,
KARURVYSYA-2026-08-12,KARURVYSYA,2026-08-03 00:00:00,2026-08-12 00:00:00,7,348.1000061035156,9.833299167707588,9.12565357419693,330.25,1.8152611650558528,338.79998779296875,335.45001220703125,333.0322631835937,307.88738342285154,284.8234893798828,665003185.469574,91.60000000000001,70.39999999999999,54.400000000000006,71.96000000000001,1.0,0.8829018363868393,True,True,True,True,True,True,True,True,True,True,True,True,True,True,True,
KAYNES-2024-01-02,KAYNES,2023-12-19 00:00:00,2024-01-02 00:00:00,8,2745.449951171875,90.41647608823983,105.31376116999652,2572.0,1.9183445172382145,2663.300048828125,2630.0,2561.0099853515626,2482.922001953125,1802.9242504882814,391598145.03100586,66.53061224489795,65.3061224489796,90.40816326530611,73.20408163265306,0.9780439121756487,0.525165742545528,True,True,True,True,True,True,True,True,True,True,True,True,True,True,True,
KAYNES-2024-05-31,KAYNES,2024-05-22 00:00:00,2024-05-31 00:00:00,7,3461.0,164.140155401715,157.3732762812285,3205.60009765625,1.5559867219492196,3388.800048828125,3337.89990234375,2920.885009765625,2757.455009765625,2539.058004150391,489806439.31030273,97.34693877551021,79.59183673469387,68.16326530612244,81.48979591836735,0.9780439121756487,1.6221037912889893,True,True,True,True,True,True,True,True,True,True,True,True,True,True,True,
KAYNES-2024-10-21,KAYNES,2024-10-16 00:00:00,2024-10-21 00:00:00,3,5731.25,250.48297114302235,238.9253323670855,5402.0,1.314460613819543,5652.10009765625,5638.0,5480.10751953125,5168.343017578125,3656.4422583007813,1892336124.9152832,83.26530612244898,96.73469387755102,99.79591836734694,93.61224489795919,0.98,0.6029238788326777,True,True,True,True,True,True,True,True,True,True,True,True,True,True,True,
KAYNES-2024-11-18,KAYNES,2024-11-06 00:00:00,2024-11-18 00:00:00,7,5872.9501953125,273.7866841462562,266.96329532185706,5351.35009765625,1.9051331852852726,5622.64990234375,5583.14990234375,5501.2349609375,5407.03900390625,3925.538251953125,1844654919.86792,87.62677484787018,87.0182555780933,99.59432048681542,90.97363083164299,0.986,0.9782457199419412,True,True,True,True,True,True,True,True,True,True,True,True,True,True,True,
KAYNES-2025-10-01,KAYNES,2025-09-25 00:00:00,2025-10-01 00:00:00,4,7503.0,205.73967970252647,217.3052892540571,6990.0,2.4934422020182643,7157.0,7120.0,7148.675,6505.26,5817.346495361328,3087519673.5,89.8580121703854,90.06085192697769,94.9290060851927,91.4604462474645,0.9840319361277445,0.680675731355583,True,True,True,True,True,True,True,True,True,True,True,True,True,True,True,
KEC-2024-04-10,KEC,2024-04-04 00:00:00,2024-04-10 00:00:00,4,752.5718383789062,30.220425251194122,28.223872155745575,726.6143621557769,0.8589381521725494,747.3412475585938,744.5059576068577,691.1879791259765,674.6309020996093,624.3729919433594,300066408.40838623,78.48360655737704,85.45081967213115,37.5,68.97540983606557,0.9740518962075848,0.8179636193027322,True,True,True,True,True,True,True,True,True,False,True,True,True,True,False,RS_FAIL
KEC-2024-06-03,KEC,2024-05-22 00:00:00,2024-06-03 00:00:00,8,781.7556762695312,25.8502491916454,24.556018288435155,719.8682497014911,2.3940746609143595,757.7047119140625,744.359206059674,742.0299591064453,718.4047277832032,649.4137585449218,223607451.07867432,64.48979591836735,71.83673469387755,63.469387755102034,67.12244897959184,0.9780439121756487,1.1573376701721678,True,True,True,True,True,True,True,True,True,False,True,True,True,True,False,RS_FAIL
KEC-2024-06-27,KEC,2024-06-14 00:00:00,2024-06-27 00:00:00,8,914.6228637695312,37.03754312695941,36.37157463366761,833.0840534717238,2.2015177955596044,873.6578979492188,848.6780891163886,808.6028656005859,760.6602038574218,665.617883605957,492658732.8511963,89.0020366598778,81.05906313645622,79.83706720977597,83.07535641547861,0.9780876494023905,6.500829164609142,True,True,True,True,True,True,True,True,True,True,True,True,True,True,True,
KEC-2024-09-24,KEC,2024-09-18 00:00:00,2024-09-24 00:00:00,4,998.9883422851562,34.16916209316247,37.59910667861191,918.4897493997972,2.355884310709142,965.3449096679688,957.7322345454988,943.849984741211,882.8559240722657,744.6946212768555,979504191.9649048,91.88640973630832,69.97971602434076,74.84787018255578,78.01217038539554,0.986,1.70082281021776,True,True,True,True,True,True,True,True,True,True,True,True,True,True,True,
KEC-2024-10-15,KEC,2024-10-01 00:00:00,2024-10-15 00:00:00,9,1032.140625,37.732173762395426,35.58085143773294,951.0035776988178,2.1503411865988182,1008.4674682617188,998.0060634160792,988.5957427978516,920.50623046875,772.5846810913085,798176630.2315674,76.07361963190185,81.18609406952966,75.86912065439672,78.05725971370144,0.978,1.0101907406656667,True,True,True,True,True,True,True,True,True,True,True,True,True,True,True,
KEI-2023-10-13,KEI,2023-10-06 00:00:00,2023-10-13 00:00:00,5,2717.026611328125,87.6028106309286,78.59263597299723,2636.4367302009473,0.9199462956354628,2704.865966796875,2697.190454441843,2623.162072753906,2550.65564453125,2042.003245239258,783621493.7856445,76.73469387755102,55.714285714285715,81.22448979591836,69.6734693877551,0.9780439121756487,0.5695396727922953,True,True,True,True,True,True,True,True,True,False,True,True,True,True,False,RS_FAIL
KEI-2023-11-30,KEI,2023-11-21 00:00:00,2023-11-30 00:00:00,6,2955.805419921875,104.7671853997442,102.53171441091578,2731.180647255871,2.1440374847232695,2871.278564453125,2801.952104492064,2671.7800170898436,2628.960810546875,2215.824107055664,688030111.2294922,83.6734693877551,58.36734693877551,74.48979591836735,70.79591836734694,0.9780439121756487,0.9574053232738154,True,True,True,True,True,True,True,True,True,True,True,True,True,True,True,
KEI-2023-12-22,KEI,2023-12-15 00:00:00,2023-12-22 00:00:00,5,3065.999267578125,103.63221525596269,104.42548510141937,2839.3813591874805,2.186751560129422,3046.8115234375,2979.379241064358,2933.654406738281,2742.448330078125,2321.099411010742,666151467.3574219,55.306122448979586,71.22448979591837,70.81632653061224,66.3265306122449,0.9780439121756487,1.0961145821467064,True,True,True,True,True,True,True,True,True,False,True,True,True,True,False,RS_FAIL
KEI-2024-01-03,KEI,2023-12-28 00:00:00,2024-01-03 00:00:00,3,3276.120849609375,108.86903833979837,106.66064684873326,3104.0270890106535,1.5807410740745982,3216.06494140625,3214.6199338788692,3053.547253417969,2811.8930810546876,2373.9046478271484,649585264.8334961,80.0,71.42857142857143,68.77551020408164,73.20408163265306,0.9780439121756487,0.7571288736863618,True,True,True,True,True,True,True,True,True,True,True,True,True,True,True,
KEI-2024-04-30,KEI,2024-04-23 00:00:00,2024-04-30 00:00:00,5,4008.226806640625,163.29097189948536,155.94969275834993,3804.2608217832317,1.2490952958681985,3987.1220703125,3955.588944157999,3778.9144897460938,3480.4303759765626,2924.4875219726564,894087691.2932129,76.84426229508196,78.07377049180327,78.07377049180327,77.70491803278688,0.9740518962075848,1.1770651390112972,True,True,True,True,True,True,True,True,True,True,True,True,True,True,True,
KEI-2024-06-03,KEI,2024-05-23 00:00:00,2024-06-03 00:00:00,7,4277.20458984375,155.0660234629213,146.42135452482097,4056.374379644109,1.4241044251221477,4198.6220703125,4169.0849032459355,4061.6607421875,3835.3864208984373,3102.8498657226564,878301703.4838867,69.18367346938776,87.14285714285714,76.12244897959184,78.44897959183673,0.9780439121756487,0.7410091256829348,True,True,True,True,True,True,True,True,True,True,True,True,True,True,True,
KEI-2024-06-21,KEI,2024-06-13 00:00:00,2024-06-21 00:00:00,5,4815.66015625,213.65949719644328,214.59449998948804,4291.923196260908,2.451269271253392,4546.7822265625,4447.392888950368,4349.880444335938,4098.8062890625,3234.284415283203,1325708820.4349365,69.65376782077392,83.91038696537679,82.89205702647658,79.32790224032587,0.9780876494023905,1.5276473219760498,True,True,True,True,True,True,True,True,True,True,True,True,True,True,True,
KEI-2024-08-30,KEI,2024-08-20 00:00:00,2024-08-30 00:00:00,8,4699.00830078125,167.15017054964807,139.95292070422775,4495.989135052599,1.2145914363177348,4600.0185546875,4569.283593900257,4384.791174316406,4403.053364257812,3667.100726318359,555585436.0791016,78.29614604462475,51.115618661257614,86.81541582150102,69.97971602434077,0.9820717131474104,0.8951580791590348,True,True,True,True,True,True,True,True,True,False,True,True,True,True,False,RS_FAIL
KEI-2025-10-06,KEI,2025-09-19 00:00:00,2025-10-06 00:00:00,10,4195.033203125,93.0366180765704,103.861227436292,3969.0005331152315,2.429502218403301,4126.81396484375,4065.1867964258904,4098.622155761719,3974.06662109375,3676.624638671875,1084049837.9838867,49.290060851926974,81.33874239350912,90.66937119675457,74.52332657200812,0.9840319361277445,1.0647536553877563,True,True,True,True,True,True,True,True,True,True,True,True,True,True,True,
KEI-2026-04-27,KEI,2026-04-22 00:00:00,2026-04-27 00:00:00,3,4909.7001953125,184.39717513196965,180.25740821426285,4750.0,0.8660663873956069,4888.7001953125,4887.39990234375,4499.395043945313,4547.31201171875,4199.800520019531,1769658346.1240234,75.4601226993865,80.57259713701431,80.77709611451944,79.10020449897752,0.978,0.8823435990762654,True,True,True,True,True,True,True,True,True,True,True,True,True,True,True,
KEI-2026-05-14,KEI,2026-05-06 00:00:00,2026-05-14 00:00:00,6,5148.60009765625,188.3115261793401,199.76462346572015,4822.60009765625,1.7311739042969208,5144.7001953125,5006.60009765625,4961.555078125,4635.19603515625,4277.735421142578,1915350791.8566895,83.73983739837398,77.4390243902439,89.22764227642277,82.86585365853658,0.9761904761904762,1.0272634950394501,True,True,True,True,True,True,True,True,True,True,True,True,True,True,True,
KFINTECH-2023-11-24,KFINTECH,2023-11-20 00:00:00,2023-11-24 00:00:00,4,520.0100708007812,20.024142763127507,18.65779108072247,497.01112802962814,1.148560667151425,511.82403564453125,510.8007742956673,483.1362274169922,462.3363098144531,364.62465576171877,117955860.75491333,85.71428571428571,93.26530612244898,85.10204081632654,88.55102040816325,0.9780439121756487,2.4433375449509183,True,True,True,True,True,True,True,True,True,True,True,True,True,True,True,
KFINTECH-2024-08-21,KFINTECH,2024-08-09 00:00:00,2024-08-21 00:00:00,7,1047.9625244140625,47.725307212786575,48.723040460116174,955.0897275335019,1.9459863603702083,1022.8197021484375,1001.2338687328046,882.5407043457031,779.5434204101563,635.47890625,937122662.7305603,99.39148073022312,93.91480730223124,94.32048681541582,95.67951318458418,0.9801192842942346,1.180476082568759,True,True,True,True,True,True,True,True,True,True,True,True,True,True,True,
KFINTECH-2025-06-16,KFINTECH,2025-06-10 00:00:00,2025-06-16 00:00:00,4,1240.4857177734375,48.1566905180613,50.078803446790104,1143.2619107985338,2.0189054922376704,1200.5966796875,1192.7558897915267,1120.7348571777343,1098.6252746582031,1081.5758224487304,1665556890.0443726,89.24949290060852,84.17849898580123,59.43204868154158,78.27586206896552,0.9801192842942346,0.814831101616149,True,True,True,True,True,True,True,True,True,True,True,True,True,True,True,
KIMS-2023-09-14,KIMS,2023-09-08 00:00:00,2023-09-14 00:00:00,4,429.760009765625,13.520524356646193,15.090240710041881,411.0199890136719,1.3860424535044913,428.0199890136719,426.0,403.7809997558594,387.07000122070315,321.48730087280273,227528249.41841125,77.91411042944786,83.84458077709611,81.18609406952966,81.2678936605317,0.9760479041916168,1.0003140431923174,True,True,True,True,True,True,True,True,True,True,True,True,True,True,True,
KIMS-2024-09-30,KIMS,2024-09-16 00:00:00,2024-09-30 00:00:00,10,574.2999877929688,19.3154120505365,16.399836771590707,539.1500244140625,1.8197884304482095,556.5499877929688,547.2000122070312,542.8509979248047,490.49479736328124,427.8431986999512,176885732.18856812,86.9120654396728,92.02453987730061,66.46216768916156,82.82208588957056,0.978,0.7138497427303799,True,True,True,True,True,True,True,True,True,True,True,True,True,True,True,
KIMS-2025-03-28,KIMS,2025-03-24 00:00:00,2025-03-28 00:00:00,4,642.25,25.865381312077073,27.646109192515677,602.2000122070312,1.5484012127928148,639.5999755859375,638.0,570.1625,584.1909973144532,537.5631999206543,429755043.66082764,96.28865979381443,86.3917525773196,96.28865979381443,92.3298969072165,0.97,1.1414480146277333,True,True,True,True,True,True,True,True,True,True,True,True,True,True,True,
KIMS-2026-06-12,KIMS,2026-06-08 00:00:00,2026-06-12 00:00:00,4,801.2000122070312,27.645177390628962,27.118786913524694,760.0999755859375,1.4866982418071102,785.0999755859375,782.5,764.3650024414062,716.9260009765625,690.4175003051757,317277284.6635132,57.831325301204814,73.49397590361446,75.30120481927712,69.33734939759036,0.9880952380952381,1.012953910907277,True,True,True,True,True,True,True,True,True,False,True,True,True,True,False,RS_FAIL
KIMS-2026-06-29,KIMS,2026-06-23 00:00:00,2026-06-29 00:00:00,3,807.3499755859375,26.159744117563953,22.737314139777627,788.5999755859375,0.7167501301135065,805.4500122070312,804.0,783.995004272461,747.2180004882813,693.5482504272461,441420834.2666931,73.6,76.2,85.2,78.12,1.0,1.0106440254552111,True,True,True,True,True,True,True,True,True,True,True,True,True,True,True,
KIRLOSBROS-2024-11-14,KIRLOSBROS,2024-11-06 00:00:00,2024-11-14 00:00:00,6,2102.141845703125,108.98748611471964,107.89541199713078,1910.1355094162486,1.7617282784628276,2024.406005859375,2023.6614703661344,1892.3570495605468,1772.0041088867188,1605.9501095581054,419446341.1538086,99.59432048681542,77.89046653144015,75.05070993914808,83.54969574036511,0.986,1.9154177331650526,True,True,True,True,True,True,True,True,True,True,True,True,True,True,True,
KIRLOSBROS-2024-12-10,KIRLOSBROS,2024-12-03 00:00:00,2024-12-10 00:00:00,5,2337.384521484375,104.81516337360769,93.58577391780442,2244.359617046081,0.8875138047222426,2307.45166015625,2305.1188173742694,2197.0727783203124,1965.3864624023438,1712.4617236328124,411720288.0732422,84.21052631578947,98.78542510121457,79.75708502024291,88.70445344129554,0.988,0.5655333925543083,True,True,True,True,True,True,True,True,True,True,True,True,True,True,True,
KIRLOSENG-2026-01-02,KIRLOSENG,2025-12-22 00:00:00,2026-01-02 00:00:00,7,1306.8310546875,57.604080542993394,51.01876500283158,1196.3595583254382,1.9177720626859107,1256.227294921875,1221.2629521423898,1205.3197692871095,1116.7921423339844,913.4401852416992,501208363.8335571,97.1830985915493,97.98792756539235,97.78672032193158,97.6861167002012,0.9920159680638723,1.5292047649398794,True,True,True,True,True,True,True,True,True,True,True,True,True,True,True,
KIRLOSENG-2026-06-12,KIRLOSENG,2026-06-04 00:00:00,2026-06-12 00:00:00,6,1945.7861328125,78.41384912727666,75.8947598935846,1787.321109451262,2.020880560320756,1886.5113525390625,1843.103195887509,1803.7014770507812,1686.2867114257813,1267.2577099609375,510091719.83447266,94.77911646586345,87.95180722891565,98.39357429718876,93.13253012048193,0.9880952380952381,0.6837822316659967,True,True,True,True,True,True,True,True,True,True,True,True,True,True,True,
KOTAKBANK-2025-03-28,KOTAKBANK,2025-03-24 00:00:00,2025-03-28 00:00:00,4,433.97955322265625,8.327059280762732,8.494995279042797,421.1565040868164,1.5399252849638982,432.99237060546875,429.04378189575175,401.3779754638672,390.61768127441405,365.5822476196289,7648745673.256073,76.49484536082474,97.11340206185567,94.02061855670102,90.0,0.97,0.9813687734844516,True,True,True,True,True,True,True,True,True,True,True,True,True,True,True,
KPIL-2024-02-23,KPIL,2024-02-14 00:00:00,2024-02-23 00:00:00,6,969.8286743164062,41.90079054263928,44.56667387410242,872.6454141369928,2.319365790497851,964.3046875,937.613538292369,863.4427642822266,758.155810546875,634.0953439331055,218505600.03997803,98.37067209775967,91.85336048879837,77.59674134419552,89.53156822810591,0.9800399201596807,4.273440827502282,True,True,True,True,True,True,True,True,True,True,True,True,True,True,True,
KPIL-2024-04-18,KPIL,2024-04-10 00:00:00,2024-04-18 00:00:00,4,1170.45263671875,49.59690686234122,53.25526891842917,1080.357514786178,1.8165471928044974,1151.5340576171875,1151.0451912320789,1088.0373626708983,996.3360327148438,725.4920901489257,341034229.8218994,82.99180327868852,98.97540983606558,93.44262295081968,92.5204918032787,0.9740518962075848,1.3055056352424792,True,True,True,True,True,True,True,True,True,True,True,True,True,True,True,
KPIL-2024-05-21,KPIL,2024-05-06 00:00:00,2024-05-21 00:00:00,10,1221.83056640625,51.02570967022488,53.41749944210348,1121.616414603993,1.9639932976911663,1212.4447021484375,1183.5537690400488,1171.6110717773438,1108.4996264648437,792.1812066650391,214233496.30706787,57.3469387755102,89.79591836734694,94.89795918367348,81.59183673469389,0.9780439121756487,5.291262691340603,True,True,True,True,True,True,True,True,True,True,True,True,True,True,True,
KPIL-2024-09-13,KPIL,2024-09-04 00:00:00,2024-09-13 00:00:00,7,1378.1497802734375,47.685999178047155,44.407273583416895,1319.0390654318724,1.2395821805234921,1359.2008056640625,1358.75786698939,1315.805419921875,1292.8757861328124,1038.6273413085937,301003923.83410645,78.29614604462475,64.70588235294117,68.55983772819472,69.93914807302231,0.9820717131474104,0.38440535934300396,True,True,True,True,True,True,True,True,True,False,True,True,True,True,False,RS_FAIL
KPIL-2026-06-12,KPIL,2026-06-09 00:00:00,2026-06-12 00:00:00,3,1296.117431640625,41.20316424250137,43.39957323918854,1231.1379596286981,1.5770505301362283,1291.25634765625,1272.506527559688,1268.0671508789062,1235.7212548828124,1195.7405169677734,183570541.7711792,80.92369477911646,70.68273092369478,71.8875502008032,74.11646586345381,0.9880952380952381,0.8898715302044116,True,True,True,True,True,True,True,True,True,True,True,True,True,True,True,
KPIL-2026-07-03,KPIL,2026-06-22 00:00:00,2026-07-03 00:00:00,8,1428.2589111328125,45.715858340515524,42.564890207624885,1338.199951171875,1.9699719797478472,1384.0,1380.0,1345.8728820800782,1293.4682739257812,1204.2666204833984,312071187.0905762,69.6,78.60000000000001,77.4,75.54,1.0,0.5617063919374475,True,True,True,True,True,True,True,True,True,True,True,True,True,True,True,
KPITTECH-2023-08-31,KPITTECH,2023-08-23 00:00:00,2023-08-31 00:00:00,6,1152.560546875,36.968601479929525,31.849224614751485,1109.1442849702926,1.1744090976305495,1151.141357421875,1140.470737296644,1119.869091796875,1074.8792163085936,874.8167919921875,794730354.0983887,72.1881390593047,33.537832310838446,74.43762781186093,57.402862985685076,0.9741035856573705,0.8276323939673508,True,True,True,True,True,True,True,True,True,False,True,True,True,True,False,RS_FAIL
KPITTECH-2024-01-05,KPITTECH,2023-12-22 00:00:00,2024-01-05 00:00:00,8,1506.9385986328125,53.69467085835903,44.2540132180931,1424.46250947591,1.5360200153655053,1474.829345703125,1453.7328726209907,1460.2992309570313,1390.1505053710937,1113.4213967895507,1248733476.8657227,39.795918367346935,80.20408163265306,69.79591836734694,64.9591836734694,0.9780439121756487,1.004642359416037,True,True,True,True,True,True,True,True,True,False,True,True,True,True,False,RS_FAIL
KPITTECH-2024-07-24,KPITTECH,2024-07-16 00:00:00,2024-07-24 00:00:00,5,1831.6021728515625,71.44998865083546,78.28860451625077,1671.6912603642522,2.2380817059155746,1817.046875,1794.4547820237228,1706.0354553222655,1565.1950610351562,1449.0062939453126,1949610000.24115,90.87221095334685,88.64097363083164,54.563894523326574,79.08722109533468,0.9801192842942346,1.935497467779038,True,True,True,True,True,True,True,True,True,True,True,True,True,True,True,
KPRMILL-2023-08-28,KPRMILL,2023-08-22 00:00:00,2023-08-28 00:00:00,4,717.291259765625,22.716768132112293,23.61548484193994,680.5853082269435,1.6158086980160764,712.0755004882812,702.3825634687576,655.86533203125,643.8800109863281,574.837275390625,215131165.93084717,89.77505112474438,76.27811860940696,48.261758691206545,71.92229038854806,0.9741035856573705,2.383144280195788,True,True,True,True,True,True,True,True,True,True,True,True,True,True,True,
KPRMILL-2023-11-30,KPRMILL,2023-11-23 00:00:00,2023-11-30 00:00:00,4,873.8081665039062,30.291554243449855,30.569674426637825,821.1601901084936,1.7380414346615147,850.4364013671875,846.3032574299888,802.5390411376953,772.4022717285156,653.8085110473633,196054890.85543823,35.10204081632653,77.55102040816327,79.59183673469387,65.42857142857143,0.9780439121756487,2.1694501755072255,True,True,True,True,True,True,True,True,True,False,True,True,True,True,False,RS_FAIL
KPRMILL-2024-12-09,KPRMILL,2024-12-04 00:00:00,2024-12-09 00:00:00,3,995.5712890625,34.18737306795448,33.09048736283045,968.2398182136494,0.799460982115345,994.2839965820312,989.283083099778,941.4751892089844,929.1695629882812,854.9468270874023,153641722.01559448,88.25910931174089,88.46153846153845,72.67206477732793,83.66396761133602,0.988,2.9946904032180828,True,True,True,True,True,True,True,True,True,True,True,True,True,True,True,
KPRMILL-2025-07-22,KPRMILL,2025-07-08 00:00:00,2025-07-22 00:00:00,10,1201.0823974609375,44.27717461276846,38.80432628768231,1158.8816387864135,0.9531041455015129,1192.8409423828125,1187.1810740519556,1161.9400146484375,1143.5265966796876,995.804162902832,544729227.0939331,69.41649899396378,64.58752515090544,83.90342052313883,71.83098591549296,0.9920159680638723,0.4521250362558232,True,True,True,True,True,True,True,True,True,True,True,True,True,True,True,
KSB-2023-09-20,KSB,2023-09-07 00:00:00,2023-09-20 00:00:00,8,559.9539184570312,19.817266759432137,20.531802108404282,517.8239943815855,2.125920016462097,542.2954711914062,540.8953998070034,540.3136779785157,497.4058728027344,422.5490217590332,82518820.21179199,48.670756646216766,83.02658486707567,65.6441717791411,67.50511247443762,0.9760479041916168,0.9038487417575024,True,True,True,True,True,True,True,False,True,False,True,True,True,True,False,LIQUIDITY_FAIL;RS_FAIL
LALPATHLAB-2023-11-16,LALPATHLAB,2023-11-09 00:00:00,2023-11-16 00:00:00,4,1330.2381591796875,36.827435073207894,35.477409868464825,1268.33996354539,1.6807631460418673,1304.972412109375,1289.0538383447904,1231.8314270019532,1189.8965380859374,1048.70673828125,563485784.8580322,72.85714285714285,75.71428571428571,66.3265306122449,72.0408163265306,0.9780439121756487,1.3180375180375181,True,True,True,True,True,True,True,True,True,True,True,True,True,True,True,
LALPATHLAB-2024-08-13,LALPATHLAB,2024-08-07 00:00:00,2024-08-13 00:00:00,4,1605.3751220703125,44.43828336056364,47.65253694838178,1521.4930983427248,1.887607202262634,1596.550537109375,1593.314828295104,1524.2299438476562,1431.6756518554687,1253.8779034423828,811577653.9404297,89.65517241379311,85.80121703853956,77.28194726166329,84.40162271805275,0.9801192842942346,0.7899154111707175,True,True,True,True,True,True,True,True,True,True,True,True,True,True,True,
LALPATHLAB-2024-09-12,LALPATHLAB,2024-08-30 00:00:00,2024-09-12 00:00:00,9,1678.42431640625,38.65035131438746,33.626191627675965,1645.8373260021087,0.8431227478134428,1678.1297607421875,1674.5446932130321,1649.366632080078,1558.63556640625,1296.9256359863282,619139349.3006592,52.33265720081136,80.32454361054768,88.84381338742394,74.48275862068965,0.9820717131474104,1.0034874691904148,True,True,True,True,True,True,True,True,True,True,True,True,True,True,True,
LALPATHLAB-2026-07-06,LALPATHLAB,2026-06-25 00:00:00,2026-07-06 00:00:00,6,1684.71337890625,54.47555554647029,51.095778811181674,1605.8234690834206,1.4481708177447126,1681.52197265625,1650.6042046722437,1634.5965209960937,1593.375068359375,1490.7271606445313,421751085.89538574,75.8,71.6,68.4,71.89999999999999,1.0,2.7413473498100034,True,True,True,True,True,True,True,True,True,True,True,True,True,True,True,
LALPATHLAB-2026-08-25,LALPATHLAB,2026-08-13 00:00:00,2026-08-25 00:00:00,8,1968.4000244140625,55.96387183257692,49.96076176072102,1870.0999755859375,1.756491207795668,1913.699951171875,1911.5999755859375,1909.3450073242188,1775.05513671875,1535.8965032958984,504225372.51000977,69.0,84.0,87.4,80.52,1.0,0.748208072941181,True,True,True,True,True,True,True,True,True,True,True,True,True,True,True,
LATENTVIEW-2023-12-14,LATENTVIEW,2023-11-30 00:00:00,2023-12-14 00:00:00,10,491.1000061035156,16.788158067778923,16.06337335132605,451.29998779296875,2.370719774609105,471.04998779296875,466.0,465.09000091552736,433.3540020751953,385.24774993896483,540261725.4327393,79.79591836734694,44.89795918367347,70.61224489795919,63.08163265306123,0.9780439121756487,1.0533640856672157,True,True,True,True,True,True,True,True,True,False,True,True,True,True,False,RS_FAIL
LATENTVIEW-2024-02-14,LATENTVIEW,2024-02-07 00:00:00,2024-02-14 00:00:00,5,536.5999755859375,19.516738389885834,22.367606678893143,490.1499938964844,2.3800073947563347,521.0999755859375,514.7000122070312,485.9149993896484,471.9320001220703,411.3667503356934,518062145.01716614,83.87755102040816,71.63265306122449,63.87755102040816,72.9795918367347,0.9780439121756487,1.0424881508057453,True,True,True,True,True,True,True,True,True,True,True,True,True,True,True,
LATENTVIEW-2025-12-12,LATENTVIEW,2025-12-09 00:00:00,2025-12-12 00:00:00,3,502.1000061035156,21.951016088461618,21.698044142711435,471.6499938964844,1.387180077875168,494.95001220703125,494.70001220703125,482.8450012207031,457.5710021972656,418.19150115966795,280736027.7326355,82.86290322580645,92.54032258064517,88.70967741935483,88.48790322580645,0.9880478087649402,1.3218657716944593,True,True,True,True,True,True,True,True,True,True,True,True,True,True,True,
LAURUSLABS-2024-10-31,LAURUSLABS,2024-10-28 00:00:00,2024-10-31 00:00:00,3,490.2340393066406,18.65089891791259,17.68559969777221,471.3597289465712,1.011978588439096,489.287841796875,487.7440526215777,464.40262298583986,469.33484619140626,435.02529388427735,1017360472.9146729,89.38775510204081,82.24489795918367,50.40816326530613,74.83673469387756,0.98,0.8125325536626246,True,True,True,True,True,True,True,True,True,True,True,True,True,True,True,
LAURUSLABS-2024-11-06,LAURUSLABS,2024-11-01 00:00:00,2024-11-06 00:00:00,3,497.80364990234375,17.226258566009996,16.750319633461178,479.57676242210454,1.058087419876746,494.8716735839844,492.2758355703534,474.5497451782227,472.84987365722657,436.47684387207033,1081929100.3017883,94.28571428571428,84.6938775510204,55.306122448979586,78.75510204081631,0.98,2.368811134323374,True,True,True,True,True,True,True,True,True,True,True,True,True,True,True,
LAURUSLABS-2025-04-03,LAURUSLABS,2025-03-24 00:00:00,2025-04-03 00:00:00,7,621.0193481445312,20.445371563312854,19.90602031574011,592.6099777275039,1.3895257578984344,618.6768188476562,608.9079738045899,593.434814453125,579.1668212890625,513.5658103942872,948863892.2543335,79.58762886597938,80.61855670103093,98.35051546391752,85.62886597938143,0.97,2.3469632099895317,True,True,True,True,True,True,True,True,True,True,True,True,True,True,True,
LAURUSLABS-2025-06-23,LAURUSLABS,2025-06-16 00:00:00,2025-06-23 00:00:00,5,679.0131225585938,17.26176143633293,17.97248006356195,639.8843641183732,2.2667882756079254,665.0885009765625,651.8126475719446,643.1010437011719,622.7882458496093,560.5149948120118,1041586399.4552002,90.9090909090909,49.494949494949495,88.28282828282829,73.55555555555556,0.9840954274353877,0.9235190231409273,True,True,True,True,True,True,True,True,True,True,True,True,True,True,True,
LAURUSLABS-2025-11-27,LAURUSLABS,2025-11-17 00:00:00,2025-11-27 00:00:00,8,1020.8336181640625,22.512988075783447,22.388268458885108,969.2849481773112,2.2897302576285137,1002.2022094726562,988.4658541713645,986.2280914306641,929.6154711914063,750.9203363037109,1600520403.9794312,82.38866396761134,84.61538461538461,99.19028340080972,88.31983805668015,0.9840637450199203,1.6108019918084329,True,True,True,True,True,True,True,True,True,True,True,True,True,True,True,
LAURUSLABS-2025-12-05,LAURUSLABS,2025-11-28 00:00:00,2025-12-05 00:00:00,5,1030.32421875,22.897723658928985,22.96831814106212,1000.6037550564464,1.2979658649153134,1025.079345703125,1020.2841730571375,1000.8810028076172,943.2728723144531,762.9103454589844,1472260843.0793457,83.46774193548387,89.31451612903226,99.39516129032258,90.58467741935483,0.9880478087649402,0.638781172877381,True,True,True,True,True,True,True,True,True,True,True,True,True,True,True,
LAURUSLABS-2026-04-23,LAURUSLABS,2026-04-17 00:00:00,2026-04-23 00:00:00,4,1134.620361328125,33.36594408138918,32.45543901099706,1090.014746864078,1.3368605532407838,1127.8770751953125,1118.7861422964959,1067.9017791748047,1036.5959497070312,960.833402709961,1656675187.744934,81.9672131147541,64.13934426229508,91.59836065573771,77.72540983606558,0.976,1.2450986462781157,True,True,True,True,True,True,True,True,True,True,True,True,True,True,True,
LAURUSLABS-2026-05-25,LAURUSLABS,2026-05-20 00:00:00,2026-05-25 00:00:00,3,1361.0999755859375,33.35626884187375,31.93171842759591,1332.0999755859375,0.8694017948312878,1356.300048828125,1355.699951171875,1243.5393005371093,1127.83806640625,1006.2735583496094,2821017432.32251,97.38955823293173,93.97590361445783,94.77911646586345,95.24096385542168,0.9880952380952381,0.7546321003485184,True,True,True,True,True,True,True,True,True,True,True,True,True,True,True,
LAURUSLABS-2026-07-09,LAURUSLABS,2026-07-03 00:00:00,2026-07-09 00:00:00,4,1542.300048828125,39.55132623127813,43.28060854047151,1448.199951171875,2.379189438705431,1507.4000244140625,1495.0999755859375,1457.3450134277343,1377.3533203125,1099.2546578979493,3051719989.6747437,71.39999999999999,93.60000000000001,91.60000000000001,86.34,1.0,1.0005066370435995,True,True,True,True,True,True,True,True,True,True,True,True,True,True,True,
LAURUSLABS-2026-08-20,LAURUSLABS,2026-08-11 00:00:00,2026-08-20 00:00:00,7,1858.0,39.72165934089863,38.96700865542596,1769.4000244140625,2.2305205033242976,1825.0,1818.0,1803.7250061035156,1616.3680102539063,1222.8881097412109,2908665102.0786133,93.4,94.8,98.4,95.46,1.0,0.8185597856786505,True,True,True,True,True,True,True,True,True,True,True,True,True,True,True,
LEMONTREE-2023-09-06,LEMONTREE,2023-08-30 00:00:00,2023-09-06 00:00:00,5,110.0,3.5387118409340914,3.402772942157752,105.5,1.2716491769536575,108.5,108.05000305175781,103.35749969482421,96.99799942016601,87.53224990844727,766669115.25,81.39059304703477,57.668711656441715,68.9161554192229,68.15950920245399,0.9741035856573705,1.3958092148654115,True,True,True,True,True,True,True,True,True,False,True,True,True,True,False,RS_FAIL
LEMONTREE-2023-09-27,LEMONTREE,2023-09-14 00:00:00,2023-09-27 00:00:00,8,122.69999694824219,4.838827572703396,4.951439934886859,111.55000305175781,2.3042759281986576,118.3499984741211,116.3499984741211,113.98499908447266,103.6809992980957,89.03849979400634,1005188670.6270866,88.34355828220859,81.79959100204499,84.04907975460122,84.43762781186095,0.9760479041916168,0.7402016117641524,True,True,True,True,True,True,True,True,True,True,True,True,True,True,True,
LICHSGFIN-2023-10-10,LICHSGFIN,2023-10-03 00:00:00,2023-10-10 00:00:00,5,453.7431335449219,11.12003515455451,10.829423271103549,434.63517677170165,1.7183360041262141,446.1855163574219,445.18731964603495,438.75146942138673,416.6298083496094,365.4478012084961,1076806358.8364868,78.16326530612245,77.9591836734694,70.81632653061224,75.87755102040816,0.9780439121756487,0.7658484114563574,True,True,True,True,True,True,True,True,True,True,True,True,True,True,True,
LICHSGFIN-2024-01-25,LICHSGFIN,2024-01-19 00:00:00,2024-01-25 00:00:00,3,555.5097045898438,13.57562985407365,15.476086117942586,527.0855285579133,2.093764807781729,550.6139526367188,550.3762600134072,539.465234375,499.6849951171875,412.27106674194334,1158951966.9326477,82.6530612244898,71.83673469387755,81.22448979591836,77.89795918367346,0.9780439121756487,1.2381071439711597,True,True,True,True,True,True,True,True,True,True,True,True,True,True,True,
LICHSGFIN-2024-02-14,LICHSGFIN,2024-02-09 00:00:00,2024-02-14 00:00:00,3,618.1098022460938,18.237467065109932,19.410474934340947,583.839006029707,1.8791423224527803,605.1809692382812,601.3783705583678,582.9667785644531,540.9354064941406,431.23256454467776,1712734330.208435,82.6530612244898,84.28571428571429,78.77551020408163,82.14285714285714,0.9780439121756487,0.44615392509650775,True,True,True,True,True,True,True,True,True,True,True,True,True,True,True,
LICHSGFIN-2024-03-04,LICHSGFIN,2024-02-26 00:00:00,2024-03-04 00:00:00,5,626.6181030273438,16.0522058438225,15.724955542647026,602.2339847360776,1.5190509347131336,625.287109375,622.5778784125641,611.2936401367188,570.9758074951172,449.0981256103516,1099968599.097992,65.78411405295316,82.68839103869654,80.24439918533605,76.88391038696537,0.9800399201596807,0.8239175512721486,True,True,True,True,True,True,True,True,True,True,True,True,True,True,True,
LICHSGFIN-2024-07-11,LICHSGFIN,2024-07-01 00:00:00,2024-07-11 00:00:00,8,776.0595703125,25.501995625046845,23.322598065692528,714.6003225837202,2.4099779731911437,751.7229614257812,742.4542275837748,731.9424468994141,661.6645446777344,559.4829788208008,1824344868.4916992,85.59837728194725,72.21095334685599,77.28194726166329,77.74847870182555,0.9801192842942346,1.152938764362562,True,True,True,True,True,True,True,True,True,True,True,True,True,True,True,
LICI-2024-01-10,LICI,2024-01-05 00:00:00,2024-01-10 00:00:00,3,403.3757629394531,12.154849013345922,11.67756702571936,391.38533791468456,0.9864725601776858,400.60504150390625,400.24677545164,389.3920959472656,343.4947283935547,304.5640343475342,2597010328.742737,72.24489795918367,79.18367346938776,65.3061224489796,72.9387755102041,0.9780439121756487,0.7954641956416331,True,True,True,True,True,True,True,True,True,True,True,True,True,True,True,
LINDEINDIA-2023-08-17,LINDEINDIA,2023-08-07 00:00:00,2023-08-17 00:00:00,7,5108.39599609375,130.79457993510022,124.88781780287529,4847.499733173361,1.9947024031870784,4975.8017578125,4954.956932152462,4841.9025390625,4528.686040039062,3810.8991455078126,172491300.6496582,86.0655737704918,78.68852459016394,86.68032786885246,83.29918032786885,0.9721115537848606,0.558063536590656,True,True,True,True,True,True,True,True,True,True,True,True,True,True,True,
LINDEINDIA-2023-10-19,LINDEINDIA,2023-10-12 00:00:00,2023-10-19 00:00:00,5,6620.638671875,205.37030182308717,199.98289456776396,6283.292780719625,1.6426225611041672,6478.3076171875,6437.463764906551,6072.115405273437,5898.673662109375,4433.174453125,193317320.22265625,86.93877551020408,96.73469387755102,84.6938775510204,90.18367346938777,0.9780439121756487,6.427917234619331,True,True,True,True,True,True,True,True,True,True,True,True,True,True,True,
LINDEINDIA-2024-04-16,LINDEINDIA,2024-04-03 00:00:00,2024-04-16 00:00:00,8,7188.8662109375,295.19434080635364,294.15178518139527,6528.901313473807,2.23569630657868,6882.06689453125,6785.703473164437,6679.229443359375,6048.288857421875,5677.272595214844,701975045.1323242,69.4672131147541,84.8360655737705,43.0327868852459,67.68442622950819,0.9740518962075848,0.7575395611956273,True,True,True,True,True,True,True,True,True,False,True,True,True,True,False,RS_FAIL
LINDEINDIA-2026-04-02,LINDEINDIA,2026-03-24 00:00:00,2026-04-02 00:00:00,5,7380.98291015625,299.77722389740484,321.77781517841987,6708.62301833723,2.2428651619281363,7284.14697265625,7169.840765082744,6981.210717773438,6593.737802734375,6344.746284179688,438555014.4609375,97.31958762886597,98.35051546391752,88.04123711340206,94.94845360824742,0.97,1.2353710593303309,True,True,True,True,True,True,True,True,True,True,True,True,True,True,True,
LLOYDSME-2025-01-09,LLOYDSME,2025-01-03 00:00:00,2025-01-09 00:00:00,4,1439.3135986328125,49.29911987723353,50.99688698042198,1323.2197561062712,2.354886716347927,1433.8209228515625,1428.078647728165,1239.9493103027344,1093.0724047851563,841.3985678100586,1092569230.2249146,99.59514170040485,99.59514170040485,99.39271255060729,99.53441295546558,0.9860279441117764,0.9517798654417146,True,True,True,True,True,True,True,True,True,True,True,True,True,True,True,
LLOYDSME-2025-01-15,LLOYDSME,2025-01-10 00:00:00,2025-01-15 00:00:00,3,1447.7022705078125,51.634208183886095,52.90481727220602,1353.179504774085,1.8306229350337166,1430.8250732421875,1422.0867387632452,1297.6741638183594,1129.3206396484375,858.1331048583984,1125703596.0961304,99.79797979797979,99.79797979797979,99.79797979797979,99.79797979797979,0.9880239520958084,0.6032473603118718,True,True,True,True,True,True,True,True,True,True,True,True,True,True,True,
LLOYDSME-2025-06-16,LLOYDSME,2025-06-05 00:00:00,2025-06-16 00:00:00,7,1526.6875,53.68780835055501,54.5193014852636,1443.4373118674966,1.5506348776415035,1517.4930419921875,1498.804121680781,1422.7412353515624,1319.8424462890625,1139.1781518554687,720268626.5206909,91.88640973630832,82.75862068965517,96.75456389452333,89.69574036511156,0.9801192842942346,1.0138036138408741,True,True,True,True,True,True,True,True,True,True,True,True,True,True,True,
LLOYDSME-2025-07-04,LLOYDSME,2025-06-30 00:00:00,2025-07-04 00:00:00,4,1587.950927734375,50.06369438050425,48.64700103031494,1517.0933332482966,1.4153488943011696,1552.77197265625,1544.2770385101744,1519.0321411132813,1395.5622583007812,1192.3999688720703,653499355.1712036,47.68611670020121,60.96579476861167,87.92756539235413,65.07042253521126,0.9920159680638723,0.7726907483209975,True,True,True,True,True,True,True,True,True,False,True,True,True,True,False,RS_FAIL
LODHA-2023-08-07,LODHA,2023-08-01 00:00:00,2023-08-07 00:00:00,4,753.306396484375,28.506823869997824,29.73548688566792,695.0856551581393,2.0423440223205818,719.5918579101562,714.641127650124,707.3387390136719,657.2608947753906,526.4224099731446,568925167.1279907,48.97540983606557,96.72131147540983,80.12295081967213,77.41803278688525,0.9721115537848606,1.1205114652403032,True,True,True,True,True,True,True,True,True,True,True,True,True,True,True,
LODHA-2023-12-08,LODHA,2023-12-01 00:00:00,2023-12-08 00:00:00,5,911.5712280273438,36.08404364308787,33.15064540316937,879.1992405592149,0.8971274890454223,909.8856811523438,894.6663808895205,870.6501434326171,822.9314660644532,639.5933239746093,1597930327.78714,58.16326530612245,84.6938775510204,85.91836734693878,77.10204081632654,0.9780439121756487,0.46200039407260446,True,True,True,True,True,True,True,True,True,True,True,True,True,True,True,
LODHA-2023-12-22,LODHA,2023-12-14 00:00:00,2023-12-22 00:00:00,6,932.8385620117188,34.2187028038186,34.88985429708599,869.7801196126484,1.8428063378262671,929.2196655273438,920.0979777720578,901.3737976074219,850.796162109375,664.1316551208496,785261408.351654,59.591836734693885,78.36734693877551,79.79591836734694,73.16326530612245,0.9780439121756487,0.889863039197722,True,True,True,True,True,True,True,True,True,True,True,True,True,True,True,
LODHA-2024-04-22,LODHA,2024-04-10 00:00:00,2024-04-22 00:00:00,6,1216.6510009765625,52.1636939477578,50.31006968098818,1127.3680373566767,1.7115920454042828,1185.121826171875,1174.9095970824883,1155.3996337890626,1123.6052014160157,902.5153326416016,892011864.194458,68.23770491803278,42.62295081967213,80.12295081967213,61.55737704918032,0.9740518962075848,2.5959489645638496,True,True,True,True,True,True,True,True,True,False,True,True,True,True,False,RS_FAIL
LODHA-2024-06-27,LODHA,2024-06-21 00:00:00,2024-06-27 00:00:00,4,1581.22021484375,72.52907589093441,74.59876616709046,1418.1208964158564,2.248743919930184,1525.3995361328125,1482.0220496072457,1456.9325012207032,1305.8926806640625,1043.559296875,1825440199.9937744,82.89205702647658,82.07739307535643,91.0386965376782,85.01018329938901,0.9780876494023905,2.4982548603532173,True,True,True,True,True,True,True,True,True,True,True,True,True,True,True,
LODHA-2025-06-03,LODHA,2025-05-28 00:00:00,2025-06-03 00:00:00,4,1457.8560791015625,52.469636139200134,49.12744724026577,1402.533430839992,1.0543745360612269,1436.799560546875,1435.2105676673812,1372.7664489746094,1284.9881591796875,1242.558110961914,2044501722.6135864,60.649087221095336,69.1683569979716,83.36713995943205,70.87221095334685,0.9801192842942346,1.1478678875832258,True,True,True,True,True,True,True,True,True,True,True,True,True,True,True,
LODHA-2025-06-16,LODHA,2025-06-06 00:00:00,2025-06-16 00:00:00,6,1505.7294921875,48.846131860229164,44.58268776607172,1410.3799129709078,1.9520395082548285,1460.6370849609375,1448.122474022242,1439.416815185547,1334.2431909179688,1252.3810845947266,1781274142.5161133,63.894523326572006,78.70182555780933,72.61663286004057,72.4340770791075,0.9801192842942346,0.3195647460032723,True,True,True,True,True,True,True,True,True,True,True,True,True,True,True,
LT-2023-08-22,LT,2023-08-16 00:00:00,2023-08-22 00:00:00,4,2619.800537109375,40.829153969522906,40.0320094323548,2553.9904206772794,1.6118412955903965,2607.875,2595.998106290907,2566.291845703125,2434.235966796875,2175.5717755126952,3550102070.422241,62.295081967213115,71.31147540983606,59.221311475409834,64.9795081967213,0.9721115537848606,1.0925406397052466,True,True,True,True,True,True,True,True,True,False,True,True,True,True,False,RS_FAIL
LT-2023-09-22,LT,2023-09-12 00:00:00,2023-09-22 00:00:00,7,2866.151123046875,52.01470816385474,47.686059636621565,2770.6968388884243,1.8351402425974261,2841.228759765625,2828.183453957495,2739.9286254882813,2613.56333984375,2260.927150878906,4665955744.680786,76.48261758691206,77.0961145194274,60.940695296523515,72.06543967280163,0.9760479041916168,1.1552996150116084,True,True,True,True,True,True,True,True,True,True,True,True,True,True,True,
LT-2024-01-05,LT,2023-12-27 00:00:00,2024-01-05 00:00:00,6,3450.167724609375,60.323379222167716,61.726304049777184,3321.273401904194,2.1367225173256648,3428.652587890625,3387.959523891567,3368.454931640625,3132.5107861328124,2614.7639587402346,5627617227.738159,43.06122448979592,57.3469387755102,72.44897959183673,57.59183673469387,0.9780439121756487,1.1997311790546965,True,True,True,True,True,True,True,True,True,False,True,True,True,True,False,RS_FAIL
LT-2024-11-29,LT,2024-11-25 00:00:00,2024-11-29 00:00:00,4,3682.35498046875,85.212384770179,81.88011445772831,3566.6743185324817,1.3575569120411706,3654.685791015625,3650.466754507699,3548.1691772460936,3519.7709716796876,3502.6083239746094,5558793893.057373,86.23481781376519,70.44534412955466,45.95141700404859,67.83400809716599,0.988,1.329842845500036,True,True,True,True,True,True,True,True,True,False,True,True,True,True,False,RS_FAIL
LT-2025-12-05,LT,2025-11-27 00:00:00,2025-12-05 00:00:00,6,4041.822021484375,59.4983778414468,59.99823149163224,3923.378830079243,1.9906961450405123,3999.138916015625,3970.4193674055587,3975.202746582031,3862.2579296875,3542.1079089355467,5636876565.511719,80.84677419354838,83.06451612903226,78.0241935483871,80.88709677419355,0.9880478087649402,0.7506828628856069,True,True,True,True,True,True,True,True,True,True,True,True,True,True,True,
LT-2025-12-19,LT,2025-12-15 00:00:00,2025-12-19 00:00:00,4,4052.7158203125,60.41460910129456,57.725737532635826,3984.48195392906,1.1294265972827044,4034.097412109375,4032.413930594411,3997.1088012695313,3929.433798828125,3582.630780029297,5180888203.6953125,74.64788732394366,86.31790744466801,77.46478873239437,80.16096579476861,0.9920159680638723,1.033451457117253,True,True,True,True,True,True,True,True,True,True,True,True,True,True,True,
LT-2026-04-29,LT,2026-04-16 00:00:00,2026-04-29 00:00:00,9,4079.949462890625,133.89250174529823,107.2570143934654,3940.0164272955244,1.0451148030775703,4056.47900390625,4048.3581723284724,3896.3182739257813,3887.4578076171874,3806.954609375,11843497622.930786,61.34969325153374,61.75869120654397,67.68916155419224,63.41513292433538,0.978,0.6757941637046059,True,True,True,True,True,True,True,True,True,False,True,True,True,True,False,RS_FAIL
LTF-2023-11-28,LTF,2023-11-15 00:00:00,2023-11-28 00:00:00,8,144.5524139404297,4.428409081896666,4.2134606470608045,133.5512396056678,2.4842272092103417,139.0758514404297,138.06701429405095,135.1942123413086,129.79259384155273,108.77598041534424,967283383.1055069,64.48979591836735,72.0408163265306,74.08163265306122,70.38775510204081,0.9780439121756487,0.9479494042844235,True,True,True,True,True,True,True,True,True,True,True,True,True,True,True,
LTF-2023-12-13,LTF,2023-12-06 00:00:00,2023-12-13 00:00:00,5,149.78875732421875,4.295733686070533,4.082811545734818,145.08084378341866,1.0959509794720528,149.1642608642578,148.7319010284397,142.61399536132814,135.35755004882813,112.02666229248047,934088127.6080475,63.469387755102034,78.9795918367347,79.59183673469387,74.51020408163265,0.9780439121756487,0.5924613119175326,True,True,True,True,True,True,True,True,True,True,True,True,True,True,True,
LTF-2024-07-15,LTF,2024-07-01 00:00:00,2024-07-15 00:00:00,10,185.19384765625,6.284001587501593,5.763767481524374,173.17229932616647,1.9130403076271478,181.0535125732422,180.22545811740227,178.89665603637695,164.1972998046875,152.5586109161377,2209247077.4115524,64.09736308316431,47.46450304259635,35.294117647058826,48.80324543610548,0.9801192842942346,0.5974063197700984,True,True,True,True,True,True,True,True,True,False,True,True,True,True,False,RS_FAIL
LTF-2025-09-01,LTF,2025-08-22 00:00:00,2025-09-01 00:00:00,5,220.4304962158203,5.717860708606122,5.600040037177811,213.06631603428085,1.2879257744868498,220.3216094970703,217.65902787695666,207.29870071411133,204.45121826171874,163.12622245788575,1114278803.9408646,92.5553319919517,95.37223340040242,97.78672032193158,95.25150905432595,0.9920159680638723,0.9934658524985951,True,True,True,True,True,True,True,True,True,True,True,True,True,True,True,
LTF-2025-11-17,LTF,2025-11-07 00:00:00,2025-11-17 00:00:00,6,300.5060729980469,8.188463621230657,7.933068980849998,287.1931073088466,1.6258197269977543,296.3488464355469,293.72585347806506,276.7882553100586,258.0010806274414,194.04620071411134,1550481327.7380219,87.04453441295547,98.78542510121457,99.19028340080972,95.38461538461539,0.9840637450199203,1.984028997890737,True,True,True,True,True,True,True,True,True,True,True,True,True,True,True,
LTF-2025-12-05,LTF,2025-11-28 00:00:00,2025-12-05 00:00:00,5,309.1669006347656,7.274455470422285,7.67008547619104,293.57740418587105,2.1430465156163234,306.4449157714844,301.4958856961224,296.81654357910156,275.5042715454102,204.95425117492675,1531483157.2676086,96.9758064516129,97.98387096774194,99.79838709677419,98.2258064516129,0.9880478087649402,1.565797962915883,True,True,True,True,True,True,True,True,True,True,True,True,True,True,True,
LTFOODS-2025-07-09,LTFOODS,2025-07-03 00:00:00,2025-07-09 00:00:00,4,494.9254455566406,21.789328016035842,20.414204200535014,472.3861184748667,1.034420477087964,489.37738037109375,486.4546373832167,457.58686981201174,421.53523010253906,391.4344526672363,580354824.936615,78.67203219315896,90.74446680080483,82.69617706237425,84.70824949698189,0.9920159680638723,1.049973627531935,True,True,True,True,True,True,True,True,True,True,True,True,True,True,True,
LTFOODS-2025-07-29,LTFOODS,2025-07-17 00:00:00,2025-07-29 00:00:00,8,504.3375244140625,18.781003339754943,17.840983034631616,472.5842602322625,1.690711811683981,496.0648193359375,490.21946791210206,488.3816284179687,458.9446813964844,397.50427703857423,452681372.88220215,78.87323943661971,96.98189134808854,81.28772635814889,86.841046277666,0.9920159680638723,0.9840914156616729,True,True,True,True,True,True,True,True,True,True,True,True,True,True,True,
LTM-2024-09-05,LTM,2024-08-30 00:00:00,2024-09-05 00:00:00,4,5976.5537109375,137.71880539281204,132.48029828484871,5815.103405928895,1.17231851197158,5970.00146484375,5910.634205588683,5599.758276367187,5464.557353515625,5189.643090820313,1834134379.246582,77.079107505071,79.71602434077079,41.784989858012175,67.54563894523326,0.9820717131474104,1.9277562911017894,True,True,True,True,True,True,True,True,True,False,True,True,True,True,False,RS_FAIL
LTM-2025-11-10,LTM,2025-11-03 00:00:00,2025-11-10 00:00:00,4,5629.0625,113.88508368408871,115.3899502760913,5435.6547369201135,1.698271246973744,5568.3759765625,5563.4422087239,5520.047094726562,5305.554501953125,5048.144794921875,1183519613.2424316,76.72064777327935,79.55465587044534,73.68421052631578,76.94331983805668,0.9821073558648111,0.6550334119173481,True,True,True,True,True,True,True,True,True,True,True,True,True,True,True,
LTM-2025-11-17,LTM,2025-11-12 00:00:00,2025-11-17 00:00:00,3,5815.5634765625,120.9517429166767,112.17712139454368,5688.762528545414,1.0483598248306238,5771.158203125,5767.21120521833,5596.34345703125,5371.113818359375,5048.404475097656,993772116.5722656,70.64777327935222,80.5668016194332,77.32793522267207,76.61943319838056,0.9840637450199203,0.5996758508914101,True,True,True,True,True,True,True,True,True,True,True,True,True,True,True,
LTM-2025-11-27,LTM,2025-11-20 00:00:00,2025-11-27 00:00:00,5,5947.2978515625,124.53925381219263,123.71555098754871,5728.23355865871,1.7589979560512154,5945.81787109375,5823.950684422751,5724.80458984375,5480.908720703125,5055.125583496094,1226678574.1704102,90.48582995951418,87.65182186234817,83.60323886639675,87.28744939271255,0.9840637450199203,1.1820308779898172,True,True,True,True,True,True,True,True,True,True,True,True,True,True,True,
LTTS-2024-09-10,LTTS,2024-08-29 00:00:00,2024-09-10 00:00:00,8,5652.17822265625,145.2317150858243,137.24489466501132,5364.76552543448,1.9789940306903644,5542.73876953125,5489.429488233564,5347.235986328125,5077.695146484375,4956.70921875,625780872.2648926,90.87221095334685,74.2393509127789,35.496957403651116,67.60649087221094,0.9820717131474104,0.8167928328356135,True,True,True,True,True,True,True,True,True,False,True,True,True,True,False,RS_FAIL
LTTS-2024-12-03,LTTS,2024-11-26 00:00:00,2024-12-03 00:00:00,5,5357.583984375,146.96484108107492,131.03810758564543,5094.374691839104,1.7909677620832665,5188.6005859375,5157.956727755781,5090.507373046875,5101.429052734375,5012.77380859375,405261776.49072266,80.97165991902834,41.70040485829959,69.83805668016194,61.92307692307692,0.988,0.9323295289888582,True,True,True,True,True,True,True,True,True,False,True,True,True,True,False,RS_FAIL
LUPIN-2023-08-22,LUPIN,2023-08-16 00:00:00,2023-08-22 00:00:00,4,1093.217041015625,26.168720427158828,26.862507836542967,1045.3271278461214,1.8300441285544016,1071.8507080078125,1070.7702009319976,1024.54287109375,931.40197265625,764.3308126831055,1311225773.0028076,89.34426229508196,90.57377049180327,92.41803278688525,90.75819672131146,0.9721115537848606,0.7135882720261623,True,True,True,True,True,True,True,True,True,True,True,True,True,True,True,
LUPIN-2023-09-12,LUPIN,2023-09-06 00:00:00,2023-09-12 00:00:00,4,1118.954833984375,23.505184355497104,24.344953808602856,1098.9149158966102,0.8525743846411538,1118.365478515625,1114.8781743726754,1085.2526000976563,1007.9967236328125,792.9238937377929,1054517240.1223145,62.78118609406953,93.25153374233128,94.47852760736197,84.47852760736197,0.9760479041916168,2.8550274888611726,True,True,True,True,True,True,True,True,True,True,True,True,True,True,True,
LUPIN-2023-10-12,LUPIN,2023-10-03 00:00:00,2023-10-12 00:00:00,7,1153.4847412109375,25.30404267577315,24.080273528514727,1117.9726011388934,1.4034176485974894,1152.1585693359375,1147.6396479510427,1124.357843017578,1091.921348876953,832.043236694336,774035105.0323486,81.0204081632653,81.22448979591836,90.40816326530611,83.91836734693877,0.9780439121756487,2.1439894175664036,True,True,True,True,True,True,True,True,True,True,True,True,True,True,True,
LUPIN-2023-11-16,LUPIN,2023-11-08 00:00:00,2023-11-16 00:00:00,5,1189.7337646484375,26.636613101423347,27.97575260959302,1133.1992292242367,2.1224370834586277,1172.9354248046875,1167.041347334971,1151.0755126953125,1135.5125122070312,880.5048364257813,1315164574.5228271,45.51020408163266,57.75510204081633,81.0204081632653,61.06122448979592,0.9780439121756487,0.8196296600960269,True,True,True,True,True,True,True,True,True,False,True,True,True,True,False,RS_FAIL
LUPIN-2024-01-10,LUPIN,2024-01-03 00:00:00,2024-01-10 00:00:00,5,1381.58837890625,34.22146421801248,32.16281779548284,1350.7422172723557,0.9013688437579606,1380.45849609375,1376.283538474047,1294.3204711914063,1231.8641333007813,988.1004171752929,1099094364.380188,86.93877551020408,67.75510204081633,82.85714285714286,78.04081632653062,0.9780439121756487,1.1296946732230608,True,True,True,True,True,True,True,True,True,True,True,True,True,True,True,
LUPIN-2024-02-23,LUPIN,2024-02-09 00:00:00,2024-02-23 00:00:00,9,1593.48291015625,41.48757981088213,38.00488217165106,1525.89668793155,1.6290712192127468,1586.458984375,1579.6315349264705,1545.899920654297,1415.01986328125,1113.284585876465,1894615760.53833,77.59674134419552,76.17107942973523,74.13441955193483,75.9877800407332,0.9800399201596807,0.5484470726463999,True,True,True,True,True,True,True,True,True,True,True,True,True,True,True,
LUPIN-2024-05-16,LUPIN,2024-05-13 00:00:00,2024-05-16 00:00:00,3,1658.8096923828125,46.32432040931264,46.044278528667405,1599.9663148585105,1.2702480469086956,1633.6121826171875,1622.8553026261689,1592.8001403808594,1592.5948364257813,1317.7389254760742,1844037112.3758545,57.95918367346938,52.244897959183675,69.59183673469389,59.163265306122454,0.9780439121756487,1.1351495080857648,True,True,True,True,True,True,True,True,True,False,True,True,True,True,False,RS_FAIL
LUPIN-2025-12-11,LUPIN,2025-12-05 00:00:00,2025-12-11 00:00:00,4,2083.691650390625,35.27329923627006,35.3398253487856,2022.0386307009617,1.747866545646745,2066.81396484375,2060.0630092845663,2045.3049865722655,1984.0104150390625,1962.6094989013673,1943970745.668579,85.48387096774194,74.59677419354838,69.55645161290323,76.3508064516129,0.9880478087649402,0.6136004543378408,True,True,True,True,True,True,True,True,True,True,True,True,True,True,True,
LUPIN-2025-12-17,LUPIN,2025-12-12 00:00:00,2025-12-17 00:00:00,3,2098.682861328125,35.45356389461884,34.67739561533178,2062.64436256835,1.0164986196280505,2097.888916015625,2084.7836407080345,2056.7222106933596,1996.0570751953126,1966.0559588623046,1672834211.0625,87.09677419354838,74.19354838709677,75.60483870967742,78.48790322580645,0.9900199600798403,0.9760755485409582,True,True,True,True,True,True,True,True,True,True,True,True,True,True,True,
LUPIN-2025-12-31,LUPIN,2025-12-22 00:00:00,2025-12-31 00:00:00,6,2110.99365234375,33.468587683784385,32.14294979799971,2050.2344037471235,1.8154111900594048,2094.314697265625,2083.6917646642005,2080.757958984375,2025.5909399414063,1973.0813751220703,1337145871.2854004,66.80080482897385,75.0503018108652,77.06237424547284,73.17907444668008,0.9920159680638723,1.0050434395604224,True,True,True,True,True,True,True,True,True,True,True,True,True,True,True,
LUPIN-2026-02-23,LUPIN,2026-02-17 00:00:00,2026-02-23 00:00:00,4,2231.3212890625,47.65934784516192,45.32278824839336,2189.226525869365,0.8832425347047231,2225.26513671875,2225.0664589350404,2177.868798828125,2144.6893603515623,2003.417403564453,1712145917.8736572,56.024096385542165,86.94779116465864,80.72289156626506,75.80321285140562,0.9940119760479041,0.9620815953580574,True,True,True,True,True,True,True,True,True,True,True,True,True,True,True,
LUPIN-2026-03-20,LUPIN,2026-03-12 00:00:00,2026-03-20 00:00:00,6,2340.330810546875,47.38849090077322,50.253727491143245,2225.463842997571,2.42394229834885,2305.78125,2278.4793438488923,2285.59267578125,2214.987626953125,2032.0539935302734,2146845825.0286865,92.9718875502008,87.34939759036145,89.5582329317269,89.6987951807229,0.996,1.164957173562026,True,True,True,True,True,True,True,True,True,True,True,True,True,True,True,
M&M-2024-03-06,M&M,2024-03-01 00:00:00,2024-03-06 00:00:00,3,1922.8062744140625,49.03801335293557,49.683389828315725,1870.276295010281,1.071209370284101,1920.5648193359375,1917.9823173826867,1794.0954833984374,1684.5361083984376,1528.326117553711,4706931888.329041,94.90835030549898,67.82077393075356,60.4887983706721,73.74745417515275,0.9800399201596807,0.6710510827386077,True,True,True,True,True,True,True,True,True,True,True,True,True,True,True,
M&M-2024-04-22,M&M,2024-04-09 00:00:00,2024-04-22 00:00:00,7,2037.7584228515625,52.76676111541831,54.65557068860642,1947.414422149819,1.7121384521617935,2037.514892578125,2033.957560975381,1936.8939514160156,1850.6413305664062,1612.8203735351562,5842431361.674133,74.38524590163934,88.52459016393442,67.21311475409836,77.88934426229507,0.9740518962075848,0.8357437916061898,True,True,True,True,True,True,True,True,True,True,True,True,True,True,True,
M&M-2024-05-09,M&M,2024-05-06 00:00:00,2024-05-09 00:00:00,3,2168.401611328125,56.34386453413801,56.87491010701131,2105.1025079677956,1.1234427010589105,2156.31689453125,2139.2129652728295,2055.9857543945313,1943.4821826171874,1650.96287109375,5807825667.906067,90.98360655737704,94.67213114754098,79.91803278688525,89.13934426229508,0.9740518962075848,1.3934942631235698,True,True,True,True,True,True,True,True,True,True,True,True,True,True,True,
M&M-2025-07-09,M&M,2025-06-26 00:00:00,2025-07-09 00:00:00,9,3157.0166015625,72.10429000904962,59.16024239438026,3090.5445780276677,0.9218872209474572,3143.290771484375,3135.0769206505447,3080.3189208984377,3029.176630859375,2900.7148046875,6181657341.698608,75.0503018108652,67.6056338028169,54.52716297786721,65.91549295774648,0.9920159680638723,0.6103256895286695,True,True,True,True,True,True,True,True,True,False,True,True,True,True,False,RS_FAIL
M&M-2025-09-16,M&M,2025-09-09 00:00:00,2025-09-16 00:00:00,5,3657.88671875,90.39853375211854,87.49481033658093,3489.95031654635,1.8577336958157697,3570.50439453125,3565.951988201145,3405.08154296875,3264.9233935546877,2984.9261730957032,9232407489.141357,82.09255533199196,90.3420523138833,78.67203219315896,84.3661971830986,0.9920159680638723,0.8944402888066469,True,True,True,True,True,True,True,True,True,True,True,True,True,True,True,
M&M-2025-11-17,M&M,2025-11-12 00:00:00,2025-11-17 00:00:00,3,3715.283935546875,72.89950162641496,71.0731694901138,3622.4586948147216,1.2733316231412803,3696.08544921875,3678.1736521691637,3590.786376953125,3530.9992138671873,3101.8462854003906,7557051649.149292,77.93522267206477,79.55465587044534,80.5668016194332,79.37246963562752,0.9840637450199203,0.9977740765085855,True,True,True,True,True,True,True,True,True,True,True,True,True,True,True,
M&M-2025-12-05,M&M,2025-11-28 00:00:00,2025-12-05 00:00:00,5,3718.252685546875,65.07116007421983,66.22992529589065,3582.5773837929173,2.0850297059282044,3678.470703125,3639.974624570385,3669.7174560546873,3562.0570556640623,3148.610460205078,7317927783.652466,76.41129032258065,73.58870967741935,89.31451612903226,79.15322580645162,0.9880478087649402,1.197912782331227,True,True,True,True,True,True,True,True,True,True,True,True,True,True,True,
M&MFIN-2025-10-28,M&MFIN,2025-10-21 00:00:00,2025-10-28 00:00:00,4,293.6433410644531,7.519810555859675,6.708250436843241,289.7313513215968,0.5202245074921472,293.3010559082031,293.00764430153663,281.47218627929686,270.9509030151367,260.65295349121095,512894271.79841614,81.94726166328601,91.07505070993915,68.55983772819472,81.58215010141987,0.9801192842942346,0.5723762389736459,True,True,True,True,True,True,True,True,True,True,True,True,True,True,True,
M&MFIN-2025-11-11,M&MFIN,2025-11-03 00:00:00,2025-11-11 00:00:00,5,311.589599609375,8.217866787313096,8.484020134338536,297.01744833326967,1.7732279742721195,310.7582702636719,310.4159858257909,297.98320922851565,280.3621618652344,262.9191968536377,495563047.5653229,93.52226720647774,94.73684210526315,86.43724696356276,91.88259109311741,0.9821073558648111,0.9114605450831407,True,True,True,True,True,True,True,True,True,True,True,True,True,True,True,
M&MFIN-2025-12-05,M&MFIN,2025-11-28 00:00:00,2025-12-05 00:00:00,5,363.6678771972656,11.034857050887735,13.340657757761907,336.1373095022305,2.4948730706774622,359.4624938964844,347.579847257944,333.5651550292969,305.7225817871094,269.0549326324463,1239367722.9829254,99.39516129032258,98.99193548387096,97.17741935483872,98.56854838709677,0.9880478087649402,4.156498288548111,True,True,True,True,True,True,True,True,True,True,True,True,True,True,True,
MAHABANK-2025-10-28,MAHABANK,2025-10-21 00:00:00,2025-10-28 00:00:00,4,58.24287033081055,1.7507608530402894,1.7181730897048968,56.137471430377985,1.2025622441673998,58.23316955566406,57.854777843812194,55.88909282684326,54.06195686340332,50.401552295684816,697381866.0912571,86.00405679513185,69.77687626774848,74.64503042596348,76.10547667342799,0.9801192842942346,2.3770175416324597,True,True,True,True,True,True,True,True,True,True,True,True,True,True,True,
MAHABANK-2025-11-25,MAHABANK,2025-11-19 00:00:00,2025-11-25 00:00:00,4,59.31982421875,1.7319469015798077,1.7048063302672933,56.27330372432909,1.7590149511177307,57.83537292480469,57.77715851466679,57.16445941925049,56.007460861206056,51.32827255249023,884131208.4137115,69.63562753036437,77.93522267206477,80.97165991902834,76.35627530364371,0.9840637450199203,0.7316534665403864,True,True,True,True,True,True,True,True,True,True,True,True,True,True,True,
MAHABANK-2026-04-27,MAHABANK,2026-04-21 00:00:00,2026-04-27 00:00:00,4,78.97579956054688,3.024836110410796,2.9343922962864277,74.6123302961684,1.4425473331796106,78.55225372314453,77.21268021619655,69.91938571929931,67.9146533203125,59.35781589508056,1257951720.3651428,86.9120654396728,84.66257668711657,94.68302658486708,88.34355828220859,0.978,1.105906109268031,True,True,True,True,True,True,True,True,True,True,True,True,True,True,True,
MANAPPURAM-2023-09-11,MANAPPURAM,2023-08-31 00:00:00,2023-09-11 00:00:00,7,147.82969665527344,4.828404163969751,4.627810598926353,137.78953531048845,2.0793953869284856,141.996826171875,140.89721033332916,140.99724884033202,132.2860008239746,115.65857627868652,1882744267.8261337,23.92638036809816,71.57464212678937,60.940695296523515,54.08997955010225,0.9760479041916168,0.7328048271848011,True,True,True,True,True,True,True,True,True,False,True,True,True,True,False,RS_FAIL
MANAPPURAM-2023-12-07,MANAPPURAM,2023-12-04 00:00:00,2023-12-07 00:00:00,3,160.9188690185547,6.228161510314171,5.851869905941723,156.25523961576303,0.7487971201563149,159.8611297607422,159.62073494347052,147.87225723266602,140.12438217163086,124.38242767333985,1637598879.7120056,83.46938775510205,57.14285714285714,81.22448979591836,72.26530612244898,0.9780439121756487,0.5098606280642283,True,True,True,True,True,True,True,True,True,True,True,True,True,True,True,
MANAPPURAM-2024-01-03,MANAPPURAM,2023-12-22 00:00:00,2024-01-03 00:00:00,6,169.8614501953125,6.624844651312037,5.853506046215762,161.64003580335515,1.2409973100771683,167.21714782714844,166.7363486261237,162.99825134277344,149.35485946655274,129.907216796875,1194280707.195343,45.102040816326536,62.244897959183675,62.857142857142854,57.285714285714285,0.9780439121756487,1.5544172520547381,True,True,True,True,True,True,True,True,True,False,True,True,True,True,False,RS_FAIL
MANAPPURAM-2024-04-22,MANAPPURAM,2024-04-09 00:00:00,2024-04-22 00:00:00,7,189.28662109375,6.306340759369575,6.296874518608859,178.12656529493827,1.7696563228415463,184.55203247070312,183.53748513578583,179.13384170532225,174.56926879882812,151.50400375366212,1112868215.6097717,79.30327868852459,69.4672131147541,65.77868852459017,71.31147540983606,0.9740518962075848,1.0042595301644455,True,True,True,True,True,True,True,True,True,True,True,True,True,True,True,
MANAPPURAM-2025-03-05,MANAPPURAM,2025-02-27 00:00:00,2025-03-05 00:00:00,4,205.75889587402344,9.52312689249097,9.157502489689223,192.17403528549167,1.426512608925068,201.23390197753906,197.5980883806539,196.87926177978517,190.1893865966797,185.06042526245116,2147398074.531517,91.53225806451613,99.39516129032258,87.90322580645162,93.58870967741936,0.992,0.6903996959107835,True,True,True,True,True,True,True,True,True,True,True,True,True,True,True,
MANAPPURAM-2025-03-12,MANAPPURAM,2025-03-07 00:00:00,2025-03-12 00:00:00,3,205.88735961914062,8.675110708184288,8.52973210615743,195.62212333662686,1.1832974388245352,203.98052978515625,203.3086922160036,197.2457275390625,192.02114562988282,185.808660736084,2115083396.306923,85.28225806451613,98.99193548387096,91.53225806451613,92.64112903225805,0.992,0.5525418556132053,True,True,True,True,True,True,True,True,True,True,True,True,True,True,True,
MANAPPURAM-2025-06-20,MANAPPURAM,2025-06-13 00:00:00,2025-06-20 00:00:00,5,276.777099609375,7.556558607942155,7.9765227737671225,258.2817202492767,2.4475929215528263,268.7670593261719,265.1036359736942,250.05780258178712,236.1127151489258,198.18004478454588,2360179875.764984,96.75456389452333,79.91886409736308,99.59432048681542,90.87221095334687,0.9801192842942346,1.0165727278931782,True,True,True,True,True,True,True,True,True,True,True,True,True,True,True,
MANAPPURAM-2025-09-12,MANAPPURAM,2025-09-08 00:00:00,2025-09-12 00:00:00,4,289.7791442871094,8.026355386240285,7.510526379781062,281.39627885503637,1.0444174259270764,288.88629150390625,288.5886746442058,273.99058837890624,266.4484594726562,224.77577644348145,849575154.5722046,91.95171026156942,67.80684104627767,86.31790744466801,80.60362173038229,0.9920159680638723,0.7609716893918164,True,True,True,True,True,True,True,True,True,True,True,True,True,True,True,
MANAPPURAM-2026-07-10,MANAPPURAM,2026-07-06 00:00:00,2026-07-10 00:00:00,4,345.1083068847656,10.736033992648318,10.431462879332908,328.2068738215013,1.5742715675861196,340.3220520019531,335.18681658119357,323.9740478515625,316.2001892089844,291.35779541015626,758432026.8802185,85.6,88.2,63.6,80.03999999999999,1.0,0.7911113336040484,True,True,True,True,True,True,True,True,True,True,True,True,True,True,True,
MANAPPURAM-2026-08-10,MANAPPURAM,2026-07-31 00:00:00,2026-08-10 00:00:00,6,370.7845458984375,10.428040239285748,10.811091131217491,350.9914212744486,1.8980675342450142,368.2418212890625,367.44414347081096,352.4073425292969,331.74272399902344,298.3629159545898,1427963891.7966614,81.0,80.0,76.4,79.22,1.0,0.7188276512740904,True,True,True,True,True,True,True,True,True,True,True,True,True,True,True,
MANKIND-2026-07-03,MANKIND,2026-06-30 00:00:00,2026-07-03 00:00:00,3,2545.60009765625,66.37794961373096,65.64150265301843,2475.10009765625,1.0620996944053895,2528.60009765625,2509.60009765625,2440.5550170898437,2408.4180029296876,2275.8125,902416751.826416,66.8,76.0,75.0,72.94,1.0,1.0382243457969886,True,True,True,True,True,True,True,True,True,True,True,True,True,True,True,
MANYAVAR-2024-09-10,MANYAVAR,2024-09-05 00:00:00,2024-09-10 00:00:00,3,1276.4356689453125,36.93411046130273,40.47709876567001,1203.1670873564647,1.9837646195815144,1255.6572265625,1254.9645936466904,1187.9099365234374,1116.9764489746094,1080.418408203125,148707773.8255005,87.2210953346856,66.32860040567951,63.894523326572006,71.86612576064908,0.9820717131474104,1.2273439376093493,True,True,True,True,True,True,True,True,True,True,True,True,True,True,True,
MANYAVAR-2024-09-27,MANYAVAR,2024-09-23 00:00:00,2024-09-27 00:00:00,4,1341.6895751953125,37.14867359988692,40.08392424319675,1293.206697181402,1.3051038789728984,1336.4454345703125,1324.6216319787468,1273.3633422851562,1178.286220703125,1077.8608911132812,206709520.39123535,80.73022312373224,90.26369168356997,77.28194726166329,83.50912778904666,0.986,2.6128536640169067,True,True,True,True,True,True,True,True,True,True,True,True,True,True,True,
MANYAVAR-2024-11-07,MANYAVAR,2024-10-31 00:00:00,2024-11-07 00:00:00,5,1386.8577880859375,54.1692712157813,52.60872170667899,1314.0345382996734,1.3443645844186343,1379.634765625,1377.6065644002485,1317.9403686523438,1294.0506811523437,1082.9705621337891,111836271.77050781,84.28571428571429,92.04081632653062,88.57142857142857,88.6734693877551,0.98,0.89145621562473,True,True,True,True,True,True,True,True,True,True,True,True,True,True,True,
MAPMYINDIA-2023-11-30,MAPMYINDIA,2023-11-16 00:00:00,2023-11-30 00:00:00,9,2262.570556640625,89.2929733351855,86.52022267640548,2112.831786297876,1.676937890517585,2210.604248046875,2194.9048298900407,2138.3332092285154,2029.3759130859376,1445.9256967163085,267881685.82312012,46.53061224489796,83.46938775510205,96.12244897959184,76.18367346938776,0.9780439121756487,1.7045333290864064,True,True,True,True,True,True,True,True,True,True,True,True,True,True,True,
MARICO-2024-06-18,MARICO,2024-06-07 00:00:00,2024-06-18 00:00:00,6,640.2117309570312,18.711038437827824,17.97460779382355,593.4948788221994,2.4967535762411273,611.2894897460938,609.769820954088,604.9878479003906,556.8832348632812,528.623634185791,1454010290.961975,42.15885947046843,70.46843177189409,45.824847250509166,54.58248472505091,0.9780876494023905,0.8204278776149758,True,True,True,True,True,True,True,True,True,False,True,True,True,True,False,RS_FAIL
MARICO-2024-07-23,MARICO,2024-07-18 00:00:00,2024-07-23 00:00:00,3,671.43798828125,16.590111256453685,16.4418847503811,647.0256261197775,1.471500810579309,659.3788452148438,658.9867219946835,624.6182403564453,610.3855346679687,536.9547547912598,1557865442.877777,85.39553752535497,87.4239350912779,67.54563894523326,80.85192697768763,0.9801192842942346,0.7107001253209264,True,True,True,True,True,True,True,True,True,True,True,True,True,True,True,
MARICO-2025-01-17,MARICO,2025-01-10 00:00:00,2025-01-17 00:00:00,5,660.7025146484375,18.202240298976186,17.3768570034014,632.7605826409366,1.5350820310328797,651.3884887695312,649.819775170278,636.3121459960937,622.0201293945313,616.5197491455078,1024684417.0948486,90.9090909090909,80.0,64.64646464646465,78.66666666666666,0.9880239520958084,1.4484231636815434,True,True,True,True,True,True,True,True,True,True,True,True,True,True,True,
MARICO-2026-01-16,MARICO,2026-01-06 00:00:00,2026-01-16 00:00:00,7,775.5036010742188,13.506120327173035,11.905119815625735,743.6990584602753,2.354824467982543,756.689697265625,754.9476676808025,749.9206085205078,736.0669702148438,713.5271072387695,868667366.3603516,69.81891348088531,78.26961770623743,73.64185110663985,74.34607645875252,0.9920159680638723,2.332376601437275,True,True,True,True,True,True,True,True,True,True,True,True,True,True,True,
MARICO-2026-07-27,MARICO,2026-07-22 00:00:00,2026-07-27 00:00:00,3,858.7230834960938,16.354268918197945,16.186069072425926,837.6693490581853,1.2873540568041704,854.7412719726562,854.0942382554047,845.2322509765625,827.8850793457032,769.4428366088868,1255271719.310913,71.0,70.0,66.60000000000001,69.28,1.0,0.6739060401785565,True,True,True,True,True,True,True,True,True,False,True,True,True,True,False,RS_FAIL
MARUTI-2024-04-04,MARUTI,2024-03-28 00:00:00,2024-04-04 00:00:00,4,12226.005859375,264.69926686733544,249.98209700229322,11952.092940167218,1.034808000979708,12193.8896484375,12153.380156383902,11586.405224609374,10962.6508203125,10072.155395507812,5798386753.131836,81.72484599589322,80.49281314168378,45.58521560574948,70.39014373716633,0.9720558882235529,0.9835772087462727,True,True,True,True,True,True,True,True,True,True,True,True,True,True,True,
MARUTI-2025-09-12,MARUTI,2025-09-09 00:00:00,2025-09-12 00:00:00,3,15212.22265625,284.69459133531217,276.6739164851942,14888.473989602311,1.1371788453345746,15172.62109375,15039.952678284924,14513.0943359375,13200.15701171875,12113.491333007812,8372417070.449707,96.78068410462777,93.96378269617706,78.67203219315896,90.22132796780684,0.9920159680638723,0.7405381536652673,True,True,True,True,True,True,True,True,True,True,True,True,True,True,True,
MARUTI-2025-10-07,MARUTI,2025-09-26 00:00:00,2025-10-07 00:00:00,6,16124.0654296875,278.53893131444613,272.66596514639326,15551.812238492703,2.054481894126223,15947.8349609375,15897.342062227994,15633.987109375,14318.11123046875,12500.033427734375,7627549448.3671875,84.78701825557809,96.75456389452333,89.04665314401623,90.85192697768763,0.9840319361277445,0.6746000302249306,True,True,True,True,True,True,True,True,True,True,True,True,True,True,True,
MASTEK-2024-12-03,MASTEK,2024-11-27 00:00:00,2024-12-03 00:00:00,4,3215.60693359375,114.05538674400563,109.88472849747141,3110.4768049855566,0.9217462814286475,3201.984375,3198.2828418468143,3051.15205078125,2847.7504833984376,2721.8261267089842,488352230.87841797,92.51012145748987,88.8663967611336,85.02024291497976,88.80566801619433,0.988,0.8413229822688539,True,True,True,True,True,True,True,True,True,True,True,True,True,True,True,
MAXHEALTH-2023-12-08,MAXHEALTH,2023-12-04 00:00:00,2023-12-08 00:00:00,4,688.1871337890625,24.064893852880008,23.815800903716944,648.9701477528092,1.6296346984119323,675.0484619140625,669.1758012457282,624.7532440185547,593.16771484375,541.7472319030762,797227656.4327698,76.32653061224491,70.40816326530613,59.591836734693885,68.9387755102041,0.9780439121756487,1.224404689932077,True,True,True,True,True,True,True,True,True,False,True,True,True,True,False,RS_FAIL
MAXHEALTH-2024-06-27,MAXHEALTH,2024-06-20 00:00:00,2024-06-27 00:00:00,5,930.4560546875,37.82318016506223,40.731942455251996,847.3938231586227,2.1960668343166705,916.4713134765625,883.7242106987203,851.9301391601563,824.1194775390625,719.7614575195313,1751700091.6854248,86.9653767820774,66.80244399185335,74.54175152749491,75.17311608961303,0.9780876494023905,2.169065740945595,True,True,True,True,True,True,True,True,True,True,True,True,True,True,True,
MAXHEALTH-2024-07-08,MAXHEALTH,2024-07-01 00:00:00,2024-07-08 00:00:00,5,951.3583984375,41.367003840828765,35.45358281577005,899.7991838360774,1.246385036726644,922.0950317382812,920.7015549805002,898.3235443115234,843.1944250488282,731.544927368164,1751700091.6854248,64.3002028397566,51.115618661257614,68.55983772819472,60.30425963488844,0.9820717131474104,1.0972628691064075,True,True,True,True,True,True,True,True,True,False,True,True,True,True,False,RS_FAIL
MAXHEALTH-2024-12-26,MAXHEALTH,2024-12-17 00:00:00,2024-12-26 00:00:00,6,1205.2149658203125,37.217830478622545,37.16646908937384,1127.0442296172553,2.100357145964151,1152.320068359375,1148.531267621857,1114.236749267578,1039.0582556152344,905.3189443969727,2478017867.876465,96.35627530364373,91.90283400809717,88.46153846153845,92.20647773279352,0.988,0.2921263072219158,True,True,True,True,True,True,True,True,True,True,True,True,True,True,True,
MAXHEALTH-2025-04-03,MAXHEALTH,2025-03-25 00:00:00,2025-04-03 00:00:00,6,1169.3201904296875,41.22567730671609,41.02837031281571,1076.2431184984582,2.2577451242036006,1118.0206298828125,1095.9353735691257,1061.2621215820313,1051.3970544433594,998.08955078125,2193505852.5843506,73.60824742268042,71.1340206185567,94.84536082474226,78.98969072164948,0.97,0.6819505307972077,True,True,True,True,True,True,True,True,True,True,True,True,True,True,True,
MAXHEALTH-2025-05-23,MAXHEALTH,2025-05-19 00:00:00,2025-05-23 00:00:00,4,1184.5255126953125,38.90476517899699,40.223254368650586,1115.029462029111,1.7863120454899792,1173.657470703125,1150.625004917046,1137.7228454589845,1102.0006323242187,1030.9560452270507,2253361074.7786865,56.30081300813008,66.05691056910568,83.53658536585365,68.3739837398374,0.9781312127236581,0.5984569957456756,True,True,True,True,True,True,True,True,True,False,True,True,True,True,False,RS_FAIL
MAXHEALTH-2025-07-16,MAXHEALTH,2025-07-03 00:00:00,2025-07-16 00:00:00,9,1297.5938720703125,37.02158825419898,33.80310626935749,1213.3437218590973,2.2757032905431758,1263.9537353515625,1261.3583579860751,1251.0176208496093,1199.63208984375,1090.725408630371,2340860500.8566895,51.91146881287726,63.581488933601605,62.57545271629779,59.77867203219316,0.994,0.7288520127748369,True,True,True,True,True,True,True,True,True,False,True,True,True,True,False,RS_FAIL
MAZDOCK-2025-03-13,MAZDOCK,2025-03-07 00:00:00,2025-03-13 00:00:00,4,2316.93603515625,117.84077962931656,108.50062044252972,2201.7928756323745,0.9771079238110376,2294.93798828125,2275.3676712896718,2163.0160949707033,2206.5500610351564,2185.7310186767577,6519426459.732422,91.33064516129032,86.08870967741935,95.96774193548387,90.625,0.992,0.9883209163669018,True,True,True,True,True,True,True,True,True,True,True,True,True,True,True,
MAZDOCK-2025-05-09,MAZDOCK,2025-05-05 00:00:00,2025-05-09 00:00:00,4,3074.778564453125,151.95918326986208,165.95143042498117,2754.354833583323,2.1086170902930315,2898.6943359375,2896.7101489050942,2749.3290893554686,2518.3034716796874,2290.9363360595703,12963474539.3031,91.37577002053389,97.5359342915811,98.97330595482546,96.11909650924025,0.9720558882235529,2.170852612207393,True,True,True,True,True,True,True,True,True,True,True,True,True,True,True,
MAZDOCK-2025-05-22,MAZDOCK,2025-05-16 00:00:00,2025-05-22 00:00:00,4,3494.305419921875,182.34107920398492,186.36766088583855,3258.798997016067,1.2915708513622814,3472.084228515625,3401.6504598989627,3037.0469482421877,2717.1071826171874,2322.936782836914,21245646067.9292,97.5609756097561,98.98373983739837,99.59349593495935,98.73983739837398,0.9781312127236581,0.9634526942248824,True,True,True,True,True,True,True,True,True,True,True,True,True,True,True,
MCX-2023-09-08,MCX,2023-09-01 00:00:00,2023-09-08 00:00:00,5,359.0301513671875,10.092506709927303,9.906741159200143,346.6589736641304,1.2257784967225689,355.8020324707031,354.050171509756,325.85037384033205,319.45160705566406,299.64398025512696,299487460.5352783,75.66462167689161,54.19222903885481,46.830265848670756,58.42535787321063,0.9760479041916168,1.395683340963003,True,True,True,True,True,True,True,True,True,False,True,True,True,True,False,RS_FAIL
MCX-2023-11-23,MCX,2023-11-16 00:00:00,2023-11-23 00:00:00,5,590.2849731445312,24.069476315876695,21.966521213837634,565.3034811754555,1.0378909636931912,582.2661743164062,580.017769500368,521.5727630615235,445.7322888183594,334.48036041259763,2864120364.600067,98.16326530612245,99.59183673469387,97.14285714285714,98.42857142857143,0.9780439121756487,0.7423872911246979,True,True,True,True,True,True,True,True,True,True,True,True,True,True,True,
MCX-2024-04-18,MCX,2024-04-10 00:00:00,2024-04-18 00:00:00,4,776.7960205078125,25.582504641289837,28.57991033818661,728.2953212098022,1.8958542167028793,774.099853515625,756.5202478431364,701.8259582519531,711.5393249511719,521.3954026794434,1437387295.2612305,92.21311475409836,83.40163934426229,93.85245901639344,89.18032786885246,0.9740518962075848,3.26127782660769,True,True,True,True,True,True,True,True,True,True,True,True,True,True,True,
MCX-2024-10-01,MCX,2024-09-24 00:00:00,2024-10-01 00:00:00,5,1171.396240234375,35.383039883286635,36.215673602284326,1121.7159310123818,1.4040712552077794,1161.2847900390625,1149.9879556712149,1110.1188049316406,985.2564318847657,783.0516030883789,2158411755.5285645,91.00204498977506,97.34151329243353,91.41104294478528,93.66053169734151,0.978,0.9249537426625183,True,True,True,True,True,True,True,True,True,True,True,True,True,True,True,
MCX-2024-12-16,MCX,2024-12-06 00:00:00,2024-12-16 00:00:00,6,1378.734375,47.485173734745686,44.66734996674544,1282.90033618633,2.018188652925718,1336.24658203125,1326.1351142544909,1268.9107666015625,1268.6461645507814,937.276276550293,1868680229.0292358,72.06477732793523,96.15384615384616,97.16599190283401,89.23076923076924,0.988,0.9042906509495557,True,True,True,True,True,True,True,True,True,True,True,True,True,True,True,
MCX-2025-06-16,MCX,2025-06-09 00:00:00,2025-06-16 00:00:00,5,1585.04638671875,49.79934268817464,52.24536275325247,1468.7904445111772,2.3344874838112872,1559.5438232421875,1531.8495370373598,1388.9303833007812,1256.6461950683595,1187.929309387207,3859958936.958313,96.55172413793103,97.56592292089249,88.84381338742394,94.64503042596348,0.9801192842942346,1.909344591285201,True,True,True,True,True,True,True,True,True,True,True,True,True,True,True,
MCX-2025-10-27,MCX,2025-10-15 00:00:00,2025-10-27 00:00:00,7,1908.199951171875,50.61069777922648,52.00564728836871,1795.0999755859375,2.234704925020026,1861.0999755859375,1851.5999755859375,1742.6949890136718,1639.567998046875,1381.432317199707,4226395965.0,97.56592292089249,88.84381338742394,95.94320486815415,93.59026369168356,0.9801192842942346,1.3045717793375857,True,True,True,True,True,True,True,True,True,True,True,True,True,True,True,
MCX-2025-12-05,MCX,2025-11-27 00:00:00,2025-12-05 00:00:00,6,2084.89990234375,50.730450531559846,53.53107896241424,1990.199951171875,1.8667279746108574,2068.60009765625,2061.60009765625,1979.6900024414062,1849.5479956054687,1492.1118167114257,4497548568.887939,96.37096774193549,97.58064516129032,97.58064516129032,97.21774193548387,0.9880478087649402,0.836002103956091,True,True,True,True,True,True,True,True,True,True,True,True,True,True,True,
MCX-2026-01-13,MCX,2026-01-07 00:00:00,2026-01-13 00:00:00,4,2305.0,60.5046142693737,65.38031778809825,2174.0,2.165124124529949,2293.0,2249.0,2177.2499938964843,2055.6719995117187,1637.1573880004883,4933024824.633789,97.78672032193158,98.39034205231388,97.78672032193158,98.0281690140845,0.9920159680638723,1.2113280896455123,True,True,True,True,True,True,True,True,True,True,True,True,True,True,True,
MCX-2026-03-16,MCX,2026-03-10 00:00:00,2026-03-16 00:00:00,4,2578.199951171875,94.82994113436801,94.97704157916209,2440.800048828125,1.4489084428415182,2555.60009765625,2544.0,2459.959997558594,2409.7819970703126,1904.0289422607423,7151745296.970459,93.37349397590361,98.99598393574297,99.59839357429718,97.48995983935743,0.996,1.183990518190564,True,True,True,True,True,True,True,True,True,True,True,True,True,True,True,
MCX-2026-04-27,MCX,2026-04-16 00:00:00,2026-04-27 00:00:00,7,2862.199951171875,105.84014996773116,91.05420419957211,2756.0,1.0033994774596742,2830.0,2813.300048828125,2668.234997558594,2542.8619970703126,2041.3690130615234,9102306852.565186,74.64212678936605,78.93660531697341,98.56850715746421,83.53783231083844,0.978,0.4801315701664195,True,True,True,True,True,True,True,True,True,True,True,True,True,True,True,
MEDANTA-2023-11-23,MEDANTA,2023-11-13 00:00:00,2023-11-23 00:00:00,7,910.1994018554688,34.00738848701049,27.20650250204516,880.6705476503503,0.8683070214696833,897.6083984375,897.5085306237432,845.400747680664,775.9773718261719,632.8024577331543,278589832.7702637,90.0,89.59183673469387,84.6938775510204,88.24489795918367,0.9780439121756487,0.31831462867328303,True,True,True,True,True,True,True,True,True,True,True,True,True,True,True,
MEDANTA-2024-01-17,MEDANTA,2024-01-11 00:00:00,2024-01-17 00:00:00,4,1044.953125,32.44666491560432,32.05797890612145,990.9917036963715,1.6630806723583254,1029.1644287109375,1022.0195144495711,980.5341705322265,940.7965673828126,721.3409257507324,319780294.49468994,86.53061224489797,83.6734693877551,77.3469387755102,82.63265306122449,0.9780439121756487,1.6893047628505833,True,True,True,True,True,True,True,True,True,True,True,True,True,True,True,
MEDANTA-2024-04-22,MEDANTA,2024-04-10 00:00:00,2024-04-22 00:00:00,6,1424.681640625,53.59714652970644,54.349139565908594,1324.053656634963,1.8774877116688187,1421.683837890625,1407.9936510738657,1347.0871826171874,1324.0976098632811,945.8479617309571,246757371.09240723,88.31967213114754,94.67213114754098,93.85245901639344,92.5204918032787,0.9740518962075848,0.6916633899090229,True,True,True,True,True,True,True,True,True,True,True,True,True,True,True,
MEDANTA-2025-08-01,MEDANTA,2025-07-28 00:00:00,2025-08-01 00:00:00,4,1354.4320068359375,36.50549350584192,40.57204727046688,1290.677451414144,1.7464372974875977,1336.544677734375,1329.5496915192223,1306.845947265625,1230.2906469726563,1160.7655987548828,303995002.9180908,96.78068410462777,67.0020120724346,87.32394366197182,82.03219315895372,0.9920159680638723,1.012271671651382,True,True,True,True,True,True,True,True,True,True,True,True,True,True,True,
MEDANTA-2026-07-09,MEDANTA,2026-07-06 00:00:00,2026-07-09 00:00:00,3,1350.6209716796875,31.0738950563025,34.23732418321272,1295.4406040382796,1.775778914790923,1347.822021484375,1340.2246483986862,1298.2795654296874,1246.2390161132812,1194.849490661621,293817665.10443115,76.8,89.0,68.0,79.03999999999999,1.0,1.0209349721798884,True,True,True,True,True,True,True,True,True,True,True,True,True,True,True,
MEDANTA-2026-08-18,MEDANTA,2026-08-10 00:00:00,2026-08-18 00:00:00,6,1475.6766357421875,41.06442657869773,41.93865820899777,1379.5107674162407,2.3418290802539317,1442.699951171875,1429.5,1417.428204345703,1348.23220703125,1200.8634475708009,386782146.7746582,82.0,76.4,80.60000000000001,79.34,1.0,1.1406075900796198,True,True,True,True,True,True,True,True,True,True,True,True,True,True,True,
METROBRAND-2023-12-12,METROBRAND,2023-12-04 00:00:00,2023-12-12 00:00:00,6,1347.71923828125,48.40843360736435,46.95297415892035,1253.7150468116934,1.9418969891076134,1310.9371337890625,1296.4973270664632,1297.9000061035156,1221.2219091796876,1000.4950784301758,106910228.0802002,33.87755102040816,85.10204081632654,70.40816326530613,65.32653061224491,0.9780439121756487,1.1741328588792785,True,True,True,True,True,True,True,True,True,False,True,True,True,True,False,RS_FAIL
METROPOLIS-2023-11-17,METROPOLIS,2023-11-10 00:00:00,2023-11-17 00:00:00,4,403.5791320800781,13.834907660386596,13.089382235322182,390.8128211371107,0.9227608348641989,402.7188415527344,401.6169867924607,374.8883056640625,367.24253845214844,338.7683416748047,466892339.5633545,71.0204081632653,77.55102040816327,56.326530612244895,69.22448979591836,0.9780439121756487,1.2983722069407286,True,True,True,True,True,True,True,True,True,False,True,True,True,True,False,RS_FAIL
MFSL-2024-09-26,MFSL,2024-09-23 00:00:00,2024-09-26 00:00:00,3,1195.949951171875,29.735737515547516,28.911500016149468,1170.199951171875,0.8659613701034471,1195.4000244140625,1191.4000244140625,1143.410009765625,1096.4659997558595,1003.6847509765626,1101888063.4397583,86.81541582150102,82.1501014198783,50.709939148073026,74.11764705882354,0.986,0.443931340896142,True,True,True,True,True,True,True,True,True,True,True,True,True,True,True,
MFSL-2024-10-31,MFSL,2024-10-24 00:00:00,2024-10-31 00:00:00,5,1287.800048828125,40.2117969629669,39.34738212002201,1244.4000244140625,1.0792858735965418,1283.0,1279.9000244140625,1212.4125,1164.6380029296874,1031.553000793457,1059166657.5216675,95.3061224489796,88.57142857142857,78.77551020408163,87.65306122448979,0.98,1.1269507401995764,True,True,True,True,True,True,True,True,True,True,True,True,True,True,True,
MFSL-2025-09-01,MFSL,2025-08-21 00:00:00,2025-09-01 00:00:00,6,1659.199951171875,36.57285467742599,36.26374238539312,1594.4000244140625,1.771803905638496,1629.199951171875,1622.800048828125,1581.989990234375,1578.4039990234376,1290.088000793457,702962493.2171631,90.54325955734407,75.65392354124748,95.77464788732394,86.1569416498994,0.9920159680638723,1.8158769693480739,True,True,True,True,True,True,True,True,True,True,True,True,True,True,True,
MFSL-2025-11-20,MFSL,2025-11-12 00:00:00,2025-11-20 00:00:00,6,1718.800048828125,42.61488579758092,40.51315671938982,1656.0,1.4736646045802595,1692.5999755859375,1688.5,1607.8250061035155,1589.9159985351562,1418.3812496948242,1130008765.685669,91.7004048582996,61.336032388663966,83.40080971659918,77.06477732793522,0.9840637450199203,0.7448749361402209,True,True,True,True,True,True,True,True,True,True,True,True,True,True,True,
MFSL-2025-12-08,MFSL,2025-11-26 00:00:00,2025-12-08 00:00:00,8,1736.699951171875,42.24112862888428,39.39950950265743,1648.199951171875,2.0951144742729273,1695.300048828125,1694.800048828125,1691.2450134277344,1618.4280029296874,1454.307749938965,1129568807.7402954,88.91129032258065,78.62903225806451,82.66129032258065,82.92338709677419,0.9880478087649402,1.1898917439243775,True,True,True,True,True,True,True,True,True,True,True,True,True,True,True,
MGL-2024-02-14,MGL,2024-02-06 00:00:00,2024-02-14 00:00:00,6,1446.2108154296875,40.54208675232633,41.719175520617114,1353.5807041102694,2.284788937611924,1404.869140625,1394.5455176040618,1328.5208129882812,1198.6525805664062,1028.8929486083985,938973374.00531,91.83673469387756,86.53061224489797,74.28571428571429,84.44897959183675,0.9780439121756487,0.2887915794054451,True,True,True,True,True,True,True,True,True,True,True,True,True,True,True,
MGL-2024-07-15,MGL,2024-07-01 00:00:00,2024-07-15 00:00:00,10,1646.8863525390625,56.74205205283102,62.70112553801802,1547.6566307997368,1.7487862731318828,1642.455322265625,1628.8316802928275,1518.1633056640626,1366.5951391601564,1221.353547668457,1055333734.7680664,91.07505070993915,66.73427991886409,77.079107505071,77.13995943204867,0.9801192842942346,1.3985187742114304,True,True,True,True,True,True,True,True,True,True,True,True,True,True,True,
MGL-2025-07-17,MGL,2025-07-07 00:00:00,2025-07-17 00:00:00,8,1482.178466796875,41.93301310598599,36.78883615964825,1401.9543112744645,1.913150274215767,1463.059326171875,1430.4891608907405,1422.4042663574219,1357.9991064453125,1318.1886657714845,600385277.994812,70.22132796780684,72.83702213279678,73.03822937625755,72.11267605633803,0.994,2.4376194843670467,True,True,True,True,True,True,True,True,True,True,True,True,True,True,True,
MHRIL-2023-09-08,MHRIL,2023-09-04 00:00:00,2023-09-08 00:00:00,4,414.8500061035156,14.47897060503353,13.954982202148983,398.20001220703125,1.1499432073365838,409.79998779296875,406.8999938964844,384.52750091552736,351.5740002441406,297.2630004119873,152145071.6437683,90.38854805725971,88.95705521472392,81.39059304703477,87.11656441717791,0.9760479041916168,0.618760897962735,True,True,True,True,True,True,True,True,True,True,True,True,True,True,True,
MINDACORP-2024-10-01,MINDACORP,2024-09-26 00:00:00,2024-10-01 00:00:00,3,615.5237426757812,26.95515546883575,25.236543462541384,588.2577954959795,1.0115299543096798,609.6028442382812,602.0897526592307,565.5469635009765,541.931708984375,448.8174124145508,394113362.6505127,84.45807770961146,84.66257668711657,78.93660531697341,82.88343558282209,0.978,0.6201126861613536,True,True,True,True,True,True,True,True,True,True,True,True,True,True,True,
MINDACORP-2025-11-26,MINDACORP,2025-11-12 00:00:00,2025-11-26 00:00:00,10,606.3023071289062,20.334400014376893,17.742481122538685,580.1583190228571,1.2857024592594204,594.3779296875,594.2281810639619,589.7877044677734,573.9226593017578,528.5036288452148,173296024.51831055,85.62753036437248,88.46153846153845,68.0161943319838,81.47773279352225,0.9840637450199203,0.908705340472721,True,True,True,True,True,True,True,True,True,True,True,True,True,True,True,
MINDACORP-2026-07-09,MINDACORP,2026-07-01 00:00:00,2026-07-09 00:00:00,6,708.702880859375,21.175222040460657,21.731355708923637,678.7365643158819,1.4151594956706872,704.657470703125,703.9082636626349,674.4014678955078,613.0604638671875,574.5205902099609,246280512.79891968,71.8,93.4,78.4,82.42,1.0,1.0175370501058574,True,True,True,True,True,True,True,True,True,True,True,True,True,True,True,
MMTC-2023-08-22,MMTC,2023-08-16 00:00:00,2023-08-22 00:00:00,4,39.599998474121094,1.7285704304636673,1.7214808087407685,37.54999923706055,1.185950656642125,39.5,39.29999923706055,37.36749954223633,34.52299999237061,33.78025004386902,170936652.7304535,88.52459016393442,83.81147540983606,54.09836065573771,76.31147540983606,0.9721115537848606,2.2448389362164827,True,True,True,True,True,True,True,True,True,True,True,True,True,True,True,
MMTC-2023-08-28,MMTC,2023-08-23 00:00:00,2023-08-28 00:00:00,3,43.5,1.9378036081164278,1.9282269702141517,40.900001525878906,1.3417244468072431,42.849998474121094,42.5,38.984999656677246,35.403999977111816,33.91350003242493,282429419.1056175,93.4560327198364,92.84253578732107,65.23517382413088,84.74437627811862,0.9741035856573705,1.521984095635263,True,True,True,True,True,True,True,True,True,True,True,True,True,True,True,
MMTC-2024-07-30,MMTC,2024-07-25 00:00:00,2024-07-30 00:00:00,3,120.91000366210938,7.40995543087923,8.742556024459464,104.0,2.2820655022621255,111.41000366210938,109.4000015258789,92.17600021362304,82.29640029907226,71.23085008621216,1345861134.4516563,99.59432048681542,95.74036511156187,92.0892494929006,95.80121703853955,0.9801192842942346,4.4148092474923635,True,True,True,True,True,True,True,True,True,True,True,True,True,True,True,
MOTHERSON-2024-05-08,MOTHERSON,2024-04-30 00:00:00,2024-05-08 00:00:00,5,86.12973022460938,2.5346167121454894,2.577577514406328,80.71380073123652,2.1367844169181733,84.52135467529297,84.45571294836142,82.76856727600098,79.08376373291016,68.47338533401489,1535235888.1182747,81.76229508196722,71.92622950819673,67.21311475409836,73.46311475409836,0.9740518962075848,0.7047406038096518,True,True,True,True,True,True,True,True,True,True,True,True,True,True,True,
MOTHERSON-2024-07-15,MOTHERSON,2024-07-04 00:00:00,2024-07-15 00:00:00,7,135.60836791992188,4.423253771740583,4.079638195878714,128.47245145339699,1.6132731321261844,132.33255004882812,131.13776561640498,128.61328163146973,107.51156311035156,79.02067617416382,5507165600.590248,91.88640973630832,97.97160243407707,96.55172413793103,95.72008113590263,0.9801192842942346,0.49666517096225504,True,True,True,True,True,True,True,True,True,True,True,True,True,True,True,
MOTHERSON-2025-11-26,MOTHERSON,2025-11-19 00:00:00,2025-11-26 00:00:00,5,111.61896514892578,3.0640287054735373,2.7906051513971533,108.18560332122658,1.1205384014731625,111.27064514160156,110.42474976150585,107.22326850891113,106.48823181152343,96.48696952819824,1454597511.550228,81.17408906882592,90.48582995951418,74.89878542510121,83.01619433198381,0.9840637450199203,1.0148767843253248,True,True,True,True,True,True,True,True,True,True,True,True,True,True,True,
MOTHERSON-2025-12-19,MOTHERSON,2025-12-12 00:00:00,2025-12-19 00:00:00,5,120.71487426757812,2.8124636362265134,2.8057115539625075,115.04236614014326,2.016917856063618,120.39642333984375,118.36625856562603,116.31967697143554,110.1329653930664,99.16633434295655,1712493608.7472038,96.98189134808854,87.32394366197182,87.92756539235413,90.40241448692153,0.9920159680638723,1.4455720887789194,True,True,True,True,True,True,True,True,True,True,True,True,True,True,True,
MOTHERSON-2026-02-24,MOTHERSON,2026-02-18 00:00:00,2026-02-24 00:00:00,4,133.27398681640625,4.149720385462055,3.904153839015406,127.86024086853202,1.3046049962403514,130.92538452148438,130.61688334410306,124.59158401489258,119.66755126953124,106.97956241607666,1923718693.966446,94.17670682730925,93.97590361445783,95.18072289156626,94.3975903614458,0.996,0.9537293076756437,True,True,True,True,True,True,True,True,True,True,True,True,True,True,True,
MOTHERSON-2026-06-03,MOTHERSON,2026-05-29 00:00:00,2026-06-03 00:00:00,3,145.48709106445312,5.129467356377319,5.092241324017726,140.3160772851329,1.0080995588930393,145.35731506347656,145.07780394826858,134.74176559448242,124.84499252319335,115.03250164031982,2806986114.9852753,96.98795180722891,70.88353413654619,86.74698795180723,83.47389558232932,0.9880952380952381,0.8952901619500271,True,True,True,True,True,True,True,True,True,True,True,True,True,True,True,
MOTHERSON-2026-06-19,MOTHERSON,2026-06-15 00:00:00,2026-06-19 00:00:00,4,147.86294555664062,4.848605344608042,4.432701774987875,142.36250958232137,1.1344367263126696,145.2874298095703,145.20756967267218,142.89608993530274,132.9640544128418,118.01620723724365,2620786297.5683136,64.12825651302605,76.95390781563127,79.15831663326654,73.76753507014028,0.9940239043824701,1.0739774786011609,True,True,True,True,True,True,True,True,True,True,True,True,True,True,True,
MOTILALOFS-2023-10-11,MOTILALOFS,2023-10-05 00:00:00,2023-10-11 00:00:00,4,913.2769775390625,30.006180443615328,29.759172764446692,869.0435731024127,1.474143119274008,908.0529174804688,901.9501235370963,864.1540435791015,864.3888757324219,701.9931021118164,119126813.46502686,82.6530612244898,81.0204081632653,75.3061224489796,79.79591836734693,0.9780439121756487,1.1138944871692265,True,True,True,True,True,True,True,True,True,True,True,True,True,True,True,
MOTILALOFS-2023-11-07,MOTILALOFS,2023-10-31 00:00:00,2023-11-07 00:00:00,5,1013.607666015625,42.393457571466165,46.64656189369134,941.3011469549158,1.7056056099886667,1007.797607421875,998.3260967296619,960.461636352539,903.8737219238282,727.4594940185547,260378125.55819702,91.61554192229039,87.52556237218813,93.86503067484662,90.65439672801637,0.9760479041916168,1.2765260373727818,True,True,True,True,True,True,True,True,True,True,True,True,True,True,True,
MOTILALOFS-2023-11-28,MOTILALOFS,2023-11-16 00:00:00,2023-11-28 00:00:00,7,1206.84765625,56.56258774148465,50.20490313306794,1083.033420334798,2.188977570847472,1122.042724609375,1111.7900004386902,1068.8748291015625,965.7955200195313,754.8764587402344,339936534.78430176,91.22448979591836,88.57142857142857,92.65306122448979,90.59183673469389,0.9780439121756487,0.9158781125407547,True,True,True,True,True,True,True,True,True,True,True,True,True,True,True,
MOTILALOFS-2023-12-29,MOTILALOFS,2023-12-19 00:00:00,2023-12-29 00:00:00,7,1252.3016357421875,49.86800801483184,47.742436340156175,1162.5168097719863,1.8004494172596022,1211.63232421875,1200.0614350963926,1198.5698303222657,1104.729228515625,816.7968127441407,320554172.7994995,50.61224489795918,93.26530612244898,92.04081632653062,80.10204081632654,0.9780439121756487,0.9859555083080356,True,True,True,True,True,True,True,True,True,True,True,True,True,True,True,
MOTILALOFS-2025-07-29,MOTILALOFS,2025-07-15 00:00:00,2025-07-29 00:00:00,10,937.0863037109375,29.97799914401694,32.33048000100771,872.9538984470627,2.139315734708548,929.8943481445312,901.7216973731591,914.5481719970703,859.4449328613281,792.0404434204102,1003968010.3631592,89.93963782696177,96.78068410462777,92.35412474849095,93.40040241448693,0.9920159680638723,1.6640673181760413,True,True,True,True,True,True,True,True,True,True,True,True,True,True,True,
MPHASIS-2024-09-10,MPHASIS,2024-09-03 00:00:00,2024-09-10 00:00:00,5,2984.120361328125,83.43838577389691,85.21809139125222,2839.6096917395294,1.7319446948577564,2941.201416015625,2914.0849963648434,2878.503771972656,2711.926591796875,2410.877481689453,1924378230.0560303,86.20689655172413,87.0182555780933,53.7525354969574,76.79513184584178,0.9820717131474104,1.0862345152864772,True,True,True,True,True,True,True,True,True,True,True,True,True,True,True,
MPHASIS-2025-09-16,MPHASIS,2025-09-10 00:00:00,2025-09-16 00:00:00,4,2890.89599609375,82.88948505236347,76.02789503542802,2803.2459147035006,1.057433054806391,2873.658203125,2867.1332173709643,2794.860791015625,2733.40416015625,2584.0272888183595,1068387487.7513428,75.45271629778671,79.87927565392354,77.2635814889336,77.76659959758551,0.9920159680638723,0.7163648056551882,True,True,True,True,True,True,True,True,True,True,True,True,True,True,True,
MRF-2024-02-12,MRF,2024-01-29 00:00:00,2024-02-12 00:00:00,10,143185.734375,4080.082496180093,4020.7837209441464,135648.33897808974,1.8473634795294005,143115.234375,143062.71994204257,139246.5953125,128731.38234375,109618.4280859375,1808995315.5,78.9795918367347,80.0,67.14285714285714,75.83673469387755,0.9780439121756487,3.1442329917559135,True,True,True,True,True,True,True,True,True,True,True,True,True,True,True,
MRF-2025-07-08,MRF,2025-07-02 00:00:00,2025-07-08 00:00:00,4,144730.765625,2961.014210520512,3003.882227098124,141730.664123904,1.0132006426840579,144466.609375,144182.54481127957,139444.50234375,139225.7765625,125255.7665625,785401037.4921875,76.05633802816901,78.87323943661971,78.4708249496982,77.90744466800805,0.9920159680638723,0.7734037868780274,True,True,True,True,True,True,True,True,True,True,True,True,True,True,True,
MRF-2025-07-24,MRF,2025-07-16 00:00:00,2025-07-24 00:00:00,6,151966.78125,3283.638242900956,3069.2340587429608,146288.8832870776,1.729148445386061,150611.15625,150032.1889904279,146848.02265625,142088.4121875,125991.71640625,1063130821.015625,84.30583501006036,70.02012072434609,92.35412474849095,81.00603621730383,0.9920159680638723,1.077981020492367,True,True,True,True,True,True,True,True,True,True,True,True,True,True,True,
MRPL-2023-12-14,MRPL,2023-12-07 00:00:00,2023-12-14 00:00:00,5,125.25212097167969,4.878846265690586,4.574942324271697,120.04534016009625,1.0672155932026355,125.05928039550781,123.70937987515876,117.72156639099121,107.31474456787109,79.34297582626343,530745917.58625793,73.46938775510205,93.26530612244898,95.71428571428572,88.06122448979593,0.9780439121756487,1.181610992894359,True,True,True,True,True,True,True,True,True,True,True,True,True,True,True,
MRPL-2024-01-25,MRPL,2024-01-18 00:00:00,2024-01-25 00:00:00,4,171.24539184570312,8.104149562750587,8.3542159066942,154.805447245661,2.0285835636111265,168.15988159179688,167.29209000366743,146.46495094299317,129.97293991088867,91.68980731964112,566372508.2906494,96.93877551020408,97.34693877551021,94.48979591836735,96.36734693877551,0.9780439121756487,0.9280499065557405,True,True,True,True,True,True,True,True,True,True,True,True,True,True,True,
MRPL-2026-02-17,MRPL,2026-02-10 00:00:00,2026-02-17 00:00:00,5,190.67726135253906,8.795677950114714,8.185487725851806,178.72934218375914,1.3583852474525961,188.91445922851562,183.21471596164855,172.4067253112793,156.07370300292968,143.4327403640747,1998026613.5564117,98.79518072289156,84.33734939759037,98.19277108433735,92.83132530120481,0.9940119760479041,0.9277263750424938,True,True,True,True,True,True,True,True,True,True,True,True,True,True,True,
MRPL-2026-03-05,MRPL,2026-02-25 00:00:00,2026-03-05 00:00:00,5,195.9656982421875,7.629543720757014,8.084510962572205,179.22879953035746,2.193695891183566,192.18545532226562,189.50206955953297,188.04578704833983,165.67357421875,146.77013130187987,1490251362.3790817,91.56626506024097,95.98393574297188,98.19277108433735,95.32128514056224,0.996,2.64966372554559,True,True,True,True,True,True,True,True,True,True,True,True,True,True,True,
MSUMI-2025-07-15,MSUMI,2025-07-09 00:00:00,2025-07-15 00:00:00,4,42.58194351196289,0.9854401304366965,1.0446662437466312,41.333401311309814,1.266989401070755,42.53594207763672,42.33223606397018,40.19725856781006,39.12315498352051,37.991264772415164,259704844.56411743,72.63581488933602,71.83098591549296,70.82494969818913,71.77062374245472,0.994,2.2980523108496875,True,True,True,True,True,True,True,True,True,True,True,True,True,True,True,
MSUMI-2025-09-01,MSUMI,2025-08-20 00:00:00,2025-09-01 00:00:00,7,42.26652526855469,1.4392734363544688,1.2288544925892069,40.088138270527196,1.51353241364971,41.379398345947266,41.10340476342238,39.433640480041504,40.01763076782227,37.579879674911496,196764772.66992188,94.36619718309859,78.4708249496982,83.09859154929578,84.62776659959759,0.9920159680638723,0.6432334241789938,True,True,True,True,True,True,True,True,True,True,True,True,True,True,True,
MTARTECH-2023-08-30,MTARTECH,2023-08-24 00:00:00,2023-08-30 00:00:00,4,2304.89990234375,81.62976936716093,83.68896923835688,2213.550048828125,1.1190752371814785,2293.75,2269.0,2221.56748046875,2099.0069873046873,1812.8337475585938,631082205.1193848,73.21063394683026,66.46216768916156,70.14314928425358,69.59100204498978,0.9741035856573705,2.994281266627979,True,True,True,True,True,True,True,True,True,False,True,True,True,True,False,RS_FAIL
MUTHOOTFIN-2024-04-18,MUTHOOTFIN,2024-04-09 00:00:00,2024-04-18 00:00:00,5,1618.0736083984375,49.82109012327657,47.99794260003051,1554.586509307556,1.2743016849649393,1598.713623046875,1597.5066626948528,1495.9395568847656,1382.4030786132812,1311.091245727539,942924034.479065,92.41803278688525,69.67213114754098,70.08196721311475,76.6188524590164,0.9740518962075848,0.8841013447031814,True,True,True,True,True,True,True,True,True,True,True,True,True,True,True,
MUTHOOTFIN-2024-09-12,MUTHOOTFIN,2024-09-09 00:00:00,2024-09-12 00:00:00,3,1948.771240234375,47.34499585979582,46.25686195841879,1903.4143837995666,0.9580074010171005,1945.9302978515625,1939.5626273570972,1903.7132568359375,1831.2042114257813,1566.473155517578,751723181.454895,61.66328600405679,60.649087221095336,81.33874239350912,67.16024340770791,0.9820717131474104,0.4486741990791824,True,True,True,True,True,True,True,True,True,False,True,True,True,True,False,RS_FAIL
MUTHOOTFIN-2024-12-30,MUTHOOTFIN,2024-12-19 00:00:00,2024-12-30 00:00:00,6,2093.315185546875,48.91643572100811,51.76719124637303,1978.8947571461852,2.3390998692807408,2058.685302734375,2032.7250683077032,2003.4318969726562,1918.7446337890624,1773.478745727539,818560278.1217041,88.25910931174089,79.1497975708502,78.13765182186235,81.57894736842105,0.988,1.1883260139216545,True,True,True,True,True,True,True,True,True,True,True,True,True,True,True,
MUTHOOTFIN-2025-02-19,MUTHOOTFIN,2025-02-13 00:00:00,2025-02-19 00:00:00,4,2270.578369140625,70.72472180258494,69.67918773127738,2157.72545421795,1.5956643171772853,2218.070556640625,2206.3640790443483,2172.995397949219,2127.5892529296875,1897.4402130126953,1124951820.737915,87.70161290322581,97.78225806451613,96.37096774193549,94.33467741935483,0.992,1.0008113582370373,True,True,True,True,True,True,True,True,True,True,True,True,True,True,True,
MUTHOOTFIN-2025-03-28,MUTHOOTFIN,2025-03-19 00:00:00,2025-03-28 00:00:00,7,2367.218505859375,63.842954325071595,62.79595953369494,2252.161421978484,1.802189217232183,2334.35205078125,2309.861329684832,2211.416394042969,2183.1977392578124,1966.4913751220704,1225630505.953125,72.78350515463917,94.63917525773195,95.4639175257732,88.3298969072165,0.97,1.730215904156493,True,True,True,True,True,True,True,True,True,True,True,True,True,True,True,
MUTHOOTFIN-2025-06-30,MUTHOOTFIN,2025-06-17 00:00:00,2025-06-30 00:00:00,9,2623.516845703125,71.01996436832232,68.12118144264649,2494.904436042933,1.8109331763838254,2601.899658203125,2567.490637512264,2514.2259887695313,2289.39576171875,2107.7495196533205,1817795478.0454102,95.96774193548387,53.83064516129033,89.71774193548387,77.23790322580646,0.9900199600798403,0.8196139009444059,True,True,True,True,True,True,True,True,True,True,True,True,True,True,True,
MUTHOOTFIN-2025-07-17,MUTHOOTFIN,2025-07-14 00:00:00,2025-07-17 00:00:00,3,2643.051513671875,59.449053716038364,54.055636500280194,2605.1719872368235,0.6371762722411886,2637.697021484375,2632.8380644730983,2606.143762207031,2408.9015625,2150.6855932617186,1060410586.0754395,30.38229376257545,83.09859154929578,81.08651911468813,66.68008048289738,0.994,0.5408800094202614,True,True,True,True,True,True,True,True,True,False,True,True,True,True,False,RS_FAIL
MUTHOOTFIN-2025-09-12,MUTHOOTFIN,2025-09-09 00:00:00,2025-09-12 00:00:00,3,2917.72900390625,68.19917926771714,66.2622050317132,2846.92792794398,1.038151437047928,2901.6650390625,2895.2195514482364,2744.9947509765625,2667.155908203125,2306.9476062011718,1300793259.956421,92.5553319919517,82.69617706237425,80.28169014084507,84.92957746478874,0.9920159680638723,0.45662418397053905,True,True,True,True,True,True,True,True,True,True,True,True,True,True,True,
MUTHOOTFIN-2025-11-25,MUTHOOTFIN,2025-11-17 00:00:00,2025-11-25 00:00:00,6,3728.9697265625,94.91069708591014,82.12599274762609,3564.262417889415,1.735392466077848,3650.532958984375,3619.3963328380364,3395.1176513671876,3220.93744140625,2592.904387817383,1489104998.6696777,97.77327935222672,98.98785425101214,99.79757085020243,98.86639676113361,0.9840637450199203,1.3721807215077229,True,True,True,True,True,True,True,True,True,True,True,True,True,True,True,
MUTHOOTFIN-2025-12-05,MUTHOOTFIN,2025-12-01 00:00:00,2025-12-05 00:00:00,4,3779.1455078125,76.03362559553463,78.66543759683772,3657.3751225380206,1.601533325824079,3768.23779296875,3746.8187830598854,3621.1464721679686,3345.7262890625,2655.2397772216796,1374996249.4677734,99.79838709677419,97.17741935483872,99.59677419354838,98.68951612903226,0.9880478087649402,0.8898930553675376,True,True,True,True,True,True,True,True,True,True,True,True,True,True,True,
MUTHOOTFIN-2025-12-22,MUTHOOTFIN,2025-12-15 00:00:00,2025-12-22 00:00:00,5,3824.065673828125,75.84985211910173,72.2736252570924,3690.7925106188454,1.7570655642150763,3758.618896484375,3758.2223576693777,3738.1421752929687,3485.143427734375,2741.492643432617,1260881106.8012695,81.08651911468813,97.58551307847083,97.38430583501007,92.5754527162978,0.9920159680638723,0.8197719570742728,True,True,True,True,True,True,True,True,True,True,True,True,True,True,True,
MUTHOOTFIN-2026-01-12,MUTHOOTFIN,2026-01-07 00:00:00,2026-01-12 00:00:00,3,3926.896240234375,80.02424698429532,86.18824136269805,3763.279660599483,2.0445875569063645,3876.224609375,3852.4257872560765,3798.5811401367187,3658.1902294921874,2855.1209503173827,1389745877.0239258,80.6841046277666,96.98189134808854,97.98792756539235,92.3943661971831,0.9920159680638723,1.1940189854988061,True,True,True,True,True,True,True,True,True,True,True,True,True,True,True,
NAM-INDIA-2023-08-17,NAM-INDIA,2023-08-10 00:00:00,2023-08-17 00:00:00,4,297.6321105957031,7.408497500114762,7.427270960701079,287.15146448656327,1.4146790370081792,294.8960266113281,292.8555631941291,291.95819091796875,264.60405822753904,229.16437339782715,159906365.00202942,69.05737704918032,89.75409836065575,86.27049180327869,82.5,0.9721115537848606,0.9043945268524807,True,True,True,True,True,True,True,True,True,True,True,True,True,True,True,
NAM-INDIA-2023-11-30,NAM-INDIA,2023-11-17 00:00:00,2023-11-30 00:00:00,8,395.8954162597656,13.176391786788589,12.036719496476016,378.8767951397352,1.2915995057990228,393.1686706542969,386.9159666589216,380.26264038085935,347.3559893798828,264.808309173584,194026049.2403412,77.75510204081633,91.83673469387756,91.83673469387756,87.61224489795919,0.9780439121756487,0.917033204215975,True,True,True,True,True,True,True,True,True,True,True,True,True,True,True,
NAM-INDIA-2023-12-20,NAM-INDIA,2023-12-13 00:00:00,2023-12-20 00:00:00,5,432.1893615722656,13.965633978043181,15.459576367218943,412.3969737299326,1.4172208632598198,432.14239501953125,427.15900856170407,408.8662826538086,378.4028857421875,280.1016581726074,289374067.4121094,75.51020408163265,95.51020408163265,96.12244897959184,89.6938775510204,0.9780439121756487,9.171173276473944,True,True,True,True,True,True,True,True,True,True,True,True,True,True,True,
NAM-INDIA-2024-01-18,NAM-INDIA,2024-01-12 00:00:00,2024-01-18 00:00:00,4,483.85650634765625,16.241319819379935,16.335654199029083,453.81529250152244,1.8496781160781757,480.33056640625,470.9750173540224,445.9288818359375,418.5132373046875,305.07514930725097,382402575.91581726,88.36734693877551,86.93877551020408,90.61224489795919,88.46938775510205,0.9780439121756487,1.623033866111639,True,True,True,True,True,True,True,True,True,True,True,True,True,True,True,
NAM-INDIA-2024-05-16,NAM-INDIA,2024-05-03 00:00:00,2024-05-16 00:00:00,9,562.9322509765625,21.044518726321346,18.990180307715455,521.2788292978098,1.9793002738834244,545.0203247070312,533.5492109634154,541.2145874023438,494.77103454589843,405.7435787963867,461499274.91482544,76.93877551020408,82.85714285714286,73.87755102040816,78.38775510204081,0.9780439121756487,1.0366599608284517,True,True,True,True,True,True,True,True,True,True,True,True,True,True,True,
NAM-INDIA-2024-09-03,NAM-INDIA,2024-08-21 00:00:00,2024-09-03 00:00:00,9,698.9854736328125,28.83307016052628,24.285836207748435,637.8881121878625,2.119002974875529,660.548583984375,654.7639792540804,647.4997314453125,632.0775378417969,517.6453240966797,469887896.02700806,78.70182555780933,55.78093306288032,75.05070993914808,68.43813387423936,0.9820717131474104,0.6456942769174748,True,True,True,True,True,True,True,True,True,False,True,True,True,True,False,RS_FAIL
NAM-INDIA-2025-07-21,NAM-INDIA,2025-07-16 00:00:00,2025-07-21 00:00:00,3,851.2303466796875,25.039952614393684,26.06368529174859,818.2835803482355,1.315767918526859,845.159912109375,841.7820372910328,790.3289642333984,747.3513720703126,651.9526853942871,576338842.8785706,91.34808853118712,91.34808853118712,86.72032193158954,89.95975855130784,0.9920159680638723,1.4678819648680317,True,True,True,True,True,True,True,True,True,True,True,True,True,True,True,
NAM-INDIA-2025-10-10,NAM-INDIA,2025-10-03 00:00:00,2025-10-10 00:00:00,5,868.5604248046875,21.03661666152802,20.717355102760482,832.3336387242595,1.7220823416286308,853.629150390625,846.9222658196654,837.0774475097656,814.6423327636719,690.5059056091309,659465814.2770996,81.7444219066937,79.3103448275862,94.52332657200812,84.60446247464503,0.9840319361277445,0.9995698517318496,True,True,True,True,True,True,True,True,True,True,True,True,True,True,True,
NAM-INDIA-2026-02-17,NAM-INDIA,2026-02-12 00:00:00,2026-02-17 00:00:00,3,955.0230712890625,34.78370554149468,36.30052006942108,890.230469573949,1.8627285594348242,933.8047485351562,932.5682458541257,881.1199462890625,870.4257055664062,815.5380694580078,701266487.2822266,78.91566265060241,86.34538152610442,82.93172690763052,83.09236947791165,0.9940119760479041,0.3723756608312633,True,True,True,True,True,True,True,True,True,True,True,True,True,True,True,
NAM-INDIA-2026-04-28,NAM-INDIA,2026-04-22 00:00:00,2026-04-28 00:00:00,4,1048.65087890625,40.84540920650483,43.52494141306892,961.6012495639523,2.1311973862765137,1012.1988525390625,988.9526165192077,927.6717010498047,903.0890930175781,856.8845098876953,1265467846.1126099,77.50511247443764,80.98159509202453,71.16564417177914,76.99386503067484,0.978,2.936836124793583,True,True,True,True,True,True,True,True,True,True,True,True,True,True,True,
NAM-INDIA-2026-05-14,NAM-INDIA,2026-05-07 00:00:00,2026-05-14 00:00:00,5,1095.4400634765625,40.21826872459172,38.757184411877674,1017.8867324818632,1.9283110251655071,1080.503173828125,1060.125545326035,1030.709246826172,927.3779113769531,871.0183435058593,1120627825.7838745,89.43089430894308,85.77235772357723,85.97560975609755,86.93089430894307,0.9761904761904762,1.2378371576147686,True,True,True,True,True,True,True,True,True,True,True,True,True,True,True,
NAM-INDIA-2026-06-12,NAM-INDIA,2026-06-04 00:00:00,2026-06-12 00:00:00,6,1116.9056396484375,38.77987540816694,39.90165061813936,1026.690594628709,2.3263366390478244,1077.337646484375,1049.8378963098733,1075.0723937988282,1024.327421875,899.7392990112305,1049875023.7197266,47.791164658634536,85.7429718875502,89.35742971887551,75.4417670682731,0.9880952380952381,0.9109885991517458,True,True,True,True,True,True,True,True,True,True,True,True,True,True,True,
NATCOPHARM-2024-06-21,NATCOPHARM,2024-06-14 00:00:00,2024-06-21 00:00:00,4,1195.853515625,41.30739692985025,42.30543025610435,1153.7724670500204,1.0187291309215925,1186.024658203125,1177.6283938777494,1077.8486755371093,1022.6019580078125,894.2044973754882,1359253129.3746643,91.0386965376782,67.61710794297352,87.37270875763747,80.5702647657841,0.9780876494023905,1.0453673375703216,True,True,True,True,True,True,True,True,True,True,True,True,True,True,True,
NATCOPHARM-2024-07-15,NATCOPHARM,2024-07-05 00:00:00,2024-07-15 00:00:00,6,1208.9915771484375,39.5591755456608,40.252488221901146,1151.8956527047003,1.4433042058178078,1193.384033203125,1189.185560347504,1177.7023376464845,1083.7578063964843,918.9324194335937,853411111.3931274,42.59634888438134,78.09330628803245,77.89046653144015,67.38336713995943,0.9801192842942346,2.5090191743809394,True,True,True,True,True,True,True,True,True,False,True,True,True,True,False,RS_FAIL
NATCOPHARM-2024-07-23,NATCOPHARM,2024-07-16 00:00:00,2024-07-23 00:00:00,4,1265.840576171875,44.2144339234065,48.94955815290327,1156.1433085734352,2.4810284304096357,1244.454345703125,1238.7249501639112,1192.6208862304688,1108.4937866210937,928.6570892333984,853797983.4321289,71.39959432048681,78.90466531440163,88.64097363083164,79.57403651115618,0.9801192842942346,1.2432127659871408,True,True,True,True,True,True,True,True,True,True,True,True,True,True,True,
NATCOPHARM-2024-09-04,NATCOPHARM,2024-08-26 00:00:00,2024-09-04 00:00:00,7,1547.84326171875,55.09881424018472,50.47102221460258,1474.850339470648,1.3247639401079312,1540.568603515625,1533.492158427986,1483.277001953125,1335.5450610351563,1021.765146484375,1288638801.1590576,91.27789046653145,96.14604462474645,91.07505070993915,93.16430020283975,0.9820717131474104,1.0151842304864476,True,True,True,True,True,True,True,True,True,True,True,True,True,True,True,
NATCOPHARM-2026-04-17,NATCOPHARM,2026-04-09 00:00:00,2026-04-17 00:00:00,5,1121.79931640625,41.42673798033474,39.36558263364149,1068.1902409020363,1.2940694372234163,1117.8060302734375,1105.077611989542,1021.1673614501954,957.1473352050781,898.6531985473633,687501169.4896545,81.89300411522635,94.03292181069959,94.44444444444444,90.51440329218107,0.972,1.493732527213697,True,True,True,True,True,True,True,True,True,True,True,True,True,True,True,
NATCOPHARM-2026-05-14,NATCOPHARM,2026-05-11 00:00:00,2026-05-14 00:00:00,3,1203.960205078125,38.27568490205811,39.966239324605716,1152.5472909948821,1.3432264952227768,1202.3629150390625,1197.8704868576838,1121.297705078125,1052.1533630371093,913.1172567749023,649859123.298645,80.6910569105691,97.5609756097561,97.35772357723577,92.4390243902439,0.9761904761904762,0.8828702603506549,True,True,True,True,True,True,True,True,True,True,True,True,True,True,True,
NATIONALUM-2024-06-03,NATIONALUM,2024-05-21 00:00:00,2024-06-03 00:00:00,9,181.0000457763672,6.834218918344116,7.329368895675676,170.0427423655495,1.60330003204998,178.4084930419922,176.13518009239394,171.10436782836913,162.14529739379884,117.1718529510498,3004695239.3165283,68.57142857142857,83.6734693877551,96.53061224489797,83.0,0.9780439121756487,1.4190598984011864,True,True,True,True,True,True,True,True,True,True,True,True,True,True,True,
NATIONALUM-2024-10-17,NATIONALUM,2024-10-14 00:00:00,2024-10-17 00:00:00,3,208.30194091796875,8.392507101801893,8.489417979243662,198.40908690772423,1.1787721940825642,207.02395629882812,203.41068978961266,192.35428314208986,173.38886444091796,158.3863900756836,5636487482.554359,99.18367346938776,85.10204081632654,61.42857142857143,82.22448979591837,0.98,1.7006818423267442,True,True,True,True,True,True,True,True,True,True,True,True,True,True,True,
NATIONALUM-2024-10-29,NATIONALUM,2024-10-18 00:00:00,2024-10-29 00:00:00,7,213.41384887695312,8.809010349476155,9.076361501484906,191.83526908839463,2.449603182705048,209.8557586669922,209.0282597126608,203.95542068481444,181.5534747314453,162.0569467163086,4732646304.10556,96.93877551020408,93.6734693877551,74.08163265306122,88.77551020408163,0.98,0.5548465537898882,True,True,True,True,True,True,True,True,True,True,True,True,True,True,True,
NATIONALUM-2024-12-03,NATIONALUM,2024-11-22 00:00:00,2024-12-03 00:00:00,7,236.15093994140625,10.225192213872328,8.970588864898946,224.03687566910716,1.184727291078613,230.68060302734375,229.86766145858843,221.24197845458986,207.8647622680664,172.82258460998534,4533939018.713364,89.27125506072875,99.59514170040485,80.36437246963563,90.72874493927125,0.988,0.5956537229052042,True,True,True,True,True,True,True,True,True,True,True,True,True,True,True,
NATIONALUM-2025-10-23,NATIONALUM,2025-10-09 00:00:00,2025-10-23 00:00:00,9,221.66531372070312,6.10703731834868,5.328927057213433,213.76624770662352,1.293436670240536,220.43893432617188,220.09129199858887,211.82049026489258,199.76961639404297,180.94681549072266,1810936772.4824066,91.27789046653145,93.71196754563894,93.30628803245436,92.86004056795133,0.9801192842942346,1.1037099346428887,True,True,True,True,True,True,True,True,True,True,True,True,True,True,True,
NATIONALUM-2025-11-07,NATIONALUM,2025-11-03 00:00:00,2025-11-07 00:00:00,3,230.46240234375,5.359063503717812,5.735912934523688,220.16854315387533,1.920831724187141,226.66737365722656,225.2865083513346,223.1543411254883,209.16972259521484,182.966608505249,1972996801.9113922,85.02024291497976,95.54655870445345,94.73684210526315,92.14574898785425,0.9821073558648111,1.3779292316782923,True,True,True,True,True,True,True,True,True,True,True,True,True,True,True,
NATIONALUM-2025-11-26,NATIONALUM,2025-11-13 00:00:00,2025-11-26 00:00:00,9,259.44158935546875,6.965303339567924,6.3147224391510886,244.47325254224913,2.1489856340051583,253.0797882080078,250.69779299103868,243.81939697265625,224.5974560546875,187.25538162231445,2247001772.1463623,93.11740890688259,99.19028340080972,96.5587044534413,96.57894736842105,0.9840637450199203,0.9160747181001666,True,True,True,True,True,True,True,True,True,True,True,True,True,True,True,
NATIONALUM-2026-01-22,NATIONALUM,2026-01-14 00:00:00,2026-01-22 00:00:00,5,366.17071533203125,11.571388857728758,10.860987375348603,346.1737083617191,1.7281423359094672,357.39752197265625,355.8291329664808,336.47173767089845,292.222373046875,212.31343971252443,5767346355.6306,99.79879275653923,100.0,99.79879275653923,99.87927565392354,0.9920159680638723,0.7178838159185243,True,True,True,True,True,True,True,True,True,True,True,True,True,True,True,
NATIONALUM-2026-04-22,NATIONALUM,2026-04-17 00:00:00,2026-04-22 00:00:00,3,435.468505859375,15.837298501954583,15.437098166312408,415.419567043412,1.265931737883747,432.689453125,426.9824578886781,399.3208953857422,378.8451898193359,274.34383880615235,5143013718.752045,70.90163934426229,84.22131147540983,100.0,84.95901639344262,0.976,0.9842635735683016,True,True,True,True,True,True,True,True,True,True,True,True,True,True,True,
NAUKRI-2024-07-08,NAUKRI,2024-07-01 00:00:00,2024-07-08 00:00:00,5,1369.8739013671875,39.00009663985886,36.68941206778917,1311.5530297282032,1.4954032595749827,1354.096435546875,1348.4687322220693,1290.555645751953,1230.8018017578124,1037.4438882446289,1609096309.0057373,65.72008113590265,71.80527383367141,67.13995943204868,68.58012170385396,0.9820717131474104,0.7777097810441629,True,True,True,True,True,True,True,True,True,False,True,True,True,True,False,RS_FAIL
NAUKRI-2024-07-12,NAUKRI,2024-07-09 00:00:00,2024-07-12 00:00:00,3,1371.305419921875,37.353683894990546,40.847910615537565,1297.15794423385,1.985011060661913,1354.896240234375,1353.7906047704423,1312.6360229492188,1243.7400024414062,1046.7123861694336,1707962537.5372314,73.02231237322515,44.42190669371197,73.02231237322515,61.582150101419884,0.9801192842942346,2.3094065359864113,True,True,True,True,True,True,True,True,True,False,True,True,True,True,False,RS_FAIL
NAUKRI-2024-08-09,NAUKRI,2024-08-02 00:00:00,2024-08-09 00:00:00,5,1428.1700439453125,43.264795450019925,48.32210719773769,1341.437464696933,2.0046917672030653,1426.9833984375,1394.6539022010472,1378.0554809570312,1310.2985522460938,1097.9911334228516,1583874127.2906494,79.71602434077079,68.55983772819472,83.36713995943205,76.34888438133873,0.9801192842942346,1.8752174091526823,True,True,True,True,True,True,True,True,True,True,True,True,True,True,True,
NAUKRI-2024-09-05,NAUKRI,2024-08-29 00:00:00,2024-09-05 00:00:00,5,1519.6298828125,37.32748146788085,35.975915218549886,1436.7841580547824,2.2194298007757034,1478.5086669921875,1474.691297609982,1463.7180908203125,1402.7158374023438,1156.0074087524415,1592649768.6328125,65.11156186612575,71.6024340770791,77.28194726166329,71.35902636916836,0.9820717131474104,0.5525255725536344,True,True,True,True,True,True,True,True,True,True,True,True,True,True,True,
NAUKRI-2024-09-19,NAUKRI,2024-09-16 00:00:00,2024-09-19 00:00:00,3,1563.3226318359375,36.31548498147108,40.441535391891314,1497.3089071493055,1.8177844718393164,1562.986328125,1544.7596186091528,1504.7434875488282,1437.777041015625,1185.8593704223633,1181729016.4593506,77.48478701825557,87.4239350912779,82.1501014198783,82.86004056795132,0.9840319361277445,5.539281470934038,True,True,True,True,True,True,True,True,True,True,True,True,True,True,True,
NAVA-2025-07-14,NAVA,2025-07-03 00:00:00,2025-07-14 00:00:00,7,598.4424438476562,22.57592376128027,20.358590327508267,562.8841687533543,1.5750529400390512,589.6626586914062,580.4438133511621,573.9442932128907,513.0576898193359,473.0586471557617,397652087.6589966,83.70221327967808,69.81891348088531,92.15291750503019,80.6841046277666,0.994,0.49187078009469737,True,True,True,True,True,True,True,True,True,True,True,True,True,True,True,
NAVA-2025-07-22,NAVA,2025-07-17 00:00:00,2025-07-22 00:00:00,3,600.8812866210938,19.107536181585896,18.753949407766648,574.7856663885556,1.3657239732293043,595.9548950195312,595.0767977476202,587.2749969482422,532.2923278808594,473.96943145751953,294988400.5698242,57.947686116700204,84.50704225352112,95.37223340040242,79.79879275653923,0.9920159680638723,0.7062618263471581,True,True,True,True,True,True,True,True,True,True,True,True,True,True,True,
NAVA-2025-07-30,NAVA,2025-07-24 00:00:00,2025-07-30 00:00:00,4,617.0751953125,19.14787149909221,20.299646956264247,571.0298495973205,2.40472397766835,595.1743774414062,592.1502232209211,592.1965759277343,549.956357421875,476.8027540588379,317406619.0032959,75.25150905432596,92.75653923541248,95.37223340040242,88.2897384305835,0.9920159680638723,1.7307583510715778,True,True,True,True,True,True,True,True,True,True,True,True,True,True,True,
NAVA-2025-09-09,NAVA,2025-09-01 00:00:00,2025-09-09 00:00:00,6,700.91943359375,28.033993929371384,26.27442577794613,665.8438702637817,1.2511796720202406,690.721923828125,681.7067653032816,645.5424499511719,614.4174377441407,499.1135298156738,392584293.5987549,95.17102615694165,99.19517102615694,97.1830985915493,97.38430583501005,0.9920159680638723,0.8815464742512071,True,True,True,True,True,True,True,True,True,True,True,True,True,True,True,
NAVINFLUOR-2025-01-15,NAVINFLUOR,2025-01-09 00:00:00,2025-01-15 00:00:00,4,3810.392578125,124.89502777010765,129.27598512382914,3556.8344835158045,2.0301696483539433,3700.650146484375,3658.407037670867,3419.1362182617186,3439.223115234375,3390.0796923828125,523042948.72558594,96.16161616161617,94.34343434343434,72.72727272727273,88.40404040404042,0.9880239520958084,1.7003853564547207,True,True,True,True,True,True,True,True,True,True,True,True,True,True,True,
NAVINFLUOR-2025-06-25,NAVINFLUOR,2025-06-18 00:00:00,2025-06-25 00:00:00,5,4722.45361328125,131.0351064095203,133.0009208921804,4498.486053845951,1.7092179765576707,4686.68701171875,4677.620284640554,4494.675048828125,4413.29248046875,3828.292640380859,423007525.9785156,86.89516129032258,50.403225806451616,95.96774193548387,75.02016129032259,0.9860834990059643,1.5315820857380156,True,True,True,True,True,True,True,True,True,True,True,True,True,True,True,
NAVINFLUOR-2025-07-23,NAVINFLUOR,2025-07-09 00:00:00,2025-07-23 00:00:00,10,5098.404296875,149.66606101555388,141.06703803461156,4823.229888972051,1.8385892301552014,5041.83251953125,5011.601776583406,4931.424243164062,4624.35103515625,3988.3708911132812,434651439.0419922,82.897384305835,73.8430583501006,92.35412474849095,82.11267605633802,0.9920159680638723,0.5745077439251703,True,True,True,True,True,True,True,True,True,True,True,True,True,True,True,
NAVINFLUOR-2025-08-05,NAVINFLUOR,2025-07-30 00:00:00,2025-08-05 00:00:00,4,5177.82373046875,143.95900638944337,162.17152698791227,4928.790177123866,1.729892137982595,5164.75341796875,5121.352031204049,5034.6441650390625,4771.08654296875,4065.9287927246096,543362928.09375,87.12273641851107,68.00804828973843,84.50704225352112,78.69215291750503,0.9920159680638723,1.1501239088622577,True,True,True,True,True,True,True,True,True,True,True,True,True,True,True,
NAVINFLUOR-2025-12-23,NAVINFLUOR,2025-12-15 00:00:00,2025-12-23 00:00:00,6,6136.6171875,177.90294320433335,175.93824603235294,5763.565960626447,2.096936791231603,6056.2138671875,5920.377303806129,5856.2544921875,5669.34814453125,4849.786920166016,565400384.8164062,76.25754527162978,97.58551307847083,92.15291750503019,89.55734406438633,0.9920159680638723,1.7809933061638195,True,True,True,True,True,True,True,True,True,True,True,True,True,True,True,
NAVINFLUOR-2026-02-12,NAVINFLUOR,2026-02-09 00:00:00,2026-02-12 00:00:00,3,6590.07177734375,228.77558935084522,256.4404426813668,6282.941353207772,1.342496483158302,6579.0849609375,6562.105168584568,6144.982177734375,5982.103076171875,5171.470361328125,1201974917.5029297,92.35412474849095,85.71428571428571,93.96378269617706,90.18108651911469,0.9920159680638723,2.6915143839334177,True,True,True,True,True,True,True,True,True,True,True,True,True,True,True,
NAVINFLUOR-2026-05-15,NAVINFLUOR,2026-05-07 00:00:00,2026-05-15 00:00:00,6,7076.486328125,207.17298695912208,192.1731527073178,6810.306693969328,1.284818248086526,6992.58740234375,6970.613832545566,6754.249096679688,6411.3766015625,5724.628586425782,1362142899.6889648,87.1951219512195,76.82926829268293,81.70731707317073,81.40243902439025,0.9761904761904762,0.26294656240938513,True,True,True,True,True,True,True,True,True,True,True,True,True,True,True,
NAVINFLUOR-2026-06-30,NAVINFLUOR,2026-06-24 00:00:00,2026-06-30 00:00:00,3,7698.5,213.205523377912,200.46877481248816,7440.0,1.2124451369948912,7687.0,7650.0,7310.202734375,7082.727919921875,6095.6226489257815,839747899.0,80.2,66.4,87.0,76.72,1.0,0.9291367354565461,True,True,True,True,True,True,True,True,True,True,True,True,True,True,True,
NAVINFLUOR-2026-07-09,NAVINFLUOR,2026-07-06 00:00:00,2026-07-09 00:00:00,3,7729.0,202.4913623859713,229.62901718731013,7289.0,2.1729321923436444,7689.0,7675.0,7516.05,7230.3782421875,6192.9752197265625,926371556.0,74.2,85.8,87.4,82.8,1.0,1.0421554045149022,True,True,True,True,True,True,True,True,True,True,True,True,True,True,True,
NAVINFLUOR-2026-07-27,NAVINFLUOR,2026-07-21 00:00:00,2026-07-27 00:00:00,4,7882.0,208.49876736768937,207.0536311638009,7505.0,1.8081641669140291,7711.0,7708.0,7650.9,7406.315517578125,6374.590363769531,751746130.0,55.60000000000001,78.2,83.2,72.92000000000002,1.0,1.4647026852932887,True,True,True,True,True,True,True,True,True,True,True,True,True,True,True,
NAVINFLUOR-2026-08-12,NAVINFLUOR,2026-08-06 00:00:00,2026-08-12 00:00:00,4,8650.0,274.24048302158934,273.56152216731607,8125.5,1.9125549744554278,8356.5,8354.0,7807.525,7579.85017578125,6554.148452148437,1164386509.0,83.6,82.0,87.0,83.98,1.0,1.8838322849252624,True,True,True,True,True,True,True,True,True,True,True,True,True,True,True,
NAZARA-2023-09-20,NAZARA,2023-09-05 00:00:00,2023-09-20 00:00:00,10,223.8249969482422,9.154450992967744,9.617716235547444,202.75,2.302158476180773,220.1875,210.60000610351562,202.33812408447267,182.7370004272461,155.2580004119873,696555701.4181519,96.31901840490798,84.45807770961146,91.41104294478528,90.10224948875256,0.9760479041916168,2.0680028360964116,True,True,True,True,True,True,True,True,True,True,True,True,True,True,True,
NBCC-2023-08-28,NBCC,2023-08-22 00:00:00,2023-08-28 00:00:00,4,33.07176208496094,1.3281107684106264,1.3176995909317704,31.387396003949565,1.2682421685557772,32.942195892333984,32.87740608790379,31.073201179504395,28.344537506103517,25.66300422668457,707068619.9583073,92.63803680981594,67.89366053169734,87.11656441717791,81.0838445807771,0.9741035856573705,0.9930714649150162,True,True,True,True,True,True,True,True,True,True,True,True,True,True,True,
NBCC-2023-09-27,NBCC,2023-09-14 00:00:00,2023-09-27 00:00:00,8,39.70769500732422,2.035839692652984,1.76699349011412,37.12161331994395,1.270277663174081,38.4310188293457,38.16913624801786,37.57895851135254,33.03803859710693,26.93501166343689,1269187605.549368,91.61554192229039,93.25153374233128,89.36605316973414,91.59509202453987,0.9760479041916168,0.8242873980227736,True,True,True,True,True,True,True,True,True,True,True,True,True,True,True,
NBCC-2024-05-08,NBCC,2024-04-29 00:00:00,2024-05-08 00:00:00,6,93.06591796875,4.201909208077393,4.358569395941595,82.85257559725504,2.43064327802745,88.97403717041016,88.38480786961992,87.1146785736084,84.0185903930664,57.137465143203734,1832110881.9302368,80.94262295081968,34.01639344262295,95.49180327868852,66.53688524590164,0.9740518962075848,1.329962925832703,True,True,True,True,True,True,True,True,True,False,True,True,True,True,False,RS_FAIL
NBCC-2024-07-02,NBCC,2024-06-21 00:00:00,2024-07-02 00:00:00,7,108.72640228271484,5.460123404609318,4.80417986499795,101.47884795242932,1.3273609025333193,106.24507904052734,105.06660745677983,100.96490516662598,94.51346801757812,69.47176174163819,4020147365.899189,71.34146341463415,89.22764227642277,97.5609756097561,86.36178861788618,0.9800796812749004,1.048917488793967,True,True,True,True,True,True,True,True,True,True,True,True,True,True,True,
NCC-2023-09-11,NCC,2023-09-01 00:00:00,2023-09-11 00:00:00,6,165.5416717529297,5.82834821520359,6.596589926529148,151.40358033454154,2.4257458367892464,159.97357177734375,157.26216541338883,152.12277603149414,141.54397689819336,107.94655620574952,444192872.8937378,49.693251533742334,85.48057259713701,92.63803680981594,76.89161554192229,0.9760479041916168,2.343803559075983,True,True,True,True,True,True,True,True,True,True,True,True,True,True,True,
NCC-2023-11-28,NCC,2023-11-20 00:00:00,2023-11-28 00:00:00,5,165.590087890625,6.889611360965922,6.164747570540138,156.48747772287294,1.32120807558525,160.02200317382812,159.44098919985552,152.18310546875,150.39357177734374,125.08901165008545,598131058.4663391,75.71428571428571,58.57142857142858,73.26530612244898,68.12244897959184,0.9780439121756487,0.748309231726628,True,True,True,True,True,True,True,True,True,False,True,True,True,True,False,RS_FAIL
NCC-2024-02-14,NCC,2024-02-09 00:00:00,2024-02-14 00:00:00,3,217.97854614257812,8.943377262185885,9.956981376942352,199.0470467029193,2.116817717139634,215.1702880859375,212.79780035786507,202.96891174316406,182.08325408935548,147.78449546813965,1263443235.1595917,86.12244897959184,87.14285714285714,75.91836734693878,83.46938775510205,0.9780439121756487,0.7569626131776267,True,True,True,True,True,True,True,True,True,True,True,True,True,True,True,
NCC-2024-03-01,NCC,2024-02-27 00:00:00,2024-03-01 00:00:00,3,251.7744140625,11.522968865109886,11.775351745300327,232.50398993012652,1.672348884906035,245.04429626464844,242.76863008827456,224.95317764282225,198.08739227294922,154.9417052078247,1558480971.8975754,97.5560081466395,94.09368635437882,87.57637474541752,93.17718940936864,0.9800399201596807,1.1385636045468819,True,True,True,True,True,True,True,True,True,True,True,True,True,True,True,
NCC-2024-06-20,NCC,2024-06-10 00:00:00,2024-06-20 00:00:00,7,321.8354797363281,19.060621240608985,16.156456328199802,303.6302395872646,0.9551231263269075,315.97686767578125,315.10534828571144,295.6703186035156,265.76919647216795,201.25151863098145,2049619524.0593872,79.22606924643586,81.26272912423626,94.5010183299389,84.62321792260693,0.9780876494023905,0.9733133425351997,True,True,True,True,True,True,True,True,True,True,True,True,True,True,True,
NESTLEIND-2026-01-12,NESTLEIND,2026-01-06 00:00:00,2026-01-12 00:00:00,4,1306.5313720703125,20.83027296385112,21.307215061163387,1277.0331732739394,1.4161215672768344,1299.107421875,1297.523585427825,1263.42744140625,1252.585380859375,1192.2626306152345,1075740022.2627563,89.13480885311871,85.51307847082495,77.8672032193159,84.30583501006038,0.9920159680638723,1.2150363269638567,True,True,True,True,True,True,True,True,True,True,True,True,True,True,True,
NESTLEIND-2026-02-10,NESTLEIND,2026-01-30 00:00:00,2026-02-10 00:00:00,7,1318.90478515625,25.90419083862835,27.314817456378286,1260.9973459444154,2.2354467496233448,1302.339599609375,1300.7472192870343,1292.3117553710938,1266.67318359375,1207.4479040527344,1252450314.1818848,54.929577464788736,73.23943661971832,81.69014084507043,70.28169014084509,0.9920159680638723,0.9239158803576935,True,True,True,True,True,True,True,True,True,True,True,True,True,True,True,
NETWEB-2024-12-16,NETWEB,2024-12-09 00:00:00,2024-12-16 00:00:00,5,2913.801025390625,127.85325049644783,123.10343605423881,2705.084182052546,1.632471935814238,2854.70947265625,2823.816170603865,2833.2039306640627,2712.1012646484373,2321.6476403808592,568382139.3781738,46.963562753036435,76.31578947368422,71.45748987854252,66.05263157894737,0.988,0.9231088660159267,True,True,True,True,True,True,True,True,True,False,True,True,True,True,False,RS_FAIL
NETWEB-2025-09-18,NETWEB,2025-09-10 00:00:00,2025-09-18 00:00:00,6,3128.25,166.5388286489497,160.79111710501522,2820.541923968512,1.8476656676870926,3035.8076171875,2950.1610797945696,2655.639697265625,2273.087102050781,2003.8371850585938,4500269159.419434,100.0,100.0,99.59758551307847,99.87927565392354,0.9920159680638723,1.2771821953334819,True,True,True,True,True,True,True,True,True,True,True,True,True,True,True,
NETWEB-2026-02-25,NETWEB,2026-02-20 00:00:00,2026-02-25 00:00:00,3,3634.234619140625,187.26302414706123,181.45272253687102,3447.850792336785,0.9953050136447068,3627.638671875,3596.757971484084,3263.915478515625,3230.1785546875,2813.079676513672,3520120832.828247,92.7710843373494,84.13654618473896,97.79116465863453,90.82329317269077,0.996,3.227706142745516,True,True,True,True,True,True,True,True,True,True,True,True,True,True,True,
NEULANDLAB-2025-10-30,NEULANDLAB,2025-10-20 00:00:00,2025-10-30 00:00:00,7,16412.66796875,536.8360558176234,522.0106632565894,15310.703675084991,2.0527017172620265,16128.193359375,15884.642954905961,15893.377197265625,15062.842109375,13119.0262109375,431941799.21240234,88.23529411764706,89.04665314401623,87.4239350912779,88.31643002028397,0.9801192842942346,2.6817947205426926,True,True,True,True,True,True,True,True,True,True,True,True,True,True,True,
NEULANDLAB-2026-07-15,NEULANDLAB,2026-07-09 00:00:00,2026-07-15 00:00:00,4,19505.951171875,595.5081832882848,570.7089468598948,18594.635441141916,1.5303160499003874,19078.740234375,19010.866425535554,18475.605078125,17525.29142578125,15457.388012695312,637378464.6953125,92.0,89.4,84.2,88.62,1.0,0.6119836442184046,True,True,True,True,True,True,True,True,True,True,True,True,True,True,True,
NEULANDLAB-2026-08-03,NEULANDLAB,2026-07-29 00:00:00,2026-08-03 00:00:00,3,19697.0,584.47318599535,617.2287134226618,18808.0,1.5210278611602086,19675.0,19389.0,18973.469921875,18065.267421875,15689.89181640625,552075905.0585938,66.8,81.39999999999999,92.0,80.19999999999999,1.0,1.584140061791967,True,True,True,True,True,True,True,True,True,True,True,True,True,True,True,
NEULANDLAB-2026-08-20,NEULANDLAB,2026-08-17 00:00:00,2026-08-20 00:00:00,3,23661.0,829.0528263074939,772.0058525501325,23002.0,0.7948830027335053,23568.0,23435.0,21287.6,19497.004140625,16098.916586914063,1188584587.0,99.0,97.39999999999999,98.2,98.12,1.0,0.9156218850877433,True,True,True,True,True,True,True,True,True,True,True,True,True,True,True,
NEWGEN-2024-12-16,NEWGEN,2024-12-09 00:00:00,2024-12-16 00:00:00,5,1406.4373779296875,61.84730116911971,57.70295803304902,1348.7195157627295,0.9332317025302379,1406.19140625,1380.161706695363,1225.0516540527344,1238.2209765625,1017.8875189208984,331688694.9559326,87.24696356275304,93.52226720647774,94.93927125506073,92.06477732793522,0.988,0.5522177670914591,True,True,True,True,True,True,True,True,True,True,True,True,True,True,True,
NH-2024-02-22,NH,2024-02-14 00:00:00,2024-02-22 00:00:00,5,1405.99072265625,45.94787808204962,43.68010415431183,1323.6326076859145,1.7924247736373744,1359.7510986328125,1358.2132229096064,1336.8794860839844,1256.6508715820312,1071.6376196289064,439907656.82147217,74.33808553971487,42.56619144602851,67.20977596741345,59.4908350305499,0.9800399201596807,1.0243516117222289,True,True,True,True,True,True,True,True,True,False,True,True,True,True,False,RS_FAIL
NH-2025-02-06,NH,2025-01-31 00:00:00,2025-02-06 00:00:00,4,1380.8302001953125,43.10214185756185,42.8974954804699,1324.9859397370462,1.295626111639947,1367.4415283203125,1359.6273331435486,1314.3943237304688,1303.1398217773437,1256.1558612060546,242301374.79864502,85.48387096774194,90.12096774193549,85.28225806451613,87.27822580645162,0.9900199600798403,2.217076363163357,True,True,True,True,True,True,True,True,True,True,True,True,True,True,True,
NH-2025-02-18,NH,2025-02-07 00:00:00,2025-02-18 00:00:00,7,1398.598876953125,43.136126308810084,49.076709280109014,1295.0229362209436,2.4011414467466246,1361.5684814453125,1337.0804509850843,1336.6375061035155,1313.2465747070312,1260.12373046875,325972802.5942383,91.12903225806451,92.74193548387096,92.33870967741935,92.13709677419355,0.992,2.0793135099366022,True,True,True,True,True,True,True,True,True,True,True,True,True,True,True,
NH-2025-03-27,NH,2025-03-20 00:00:00,2025-03-27 00:00:00,5,1678.0699462890625,67.2795299525391,64.34942363803974,1616.999438745801,0.90771305308379,1665.776123046875,1659.853234830014,1588.4923095703125,1441.187998046875,1300.3353637695313,1391979865.3446655,95.97585513078471,98.79275653923541,99.19517102615694,98.06841046277667,0.994,1.452572368983885,True,True,True,True,True,True,True,True,True,True,True,True,True,True,True,
NH-2025-12-03,NH,2025-11-21 00:00:00,2025-12-03 00:00:00,8,2038.681396484375,71.73104628165375,65.67215820307614,1888.8135821706414,2.089301942220023,1950.8759765625,1930.7207669310171,1899.5647766113282,1814.09123046875,1776.209942626953,789446392.0007935,95.56451612903226,79.83870967741935,76.41129032258065,83.52822580645162,0.9900199600798403,1.7760685562573917,True,True,True,True,True,True,True,True,True,True,True,True,True,True,True,
NHPC-2023-09-20,NHPC,2023-09-14 00:00:00,2023-09-20 00:00:00,3,52.325862884521484,1.9497795136214826,2.03523978842483,49.517675594334925,1.4402588962331884,51.95143508911133,51.90463943875474,48.95136280059815,46.82113716125488,40.64929759979248,1739433152.6892471,82.41308793456032,76.48261758691206,63.394683026584865,74.33537832310839,0.9760479041916168,1.857984812729496,True,True,True,True,True,True,True,True,True,True,True,True,True,True,True,
NHPC-2023-12-13,NHPC,2023-12-07 00:00:00,2023-12-13 00:00:00,4,60.14198303222656,1.7960470498414984,2.019613011860725,57.286997789393354,1.589593793261241,60.14198303222656,59.62715289867582,53.38361740112305,50.32269393920898,44.43683019638061,1447668001.2694607,93.6734693877551,82.0408163265306,75.3061224489796,83.51020408163265,0.9780439121756487,1.8422030225064574,True,True,True,True,True,True,True,True,True,True,True,True,True,True,True,
NIACL-2023-09-28,NIACL,2023-09-20 00:00:00,2023-09-28 00:00:00,6,141.45977783203125,5.651780215401124,5.554059715061825,132.87759749399905,1.518491521422883,137.11993408203125,136.53477462039305,131.8848861694336,124.93761505126953,113.1468352508545,178549413.63130188,84.25357873210633,77.50511247443764,68.71165644171779,76.89161554192229,0.9760479041916168,1.6220324265887678,True,True,True,True,True,True,True,True,True,True,True,True,True,True,True,
NIACL-2025-09-18,NIACL,2025-09-04 00:00:00,2025-09-18 00:00:00,10,198.8720245361328,7.699442627280599,5.737230259287932,187.85278029006,1.4311742783860124,194.34927368164062,192.23668234272685,191.37944107055665,187.21055572509766,177.96840423583984,118562567.7258606,48.89336016096579,73.64185110663985,79.67806841046277,68.02816901408451,0.9920159680638723,1.7358537275427925,True,True,True,True,True,True,True,True,True,False,True,True,True,True,False,RS_FAIL
NLCINDIA-2025-09-19,NLCINDIA,2025-09-12 00:00:00,2025-09-19 00:00:00,5,257.5333251953125,7.940638439448423,7.985090942618692,249.06456516999742,1.066508705804182,256.6149597167969,255.77882629004208,237.94501571655275,234.29697937011719,229.43691215515136,270181247.4844971,91.54929577464789,85.3118712273642,39.839034205231385,73.54124748490946,0.9920159680638723,1.993329374797935,True,True,True,True,True,True,True,True,True,True,True,True,True,True,True,
NLCINDIA-2026-05-19,NLCINDIA,2026-05-14 00:00:00,2026-05-19 00:00:00,3,370.8999938964844,16.707690148830764,17.334803567121853,337.5,1.9990790826834774,358.3500061035156,354.3500061035156,324.51500244140624,290.9350018310547,260.3193212890625,1728204894.5826416,95.74898785425101,97.16599190283401,96.5587044534413,96.55870445344131,0.9801587301587301,1.6363864883030728,True,True,True,True,True,True,True,True,True,True,True,True,True,True,True,
NMDC-2023-09-29,NMDC,2023-09-14 00:00:00,2023-09-29 00:00:00,10,44.875022888183594,1.432534316509129,1.3336287118058023,42.15623115175384,1.8978894293122677,44.20279312133789,43.12722642757406,42.79858512878418,37.46530975341797,33.99860383033752,1850587007.2939854,95.51020408163265,92.24489795918367,62.04081632653061,84.16326530612245,0.9780439121756487,1.0210080434901627,True,True,True,True,True,True,True,True,True,True,True,True,True,True,True,
NMDC-2023-11-20,NMDC,2023-11-13 00:00:00,2023-11-20 00:00:00,4,52.35917663574219,1.4962951854072237,1.467541841134095,49.819648443940636,1.6972106951680173,50.99978256225586,50.96989966111097,48.14355411529541,45.890540313720706,36.04846145629883,1486315342.643629,71.83673469387755,96.3265306122449,88.57142857142857,86.65306122448979,0.9780439121756487,1.2337564779030266,True,True,True,True,True,True,True,True,True,True,True,True,True,True,True,
NMDC-2025-09-30,NMDC,2025-09-23 00:00:00,2025-09-30 00:00:00,5,75.79589080810547,1.456664031969565,1.504594727401308,72.34091773574201,2.3718393511041573,74.09751892089844,73.95194047479953,73.45941772460938,70.44898910522461,65.38562133789063,1481979846.9551926,91.48073022312373,90.46653144016227,61.4604462474645,82.06896551724138,0.9840319361277445,1.6032584305933917,True,True,True,True,True,True,True,True,True,True,True,True,True,True,True,
NMDC-2025-12-22,NMDC,2025-12-15 00:00:00,2025-12-22 00:00:00,5,76.23262023925781,1.579455238520929,1.54976347891674,73.48610538801613,1.738900086724611,76.20349884033203,74.48571708406352,73.58994979858399,73.34305465698242,68.7010220336914,880277772.8606682,90.14084507042254,71.0261569416499,82.49496981891348,80.20120724346077,0.9920159680638723,1.3938878891120636,True,True,True,True,True,True,True,True,True,True,True,True,True,True,True,
NMDC-2026-04-24,NMDC,2026-04-17 00:00:00,2026-04-24 00:00:00,5,89.77999877929688,2.6967737114056973,2.5962194315036915,86.62999725341797,1.168062975605381,89.29000091552734,88.54000091552734,83.61899948120117,81.39193939208984,75.24297477722168,2125414373.7303467,63.59918200408998,79.34560327198365,87.11656441717791,76.95296523517383,0.978,1.3830520899098917,True,True,True,True,True,True,True,True,True,True,True,True,True,True,True,
NMDC-2026-05-13,NMDC,2026-04-29 00:00:00,2026-05-13 00:00:00,9,91.7300033569336,2.49468044719567,2.4684245527563613,86.37999725341797,2.1445656935860042,91.11000061035156,88.47000122070312,89.1925006866455,83.68599990844727,76.76406810760498,2157990588.6304398,60.08146639511202,73.93075356415478,89.61303462321793,74.4806517311609,0.9742063492063492,1.7405374429214095,True,True,True,True,True,True,True,True,True,True,True,True,True,True,True,
NSLNISP-2024-04-23,NSLNISP,2024-04-10 00:00:00,2024-04-23 00:00:00,7,65.8499984741211,3.096355594914656,3.1018482261170135,59.900001525878906,1.9216129303799119,65.25,64.9000015258789,60.8875,60.71699989318848,51.99900009155274,1023530898.8664265,87.5,89.54918032786885,57.377049180327866,79.2827868852459,0.9740518962075848,1.8016241413501157,True,True,True,True,True,True,True,True,True,True,True,True,True,True,True,
NSLNISP-2024-05-03,NSLNISP,2024-04-24 00:00:00,2024-05-03 00:00:00,6,68.0,3.1731446724030192,2.897441552123852,63.75,1.3393653421989988,66.5,65.8499984741211,64.04750003814698,61.046000213623046,52.79325012207031,1452484612.7498627,71.72131147540983,34.83606557377049,79.50819672131148,59.303278688524586,0.9740518962075848,0.8835496354734297,True,True,True,True,True,True,True,True,True,False,True,True,True,True,False,RS_FAIL
NSLNISP-2025-10-09,NSLNISP,2025-10-01 00:00:00,2025-10-09 00:00:00,5,47.31999969482422,1.5971822462461223,1.555601040594848,44.650001525878906,1.6716928673735532,46.34000015258789,45.5,45.950500106811525,41.78880004882812,39.24824995040893,252016837.404171,82.1501014198783,92.0892494929006,81.33874239350912,85.88235294117646,0.9840319361277445,1.3339878118236494,True,True,True,True,True,True,True,True,True,True,True,True,True,True,True,
NTPC-2023-08-16,NTPC,2023-08-01 00:00:00,2023-08-16 00:00:00,10,207.62307739257812,4.529055405449069,4.413255396375704,197.3410792757732,2.270230146540993,203.32830810546875,200.10235509738118,194.36035842895507,181.4680825805664,162.72763542175292,2593617851.460724,92.41803278688525,78.07377049180327,74.18032786885246,81.20901639344262,0.9721115537848606,0.7233204651683179,True,True,True,True,True,True,True,True,True,True,True,True,True,True,True,
NTPC-2023-09-18,NTPC,2023-09-11 00:00:00,2023-09-18 00:00:00,5,227.31253051757812,5.212142370517115,5.244503960243731,218.00871601809496,1.7850269309815694,225.5359344482422,223.75932626128258,215.09601669311525,200.3504196166992,169.50172782897948,3087266342.469818,77.30061349693251,84.66257668711657,62.78118609406953,75.88957055214723,0.9760479041916168,0.7959300573387112,True,True,True,True,True,True,True,True,True,True,True,True,True,True,True,
NTPC-2023-12-26,NTPC,2023-12-19 00:00:00,2023-12-26 00:00:00,4,292.33660888671875,6.932715141641899,7.833660287746894,276.80643502215923,2.24012865771396,292.2894592285156,291.6757578345257,271.2598762512207,244.85940643310548,197.82765953063964,5091278546.307343,92.24489795918367,85.71428571428571,89.59183673469387,88.83673469387755,0.9780439121756487,0.539685320246161,True,True,True,True,True,True,True,True,True,True,True,True,True,True,True,
NTPC-2024-01-15,NTPC,2024-01-09 00:00:00,2024-01-15 00:00:00,4,301.8719482421875,7.833264952477085,7.663107905771369,290.77886993512664,1.4161500184610682,299.55889892578125,297.67074059984236,292.7779907226562,265.13841522216796,207.06103408813476,3855503224.675659,63.469387755102034,82.24489795918367,88.9795918367347,78.63265306122449,0.9780439121756487,0.6991366823924792,True,True,True,True,True,True,True,True,True,True,True,True,True,True,True,
NTPC-2024-02-01,NTPC,2024-01-29 00:00:00,2024-02-01 00:00:00,3,306.40350341796875,8.819321361237071,8.773209290313067,295.1216291820645,1.2792224904617548,303.9961242675781,302.1078678641732,295.73062591552736,279.81991790771485,214.3999137878418,6207718292.032654,54.08163265306123,78.9795918367347,85.71428571428571,73.53061224489795,0.9780439121756487,1.1479636447329862,True,True,True,True,True,True,True,True,True,True,True,True,True,True,True,
NTPC-2024-02-14,NTPC,2024-02-06 00:00:00,2024-02-14 00:00:00,6,318.5946960449219,8.71665803452357,9.15658932923857,299.81459439131015,2.154507103436942,312.6842346191406,308.8233263320677,302.65431213378906,292.466435546875,221.3669676208496,6207718292.032654,72.0408163265306,80.40816326530611,82.44897959183673,78.51020408163265,0.9780439121756487,0.6943922752639702,True,True,True,True,True,True,True,True,True,True,True,True,True,True,True,
NTPC-2024-03-01,NTPC,2024-02-20 00:00:00,2024-03-01 00:00:00,8,329.5577087402344,8.742618745158135,7.703517649811293,315.162788392604,1.6465227144444126,327.46038818359375,320.31063765823603,318.41356048583987,304.02775939941404,231.04120483398438,4335146583.55925,78.81873727087576,82.07739307535643,84.72505091649694,81.89409368635438,0.9800399201596807,0.8828262602722612,True,True,True,True,True,True,True,True,True,True,True,True,True,True,True,
NTPC-2024-04-24,NTPC,2024-04-08 00:00:00,2024-04-24 00:00:00,10,346.52655029296875,9.20181944865156,9.01065494788925,325.93515272827136,2.237752835686736,335.2298583984375,332.36996070840866,332.8609085083008,324.2115673828125,257.60741409301755,4701202653.598297,59.83606557377049,69.4672131147541,76.84426229508196,68.79098360655738,0.9740518962075848,0.7583231452649111,True,True,True,True,True,True,True,True,True,False,True,True,True,True,False,RS_FAIL
NTPC-2026-03-20,NTPC,2026-03-12 00:00:00,2026-03-20 00:00:00,6,390.54998779296875,9.42750493655311,9.422118752335603,373.1000061035156,1.850965001545064,380.95001220703125,380.75,379.47749786376954,363.00840087890623,336.7171238708496,5234821510.446503,91.56626506024097,96.98795180722891,90.36144578313254,93.37349397590363,0.996,1.5231848578441614,True,True,True,True,True,True,True,True,True,True,True,True,True,True,True,
NUVAMA-2024-09-09,NUVAMA,2024-09-03 00:00:00,2024-09-09 00:00:00,4,1305.2158203125,55.65158058965803,54.536343567589675,1241.2454424917785,1.1494799813935457,1301.8428955078125,1285.5755480949726,1238.6805053710937,1109.5636364746094,878.155785522461,665347363.5571289,78.29614604462475,86.61257606490872,95.131845841785,86.67342799188641,0.9820717131474104,1.0227036378303254,True,True,True,True,True,True,True,True,True,True,True,True,True,True,True,
NUVAMA-2024-09-20,NUVAMA,2024-09-13 00:00:00,2024-09-20 00:00:00,5,1341.3834228515625,51.558461304825116,53.76838752016817,1249.9186036047624,1.774002112011056,1339.099365234375,1305.813190350388,1281.7660705566407,1176.7633862304688,910.2174017333984,463705760.71136475,87.0182555780933,93.91480730223124,90.06085192697769,90.6896551724138,0.9840319361277445,1.893185022057328,True,True,True,True,True,True,True,True,True,True,True,True,True,True,True,
NUVAMA-2024-12-16,NUVAMA,2024-12-10 00:00:00,2024-12-16 00:00:00,4,1431.0382080078125,52.26665360361256,52.20719828375524,1326.7903885136427,1.9945378612677127,1354.4342041015625,1351.7320967434584,1317.2700500488281,1312.06619140625,1094.6534283447265,513988867.03704834,59.10931174089069,67.00404858299595,90.2834008097166,71.61943319838056,0.988,2.4447492465806353,True,True,True,True,True,True,True,True,True,True,True,True,True,True,True,
NUVAMA-2025-12-31,NUVAMA,2025-12-24 00:00:00,2025-12-31 00:00:00,4,1508.57275390625,42.35068359861193,43.04908477314552,1418.4347494492215,2.1283718891371763,1466.475341796875,1454.5890831968682,1433.307568359375,1435.25228515625,1343.4707485961915,534527072.71258545,52.112676056338024,90.94567404426559,38.22937625754527,63.480885311871226,0.9920159680638723,0.9914944174950405,True,True,True,True,True,True,True,True,True,False,True,True,True,True,False,RS_FAIL
NYKAA-2024-09-05,NYKAA,2024-08-23 00:00:00,2024-09-05 00:00:00,9,226.77000427246094,11.231991895278105,9.379819227320837,204.24000549316406,2.005877407084706,215.39999389648438,210.60000610351562,205.152498626709,191.0489993286133,172.93765007019044,2291215466.047592,82.75862068965517,80.12170385395537,76.8762677484787,79.93914807302231,0.9820717131474104,1.4600201346188002,True,True,True,True,True,True,True,True,True,True,True,True,True,True,True,
NYKAA-2025-06-09,NYKAA,2025-05-29 00:00:00,2025-06-09 00:00:00,7,204.50999450683594,5.7485353852021825,5.608956349941676,192.47999572753906,2.092706745837273,202.02999877929688,198.8000030517578,199.37099990844726,191.52199981689452,182.7683995819092,1820351288.0470734,23.732251521298174,62.06896551724138,88.43813387423936,58.47870182555781,0.9801192842942346,1.1081829243572432,True,True,True,True,True,True,True,True,True,False,True,True,True,True,False,RS_FAIL
NYKAA-2025-07-17,NYKAA,2025-07-14 00:00:00,2025-07-17 00:00:00,3,220.02999877929688,5.8257796122830525,5.579339463911078,213.44000244140625,1.131178447601468,217.47000122070312,216.9499969482422,208.42449951171875,202.2970001220703,182.2371996307373,1549386356.947548,84.90945674044266,58.95372233400402,88.93360160965796,75.7344064386318,0.994,0.8949192220667943,True,True,True,True,True,True,True,True,True,True,True,True,True,True,True,
NYKAA-2025-07-30,NYKAA,2025-07-22 00:00:00,2025-07-30 00:00:00,6,220.02999877929688,5.823348847001677,5.630919087028269,206.94000244140625,2.2478468458283065,213.83999633789062,211.8000030517578,212.4574981689453,205.20179962158204,183.07834953308105,889987526.825264,76.45875251509054,53.31991951710262,80.48289738430584,68.41046277665995,0.9920159680638723,0.6278681675160834,True,True,True,True,True,True,True,True,True,False,True,True,True,True,False,RS_FAIL
NYKAA-2025-09-15,NYKAA,2025-09-08 00:00:00,2025-09-15 00:00:00,5,247.27999877929688,6.425759654399899,6.306639741771988,235.1999969482422,1.8799336546587406,240.97999572753906,240.47000122070312,233.8924987792969,220.55339813232422,190.1256494140625,1534954668.9341888,89.53722334004024,92.95774647887323,88.12877263581488,90.48289738430583,0.9920159680638723,0.7996183373057184,True,True,True,True,True,True,True,True,True,True,True,True,True,True,True,
NYKAA-2025-10-16,NYKAA,2025-10-10 00:00:00,2025-10-16 00:00:00,4,265.19000244140625,7.188061495076001,7.103684795826764,254.86000061035156,1.4371053778728788,263.30999755859375,262.7799987792969,248.26249923706055,235.99759887695313,198.81914932250976,934013523.9850159,91.68356997971603,95.131845841785,88.03245436105477,91.96754563894524,0.9801192842942346,0.9949868383139368,True,True,True,True,True,True,True,True,True,True,True,True,True,True,True,
OBEROIRLTY-2024-04-05,OBEROIRLTY,2024-04-02 00:00:00,2024-04-05 00:00:00,3,1535.1131591796875,52.19783898815611,50.07785270767072,1490.2344165807983,0.8597816206351443,1531.3116455078125,1525.2881754956866,1406.4950622558595,1351.6185009765625,1229.4352688598633,1180658152.491211,91.17043121149896,53.59342915811089,67.96714579055441,69.17864476386038,0.9720558882235529,1.7002615264322136,True,True,True,True,True,True,True,True,True,False,True,True,True,True,False,RS_FAIL
OBEROIRLTY-2024-10-21,OBEROIRLTY,2024-10-16 00:00:00,2024-10-21 00:00:00,3,2011.7012939453125,61.47171691344477,69.31222564921437,1866.713314584707,2.3586128164397264,1976.9775390625,1923.9258362337805,1884.9768005371093,1804.3601147460938,1613.4945825195311,1712829416.2810059,93.06122448979592,81.83673469387756,85.51020408163265,86.3061224489796,0.98,2.9669088479686,True,True,True,True,True,True,True,True,True,True,True,True,True,True,True,
OBEROIRLTY-2024-12-24,OBEROIRLTY,2024-12-18 00:00:00,2024-12-24 00:00:00,4,2297.86376953125,71.43484010362764,71.33831240156276,2214.7597931602218,1.163353571597174,2271.484619140625,2270.9890366044738,2142.610919189453,2028.4660791015624,1758.756689453125,1426009196.8962402,95.95141700404858,96.5587044534413,81.78137651821862,91.94331983805668,0.988,1.7043863165584392,True,True,True,True,True,True,True,True,True,True,True,True,True,True,True,
OBEROIRLTY-2026-08-20,OBEROIRLTY,2026-08-17 00:00:00,2026-08-20 00:00:00,3,1931.0,48.761106788174274,52.78339610725451,1830.4000244140625,2.0631191991387565,1904.699951171875,1890.0,1830.1099914550782,1816.7882958984376,1662.5656518554688,512785258.1055908,60.199999999999996,69.8,79.2,69.74000000000001,1.0,1.7904835778001382,True,True,True,True,True,True,True,True,True,False,True,True,True,True,False,RS_FAIL
OFSS-2024-02-02,OFSS,2024-01-19 00:00:00,2024-02-02 00:00:00,8,6184.23828125,269.4332067250548,258.0249656999341,5738.119462052836,1.6557677675284086,5902.77294921875,5864.1045893051205,5022.615161132812,4258.896240234375,3659.9312243652344,1340354677.0664062,98.36734693877551,93.87755102040816,88.36734693877551,93.57142857142857,0.9780439121756487,0.7453181918764981,True,True,True,True,True,True,True,True,True,True,True,True,True,True,True,
OFSS-2024-02-22,OFSS,2024-02-16 00:00:00,2024-02-22 00:00:00,3,7119.81884765625,314.68295994759393,290.9110551699868,6864.881265079465,0.8101410467832165,7112.31005859375,7095.088998583371,6493.184814453125,5121.561987304687,3929.293497314453,1470641898.1586914,90.4276985743381,98.57433808553971,93.07535641547861,94.48065173116089,0.9800399201596807,0.9896819677199522,True,True,True,True,True,True,True,True,True,True,True,True,True,True,True,
OFSS-2024-03-21,OFSS,2024-03-18 00:00:00,2024-03-21 00:00:00,3,7746.236328125,313.85195208376126,300.99032666768835,7309.785663422202,1.390625936225873,7562.8798828125,7527.35959163472,7250.841870117188,6420.993857421875,4316.058677978515,1765139731.0202637,93.89002036659878,100.0,98.77800407331976,97.80040733197556,0.9800399201596807,1.0375926317353552,True,True,True,True,True,True,True,True,True,True,True,True,True,True,True,
OFSS-2024-09-10,OFSS,2024-09-03 00:00:00,2024-09-10 00:00:00,5,10625.568359375,332.17341688141823,334.98851724782395,9980.117973574475,1.943112702576505,10441.9541015625,10225.7388440891,10210.02265625,9985.1517578125,7197.805026855469,2467156178.5512695,65.51724137931035,88.64097363083164,88.03245436105477,81.5212981744422,0.9820717131474104,1.4830885492184165,True,True,True,True,True,True,True,True,True,True,True,True,True,True,True,
OFSS-2024-12-16,OFSS,2024-12-09 00:00:00,2024-12-16 00:00:00,5,11673.4921875,356.74602746684417,347.6562062996771,11014.591831593489,1.8469732111249628,11553.8349609375,11416.554842820085,11138.52451171875,10751.927265625,9182.958530273438,1175103054.9140625,41.093117408906885,68.21862348178138,84.21052631578947,64.87854251012146,0.988,0.969913816636119,True,True,True,True,True,True,True,True,True,False,True,True,True,True,False,RS_FAIL
OFSS-2024-12-27,OFSS,2024-12-19 00:00:00,2024-12-27 00:00:00,5,11901.119140625,371.15818487042355,378.26752228960794,11195.83939721604,1.9002133649704738,11730.6298828125,11523.504181625682,11465.616357421875,10901.45556640625,9363.530209960938,1340871121.868164,82.18623481781377,91.90283400809717,90.2834008097166,88.50202429149797,0.988,1.1198437693632406,True,True,True,True,True,True,True,True,True,True,True,True,True,True,True,
OFSS-2026-08-14,OFSS,2026-08-11 00:00:00,2026-08-14 00:00:00,3,11896.0,378.3855175677639,385.8454745249188,11318.0,1.5275426071149454,11828.0,11686.0,11435.7,10894.22,8571.695837402343,2926115704.0,56.00000000000001,86.0,98.6,80.78,1.0,1.030825698310664,True,True,True,True,True,True,True,True,True,True,True,True,True,True,True,
OIL-2024-01-18,OIL,2024-01-15 00:00:00,2024-01-18 00:00:00,3,246.4945526123047,8.816675016558072,9.489935067385728,234.0610519222891,1.4102255857979311,245.84181213378906,239.34527623844778,236.3565803527832,211.80271667480469,176.65807556152345,1655143799.312378,91.02040816326532,70.61224489795919,85.91836734693878,81.32653061224491,0.9780439121756487,1.84487228886719,True,True,True,True,True,True,True,True,True,True,True,True,True,True,True,
OIL-2024-03-01,OIL,2024-02-20 00:00:00,2024-03-01 00:00:00,8,375.9275207519531,21.67307779667931,20.70887925635969,338.1917533029174,1.7411356062597398,366.26043701171875,355.10133954515976,337.3540740966797,280.78994323730467,199.57394088745116,3896222047.3091125,99.79633401221996,99.59266802443992,97.75967413441956,99.10386965376782,0.9800399201596807,1.662664984927786,True,True,True,True,True,True,True,True,True,True,True,True,True,True,True,
OIL-2024-05-14,OIL,2024-05-08 00:00:00,2024-05-14 00:00:00,4,404.4640197753906,16.193576422882362,16.601164387431755,371.8871838979001,2.0117134737115734,391.1744384765625,390.4483743703851,390.09960021972654,381.4693237304688,252.53961502075197,2375567291.1060333,44.87704918032787,94.05737704918032,97.1311475409836,80.22540983606557,0.9740518962075848,0.6342707452969741,True,True,True,True,True,True,True,True,True,True,True,True,True,True,True,
OIL-2024-05-24,OIL,2024-05-21 00:00:00,2024-05-24 00:00:00,3,419.2056884765625,16.114511276888177,15.318238575882914,408.5993023026382,0.6581885104474898,417.8798828125,417.8167809722808,399.64852752685545,387.05726623535156,261.3555110168457,2455651242.1891174,81.42857142857143,75.91836734693878,96.93877551020408,83.87755102040816,0.9780439121756487,0.6520368586901154,True,True,True,True,True,True,True,True,True,True,True,True,True,True,True,
OLECTRA-2023-09-08,OLECTRA,2023-08-31 00:00:00,2023-09-08 00:00:00,6,1247.946044921875,58.16763894086711,49.31193329711776,1214.0233489864072,0.5831884627456415,1245.1483154296875,1242.250576031132,1203.7765502929688,1188.74564453125,750.9511082458496,784313083.4770508,85.2760736196319,95.0920245398773,98.56850715746421,93.19018404907976,0.9760479041916168,1.0510136766238907,True,True,True,True,True,True,True,True,True,True,True,True,True,True,True,
OLECTRA-2024-01-24,OLECTRA,2024-01-10 00:00:00,2024-01-24 00:00:00,9,1708.2347412109375,75.15777956274108,87.25176615576049,1549.2605717790575,2.115205775859433,1693.74169921875,1684.995885932828,1524.292529296875,1345.8197094726563,1092.863723449707,2036218852.2980347,97.95918367346938,92.44897959183673,63.06122448979592,85.28571428571429,0.9780439121756487,1.9898718587526847,True,True,True,True,True,True,True,True,True,True,True,True,True,True,True,
OLECTRA-2025-09-01,OLECTRA,2025-08-25 00:00:00,2025-09-01 00:00:00,4,1600.21533203125,67.46746620509207,67.29746588990623,1490.8415627686306,1.6211334946259541,1582.719482421875,1564.6239154604089,1489.5919311523437,1354.104501953125,1313.170831298828,1627914028.3326416,94.96981891348088,95.57344064386318,84.10462776659959,91.95171026156942,0.9920159680638723,0.7018146168320617,True,True,True,True,True,True,True,True,True,True,True,True,True,True,True,
ONGC-2024-02-14,ONGC,2024-02-08 00:00:00,2024-02-14 00:00:00,4,242.52407836914062,8.142965804702003,8.798829192742955,226.14276513595922,2.0117133764361776,238.70623779296875,232.97943031961756,223.47912063598633,199.25423217773437,162.8831396484375,6448177353.014542,92.85714285714286,84.89795918367346,83.6734693877551,86.91836734693878,0.9780439121756487,1.280273618996167,True,True,True,True,True,True,True,True,True,True,True,True,True,True,True,
ONGC-2024-03-01,ONGC,2024-02-20 00:00:00,2024-03-01 00:00:00,8,249.1816864013672,8.378859153108502,7.146634071500189,235.578501508521,1.6235127771302265,243.73141479492188,239.94774498910758,241.547518157959,215.65071746826172,169.15382301330567,4761935429.761353,85.5397148676171,87.9837067209776,85.33604887983707,86.45621181262729,0.9800399201596807,0.5815341329010121,True,True,True,True,True,True,True,True,True,True,True,True,True,True,True,
ONGC-2024-04-24,ONGC,2024-04-16 00:00:00,2024-04-24 00:00:00,5,255.0824432373047,7.926295914526035,7.194552176183529,246.2538907207877,1.1138307996219834,251.65911865234375,251.1185617609437,244.84174118041992,243.1162808227539,186.74980812072755,3540792751.32341,35.65573770491803,78.27868852459017,83.81147540983606,67.15163934426229,0.9740518962075848,0.6466086755893544,True,True,True,True,True,True,True,True,True,False,True,True,True,True,False,RS_FAIL
ONGC-2026-04-23,ONGC,2026-04-09 00:00:00,2026-04-23 00:00:00,9,288.6000061035156,8.091008583822958,6.514910382000829,281.0,0.9393150464221437,286.25,285.04998779296875,282.6475006103516,275.28746154785154,243.784906539917,5023143956.947266,28.893442622950822,84.42622950819673,85.45081967213115,68.07377049180329,0.976,0.7428498159822977,True,True,True,True,True,True,True,True,True,False,True,True,True,True,False,RS_FAIL
PATANJALI-2023-12-14,PATANJALI,2023-12-08 00:00:00,2023-12-14 00:00:00,4,522.0382690429688,17.421066152083814,17.898969862777008,488.51007405935883,1.9245776745758731,510.8024597167969,510.33017082315104,474.3856658935547,450.2747607421875,382.6079647827148,776626681.9488373,52.44897959183673,80.40816326530611,82.0408163265306,72.51020408163265,0.9780439121756487,0.9089387819825198,True,True,True,True,True,True,True,True,True,True,True,True,True,True,True,
PATANJALI-2024-01-03,PATANJALI,2023-12-22 00:00:00,2024-01-03 00:00:00,6,528.1282348632812,18.695095857063848,17.438794539911438,497.9709397113254,1.613112624964748,519.3025512695312,513.114756918203,513.779933166504,474.49052978515624,395.8373419189453,1059830196.1218567,74.28571428571429,80.81632653061224,64.6938775510204,74.0204081632653,0.9780439121756487,1.6338389699570814,True,True,True,True,True,True,True,True,True,True,True,True,True,True,True,
PATANJALI-2024-09-10,PATANJALI,2024-09-02 00:00:00,2024-09-10 00:00:00,6,644.2559814453125,17.678968784339645,17.26004242123035,614.2587207030365,1.696776611136286,634.8675537109375,632.0052242437645,619.289013671875,575.4609985351562,508.95666656494143,1077502909.6362305,71.39959432048681,87.2210953346856,56.3894523326572,73.22515212981745,0.9820717131474104,1.02019138116573,True,True,True,True,True,True,True,True,True,True,True,True,True,True,True,
PATANJALI-2024-11-18,PATANJALI,2024-11-07 00:00:00,2024-11-18 00:00:00,6,624.5576171875,19.547325521997102,17.26975354346209,599.8322928569039,1.264895512318146,609.3610229492188,609.1473868501407,593.9835357666016,584.4353686523438,528.0909237670899,1027159754.6228027,95.94320486815415,81.54158215010142,87.82961460446246,87.74847870182555,0.986,0.4630933487354189,True,True,True,True,True,True,True,True,True,True,True,True,True,True,True,
PAYTM-2023-09-05,PAYTM,2023-08-23 00:00:00,2023-09-05 00:00:00,9,904.75,31.64795528112964,29.58605706951687,850.0,1.729969582984249,881.0999755859375,865.0,865.3075012207031,841.7709973144531,675.6419985961915,2353880338.7955933,71.98364008179959,70.75664621676891,75.4601226993865,72.5357873210634,0.9741035856573705,1.0091735228822778,True,True,True,True,True,True,True,True,True,True,True,True,True,True,True,
PAYTM-2023-10-18,PAYTM,2023-10-11 00:00:00,2023-10-18 00:00:00,5,971.75,29.723335622326854,28.019986252750552,925.0,1.572838277440284,947.9500122070312,946.2999877929688,895.9099945068359,879.9139990234376,731.0894982910156,1672237503.7858276,84.89795918367346,63.6734693877551,76.73469387755102,73.95918367346938,0.9780439121756487,1.0020557702876514,True,True,True,True,True,True,True,True,True,True,True,True,True,True,True,
PAYTM-2024-09-24,PAYTM,2024-09-16 00:00:00,2024-09-24 00:00:00,6,682.1500244140625,34.97410037419481,34.61925463157742,628.5,1.533992978805753,680.9500122070312,676.4000244140625,635.0125030517578,558.4289990234375,497.07424942016604,7067076594.876373,98.58012170385395,98.98580121703854,88.84381338742394,95.82150101419879,0.986,1.1096690914128413,True,True,True,True,True,True,True,True,True,True,True,True,True,True,True,
PAYTM-2024-10-30,PAYTM,2024-10-24 00:00:00,2024-10-30 00:00:00,4,764.4500122070312,46.04750369119237,42.94155784316056,714.0,1.0956079735692807,752.0999755859375,748.25,725.4850036621094,669.0530029296875,503.18649948120117,8514857589.75,96.93877551020408,99.79591836734694,99.79591836734694,98.93877551020408,0.98,0.495899179211405,True,True,True,True,True,True,True,True,True,True,True,True,True,True,True,
PAYTM-2024-11-19,PAYTM,2024-11-08 00:00:00,2024-11-19 00:00:00,6,848.5499877929688,39.516041068008576,41.046438223613634,750.0,2.4939236099932316,814.25,788.0,768.9525024414063,722.8250036621093,507.15399978637697,6157664021.498962,98.37728194726166,99.59432048681542,100.0,99.35091277890467,0.986,1.482875974796856,True,True,True,True,True,True,True,True,True,True,True,True,True,True,True,
PAYTM-2024-12-24,PAYTM,2024-12-17 00:00:00,2024-12-24 00:00:00,5,1014.6500244140625,40.39862706844235,41.17754009178713,940.0499877929688,1.8465983137176474,982.5499877929688,978.7999877929688,958.6499938964844,847.8910009765625,565.5249995422363,7700514647.694519,86.43724696356276,100.0,100.0,95.93117408906883,0.988,0.9727232112864881,True,True,True,True,True,True,True,True,True,True,True,True,True,True,True,
PAYTM-2025-07-31,PAYTM,2025-07-24 00:00:00,2025-07-31 00:00:00,5,1106.25,33.688036676908546,35.750933430295674,1046.25,1.7810476928483927,1089.3499755859375,1084.699951171875,1008.4999969482421,946.517998046875,857.6797503662109,5085106973.681335,98.18913480885311,88.53118712273643,91.95171026156942,92.45472837022133,0.9920159680638723,1.1270958246867981,True,True,True,True,True,True,True,True,True,True,True,True,True,True,True,
PAYTM-2025-09-01,PAYTM,2025-08-25 00:00:00,2025-09-01 00:00:00,4,1276.0999755859375,37.284535306228385,36.45721854900692,1203.5,1.947187352333976,1235.800048828125,1234.0,1165.0000061035157,1051.1840014648437,899.353250427246,6894918160.0,96.98189134808854,98.18913480885311,96.98189134808854,97.46478873239437,0.9920159680638723,0.4208693837013913,True,True,True,True,True,True,True,True,True,True,True,True,True,True,True,
PAYTM-2025-10-27,PAYTM,2025-10-21 00:00:00,2025-10-27 00:00:00,3,1308.199951171875,32.925862539932005,31.79206568067408,1280.0,0.8564681073327847,1306.199951171875,1297.300048828125,1233.8150024414062,1226.1080004882813,955.5115008544922,4215761641.378784,92.90060851926978,92.90060851926978,93.91480730223124,93.20486815415822,0.9801192842942346,0.9775560489171076,True,True,True,True,True,True,True,True,True,True,True,True,True,True,True,
PAYTM-2025-11-17,PAYTM,2025-11-07 00:00:00,2025-11-17 00:00:00,6,1346.5,33.49873021571007,32.2152357974693,1289.0,1.7164829720331887,1332.9000244140625,1315.0,1306.364990234375,1248.8579956054687,986.5655001831054,3262001985.027771,69.02834008097166,81.9838056680162,97.36842105263158,82.71255060728745,0.9840637450199203,1.0533687661665674,True,True,True,True,True,True,True,True,True,True,True,True,True,True,True,
PAYTM-2026-08-21,PAYTM,2026-08-13 00:00:00,2026-08-21 00:00:00,6,1649.5,52.078586525767385,50.380654973816426,1546.300048828125,1.9816196647505755,1632.0,1622.800048828125,1485.5649963378905,1325.2980029296875,1216.5369995117187,5230614434.5,98.8,98.2,90.60000000000001,96.10000000000001,1.0,1.4880189818984508,True,True,True,True,True,True,True,True,True,True,True,True,True,True,True,
PCBL-2023-12-14,PCBL,2023-12-04 00:00:00,2023-12-14 00:00:00,8,257.6768798828125,10.86694638530958,10.561880267041635,234.29439479648948,2.1517070442099997,248.0985107421875,241.66598769898224,241.01333389282226,208.46847869873048,152.47305892944337,996683682.8318176,92.24489795918367,97.55102040816327,92.44897959183673,94.42857142857143,0.9780439121756487,1.6229992946081795,True,True,True,True,True,True,True,True,True,True,True,True,True,True,True,
PCBL-2024-08-28,PCBL,2024-08-23 00:00:00,2024-08-28 00:00:00,3,478.01373291015625,23.680468987929462,23.12134315137103,450.1650597446314,1.1760186497877239,467.2659912109375,466.3106169708739,393.8084228515625,314.0262225341797,267.70569709777834,3404961270.4115295,100.0,99.79716024340772,91.07505070993915,97.24137931034484,0.9801192842942346,0.6795541571208896,True,True,True,True,True,True,True,True,True,True,True,True,True,True,True,
PCBL-2024-09-10,PCBL,2024-09-04 00:00:00,2024-09-10 00:00:00,4,487.42401123046875,22.363118054835805,22.072169116428405,439.46501419988516,2.144557700450583,465.9284973144531,464.6864787490056,442.32154541015626,353.2534436035156,280.0172629547119,2579319509.4883423,97.3630831643002,100.0,94.9290060851927,97.68762677484787,0.9820717131474104,0.6624888948811932,True,True,True,True,True,True,True,True,True,True,True,True,True,True,True,
PCBL-2024-09-24,PCBL,2024-09-18 00:00:00,2024-09-24 00:00:00,4,508.58514404296875,23.602034693141565,22.364168022505527,479.54231464383696,1.2305222738940913,506.7222900390625,503.4740269019752,476.1006362915039,399.7259143066406,292.5258592224121,1871510777.1131592,82.1501014198783,100.0,98.37728194726166,94.15821501014199,0.986,0.8102717847100032,True,True,True,True,True,True,True,True,True,True,True,True,True,True,True,
PERSISTENT-2023-11-29,PERSISTENT,2023-11-22 00:00:00,2023-11-29 00:00:00,4,3235.134521484375,67.02366769063183,72.33508741819077,3079.1182345933635,2.3277790110077574,3160.904296875,3159.5795778810166,3104.711328125,2954.2402099609376,2522.65794921875,2636376991.050537,45.30612244897959,84.08163265306122,58.77551020408164,64.85714285714286,0.9780439121756487,1.0576492280329521,True,True,True,True,True,True,True,True,True,False,True,True,True,True,False,RS_FAIL
PERSISTENT-2024-02-02,PERSISTENT,2024-01-29 00:00:00,2024-02-02 00:00:00,4,4237.76123046875,123.70632151365758,126.61202485161458,4039.5534924761,1.6022442149067313,4187.0400390625,4148.826638069333,3867.189501953125,3552.6538427734376,2810.2871728515624,2279538780.5200195,84.08163265306122,78.36734693877551,90.61224489795919,83.75510204081633,0.9780439121756487,0.6820778371483561,True,True,True,True,True,True,True,True,True,True,True,True,True,True,True,
PERSISTENT-2024-02-23,PERSISTENT,2024-02-16 00:00:00,2024-02-23 00:00:00,4,4367.7412109375,102.52055564605196,97.76005144561417,4180.834865820807,1.8231109257930633,4260.75830078125,4247.561284751496,4235.735046386719,3886.0079248046877,2965.7834375,1600954018.668457,49.287169042769854,75.35641547861506,87.9837067209776,71.32382892057026,0.9800399201596807,0.8138959394225216,True,True,True,True,True,True,True,True,True,True,True,True,True,True,True,
PERSISTENT-2024-09-10,PERSISTENT,2024-09-03 00:00:00,2024-09-10 00:00:00,5,5222.0654296875,141.51317659766445,136.6351384570316,5065.028134645326,1.1097008689773558,5205.82958984375,5187.815889311748,4969.372119140625,4766.322421875,3982.534298095703,1905011747.4831543,83.16430020283975,93.91480730223124,62.47464503042597,81.25760649087222,0.9820717131474104,0.8765405807949748,True,True,True,True,True,True,True,True,True,True,True,True,True,True,True,
PERSISTENT-2024-11-06,PERSISTENT,2024-10-23 00:00:00,2024-11-06 00:00:00,10,5644.6162109375,200.2492722094999,196.62702028446452,5229.320895503347,2.073891759265287,5643.52978515625,5371.453730754367,5440.726489257812,5303.83591796875,4377.066928710938,2078102339.5761719,88.36734693877551,90.0,95.3061224489796,91.10204081632654,0.98,1.8513925245676521,True,True,True,True,True,True,True,True,True,True,True,True,True,True,True,
PERSISTENT-2024-11-14,PERSISTENT,2024-11-07 00:00:00,2024-11-14 00:00:00,5,5663.0244140625,192.72049657740394,174.1261552546733,5516.548784192174,0.7600417831608054,5639.72998046875,5626.109871156807,5496.207861328125,5366.381455078125,4430.658642578125,1983061115.0317383,93.50912778904666,92.69776876267748,97.3630831643002,94.34077079107506,0.986,1.069710890854492,True,True,True,True,True,True,True,True,True,True,True,True,True,True,True,
PETRONET-2024-04-25,PETRONET,2024-04-16 00:00:00,2024-04-25 00:00:00,6,285.4234619140625,9.763824138434142,9.59021512585775,269.8548836610886,1.5945164550526914,280.4192810058594,280.28025218418077,266.63461380004884,259.32017669677737,217.90243194580077,1787032849.2716675,82.17213114754098,82.58196721311475,66.39344262295081,77.60245901639344,0.9740518962075848,0.9885240888558157,True,True,True,True,True,True,True,True,True,True,True,True,True,True,True,
PETRONET-2024-05-08,PETRONET,2024-05-02 00:00:00,2024-05-08 00:00:00,4,297.23883056640625,9.969209084310943,10.381689881119536,273.5153603884901,2.3796742527199086,284.82110595703125,283.8480305986282,280.62314453125,264.5921713256836,221.31218620300294,2129691258.0289764,88.9344262295082,79.30327868852459,80.94262295081968,82.6844262295082,0.9740518962075848,0.9070842979347497,True,True,True,True,True,True,True,True,True,True,True,True,True,True,True,
PETRONET-2024-07-24,PETRONET,2024-07-16 00:00:00,2024-07-24 00:00:00,5,328.5269775390625,8.862276785748124,10.27693850112226,308.4264250609055,2.268102538896293,327.7790222167969,325.1612878321883,313.4543685913086,296.4069177246094,245.29549621582032,1360999684.0429993,78.29614604462475,64.50304259634888,89.8580121703854,76.2474645030426,0.9801192842942346,2.9304034245568618,True,True,True,True,True,True,True,True,True,True,True,True,True,True,True,
PETRONET-2024-08-16,PETRONET,2024-08-12 00:00:00,2024-08-16 00:00:00,3,349.37542724609375,10.02258909377139,9.529988697966926,339.3719005938594,0.9980980521740768,346.7576904296875,346.196723545958,337.6072570800781,316.0364013671875,256.08064682006835,1514046248.56279,77.89046653144015,75.86206896551724,79.91886409736308,77.68762677484787,0.9801192842942346,0.4696011120911613,True,True,True,True,True,True,True,True,True,True,True,True,True,True,True,
PFC-2023-10-10,PFC,2023-09-29 00:00:00,2023-10-10 00:00:00,6,221.58961486816406,8.093697469355554,8.025764642957116,209.5820969150545,1.4835639704316292,219.874267578125,215.7398110825363,209.33973922729493,196.42200592041016,137.12403347015382,4099267565.75885,95.3061224489796,90.40816326530611,95.71428571428572,93.46938775510205,0.9780439121756487,1.0508025473726752,True,True,True,True,True,True,True,True,True,True,True,True,True,True,True,
PFC-2024-02-01,PFC,2024-01-29 00:00:00,2024-02-01 00:00:00,3,398.5859375,16.74000810409789,15.24028341058744,389.9762631415022,0.5143172156762678,397.6937561035156,397.2922049681522,366.4537078857422,345.775927734375,214.87259128570557,4517116764.371719,79.59183673469387,97.75510204081633,96.12244897959184,91.81632653061224,0.9780439121756487,1.0171887066724254,True,True,True,True,True,True,True,True,True,True,True,True,True,True,True,
PHOENIXLTD-2023-09-15,PHOENIXLTD,2023-09-12 00:00:00,2023-09-15 00:00:00,3,928.8321533203125,24.973153754675092,26.943160078354474,892.3191978807909,1.4620882808077955,922.7682495117188,917.8459772824856,897.6147338867188,859.019541015625,740.9137396240235,358966725.26000977,49.693251533742334,63.59918200408998,70.75664621676891,61.57464212678937,0.9760479041916168,5.79576112710377,True,True,True,True,True,True,True,True,True,False,True,True,True,True,False,RS_FAIL
PHOENIXLTD-2023-11-23,PHOENIXLTD,2023-11-20 00:00:00,2023-11-23 00:00:00,3,1143.9205322265625,44.17704188568767,44.66185083286645,1085.1491615954096,1.330360026894273,1131.732666015625,1128.0686585756657,1028.0579498291015,963.5728662109375,801.2255368041992,577774964.296814,95.91836734693877,89.38775510204081,86.73469387755102,90.55102040816325,0.9780439121756487,1.1555256793235023,True,True,True,True,True,True,True,True,True,True,True,True,True,True,True,
PHOENIXLTD-2024-04-30,PHOENIXLTD,2024-04-24 00:00:00,2024-04-30 00:00:00,4,1590.0634765625,69.79904168229652,69.65463980479954,1505.5206708587739,1.2112316110089107,1571.0462646484375,1552.2784732299415,1506.7756042480469,1419.1289379882812,1114.1947772216797,1424825451.5019531,78.68852459016394,88.11475409836066,86.47540983606558,84.79508196721312,0.9740518962075848,1.2393865653612506,True,True,True,True,True,True,True,True,True,True,True,True,True,True,True,
PHOENIXLTD-2024-06-10,PHOENIXLTD,2024-06-03 00:00:00,2024-06-10 00:00:00,5,1666.38134765625,78.98647972798517,87.69973468155152,1485.4816768091466,2.290261212679542,1659.2530517578125,1634.90206438567,1566.852850341797,1519.6566650390625,1211.3972604370117,2114172752.6582031,83.91038696537679,81.67006109979633,74.74541751527495,80.26476578411406,0.9800399201596807,0.5906627363777924,True,True,True,True,True,True,True,True,True,True,True,True,True,True,True,
PHOENIXLTD-2024-06-25,PHOENIXLTD,2024-06-18 00:00:00,2024-06-25 00:00:00,5,1896.5064697265625,93.69375972907403,87.69239168367848,1759.6476310847027,1.4607038829224321,1846.8323974609375,1823.9521260476856,1689.532177734375,1594.5857446289062,1257.155325012207,1443630153.208496,85.74338085539715,84.11405295315683,88.59470468431772,85.94704684317719,0.9780876494023905,0.5000272060148266,True,True,True,True,True,True,True,True,True,True,True,True,True,True,True,
PHOENIXLTD-2024-07-15,PHOENIXLTD,2024-07-09 00:00:00,2024-07-15 00:00:00,4,2006.72119140625,78.01985281723215,82.26080160822671,1899.7465940907932,1.3711202143133168,1988.2025146484375,1969.0107840111339,1862.8126403808594,1686.6242944335938,1325.0059786987304,1087327837.2210693,88.23529411764706,84.17849898580123,89.65517241379311,87.03853955375254,0.9801192842942346,1.8935210712879087,True,True,True,True,True,True,True,True,True,True,True,True,True,True,True,
PHOENIXLTD-2025-11-17,PHOENIXLTD,2025-11-07 00:00:00,2025-11-17 00:00:00,6,1773.300048828125,43.361540546085074,40.74875892209593,1710.0,1.4598201085786857,1745.5999755859375,1741.5999755859375,1716.6900024414062,1639.0745825195313,1583.0956567382811,779574003.2337036,67.81376518218623,90.2834008097166,70.24291497975709,77.53036437246963,0.9840637450199203,0.4160597055880345,True,True,True,True,True,True,True,True,True,True,True,True,True,True,True,
PHOENIXLTD-2026-07-09,PHOENIXLTD,2026-07-06 00:00:00,2026-07-09 00:00:00,3,2105.800048828125,53.56983989782189,59.3242482083235,2013.4000244140625,1.7248516066186603,2088.0,2079.300048828125,1937.5699951171875,1834.0320043945312,1741.113002319336,1234261475.5324097,91.8,82.19999999999999,69.19999999999999,81.17999999999999,1.0,2.2006271450312775,True,True,True,True,True,True,True,True,True,True,True,True,True,True,True,
PIDILITIND-2024-03-21,PIDILITIND,2024-03-18 00:00:00,2024-03-21 00:00:00,3,1435.0057373046875,35.137031648899985,34.00424607054572,1383.5706310076814,1.4638432412550233,1423.305908203125,1418.179544266272,1376.179248046875,1332.4575122070312,1271.6271313476564,868949108.5212402,90.83503054989816,67.41344195519349,57.0264765784114,71.32382892057026,0.9800399201596807,1.1240101271605878,True,True,True,True,True,True,True,True,True,True,True,True,True,True,True,
PIIND-2024-08-07,PIIND,2024-07-31 00:00:00,2024-08-07 00:00:00,5,4379.56005859375,114.43910166598285,120.5521285463251,4136.796967336943,2.1213299276445485,4371.1083984375,4279.084172817445,4060.298876953125,3819.3447119140624,3612.7565197753906,1321939276.8929443,95.74036511156187,79.91886409736308,75.65922920892496,83.38742393509128,0.9801192842942346,2.7665654608898658,True,True,True,True,True,True,True,True,True,True,True,True,True,True,True,
PIIND-2024-08-16,PIIND,2024-08-09 00:00:00,2024-08-16 00:00:00,4,4435.85205078125,124.41536308459784,122.29016292334175,4244.389430422257,1.5388985380270583,4385.2431640625,4322.229595220988,4221.830810546875,3918.1251318359373,3640.198895263672,1591585283.2111816,94.11764705882352,74.4421906693712,74.2393509127789,80.28397565922921,0.9801192842942346,0.5983862279636479,True,True,True,True,True,True,True,True,True,True,True,True,True,True,True,
PIIND-2024-09-27,PIIND,2024-09-20 00:00:00,2024-09-27 00:00:00,5,4671.2373046875,108.48514960124055,106.881323142509,4479.722699706682,1.7653531905958504,4608.78662109375,4596.751171887292,4584.617602539062,4398.004521484375,3785.186776123047,1130312059.5336914,61.257606490872206,82.96146044624746,47.46450304259635,65.80121703853955,0.986,0.6036807147144002,True,True,True,True,True,True,True,True,True,False,True,True,True,True,False,RS_FAIL
PNB-2023-11-28,PNB,2023-11-16 00:00:00,2023-11-28 00:00:00,7,74.2949447631836,1.9410033192031726,1.9811034833912806,70.5615361721686,1.923442661884599,73.31493377685547,71.82155239698815,71.24054794311523,70.93020706176758,55.28253171920776,2604618236.81073,71.42857142857143,84.28571428571429,85.91836734693878,80.91836734693877,0.9780439121756487,1.2181962285950987,True,True,True,True,True,True,True,True,True,True,True,True,True,True,True,
PNB-2024-02-07,PNB,2024-02-02 00:00:00,2024-02-07 00:00:00,3,117.04254150390625,4.114405395869807,4.1279481871392045,111.1624171989982,1.4291553065749765,115.64250946044922,114.66249335212109,99.14548568725586,89.44607528686524,66.13667858123779,7664789968.402939,93.87755102040816,91.02040816326532,93.26530612244898,92.55102040816328,0.9780439121756487,0.8525319689116819,True,True,True,True,True,True,True,True,True,True,True,True,True,True,True,
PNB-2024-03-04,PNB,2024-02-16 00:00:00,2024-03-04 00:00:00,10,121.47596740722656,4.715383520507548,4.109064297118867,110.78906837098096,2.2663902076612645,117.64923095703125,116.66920215964727,116.72986869812011,102.88450088500977,72.49205528259277,6273756324.837162,52.953156822810584,95.11201629327903,95.31568228105907,82.5254582484725,0.9800399201596807,0.7806142839164979,True,True,True,True,True,True,True,True,True,True,True,True,True,True,True,
PNB-2024-04-10,PNB,2024-04-05 00:00:00,2024-04-10 00:00:00,3,127.4494400024414,4.006562896522625,3.975071404968055,122.50265769238742,1.234669824938328,127.21609497070312,125.76939523085109,117.23154678344727,116.28092559814453,81.00483905792237,4838628402.84613,63.114754098360656,93.44262295081968,88.52459016393442,82.8688524590164,0.9740518962075848,1.1529704300458197,True,True,True,True,True,True,True,True,True,True,True,True,True,True,True,
PNB-2025-07-07,PNB,2025-07-02 00:00:00,2025-07-07 00:00:00,3,110.63298797607422,2.526000526856577,2.4978995764871663,106.75573425489588,1.5349378117522776,109.33085632324219,107.96069403721674,103.75220794677735,98.93457275390625,95.59738430023194,2161045926.3586082,74.84909456740442,64.38631790744466,69.21529175050301,68.9738430583501,0.9920159680638723,0.9499381732857458,True,True,True,True,True,True,True,True,True,False,True,True,True,True,False,RS_FAIL
PNB-2025-11-17,PNB,2025-11-03 00:00:00,2025-11-17 00:00:00,9,120.02973937988281,2.4613602185066172,2.391616156706322,115.50142529372869,1.8397608168468704,119.5244369506836,119.11630736937478,117.20051307678223,111.6978224182129,100.42124343872071,2036208926.8712273,73.68421052631578,81.57894736842105,89.06882591093117,81.4574898785425,0.9840637450199203,1.041454164292165,True,True,True,True,True,True,True,True,True,True,True,True,True,True,True,
PNB-2025-11-26,PNB,2025-11-19 00:00:00,2025-11-26 00:00:00,5,121.52622985839844,2.4296857959826292,2.405628305768817,117.67812634340308,1.5837864802757688,121.45820617675781,119.96171999414626,119.05022735595703,114.15575042724609,101.36576496124268,2008620167.226612,80.76923076923077,91.29554655870446,89.27125506072875,87.53036437246963,0.9840637450199203,1.1490908298519622,True,True,True,True,True,True,True,True,True,True,True,True,True,True,True,
PNB-2026-01-13,PNB,2026-01-07 00:00:00,2026-01-13 00:00:00,4,122.12870788574219,2.40011479705376,2.4306215246010505,117.68784702063319,1.8502701914759834,121.0014877319336,120.00059370759703,118.74704513549804,118.4825360107422,106.43851100921631,1465640346.7697258,87.32394366197182,80.08048289738431,81.08651911468813,82.5553319919517,0.9920159680638723,1.104260226727399,True,True,True,True,True,True,True,True,True,True,True,True,True,True,True,
PNBHOUSING-2023-10-12,PNBHOUSING,2023-10-03 00:00:00,2023-10-12 00:00:00,7,732.8175659179688,30.554758279905126,29.55686949862143,688.9353783615719,1.436181793827403,731.9290771484375,730.0533113729616,690.7987854003907,660.0383227539063,531.6646862792969,310094047.2576599,91.83673469387756,74.28571428571429,87.14285714285714,83.40816326530613,0.9780439121756487,1.0881230095672643,True,True,True,True,True,True,True,True,True,True,True,True,True,True,True,
PNBHOUSING-2023-11-29,PNBHOUSING,2023-11-20 00:00:00,2023-11-29 00:00:00,6,809.4756469726562,28.196341328147863,25.607568254057558,769.0487900032022,1.4337625048217424,788.7932739257812,785.0418577642478,758.6211883544922,725.5713415527343,578.6229666137696,213834706.94491577,60.816326530612244,83.6734693877551,89.18367346938776,78.46938775510203,0.9780439121756487,1.207169672035218,True,True,True,True,True,True,True,True,True,True,True,True,True,True,True,
PNCINFRA-2024-06-03,PNCINFRA,2024-05-24 00:00:00,2024-06-03 00:00:00,6,557.4352416992188,23.798648274709013,25.75186421012231,508.2498540411422,2.06673030713035,544.1796264648438,530.2263059507566,474.7194763183594,450.88271484375,387.5174508666992,532741267.49102783,94.08163265306122,80.81632653061224,86.53061224489797,86.51020408163265,0.9780439121756487,1.4936726755368677,True,True,True,True,True,True,True,True,True,True,True,True,True,True,True,
POLICYBZR-2024-01-30,POLICYBZR,2024-01-24 00:00:00,2024-01-30 00:00:00,3,922.9500122070312,36.227275528470315,34.97271376900256,881.5499877929688,1.1427860309706983,909.25,908.5499877929688,847.8425018310547,823.4200012207032,726.4715005493164,765003859.536377,85.10204081632654,76.32653061224491,57.55102040816327,73.32653061224491,0.9780439121756487,1.1034950300131516,True,True,True,True,True,True,True,True,True,True,True,True,True,True,True,
POLICYBZR-2024-03-07,POLICYBZR,2024-02-29 00:00:00,2024-03-07 00:00:00,5,1167.4000244140625,55.72551060520929,55.66791584899276,1048.0,2.142645677308533,1101.5,1081.4000244140625,1032.7599884033202,933.3019982910156,782.2195001220703,1916754136.5227356,98.16700610997964,83.5030549898167,75.15274949083503,85.39714867617108,0.9800399201596807,1.4456169491764377,True,True,True,True,True,True,True,True,True,True,True,True,True,True,True,
POLICYBZR-2024-06-26,POLICYBZR,2024-06-14 00:00:00,2024-06-26 00:00:00,7,1372.050048828125,63.435189992667745,57.975161875523824,1272.800048828125,1.5645889925051373,1345.199951171875,1335.0,1301.2049987792968,1271.6690014648439,976.8732498168945,1593311382.7954102,62.729124236252545,57.841140529531565,91.24236252545825,69.32790224032586,0.9780876494023905,1.4789790005723717,True,True,True,True,True,True,True,True,True,False,True,True,True,True,False,RS_FAIL
POLICYBZR-2024-07-11,POLICYBZR,2024-07-01 00:00:00,2024-07-11 00:00:00,8,1517.1500244140625,66.0293160844892,61.53839406517743,1362.550048828125,2.3413838693727476,1470.8499755859375,1438.800048828125,1391.4349975585938,1316.842001953125,1013.1442492675782,1670642733.0427246,79.10750507099391,57.200811359026375,94.9290060851927,75.09127789046653,0.9801192842942346,1.0892505353319057,True,True,True,True,True,True,True,True,True,True,True,True,True,True,True,
POLICYBZR-2024-08-13,POLICYBZR,2024-08-07 00:00:00,2024-08-13 00:00:00,4,1513.5,68.82672810084901,65.2234693735009,1421.300048828125,1.3395951502558447,1482.6500244140625,1462.4000244140625,1464.7275085449219,1406.7019995117187,1091.0967498779296,1389816162.4641724,67.54563894523326,69.77687626774848,94.32048681541582,76.47058823529412,0.9801192842942346,0.9597293878896447,True,True,True,True,True,True,True,True,True,True,True,True,True,True,True,
POLICYBZR-2024-09-09,POLICYBZR,2024-08-26 00:00:00,2024-09-09 00:00:00,10,1819.3499755859375,85.55005537707952,70.76465810248389,1680.550048828125,1.6224411094303002,1741.199951171875,1739.0,1688.2300048828124,1548.90900390625,1181.1402499389649,1875534227.8953857,94.52332657200812,89.24949290060852,91.07505070993915,91.37931034482759,0.9820717131474104,0.5897324963930936,True,True,True,True,True,True,True,True,True,True,True,True,True,True,True,
POLICYBZR-2024-12-17,POLICYBZR,2024-12-10 00:00:00,2024-12-17 00:00:00,5,2172.64990234375,98.82188879005254,88.30937106366198,2072.699951171875,1.0114151064671415,2133.449951171875,2124.89990234375,1971.5699951171875,1793.60900390625,1498.3320001220702,2611158671.23291,94.33198380566802,92.3076923076923,94.93927125506073,93.70445344129554,0.988,1.0203715232700328,True,True,True,True,True,True,True,True,True,True,True,True,True,True,True,
POLYCAB-2023-08-28,POLYCAB,2023-08-23 00:00:00,2023-08-28 00:00:00,3,5059.0693359375,133.60150859150872,132.28041759859633,4857.053378789562,1.5120784134676868,5018.08544921875,4955.573731300507,4717.277856445313,4185.53072265625,3226.1371728515624,2734394210.126709,74.23312883435584,95.29652351738241,93.66053169734151,88.48670756646217,0.9741035856573705,1.161243233907831,True,True,True,True,True,True,True,True,True,True,True,True,True,True,True,
POLYCAB-2023-10-13,POLYCAB,2023-10-03 00:00:00,2023-10-13 00:00:00,8,5293.7451171875,140.87254148996,122.28920980925525,5064.094124666684,1.6302040844289223,5244.5341796875,5195.963884088102,5162.865576171875,4982.1871875,3627.779141845703,2427664628.128418,81.83673469387756,91.22448979591836,89.79591836734694,87.9795918367347,0.9780439121756487,0.7552903379694812,True,True,True,True,True,True,True,True,True,True,True,True,True,True,True,
POLYCAB-2024-06-21,POLYCAB,2024-06-18 00:00:00,2024-06-21 00:00:00,3,7005.04345703125,215.20686108316386,210.84677740700732,6802.8306154149595,0.9396207936797516,6986.6201171875,6921.547644981579,6768.326245117188,6148.6198046875,5251.168388671875,2415936680.758301,63.747454175152754,86.55804480651732,56.82281059063137,70.79429735234217,0.9780876494023905,2.224781755896137,True,True,True,True,True,True,True,True,True,True,True,True,True,True,True,
POLYCAB-2024-10-08,POLYCAB,2024-10-03 00:00:00,2024-10-08 00:00:00,3,7256.96533203125,181.44462607574556,194.8331825396689,6908.47763304623,1.9206283841084435,7188.22705078125,7171.154280014387,6785.21552734375,6680.797978515625,5807.107004394531,2576123162.2558594,91.20654396728017,73.41513292433538,80.16359918200409,80.77709611451942,0.978,1.04338124102525,True,True,True,True,True,True,True,True,True,True,True,True,True,True,True,
POLYCAB-2025-07-29,POLYCAB,2025-07-21 00:00:00,2025-07-29 00:00:00,6,7008.74462890625,158.07494770870568,152.19359016208895,6682.791225996675,2.062018097328294,6929.6201171875,6818.646696540791,6803.120361328125,6355.272744140625,6174.837680664063,2033598438.1523438,86.31790744466801,87.72635814889335,72.63581488933602,82.77665995975855,0.9920159680638723,0.8601288527710667,True,True,True,True,True,True,True,True,True,True,True,True,True,True,True,
POLYCAB-2025-08-28,POLYCAB,2025-08-20 00:00:00,2025-08-28 00:00:00,5,7124.19677734375,155.64134583804065,145.6974045562275,6952.013698418034,1.1062810977289295,7072.93994140625,7062.489506653454,6918.57255859375,6741.15205078125,6190.709348144531,1470638011.9763184,82.69617706237425,92.5553319919517,77.06237424547284,84.9496981891348,0.9920159680638723,1.294437116921406,True,True,True,True,True,True,True,True,True,True,True,True,True,True,True,
POLYCAB-2025-12-31,POLYCAB,2025-12-23 00:00:00,2025-12-31 00:00:00,5,7608.89697265625,176.504498362656,162.48587185983487,7426.761548159447,1.0319024511351418,7583.02001953125,7560.626312927515,7317.703833007812,7459.47611328125,6642.079265136719,1566237256.7822266,74.64788732394366,64.98993963782696,83.29979879275655,73.38028169014085,0.9920159680638723,1.0676570805506338,True,True,True,True,True,True,True,True,True,True,True,True,True,True,True,
POLYCAB-2026-03-05,POLYCAB,2026-02-27 00:00:00,2026-03-05 00:00:00,3,8569.837890625,196.82336009369263,216.7010914286347,8227.462524296177,1.739505748534339,8523.5576171875,8434.977910047795,7945.848413085938,7594.186962890625,7138.187592773437,2039961396.4238281,95.98393574297188,93.97590361445783,85.7429718875502,92.10843373493977,0.996,1.9155910977448176,True,True,True,True,True,True,True,True,True,True,True,True,True,True,True,
POLYCAB-2026-06-03,POLYCAB,2026-05-27 00:00:00,2026-06-03 00:00:00,4,9618.3623046875,218.35045059367957,209.17561412979856,9276.484711261672,1.5657288203266222,9526.2998046875,9510.374943239194,9246.17841796875,8286.6612109375,7660.596818847656,2563116961.279297,93.17269076305222,74.09638554216868,88.75502008032129,84.21686746987953,0.9880952380952381,0.5293808964467385,True,True,True,True,True,True,True,True,True,True,True,True,True,True,True,
POLYCAB-2026-06-12,POLYCAB,2026-06-04 00:00:00,2026-06-12 00:00:00,6,9671.6103515625,211.43858355000367,212.45696901412103,9308.33329868683,1.7181209161371331,9508.8818359375,9480.018676288913,9422.6412109375,8644.2744140625,7749.129252929688,2293468094.9472656,69.87951807228916,87.55020080321285,88.95582329317268,82.6706827309237,0.9880952380952381,0.6697306536849289,True,True,True,True,True,True,True,True,True,True,True,True,True,True,True,
POLYMED-2023-08-21,POLYMED,2023-08-10 00:00:00,2023-08-21 00:00:00,6,1467.960205078125,65.79888927206639,69.31257538780875,1314.3886800079115,2.3339531528446216,1421.69482421875,1387.6670719404913,1311.9658508300781,1190.66361328125,998.3069839477539,181739760.89135742,98.15573770491804,95.28688524590164,91.59836065573771,95.04098360655738,0.9721115537848606,2.6360554124192523,True,True,True,True,True,True,True,True,True,True,True,True,True,True,True,
POLYMED-2023-10-03,POLYMED,2023-09-15 00:00:00,2023-10-03 00:00:00,10,1490.9437255859375,60.59271460864795,52.672327916248584,1346.0181512713068,2.39179867168299,1419.6005859375,1386.498355329259,1395.99287109375,1360.9288500976563,1063.2819735717774,112478731.57751465,25.510204081632654,77.14285714285715,67.9591836734694,58.89795918367348,0.9780439121756487,2.1714591329516137,True,True,True,True,True,True,True,True,True,False,True,True,True,True,False,RS_FAIL
POLYMED-2024-09-18,POLYMED,2024-09-05 00:00:00,2024-09-18 00:00:00,9,2562.918212890625,96.20709548664944,92.31404921295966,2375.871324329405,1.9442109505028788,2495.4677734375,2446.163378225784,2417.3289306640627,2163.506806640625,1755.5424243164061,315249011.3322754,89.8580121703854,87.4239350912779,92.0892494929006,89.55375253549695,0.9840319361277445,1.6357274024100943,True,True,True,True,True,True,True,True,True,True,True,True,True,True,True,
POONAWALLA-2023-08-22,POONAWALLA,2023-08-08 00:00:00,2023-08-22 00:00:00,9,444.666015625,12.779859794161279,13.411528668980054,415.0415249547962,2.318060694510772,437.14788818359375,426.1942847486078,412.8558074951172,376.41664916992187,321.0971117401123,759387130.5122681,89.54918032786885,77.6639344262295,78.68852459016394,81.53688524590164,0.9721115537848606,1.2725480526916801,True,True,True,True,True,True,True,True,True,True,True,True,True,True,True,
POONAWALLA-2023-12-22,POONAWALLA,2023-12-19 00:00:00,2023-12-22 00:00:00,3,442.62469482421875,12.486153873683307,12.838209700734552,423.2069424422614,1.5551428068561277,440.4837646484375,440.03563595808265,415.8531127929688,386.5313421630859,358.8914958190918,1429341671.7810516,92.44897959183673,71.0204081632653,62.244897959183675,74.81632653061224,0.9780439121756487,0.8868280177938627,True,True,True,True,True,True,True,True,True,True,True,True,True,True,True,
POONAWALLA-2024-02-05,POONAWALLA,2024-01-19 00:00:00,2024-02-05 00:00:00,9,501.5251159667969,15.547974291609616,14.899537883628577,466.0,2.2848710256723166,480.1000061035156,478.95001220703125,479.668196105957,442.20365173339843,384.37129974365234,1008444792.6659698,75.51020408163265,73.87755102040816,54.48979591836734,68.55102040816325,0.9780439121756487,0.9236201097620836,True,True,True,True,True,True,True,True,True,False,True,True,True,True,False,RS_FAIL
POONAWALLA-2024-04-16,POONAWALLA,2024-04-05 00:00:00,2024-04-16 00:00:00,6,497.3999938964844,17.03300194724985,16.061672086677476,472.3999938964844,1.467738926903399,489.25,485.29998779296875,479.4649993896484,473.3710003662109,418.09329498291015,623843980.625,35.450819672131146,47.13114754098361,61.68032786885246,47.99180327868852,0.9740518962075848,0.7266017937699979,True,True,True,True,True,True,True,True,True,False,True,True,True,True,False,RS_FAIL
POONAWALLA-2025-06-05,POONAWALLA,2025-06-02 00:00:00,2025-06-05 00:00:00,3,407.29998779296875,10.917000791001376,10.53687836201853,396.70001220703125,0.970960412009387,405.0,404.25,395.7374969482422,379.5159973144531,353.6717501831055,406932914.9034729,43.20486815415821,88.64097363083164,87.4239350912779,74.64503042596348,0.9801192842942346,0.7528131374284098,True,True,True,True,True,True,True,True,True,True,True,True,True,True,True,
POONAWALLA-2025-06-16,POONAWALLA,2025-06-09 00:00:00,2025-06-16 00:00:00,5,431.25,11.371594129003302,11.359952316973416,407.95001220703125,2.04896407035334,420.1499938964844,420.04998779296875,408.41499786376954,390.62999755859374,354.7825,406932914.9034729,68.15415821501014,93.71196754563894,87.2210953346856,84.0973630831643,0.9801192842942346,0.5329294330721148,True,True,True,True,True,True,True,True,True,True,True,True,True,True,True,
POONAWALLA-2025-08-25,POONAWALLA,2025-08-19 00:00:00,2025-08-25 00:00:00,4,469.75,13.39753980387526,13.18830846320454,449.45001220703125,1.5152026484069072,467.70001220703125,467.0,443.08499908447266,446.0489971923828,370.28999923706056,531802128.375,92.35412474849095,87.12273641851107,95.57344064386318,91.22736418511066,0.9920159680638723,1.1030643996954224,True,True,True,True,True,True,True,True,True,True,True,True,True,True,True,
POONAWALLA-2025-09-29,POONAWALLA,2025-09-18 00:00:00,2025-09-29 00:00:00,7,502.1000061035156,17.171556113055985,16.766888886436313,478.45001220703125,1.3772772683369485,501.5,492.5,459.23500366210936,448.892001953125,381.71099975585935,496833126.5795288,97.18875502008032,83.53413654618474,94.57831325301204,90.94377510040161,0.9940119760479041,3.774060652175017,True,True,True,True,True,True,True,True,True,True,True,True,True,True,True,
POWERGRID-2024-02-08,POWERGRID,2024-02-05 00:00:00,2024-02-08 00:00:00,3,260.3931579589844,7.459078378652793,8.35852886062025,245.57403705877903,1.9867227756469659,254.22621154785156,252.56940537176393,232.4140281677246,220.13670776367186,182.6785994720459,5752773647.222137,80.0,77.3469387755102,77.3469387755102,78.14285714285714,0.9780439121756487,2.6991026937368434,True,True,True,True,True,True,True,True,True,True,True,True,True,True,True,
POWERGRID-2024-02-26,POWERGRID,2024-02-20 00:00:00,2024-02-26 00:00:00,4,269.42596435546875,8.579229494220758,8.538258619878036,255.71600216603525,1.5980411992322812,269.3323669433594,266.89921057410527,254.7493453979492,233.38955139160157,188.78109657287598,6728307987.64032,91.44602851323829,82.4847250509165,83.09572301425662,85.35641547861506,0.9800399201596807,1.17084389177372,True,True,True,True,True,True,True,True,True,True,True,True,True,True,True,
POWERGRID-2024-03-01,POWERGRID,2024-02-27 00:00:00,2024-03-01 00:00:00,3,273.7307434082031,8.550041751976257,8.820386081299842,256.7921930091932,1.9811073314460388,269.23876953125,266.7120139777734,259.600235748291,237.56566162109374,190.86834594726562,6588250777.006531,83.29938900203666,86.9653767820774,84.5213849287169,85.13238289205702,0.9800399201596807,0.5796804852412297,True,True,True,True,True,True,True,True,True,True,True,True,True,True,True,
POWERGRID-2024-08-07,POWERGRID,2024-08-01 00:00:00,2024-08-07 00:00:00,4,337.9288330078125,9.109516307657364,9.623711947600242,317.48089604087374,2.244678671879695,329.4595031738281,328.289740473513,321.9565093994141,310.31523071289064,254.7704899597168,4077348997.594269,71.6024340770791,67.54563894523326,83.97565922920892,73.6916835699797,0.9801192842942346,0.9727771891029945,True,True,True,True,True,True,True,True,True,True,True,True,True,True,True,
POWERINDIA-2024-02-20,POWERINDIA,2024-02-07 00:00:00,2024-02-20 00:00:00,8,6247.29736328125,274.3700184520841,250.5335664924999,5820.223483904762,1.55656176205372,6097.978515625,6064.6583639629125,5953.146313476563,5631.90224609375,4574.855787353516,194143016.78051758,50.204081632653065,76.73469387755102,71.42857142857143,67.18367346938776,0.9780439121756487,0.3569573620002416,True,True,True,True,True,True,True,True,True,False,True,True,True,True,False,RS_FAIL
POWERINDIA-2024-03-20,POWERINDIA,2024-03-14 00:00:00,2024-03-20 00:00:00,4,6712.1884765625,267.2589533564889,276.4054835797132,6322.431097078397,1.4583510658451797,6656.08740234375,6629.510716464492,6242.4166015625,6055.232431640625,4819.772657470703,218595436.12158203,95.9266802443992,93.27902240325867,90.83503054989816,93.34012219959267,0.9800399201596807,0.9185831892889579,True,True,True,True,True,True,True,True,True,True,True,True,True,True,True,
POWERINDIA-2024-04-05,POWERINDIA,2024-03-21 00:00:00,2024-04-05 00:00:00,9,7235.626953125,312.90198534445386,282.21100252986406,6808.403139847651,1.365359867586157,7116.9814453125,7033.853928185154,6764.65166015625,6280.83673828125,4974.359039306641,241735815.35351562,96.91991786447639,87.88501026694045,89.73305954825463,91.1498973305955,0.9720558882235529,1.6548048678136802,True,True,True,True,True,True,True,True,True,True,True,True,True,True,True,
POWERINDIA-2024-04-16,POWERINDIA,2024-04-09 00:00:00,2024-04-16 00:00:00,4,7730.64111328125,297.8479730241085,311.4748166495688,7073.818993973873,2.205226084430033,7555.4951171875,7373.505217571193,7062.244555664062,6484.3644921875,5075.888695068359,260835688.3359375,83.40163934426229,87.29508196721312,94.67213114754098,88.34016393442623,0.9740518962075848,1.5631212334663849,True,True,True,True,True,True,True,True,True,True,True,True,True,True,True,
POWERINDIA-2024-04-24,POWERINDIA,2024-04-18 00:00:00,2024-04-24 00:00:00,4,8281.2548828125,349.0203205564285,333.4232937181368,7952.944661484005,0.9406621964161955,8205.5234375,8121.845685827862,7432.568310546875,6702.461376953125,5177.3998669433595,332198969.45336914,88.72950819672131,92.62295081967213,92.41803278688525,91.39344262295083,0.9740518962075848,0.853674630261661,True,True,True,True,True,True,True,True,True,True,True,True,True,True,True,
POWERINDIA-2024-05-13,POWERINDIA,2024-05-02 00:00:00,2024-05-13 00:00:00,7,9775.2392578125,523.3228211387406,523.3911784005359,8705.782430156076,2.043589127891091,9432.6416015625,9091.99207416587,8655.75576171875,7465.749033203125,5476.041356201172,985417731.5410156,97.74590163934425,98.77049180327869,97.95081967213115,98.21721311475409,0.9740518962075848,2.2381350299116893,True,True,True,True,True,True,True,True,True,True,True,True,True,True,True,
POWERINDIA-2024-10-09,POWERINDIA,2024-09-30 00:00:00,2024-10-09 00:00:00,6,14537.611328125,602.7100779808364,691.1499947871255,13317.45659123148,2.0244472118024155,14473.1455078125,14180.450361711764,13350.846826171875,12393.44876953125,9340.049606933593,565225642.7695312,99.38650306748467,67.07566462167689,99.38650306748467,86.46216768916156,0.978,2.745737458696305,True,True,True,True,True,True,True,True,True,True,True,True,True,True,True,
POWERINDIA-2025-05-21,POWERINDIA,2025-05-14 00:00:00,2025-05-21 00:00:00,5,16726.154296875,658.6057937669432,698.0962953174533,15418.846090174917,1.9849631130981098,16592.2265625,16223.419723218782,15030.700927734375,13481.8680859375,12947.481147460938,1275374766.0805664,96.5376782077393,96.94501018329939,96.33401221995926,96.63951120162932,0.9780876494023905,1.2222512436334279,True,True,True,True,True,True,True,True,True,True,True,True,True,True,True,
POWERINDIA-2025-05-27,POWERINDIA,2025-05-22 00:00:00,2025-05-27 00:00:00,3,17310.845703125,718.552230580897,761.4272591041165,16231.415612185567,1.5022291282385873,17292.85546875,17190.90816068915,15671.512158203124,13792.67875,13049.955454101562,1461731253.4389648,95.1219512195122,98.57723577235772,98.3739837398374,97.47967479674797,0.9781312127236581,1.8657296712892697,True,True,True,True,True,True,True,True,True,True,True,True,True,True,True,
POWERINDIA-2025-07-29,POWERINDIA,2025-07-22 00:00:00,2025-07-29 00:00:00,5,20104.3671875,789.3094348162705,797.4541277416578,18760.079621913068,1.703118582257724,19779.5390625,19639.614521608513,19357.26318359375,18819.9073828125,14530.443930664063,1717995497.8652344,58.95372233400402,93.7625754527163,99.79879275653923,85.1307847082495,0.9920159680638723,1.3291320217316953,True,True,True,True,True,True,True,True,True,True,True,True,True,True,True,
POWERINDIA-2025-11-25,POWERINDIA,2025-11-20 00:00:00,2025-11-25 00:00:00,3,22391.654296875,652.0342407859542,645.8684717545772,21221.932619726147,1.7939574396259994,21736.810546875,21718.813974227673,20465.21357421875,19179.0005859375,16992.725727539062,2462830038.0507812,99.79757085020243,79.35222672064778,92.91497975708502,89.55465587044534,0.9840637450199203,0.4798817807358451,True,True,True,True,True,True,True,True,True,True,True,True,True,True,True,
POWERINDIA-2026-03-05,POWERINDIA,2026-02-27 00:00:00,2026-03-05 00:00:00,3,25555.8984375,745.6130251509555,841.709532104545,24189.225141103314,1.8329525508490034,25298.958984375,25188.986461256376,23513.43544921875,20175.60259765625,19518.411723632813,3004027761.1015625,99.59839357429718,90.16064257028113,94.37751004016064,94.2570281124498,0.996,0.8966146295788063,True,True,True,True,True,True,True,True,True,True,True,True,True,True,True,
PPLPHARMA-2023-11-20,PPLPHARMA,2023-11-13 00:00:00,2023-11-20 00:00:00,4,120.03500366210938,5.757179336089691,5.32847584566242,115.64105162109753,0.7632126401669885,119.43582916259766,118.83665613341893,107.30001258850098,102.8576188659668,89.18408983230592,830195692.2087402,95.10204081632652,78.9795918367347,89.59183673469387,87.0,0.9780439121756487,1.270649659345717,True,True,True,True,True,True,True,True,True,True,True,True,True,True,True,
PPLPHARMA-2024-01-02,PPLPHARMA,2023-12-22 00:00:00,2024-01-02 00:00:00,5,140.30714416503906,5.686446575726298,4.882268109223877,136.86187635753564,0.6058735911122813,140.30714416503906,139.50823264307252,131.00493125915528,119.46878677368164,95.26318906784057,668361331.150425,73.06122448979592,92.85714285714286,84.89795918367346,84.53061224489795,0.9780439121756487,2.3862603353214435,True,True,True,True,True,True,True,True,True,True,True,True,True,True,True,
PPLPHARMA-2024-05-13,PPLPHARMA,2024-05-06 00:00:00,2024-05-13 00:00:00,5,155.78585815429688,5.355033957925726,6.929961901553283,144.0519978618425,2.1911831716935546,153.98834228515625,151.59163753926865,144.88335342407225,134.9005743408203,120.79335304260253,526033501.9823456,88.31967213114754,74.59016393442623,74.59016393442623,78.70901639344262,0.9740518962075848,14.836835486958229,True,True,True,True,True,True,True,True,True,True,True,True,True,True,True,
PPLPHARMA-2024-09-25,PPLPHARMA,2024-09-11 00:00:00,2024-09-25 00:00:00,10,235.1576385498047,9.733348387054779,9.366273451598135,216.85948840189718,1.879944025454159,226.16346740722656,221.35657456691348,217.97027359008788,191.74796417236328,153.23310958862305,1548387105.1730347,97.56592292089249,95.74036511156187,94.52332657200812,95.92292089249493,0.986,5.49681769794246,True,True,True,True,True,True,True,True,True,True,True,True,True,True,True,
PPLPHARMA-2024-10-29,PPLPHARMA,2024-10-24 00:00:00,2024-10-29 00:00:00,3,255.67434692382812,11.987007808637482,12.102445188968995,241.35362099460224,1.1946872945979727,250.90744018554688,249.28848271064282,228.7637840270996,218.3105548095703,164.3625973510742,1039517864.3860168,97.95918367346938,98.57142857142858,98.57142857142858,98.38775510204083,0.98,4.551345578721418,True,True,True,True,True,True,True,True,True,True,True,True,True,True,True,
PPLPHARMA-2025-03-28,PPLPHARMA,2025-03-21 00:00:00,2025-03-28 00:00:00,5,226.68313598632812,10.221857336107446,10.284524217845147,215.24055019150487,1.1194233512146312,224.60447692871094,221.20668594346222,208.22958526611328,215.4170294189453,215.36994911193847,1202737720.5596924,61.03092783505155,36.70103092783505,83.09278350515464,57.91752577319588,0.97,0.8222355923965161,True,True,True,True,True,True,True,True,True,False,True,True,True,True,False,RS_FAIL
PPLPHARMA-2026-08-18,PPLPHARMA,2026-08-11 00:00:00,2026-08-18 00:00:00,5,214.19000244140625,7.414188106888867,8.003531473831227,200.10000610351562,1.9004098809954597,210.52999877929688,208.69000244140625,200.58250045776367,182.0497998046875,170.57654960632325,1415129294.1260376,95.39999999999999,82.39999999999999,82.0,86.17999999999999,1.0,0.7506152764040128,True,True,True,True,True,True,True,True,True,True,True,True,True,True,True,
PRAJIND-2023-08-17,PRAJIND,2023-08-10 00:00:00,2023-08-17 00:00:00,4,471.73486328125,14.45484746176386,15.494885471679499,443.3766334695309,1.9618491227065982,468.7829284667969,458.8139724218674,427.31739196777346,395.7903131103516,359.7251280212402,518527448.39230347,89.95901639344262,88.11475409836066,72.3360655737705,83.9344262295082,0.9721115537848606,1.947219911653677,True,True,True,True,True,True,True,True,True,True,True,True,True,True,True,
PRAJIND-2023-08-31,PRAJIND,2023-08-21 00:00:00,2023-08-31 00:00:00,8,482.86529541015625,16.368405957058055,16.820619785586302,451.99052649155715,1.886241641342351,476.7193603515625,476.18703090934974,458.75589752197266,414.58764221191404,363.2708743286133,661501486.1356964,87.11656441717791,79.34560327198365,75.86912065439672,80.63394683026586,0.9741035856573705,1.0664551723943627,True,True,True,True,True,True,True,True,True,True,True,True,True,True,True,
PRAJIND-2023-09-14,PRAJIND,2023-09-11 00:00:00,2023-09-14 00:00:00,3,572.6343383789062,21.705012427740566,24.603139753591385,527.919187231659,2.060130179427961,564.6010131835938,558.9874659780752,494.38523254394534,446.72223022460935,369.9465020751953,722626529.0618134,95.91002044989774,95.0920245398773,91.00204498977506,94.11042944785275,0.9760479041916168,2.8405740316724564,True,True,True,True,True,True,True,True,True,True,True,True,True,True,True,
PRAJIND-2023-10-10,PRAJIND,2023-10-03 00:00:00,2023-10-10 00:00:00,5,579.8447875976562,20.5335113471416,18.89971524048664,547.6635143377911,1.5672562142833413,566.7302856445312,557.58407855828,561.1554595947266,500.4571026611328,385.913858795166,628290991.1847229,94.48979591836735,93.6734693877551,88.9795918367347,92.51020408163265,0.9780439121756487,0.5348232843610283,True,True,True,True,True,True,True,True,True,True,True,True,True,True,True,
PRAJIND-2024-08-30,PRAJIND,2024-08-21 00:00:00,2024-08-30 00:00:00,7,767.5936279296875,31.299197965982973,30.14859804811021,707.6170462869953,1.9162338187667538,748.5123901367188,726.7470832958481,705.330679321289,697.0891809082032,565.0725756835938,539830049.5391235,84.17849898580123,96.95740365111561,89.04665314401623,90.75050709939147,0.9820717131474104,16.384753092145658,True,True,True,True,True,True,True,True,True,True,True,True,True,True,True,
PREMIERENE-2026-06-16,PREMIERENE,2026-06-08 00:00:00,2026-06-16 00:00:00,6,1090.5,32.296515192538415,34.09202277053723,1020.0999755859375,2.1798024955437696,1055.300048828125,1052.0,1047.8050018310546,1018.6723083496094,934.4995901489258,1605475039.2718506,68.33667334669339,87.97595190380761,74.54909819639278,78.0561122244489,0.9900793650793651,1.0285296922367368,True,True,True,True,True,True,True,True,True,True,True,True,True,True,True,
PRESTIGE-2023-09-08,PRESTIGE,2023-09-01 00:00:00,2023-09-08 00:00:00,5,664.5900268554688,25.09605831682416,23.04281902839628,624.3736741213071,1.6024967836164534,644.059326171875,635.7575693290107,590.4755279541016,577.1588610839843,488.3039270019531,198153230.31100464,70.75664621676891,61.145194274028626,88.13905930470347,72.12678936605316,0.9760479041916168,3.4961145923343264,True,True,True,True,True,True,True,True,True,True,True,True,True,True,True,
PRESTIGE-2023-10-31,PRESTIGE,2023-10-26 00:00:00,2023-10-31 00:00:00,3,781.7135620117188,38.246198941049,38.763215032274374,731.283720441757,1.318558261114837,763.1262817382812,761.3324046324561,714.8490783691407,648.8895520019531,523.0494511413574,788338959.125946,98.77300613496932,92.84253578732107,88.34355828220859,93.2719836400818,0.9760479041916168,0.9732186161544819,True,True,True,True,True,True,True,True,True,True,True,True,True,True,True,
PRESTIGE-2024-05-15,PRESTIGE,2024-05-06 00:00:00,2024-05-15 00:00:00,7,1552.2647705078125,64.63342337297321,77.78628658577102,1416.8714888561594,2.094787411620664,1539.8565673828125,1533.8269036800311,1387.2364013671875,1257.5966076660156,978.6162649536133,1306443241.1878052,98.3640081799591,91.41104294478528,93.4560327198364,94.11042944785277,0.9760479041916168,1.1073154339204423,True,True,True,True,True,True,True,True,True,True,True,True,True,True,True,
PRESTIGE-2024-05-31,PRESTIGE,2024-05-23 00:00:00,2024-05-31 00:00:00,6,1652.92529296875,76.52834377903635,78.18270474026038,1491.8685048213906,2.104537746333381,1592.18017578125,1546.7832497866893,1541.3864990234374,1347.7515612792968,1034.3289886474608,1701459540.3857422,91.83673469387756,88.16326530612245,91.42857142857143,90.24489795918367,0.9780439121756487,1.3490448269673505,True,True,True,True,True,True,True,True,True,True,True,True,True,True,True,
PRESTIGE-2024-09-10,PRESTIGE,2024-09-04 00:00:00,2024-09-10 00:00:00,4,1862.368896484375,81.60574914175383,82.9017158457829,1734.2012538833674,1.5705712397587717,1830.3270263671875,1821.855580667799,1771.943914794922,1770.1120727539062,1424.4431399536134,2600284424.2072754,67.74847870182555,29.006085192697768,89.8580121703854,58.884381338742386,0.9820717131474104,0.971638626182857,True,True,True,True,True,True,True,True,True,False,True,True,True,True,False,RS_FAIL
PRESTIGE-2025-11-03,PRESTIGE,2025-10-27 00:00:00,2025-11-03 00:00:00,5,1782.5560302734375,45.61180395280887,43.9960064250803,1733.2180888569492,1.081692394090236,1778.4610595703125,1775.7645284805783,1677.2085754394532,1614.8525317382812,1472.4063677978515,1099044593.4891357,94.11764705882352,73.42799188640974,83.97565922920892,82.79918864097363,0.9801192842942346,1.3580949194133065,True,True,True,True,True,True,True,True,True,True,True,True,True,True,True,
PRSMJOHNSN-2023-12-22,PRSMJOHNSN,2023-12-14 00:00:00,2023-12-22 00:00:00,6,183.0,6.3970368115274265,6.8859762725574525,171.3000030517578,1.828971333596026,181.0,179.9499969482422,179.0224983215332,158.2729997253418,131.8417499923706,86178270.41375732,58.57142857142858,93.26530612244898,74.08163265306122,77.10204081632654,0.9780439121756487,0.7532638818983209,True,True,True,True,True,True,True,False,True,True,True,True,True,True,False,LIQUIDITY_FAIL
PTCIL-2025-09-25,PTCIL,2025-09-18 00:00:00,2025-09-25 00:00:00,5,15518.0,468.4670023078852,481.18140077032933,14759.0,1.6201781475767019,15486.0,15304.0,14416.6,14395.2,13993.302006835938,190243311.5,89.95983935742971,70.28112449799197,58.23293172690763,72.570281124498,0.9940119760479041,2.7774736304244683,True,True,True,True,True,True,True,True,True,True,True,True,True,True,True,
PTCIL-2025-10-14,PTCIL,2025-10-09 00:00:00,2025-10-14 00:00:00,3,16676.0,605.9349399445327,587.0656206480097,15870.0,1.3301758107459214,16558.0,16485.0,15722.0,14742.68,14250.884501953125,324901452.0,97.76876267748479,91.48073022312373,72.81947261663286,87.76876267748479,0.9820717131474104,0.6565804219655996,True,True,True,True,True,True,True,True,True,True,True,True,True,True,True,
PTCIL-2025-10-31,PTCIL,2025-10-27 00:00:00,2025-10-31 00:00:00,4,17461.0,557.226476923077,525.8802948615161,16810.0,1.1682861941426879,17283.0,17215.0,16752.6,15359.88,14380.157504882813,297677570.0,87.82961460446246,89.65517241379311,86.61257606490872,88.1947261663286,0.9801192842942346,0.8200383617285344,True,True,True,True,True,True,True,True,True,True,True,True,True,True,True,
PTCIL-2026-08-13,PTCIL,2026-08-10 00:00:00,2026-08-13 00:00:00,3,19370.0,485.8714913023535,481.3264090347197,18720.0,1.3378023029458026,19167.0,19063.0,18213.8,17947.52,17490.915,182970021.0,82.0,75.4,53.2,70.72,1.0,0.7309715193013794,True,True,True,True,True,True,True,True,True,True,True,True,True,True,True,
QUESS-2024-09-10,QUESS,2024-09-03 00:00:00,2024-09-10 00:00:00,5,767.5123291015625,28.10714806951507,28.97777302099789,722.0737196961198,1.6166211275887234,765.720458984375,756.8517661774173,706.0578460693359,646.9664233398438,536.6164434814453,231194955.91671753,92.2920892494929,91.07505070993915,93.71196754563894,92.23123732251521,0.9820717131474104,1.2110899497330545,True,True,True,True,True,True,True,True,True,True,True,True,True,True,True,
RADICO-2023-12-11,RADICO,2023-12-05 00:00:00,2023-12-11 00:00:00,4,1711.562255859375,69.275121775553,72.15429962342371,1553.5696850432605,2.280653815781088,1654.869873046875,1618.1690929726235,1501.452459716797,1344.2415551757813,1243.1438836669922,459031424.6144409,90.0,87.55102040816325,72.0408163265306,83.63265306122449,0.9780439121756487,2.266700784941877,True,True,True,True,True,True,True,True,True,True,True,True,True,True,True,
RADICO-2024-10-23,RADICO,2024-10-18 00:00:00,2024-10-23 00:00:00,3,2233.896728515625,89.54867744200025,91.10943462908098,2075.478321049286,1.769075903649665,2226.822509765625,2186.420760773481,2119.8977478027346,2006.2665356445314,1756.558685913086,445543767.7490845,92.65306122448979,95.10204081632652,75.10204081632654,88.36734693877551,0.98,1.068424739886582,True,True,True,True,True,True,True,True,True,True,True,True,True,True,True,
RADICO-2024-12-09,RADICO,2024-11-29 00:00:00,2024-12-09 00:00:00,6,2448.857421875,86.94528196439579,80.01535129976914,2310.415642332261,1.5922862795410913,2390.6708984375,2363.6702770885518,2326.8129272460938,2252.326960449219,1860.2757055664063,446883627.2918701,42.91497975708502,92.91497975708502,88.25910931174089,76.51821862348177,0.988,1.2938377399059249,True,True,True,True,True,True,True,True,True,True,True,True,True,True,True,
RADICO-2024-12-24,RADICO,2024-12-18 00:00:00,2024-12-24 00:00:00,4,2543.8583984375,80.10462923221628,84.66854768179071,2407.2102393070845,1.7058709395468827,2525.027587890625,2514.8150633822675,2425.2564331054687,2340.064775390625,1905.2785668945312,595892974.1171875,82.5910931174089,94.73684210526315,92.51012145748987,90.4251012145749,0.988,1.1015666060438982,True,True,True,True,True,True,True,True,True,True,True,True,True,True,True,
RADICO-2025-04-28,RADICO,2025-04-22 00:00:00,2025-04-28 00:00:00,4,2502.809326171875,82.43906929859645,79.30262551882952,2341.6010164787226,1.9554843481948068,2460.165771484375,2455.9810337592544,2388.376904296875,2240.8700537109376,2153.405399169922,379866973.710083,76.5432098765432,80.8641975308642,88.06584362139918,81.7283950617284,0.9700598802395209,0.5466710306020972,True,True,True,True,True,True,True,True,True,True,True,True,True,True,True,
RADICO-2025-05-12,RADICO,2025-05-06 00:00:00,2025-05-12 00:00:00,4,2527.9169921875,74.96498056212,86.79674967400435,2363.8196878254207,2.1889861523554917,2520.6435546875,2450.9995498632393,2449.7490234375,2310.3260107421875,2189.8761779785154,444352444.4782715,63.114754098360656,67.41803278688525,78.07377049180327,69.32377049180329,0.9740518962075848,1.1714636928426672,True,True,True,True,True,True,True,True,True,False,True,True,True,True,False,RS_FAIL
RADICO-2025-08-21,RADICO,2025-08-12 00:00:00,2025-08-21 00:00:00,6,2889.08984375,90.92879894913175,84.3745982323442,2771.151645672714,1.2970389957890467,2888.391357421875,2838.701591484968,2798.7253662109374,2711.0137158203124,2441.737449951172,640782932.7457275,85.71428571428571,88.53118712273643,88.73239436619718,87.74647887323944,0.9920159680638723,0.9876760248358294,True,True,True,True,True,True,True,True,True,True,True,True,True,True,True,
RADICO-2025-09-02,RADICO,2025-08-25 00:00:00,2025-09-02 00:00:00,5,2906.251708984375,79.245830858385,75.00041890827495,2810.7636697856765,1.204959783554278,2890.287109375,2870.0320714529216,2852.286474609375,2747.3069921875,2459.490145263672,625065594.489624,83.90342052313883,77.2635814889336,88.93360160965796,82.75653923541248,0.9920159680638723,0.8630167690711501,True,True,True,True,True,True,True,True,True,True,True,True,True,True,True,
RADICO-2025-11-03,RADICO,2025-10-21 00:00:00,2025-11-03 00:00:00,8,3294.789794921875,77.44448831508733,82.93847469062018,3105.210428607477,2.447938780912125,3186.530029296875,3169.1683757695337,3091.625451660156,2975.7675146484376,2582.5362097167967,522349588.38464355,82.1501014198783,87.0182555780933,79.3103448275862,83.24543610547667,0.9801192842942346,2.053084919351984,True,True,True,True,True,True,True,True,True,True,True,True,True,True,True,
RADICO-2025-11-17,RADICO,2025-11-07 00:00:00,2025-11-17 00:00:00,6,3303.570068359375,85.99546584686523,84.54771285997792,3171.962268090926,1.5304039459802103,3278.12646484375,3258.470314094565,3216.4385375976562,3041.9466845703123,2628.2799475097654,965444637.8204346,90.08097165991903,83.60323886639675,88.8663967611336,87.12550607287449,0.9840637450199203,0.7757673234150918,True,True,True,True,True,True,True,True,True,True,True,True,True,True,True,
RADICO-2025-12-03,RADICO,2025-11-20 00:00:00,2025-12-03 00:00:00,9,3360.543701171875,100.70771773827745,93.11570937379345,3138.037556109198,2.2094249582830736,3253.481201171875,3241.8073405472746,3248.8266723632814,3127.788232421875,2689.427589111328,884203126.8526611,79.83870967741935,83.26612903225806,87.70161290322581,83.56854838709677,0.9900199600798403,1.1486542135821476,True,True,True,True,True,True,True,True,True,True,True,True,True,True,True,
RADICO-2026-08-10,RADICO,2026-08-05 00:00:00,2026-08-10 00:00:00,3,4550.0,109.59313542945503,110.44526726047063,4410.7998046875,1.2701543282526395,4550.0,4499.0,4264.796667480468,3953.863037109375,3288.682158203125,1540207103.713379,89.60000000000001,93.0,96.8,93.12,1.0,1.0793992728566504,True,True,True,True,True,True,True,True,True,True,True,True,True,True,True,
RAILTEL-2024-06-03,RAILTEL,2024-05-23 00:00:00,2024-06-03 00:00:00,7,424.98101806640625,19.122809879718165,18.968897315989324,385.78206700466524,2.04985309733774,419.8978576660156,406.99447215536895,392.0187057495117,379.26878967285154,307.6508201599121,1250038740.7673798,69.79591836734694,44.285714285714285,72.85714285714285,60.51020408163265,0.9780439121756487,1.843116987073471,True,True,True,True,True,True,True,True,True,False,True,True,True,True,False,RS_FAIL
RAINBOW-2024-01-18,RAINBOW,2024-01-10 00:00:00,2024-01-18 00:00:00,6,1303.64501953125,44.20638693606537,41.90582926324797,1217.099490032698,1.957760755786731,1276.2860107421875,1272.115272347738,1218.9738464355469,1135.2183435058594,1011.4649328613282,167467591.81866455,82.24489795918367,65.51020408163265,51.63265306122449,66.36734693877551,0.9780439121756487,1.12590183258931,True,True,True,True,True,True,True,True,True,False,True,True,True,True,False,RS_FAIL
RAINBOW-2024-04-23,RAINBOW,2024-04-08 00:00:00,2024-04-23 00:00:00,9,1366.5555419921875,58.509421679873434,47.33224370162509,1278.0737288942375,1.5122660685669822,1335.5223388671875,1301.8079203041063,1308.6252380371093,1256.30962890625,1131.2207675170898,130326544.22296143,72.74590163934425,54.91803278688525,56.76229508196722,60.81967213114754,0.9740518962075848,0.7956696616172734,True,True,True,True,True,True,True,True,True,False,True,True,True,True,False,RS_FAIL
RAINBOW-2024-11-25,RAINBOW,2024-11-14 00:00:00,2024-11-25 00:00:00,5,1642.608642578125,68.06283817672703,67.35358133598041,1514.515480133326,1.8819838531005944,1626.77734375,1593.0739451799268,1561.8721130371093,1453.2737548828125,1306.972006225586,365184711.6361084,97.97570850202429,98.38056680161942,83.80566801619433,93.88663967611335,0.988,1.6106708710256572,True,True,True,True,True,True,True,True,True,True,True,True,True,True,True,
RAINBOW-2024-12-09,RAINBOW,2024-12-04 00:00:00,2024-12-09 00:00:00,3,1669.989501953125,67.39056538441837,64.0024366545492,1612.9374538481288,0.8465880613933445,1655.65185546875,1648.0348623865943,1605.2186645507813,1508.9178393554687,1326.4439813232423,360362879.9556885,75.10121457489879,96.96356275303644,76.92307692307693,84.3927125506073,0.988,0.578005960050482,True,True,True,True,True,True,True,True,True,True,True,True,True,True,True,
RAINBOW-2026-07-03,RAINBOW,2026-06-19 00:00:00,2026-07-03 00:00:00,9,1467.3504638671875,37.92061643750568,35.95401283577403,1386.7399661764052,2.1257697069252766,1436.6226806640625,1424.5510970857222,1407.4612060546874,1351.6783422851563,1297.1111206054688,133936719.28051758,63.800000000000004,69.8,65.0,66.56,1.0,0.7940065313440482,True,True,True,True,True,True,True,True,True,False,True,True,True,True,False,RS_FAIL
RAINBOW-2026-07-27,RAINBOW,2026-07-15 00:00:00,2026-07-27 00:00:00,8,1498.078125,39.22505573400435,37.497499742264736,1428.0,1.7865653391347258,1483.5,1475.300048828125,1460.9580505371093,1412.75580078125,1303.1342218017578,104172801.83337402,69.19999999999999,83.2,78.8,77.67999999999999,1.0,0.6295263428865625,True,True,True,True,True,True,True,True,True,True,True,True,True,True,True,
RAMCOCEM-2023-11-17,RAMCOCEM,2023-11-09 00:00:00,2023-11-17 00:00:00,5,1014.4617919921875,23.49601388732018,24.739740067985217,963.202702773903,2.1816078873679476,998.9301147460938,998.2354812159459,985.2569915771485,945.9126135253906,842.6786520385742,342908138.2286377,58.16326530612245,77.14285714285715,60.40816326530612,66.42857142857143,0.9780439121756487,0.5826635917463886,True,True,True,True,True,True,True,True,True,False,True,True,True,True,False,RS_FAIL
RAMCOCEM-2026-01-21,RAMCOCEM,2026-01-09 00:00:00,2026-01-21 00:00:00,7,1090.8231201171875,23.803834526897454,24.71366564500398,1043.6517947862972,1.981669183491781,1080.3516845703125,1072.5728669781772,1065.7614379882812,1036.2659411621094,1036.21379486084,277863642.20080566,89.53722334004024,84.70824949698189,61.77062374245473,79.27565392354126,0.9920159680638723,1.34443755928884,True,True,True,True,True,True,True,True,True,True,True,True,True,True,True,
RAMCOCEM-2026-02-16,RAMCOCEM,2026-02-09 00:00:00,2026-02-16 00:00:00,5,1201.6207275390625,34.36252383918998,35.46760841151112,1119.4449049770571,2.3914373387290304,1147.967041015625,1145.5735860356558,1116.8769592285157,1077.6071215820311,1051.0076138305665,298457085.5563965,85.71428571428571,95.37223340040242,72.43460764587525,85.59356136820925,0.9920159680638723,0.41375305179745614,True,True,True,True,True,True,True,True,True,True,True,True,True,True,True,
RAYMOND-2024-06-21,RAYMOND,2024-06-10 00:00:00,2024-06-21 00:00:00,8,2545.865966796875,115.32063817263334,109.07891327434011,2400.050048828125,1.2644390481993837,2527.89990234375,2458.949951171875,2343.630859375,2186.2116357421874,1884.8147009277343,357017318.125,82.07739307535643,87.57637474541752,78.81873727087576,83.29938900203666,0.9780876494023905,12.407520748659449,True,True,True,True,True,True,True,True,True,True,True,True,True,True,True,
RBLBANK-2025-06-18,RBLBANK,2025-06-09 00:00:00,2025-06-18 00:00:00,7,228.8630828857422,7.868868491706252,7.5949462722969185,212.7137728716093,2.0523039660853617,227.0146026611328,218.62692051292677,214.24274520874025,201.89006134033204,180.4733396911621,1716655054.9678726,80.32454361054768,92.49492900608519,95.131845841785,89.63488843813388,0.9801192842942346,1.7756190939835117,True,True,True,True,True,True,True,True,True,True,True,True,True,True,True,
RBLBANK-2025-07-30,RBLBANK,2025-07-16 00:00:00,2025-07-30 00:00:00,10,267.4723815917969,8.537501385046054,8.450460064533567,249.12673629332016,2.1488307258854693,260.128173828125,255.45726182433765,257.14327239990234,236.1168655395508,186.69534690856935,3282511623.8473434,66.59959758551308,90.94567404426559,99.3963782696177,86.17706237424548,0.9920159680638723,1.8564113620606797,True,True,True,True,True,True,True,True,True,True,True,True,True,True,True,
RBLBANK-2025-09-18,RBLBANK,2025-09-05 00:00:00,2025-09-18 00:00:00,9,274.28985595703125,8.706016089798196,7.712653793931007,262.02164429872454,1.409164827145534,270.49969482421875,268.0559970447349,264.4515609741211,260.9092352294922,202.2478172302246,2024282844.267517,60.56338028169014,88.73239436619718,97.1830985915493,82.8169014084507,0.9920159680638723,1.3844398083133151,True,True,True,True,True,True,True,True,True,True,True,True,True,True,True,
RBLBANK-2025-10-27,RBLBANK,2025-10-20 00:00:00,2025-10-27 00:00:00,4,325.8064880371094,10.890465605415674,10.529491808093656,313.0894003669392,1.167726719034508,321.2183532714844,321.16848947894584,293.5849090576172,275.75956176757813,217.79024291992187,4160497512.5880127,98.98580121703854,96.95740365111561,98.37728194726166,97.99188640973631,0.9801192842942346,1.3089557131601015,True,True,True,True,True,True,True,True,True,True,True,True,True,True,True,
RBLBANK-2026-07-06,RBLBANK,2026-06-19 00:00:00,2026-07-06 00:00:00,10,377.8717041015625,10.420566357848912,9.7824191657239,353.7840787290678,2.311546661218809,367.6481628417969,363.0600467778433,366.61583251953124,348.88673522949216,315.97319763183594,2004564993.3679504,57.8,57.99999999999999,75.4,63.16,1.0,1.1701616316550933,True,True,True,True,True,True,True,True,True,False,True,True,True,True,False,RS_FAIL
RCF-2024-01-11,RCF,2024-01-03 00:00:00,2024-01-11 00:00:00,6,167.68099975585938,7.03389058405051,6.622693338558376,159.76831742344623,1.1249367953427238,166.2645263671875,165.04344408147577,157.07455978393554,138.90619094848634,116.10328369140625,1189430532.2099915,68.57142857142857,89.79591836734694,75.10204081632654,79.0204081632653,0.9780439121756487,1.0274035711096008,True,True,True,True,True,True,True,True,True,True,True,True,True,True,True,
RCF-2024-07-12,RCF,2024-07-09 00:00:00,2024-07-12 00:00:00,3,225.4340057373047,11.775838666360103,12.52092687002232,208.70984187531326,1.4202100025170306,223.07972717285156,222.23961394597535,197.19442443847657,167.8732537841797,146.3413681411743,3434523324.111313,98.58012170385395,96.14604462474645,71.19675456389453,89.39148073022312,0.9801192842942346,1.996531497634258,True,True,True,True,True,True,True,True,True,True,True,True,True,True,True,
RCF-2024-07-30,RCF,2024-07-22 00:00:00,2024-07-30 00:00:00,6,229.59548950195312,13.692009550301202,12.84878863271386,203.77662267844224,1.885688636767195,214.80557250976562,213.83845522359508,213.00176773071288,184.23516967773438,151.50937759399415,2685855665.265442,84.38133874239351,95.53752535496957,55.57809330628803,80.2028397565923,0.9801192842942346,0.9840076857775367,True,True,True,True,True,True,True,True,True,True,True,True,True,True,True,
RECLTD-2023-09-04,RECLTD,2023-08-30 00:00:00,2023-09-04 00:00:00,3,214.92791748046875,6.1085530352541175,6.7424675668061615,202.16904179794358,2.088690334501516,213.61256408691406,211.1572554218823,203.53484725952148,169.84150604248046,119.30916824340821,3901321684.4030533,94.47852760736197,97.95501022494888,98.15950920245399,96.97341513292434,0.9741035856573705,0.5580526127765851,True,True,True,True,True,True,True,True,True,True,True,True,True,True,True,
RECLTD-2023-10-10,RECLTD,2023-10-03 00:00:00,2023-10-10 00:00:00,5,255.8790740966797,9.500944298552238,9.264911309858501,243.5148753933421,1.301365244844311,255.08987426757812,250.31081732562447,236.37686614990236,213.97213500976562,136.62829978942872,4492237195.828278,96.73469387755102,99.38775510204081,98.9795918367347,98.46938775510203,0.9780439121756487,0.8053812762107109,True,True,True,True,True,True,True,True,True,True,True,True,True,True,True,
RECLTD-2023-11-29,RECLTD,2023-11-20 00:00:00,2023-11-29 00:00:00,6,307.36767578125,9.990587639878996,9.258961799577738,294.15999572532894,1.3220123312066785,303.9549255371094,303.5117640152289,285.2323829650879,260.2097366333008,165.26402755737305,3221619446.7754974,95.3061224489796,94.89795918367348,99.38775510204081,96.36734693877551,0.9780439121756487,0.797782932865048,True,True,True,True,True,True,True,True,True,True,True,True,True,True,True,
REDINGTON-2024-02-23,REDINGTON,2024-02-20 00:00:00,2024-02-23 00:00:00,3,196.2876434326172,9.371845626939542,8.860707098344816,186.3802354151346,1.05714588266409,195.1713104248047,192.520029824436,181.78933181762696,171.2121240234375,157.6409620666504,356639744.2378998,90.020366598778,75.76374745417516,66.59877800407332,77.29124236252545,0.9800399201596807,0.9121197031328402,True,True,True,True,True,True,True,True,True,True,True,True,True,True,True,
REDINGTON-2024-03-01,REDINGTON,2024-02-27 00:00:00,2024-03-01 00:00:00,3,197.35745239257812,8.622819792010777,8.80058214099564,186.79884684639347,1.2244956755291836,196.3341522216797,195.35735678067374,188.21054306030274,174.32202758789063,158.58862899780274,353078844.30776215,93.68635437881873,80.24439918533605,67.82077393075356,80.5498981670061,0.9800399201596807,0.658605660069195,True,True,True,True,True,True,True,True,True,True,True,True,True,True,True,
REDINGTON-2025-03-05,REDINGTON,2025-02-21 00:00:00,2025-03-05 00:00:00,7,240.74722290039062,12.863645061842744,13.608464202744157,212.5957626311714,2.1884512619774097,236.420654296875,223.50793284797288,228.2169059753418,210.39609771728516,194.8344906616211,2057848381.4520416,99.39516129032258,98.99193548387096,98.99193548387096,99.11290322580643,0.992,2.2490215632433754,True,True,True,True,True,True,True,True,True,True,True,True,True,True,True,
REDINGTON-2025-07-14,REDINGTON,2025-07-01 00:00:00,2025-07-14 00:00:00,9,315.5912780761719,12.397073795428684,10.714681601587586,288.4647495753781,2.1881396326604468,301.3321838378906,294.629380781362,294.93670959472655,275.3524069213867,220.47985313415526,761561373.7918396,76.65995975855131,93.36016096579478,98.59154929577466,89.9195171026157,0.994,0.9102948055879142,True,True,True,True,True,True,True,True,True,True,True,True,True,True,True,
REDINGTON-2026-08-20,REDINGTON,2026-08-07 00:00:00,2026-08-20 00:00:00,9,354.8500061035156,14.941004624235282,14.637835060896572,322.70001220703125,2.151795993981221,348.1000061035156,336.8500061035156,327.7824981689453,292.5439422607422,257.17522567749023,1342446018.8357239,99.6,99.4,88.8,96.28,1.0,3.183449748304864,True,True,True,True,True,True,True,True,True,True,True,True,True,True,True,
RELIANCE-2025-12-31,RELIANCE,2025-12-22 00:00:00,2025-12-31 00:00:00,6,1568.1495361328125,19.93252175091869,19.60005452483438,1530.7225835687998,1.8776827654678316,1563.172607421875,1546.449793829553,1542.7420043945312,1518.5110302734374,1412.385814819336,11981051860.968567,60.36217303822937,85.51307847082495,70.62374245472837,73.5010060362173,0.9920159680638723,0.7448390918863896,True,True,True,True,True,True,True,True,True,True,True,True,True,True,True,
RKFORGE-2024-07-01,RKFORGE,2024-06-25 00:00:00,2024-07-01 00:00:00,4,915.1365356445312,42.92047292428556,39.88867855584722,876.704992201194,0.8954128606908149,908.1172485351562,900.0525758207514,792.2454376220703,747.49970703125,717.1650216674805,521319842.89889526,97.5609756097561,85.77235772357723,55.894308943089435,80.34552845528455,0.9800796812749004,0.8311279589637854,True,True,True,True,True,True,True,True,True,True,True,True,True,True,True,
RKFORGE-2024-08-29,RKFORGE,2024-08-23 00:00:00,2024-08-29 00:00:00,4,962.5784301757812,38.11129578465255,35.53768941313957,933.9539855670067,0.7510750820574726,960.2883911132812,958.7950249190176,920.7966369628906,905.3991723632812,769.1963577270508,643104705.7196045,90.66937119675457,93.71196754563894,66.32860040567951,84.5841784989858,0.9801192842942346,1.348274397674943,True,True,True,True,True,True,True,True,True,True,True,True,True,True,True,
RKFORGE-2024-09-26,RKFORGE,2024-09-18 00:00:00,2024-09-26 00:00:00,6,1017.2387084960938,36.81384099683188,33.987512967145605,979.8028714766945,1.016895711116396,1005.4403686523438,1003.9968155080621,985.4456268310547,935.5967370605468,794.4049945068359,504519221.699646,73.42799188640974,69.97971602434076,82.1501014198783,74.66531440162271,0.986,0.41204315075769166,True,True,True,True,True,True,True,True,True,True,True,True,True,True,True,
RRKABEL-2025-07-23,RRKABEL,2025-07-18 00:00:00,2025-07-23 00:00:00,3,1463.6015625,50.283185435430745,48.417661583549126,1410.5875584621635,1.0543087829213285,1458.727783203125,1438.437264425208,1373.9932434082032,1349.6328515625,1287.6236547851563,222561737.32330322,80.48289738430584,98.39034205231388,67.80684104627767,83.8430583501006,0.9920159680638723,1.8409728598714499,True,True,True,True,True,True,True,True,True,True,True,True,True,True,True,
RRKABEL-2025-11-12,RRKABEL,2025-10-29 00:00:00,2025-11-12 00:00:00,9,1417.848388671875,42.02876136913768,46.424227185048686,1336.630643494902,1.9324325183804343,1397.0782470703125,1356.5804330422964,1330.6697937011718,1274.5461181640626,1205.8631469726563,209304680.71594238,89.47368421052632,77.53036437246963,52.42914979757085,73.582995951417,0.9821073558648111,1.8888859985692918,True,True,True,True,True,True,True,True,True,True,True,True,True,True,True,
RRKABEL-2026-01-02,RRKABEL,2025-12-22 00:00:00,2026-01-02 00:00:00,7,1528.8460693359375,44.29379090850377,43.87962891417753,1426.204919031163,2.3172807790779753,1506.7020263671875,1456.328934589234,1443.316748046875,1398.5295288085938,1261.7740463256837,245664366.75860596,85.3118712273642,90.94567404426559,77.2635814889336,85.15090543259558,0.9920159680638723,1.7723359097727587,True,True,True,True,True,True,True,True,True,True,True,True,True,True,True,
RRKABEL-2026-05-25,RRKABEL,2026-05-14 00:00:00,2026-05-25 00:00:00,7,2032.1773681640625,79.6943609348806,76.24666087209708,1893.3273663789173,1.7422813879968433,1984.0985107421875,1953.974516558408,1851.5875732421875,1574.12599609375,1409.470689086914,1338356572.913086,99.59839357429718,96.3855421686747,97.18875502008032,97.59036144578313,0.9880952380952381,1.0578474202668433,True,True,True,True,True,True,True,True,True,True,True,True,True,True,True,
RTNINDIA-2024-01-11,RTNINDIA,2024-01-05 00:00:00,2024-01-11 00:00:00,4,86.0,4.290904417045432,4.2963164913712335,81.0,1.1652555065402335,85.3499984741211,83.94999694824219,79.91249961853028,73.66099990844727,52.665499935150144,712104718.676548,58.97959183673469,94.28571428571428,95.71428571428572,84.12244897959184,0.9780439121756487,1.6684611597886339,True,True,True,True,True,True,True,True,True,True,True,True,True,True,True,
SAFARI-2023-10-19,SAFARI,2023-10-10 00:00:00,2023-10-19 00:00:00,7,2228.115478515625,73.02669806498304,68.19822297912941,2065.9591578842046,2.2205073613916526,2112.488525390625,2102.560601351562,2048.5936645507813,1887.7469750976563,1349.7650317382813,195659457.61132812,97.75510204081633,92.85714285714286,94.6938775510204,94.87755102040816,0.9780439121756487,1.7750832249388213,True,True,True,True,True,True,True,True,True,True,True,True,True,True,True,
SAIL-2024-04-22,SAIL,2024-04-12 00:00:00,2024-04-22 00:00:00,5,152.24366760253906,5.9650868260502445,6.1600400579740775,137.98460111101582,2.3904206103509176,145.4326171875,144.55062658196968,139.93235702514647,131.90788925170898,103.4764389038086,4757310938.50555,85.24590163934425,90.57377049180327,88.9344262295082,88.48360655737704,0.9740518962075848,0.7698224513146931,True,True,True,True,True,True,True,True,True,True,True,True,True,True,True,
SAIL-2025-07-08,SAIL,2025-07-02 00:00:00,2025-07-08 00:00:00,4,135.7782440185547,3.5282787303334766,3.36174462911445,130.70186886652672,1.4387681756503883,133.37832641601562,132.68699838199385,129.44907569885254,124.7795018005371,116.9943748474121,1362658227.1806908,56.33802816901409,62.17303822937625,83.29979879275655,66.7605633802817,0.9920159680638723,0.9256451456204589,True,True,True,True,True,True,True,True,True,False,True,True,True,True,False,RS_FAIL
SAIL-2025-09-30,SAIL,2025-09-23 00:00:00,2025-09-30 00:00:00,5,137.3000030517578,2.999758176005983,3.2379842098067266,130.39999389648438,2.3001884653450397,134.47999572753906,133.9499969482422,132.3572856903076,126.83678100585938,118.60297985076905,1025205636.8611603,95.94320486815415,69.77687626774848,70.99391480730223,77.99188640973631,0.9840319361277445,1.2689303118580422,True,True,True,True,True,True,True,True,True,True,True,True,True,True,True,
SAIL-2026-01-12,SAIL,2026-01-05 00:00:00,2026-01-12 00:00:00,5,150.85000610351562,4.099050603189272,4.6319789224314105,143.25,1.8540893585462033,149.22000122070312,147.39999389648438,138.9670009613037,137.3604005432129,128.15223213195802,2452488417.3534546,97.98792756539235,89.53722334004024,81.28772635814889,89.59758551307847,0.9920159680638723,1.3561130542727498,True,True,True,True,True,True,True,True,True,True,True,True,True,True,True,
SAIL-2026-01-22,SAIL,2026-01-14 00:00:00,2026-01-22 00:00:00,5,152.44000244140625,4.637828254047205,4.61982442584501,143.89999389648438,1.8413809389059261,151.64999389648438,147.89999389648438,146.72799987792968,138.78180007934571,129.5436920928955,3188276901.7480316,98.59154929577466,95.97585513078471,84.90945674044266,93.44064386317908,0.9920159680638723,2.1722621555688155,True,True,True,True,True,True,True,True,True,True,True,True,True,True,True,
SAIL-2026-02-18,SAIL,2026-02-11 00:00:00,2026-02-18 00:00:00,5,162.1199951171875,5.396980165498052,5.098334801560028,153.83999633789062,1.534191070819466,159.2100067138672,158.83999633789062,156.16300048828126,146.37639999389648,133.62992107391358,4095284835.5702515,73.49397590361446,92.16867469879519,92.570281124498,86.6867469879518,0.9940119760479041,0.5480434536721435,True,True,True,True,True,True,True,True,True,True,True,True,True,True,True,
SAIL-2026-05-19,SAIL,2026-05-13 00:00:00,2026-05-19 00:00:00,4,201.30999755859375,6.6045805480124775,7.179226152356898,188.2100067138672,1.983470524660155,199.0500030517578,195.0,186.47049865722656,168.9886001586914,145.53914432525636,4143088931.105789,92.71255060728745,90.48582995951418,95.34412955465586,92.61133603238866,0.9801587301587301,1.739049965544506,True,True,True,True,True,True,True,True,True,True,True,True,True,True,True,
SAILIFE-2026-02-17,SAILIFE,2026-02-11 00:00:00,2026-02-17 00:00:00,4,948.7000122070312,37.64582803174353,35.64348223286119,886.5,1.652241840837802,931.4500122070312,928.4500122070312,861.4100006103515,887.8529968261719,842.4195007324219,431830316.80807495,77.91164658634538,83.53413654618474,66.26506024096386,76.66666666666667,0.9940119760479041,1.0300369765738118,True,True,True,True,True,True,True,True,True,True,True,True,True,True,True,
SAILIFE-2026-02-26,SAILIFE,2026-02-23 00:00:00,2026-02-26 00:00:00,3,968.0999755859375,32.22140109119508,33.95065854232107,915.5999755859375,1.629351866214977,964.5,961.4500122070312,905.057504272461,895.4609985351562,850.468000793457,447801321.8991089,86.94779116465864,82.32931726907631,74.8995983935743,81.48594377510041,0.996,1.067529946347239,True,True,True,True,True,True,True,True,True,True,True,True,True,True,True,
SAILIFE-2026-05-14,SAILIFE,2026-05-11 00:00:00,2026-05-14 00:00:00,3,1126.199951171875,33.58863079164855,36.88225563823694,1065.4000244140625,1.8101341235061523,1112.5,1108.9000244140625,1056.3099822998047,1017.9919897460937,914.3262478637695,514798133.74487305,86.58536585365853,91.46341463414635,86.1788617886179,88.41463414634147,0.9761904761904762,2.617481805101923,True,True,True,True,True,True,True,True,True,True,True,True,True,True,True,
SAILIFE-2026-05-29,SAILIFE,2026-05-25 00:00:00,2026-05-29 00:00:00,3,1175.9000244140625,48.5951771529817,44.51988110405713,1116.300048828125,1.2264586544938765,1160.0,1150.0,1115.8549926757812,1045.5299926757812,931.779248046875,657134267.2543335,83.53413654618474,87.34939759036145,89.1566265060241,86.74698795180723,0.9880952380952381,1.0245974201335133,True,True,True,True,True,True,True,True,True,True,True,True,True,True,True,
SAILIFE-2026-06-12,SAILIFE,2026-06-09 00:00:00,2026-06-12 00:00:00,3,1229.699951171875,42.9632955116687,45.32870594965557,1164.5,1.517573323819326,1218.0999755859375,1205.0,1156.9749938964844,1082.0369909667968,946.4872467041016,606645035.5319824,87.14859437751004,79.51807228915662,91.96787148594377,85.54216867469879,0.9880952380952381,0.5783465208809583,True,True,True,True,True,True,True,True,True,True,True,True,True,True,True,
SAILIFE-2026-07-27,SAILIFE,2026-07-20 00:00:00,2026-07-27 00:00:00,5,1297.0,37.09060647009897,37.284213187940175,1216.300048828125,2.175751729401681,1287.0,1242.300048828125,1254.485009765625,1209.6420068359375,1003.8479986572265,402075238.2659912,76.4,89.60000000000001,94.6,87.14,1.0,1.5337558440890295,True,True,True,True,True,True,True,True,True,True,True,True,True,True,True,
SAMMAANCAP-2023-11-28,SAMMAANCAP,2023-11-17 00:00:00,2023-11-28 00:00:00,6,169.02613830566406,6.445318088617112,5.871541103413035,159.7849221455711,1.433787445869212,165.32965087890625,164.09749434871176,154.63184814453126,155.7658953857422,120.23476581573486,1305087680.856804,88.36734693877551,77.14285714285715,88.77551020408163,84.0,0.9780439121756487,0.8981343437330472,True,True,True,True,True,True,True,True,True,True,True,True,True,True,True,
SAMMAANCAP-2025-10-31,SAMMAANCAP,2025-10-27 00:00:00,2025-10-31 00:00:00,4,188.6300048828125,6.077275047781981,6.191363206676504,181.10000610351562,1.2390419587879429,188.58999633789062,185.92999267578125,171.94449920654296,150.16780075073243,131.74575016021728,3407157565.6521378,96.14604462474645,99.59432048681542,96.75456389452333,97.7079107505071,0.9801192842942346,3.1129198899514785,True,True,True,True,True,True,True,True,True,True,True,True,True,True,True,
SAMMAANCAP-2025-11-17,SAMMAANCAP,2025-11-03 00:00:00,2025-11-17 00:00:00,9,189.92999267578125,6.10269418821691,5.997347003161724,174.75999450683594,2.485787047667498,183.66000366210938,179.83999633789062,181.34899978637696,161.49680084228515,133.16500011444091,2394974739.4697876,90.2834008097166,99.19028340080972,95.74898785425101,95.48582995951418,0.9840637450199203,1.0781088173598554,True,True,True,True,True,True,True,True,True,True,True,True,True,True,True,
SAPPHIRE-2024-10-09,SAPPHIRE,2024-09-26 00:00:00,2024-10-09 00:00:00,8,381.6000061035156,16.754756981510173,15.065488754728335,343.20001220703125,2.2918860559339027,353.20001220703125,352.1000061035156,349.8875015258789,334.91979919433595,303.7485995483398,245841292.46932983,85.2760736196319,76.89161554192229,51.124744376278116,71.67689161554192,0.978,0.3694533390725557,True,True,True,True,True,True,True,True,True,True,True,True,True,True,True,
SARDAEN-2025-09-12,SARDAEN,2025-09-01 00:00:00,2025-09-12 00:00:00,9,598.9022827148438,23.199277570174935,22.76261389294748,554.5225291414126,1.912979981345879,587.6455078125,585.5534729531656,582.481655883789,513.3675817871094,475.38159103393554,560095923.5769653,75.0503018108652,97.98792756539235,54.72837022132797,78.1287726358149,0.9920159680638723,1.1765760456312941,True,True,True,True,True,True,True,True,True,True,True,True,True,True,True,
SARDAEN-2026-04-22,SARDAEN,2026-04-16 00:00:00,2026-04-22 00:00:00,4,594.8179321289062,20.976323968513235,19.85007193295565,569.8138413987866,1.1920149005923213,589.5382080078125,587.7450461980492,542.3865966796875,529.9189270019531,519.7817349243164,276412842.1418457,70.49180327868852,87.5,70.08196721311475,77.17213114754098,0.976,1.2188225506235442,True,True,True,True,True,True,True,True,True,True,True,True,True,True,True,
SARDAEN-2026-05-07,SARDAEN,2026-04-27 00:00:00,2026-05-07 00:00:00,7,610.3583374023438,20.048055938271656,17.36752285157959,573.4000875874063,1.8434829755429931,591.6799926757812,589.7374326783029,583.9845031738281,547.7007043457031,528.4164074707031,287014224.18255615,48.261758691206545,78.11860940695297,75.66462167689161,68.42535787321063,0.9702380952380952,0.9545627195411737,True,True,True,True,True,True,True,True,True,False,True,True,True,True,False,RS_FAIL
SAREGAMA-2024-05-10,SAREGAMA,2024-04-26 00:00:00,2024-05-10 00:00:00,9,435.32086181640625,16.556425675357342,15.510252578522076,412.96149174394657,1.3504949987930952,426.396728515625,425.12187121084355,415.2072479248047,389.3272814941406,369.17341217041013,142028823.02082825,89.75409836065575,90.1639344262295,65.77868852459017,82.72540983606557,0.9740518962075848,1.263172493013287,True,True,True,True,True,True,True,True,True,True,True,True,True,True,True,
SAREGAMA-2026-07-27,SAREGAMA,2026-07-21 00:00:00,2026-07-27 00:00:00,4,516.2000122070312,18.924187653878324,20.32353631031008,470.3999938964844,2.420184112957716,514.8499755859375,498.29998779296875,489.6375,464.002998046875,390.19907012939456,209589604.6460266,81.39999999999999,98.2,94.8,92.14,1.0,1.4480530683466857,True,True,True,True,True,True,True,True,True,True,True,True,True,True,True,
SAREGAMA-2026-08-13,SAREGAMA,2026-08-05 00:00:00,2026-08-13 00:00:00,6,557.25,23.37279590137773,23.622707905155135,509.25,2.0536695824726126,531.6500244140625,529.5,519.0850006103516,491.45999938964843,395.13304885864255,233688650.34561157,80.0,93.4,92.60000000000001,89.14000000000001,1.0,1.406857869202491,True,True,True,True,True,True,True,True,True,True,True,True,True,True,True,
SBFC-2025-05-28,SBFC,2025-05-14 00:00:00,2025-05-28 00:00:00,10,109.48999786376953,4.805298161220658,4.328815751389051,103.06999969482422,1.3360249361330958,108.73999786376953,107.7300033569336,103.44750022888184,97.01900039672852,89.07495021820068,244798614.95976257,38.41463414634146,85.16260162601627,91.869918699187,73.15040650406505,0.9781312127236581,3.4304143734156587,True,True,True,True,True,True,True,True,True,True,True,True,True,True,True,
SBFC-2025-07-22,SBFC,2025-07-11 00:00:00,2025-07-22 00:00:00,7,119.0199966430664,4.12233331255292,3.596520928462734,113.80000305175781,1.2662715980324026,118.05999755859375,115.98999786376953,112.85749855041504,110.58679962158203,94.04595008850097,257802858.29232025,91.34808853118712,55.73440643863179,94.76861167002012,78.1287726358149,0.9920159680638723,1.1632164898483048,True,True,True,True,True,True,True,True,True,True,True,True,True,True,True,
SBICARD-2025-02-25,SBICARD,2025-02-18 00:00:00,2025-02-25 00:00:00,5,859.7601928710938,25.60369660833431,23.251378966673336,819.47214778042,1.5735245463563081,837.7650146484375,835.8158772241014,822.1105834960938,759.726826171875,729.883178100586,1456486020.3883667,95.96774193548387,98.38709677419355,97.37903225806451,97.35887096774195,0.992,0.5886046312654353,True,True,True,True,True,True,True,True,True,True,True,True,True,True,True,
SBILIFE-2024-08-08,SBILIFE,2024-08-01 00:00:00,2024-08-08 00:00:00,5,1761.4442138671875,42.26920759038965,46.459660232856365,1664.5636671298585,2.291988713773661,1700.694580078125,1693.3188178907,1668.5753051757813,1538.4282788085939,1457.3402136230468,2289954168.468567,90.87221095334685,72.21095334685599,59.43204868154158,73.97565922920893,0.9801192842942346,0.9708611128969737,True,True,True,True,True,True,True,True,True,True,True,True,True,True,True,
SBILIFE-2024-09-12,SBILIFE,2024-09-03 00:00:00,2024-09-12 00:00:00,7,1922.31396484375,42.62272596837989,39.55653472843442,1832.7093033031597,2.1022743033156646,1869.7869873046875,1864.903288939631,1829.1634826660156,1716.78041015625,1513.9754852294923,2288570645.0564575,79.3103448275862,86.20689655172413,56.18661257606491,75.13184584178498,0.9820717131474104,0.898822853747106,True,True,True,True,True,True,True,True,True,True,True,True,True,True,True,
SBILIFE-2025-06-09,SBILIFE,2025-05-29 00:00:00,2025-06-09 00:00:00,7,1822.466552734375,33.24552296683584,32.62591241979884,1748.8689207822392,2.213760692696977,1788.3140869140625,1781.0241724724792,1780.140399169922,1683.1751806640625,1602.5779498291015,1773615279.635437,26.97768762677485,67.74847870182555,91.48073022312373,62.63691683569979,0.9801192842942346,1.2298002260262422,True,True,True,True,True,True,True,True,True,False,True,True,True,True,False,RS_FAIL
SBILIFE-2025-07-08,SBILIFE,2025-07-01 00:00:00,2025-07-08 00:00:00,5,1859.91455078125,32.833108402338624,31.854599710252636,1780.6247281725746,2.4149349990580786,1814.3778076171875,1809.2849362764985,1813.6987426757812,1786.3867114257812,1599.3492614746094,1635263125.4499512,59.356136820925556,62.57545271629779,90.74446680080483,70.06036217303823,0.9920159680638723,0.6877783545998525,True,True,True,True,True,True,True,True,True,True,True,True,True,True,True,
SBILIFE-2025-12-04,SBILIFE,2025-11-25 00:00:00,2025-12-04 00:00:00,7,2028.1805419921875,35.96543985156287,36.190051164040874,1948.4913316304073,2.2157162734746114,2000.11962890625,1988.236087307497,1996.6694030761719,1907.728037109375,1758.4883435058593,1652542145.8895264,75.80645161290323,80.84677419354838,78.62903225806451,78.66935483870967,0.9900199600798403,0.8093138002856791,True,True,True,True,True,True,True,True,True,True,True,True,True,True,True,
SBILIFE-2025-12-19,SBILIFE,2025-12-16 00:00:00,2025-12-19 00:00:00,3,2033.173583984375,34.467744308121965,33.761703428204015,1992.7298788927903,1.173378354267718,2025.584228515625,2017.595308505425,2007.0100036621093,1957.3250830078125,1788.6670916748046,1515982781.8555298,68.81287726358148,87.72635814889335,78.87323943661971,79.3963782696177,0.9920159680638723,1.0040965189271194,True,True,True,True,True,True,True,True,True,True,True,True,True,True,True,
SBIN-2024-03-01,SBIN,2024-02-21 00:00:00,2024-03-01 00:00:00,7,730.6692504882812,18.594814947320483,17.85204721084898,698.1371920199082,1.7495231095623753,728.443603515625,714.0007171898741,694.1452545166015,637.8614685058594,573.8320611572266,14485641597.52536,95.11201629327903,84.72505091649694,67.0061099796334,82.5254582484725,0.9800399201596807,0.7825499891200522,True,True,True,True,True,True,True,True,True,True,True,True,True,True,True,
SBIN-2025-11-12,SBIN,2025-11-06 00:00:00,2025-11-12 00:00:00,4,943.739013671875,13.948852426920151,13.751991441954447,927.2856202739019,1.1795517576929373,940.2028198242188,938.041768729716,909.6116790771484,862.0396728515625,786.207269897461,9625420993.642487,85.22267206477733,86.43724696356276,77.1255060728745,83.27935222672065,0.9821073558648111,0.6741474813519621,True,True,True,True,True,True,True,True,True,True,True,True,True,True,True,
SBIN-2026-01-12,SBIN,2026-01-06 00:00:00,2026-01-12 00:00:00,4,1000.8594360351562,13.02070588055725,14.086930873255463,976.400305828531,1.8784795871280702,997.1758422851562,990.1524228120314,967.2256896972656,955.2446447753906,838.7345983886719,5653173214.321625,83.29979879275655,91.75050301810866,93.158953722334,89.63782696177063,0.9920159680638723,1.2948308981634307,True,True,True,True,True,True,True,True,True,True,True,True,True,True,True,
SCHAEFFLER-2024-06-21,SCHAEFFLER,2024-06-14 00:00:00,2024-06-21 00:00:00,4,4746.0498046875,243.9484177330226,230.31427959742788,4546.937004415503,0.8162086154209299,4639.87939453125,4613.619605568785,4391.1974609375,3908.0427294921874,3208.6853674316408,831105091.7402344,47.45417515274949,94.90835030549898,85.5397148676171,77.86150712830957,0.9780876494023905,1.5649097869453552,True,True,True,True,True,True,True,True,True,True,True,True,True,True,True,
SCHAEFFLER-2025-07-14,SCHAEFFLER,2025-07-09 00:00:00,2025-07-14 00:00:00,3,4200.43896484375,127.95316865701169,130.07991405312103,4072.095157447156,1.0030529821471592,4190.1240234375,4187.942000038101,3984.466162109375,3992.525830078125,3528.8163623046876,209048758.32678223,51.30784708249497,90.14084507042254,86.31790744466801,77.34406438631791,0.994,1.1313831507925505,True,True,True,True,True,True,True,True,True,True,True,True,True,True,True,
SCHNEIDER-2024-04-16,SCHNEIDER,2024-04-08 00:00:00,2024-04-16 00:00:00,5,819.5499877929688,39.83361465916863,42.418217243901545,725.0,2.373623097024309,794.7999877929688,779.0,724.5524963378906,641.7889953613281,419.3322479248047,111802771.64880371,96.51639344262296,100.0,98.97540983606558,98.64754098360655,0.9740518962075848,1.3855927861461215,True,True,True,True,True,True,True,True,True,True,True,True,True,True,True,
SCHNEIDER-2024-05-14,SCHNEIDER,2024-05-06 00:00:00,2024-05-14 00:00:00,6,835.1500244140625,40.68725351609401,41.686953709710565,751.0,2.0682158942179916,818.5499877929688,795.0,780.6225036621094,726.9949987792969,465.28024826049807,119179470.12402344,80.94262295081968,97.95081967213115,98.97540983606558,93.15573770491804,0.9740518962075848,0.8246708572310728,True,True,True,True,True,True,True,True,True,True,True,True,True,True,True,
SCHNEIDER-2024-07-01,SCHNEIDER,2024-06-20 00:00:00,2024-07-01 00:00:00,7,922.9000244140625,52.0482629965464,48.814751849630966,857.4000244140625,1.258447376127541,904.6500244140625,900.0,825.3074981689454,808.7360009765625,547.5919982910157,228321084.6560669,93.90243902439023,79.0650406504065,98.3739837398374,89.3089430894309,0.9800796812749004,1.765418209197629,True,True,True,True,True,True,True,True,True,True,True,True,True,True,True,
SCHNEIDER-2025-07-29,SCHNEIDER,2025-07-23 00:00:00,2025-07-29 00:00:00,4,937.9500122070312,29.55048740263741,32.22857188115406,870.0,2.2994548712914513,909.7000122070312,909.5,872.484994506836,803.3310009765624,729.4212509155274,96085353.8734436,92.15291750503019,98.99396378269618,87.32394366197182,93.44064386317909,0.9920159680638723,0.7244410385863685,True,True,True,True,True,True,True,False,True,True,True,True,True,True,False,LIQUIDITY_FAIL
SCI-2025-10-03,SCI,2025-09-25 00:00:00,2025-10-03 00:00:00,5,227.16616821289062,6.5264615135064235,6.59305766640321,212.7201591964008,2.2134519580930654,222.99136352539062,220.25042962951883,213.83994903564454,206.76050048828125,187.21418907165528,509403190.7649994,80.73022312373224,77.28194726166329,86.81541582150102,81.1764705882353,0.9840319361277445,1.3430535893562374,True,True,True,True,True,True,True,True,True,True,True,True,True,True,True,
SCI-2025-10-21,SCI,2025-10-15 00:00:00,2025-10-21 00:00:00,4,227.6051025390625,6.936699660010317,6.83857021792459,217.6655510256803,1.4328934508557676,225.9468994140625,221.49896964997282,220.60791931152343,210.93203491210937,188.26038536071778,539388577.250824,85.39553752535497,82.55578093306288,88.64097363083164,85.23326572008114,0.9801192842942346,0.5253707597936607,True,True,True,True,True,True,True,True,True,True,True,True,True,True,True,
SCI-2026-02-25,SCI,2026-02-17 00:00:00,2026-02-25 00:00:00,6,273.1199951171875,10.964729562275908,10.877570155215617,253.92999267578125,1.7501573871397018,265.32000732421875,263.0,248.1690475463867,227.95014129638673,217.70803108215333,1270194065.1296844,95.98393574297188,90.96385542168674,90.96385542168674,92.46987951807229,0.996,0.6668460137966045,True,True,True,True,True,True,True,True,True,True,True,True,True,True,True,
SCI-2026-04-28,SCI,2026-04-17 00:00:00,2026-04-28 00:00:00,7,305.8699951171875,15.034296170565044,14.336994882911242,284.6099853515625,1.414100768298618,303.1000061035156,300.1300048828125,263.0735008239746,254.9045867919922,228.40833221435548,1246588388.3571167,93.66053169734151,96.52351738241309,94.27402862985686,94.98977505112475,0.978,3.0043241735807498,True,True,True,True,True,True,True,True,True,True,True,True,True,True,True,
SHREECEM-2025-03-05,SHREECEM,2025-02-19 00:00:00,2025-03-05 00:00:00,9,28444.556640625,704.6290258923609,701.8306092581968,26803.752671638416,2.3286068394764547,27948.529296875,27422.0763384781,27944.58486328125,26642.7756640625,25979.657314453125,830159099.5263672,88.50806451612904,95.36290322580645,94.95967741935483,93.18548387096774,0.992,1.0379498622310124,True,True,True,True,True,True,True,True,True,True,True,True,True,True,True,
SHREECEM-2025-04-08,SHREECEM,2025-04-03 00:00:00,2025-04-08 00:00:00,3,30674.89453125,701.1453481164668,736.8061106948232,29174.004792554802,2.1406256815753495,30209.537109375,30025.60023684294,29001.6986328125,28157.8114453125,26311.755966796874,820898074.7089844,84.3298969072165,97.73195876288659,96.08247422680412,93.21649484536083,0.9680638722554891,1.5044403411588851,True,True,True,True,True,True,True,True,True,True,True,True,True,True,True,
SHRIRAMFIN-2023-09-25,SHRIRAMFIN,2023-09-11 00:00:00,2023-09-25 00:00:00,9,373.3455505371094,8.667081096379203,8.991379714530392,354.9281846789001,2.1249790619708633,371.1232604980469,368.099823033444,364.24322204589845,354.84042785644533,281.3564303588867,2277698619.3115997,59.30470347648262,62.372188139059304,84.45807770961146,68.07770961145195,0.9760479041916168,1.6453086993598147,True,True,True,True,True,True,True,True,True,False,True,True,True,True,False,RS_FAIL
SHRIRAMFIN-2023-11-13,SHRIRAMFIN,2023-11-03 00:00:00,2023-11-13 00:00:00,6,384.0946044921875,11.440295287011434,9.940300241775583,371.2532320150715,1.1224686212160335,379.1333923339844,378.77694055967913,366.15172424316404,363.8051531982422,299.97711540222167,1621389997.556076,80.20408163265306,57.95918367346938,80.61224489795919,71.42857142857143,0.9780439121756487,0.6121083824934139,True,True,True,True,True,True,True,True,True,True,True,True,True,True,True,
SHRIRAMFIN-2023-11-29,SHRIRAMFIN,2023-11-15 00:00:00,2023-11-29 00:00:00,9,392.2251892089844,10.240410043444417,8.740477914247425,372.7271510798952,1.9040290424279658,380.3953857421875,379.5572513905005,379.45963592529296,367.34399658203125,307.20664054870605,1370906328.9405823,32.04081632653061,49.795918367346935,76.93877551020408,52.61224489795919,0.9780439121756487,0.8920018490334475,True,True,True,True,True,True,True,True,True,False,True,True,True,True,False,RS_FAIL
SHRIRAMFIN-2024-01-19,SHRIRAMFIN,2024-01-16 00:00:00,2024-01-19 00:00:00,3,445.0068054199219,10.362524648847842,11.305116830968444,423.2063213561969,2.103781153963177,443.49432373046875,440.6909954866646,416.781315612793,399.4231286621094,338.15377166748044,2315836308.9006805,80.20408163265306,73.06122448979592,61.42857142857143,71.71428571428571,0.9780439121756487,0.9760888153408986,True,True,True,True,True,True,True,True,True,True,True,True,True,True,True,
SHRIRAMFIN-2024-02-07,SHRIRAMFIN,2024-01-31 00:00:00,2024-02-07 00:00:00,5,475.2750549316406,13.494915325439147,13.415645794202154,449.6019825758816,1.9024255978370561,467.0159912109375,465.1295064315548,448.40155639648435,416.2166845703125,349.9958827972412,2700496690.0611877,75.51020408163265,54.89795918367347,62.244897959183675,63.28571428571429,0.9780439121756487,0.8636907639458543,True,True,True,True,True,True,True,True,True,False,True,True,True,True,False,RS_FAIL
SHRIRAMFIN-2024-09-02,SHRIRAMFIN,2024-08-27 00:00:00,2024-09-02 00:00:00,4,628.1974487304688,18.720552185888998,16.95200424921827,617.5182652552058,0.570452376042228,627.3805541992188,627.2151975559597,594.4188446044922,570.2409655761719,476.89145370483396,3048996083.0360413,81.13590263691684,89.8580121703854,74.0365111561866,82.49492900608519,0.9820717131474104,0.6205422358346095,True,True,True,True,True,True,True,True,True,True,True,True,True,True,True,
SHRIRAMFIN-2026-01-16,SHRIRAMFIN,2026-01-02 00:00:00,2026-01-16 00:00:00,9,1004.6669311523438,24.122946168566614,22.50548758532064,955.5945473593129,2.0342616299900644,989.8507690429688,984.9286330662867,972.9513580322266,888.7705419921875,705.2119506835937,4971027852.636658,97.98792756539235,99.59758551307847,98.99396378269618,98.93360160965796,0.9920159680638723,2.1375958706101614,True,True,True,True,True,True,True,True,True,True,True,True,True,True,True,
SHRIRAMFIN-2026-01-22,SHRIRAMFIN,2026-01-19 00:00:00,2026-01-22 00:00:00,3,1004.6669311523438,22.552876284828443,23.060950898241284,967.0795602707445,1.6666331339246796,999.84423828125,991.8892329217937,983.9541168212891,902.63412109375,712.3192587280273,4792678876.685028,91.75050301810866,99.59758551307847,99.19517102615694,97.12273641851107,0.9920159680638723,1.3384850089969316,True,True,True,True,True,True,True,True,True,True,True,True,True,True,True,
SHYAMMETL-2023-12-14,SHYAMMETL,2023-12-11 00:00:00,2023-12-14 00:00:00,3,517.6175537109375,16.324795235214744,15.991139141390589,500.1797502688823,1.0681789995405004,511.8050231933594,511.26311062978436,471.57728118896483,453.5508148193359,372.6088884735107,260651152.9544525,59.38775510204082,70.81632653061224,86.53061224489797,72.10204081632654,0.9780439121756487,1.2604420882490968,True,True,True,True,True,True,True,True,True,True,True,True,True,True,True,
SHYAMMETL-2024-01-10,SHYAMMETL,2024-01-03 00:00:00,2024-01-10 00:00:00,5,658.7949829101562,21.82021825875353,24.294138330624595,611.0133876723739,2.18978539403995,656.6275634765625,633.4755338818093,591.989370727539,510.9852783203125,402.1745304107666,981169934.8534546,96.73469387755102,94.28571428571428,93.6734693877551,94.83673469387756,0.9780439121756487,4.386110777435204,True,True,True,True,True,True,True,True,True,True,True,True,True,True,True,
SHYAMMETL-2024-01-19,SHYAMMETL,2024-01-12 00:00:00,2024-01-19 00:00:00,5,673.0801391601562,23.740699997296247,23.484157001243883,627.5645762640667,1.9171954871285688,667.2183227539062,653.1794569279061,640.0739135742188,542.8097912597656,416.00813217163085,1015929849.1522827,96.3265306122449,91.22448979591836,91.22448979591836,92.75510204081633,0.9780439121756487,0.8651294692579569,True,True,True,True,True,True,True,True,True,True,True,True,True,True,True,
SHYAMMETL-2024-08-30,SHYAMMETL,2024-08-26 00:00:00,2024-08-30 00:00:00,4,813.0260620117188,33.17235530010423,31.597229450891117,755.2448166390885,1.7418493456341544,788.2664794921875,788.1501076874731,745.1031951904297,707.3167712402344,621.2889378356933,880632963.9848938,83.56997971602435,79.71602434077079,61.4604462474645,75.39553752535497,0.9820717131474104,0.6415673450402029,True,True,True,True,True,True,True,True,True,True,True,True,True,True,True,
SHYAMMETL-2024-09-10,SHYAMMETL,2024-09-05 00:00:00,2024-09-10 00:00:00,3,820.7423095703125,29.77443117991665,29.373815120336406,783.5211738910317,1.2501040054927084,815.0083618164062,809.6699075060458,777.2760009765625,728.3925122070312,633.7329930114746,858008237.9300232,79.71602434077079,87.82961460446246,62.06896551724138,77.66734279918863,0.9820717131474104,0.562868412928076,True,True,True,True,True,True,True,True,True,True,True,True,True,True,True,
SHYAMMETL-2026-06-12,SHYAMMETL,2026-06-04 00:00:00,2026-06-12 00:00:00,6,997.6058959960938,27.54925754390666,25.422257004370827,956.7856458613961,1.4817187022060507,979.4359741210938,968.4841245007624,958.9959442138672,895.0595703125,863.5055578613282,702949129.850769,89.1566265060241,84.53815261044177,80.32128514056225,84.65863453815261,0.9880952380952381,1.1608751781553213,True,True,True,True,True,True,True,True,True,True,True,True,True,True,True,
SHYAMMETL-2026-07-27,SHYAMMETL,2026-07-21 00:00:00,2026-07-27 00:00:00,4,1057.989990234375,32.40586516925423,32.18979027928428,1007.6636299368259,1.5530015950722802,1032.347900390625,1031.0014377375437,996.2083801269531,974.5609228515625,873.1853042602539,426647431.0333252,88.0,82.6,81.0,83.74,1.0,0.481395707889455,True,True,True,True,True,True,True,True,True,True,True,True,True,True,True,
SIEMENS-2024-04-18,SIEMENS,2024-04-08 00:00:00,2024-04-18 00:00:00,6,3299.22314453125,90.83023793392286,88.22976941567083,3152.1027932257466,1.6197287891344119,3247.738037109375,3239.705507366799,3108.6257568359374,2813.9818212890623,2340.529419555664,1462776531.9770508,88.52459016393442,93.44262295081968,83.19672131147541,88.89344262295083,0.9740518962075848,1.830139858269822,True,True,True,True,True,True,True,True,True,True,True,True,True,True,True,
SIEMENS-2024-06-03,SIEMENS,2024-05-23 00:00:00,2024-06-03 00:00:00,7,4290.8818359375,125.54766696587684,118.48138285990827,4029.179224597971,2.0844880487556843,4234.0419921875,4110.699567966869,3990.9948486328126,3510.618486328125,2581.999552612305,3354629465.2766113,94.89795918367348,97.55102040816327,94.6938775510204,95.89795918367346,0.9780439121756487,1.3160320298964292,True,True,True,True,True,True,True,True,True,True,True,True,True,True,True,
SIEMENS-2024-07-10,SIEMENS,2024-07-05 00:00:00,2024-07-10 00:00:00,3,4590.0126953125,142.49607053713433,137.83420955670599,4423.800078531454,1.1664364929819648,4567.36962890625,4554.185227190761,4462.1615234375,4123.353754882813,2860.0720098876955,2483480751.1152344,80.73022312373224,91.68356997971603,95.74036511156187,89.61460446247466,0.9820717131474104,1.0257992774810027,True,True,True,True,True,True,True,True,True,True,True,True,True,True,True,
SOBHA-2023-09-25,SOBHA,2023-09-13 00:00:00,2023-09-25 00:00:00,7,693.4075317382812,26.793690173544235,27.879502128513366,640.6142396757476,1.9703628623227525,678.770263671875,661.503283406163,639.2894714355468,601.9014575195313,551.4681481933594,292202155.74713135,91.41104294478528,83.640081799591,56.032719836400815,77.68916155419222,0.9760479041916168,1.7315604812105492,True,True,True,True,True,True,True,True,True,True,True,True,True,True,True,
SOBHA-2023-10-13,SOBHA,2023-10-10 00:00:00,2023-10-13 00:00:00,3,757.0173950195312,33.45005186654852,31.849952931630188,734.8383067485688,0.6630509381404719,756.6701049804688,753.6434315062723,691.9065826416015,635.3319714355468,558.5175015258789,486588855.33984375,94.48979591836735,89.18367346938776,88.77551020408163,90.65306122448979,0.9780439121756487,0.8584296041552231,True,True,True,True,True,True,True,True,True,True,True,True,True,True,True,
SOBHA-2023-11-23,SOBHA,2023-11-16 00:00:00,2023-11-23 00:00:00,5,884.3861083984375,35.10929556424132,32.791642595657756,857.3940456463652,0.7688010345489145,883.4434204101562,882.1532955365418,795.3719268798828,739.50138671875,586.6139401245117,441185490.6569519,93.6734693877551,96.93877551020408,90.40816326530611,94.0,0.9780439121756487,0.6340094504709244,True,True,True,True,True,True,True,True,True,True,True,True,True,True,True,
SOBHA-2023-12-07,SOBHA,2023-12-04 00:00:00,2023-12-07 00:00:00,3,960.79736328125,33.66769165892684,36.79475713689091,910.9811596094088,1.4796441697431508,959.7554321289062,958.5645558225315,882.4262084960938,785.6309765625,602.4176089477539,520233644.0271301,91.02040816326532,96.73469387755102,88.9795918367347,92.6938775510204,0.9780439121756487,0.7449546940698012,True,True,True,True,True,True,True,True,True,True,True,True,True,True,True,
SOBHA-2024-01-31,SOBHA,2024-01-18 00:00:00,2024-01-31 00:00:00,7,1463.6728515625,80.07167981241511,79.79179229881007,1268.278443879937,2.440243643449418,1436.6807861328125,1414.1048104491877,1318.9404876708984,1101.461602783203,721.1961215209961,926245469.0928955,98.57142857142858,99.18367346938776,96.3265306122449,98.14285714285714,0.9780439121756487,0.43803607458076543,True,True,True,True,True,True,True,True,True,True,True,True,True,True,True,
SOBHA-2024-04-22,SOBHA,2024-04-10 00:00:00,2024-04-22 00:00:00,6,1631.7777099609375,85.64964461392188,78.67717770192861,1501.878523858652,1.516634268452891,1608.010986328125,1594.3162169011782,1519.8401428222655,1465.8491015625,975.7133575439453,407945363.9602051,95.90163934426229,81.9672131147541,98.97540983606558,91.25,0.9740518962075848,0.7163504366429349,True,True,True,True,True,True,True,True,True,True,True,True,True,True,True,
SOBHA-2024-05-31,SOBHA,2024-05-27 00:00:00,2024-05-31 00:00:00,4,1983.8153076171875,104.01104237578774,97.78929183926182,1810.0541005486511,1.6706034580515408,1885.274658203125,1884.4806671830531,1813.705987548828,1652.7600268554688,1142.1002386474609,492072941.39904785,79.38775510204081,88.77551020408163,97.75510204081633,88.65306122448979,0.9780439121756487,0.4754766831587464,True,True,True,True,True,True,True,True,True,True,True,True,True,True,True,
SOLARINDS-2023-10-20,SOLARINDS,2023-10-13 00:00:00,2023-10-20 00:00:00,5,5338.087890625,144.51699691983774,143.99891842316146,5104.1393246677035,1.618830801522022,5259.09033203125,5229.896374903943,5015.747900390625,4713.647978515625,4070.680321044922,211655768.88793945,94.6938775510204,94.89795918367348,72.85714285714285,88.22448979591837,0.9780439121756487,0.49666417813170277,True,True,True,True,True,True,True,True,True,True,True,True,True,True,True,
SOLARINDS-2025-06-13,SOLARINDS,2025-06-05 00:00:00,2025-06-13 00:00:00,6,17002.76953125,449.608711109032,482.55475260875124,16035.92128848294,2.1504215084760574,16829.9765625,16809.000592552697,15933.9921875,13898.281328125,11121.335029296875,3198127847.2382812,95.74036511156187,98.78296146044624,99.18864097363083,97.99188640973631,0.9801192842942346,0.6991600089777323,True,True,True,True,True,True,True,True,True,True,True,True,True,True,True,
SOLARINDS-2025-06-23,SOLARINDS,2025-06-17 00:00:00,2025-06-23 00:00:00,4,17134.615234375,457.15395820368866,429.9266059091643,16582.272853722934,1.2082196177900428,17035.73046875,17002.772605043097,16662.325830078124,14617.6805078125,11314.1866015625,2541119150.0253906,88.48484848484848,98.58585858585859,99.79797979797979,95.91919191919192,0.9840954274353877,0.9054892980528677,True,True,True,True,True,True,True,True,True,True,True,True,True,True,True,
SOLARINDS-2026-06-03,SOLARINDS,2026-05-27 00:00:00,2026-06-03 00:00:00,4,18641.984375,499.42654160824014,489.9791461769647,17824.46795827583,1.6369102332679921,18566.029296875,18489.075258093795,17592.10546875,15609.23712890625,14098.000146484375,2509724563.376953,94.77911646586345,94.57831325301204,93.17269076305222,94.21686746987953,0.9880952380952381,1.8225522111655388,True,True,True,True,True,True,True,True,True,True,True,True,True,True,True,
SOLARINDS-2026-07-27,SOLARINDS,2026-07-21 00:00:00,2026-07-27 00:00:00,4,19033.75390625,547.4096680434583,503.97599671780523,18322.175141790074,1.2999017116435627,18617.0,18608.00627093162,18446.101171875,18175.1811328125,14830.572309570312,1871679861.6894531,80.2,88.6,90.8,86.74,1.0,0.5505568988069285,True,True,True,True,True,True,True,True,True,True,True,True,True,True,True,
SOLARINDS-2026-08-21,SOLARINDS,2026-08-13 00:00:00,2026-08-21 00:00:00,6,20324.0,550.4322645054809,566.6741308103761,19190.0,2.06019899836142,19900.0,19865.0,19028.2,18507.7818359375,15307.984526367187,1626910511.0,72.8,61.6,92.60000000000001,74.26,1.0,1.0034846719254213,True,True,True,True,True,True,True,True,True,True,True,True,True,True,True,
SONACOMS-2026-02-09,SONACOMS,2026-02-04 00:00:00,2026-02-09 00:00:00,3,531.3057250976562,16.410429847936012,16.657961161257603,504.63329262752177,1.6253341757217379,529.062255859375,521.3846233013252,480.78261413574216,481.8679278564453,473.343254699707,897564357.2186279,95.57344064386318,85.91549295774648,84.30583501006036,88.32997987927565,0.9920159680638723,2.030927407789627,True,True,True,True,True,True,True,True,True,True,True,True,True,True,True,
SONACOMS-2026-02-17,SONACOMS,2026-02-11 00:00:00,2026-02-17 00:00:00,4,536.4407958984375,15.960132245748479,14.719805996894946,518.5926961436587,1.1182927233910127,528.2147216796875,527.2176323321521,503.1495864868164,485.5253240966797,475.068542175293,1019057234.7558594,92.9718875502008,85.54216867469879,81.32530120481928,86.50602409638554,0.9940119760479041,0.9272795993192632,True,True,True,True,True,True,True,True,True,True,True,True,True,True,True,
SONACOMS-2026-04-22,SONACOMS,2026-04-17 00:00:00,2026-04-22 00:00:00,3,592.1289672851562,21.626022457429354,20.443268574830277,572.6356100762457,0.901384304362166,586.74462890625,583.9527249889063,532.1009368896484,524.0129418945312,478.08775650024415,1028625764.9881287,78.27868852459017,92.00819672131148,91.59836065573771,87.76639344262296,0.976,0.8553816859181506,True,True,True,True,True,True,True,True,True,True,True,True,True,True,True,
SONACOMS-2026-05-06,SONACOMS,2026-04-30 00:00:00,2026-05-06 00:00:00,3,605.4901123046875,20.47916974337204,19.716568877314984,567.6999270482646,1.8452986976512293,580.9115600585938,579.3161882120021,576.5218231201172,535.8206237792969,484.3124792480469,1613233647.329712,59.50920245398773,77.30061349693251,85.07157464212679,74.29447852760735,0.9702380952380952,0.8607112423717959,True,True,True,True,True,True,True,True,True,True,True,True,True,True,True,
SONACOMS-2026-06-09,SONACOMS,2026-05-27 00:00:00,2026-06-09 00:00:00,8,616.906982421875,18.581415787627723,16.874020129703275,583.7034500730934,1.7869215526025655,600.1057739257812,594.7214133956561,594.3948791503906,574.5420788574219,500.57211502075194,926904895.4940186,70.48192771084338,76.90763052208835,82.1285140562249,76.54618473895582,0.9880952380952381,1.1434068629144243,True,True,True,True,True,True,True,True,True,True,True,True,True,True,True,
SONACOMS-2026-08-17,SONACOMS,2026-08-07 00:00:00,2026-08-17 00:00:00,6,818.0499877929688,23.57763934863136,21.814055332068044,790.0,1.1896860147110953,805.0999755859375,798.7999877929688,769.7575012207031,689.7442150878907,562.4621629333496,1966373166.25,92.4,96.39999999999999,94.0,94.48,1.0,0.9529743625350876,True,True,True,True,True,True,True,True,True,True,True,True,True,True,True,
SPARC-2023-11-21,SPARC,2023-11-13 00:00:00,2023-11-21 00:00:00,5,259.29998779296875,10.427970930079466,9.950174149676501,244.39999389648438,1.428848814058866,250.8000030517578,250.60000610351562,239.61249923706055,236.5179995727539,211.22500015258788,188579111.05538177,59.38775510204082,61.42857142857143,60.0,60.38775510204081,0.9780439121756487,1.000871135918548,True,True,True,True,True,True,True,True,True,False,True,True,True,True,False,RS_FAIL
SRF-2025-07-15,SRF,2025-07-08 00:00:00,2025-07-15 00:00:00,5,3269.9384765625,70.18329085625405,72.18174573424638,3120.296710115351,2.132156594845888,3207.355712890625,3188.650469546337,3153.796923828125,3043.881640625,2683.0890087890625,1260424587.9128418,62.57545271629779,34.00402414486921,82.09255533199196,57.00201207243461,0.994,0.8410725053392238,True,True,True,True,True,True,True,True,True,False,True,True,True,True,False,RS_FAIL
STARHEALTH-2025-10-28,STARHEALTH,2025-10-17 00:00:00,2025-10-28 00:00:00,6,503.95001220703125,13.591866830433952,13.376263718079517,480.0,1.7620840835052964,494.6499938964844,491.1000061035156,477.73250274658204,458.2340008544922,425.9662503051758,212203595.9003601,86.20689655172413,89.24949290060852,77.28194726166329,84.74645030425964,0.9801192842942346,0.8440978991647924,True,True,True,True,True,True,True,True,True,True,True,True,True,True,True,
STARHEALTH-2026-06-15,STARHEALTH,2026-06-02 00:00:00,2026-06-15 00:00:00,9,533.7000122070312,14.691379658771302,13.529421188971764,513.0,1.4089903526979217,528.6500244140625,527.5999755859375,524.7525054931641,511.6480047607422,476.2380015563965,256829196.64505005,68.13627254509018,66.53306613226452,69.93987975951904,68.03607214428858,0.9900793650793651,0.5877053674783209,True,True,True,True,True,True,True,True,True,False,True,True,True,True,False,RS_FAIL
SUMICHEM-2024-06-20,SUMICHEM,2024-06-14 00:00:00,2024-06-20 00:00:00,3,494.46307373046875,20.175125579149405,22.056335320449524,466.43803480724785,1.3890886980244737,493.2705383300781,488.6493755748766,470.8132293701172,425.88620849609373,399.84456298828127,528223323.2806854,92.26069246435846,86.15071283095723,55.80448065173116,78.87983706720978,0.9780876494023905,1.3612164470621222,True,True,True,True,True,True,True,True,True,True,True,True,True,True,True,
SUMICHEM-2025-07-29,SUMICHEM,2025-07-18 00:00:00,2025-07-29 00:00:00,7,603.4644165039062,17.078604724453847,18.292828388504365,574.4651086141015,1.6979904598577866,603.2457275390625,590.8256924566414,564.925927734375,531.4747619628906,522.3125186157226,267345408.56079102,96.78068410462777,78.06841046277665,81.08651911468813,84.58752515090542,0.9920159680638723,1.5975149497627263,True,True,True,True,True,True,True,True,True,True,True,True,True,True,True,
SUMICHEM-2026-07-27,SUMICHEM,2026-07-20 00:00:00,2026-07-27 00:00:00,5,540.6500244140625,19.312836951347446,19.51131599906247,515.0,1.3281334315967968,538.8499755859375,530.0999755859375,504.6094741821289,480.0740509033203,451.9839854431152,312523217.29467773,98.6,91.4,75.4,88.76,1.0,3.0110775139364585,True,True,True,True,True,True,True,True,True,True,True,True,True,True,True,
SUNDARMFIN-2023-10-03,SUNDARMFIN,2023-09-26 00:00:00,2023-10-03 00:00:00,4,3142.2900390625,100.50428829827788,103.2866928664203,2940.3895660760863,2.008874212284464,3077.433837890625,3064.4330276212536,2797.040393066406,2640.78654296875,2403.234091796875,233761876.34729004,95.3061224489796,72.24489795918367,59.795918367346935,75.42857142857143,0.9780439121756487,0.821263509153378,True,True,True,True,True,True,True,True,True,True,True,True,True,True,True,
SUNDARMFIN-2023-10-16,SUNDARMFIN,2023-10-11 00:00:00,2023-10-16 00:00:00,3,3212.52294921875,107.80881089866125,113.47283863210977,3007.7385234932594,1.8995147429831594,3146.93310546875,3132.857244875441,3028.190051269531,2742.7769482421877,2441.713162841797,261678348.6829834,93.6734693877551,78.57142857142857,67.14285714285714,79.6734693877551,0.9780439121756487,0.7156457594185787,True,True,True,True,True,True,True,True,True,True,True,True,True,True,True,
SUNDARMFIN-2023-11-16,SUNDARMFIN,2023-11-07 00:00:00,2023-11-16 00:00:00,6,3264.378662109375,111.69781125089305,108.49588456724886,3089.358943496376,1.5669037437078666,3225.1318359375,3204.2141551424115,3153.8684814453127,3006.290849609375,2538.6229699707033,110109702.73144531,62.04081632653061,86.3265306122449,72.0408163265306,74.75510204081633,0.9780439121756487,1.5138502582732587,True,True,True,True,True,True,True,True,True,True,True,True,True,True,True,
SUNDARMFIN-2024-04-12,SUNDARMFIN,2024-04-08 00:00:00,2024-04-12 00:00:00,3,4498.2724609375,153.1418230300753,159.96407467557643,4334.273561009418,1.0708955704143257,4460.2041015625,4453.8753147884745,4071.0360107421875,3941.5464111328124,3215.9272717285157,849759834.4794922,90.57377049180327,80.73770491803278,74.38524590163934,81.7827868852459,0.9740518962075848,1.1651104638639407,True,True,True,True,True,True,True,True,True,True,True,True,True,True,True,
SUNDARMFIN-2024-09-12,SUNDARMFIN,2024-08-30 00:00:00,2024-09-12 00:00:00,9,4973.71142578125,198.59278965328681,206.50440849684279,4529.971337407387,2.2344219503062845,4832.7412109375,4726.926612946839,4539.824169921875,4335.670278320313,4067.579639892578,423047866.19311523,97.76876267748479,52.53549695740365,45.233265720081135,63.91480730223124,0.9820717131474104,2.374747906863045,True,True,True,True,True,True,True,True,True,False,True,True,True,True,False,RS_FAIL
SUNDARMFIN-2024-10-04,SUNDARMFIN,2024-09-27 00:00:00,2024-10-04 00:00:00,4,5257.72119140625,211.98573815689315,208.38368672096354,4973.318029537168,1.3416146026700733,5251.61572265625,5169.879016746079,4925.336962890625,4523.6990576171875,4201.809978027344,423515092.07373047,88.95705521472392,80.98159509202453,67.07566462167689,79.20245398773007,0.978,1.187579516981216,True,True,True,True,True,True,True,True,True,True,True,True,True,True,True,
SUNDARMFIN-2025-05-07,SUNDARMFIN,2025-04-22 00:00:00,2025-05-07 00:00:00,10,5274.9228515625,187.99891284315086,187.7843248739471,4938.202178468466,1.7910777674281728,5203.41015625,5133.774618825605,5005.803076171875,4737.287197265625,4541.910305175781,390112595.3779297,95.27720739219713,94.45585215605749,84.59958932238193,91.74537987679672,0.9720558882235529,1.7069327400049163,True,True,True,True,True,True,True,True,True,True,True,True,True,True,True,
SUNDARMFIN-2026-02-23,SUNDARMFIN,2026-02-12 00:00:00,2026-02-23 00:00:00,7,5454.73681640625,172.13476283687245,163.73444614502554,5106.07491411229,2.0255170806165284,5326.4130859375,5247.330054927397,5273.351904296875,5142.760185546875,4847.144677734375,310598361.6772461,66.66666666666666,88.75502008032129,66.66666666666666,75.50200803212851,0.9940119760479041,0.9789438702035739,True,True,True,True,True,True,True,True,True,True,True,True,True,True,True,
SUNPHARMA-2024-02-20,SUNPHARMA,2024-02-13 00:00:00,2024-02-20 00:00:00,4,1509.3160400390625,33.001474534294395,30.819151089378355,1472.762553698509,1.1076319121004101,1505.8907470703125,1489.5468937734802,1429.003106689453,1317.049990234375,1124.631449279785,3317963860.466919,84.08163265306122,74.08163265306122,64.28571428571429,74.14285714285714,0.9780439121756487,0.9936377258845623,True,True,True,True,True,True,True,True,True,True,True,True,True,True,True,
SUNPHARMA-2024-03-05,SUNPHARMA,2024-02-27 00:00:00,2024-03-05 00:00:00,5,1549.00146484375,28.403061921374256,28.866846814838404,1502.661180734227,1.631524243329922,1540.6337890625,1535.6425188891246,1509.0748657226563,1382.6429125976563,1154.6552352905273,3259988862.5994873,83.5030549898167,78.81873727087576,73.11608961303462,78.5132382892057,0.9800399201596807,0.6436708894029196,True,True,True,True,True,True,True,True,True,True,True,True,True,True,True,
SUNPHARMA-2024-10-09,SUNPHARMA,2024-09-27 00:00:00,2024-10-09 00:00:00,7,1913.1961669921875,28.501548699118988,31.913944963071824,1853.6513811910797,2.08917720330574,1895.6715087890625,1886.4426548337285,1851.194354248047,1781.7574267578125,1539.7386370849608,3124457595.9749146,79.55010224948876,87.52556237218813,54.396728016359916,75.19427402862986,0.978,0.9412077377670932,True,True,True,True,True,True,True,True,True,True,True,True,True,True,True,
SUNPHARMA-2025-12-04,SUNPHARMA,2025-11-28 00:00:00,2025-12-04 00:00:00,4,1815.022216796875,24.335433510611956,26.382259905819986,1766.3666164408385,1.999372656945654,1801.8427734375,1799.5634083907785,1755.5702819824219,1690.1864501953125,1668.2296447753906,3031328644.3101807,92.54032258064517,86.69354838709677,73.58870967741935,84.51612903225806,0.9900199600798403,0.9960363939291537,True,True,True,True,True,True,True,True,True,True,True,True,True,True,True,
SUNTECK-2023-10-05,SUNTECK,2023-09-29 00:00:00,2023-10-05 00:00:00,3,448.62884521484375,13.692420121015063,14.158919632234092,423.77681722463007,1.8150208488031205,441.4217834472656,437.04780774416236,419.23191833496094,385.2585626220703,331.010785369873,219431668.444458,97.34693877551021,96.53061224489797,81.0204081632653,92.12244897959184,0.9780439121756487,1.6033638837430695,True,True,True,True,True,True,True,True,True,True,True,True,True,True,True,
SUNTV-2023-10-11,SUNTV,2023-10-05 00:00:00,2023-10-11 00:00:00,4,591.6116943359375,16.494681499597053,15.471646984827407,567.7288943351772,1.4479091337012928,580.7431030273438,577.8510447968156,564.0741577148438,544.2236315917969,448.44311279296875,408286726.8847656,63.26530612244898,87.75510204081633,77.55102040816327,77.3469387755102,0.9780439121756487,0.9321324808757756,True,True,True,True,True,True,True,True,True,True,True,True,True,True,True,
SUNTV-2023-11-01,SUNTV,2023-10-18 00:00:00,2023-11-01 00:00:00,9,617.4068603515625,18.233769486752006,16.917369164539043,572.9998747320919,2.4354254150100485,599.1682739257812,598.6551837601536,591.8658416748046,571.9083337402344,459.1975842285156,673061178.6100464,87.93456032719837,87.11656441717791,85.07157464212679,86.74846625766871,0.9760479041916168,0.6700024073108584,True,True,True,True,True,True,True,True,True,True,True,True,True,True,True,
SUNTV-2023-11-24,SUNTV,2023-11-20 00:00:00,2023-11-24 00:00:00,4,634.5260009765625,14.620631688073066,14.479130461416089,615.917313978289,1.2727690154081168,629.5919189453125,626.8193719074527,612.8678680419922,590.6160583496094,474.2166320800781,418455478.9130249,51.83673469387755,78.77551020408163,84.28571428571429,72.34693877551021,0.9780439121756487,0.9587574638718006,True,True,True,True,True,True,True,True,True,True,True,True,True,True,True,
SUNTV-2024-01-03,SUNTV,2023-12-22 00:00:00,2024-01-03 00:00:00,6,681.8933715820312,18.339082400343475,16.77834419389921,658.0687642696154,1.2991166511127985,675.6435546875,672.6361245500422,652.9019836425781,629.5389440917969,505.37767303466796,534306867.73703,56.53061224489796,65.3061224489796,87.95918367346938,69.46938775510203,0.9780439121756487,1.0862714429718792,True,True,True,True,True,True,True,True,True,False,True,True,True,True,False,RS_FAIL
SUNTV-2024-06-19,SUNTV,2024-06-12 00:00:00,2024-06-19 00:00:00,4,738.5789184570312,27.238502324228964,25.892529836443266,701.9319333208762,1.3454111646790934,727.1058959960938,723.3606855646179,670.1705810546875,631.2803002929687,608.9341165161132,884368160.4199524,81.05906313645622,72.50509164969449,41.34419551934827,65.72301425661914,0.9780876494023905,1.0068498693981323,True,True,True,True,True,True,True,True,True,False,True,True,True,True,False,RS_FAIL
SUPREMEIND-2024-05-15,SUPREMEIND,2024-05-09 00:00:00,2024-05-15 00:00:00,4,5287.21142578125,249.37297923341865,240.83396475799836,4995.720980480002,1.168893463106146,5280.35791015625,5171.789755611741,4691.165502929687,4252.62595703125,4149.915294189454,1131591820.8535156,98.77300613496932,93.4560327198364,51.533742331288344,82.47443762781185,0.9760479041916168,0.9495053410252092,True,True,True,True,True,True,True,True,True,True,True,True,True,True,True,
SUPREMEIND-2024-05-27,SUPREMEIND,2024-05-17 00:00:00,2024-05-27 00:00:00,5,5494.75390625,238.71593593330405,226.55978035948448,5287.455563113828,0.868389210488611,5487.06884765625,5419.421925467986,5155.340258789062,4458.857265625,4217.405660400391,1623715910.5410156,97.34693877551021,91.42857142857143,67.9591836734694,86.16326530612245,0.9780439121756487,1.7882490337841517,True,True,True,True,True,True,True,True,True,True,True,True,True,True,True,
SUPREMEIND-2024-07-02,SUPREMEIND,2024-06-19 00:00:00,2024-07-02 00:00:00,9,6056.24609375,265.4239021253452,241.80103353788962,5612.928084007749,1.6702264046020094,5917.10693359375,5915.092957983351,5802.55087890625,5333.126518554687,4430.212286376953,1149609098.4228516,73.57723577235772,89.63414634146342,66.26016260162602,77.8048780487805,0.9800796812749004,1.0492181161489913,True,True,True,True,True,True,True,True,True,True,True,True,True,True,True,
SUPREMEIND-2025-09-01,SUPREMEIND,2025-08-22 00:00:00,2025-09-01 00:00:00,5,4591.94775390625,120.07424884192298,113.10095665404067,4407.489204181973,1.536204069592936,4529.57080078125,4476.202968160713,4361.439477539063,4285.749326171875,4040.496463623047,615517756.0571289,88.73239436619718,79.87927565392354,73.8430583501006,80.72434607645874,0.9920159680638723,0.3850426028514384,True,True,True,True,True,True,True,True,True,True,True,True,True,True,True,
SUZLON-2023-08-16,SUZLON,2023-08-10 00:00:00,2023-08-16 00:00:00,3,20.450000762939453,0.8811994593463405,0.8866784870141295,19.299999237060547,1.3050411160396749,20.25,20.200000762939453,18.995000076293945,16.979000053405763,10.96175000190735,2787774273.555847,82.17213114754098,99.79508196721312,99.38524590163934,94.38524590163934,0.9721115537848606,0.45345783367827963,True,True,True,True,True,True,True,True,True,True,True,True,True,True,True,
SUZLON-2023-10-27,SUZLON,2023-10-20 00:00:00,2023-10-27 00:00:00,4,32.5,1.3611037325635962,1.5553776683692015,30.299999237060547,1.6163358532533159,32.099998474121094,31.950000762939453,29.027499866485595,25.69399990081787,15.019999980926514,3211847199.5477676,98.56850715746421,99.38650306748467,100.0,99.32515337423314,0.9760479041916168,0.7627384956955184,True,True,True,True,True,True,True,True,True,True,True,True,True,True,True,
SUZLON-2024-07-03,SUZLON,2024-06-24 00:00:00,2024-07-03 00:00:00,7,54.70000076293945,2.217878755915921,1.9020119398416784,51.5,1.4428204221731424,53.529998779296875,53.380001068115234,51.128499603271486,46.280399780273434,39.74784986495972,2629203617.6208267,49.796747967479675,79.67479674796748,77.4390243902439,70.04065040650407,0.9800796812749004,0.5846276852792742,True,True,True,True,True,True,True,True,True,True,True,True,True,True,True,
SUZLON-2024-08-19,SUZLON,2024-08-13 00:00:00,2024-08-19 00:00:00,3,80.79000091552734,3.380317181749544,3.7096561766111997,74.12000274658203,1.9731870739695305,80.70999908447266,80.5,69.53199996948243,59.39059982299805,45.62489987373352,9259540957.055363,100.0,99.18864097363083,95.74036511156187,98.3975659229209,0.9801192842942346,0.7348126579306643,True,True,True,True,True,True,True,True,True,True,True,True,True,True,True,
SUZLON-2024-09-20,SUZLON,2024-09-16 00:00:00,2024-09-20 00:00:00,4,84.69999694824219,3.3724413011114303,3.4830930487107223,78.0,1.9866904565645427,83.44999694824219,83.0,78.49749946594238,72.1013996887207,50.67934982299805,4871557667.926407,78.29614604462475,97.97160243407707,98.58012170385395,92.25152129817444,0.9840319361277445,1.2235077764160764,True,True,True,True,True,True,True,True,True,True,True,True,True,True,True,
SUZLON-2026-06-30,SUZLON,2026-06-22 00:00:00,2026-06-30 00:00:00,5,59.310001373291016,1.879910450062526,1.6361829254675082,56.869998931884766,1.297935463535029,58.900001525878906,58.0,56.6870002746582,55.45140022277832,51.805849952697756,4097000161.485319,77.2,90.0,68.0,79.56,1.0,1.6201239640862455,True,True,True,True,True,True,True,True,True,True,True,True,True,True,True,
SWANCORP-2023-11-28,SWANCORP,2023-11-15 00:00:00,2023-11-28 00:00:00,8,433.5376281738281,21.981324745840983,18.69201249964547,416.09414580803184,0.7935591947931487,431.2884826660156,430.9885746156277,411.81825561523436,345.50968566894534,272.9149210357666,949158397.3457947,96.12244897959184,94.48979591836735,94.48979591836735,94.9795918367347,0.9780439121756487,0.9540866403419398,True,True,True,True,True,True,True,True,True,True,True,True,True,True,True,
SWANCORP-2023-12-22,SWANCORP,2023-12-15 00:00:00,2023-12-22 00:00:00,5,513.9075317382812,21.85184183159776,23.124405741538897,475.62183804934335,1.7520579722289948,506.21038818359375,499.8127892515805,462.08443145751954,408.7848913574219,290.876689453125,3275947520.818985,87.34693877551021,99.18367346938776,97.55102040816327,95.14285714285714,0.9780439121756487,1.0395937674827,True,True,True,True,True,True,True,True,True,True,True,True,True,True,True,
SWANCORP-2024-01-18,SWANCORP,2024-01-12 00:00:00,2024-01-18 00:00:00,4,561.9395751953125,21.744325785310853,21.905772025685827,525.6031036968665,1.6710783243963694,548.9443969726562,546.1954430274295,526.4128326416015,476.5355163574219,315.9510573577881,2717889790.971588,79.18367346938776,99.18367346938776,98.57142857142858,93.0,0.9780439121756487,0.4884518516842693,True,True,True,True,True,True,True,True,True,True,True,True,True,True,True,
SWANCORP-2024-02-23,SWANCORP,2024-02-20 00:00:00,2024-02-23 00:00:00,3,751.0186767578125,30.051251306260294,30.715547629277893,701.1374260161589,1.6598726699697302,736.2242431640625,725.1284406136349,690.7987762451172,593.495712890625,370.4874340057373,3362469810.1553955,96.13034623217924,96.33401221995926,98.77800407331976,97.0061099796334,0.9800399201596807,0.349467915816479,True,True,True,True,True,True,True,True,True,True,True,True,True,True,True,
SWANCORP-2026-01-05,SWANCORP,2025-12-29 00:00:00,2026-01-05 00:00:00,4,476.8500061035156,15.053852044376624,14.132070211304525,460.5,1.0861011557253335,472.3999938964844,470.8999938964844,464.07750244140624,460.79199951171876,448.33116729736327,373145248.77578735,66.59959758551308,62.776659959758554,70.22132796780684,66.15694164989941,0.9920159680638723,2.0065584249552546,True,True,True,True,True,True,True,True,True,False,True,True,True,True,False,RS_FAIL
SWIGGY-2025-09-16,SWIGGY,2025-09-08 00:00:00,2025-09-16 00:00:00,6,443.1499938964844,15.696601554431629,14.578694293511848,415.54998779296875,1.7583427857174154,437.20001220703125,427.8999938964844,426.925,408.45000061035154,401.5030001831055,5369809176.152405,80.28169014084507,91.54929577464789,63.581488933601605,79.77867203219316,0.9920159680638723,0.9931539546177922,True,True,True,True,True,True,True,True,True,True,True,True,True,True,True,
SWSOLAR-2024-05-03,SWSOLAR,2024-04-26 00:00:00,2024-05-03 00:00:00,4,682.5499877929688,32.42473798020486,30.754167496801415,646.0,1.1272253862246269,680.8499755859375,668.9000244140625,581.6650009155273,563.5890032958985,430.96424987792966,845973954.837326,96.72131147540983,65.98360655737704,98.36065573770492,84.91803278688525,0.9740518962075848,1.1940933377497456,True,True,True,True,True,True,True,True,True,True,True,True,True,True,True,
SWSOLAR-2024-05-14,SWSOLAR,2024-05-08 00:00:00,2024-05-14 00:00:00,4,740.5999755859375,33.81089706527454,35.81508656530943,670.6500244140625,2.068858186070344,723.3499755859375,708.4500122070312,650.022492980957,580.6539996337891,445.35124938964844,1534508274.8467712,99.79508196721312,83.60655737704919,99.38524590163934,93.19672131147541,0.9740518962075848,0.490475498362997,True,True,True,True,True,True,True,True,True,True,True,True,True,True,True,
SYRMA-2023-12-29,SYRMA,2023-12-19 00:00:00,2023-12-29 00:00:00,7,672.4671630859375,22.908626478317647,21.780647037939307,641.8643443661538,1.3358644067442633,666.704345703125,660.6433863692815,635.7959747314453,592.3881555175781,462.4456301879883,575333991.154541,93.87755102040816,72.44897959183673,83.06122448979592,82.06122448979592,0.9780439121756487,0.48922609676925005,True,True,True,True,True,True,True,True,True,True,True,True,True,True,True,
SYRMA-2024-12-10,SYRMA,2024-12-03 00:00:00,2024-12-10 00:00:00,5,582.2255859375,26.17455137257333,25.04311406106321,539.4486132840684,1.6342963073000323,576.9906616210938,557.7459875940041,555.4401428222657,488.3495849609375,471.96756866455075,520951722.15478516,48.178137651821864,97.57085020242914,76.72064777327935,76.49797570850203,0.988,2.6414743234693363,True,True,True,True,True,True,True,True,True,True,True,True,True,True,True,
SYRMA-2025-09-19,SYRMA,2025-09-08 00:00:00,2025-09-19 00:00:00,9,857.8329467773438,34.75770894043221,33.26982928604091,788.6320627210205,1.990950674422178,826.704345703125,815.654300202611,796.5682769775391,745.6512573242187,573.1072406005859,954007070.282135,96.37826961770624,99.79879275653923,98.79275653923541,98.4708249496982,0.9920159680638723,1.336279152407512,True,True,True,True,True,True,True,True,True,True,True,True,True,True,True,
SYRMA-2026-07-01,SYRMA,2026-06-25 00:00:00,2026-07-01 00:00:00,3,1439.0279541015625,52.97167649914728,52.59969628874789,1349.6194846443707,1.6878542528030254,1420.1473388671875,1412.2552903181042,1319.40537109375,1151.0226196289063,884.6726272583007,1483961797.9691162,97.8,98.6,99.4,98.6,1.0,1.0039488455837768,True,True,True,True,True,True,True,True,True,True,True,True,True,True,True,
SYRMA-2026-08-24,SYRMA,2026-08-10 00:00:00,2026-08-24 00:00:00,10,1514.8504638671875,56.96968216472713,54.092686174852744,1415.699951171875,1.7404083878969172,1459.9000244140625,1449.0,1432.7147644042968,1399.5265356445314,998.826325378418,1542528520.8290405,87.8,97.39999999999999,97.8,94.63999999999999,1.0,0.6828719098818086,True,True,True,True,True,True,True,True,True,True,True,True,True,True,True,
TANLA-2025-09-17,TANLA,2025-09-11 00:00:00,2025-09-17 00:00:00,4,689.5198364257812,20.286244245846415,19.71477229352694,670.7676840107642,0.924377730434577,685.2601928710938,684.8685176252447,640.8377349853515,631.7407641601562,577.7234857177734,263108175.70440674,91.54929577464789,63.581488933601605,94.96981891348088,81.38832997987927,0.9920159680638723,2.3083785354513755,True,True,True,True,True,True,True,True,True,True,True,True,True,True,True,
TANLA-2025-09-24,TANLA,2025-09-19 00:00:00,2025-09-24 00:00:00,3,738.040283203125,22.881794023945314,23.25128138261837,709.1532691801092,1.2624453306758272,733.340087890625,729.9127381234615,667.0882568359375,641.45857421875,578.6345724487305,433347359.9527588,98.39357429718876,86.74698795180723,95.18072289156626,92.7710843373494,0.9940119760479041,1.724844309876927,True,True,True,True,True,True,True,True,True,True,True,True,True,True,True,
TARIL-2025-04-08,TARIL,2025-03-28 00:00:00,2025-04-08 00:00:00,6,535.9777221679688,30.689203144018446,29.160672305225916,470.7547607421875,2.1252738665029067,493.7951965332031,470.7547607421875,462.5156539916992,433.8215576171875,428.6007238769531,474777398.8213043,97.9381443298969,35.051546391752574,99.58762886597938,73.27835051546391,0.9680638722554891,2.329692437987542,True,True,True,True,True,True,True,True,True,True,True,True,True,True,True,
TATACOMM-2023-09-14,TATACOMM,2023-09-11 00:00:00,2023-09-14 00:00:00,3,1870.1671142578125,46.18137350471095,50.77000595385654,1777.952884030256,1.9967840544662403,1862.184326171875,1856.3300847342002,1775.4323608398438,1671.3425952148436,1352.8563696289064,1679531359.6970215,78.32310838445807,66.87116564417178,89.36605316973414,77.05521472392637,0.9760479041916168,0.913579994594183,True,True,True,True,True,True,True,True,True,True,True,True,True,True,True,
TATACOMM-2025-10-27,TATACOMM,2025-10-16 00:00:00,2025-10-27 00:00:00,6,1953.5360107421875,68.6838994345397,66.05518432229071,1826.4912250384941,1.8497025758529548,1923.806396484375,1891.2028346956092,1767.8345947265625,1669.6058251953125,1609.2659576416015,661308513.555542,98.17444219066938,86.61257606490872,77.89046653144015,87.46450304259636,0.9801192842942346,1.4863072239555402,True,True,True,True,True,True,True,True,True,True,True,True,True,True,True,
TATACONSUM-2024-01-11,TATACONSUM,2024-01-04 00:00:00,2024-01-11 00:00:00,5,1100.3089599609375,21.931791679026297,20.691989346309757,1070.1018317324445,1.3773215007044126,1094.150146484375,1092.6347757906435,1021.1937408447266,954.0089685058593,840.3776296997071,1649300606.7681885,88.57142857142857,73.06122448979592,63.469387755102034,74.83673469387756,0.9780439121756487,0.6546777144996769,True,True,True,True,True,True,True,True,True,True,True,True,True,True,True,
TATACONSUM-2025-10-10,TATACONSUM,2025-10-01 00:00:00,2025-10-10 00:00:00,6,1135.1944580078125,22.098286609450547,21.20416330711433,1099.0998679505446,1.6333660023140277,1117.0479736328125,1114.965586798309,1115.7786560058594,1085.6218334960938,1046.16178314209,1225371173.083191,67.54563894523326,70.38539553752535,32.048681541582155,58.03245436105476,0.9840319361277445,0.8997148632891752,True,True,True,True,True,True,True,True,True,False,True,True,True,True,False,RS_FAIL
TATAELXSI-2023-11-21,TATAELXSI,2023-11-16 00:00:00,2023-11-21 00:00:00,3,8137.83837890625,178.68124967616149,181.5930569655379,7948.1766959591005,1.0614526330596454,8103.30126953125,8080.839086558142,7595.857666015625,7279.593955078125,6799.067653808594,822420385.8798828,82.0408163265306,77.9591836734694,47.3469387755102,70.0,0.9780439121756487,1.2588992237219385,True,True,True,True,True,True,True,True,True,True,True,True,True,True,True,
TATAINVEST-2024-01-18,TATAINVEST,2024-01-11 00:00:00,2024-01-18 00:00:00,5,442.14666748046875,12.78766927080277,13.626672952188883,418.38315597360844,1.8583145218744395,432.5544738769531,430.75835739152154,423.0840591430664,404.3239984130859,283.76353271484373,346401220.74279785,50.40816326530613,84.08163265306122,92.85714285714286,76.61224489795919,0.9780439121756487,1.3209110363803118,True,True,True,True,True,True,True,True,True,True,True,True,True,True,True,
TATAPOWER-2024-04-26,TATAPOWER,2024-04-12 00:00:00,2024-04-26 00:00:00,9,429.72808837890625,11.974881091626601,10.84286788781346,410.30453138559693,1.6220250409744095,429.67889404296875,425.94172301794185,414.4621383666992,391.96373596191404,302.8208539581299,6183577466.233459,67.82786885245902,81.9672131147541,88.31967213114754,79.63114754098362,0.9740518962075848,0.9887916276098203,True,True,True,True,True,True,True,True,True,True,True,True,True,True,True,
TATASTEEL-2024-04-24,TATASTEEL,2024-04-09 00:00:00,2024-04-24 00:00:00,9,155.8002166748047,4.296876486864842,4.1804970397673165,147.63477769968722,1.9003196857248439,155.37786865234375,153.45382589886722,151.2153678894043,142.39013061523437,124.20209865570068,9146714691.934471,66.18852459016394,82.99180327868852,62.5,71.80327868852459,0.9740518962075848,0.9984720914637983,True,True,True,True,True,True,True,True,True,True,True,True,True,True,True,
TATASTEEL-2025-06-06,TATASTEEL,2025-05-29 00:00:00,2025-06-06 00:00:00,6,156.18173217773438,3.501245952665209,3.295318441324056,150.14012057007034,1.7255604688568247,154.30775451660156,152.3231499097348,152.07817001342772,143.10070480346678,140.25632301330566,4439525064.841751,56.18661257606491,39.75659229208925,78.70182555780933,56.369168356997974,0.9801192842942346,0.891605949171675,True,True,True,True,True,True,True,True,True,False,True,True,True,True,False,RS_FAIL
TATASTEEL-2025-10-03,TATASTEEL,2025-09-23 00:00:00,2025-10-03 00:00:00,7,169.78848266601562,2.8317991321040985,3.2022341814808075,162.7731692107931,2.477334418140728,169.71011352539062,166.3102258708126,166.85792236328126,160.4534014892578,145.5878791809082,3092710582.796585,69.3711967545639,72.41379310344827,63.48884381338742,68.8235294117647,0.9840319361277445,2.9269003356009202,True,True,True,True,True,True,True,True,True,False,True,True,True,True,False,RS_FAIL
TATASTEEL-2025-10-16,TATASTEEL,2025-10-09 00:00:00,2025-10-16 00:00:00,5,172.85523986816406,3.3876286284563797,3.5332844220026236,165.83011656494588,2.0737583937644533,170.48414611816406,170.48413994081272,168.2105270385742,162.67890533447266,147.06003761291504,3359102055.0468826,68.15415821501014,86.61257606490872,81.94726166328601,79.67545638945234,0.9801192842942346,0.6053208422402037,True,True,True,True,True,True,True,True,True,True,True,True,True,True,True,
TATASTEEL-2026-01-22,TATASTEEL,2026-01-14 00:00:00,2026-01-22 00:00:00,5,185.42599487304688,4.044430231375291,4.05761276321235,177.22512093082943,2.027695737856447,185.27903747558594,181.95752714211503,179.01667556762695,170.94875854492187,159.99430599212647,4714361892.639038,97.1830985915493,88.12877263581488,89.738430583501,91.32796780684104,0.9920159680638723,1.377384315304539,True,True,True,True,True,True,True,True,True,True,True,True,True,True,True,
TATASTEEL-2026-05-06,TATASTEEL,2026-04-29 00:00:00,2026-05-06 00:00:00,4,211.51791381835938,5.085055697939757,4.5723862795192565,205.21782411567264,1.2389421231392324,211.11619567871094,208.04942781622478,206.6189392089844,199.1597686767578,177.44126419067382,5169978071.010086,39.46830265848671,65.439672801636,81.39059304703477,62.43353783231083,0.9702380952380952,0.9473685349264157,True,True,True,True,True,True,True,True,True,False,True,True,True,True,False,RS_FAIL
TBOTEK-2025-09-15,TBOTEK,2025-09-09 00:00:00,2025-09-15 00:00:00,4,1642.5999755859375,75.05290329744707,69.05356909010047,1542.699951171875,1.3310614250076667,1590.0999755859375,1580.0,1484.0299987792969,1428.2260009765625,1407.322251586914,256652545.1543579,85.3118712273642,92.75653923541248,63.38028169014085,81.7102615694165,0.9920159680638723,1.039720993806332,True,True,True,True,True,True,True,True,True,True,True,True,True,True,True,
TBOTEK-2026-08-11,TBOTEK,2026-08-05 00:00:00,2026-08-11 00:00:00,4,1667.5,61.38352635644005,58.60512333071453,1591.9000244140625,1.231600399542799,1639.699951171875,1623.5999755859375,1527.8249816894531,1457.65599609375,1419.3550024414062,189693792.4883423,84.0,96.2,58.4,81.2,1.0,1.0204041408151372,True,True,True,True,True,True,True,True,True,True,True,True,True,True,True,
TCS-2024-12-03,TCS,2024-11-26 00:00:00,2024-12-03 00:00:00,5,4053.78759765625,85.54345836260497,80.85532239906813,3907.523090835983,1.7098269069304535,4007.26806640625,3993.7173066183545,3890.032434082031,3879.7309130859376,3800.9342138671873,8041331261.071777,83.80566801619433,50.80971659919028,66.80161943319838,65.50607287449392,0.988,0.998381463286275,True,True,True,True,True,True,True,True,True,False,True,True,True,True,False,RS_FAIL
TCS-2024-12-12,TCS,2024-12-05 00:00:00,2024-12-12 00:00:00,5,4157.49072265625,84.71862736196915,75.12274941630429,4104.358962055129,0.6271555885119544,4149.015625,4143.148648906342,3995.3608154296876,3900.86890625,3812.7420751953123,8205874913.075684,64.5748987854251,59.311740890688256,69.4331983805668,63.92712550607287,0.988,0.9389886549942204,True,True,True,True,True,True,True,True,True,False,True,True,True,True,False,RS_FAIL
TECHM-2024-09-12,TECHM,2024-08-29 00:00:00,2024-09-12 00:00:00,10,1546.582763671875,35.10882091958415,34.7250809504835,1478.4239329823758,1.941359148620092,1542.733642578125,1527.4776844633952,1522.3164367675781,1448.2797119140625,1252.3258862304688,2617269680.8894043,70.99391480730223,77.68762677484787,67.74847870182555,72.69776876267748,0.9820717131474104,1.381057233867352,True,True,True,True,True,True,True,True,True,True,True,True,True,True,True,
TECHM-2024-09-24,TECHM,2024-09-13 00:00:00,2024-09-24 00:00:00,7,1554.750732421875,33.71331921476322,36.24993464448008,1485.6059017418575,2.0509647904896506,1536.9598388671875,1531.2328863637554,1528.70283203125,1475.974404296875,1268.8226647949218,2711937225.7802124,39.148073022312374,72.21095334685599,58.82352941176471,58.27586206896552,0.986,1.0120456336388355,True,True,True,True,True,True,True,True,True,False,True,True,True,True,False,RS_FAIL
TECHM-2024-12-02,TECHM,2024-11-27 00:00:00,2024-12-02 00:00:00,3,1664.15283203125,39.546121953914465,39.46857642381798,1610.821754963691,1.3485791888698695,1653.8748779296875,1638.7660312185742,1604.2572265625,1572.7779467773437,1359.41796875,2732162465.704712,70.64777327935222,83.40080971659918,89.27125506072875,81.33603238866397,0.988,0.8051423155867998,True,True,True,True,True,True,True,True,True,True,True,True,True,True,True,
TECHNOE-2025-09-02,TECHNOE,2025-08-25 00:00:00,2025-09-02 00:00:00,5,1549.8128662109375,56.01577819048673,53.03948051720529,1481.336474764305,1.2224482754443287,1520.3948974609375,1520.2954032054945,1456.6889343261719,1497.8443188476563,1299.2741763305664,207340833.40625,80.6841046277666,68.41046277665997,96.37826961770624,80.48289738430584,0.9920159680638723,0.9177084052766075,True,True,True,True,True,True,True,True,True,True,True,True,True,True,True,
TEJASNET-2024-06-03,TEJASNET,2024-05-17 00:00:00,2024-06-03 00:00:00,10,1200.135986328125,58.92946028298646,58.89338235309175,1091.3771242565422,1.8455770941954923,1165.0621337890625,1149.7672182813803,1149.004864501953,961.0704089355469,855.216159362793,669228800.7367554,68.77551020408164,97.14285714285714,70.0,80.48979591836735,0.9780439121756487,0.9747059501063728,True,True,True,True,True,True,True,True,True,True,True,True,True,True,True,
TEJASNET-2024-07-12,TEJASNET,2024-07-03 00:00:00,2024-07-12 00:00:00,7,1447.048583984375,64.61126314741963,64.95155061545076,1286.1768210964203,2.489840858255677,1407.34130859375,1383.6763289575356,1404.8053955078126,1265.0158666992188,926.6209921264649,839339270.7515259,48.073022312373226,98.17444219066938,90.06085192697769,80.70993914807303,0.9801192842942346,1.1452206940928746,True,True,True,True,True,True,True,True,True,True,True,True,True,True,True,
THELEELA-2026-07-09,THELEELA,2026-07-06 00:00:00,2026-07-09 00:00:00,3,502.20001220703125,16.681991890150254,18.04263266775733,473.70001220703125,1.7084290765557555,500.6000061035156,499.6000061035156,477.4075012207031,440.1030017089844,429.7457499694824,170731272.59143066,95.0,74.4,76.6,81.24000000000001,1.0,0.9955806668857383,True,True,True,True,True,True,True,True,True,True,True,True,True,True,True,
THERMAX-2024-03-04,THERMAX,2024-02-23 00:00:00,2024-03-04 00:00:00,6,3701.254150390625,123.48781296978908,123.85471017120925,3482.782317666616,1.7691772772545367,3659.143310546875,3612.3310303909575,3461.5287231445313,3236.73681640625,2768.063375244141,363330238.38952637,96.74134419551935,87.78004073319755,63.543788187372705,83.19755600814663,0.9800399201596807,0.4346568831215774,True,True,True,True,True,True,True,True,True,True,True,True,True,True,True,
THERMAX-2026-04-27,THERMAX,2026-04-20 00:00:00,2026-04-27 00:00:00,5,4168.1767578125,157.47223905209108,155.2654386682856,3972.4757228646104,1.2427653034332777,4139.39404296875,4078.841357373126,3690.8012451171876,3334.997373046875,3213.5618188476565,867351019.6292725,94.47852760736197,95.29652351738241,93.86503067484662,94.62167689161555,0.978,0.9926939919100456,True,True,True,True,True,True,True,True,True,True,True,True,True,True,True,
THERMAX-2026-05-21,THERMAX,2026-05-08 00:00:00,2026-05-21 00:00:00,9,4658.47412109375,174.69473287375564,179.32395972927083,4312.387650026957,1.9810927632082342,4556.39111328125,4438.273418579336,4283.809265136719,3790.9392333984374,3274.994920654297,881750952.8024902,90.1010101010101,99.19191919191918,97.97979797979798,96.10101010101009,0.9821428571428571,1.9971731176026493,True,True,True,True,True,True,True,True,True,True,True,True,True,True,True,
THERMAX-2026-06-12,THERMAX,2026-06-01 00:00:00,2026-06-12 00:00:00,9,4972.4912109375,187.54659977996036,184.44842080900463,4514.860619588117,2.440090046347414,4707.0751953125,4682.476351555381,4639.934765625,4268.692021484375,3374.239588623047,1003246018.3151855,65.86345381526104,96.18473895582329,97.79116465863453,87.570281124498,0.9880952380952381,1.0956390223944579,True,True,True,True,True,True,True,True,True,True,True,True,True,True,True,
TIMKEN-2026-06-05,TIMKEN,2026-05-22 00:00:00,2026-06-05 00:00:00,9,3747.17333984375,120.68124770912466,104.2775010555657,3475.7927159432393,2.248738963609437,3640.659423828125,3596.095319709503,3589.8055053710937,3499.2696484375,3178.34435546875,156616546.42822266,83.13253012048193,67.46987951807229,78.5140562248996,75.48192771084338,0.9880952380952381,1.4076645978907165,True,True,True,True,True,True,True,True,True,True,True,True,True,True,True,
TITAGARH-2024-05-15,TITAGARH,2024-05-08 00:00:00,2024-05-15 00:00:00,5,1112.419677734375,44.059997271204466,48.163668897178574,1048.2809016437823,1.4557144816827032,1110.622802734375,1101.0892773345715,1044.9592254638671,963.7965625,892.9501708984375,1237716273.6385498,95.0920245398773,71.77914110429448,71.37014314928425,78.65030674846625,0.9760479041916168,1.1677295043542657,True,True,True,True,True,True,True,True,True,True,True,True,True,True,True,
TITAGARH-2024-07-05,TITAGARH,2024-06-28 00:00:00,2024-07-05 00:00:00,5,1856.6282958984375,102.68869703287578,90.33015003796136,1756.951239503784,0.9706721311571592,1825.78173828125,1795.684109217326,1597.4355529785157,1339.4367443847657,1025.1702444458008,4432664238.215149,99.39148073022312,98.37728194726166,91.88640973630832,96.7342799188641,0.9820717131474104,0.7175834745492875,True,True,True,True,True,True,True,True,True,True,True,True,True,True,True,
TITAN-2025-11-10,TITAN,2025-11-04 00:00:00,2025-11-10 00:00:00,3,3801.027587890625,66.63996343806893,64.98300814382347,3723.7812723358097,1.1591590326516796,3790.56201171875,3779.598122242342,3688.2776489257812,3584.7952392578127,3419.1879931640624,3228086602.480957,78.34008097165992,77.7327935222672,46.963562753036435,68.68421052631578,0.9821073558648111,0.6824436378205675,True,True,True,True,True,True,True,True,True,False,True,True,True,True,False,RS_FAIL
TITAN-2026-02-17,TITAN,2026-02-12 00:00:00,2026-02-17 00:00:00,3,4261.8154296875,97.0053622029428,95.32493351021813,4115.296054572897,1.5104255248083354,4222.54443359375,4182.276463340135,4093.433215332031,4045.096826171875,3687.925924072266,3929605929.703369,56.42570281124498,85.94377510040161,86.34538152610442,77.20883534136546,0.9940119760479041,0.4845243837000754,True,True,True,True,True,True,True,True,True,True,True,True,True,True,True,
TITAN-2026-08-06,TITAN,2026-08-03 00:00:00,2026-08-06 00:00:00,3,5000.0,80.51777391181909,85.11173614131432,4862.0,1.7139072939489597,4998.0,4920.60009765625,4751.575024414063,4471.553022460937,4173.592081298828,3043293150.5112305,76.0,86.2,75.8,80.02,1.0,1.94542140139318,True,True,True,True,True,True,True,True,True,True,True,True,True,True,True,
TITAN-2026-08-25,TITAN,2026-08-11 00:00:00,2026-08-25 00:00:00,10,5128.0,96.24920455913995,79.93703016866202,4992.0,1.412998690461232,5124.7998046875,5093.39990234375,5017.085034179688,4714.944501953125,4260.30558227539,3042904515.798828,80.2,88.4,74.2,81.68,1.0,0.5781322393380797,True,True,True,True,True,True,True,True,True,True,True,True,True,True,True,
TMPV-2024-02-15,TMPV,2024-02-06 00:00:00,2024-02-15 00:00:00,7,918.1923217773438,23.707429484376206,21.804691084789404,873.6778225478088,1.8776603030232002,899.624267578125,899.037992642887,855.5714752197266,785.386513671875,638.6440733337403,7810100388.946716,84.89795918367346,83.87755102040816,76.73469387755102,82.0408163265306,0.9780439121756487,0.6580192734763336,True,True,True,True,True,True,True,True,True,True,True,True,True,True,True,
TORNTPHARM-2025-01-02,TORNTPHARM,2024-12-19 00:00:00,2025-01-02 00:00:00,8,3405.597900390625,75.61704621287217,75.8512321840168,3282.69191140738,1.625374107277984,3378.50390625,3334.475580677327,3322.5454833984377,3228.336982421875,3009.4277612304686,833912511.7841797,72.2672064777328,74.49392712550608,81.78137651821862,76.01214574898786,0.988,0.6354489950960911,True,True,True,True,True,True,True,True,True,True,True,True,True,True,True,
TORNTPHARM-2025-12-30,TORNTPHARM,2025-12-24 00:00:00,2025-12-30 00:00:00,3,3800.63525390625,57.90738784175803,60.607720964863965,3712.2185319737905,1.5268642780792239,3788.54248046875,3782.991467981037,3752.7791137695312,3691.610908203125,3437.9274768066407,617525174.8017578,77.30923694779116,73.69477911646585,82.53012048192771,77.429718875502,0.9940119760479041,2.238229032092921,True,True,True,True,True,True,True,True,True,True,True,True,True,True,True,
TORNTPHARM-2026-06-23,TORNTPHARM,2026-06-11 00:00:00,2026-06-23 00:00:00,8,4572.2001953125,121.97195828026409,109.13763455725629,4377.0,1.600369446098208,4514.10009765625,4477.39990234375,4450.814965820313,4356.630185546875,3979.350931396484,1913801460.0483398,32.46492985971944,35.671342685370746,77.55511022044088,47.274549098196395,0.9960079840319361,1.1117883104805362,True,True,True,True,True,True,True,True,True,False,True,True,True,True,False,RS_FAIL
TORNTPOWER-2023-10-20,TORNTPOWER,2023-10-11 00:00:00,2023-10-20 00:00:00,7,718.3013305664062,18.05753062065701,17.10956243746131,683.451872239701,1.929912736065865,706.0128173828125,702.700644856005,702.3454620361329,673.3657287597656,559.3367391967773,221965027.03033447,68.36734693877551,77.75510204081633,67.55102040816327,71.87755102040816,0.9780439121756487,0.3746875394520894,True,True,True,True,True,True,True,True,True,True,True,True,True,True,True,
TORNTPOWER-2023-11-24,TORNTPOWER,2023-11-17 00:00:00,2023-11-24 00:00:00,5,800.6727294921875,26.6904094436683,27.102160082755695,752.8627578739324,1.7912790629593327,783.3920288085938,773.6956203857612,744.5800018310547,717.2318395996094,594.2447079467773,273822003.74798584,81.42857142857143,84.08163265306122,78.57142857142857,81.63265306122449,0.9780439121756487,2.5031683364688533,True,True,True,True,True,True,True,True,True,True,True,True,True,True,True,
TORNTPOWER-2024-02-27,TORNTPOWER,2024-02-15 00:00:00,2024-02-27 00:00:00,7,1160.1593017578125,55.2893872384309,52.25308851583581,1068.9620553540692,1.649453013658168,1116.2333984375,1116.0878977361156,1094.0695495605469,996.3158959960938,748.8868551635742,986159857.1948242,89.20570264765783,85.74338085539715,90.83503054989816,88.30957230142565,0.9800399201596807,1.333576898523409,True,True,True,True,True,True,True,True,True,True,True,True,True,True,True,
TORNTPOWER-2024-03-15,TORNTPOWER,2024-03-12 00:00:00,2024-03-15 00:00:00,3,1162.3411865234375,58.920568437247724,59.88530501593499,1070.6105790131073,1.5568520457847617,1120.8876953125,1116.815289959555,1107.5403076171874,1050.7669970703125,784.5804840087891,1246164215.6657715,81.83673469387756,89.79591836734694,93.46938775510203,88.51020408163265,0.9780439121756487,0.6437074405752469,True,True,True,True,True,True,True,True,True,True,True,True,True,True,True,
TRENT-2023-08-29,TRENT,2023-08-24 00:00:00,2023-08-29 00:00:00,3,2063.861083984375,48.726617960679796,49.36036503675185,1985.4582914095129,1.609034155379503,2044.16064453125,2021.9666031684778,1885.8262084960938,1782.4276635742187,1478.6026550292968,1353435960.1152344,92.02453987730061,83.640081799591,85.88957055214725,86.83026584867076,0.9741035856573705,0.5021394876188674,True,True,True,True,True,True,True,True,True,True,True,True,True,True,True,
TRENT-2024-01-19,TRENT,2024-01-12 00:00:00,2024-01-19 00:00:00,5,3204.09423828125,67.55596297406586,69.80943627727467,3082.2508057589534,1.803592564716621,3201.99951171875,3177.012561923064,3082.5923706054687,2880.695458984375,2045.0200842285155,1316157963.1826172,63.26530612244898,94.6938775510204,92.24489795918367,84.53061224489797,0.9780439121756487,0.9338719164736591,True,True,True,True,True,True,True,True,True,True,True,True,True,True,True,
TRENT-2024-02-27,TRENT,2024-02-20 00:00:00,2024-02-27 00:00:00,5,4015.8037109375,135.1496573305994,132.3744524013592,3814.409817137749,1.4901546757688526,3927.625244140625,3904.1341834560185,3677.16494140625,3318.0827587890626,2320.4340356445314,2896987390.8997803,95.11201629327903,91.44602851323829,93.48268839103869,93.15682281059063,0.9800399201596807,0.9824001149231337,True,True,True,True,True,True,True,True,True,True,True,True,True,True,True,
TRENT-2024-05-14,TRENT,2024-05-02 00:00:00,2024-05-14 00:00:00,8,4635.046875,172.27257931004078,151.58691638797163,4347.070398569653,1.671632697343394,4528.96337890625,4510.309876818237,4322.704479980469,4093.8902685546873,2926.8015234375,3155615094.289551,92.21311475409836,92.00819672131148,96.31147540983606,93.36065573770492,0.9740518962075848,0.7861833416694297,True,True,True,True,True,True,True,True,True,True,True,True,True,True,True,
TRITURBINE-2024-04-04,TRITURBINE,2024-04-01 00:00:00,2024-04-04 00:00:00,3,563.9171752929688,27.644814406675927,25.604529735540602,539.6478664328835,0.8778973337663106,555.0875854492188,551.1906207743151,497.6426467895508,454.5198260498047,408.5292039489746,646599071.2549438,95.48254620123203,89.93839835728953,56.87885010266941,81.68377823408625,0.9720558882235529,0.9182194187922433,True,True,True,True,True,True,True,True,True,True,True,True,True,True,True,
TRITURBINE-2024-08-27,TRITURBINE,2024-08-16 00:00:00,2024-08-27 00:00:00,7,799.1129150390625,42.16810643567232,37.826219269599164,708.3494548407662,2.1524196334676895,739.8700561523438,729.757799989636,692.7741851806641,639.6928540039063,509.20878234863284,803502746.0101318,95.94320486815415,84.17849898580123,94.11764705882352,90.6896551724138,0.9801192842942346,2.166891477210407,True,True,True,True,True,True,True,True,True,True,True,True,True,True,True,
TRITURBINE-2024-12-06,TRITURBINE,2024-11-27 00:00:00,2024-12-06 00:00:00,7,825.0452880859375,44.395854336937255,37.41467283723694,723.4031666510198,2.2894507370782073,746.874267578125,735.7563628028473,705.9308441162109,709.1614514160157,619.8888282775879,1279951541.0559692,91.49797570850203,63.96761133603239,81.78137651821862,77.57085020242916,0.988,0.7040640206427835,True,True,True,True,True,True,True,True,True,True,True,True,True,True,True,
TRIVENI-2023-09-28,TRIVENI,2023-09-25 00:00:00,2023-09-28 00:00:00,3,379.6268005371094,15.741383583234484,15.318413335770895,364.48266445677035,0.9620587669605126,376.9485778808594,375.92603189892515,350.46822662353514,313.90915649414063,279.91845680236815,566564302.1408386,97.54601226993866,91.00204498977506,73.61963190184049,87.75051124744377,0.9760479041916168,1.1136823864997911,True,True,True,True,True,True,True,True,True,True,True,True,True,True,True,
TRIVENI-2024-09-13,TRIVENI,2024-08-30 00:00:00,2024-09-13 00:00:00,10,470.31512451171875,20.108843128266138,18.25085189691648,443.83307662034395,1.3169354259942545,468.6455993652344,467.40947736924954,454.51055908203125,420.0380419921875,360.87874206542966,308517662.15411377,87.4239350912779,78.90466531440163,79.3103448275862,81.58215010141988,0.9820717131474104,0.8273851176288449,True,True,True,True,True,True,True,True,True,True,True,True,True,True,True,
TRIVENI-2024-12-18,TRIVENI,2024-12-11 00:00:00,2024-12-18 00:00:00,5,472.6507263183594,18.869059790746956,18.269231331205138,445.0106174065882,1.464837634640671,466.51947021484375,458.65760073857916,420.4707534790039,411.7505212402344,389.33151580810545,170735808.69787598,98.38056680161942,50.40485829959515,81.37651821862349,74.08906882591093,0.988,2.4822294120940787,True,True,True,True,True,True,True,True,True,True,True,True,True,True,True,
TTML-2023-09-06,TTML,2023-09-01 00:00:00,2023-09-06 00:00:00,3,91.5999984741211,3.7135205169534635,3.6878656074598415,87.55000305175781,1.0906080642004528,91.0999984741211,90.8499984741211,83.39499969482422,79.44499969482422,75.31750017166138,569591264.3564911,84.86707566462167,85.88957055214725,79.14110429447852,83.55828220858896,0.9741035856573705,1.3687646374161444,True,True,True,True,True,True,True,True,True,True,True,True,True,True,True,
TVSMOTOR-2023-09-25,TVSMOTOR,2023-09-18 00:00:00,2023-09-25 00:00:00,4,1508.3916015625,28.660171178257105,27.192408911952622,1466.034531627242,1.4779070812875004,1498.111328125,1481.2573540603678,1447.9995910644532,1380.3006420898437,1190.2204461669921,1350258087.8156738,85.48057259713701,63.80368098159509,73.21063394683026,73.12883435582822,0.9760479041916168,1.339269515500712,True,True,True,True,True,True,True,True,True,True,True,True,True,True,True,
TVSMOTOR-2023-10-09,TVSMOTOR,2023-09-26 00:00:00,2023-10-09 00:00:00,8,1513.3834228515625,27.25884464393162,27.944152628103897,1472.3115335348407,1.5067362484809221,1504.9813232421875,1499.149304112199,1485.8045288085937,1410.5030786132813,1211.9083102416992,1173373862.925354,77.3469387755102,69.59183673469389,69.79591836734694,71.9795918367347,0.9780439121756487,1.4231955672242869,True,True,True,True,True,True,True,True,True,True,True,True,True,True,True,
TVSMOTOR-2023-10-27,TVSMOTOR,2023-10-17 00:00:00,2023-10-27 00:00:00,7,1590.8814697265625,28.93280786733138,28.75524580401994,1530.6820634589137,2.0806624280535577,1573.5333251953125,1564.9333846529848,1542.390850830078,1469.72173828125,1246.5892901611328,1240350722.8449707,85.48057259713701,80.57259713701431,78.32310838445807,81.37014314928425,0.9760479041916168,0.9168226373012968,True,True,True,True,True,True,True,True,True,True,True,True,True,True,True,
TVSMOTOR-2023-11-22,TVSMOTOR,2023-11-17 00:00:00,2023-11-22 00:00:00,3,1727.4912109375,30.39099223274535,30.780158586909586,1686.3698686802475,1.3530766597658357,1719.28662109375,1718.2487849946629,1619.2017150878905,1555.7414306640626,1300.649122314453,1202832498.2525635,79.79591836734694,88.36734693877551,71.42857142857143,80.71428571428571,0.9780439121756487,2.6191394047867993,True,True,True,True,True,True,True,True,True,True,True,True,True,True,True,
TVSMOTOR-2024-01-19,TVSMOTOR,2024-01-11 00:00:00,2024-01-19 00:00:00,6,2063.331787109375,47.48367640794162,47.223088261243966,1957.2171901216443,2.234759500845707,2013.5611572265625,2002.7373654612138,1993.1141967773438,1889.3658837890625,1478.5484887695313,1842056811.4589844,43.26530612244898,76.32653061224491,80.0,67.51020408163266,0.9780439121756487,0.7980987787546104,True,True,True,True,True,True,True,True,True,False,True,True,True,True,False,RS_FAIL
TVSMOTOR-2024-08-07,TVSMOTOR,2024-08-01 00:00:00,2024-08-07 00:00:00,4,2564.564208984375,64.80853094502626,74.86732972929694,2408.558637528298,2.40717648095447,2554.987548828125,2510.7263318538585,2460.7367309570313,2396.134833984375,2059.7793090820314,2094496853.5281982,81.94726166328601,85.39553752535497,73.02231237322515,80.64908722109534,0.9801192842942346,2.668058071565302,True,True,True,True,True,True,True,True,True,True,True,True,True,True,True,
TVSMOTOR-2025-09-18,TVSMOTOR,2025-09-08 00:00:00,2025-09-18 00:00:00,8,3578.791015625,74.9987502107332,69.0403427625771,3443.463992056758,1.8043903823463343,3534.246826171875,3512.323599852653,3407.210791015625,3103.6757421875,2680.3335009765624,2689582993.7163086,87.92756539235413,94.16498993963782,92.35412474849095,91.75050301810865,0.9920159680638723,0.8179235068076746,True,True,True,True,True,True,True,True,True,True,True,True,True,True,True,
TVSMOTOR-2025-10-27,TVSMOTOR,2025-10-21 00:00:00,2025-10-27 00:00:00,3,3645.557861328125,65.38377052577889,67.54372988782093,3571.6162084200905,1.1308869512026916,3627.2216796875,3626.524141942,3520.2805786132812,3432.0858544921875,2813.042165527344,1778119989.5582275,78.09330628803245,97.97160243407707,85.19269776876268,88.17444219066937,0.9801192842942346,0.7096097168013513,True,True,True,True,True,True,True,True,True,True,True,True,True,True,True,
TVSMOTOR-2025-12-12,TVSMOTOR,2025-12-02 00:00:00,2025-12-12 00:00:00,8,3657.91455078125,69.67132160860811,65.44543452390658,3530.6592014369207,1.8265097662307939,3642.468505859375,3629.8128022476994,3549.6529052734377,3523.789306640625,3000.484880371094,1946208562.8795166,93.75,70.56451612903226,94.55645161290323,84.71774193548387,0.9880478087649402,0.5249045084293362,True,True,True,True,True,True,True,True,True,True,True,True,True,True,True,
TVSMOTOR-2026-08-17,TVSMOTOR,2026-08-10 00:00:00,2026-08-17 00:00:00,5,4466.2001953125,96.03428450579929,89.31544305215469,4297.10009765625,1.7608305047145785,4385.89990234375,4340.0,4212.6500244140625,3799.1380029296874,3645.2839477539064,5534443760.0,98.6,93.2,66.60000000000001,86.84,1.0,0.461773641884932,True,True,True,True,True,True,True,True,True,True,True,True,True,True,True,
UCOBANK-2023-09-04,UCOBANK,2023-08-23 00:00:00,2023-09-04 00:00:00,8,32.060813903808594,1.1456136400485786,1.1635043369032247,29.260320384936193,2.4445357675329777,31.771108627319336,30.41914572057612,29.58141174316406,28.156540298461913,26.51125102519989,518455879.7838602,87.11656441717791,64.82617586912065,49.079754601226995,66.78936605316973,0.9741035856573705,1.6315900380926451,True,True,True,True,True,True,True,True,True,False,True,True,True,True,False,RS_FAIL
UCOBANK-2023-10-03,UCOBANK,2023-09-18 00:00:00,2023-10-03 00:00:00,9,44.90445327758789,2.3140250305063534,2.3515835012833586,39.689740951873944,2.253524597602502,43.214500427246094,42.68337364046202,38.043246555328366,32.46157409667969,28.307187786102293,1906992531.1476727,99.18367346938776,96.53061224489797,91.83673469387756,95.91836734693878,0.9780439121756487,0.9834735375695766,True,True,True,True,True,True,True,True,True,True,True,True,True,True,True,
UJJIVANSFB-2023-10-19,UJJIVANSFB,2023-10-06 00:00:00,2023-10-19 00:00:00,9,58.11256408691406,2.3495341775588097,1.9743676046660301,54.196493842616604,1.6667432556211188,56.03366470336914,55.791931822185326,53.83147850036621,50.095739669799805,35.52753833770752,1292555685.0180893,96.53061224489797,90.0,96.93877551020408,94.04081632653062,0.9780439121756487,1.09730003822174,True,True,True,True,True,True,True,True,True,True,True,True,True,True,True,
ULTRACEMCO-2024-12-11,ULTRACEMCO,2024-12-05 00:00:00,2024-12-11 00:00:00,4,11620.4453125,276.12097011009126,253.24870379343412,11388.870755329013,0.838670663364164,11587.04296875,11498.0360364658,11031.46494140625,10964.21408203125,10496.40123046875,3504073460.8398438,69.63562753036437,67.61133603238866,59.91902834008097,65.91093117408907,0.988,1.6654153039136685,True,True,True,True,True,True,True,True,True,False,True,True,True,True,False,RS_FAIL
ULTRACEMCO-2026-02-23,ULTRACEMCO,2026-02-18 00:00:00,2026-02-23 00:00:00,3,12790.9169921875,209.23140736964348,226.48289169961836,12326.398318317455,2.2201192436152395,12716.4365234375,12581.197456714857,12576.885546875,12050.627265625,11840.513125,2210704570.8759766,61.44578313253012,86.34538152610442,63.25301204819277,71.94779116465864,0.9940119760479041,0.7665809959294514,True,True,True,True,True,True,True,True,True,True,True,True,True,True,True,
UNIONBANK-2023-08-28,UNIONBANK,2023-08-17 00:00:00,2023-08-28 00:00:00,7,86.49616241455078,2.5854078238212823,2.6848873207487864,81.46199555636784,1.9471461375646135,84.25367736816406,83.56719598762545,82.96766738891601,75.3599257659912,67.91443845748901,1203743841.1356697,56.23721881390593,87.32106339468302,73.00613496932516,73.70143149284254,0.9741035856573705,0.6780139574291233,True,True,True,True,True,True,True,True,True,True,True,True,True,True,True,
UNIONBANK-2023-11-29,UNIONBANK,2023-11-15 00:00:00,2023-11-29 00:00:00,9,103.06314849853516,3.590194617841095,3.258568495341852,96.56449739942627,1.810111091698071,100.95796203613281,100.59183989744486,97.72464485168457,94.86111862182617,74.76204299926758,1385454635.332859,68.9795918367347,81.22448979591836,86.93877551020408,79.26530612244898,0.9780439121756487,1.644015498180878,True,True,True,True,True,True,True,True,True,True,True,True,True,True,True,
UNIONBANK-2024-01-19,UNIONBANK,2024-01-16 00:00:00,2024-01-19 00:00:00,3,124.43547821044922,3.5650156882222426,3.8873694194764057,117.25036241499409,2.0154513819371482,124.38970184326172,122.51335657395934,114.39231758117675,108.08450485229493,83.92112962722778,1489254465.029026,84.48979591836735,81.83673469387756,88.57142857142857,84.65306122448979,0.9780439121756487,2.0214398446204362,True,True,True,True,True,True,True,True,True,True,True,True,True,True,True,
UNIONBANK-2025-11-17,UNIONBANK,2025-11-12 00:00:00,2025-11-17 00:00:00,3,151.80792236328125,4.001442690512874,3.9334492018826888,147.06786968215246,1.1845859225641548,149.6613006591797,149.33105666683488,143.8139434814453,136.73320022583007,126.78768337249755,1763480709.8677063,88.25910931174089,79.1497975708502,79.95951417004049,82.1255060728745,0.9840637450199203,0.7818645406162122,True,True,True,True,True,True,True,True,True,True,True,True,True,True,True,
UNIONBANK-2026-01-13,UNIONBANK,2026-01-07 00:00:00,2026-01-13 00:00:00,4,161.55999755859375,3.3740429097326197,3.6930823281394427,155.65435992520113,1.750314916374497,161.42401123046875,159.68534301885668,152.19256668090821,149.7930126953125,135.30201808929442,1491322250.8561707,93.7625754527163,93.96378269617706,90.14084507042254,92.75653923541249,0.9920159680638723,1.5590934858435983,True,True,True,True,True,True,True,True,True,True,True,True,True,True,True,
UNIONBANK-2026-08-25,UNIONBANK,2026-08-17 00:00:00,2026-08-25 00:00:00,6,188.89999389648438,4.73775638637439,4.4947528699222365,181.39999389648438,1.5830277853816457,186.97999572753906,184.6999969482422,181.3574996948242,173.53676483154297,166.91693031311036,1699243785.3675308,84.0,77.8,33.2,66.28,1.0,1.177064828695867,True,True,True,True,True,True,True,True,True,False,True,True,True,True,False,RS_FAIL
UNITDSPR-2024-08-21,UNITDSPR,2024-08-07 00:00:00,2024-08-21 00:00:00,9,1432.45556640625,36.72969693897965,30.996634166511967,1362.340657450532,1.9089433019880984,1401.95166015625,1382.170688281116,1389.7207763671875,1308.1454223632813,1146.7685806274415,1167599170.8292236,78.90466531440163,76.06490872210954,65.92292089249493,73.87423935091277,0.9801192842942346,0.727325701210196,True,True,True,True,True,True,True,True,True,True,True,True,True,True,True,
UNITDSPR-2024-10-01,UNITDSPR,2024-09-26 00:00:00,2024-10-01 00:00:00,3,1610.4842529296875,35.24215360891497,36.79428010022462,1541.3488205489157,1.961725527559221,1577.5322265625,1577.3364064739417,1523.2937255859374,1447.918916015625,1214.491135559082,1029885743.2092896,79.95910020449898,88.95705521472392,73.21063394683026,81.53374233128834,0.978,0.6955749375379588,True,True,True,True,True,True,True,True,True,True,True,True,True,True,True,
UNITDSPR-2024-12-12,UNITDSPR,2024-12-03 00:00:00,2024-12-12 00:00:00,7,1510.9427490234375,34.56679997780116,29.905898451349096,1461.2946891816325,1.436293202543742,1494.2955322265625,1490.623213129533,1472.6392456054687,1465.6473657226563,1311.6862811279298,809793440.4306641,50.80971659919028,60.32388663967612,69.63562753036437,60.26315789473684,0.988,0.986493801937699,True,True,True,True,True,True,True,True,True,False,True,True,True,True,False,RS_FAIL
UNITDSPR-2024-12-24,UNITDSPR,2024-12-18 00:00:00,2024-12-24 00:00:00,4,1546.83251953125,36.537151912117736,35.586051226417,1498.8489491153268,1.3132816299239014,1532.29052734375,1526.0232983910269,1501.15517578125,1467.9701538085938,1327.465844116211,798464453.908081,74.49392712550608,67.81376518218623,82.79352226720647,74.31174089068826,0.988,0.7316643311922205,True,True,True,True,True,True,True,True,True,True,True,True,True,True,True,
UNITDSPR-2026-08-14,UNITDSPR,2026-08-11 00:00:00,2026-08-14 00:00:00,3,1548.699951171875,29.59601322092229,29.43594814342054,1510.0999755859375,1.3042288938650035,1536.0,1532.699951171875,1494.3800048828125,1401.0443090820313,1358.6524786376954,904843720.1213379,89.0,80.4,62.4,77.58,1.0,0.9850397221732631,True,True,True,True,True,True,True,True,True,True,True,True,True,True,True,
UNOMINDA-2024-08-28,UNOMINDA,2024-08-19 00:00:00,2024-08-28 00:00:00,7,1168.59375,45.96943455186334,44.56150953796107,1073.8240043916621,2.0615817125489624,1123.050537109375,1115.932848254345,1069.152734375,1064.1927465820313,789.6333831787109,806513511.9264526,78.29614604462475,90.26369168356997,96.75456389452333,88.62068965517241,0.9801192842942346,0.9990091644415385,True,True,True,True,True,True,True,True,True,True,True,True,True,True,True,
UNOMINDA-2024-12-03,UNOMINDA,2024-11-21 00:00:00,2024-12-03 00:00:00,8,1074.8194580078125,46.44893027760484,46.47680644746532,1004.8871242962964,1.5055746880188903,1045.3533935546875,1045.2537549493998,1005.2255157470703,1010.2247998046874,910.8484729003907,682598447.1489868,78.13765182186235,30.16194331983806,73.48178137651821,57.55060728744939,0.988,1.283265178338258,True,True,True,True,True,True,True,True,True,False,True,True,True,True,False,RS_FAIL
UNOMINDA-2025-01-16,UNOMINDA,2025-01-10 00:00:00,2025-01-16 00:00:00,4,1092.6884765625,36.65854282203083,42.73299572403652,1021.3124325661985,1.9470507691158518,1092.091064453125,1079.9959887777784,1051.3634948730469,1036.6916381835938,975.5221371459961,537618184.7716675,95.95959595959596,92.92929292929293,78.58585858585857,89.53535353535352,0.9880239520958084,3.157859407192994,True,True,True,True,True,True,True,True,True,True,True,True,True,True,True,
UNOMINDA-2025-09-15,UNOMINDA,2025-09-01 00:00:00,2025-09-15 00:00:00,10,1311.6060791015625,34.206066167766586,31.185964756336777,1257.828870685629,1.57215413640898,1298.535888671875,1291.0530353102436,1273.0241760253907,1159.9941674804688,1022.2165225219727,1062226825.1304321,94.96981891348088,92.5553319919517,91.34808853118712,92.91750503018109,0.9920159680638723,0.6855629734050884,True,True,True,True,True,True,True,True,True,True,True,True,True,True,True,
UNOMINDA-2025-09-19,UNOMINDA,2025-09-16 00:00:00,2025-09-19 00:00:00,3,1318.0911865234375,30.968090568557688,29.086745494909387,1297.1390638192534,0.676571345520964,1316.6943359375,1315.5969310073833,1290.5491577148437,1177.02728515625,1027.7565826416017,919063629.2669678,79.87927565392354,91.75050301810866,80.48289738430584,84.80885311871228,0.9920159680638723,1.3699149131198594,True,True,True,True,True,True,True,True,True,True,True,True,True,True,True,
UNOMINDA-2025-11-26,UNOMINDA,2025-11-12 00:00:00,2025-11-26 00:00:00,10,1329.864501953125,38.79723447674769,34.54109917322604,1269.601977873375,1.5532685484545816,1317.093505859375,1288.059772377293,1276.5061950683594,1271.1623950195312,1082.2590798950196,915790305.8120728,92.71255060728745,61.1336032388664,91.29554655870446,79.65587044534414,0.9840637450199203,2.1961396687361945,True,True,True,True,True,True,True,True,True,True,True,True,True,True,True,
UPL-2025-04-02,UPL,2025-03-21 00:00:00,2025-04-02 00:00:00,7,646.6162719726562,17.5860557818693,18.49427592602053,609.7635370743009,2.0955656774584694,642.2980346679688,629.882888041017,622.5123168945313,608.4287646484376,563.4712174987793,998414252.2738037,23.711340206185564,99.38144329896907,90.9278350515464,74.14432989690721,0.97,1.2128255954700415,True,True,True,True,True,True,True,True,True,True,True,True,True,True,True,
UPL-2025-05-02,UPL,2025-04-24 00:00:00,2025-05-02 00:00:00,5,671.49560546875,18.888001039343603,19.661375352477883,644.35897084384,1.4367128934599567,667.226318359375,665.5579321405024,642.911376953125,630.8417211914062,571.474988861084,1350701922.2457886,60.69958847736625,95.67901234567901,97.11934156378601,85.61728395061728,0.9700598802395209,1.1000283303560119,True,True,True,True,True,True,True,True,True,True,True,True,True,True,True,
UPL-2025-12-19,UPL,2025-12-15 00:00:00,2025-12-19 00:00:00,4,758.3097534179688,16.027704016408045,15.424336883952403,729.4392015988522,1.8012905522563272,744.3449096679688,740.9279686456579,742.5572082519532,722.8836364746094,673.4018664550781,1234849114.5149841,66.59959758551308,82.49496981891348,84.50704225352112,78.32997987927565,0.9920159680638723,3.638217626651908,True,True,True,True,True,True,True,True,True,True,True,True,True,True,True,
USHAMART-2024-06-21,USHAMART,2024-06-13 00:00:00,2024-06-21 00:00:00,5,405.2204895019531,18.192860410644975,17.291135980370072,374.30143186930263,1.6995160153352897,395.6956787109375,390.66460316953413,362.5395034790039,351.89220764160154,323.70530532836915,355710821.4537964,84.72505091649694,84.72505091649694,69.24643584521385,80.08146639511202,0.9780876494023905,2.0420461072061453,True,True,True,True,True,True,True,True,True,True,True,True,True,True,True,
USHAMART-2025-10-14,USHAMART,2025-10-09 00:00:00,2025-10-14 00:00:00,3,478.0088195800781,17.76919789558371,18.666349505475242,451.01162572594075,1.5193254086526418,476.8177490234375,465.4035018521296,444.58492279052734,399.2356213378906,344.7897262573242,469122669.5967407,99.59432048681542,96.34888438133873,94.32048681541582,96.71399594320488,0.9820717131474104,1.1919326705245736,True,True,True,True,True,True,True,True,True,True,True,True,True,True,True,
UTIAMC-2024-08-30,UTIAMC,2024-08-26 00:00:00,2024-08-30 00:00:00,4,1086.7294921875,34.276149975886746,36.45610815242302,1028.8554899758753,1.6884627431126014,1066.2294921875,1059.814492235219,994.51923828125,957.2391748046875,828.6486303710938,195984428.63232422,88.03245436105477,83.97565922920892,69.77687626774848,80.93306288032454,0.9820717131474104,1.1825069235643544,True,True,True,True,True,True,True,True,True,True,True,True,True,True,True,
UTIAMC-2024-11-12,UTIAMC,2024-11-01 00:00:00,2024-11-12 00:00:00,7,1264.767578125,56.2330870625023,54.840666378146054,1206.2892863862378,1.0399267547549789,1251.286865234375,1245.5226960083228,1195.5395751953124,1175.7568920898439,939.0197103881836,296350474.17456055,97.35234215885947,96.13034623217924,93.68635437881873,95.76374745417516,0.982,2.8115507948030567,True,True,True,True,True,True,True,True,True,True,True,True,True,True,True,
VAIBHAVGBL-2023-09-08,VAIBHAVGBL,2023-09-04 00:00:00,2023-09-08 00:00:00,4,427.3970642089844,17.89388525532877,17.32395180533387,400.80180932499235,1.4862761498971837,415.83184814453125,415.78507195479017,384.60818634033205,342.57862854003906,301.7662107849121,116644909.6559906,84.25357873210633,92.63803680981594,68.9161554192229,83.00613496932515,0.9760479041916168,1.0181576108938923,True,True,True,True,True,True,True,True,True,True,True,True,True,True,True,
VAIBHAVGBL-2024-02-06,VAIBHAVGBL,2024-01-29 00:00:00,2024-02-06 00:00:00,6,496.70306396484375,23.00678157773839,24.404941624680337,439.80147144148407,2.4732530419821206,460.0059509277344,458.36146943500825,438.7654037475586,406.84173828125,358.4817956542969,559463417.7484894,84.28571428571429,46.12244897959184,70.40816326530613,64.85714285714286,0.9780439121756487,0.664320203520237,True,True,True,True,True,True,True,True,True,False,True,True,True,True,False,RS_FAIL
VARROC-2023-10-10,VARROC,2023-10-03 00:00:00,2023-10-10 00:00:00,5,502.9143371582031,21.36311285912196,20.88874316392285,475.1710992023525,1.2986514717589202,496.4890441894531,492.4047558391916,475.6691864013672,422.2796826171875,324.32544860839846,240938012.368515,93.06122448979592,92.44897959183673,94.28571428571428,93.18367346938774,0.9780439121756487,0.46226517028411446,True,True,True,True,True,True,True,True,True,True,True,True,True,True,True,
VARROC-2024-07-01,VARROC,2024-06-18 00:00:00,2024-07-01 00:00:00,9,692.2356567382812,33.489553194701195,30.238706353419836,637.6956437600065,1.6285679495689473,668.5767211914062,655.4771812719259,638.9407730102539,573.3930590820313,525.4114845275878,278163772.1635437,89.63414634146342,78.86178861788618,52.4390243902439,74.16666666666667,0.9800796812749004,0.6185080920646766,True,True,True,True,True,True,True,True,True,True,True,True,True,True,True,
VBL-2023-08-29,VBL,2023-08-22 00:00:00,2023-08-29 00:00:00,5,359.56689453125,10.242479322072551,9.653727305886813,340.9337190677583,1.8192055729453291,352.80023193359375,348.21633441314106,340.2654296875,329.10522399902345,285.3656945800781,1284661513.7326813,81.39059304703477,37.627811860940696,70.5521472392638,60.63394683026584,0.9741035856573705,0.7446765109844975,True,True,True,True,True,True,True,True,True,False,True,True,True,True,False,RS_FAIL
VBL-2023-12-11,VBL,2023-11-30 00:00:00,2023-12-11 00:00:00,7,438.544677734375,11.91238197565427,12.008917660803325,418.89940375745516,1.649147417961373,438.2469787597656,429.6745387439104,419.2596099853516,389.9039031982422,331.6009605407715,1543872177.9264069,58.36734693877551,77.14285714285715,65.91836734693878,68.14285714285714,0.9780439121756487,1.49688771655073,True,True,True,True,True,True,True,True,True,False,True,True,True,True,False,RS_FAIL
VBL-2024-01-04,VBL,2023-12-21 00:00:00,2024-01-04 00:00:00,8,512.4821166992188,19.620427050532165,15.87988648655146,478.68833812791826,1.7223773205478676,500.0599365234375,492.02327272779786,469.0532699584961,426.1463427734375,349.85981506347656,1901301351.6765747,91.22448979591836,86.73469387755102,81.42857142857143,86.48979591836735,0.9780439121756487,1.4869034707901467,True,True,True,True,True,True,True,True,True,True,True,True,True,True,True,
VBL-2024-05-08,VBL,2024-05-02 00:00:00,2024-05-08 00:00:00,4,602.4871826171875,16.22844947114457,17.63430532641131,571.1871098429771,1.9287161616927337,597.1248779296875,595.8141338183544,574.4392486572266,570.8685864257812,451.2295147705078,2621873313.0307007,46.10655737704918,80.32786885245902,84.42622950819673,71.29098360655738,0.9740518962075848,1.273496160540723,True,True,True,True,True,True,True,True,True,True,True,True,True,True,True,
VEDL-2024-04-24,VEDL,2024-04-18 00:00:00,2024-04-24 00:00:00,4,329.9045104980469,11.696535803533676,11.759960938299544,315.1288512437207,1.263250889195949,325.6161804199219,325.4038740427752,282.781664276123,250.95076110839844,215.62895668029785,6188922028.825363,98.36065573770492,94.87704918032787,90.57377049180327,94.6311475409836,0.9740518962075848,0.524564974264859,True,True,True,True,True,True,True,True,True,True,True,True,True,True,True,
VEDL-2024-05-10,VEDL,2024-05-03 00:00:00,2024-05-10 00:00:00,5,352.9595947265625,12.146712727314306,12.780198125838748,332.87664548315183,1.6533649633657796,348.7561950683594,346.8031109274436,332.21214904785154,275.37473724365236,221.92165336608886,4541465416.279083,99.18032786885246,98.5655737704918,94.26229508196722,97.45901639344262,0.9740518962075848,0.8170660702813747,True,True,True,True,True,True,True,True,True,True,True,True,True,True,True,
VEDL-2024-06-03,VEDL,2024-05-21 00:00:00,2024-06-03 00:00:00,9,417.5393981933594,15.675800202367693,15.692752856803423,380.1045933590601,2.38806340671815,398.0578308105469,396.31897420902425,377.11330261230466,323.1786065673828,234.31809135437013,5093240800.874939,87.14285714285714,99.38775510204081,95.3061224489796,94.48979591836735,0.9780439121756487,1.092587754271844,True,True,True,True,True,True,True,True,True,True,True,True,True,True,True,
VEDL-2024-06-28,VEDL,2024-06-21 00:00:00,2024-06-28 00:00:00,5,408.8384704589844,16.3974787052693,16.02924059486407,370.4106924145096,2.3435174843145914,394.7106018066406,387.8422828237858,390.9808547973633,371.3142150878906,252.12568061828614,5343137332.157211,20.528455284552845,97.15447154471545,95.1219512195122,73.5569105691057,0.9800796812749004,1.108994964888035,True,True,True,True,True,True,True,True,True,True,True,True,True,True,True,
VEDL-2024-07-15,VEDL,2024-07-05 00:00:00,2024-07-15 00:00:00,6,411.9683532714844,14.406897839166367,13.534139027021462,383.97344176673164,1.9431602706757736,399.4488525390625,395.0583323304838,398.7229263305664,386.7479895019531,263.5553546905518,4493715348.035614,52.94117647058824,82.75862068965517,93.30628803245436,76.97768762677485,0.9801192842942346,0.9193084212134092,True,True,True,True,True,True,True,True,True,True,True,True,True,True,True,
VEDL-2025-10-23,VEDL,2025-10-09 00:00:00,2025-10-23 00:00:00,9,476.2463073730469,11.624432108524298,10.421626326215971,459.86977280931035,1.4088029772850126,475.3118896484375,470.0989680249492,463.3614761352539,442.95995666503904,418.06573303222655,4356590624.055756,84.17849898580123,85.80121703853956,79.71602434077079,83.48884381338743,0.9801192842942346,1.1659825299857056,True,True,True,True,True,True,True,True,True,True,True,True,True,True,True,
VEDL-2025-11-03,VEDL,2025-10-29 00:00:00,2025-11-03 00:00:00,3,507.72064208984375,11.577354365231207,12.585669193406895,483.1313142807352,2.12391596848366,504.5732116699219,499.065186940434,479.1527465820312,454.28576171875,421.0592874145508,5022062954.910049,84.78701825557809,94.7261663286004,84.17849898580123,88.58012170385396,0.9801192842942346,1.5676959455127315,True,True,True,True,True,True,True,True,True,True,True,True,True,True,True,
VEDL-2026-01-22,VEDL,2026-01-16 00:00:00,2026-01-22 00:00:00,4,671.4856567382812,15.767381026283605,16.87359391258676,648.1749378553619,1.4784141287675663,667.502197265625,666.7645010572584,624.4314727783203,565.85671875,462.96001724243166,8378307711.170898,99.19517102615694,99.3963782696177,98.99396378269618,99.21529175050303,0.9920159680638723,1.2976840327757668,True,True,True,True,True,True,True,True,True,True,True,True,True,True,True,
VEDL-2026-03-10,VEDL,2026-02-26 00:00:00,2026-03-10 00:00:00,7,725.3363037109375,22.534505567149548,24.526589410971486,680.5345512526416,1.9881400248518093,710.1400756835938,701.5338043037785,688.5162109375,662.9531311035156,509.2062829589844,7511614493.641357,89.7590361445783,99.59839357429718,98.79518072289156,96.40562248995982,0.996,1.3648000109545524,True,True,True,True,True,True,True,True,True,True,True,True,True,True,True,
VIJAYA-2023-10-27,VIJAYA,2023-10-18 00:00:00,2023-10-27 00:00:00,6,585.4623413085938,21.3244241087984,21.54695992438658,535.0206612370415,2.365441608842329,562.384765625,553.2633878011078,535.0505630493165,502.8857183837891,433.1383773803711,100271264.77502441,98.3640081799591,89.16155419222905,89.77505112474438,92.10633946830266,0.9760479041916168,0.3668785948945852,True,True,True,True,True,True,True,True,True,True,True,True,True,True,True,
VIJAYA-2023-11-20,VIJAYA,2023-11-10 00:00:00,2023-11-20 00:00:00,5,628.1283569335938,25.680339381307437,27.4621344171737,582.1228018889452,1.791469900827545,610.63330078125,602.9574211134028,582.0904174804688,534.0131225585938,447.1860290527344,116148061.08380127,66.93877551020408,88.36734693877551,86.73469387755102,81.44897959183673,0.9780439121756487,0.9568029969983955,True,True,True,True,True,True,True,True,True,True,True,True,True,True,True,
VIJAYA-2023-12-11,VIJAYA,2023-11-28 00:00:00,2023-12-11 00:00:00,9,639.39306640625,27.783830366909548,27.34226165551753,593.2378988732086,1.661224061748235,621.25,620.7017605019635,615.1466491699218,573.9504620361328,460.94496459960936,123511891.82495117,45.51020408163266,87.75510204081633,84.89795918367346,74.22448979591836,0.9780439121756487,1.262096665498558,True,True,True,True,True,True,True,True,True,True,True,True,True,True,True,
VIJAYA-2023-12-27,VIJAYA,2023-12-20 00:00:00,2023-12-27 00:00:00,4,672.4392700195312,28.073993520141137,27.441038651697937,621.7484049864937,1.8056164683756293,647.2184448242188,644.7262754127299,625.7757781982422,601.11818359375,474.16890884399413,134992287.6026001,49.38775510204081,93.26530612244898,73.87755102040816,74.28571428571428,0.9780439121756487,1.3540810982165008,True,True,True,True,True,True,True,True,True,True,True,True,True,True,True,
VIJAYA-2024-01-05,VIJAYA,2024-01-02 00:00:00,2024-01-05 00:00:00,3,675.479736328125,28.2995467843632,26.197122174013774,649.660815285728,0.912343976358773,673.585693359375,668.1527593817669,641.8752410888671,615.3166137695313,483.55457977294924,175367037.08996582,76.73469387755102,82.85714285714286,71.0204081632653,77.46938775510205,0.9780439121756487,0.6352305114677469,True,True,True,True,True,True,True,True,True,True,True,True,True,True,True,
VIJAYA-2024-01-16,VIJAYA,2024-01-10 00:00:00,2024-01-16 00:00:00,4,683.1556396484375,26.19899380148803,23.260581361316714,663.7166967453364,0.7419728807293732,667.654296875,666.7571411132812,661.9970825195312,630.3145349121094,493.636707611084,124100224.02978516,75.71428571428571,67.14285714285714,74.89795918367346,72.0408163265306,0.9780439121756487,0.41839047965945975,True,True,True,True,True,True,True,True,True,True,True,True,True,True,True,
VIJAYA-2024-10-09,VIJAYA,2024-10-04 00:00:00,2024-10-09 00:00:00,3,987.211669921875,37.92124639676825,38.773487479622496,944.5974617089392,1.1237554738329343,983.369384765625,983.0200737277393,930.2164489746094,888.2796264648438,746.6463424682618,130120994.66879272,83.02658486707567,85.68507157464212,87.73006134969326,85.50102249488752,0.978,3.5256460447406988,True,True,True,True,True,True,True,True,True,True,True,True,True,True,True,
VIJAYA-2026-06-19,VIJAYA,2026-06-05 00:00:00,2026-06-19 00:00:00,10,1372.4000244140625,60.76169242239611,56.970579809034525,1252.0,1.981512028616312,1364.199951171875,1330.0,1293.5699890136718,1211.447996826172,1051.7062484741211,215311881.1102295,72.74549098196393,93.3867735470942,89.97995991983969,86.17234468937876,0.9940239043824701,1.891427846378333,True,True,True,True,True,True,True,True,True,True,True,True,True,True,True,
VIJAYA-2026-07-09,VIJAYA,2026-07-02 00:00:00,2026-07-09 00:00:00,5,1397.800048828125,56.93145333886428,55.95669116667432,1303.199951171875,1.6616490904101195,1377.800048828125,1358.4000244140625,1334.6900024414062,1294.7439990234375,1071.83125,326961060.3778076,70.39999999999999,94.6,87.8,85.3,1.0,1.0438576464452456,True,True,True,True,True,True,True,True,True,True,True,True,True,True,True,
VOLTAS-2024-01-10,VOLTAS,2024-01-04 00:00:00,2024-01-10 00:00:00,4,1001.656982421875,22.11403115522557,22.386708663699203,973.1115723644306,1.2908279751020932,999.73095703125,991.9772192802399,939.6398864746094,869.7357678222656,824.1345666503906,1576380350.343933,91.42857142857143,61.224489795918366,62.04081632653061,70.53061224489797,0.9780439121756487,2.274635865557214,True,True,True,True,True,True,True,True,True,True,True,True,True,True,True,
VOLTAS-2024-01-19,VOLTAS,2024-01-15 00:00:00,2024-01-19 00:00:00,4,1047.8333740234375,23.43937516492346,24.0636137785617,1003.4349956422288,1.8941792632616723,1038.2030029296875,1037.116566693682,997.0912078857422,900.3850305175781,831.9020452880859,1523103485.7406616,74.89795918367346,74.28571428571429,68.77551020408164,72.81632653061224,0.9780439121756487,0.4719038344326738,True,True,True,True,True,True,True,True,True,True,True,True,True,True,True,
VOLTAS-2024-02-08,VOLTAS,2024-01-31 00:00:00,2024-02-08 00:00:00,6,1079.3419189453125,35.82960412423666,34.73741156599838,1000.7186438107632,2.1943662805184387,1051.586669921875,1030.0541951895273,1028.8961029052734,950.0530285644531,844.7831484985352,1557953168.5789185,63.06122448979592,67.9591836734694,63.6734693877551,65.20408163265307,0.9780439121756487,1.0896061706073528,True,True,True,True,True,True,True,True,True,False,True,True,True,True,False,RS_FAIL
VOLTAS-2024-06-24,VOLTAS,2024-06-18 00:00:00,2024-06-24 00:00:00,4,1517.3013916015625,50.87175606336915,50.65019473594066,1451.2222144165155,1.2989364295334036,1494.040283203125,1483.0270558054103,1425.338800048828,1373.7506591796875,1050.4577517700195,2337008276.3745117,79.42973523421588,85.33604887983707,93.07535641547861,85.88594704684317,0.9780876494023905,1.6776348544808128,True,True,True,True,True,True,True,True,True,True,True,True,True,True,True,
VTL-2024-07-25,VTL,2024-07-16 00:00:00,2024-07-25 00:00:00,6,547.3665161132812,24.360015479970343,25.46244796177778,499.0810016610866,1.9821627162715352,543.3958740234375,531.7779394193235,507.8435028076172,475.65593872070315,420.47024978637694,118149684.34191895,90.46653144016227,70.79107505070994,76.67342799188641,78.45841784989858,0.9801192842942346,1.3650195128806633,True,True,True,True,True,True,True,True,True,True,True,True,True,True,True,
VTL-2026-07-01,VTL,2026-06-18 00:00:00,2026-07-01 00:00:00,8,661.4000244140625,23.95961821045663,20.31157167610451,624.0,1.560960783496129,646.2000122070312,646.0,634.85,616.77400390625,502.6840000915527,199410905.76724243,60.199999999999996,67.2,93.2,72.9,1.0,1.0157335529081768,True,True,True,True,True,True,True,True,True,True,True,True,True,True,True,
VTL-2026-07-13,VTL,2026-07-03 00:00:00,2026-07-13 00:00:00,6,666.25,20.508448874860203,21.12405919626903,620.0,2.2551681154538445,650.6500244140625,641.0,643.7850067138672,623.7720056152343,511.2972505187988,186349428.81610107,48.4,71.6,96.2,72.02,1.0,0.5385535282901972,True,True,True,True,True,True,True,True,True,True,True,True,True,True,True,
WAAREEENER-2025-09-09,WAAREEENER,2025-08-28 00:00:00,2025-09-09 00:00:00,8,3415.38427734375,134.08301549206425,122.7506341260903,3149.433294765349,1.9834800224502827,3257.27294921875,3246.1789793961448,3164.424938964844,3134.5556640625,2723.593680419922,6275441333.729248,64.58752515090544,87.92756539235413,90.14084507042254,81.58953722334005,0.9920159680638723,0.7187767330547721,True,True,True,True,True,True,True,True,True,True,True,True,True,True,True,
WAAREEENER-2025-10-23,WAAREEENER,2025-10-16 00:00:00,2025-10-23 00:00:00,4,3625.3662109375,122.8710996966793,117.94036925803952,3488.0432428134613,1.1176181255237023,3565.5,3529.020422696804,3424.434033203125,3345.7851708984376,2813.3835595703126,5682045469.484009,76.67342799188641,91.48073022312373,74.64503042596348,81.98782961460446,0.9801192842942346,1.1623717913425955,True,True,True,True,True,True,True,True,True,True,True,True,True,True,True,
WELCORP-2023-08-22,WELCORP,2023-08-10 00:00:00,2023-08-22 00:00:00,7,329.7359924316406,10.678675191476207,10.811171146185057,304.53789863370866,2.3596647848269843,317.6527099609375,316.81765788562865,317.28185577392577,294.2975408935547,234.15796127319337,290391794.58677673,43.64754098360656,87.29508196721312,93.85245901639344,76.16803278688525,0.9721115537848606,1.1543945473045325,True,True,True,True,True,True,True,True,True,True,True,True,True,True,True,
WELCORP-2023-10-06,WELCORP,2023-09-26 00:00:00,2023-10-06 00:00:00,7,392.2644958496094,14.480538686778365,12.482031355499787,369.8171232338137,1.5501752456413485,384.15985107421875,383.0792401399736,379.11287689208984,343.37535278320314,254.32315559387206,377328131.85798645,95.51020408163265,88.36734693877551,94.08163265306122,92.22448979591837,0.9780439121756487,0.3719996330761469,True,True,True,True,True,True,True,True,True,True,True,True,True,True,True,
WELCORP-2023-12-12,WELCORP,2023-12-05 00:00:00,2023-12-12 00:00:00,5,551.3118896484375,19.78950376063748,19.40266189611972,515.8479196682473,1.792059589221746,536.6743774414062,532.0571961303694,526.4846664428711,460.4849139404297,312.1828790283203,578418583.9575195,76.32653061224491,97.14285714285714,96.73469387755102,90.77551020408164,0.9780439121756487,0.7981915849265473,True,True,True,True,True,True,True,True,True,True,True,True,True,True,True,
WELCORP-2024-12-16,WELCORP,2024-12-09 00:00:00,2024-12-16 00:00:00,5,798.2293090820312,26.445354865914286,24.789490443344892,768.3402656697599,1.1302190333167232,795.3544311523438,790.4968147254926,758.0477020263672,732.33375,631.8635389709473,380137927.1025696,81.57894736842105,91.09311740890689,93.52226720647774,88.96761133603239,0.988,0.729496369694545,True,True,True,True,True,True,True,True,True,True,True,True,True,True,True,
WELCORP-2025-03-19,WELCORP,2025-03-12 00:00:00,2025-03-19 00:00:00,4,813.2977294921875,38.807243702821054,34.70639264104518,788.4150157105566,0.6411873507992022,802.7894897460938,801.15380859375,764.1196838378906,756.8556140136719,701.3360354614258,578722684.703064,82.66129032258065,89.71774193548387,97.37903225806451,89.8991935483871,0.992,1.3642810953758786,True,True,True,True,True,True,True,True,True,True,True,True,True,True,True,
WELCORP-2025-03-27,WELCORP,2025-03-21 00:00:00,2025-03-27 00:00:00,4,871.7869262695312,36.70119057100806,38.421047145381195,805.168702580268,1.8151515700934233,864.3519287109375,840.9066014512919,795.6171234130859,769.0788708496094,711.6896557617188,750450997.5635681,87.12273641851107,89.738430583501,97.98792756539235,91.42857142857142,0.994,1.8431702442757338,True,True,True,True,True,True,True,True,True,True,True,True,True,True,True,
WELCORP-2026-05-20,WELCORP,2026-05-14 00:00:00,2026-05-20 00:00:00,4,1362.9742431640625,41.023642123279906,44.24854439585071,1263.5045706088554,2.424691407366791,1312.3424072265625,1302.176212892082,1275.424981689453,1043.2070532226562,889.5096536254882,1042968296.6743164,96.16161616161617,99.79797979797979,97.17171717171718,97.91919191919192,0.9821428571428571,1.0568411144971097,True,True,True,True,True,True,True,True,True,True,True,True,True,True,True,
WELCORP-2026-06-09,WELCORP,2026-06-03 00:00:00,2026-06-09 00:00:00,4,1408.921630859375,44.14884232901589,45.65565581185551,1330.5818468950347,1.7744470711263283,1406.9283447265625,1369.2534878158915,1345.4973022460938,1197.8565405273437,922.4709561157226,932854329.4932251,84.73895582329317,98.99598393574297,98.79518072289156,94.6586345381526,0.9880952380952381,0.9543365096543813,True,True,True,True,True,True,True,True,True,True,True,True,True,True,True,
WELSPUNLIV-2023-08-31,WELSPUNLIV,2023-08-23 00:00:00,2023-08-31 00:00:00,6,124.0504150390625,4.261781773856649,4.1183651876545735,118.4252175744295,1.3199168242588235,123.2115707397461,122.76748541808112,117.18422508239746,105.11625518798829,84.35089033126832,278225590.1989174,74.43762781186093,81.59509202453987,95.0920245398773,83.49693251533742,0.9741035856573705,1.5611821891741946,True,True,True,True,True,True,True,True,True,True,True,True,True,True,True,
WELSPUNLIV-2023-11-21,WELSPUNLIV,2023-11-15 00:00:00,2023-11-21 00:00:00,4,166.58482360839844,7.544595110171685,7.138140616230106,156.76539863807142,1.301517818641903,163.13075256347656,162.4892717231659,149.26759452819823,133.08034576416014,99.82196531295776,865826746.0856323,94.28571428571428,94.48979591836735,92.65306122448979,93.87755102040816,0.9780439121756487,0.7764231659031637,True,True,True,True,True,True,True,True,True,True,True,True,True,True,True,
WELSPUNLIV-2026-02-09,WELSPUNLIV,2026-02-03 00:00:00,2026-02-09 00:00:00,4,146.52195739746094,6.3534165712867985,6.818918136034268,136.9177223515864,1.5116646198329358,145.02285766601562,141.71484268098308,127.5078842163086,131.64050109863283,130.23710441589355,265716471.0555153,94.76861167002012,86.11670020120724,88.93360160965796,89.55734406438631,0.9920159680638723,2.405531559701097,True,True,True,True,True,True,True,True,True,True,True,True,True,True,True,
WELSPUNLIV-2026-07-01,WELSPUNLIV,2026-06-24 00:00:00,2026-07-01 00:00:00,4,169.73800659179688,5.787501622634015,5.532829708569276,158.21493313000403,1.991027253751067,165.16075134277344,163.3018729484022,153.06702423095703,142.94970458984375,131.28361507415772,331738315.7588196,90.8,88.4,82.19999999999999,87.26,1.0,2.276767087419989,True,True,True,True,True,True,True,True,True,True,True,True,True,True,True,
WESTLIFE-2023-08-07,WESTLIFE,2023-08-01 00:00:00,2023-08-07 00:00:00,4,937.0933837890625,30.392039707071696,29.605293878239365,906.6591030279346,1.0013898722975918,928.9874877929688,928.440517569992,900.9080169677734,860.1963793945313,757.7785052490234,102453322.38562012,68.44262295081968,69.67213114754098,72.95081967213115,70.28688524590164,0.9721115537848606,0.9006432420442833,True,True,True,True,True,True,True,True,True,True,True,True,True,True,True,
WHIRLPOOL-2024-07-25,WHIRLPOOL,2024-07-16 00:00:00,2024-07-25 00:00:00,6,2041.4351806640625,70.78038248409784,69.58673400844727,1944.2002579119876,1.3737552601375187,2024.1444091796875,2007.3009735107944,1995.1206115722657,1772.4816088867187,1504.9143420410155,298635849.4657593,80.93306288032454,84.78701825557809,87.2210953346856,84.36105476673428,0.9801192842942346,4.84211397290016,True,True,True,True,True,True,True,True,True,True,True,True,True,True,True,
WHIRLPOOL-2024-08-08,WHIRLPOOL,2024-07-29 00:00:00,2024-08-08 00:00:00,8,2143.0361328125,72.57603699894545,71.98725815975922,1992.5662255479956,2.0732725770999423,2089.641845703125,2073.155486274408,2051.6825317382813,1888.4747021484375,1527.317584838867,291072557.5855713,73.42799188640974,96.14604462474645,91.88640973630832,88.052738336714,0.9801192842942346,0.6057958351536333,True,True,True,True,True,True,True,True,True,True,True,True,True,True,True,
WIPRO-2024-02-23,WIPRO,2024-02-16 00:00:00,2024-02-23 00:00:00,4,251.6304931640625,7.195579390100227,6.814641471292374,240.74037863743877,1.5134451218211138,248.45611572265625,246.99637860554805,233.56219329833985,221.27726989746094,195.02048347473144,3335008953.068161,79.22606924643586,77.39307535641548,59.26680244399185,72.5050916496945,0.9800399201596807,1.5296187843189113,True,True,True,True,True,True,True,True,True,True,True,True,True,True,True,
WIPRO-2024-11-06,WIPRO,2024-10-30 00:00:00,2024-11-06 00:00:00,5,261.9412841796875,6.601570954226988,6.6258568809925205,247.55246631720306,2.1796051216068926,261.315673828125,252.71943990653622,252.88282012939453,249.72724517822266,233.952215423584,3180445865.33136,86.12244897959184,83.06122448979592,66.93877551020408,79.14285714285714,0.98,1.5446915772536003,True,True,True,True,True,True,True,True,True,True,True,True,True,True,True,
WIPRO-2024-11-22,WIPRO,2024-11-11 00:00:00,2024-11-22 00:00:00,7,265.764404296875,6.781290633300903,6.807260732573924,250.37924471858454,2.2687656981900335,264.9071350097656,263.0303033786093,259.1341972351074,253.16109985351562,235.96553947448731,3072992986.06723,83.16430020283975,89.24949290060852,80.32454361054768,84.74645030425964,0.986,1.244899671521668,True,True,True,True,True,True,True,True,True,True,True,True,True,True,True,
WIPRO-2024-12-02,WIPRO,2024-11-26 00:00:00,2024-12-02 00:00:00,4,272.947265625,6.723991183037965,6.349811610063336,264.39732258045893,1.2715577417931887,270.88507080078125,269.1240757981996,262.8588417053223,255.49667663574218,237.30733695983886,3143388034.2919006,66.19433198380567,85.02024291497976,83.19838056680162,78.82591093117409,0.988,0.9369834673561205,True,True,True,True,True,True,True,True,True,True,True,True,True,True,True,
WIPRO-2024-12-27,WIPRO,2024-12-19 00:00:00,2024-12-27 00:00:00,5,289.86163330078125,6.250803329704019,6.339707800597871,280.63977841191365,1.4753071569289413,286.4787292480469,284.48606998705253,281.72184600830076,268.029541015625,241.08689102172852,2819591159.140915,80.76923076923077,93.52226720647774,84.41295546558705,86.96356275303644,0.988,0.8123330981130498,True,True,True,True,True,True,True,True,True,True,True,True,True,True,True,
WIPRO-2025-01-29,WIPRO,2025-01-24 00:00:00,2025-01-29 00:00:00,3,296.6737060546875,8.446368786636047,8.65340998838006,284.3006822925513,1.4648926745553612,295.33782958984375,290.75346340775667,278.3269897460938,278.0440881347656,246.69721420288087,3091491946.4897766,93.73737373737374,96.56565656565657,95.55555555555556,95.41414141414143,0.9880239520958084,1.457253499139305,True,True,True,True,True,True,True,True,True,True,True,True,True,True,True,
WIPRO-2025-02-18,WIPRO,2025-02-10 00:00:00,2025-02-18 00:00:00,6,301.5763244628906,7.885198334240028,7.625398484503767,285.46017478621457,2.0438483591078027,295.1015319824219,293.3055918925202,294.36534118652344,285.3496331787109,252.84603744506836,3305125788.774048,96.37096774193549,96.16935483870968,97.78225806451613,96.71370967741935,0.992,0.8505166302598386,True,True,True,True,True,True,True,True,True,True,True,True,True,True,True,
WOCKPHARMA-2025-06-23,WOCKPHARMA,2025-06-11 00:00:00,2025-06-23 00:00:00,8,1831.0999755859375,81.33447667195226,87.73996021240869,1670.5,1.9745621064691685,1752.0999755859375,1739.9000244140625,1592.5450073242187,1433.9210009765625,1316.043250427246,1422942604.428955,100.0,79.39393939393939,89.8989898989899,88.72727272727272,0.9840954274353877,0.6821617116521542,True,True,True,True,True,True,True,True,True,True,True,True,True,True,True,
YESBANK-2024-01-19,YESBANK,2024-01-16 00:00:00,2024-01-19 00:00:00,3,25.649999618530273,0.9993988547623193,0.9842125086353972,23.899999618530273,1.751052636953633,25.149999618530273,25.100000381469727,23.54250011444092,21.498999977111815,17.85524998664856,8179094886.75691,91.42857142857143,92.44897959183673,73.46938775510205,86.44897959183673,0.9780439121756487,0.5883399190151011,True,True,True,True,True,True,True,True,True,True,True,True,True,True,True,
YESBANK-2026-01-16,YESBANK,2026-01-07 00:00:00,2026-01-16 00:00:00,6,23.5,0.4635382459487895,0.48574018105589545,22.459999084472656,2.24361403749679,23.459999084472656,23.059999465942383,22.31750020980835,22.37440010070801,20.748350009918212,1743188419.1053867,91.54929577464789,71.0261569416499,86.92152917505031,81.95171026156942,0.9920159680638723,2.18538019185923,True,True,True,True,True,True,True,True,True,True,True,True,True,True,True,
ZEEL-2025-07-03,ZEEL,2025-06-23 00:00:00,2025-07-03 00:00:00,8,146.58349609375,6.071251299209025,5.35225900035641,136.92617955576043,1.5906632853836487,140.9810791015625,140.52073475805375,135.16269607543944,124.75836349487305,117.5753392791748,2038628259.441658,89.738430583501,92.5553319919517,81.28772635814889,88.32997987927564,0.9920159680638723,0.8670649861368902,True,True,True,True,True,True,True,True,True,True,True,True,True,True,True,
ZENSARTECH-2023-08-21,ZENSARTECH,2023-08-10 00:00:00,2023-08-21 00:00:00,6,486.3689270019531,17.662631651414877,17.632173244823303,469.29260197372344,0.9668052510658444,485.23370361328125,485.2336890760095,467.0291488647461,413.9695330810547,288.28264221191404,664742436.4096375,83.81147540983606,94.05737704918032,98.36065573770492,92.27459016393442,0.9721115537848606,0.6050415552216353,True,True,True,True,True,True,True,True,True,True,True,True,True,True,True,
ZENSARTECH-2024-11-11,ZENSARTECH,2024-11-06 00:00:00,2024-11-11 00:00:00,3,716.1220703125,23.49865526670473,23.479676931306283,687.9121218558847,1.2004920339669813,715.6431274414062,712.6736920837263,673.7328704833984,688.7560278320312,635.8304135131835,331931416.8463135,93.87755102040816,53.06122448979592,73.06122448979592,71.3061224489796,0.98,1.368605628118763,True,True,True,True,True,True,True,True,True,True,True,True,True,True,True,
ZENTEC-2026-06-03,ZENTEC,2026-05-27 00:00:00,2026-06-03 00:00:00,4,1694.6119384765625,66.6035683236785,63.174325834073436,1581.4712652013718,1.698717893392021,1687.2156982421875,1678.1205664751453,1616.0030883789063,1565.6874536132811,1437.8186004638671,658636735.2993164,88.95582329317268,88.35341365461848,83.33333333333334,87.0281124497992,0.9880952380952381,1.2841770522141995,True,True,True,True,True,True,True,True,True,True,True,True,True,True,True,
ZENTEC-2026-06-12,ZENTEC,2026-06-05 00:00:00,2026-06-12 00:00:00,5,1814.3492431640625,72.6362018485277,76.04383197420312,1705.805913938356,1.4943420286768,1792.8604736328125,1788.0628507315143,1679.1100219726563,1624.0608569335936,1450.3733868408203,1041183289.949585,92.7710843373494,86.54618473895582,89.95983935742971,89.43775100401605,0.9880952380952381,1.4803989549614682,True,True,True,True,True,True,True,True,True,True,True,True,True,True,True,
ZFCVINDIA-2025-12-15,ZFCVINDIA,2025-12-04 00:00:00,2025-12-15 00:00:00,7,2473.212890625,86.35984235924411,80.65064538529067,2333.455220821402,1.6183177966238877,2434.280517578125,2394.8488020323175,2301.6603271484373,2216.2383837890625,2176.3667114257814,242232846.90014648,99.79838709677419,81.65322580645162,74.59677419354838,84.97983870967742,0.9900199600798403,0.8620858295635163,True,True,True,True,True,True,True,True,True,True,True,True,True,True,True,
ZFCVINDIA-2026-01-05,ZFCVINDIA,2025-12-19 00:00:00,2026-01-05 00:00:00,9,2590.010498046875,90.88594521259766,75.80504757299143,2404.4987321261306,2.0411491071232293,2515.472900390625,2512.3120422368897,2462.747766113281,2297.7604052734373,2221.7268322753907,271999083.36621094,54.12474849094567,81.48893360160966,78.67203219315896,72.43460764587526,0.9920159680638723,0.6437722307910227,True,True,True,True,True,True,True,True,True,True,True,True,True,True,True,
ZFCVINDIA-2026-02-23,ZFCVINDIA,2026-02-16 00:00:00,2026-02-23 00:00:00,5,2657.726318359375,85.08241534018848,85.9871603348433,2512.4780976874113,1.7071473593128719,2594.669189453125,2578.696809614094,2535.7212768554687,2466.21509765625,2283.879776611328,142105378.42749023,86.54618473895582,95.98393574297188,72.89156626506023,86.22489959839356,0.9940119760479041,1.0368969801739507,True,True,True,True,True,True,True,True,True,True,True,True,True,True,True,
ZYDUSLIFE-2023-08-16,ZYDUSLIFE,2023-08-09 00:00:00,2023-08-16 00:00:00,4,651.8445434570312,13.254701227312855,14.94389228988365,627.2604900567271,1.8547421762812597,647.7554321289062,647.4597368982422,626.2186492919922,579.4632037353516,482.15289916992185,755579479.9086914,79.91803278688525,80.94262295081968,82.58196721311475,81.12704918032787,0.9721115537848606,1.522789319728263,True,True,True,True,True,True,True,True,True,True,True,True,True,True,True,
ZYDUSLIFE-2024-03-21,ZYDUSLIFE,2024-03-14 00:00:00,2024-03-21 00:00:00,5,980.6980590820312,26.41595286833183,27.529467987756327,932.3677504103254,1.8295879354647697,978.5797119140625,969.5639275072763,946.2633239746094,839.4265612792968,663.1342176818848,1051285321.7254028,96.33401221995926,98.16700610997964,90.020366598778,95.17311608961303,0.9800399201596807,0.7122203829974639,True,True,True,True,True,True,True,True,True,True,True,True,True,True,True,
ZYDUSLIFE-2024-04-05,ZYDUSLIFE,2024-03-26 00:00:00,2024-04-05 00:00:00,7,1002.1290283203125,27.650062999387927,26.573588773481163,959.1687359586482,1.5537140860263243,991.7337646484375,976.4612516465431,974.8969940185547,890.9779931640625,684.8916781616211,1165172482.110138,75.15400410677618,92.81314168377823,87.47433264887063,85.91375770020534,0.9720558882235529,1.5687794917537499,True,True,True,True,True,True,True,True,True,True,True,True,True,True,True,
ZYDUSLIFE-2024-07-24,ZYDUSLIFE,2024-07-15 00:00:00,2024-07-24 00:00:00,6,1170.571044921875,32.673692544999966,33.63399147808148,1106.721651380109,1.954152976552287,1162.146484375,1141.9964761805895,1121.3563415527344,1072.7771508789062,841.1430065917968,1933963150.227478,78.49898580121703,73.02231237322515,95.131845841785,81.29817444219067,0.9801192842942346,0.5904952988701724,True,True,True,True,True,True,True,True,True,True,True,True,True,True,True,
ZYDUSLIFE-2026-06-22,ZYDUSLIFE,2026-06-11 00:00:00,2026-06-22 00:00:00,7,1104.9071044921875,26.439204444206702,24.435818244092445,1052.8538697149368,1.9687897526227012,1084.525390625,1082.0276204019292,1084.4779541015625,1005.65828125,954.2509796142579,1218119343.9082031,53.106212424849694,71.7434869739479,72.14428857715431,66.27254509018036,0.9940239043824701,0.9059736958103967,True,True,True,True,True,True,True,True,True,False,True,True,True,True,False,RS_FAIL
ZYDUSLIFE-2026-07-15,ZYDUSLIFE,2026-07-09 00:00:00,2026-07-15 00:00:00,4,1157.95947265625,25.160674035672052,25.756436121334833,1125.5884383908954,1.2865726180252546,1155.861328125,1150.6658775313776,1119.44404296875,1074.976993408203,962.5839935302735,1526951794.553894,76.0,86.2,82.8,82.12,1.0,1.3533335019071016,True,True,True,True,True,True,True,True,True,True,True,True,True,True,True,
ZYDUSWELL-2026-07-10,ZYDUSWELL,2026-07-03 00:00:00,2026-07-10 00:00:00,5,597.107177734375,21.528737790915596,22.866350074335053,551.8974845973173,2.0999695187023297,591.2688598632812,573.5542280192399,546.4134323120118,519.2007928466796,462.5257638549805,297558728.7576294,88.6,62.6,83.6,76.7,1.0,1.0409165608426085,True,True,True,True,True,True,True,True,True,True,True,True,True,True,True,
